"","DrugBank Compound (Name, ID)","Similarity to ","Link"
"1","LE-SN38 (DB05482)","1.0000","http://www.drugbank.ca/drugs/DB05482"
"2","Camptothecin (DB04690)","0.9920","http://www.drugbank.ca/drugs/DB04690"
"3","Topotecan (DB01030)","0.9913","http://www.drugbank.ca/drugs/DB01030"
"4","BNP 1350 (DB05806)","0.9799","http://www.drugbank.ca/drugs/DB05806"
"5","CRA_16847 (DB02063)","0.9730","http://www.drugbank.ca/drugs/DB02063"
"6","(1S)-2-(1H-INDOL-3-YL)-1-[({5-[(E)-2-PYRIDIN-4-YLVINYL]PYRIDIN-3-YL}OXY)METHYL]ETHYLAMINE (DB07107)","0.9585","http://www.drugbank.ca/drugs/DB07107"
"7","(5-Oxo-5,6-Dihydro-Indolo[1,2-a]Quinazolin-7-Yl)-Acetic Acid (DB01765)","0.9544","http://www.drugbank.ca/drugs/DB01765"
"8","CRA_10655 (DB02526)","0.9518","http://www.drugbank.ca/drugs/DB02526"
"9","(2S)-3-(1-{[2-(2-CHLOROPHENYL)-5-METHYL-1,3-OXAZOL-4-YL]METHYL}-1H-INDOL-5-YL)-2-ETHOXYPROPANOIC ACID (DB06908)","0.9494","http://www.drugbank.ca/drugs/DB06908"
"10","Droperidol (DB00450)","0.9492","http://www.drugbank.ca/drugs/DB00450"
"11","CRA_17312 (DB02084)","0.9482","http://www.drugbank.ca/drugs/DB02084"
"12","CRA_17693 (DB01741)","0.9475","http://www.drugbank.ca/drugs/DB01741"
"13","4-(1-Benzyl-3-Carbamoylmethyl-2-Methyl-1h-Indol-5-Yloxy)-Butyric Acid (DB02936)","0.9466","http://www.drugbank.ca/drugs/DB02936"
"14","Cilansetron (DB04885)","0.9461","http://www.drugbank.ca/drugs/DB04885"
"15","N-(2-hydroxy-1,1-dimethylethyl)-1-methyl-3-(1H-pyrrolo[2,3-b]pyridin-2-yl)-1H-indole-5-carboxamide (DB06834)","0.9432","http://www.drugbank.ca/drugs/DB06834"
"16","1-Benzyl-5-Methoxy-2-Methyl-1h-Indol-3-Yl)-Acetic Acid (DB03121)","0.9389","http://www.drugbank.ca/drugs/DB03121"
"17","8-Benzyl-2-Hydroxy-2-(4-Hydroxy-Benzyl)-6-(4-Hydroxy-Phenyl)-2h-Imidazo[1,2-a]Pyrazin-3-One (DB02194)","0.9371","http://www.drugbank.ca/drugs/DB02194"
"18","(5E,7S)-2-amino-7-(4-fluoro-2-pyridin-3-ylphenyl)-4-methyl-7,8-dihydroquinazolin-5(6H)-one oxime (DB08197)","0.9365","http://www.drugbank.ca/drugs/DB08197"
"19","8-Benzyl-2-Hydroperoxy-2-(4-Hydroxy-Benzyl)-6-(4-Hydroxy-Phenyl)-2h-Imidazo[1,2-a]Pyrazin-3-One (DB02241)","0.9362","http://www.drugbank.ca/drugs/DB02241"
"20","N-[(13-CYCLOHEXYL-6,7-DIHYDROINDOLO[1,2-D][1,4]BENZOXAZEPIN-10-YL)CARBONYL]-2-METHYL-L-ALANINE (DB08031)","0.9360","http://www.drugbank.ca/drugs/DB08031"
"21","Bopindolol (DB08807)","0.9354","http://www.drugbank.ca/drugs/DB08807"
"22","[3-(1-Benzyl-3-Carbamoylmethyl-2-Methyl-1h-Indol-5-Yloxy)-Propyl-]-Phosphonic Acid (DB02504)","0.9353","http://www.drugbank.ca/drugs/DB02504"
"23","CRA_10433 (DB03173)","0.9351","http://www.drugbank.ca/drugs/DB03173"
"24","Indacaterol (DB05039)","0.9350","http://www.drugbank.ca/drugs/DB05039"
"25","Indomethacin (DB00328)","0.9339","http://www.drugbank.ca/drugs/DB00328"
"26","1-(4-IODOBENZOYL)-5-METHOXY-2-METHYL INDOLE-3-ACETIC ACID (DB07983)","0.9339","http://www.drugbank.ca/drugs/DB07983"
"27","8-ethyl-3,10,10-trimethyl-4,5,6,8,10,12-hexahydropyrazolo[4',3':6,7]cyclohepta[1,2-b]pyrrolo[2,3-f]indol-9(1H)-one (DB07266)","0.9334","http://www.drugbank.ca/drugs/DB07266"
"28","1-(5-Carboxypentyl)-5-[(2,6-Dichlorobenzyl)Oxy]-1 H-Indole-2-Carboxylic Acid (DB02316)","0.9334","http://www.drugbank.ca/drugs/DB02316"
"29","CRA_10991 (DB01771)","0.9332","http://www.drugbank.ca/drugs/DB01771"
"30","N-{[4-(but-2-yn-1-yloxy)phenyl]sulfonyl}-5-methyl-D-tryptophan (DB07233)","0.9331","http://www.drugbank.ca/drugs/DB07233"
"31","1-CYCLOHEXYL-N-{[1-(4-METHYLPHENYL)-1H-INDOL-3-YL]METHYL}METHANAMINE (DB06833)","0.9331","http://www.drugbank.ca/drugs/DB06833"
"32","3-{3-bromo-4-[(2,4-difluorobenzyl)oxy]-6-methyl-2-oxopyridin-1(2H)-yl}-N,4-dimethylbenzamide (DB07941)","0.9330","http://www.drugbank.ca/drugs/DB07941"
"33","3-[1-(3-AMINOPROPYL)-1H-INDOL-3-YL]-4-(1H-INDOL-3-YL)-1H-PYRROLE-2,5-DIONE (DB07457)","0.9326","http://www.drugbank.ca/drugs/DB07457"
"34","3-(5-{[4-(AMINOMETHYL)PIPERIDIN-1-YL]METHYL}-1H-INDOL-2-YL)QUINOLIN-2(1H)-ONE (DB07025)","0.9319","http://www.drugbank.ca/drugs/DB07025"
"35","N-[(1R)-3-(4-HYDROXYPHENYL)-1-METHYLPROPYL]-2-(2-PHENYL-1H-INDOL-3-YL)ACETAMIDE (DB07991)","0.9314","http://www.drugbank.ca/drugs/DB07991"
"36","(2Z,3E)-2,3'-BIINDOLE-2',3(1H,1'H)-DIONE 3-{O-[(3R)-3,4-DIHYDROXYBUTYL]OXIME} (DB07766)","0.9311","http://www.drugbank.ca/drugs/DB07766"
"37","(S)-3-(4-(2-Carbazol-9-Yl-Ethoxy)-Phenyl)-2-Ethoxy-Propionic Acid (DB04270)","0.9306","http://www.drugbank.ca/drugs/DB04270"
"38","2-[1-(4-CHLOROBENZOYL)-5-METHOXY-2-METHYL-1H-INDOL-3-YL]-N-[(1R)-1-(HYDROXYMETHYL)PROPYL]ACETAMIDE (DB07981)","0.9299","http://www.drugbank.ca/drugs/DB07981"
"39","2-[1-(4-CHLOROBENZOYL)-5-METHOXY-2-METHYL-1H-INDOL-3-YL]-N-[(1S)-1-(HYDROXYMETHYL)PROPYL]ACETAMIDE (DB07984)","0.9299","http://www.drugbank.ca/drugs/DB07984"
"40","6-BENZYL-1-BENZYLOXYMETHYL-5-ISOPROPYL URACIL (DB08634)","0.9299","http://www.drugbank.ca/drugs/DB08634"
"41","2-{5-[3-(7-PROPYL-3-TRIFLUOROMETHYLBENZO[D]ISOXAZOL-6-YLOXY)PROPOXY]INDOL-1-YL}ETHANOIC ACID (DB07053)","0.9298","http://www.drugbank.ca/drugs/DB07053"
"42","1-{(2S,5S)-4-FLUORO-5-[(TRITYLOXY)METHYL]TETRAHYDROFURAN-2-YL}PYRIMIDINE-2,4(1H,3H)-DIONE (DB04685)","0.9296","http://www.drugbank.ca/drugs/DB04685"
"43","1-((1R,2S)-1-{2-[2-(4-CHLOROPHENYL)-1,3-BENZOXAZOL-7-YL]ETHYL}-2-HYDROXYPROPYL)-1H-IMIDAZOLE-4-CARBOXAMIDE (DB07786)","0.9294","http://www.drugbank.ca/drugs/DB07786"
"44","[5-AMINO-1-(4-FLUOROPHENYL)-1H-PYRAZOL-4-YL](3-{[(2R)-2,3-DIHYDROXYPROPYL]OXY}PHENYL)METHANONE (DB08424)","0.9283","http://www.drugbank.ca/drugs/DB08424"
"45","OPC-6535 (DB05298)","0.9278","http://www.drugbank.ca/drugs/DB05298"
"46","1-((2-HYDROXYETHOXY)METHYL)-5-(3-(BENZYLOXY)BENZYL)PYRIMIDINE-2,4(1H,3H)-DIONE (DB06873)","0.9278","http://www.drugbank.ca/drugs/DB06873"
"47","N-[2-(1h-Indol-5-Yl)-Butyl]-4-Sulfamoyl-Benzamide (DB03596)","0.9277","http://www.drugbank.ca/drugs/DB03596"
"48","3-[3-chloro-5-(5-{[(1S)-1-phenylethyl]amino}isoxazolo[5,4-c]pyridin-3-yl)phenyl]propan-1-ol (DB06897)","0.9274","http://www.drugbank.ca/drugs/DB06897"
"49","CRA_11092 (DB03555)","0.9270","http://www.drugbank.ca/drugs/DB03555"
"50","Indole Naphthyridinone (DB01691)","0.9270","http://www.drugbank.ca/drugs/DB01691"
"51","2-[(2-methoxyethyl)amino]-4-(4-oxo-1,2,3,4-tetrahydro-9H-carbazol-9-yl)benzamide (DB08557)","0.9261","http://www.drugbank.ca/drugs/DB08557"
"52","4-{[1-METHYL-2,4-DIOXO-6-(3-PHENYLPROP-1-YN-1-YL)-1,4-DIHYDROQUINAZOLIN-3(2H)-YL]METHYL}BENZOIC ACID (DB07827)","0.9260","http://www.drugbank.ca/drugs/DB07827"
"53","6-ETHYL-5-[9-(3-METHOXYPROPYL)-9H-CARBAZOL-2-YL]PYRIMIDINE-2,4-DIAMINE (DB06967)","0.9259","http://www.drugbank.ca/drugs/DB06967"
"54","Rabeprazole (DB01129)","0.9251","http://www.drugbank.ca/drugs/DB01129"
"55","3-(5-{[4-(AMINOMETHYL)PIPERIDIN-1-YL]METHYL}-1H-INDOL-2-YL)-1H-INDAZOLE-6-CARBONITRILE (DB07075)","0.9246","http://www.drugbank.ca/drugs/DB07075"
"56","3-[1-(3-Aminopropyl)-1h-Indol-3-Yl]-4-(1-Methyl-1h-Indol-3-Yl)-1h-Pyrrole-2,5-Dione (DB01946)","0.9246","http://www.drugbank.ca/drugs/DB01946"
"57","(13R,15S)-13-METHYL-16-OXA-8,9,12,22,24-PENTAAZAHEXACYCLO[15.6.2.16,9.1,12,15.0,2,7.0,21,25]HEPTACOSA-1(24),2,4,6,17(25),18,20-HEPTAENE-23,26-DIONE (DB06888)","0.9241","http://www.drugbank.ca/drugs/DB06888"
"58","CP-526423 (DB02089)","0.9241","http://www.drugbank.ca/drugs/DB02089"
"59","5-[5,6-BIS(METHYLOXY)-1H-BENZIMIDAZOL-1-YL]-3-{[1-(2-CHLOROPHENYL)ETHYL]OXY}-2-THIOPHENECARBOXAMIDE (DB07471)","0.9239","http://www.drugbank.ca/drugs/DB07471"
"60","[5-AMINO-1-(4-FLUOROPHENYL)-1H-PYRAZOL-4-YL][3-(PIPERIDIN-4-YLOXY)PHENYL]METHANONE (DB08423)","0.9237","http://www.drugbank.ca/drugs/DB08423"
"61","1-((2-HYDROXYETHOXY)METHYL)-5-(3-(BENZYLOXY)BENZYL)-6-HYDROXYPYRIMIDINE-2,4(1H,3H)-DIONE (DB07439)","0.9237","http://www.drugbank.ca/drugs/DB07439"
"62","6-FLUORO-2-[2-HYDROXY-3-(2-METHYL-CYCLOHEXYLOXY)-PHENYL]-1H-INDOLE-5-CARBOXAMIDINE (DB06856)","0.9234","http://www.drugbank.ca/drugs/DB06856"
"63","N-[2-(2,4-diaminopyrido[2,3-d]pyrimidin-7-yl)-2-methylpropyl]-4-phenoxybenzamide (DB07041)","0.9232","http://www.drugbank.ca/drugs/DB07041"
"64","7-[3-(4-FLUORO-PHENYL)-1-ISOPROPYL-1H-INDOL-2-YL]-3,5-DIHYDROXY-HEPTANOIC ACID (DB06846)","0.9224","http://www.drugbank.ca/drugs/DB06846"
"65","Apixaban (DB06605)","0.9223","http://www.drugbank.ca/drugs/DB06605"
"66","Loratadine (DB00455)","0.9222","http://www.drugbank.ca/drugs/DB00455"
"67","Rbt205 Inhibitor (DB03777)","0.9222","http://www.drugbank.ca/drugs/DB03777"
"68","5-[(3R)-3-(5-methoxy-4'-methylbiphenyl-3-yl)but-1-yn-1-yl]-6-methylpyrimidine-2,4-diamine (DB07141)","0.9217","http://www.drugbank.ca/drugs/DB07141"
"69","Fluvastatin (DB01095)","0.9217","http://www.drugbank.ca/drugs/DB01095"
"70","Aleglitazar (DB08915)","0.9217","http://www.drugbank.ca/drugs/DB08915"
"71","5-[(3R)-3-(5-methoxy-3',5'-dimethylbiphenyl-3-yl)but-1-yn-1-yl]-6-methylpyrimidine-2,4-diamine (DB07142)","0.9217","http://www.drugbank.ca/drugs/DB07142"
"72","K-252a (DB02152)","0.9215","http://www.drugbank.ca/drugs/DB02152"
"73","5-[(3R)-3-(5-methoxy-2',6'-dimethylbiphenyl-3-yl)but-1-yn-1-yl]-6-methylpyrimidine-2,4-diamine (DB07144)","0.9212","http://www.drugbank.ca/drugs/DB07144"
"74","{5-(5-AMINO-1H-PYRROLO[3,2-B]PYRIDIN-2-YL)-6-HYDROXY-3'-NITRO-BIPHENYL-3-YL]-ACETIC ACID (DB08232)","0.9205","http://www.drugbank.ca/drugs/DB08232"
"75","[2-Amino-6-(2,6-Difluoro-Benzoyl)-Imidazo[1,2-a]Pyridin-3-Yl]-Phenyl-Methanone (DB04006)","0.9205","http://www.drugbank.ca/drugs/DB04006"
"76","Nedocromil (DB00716)","0.9202","http://www.drugbank.ca/drugs/DB00716"
"77","2-{4-[5-(4-chlorophenyl)-4-pyrimidin-4-yl-1H-pyrazol-3-yl]piperidin-1-yl}-2-oxoethanol (DB07943)","0.9198","http://www.drugbank.ca/drugs/DB07943"
"78","Pitavastatin (DB08860)","0.9187","http://www.drugbank.ca/drugs/DB08860"
"79","5-[(3R)-3-(5-methoxybiphenyl-3-yl)but-1-yn-1-yl]-6-methylpyrimidine-2,4-diamine (DB07140)","0.9180","http://www.drugbank.ca/drugs/DB07140"
"80","1-((1R)-1-(HYDROXYMETHYL)-3-{6-[(3-PHENYLPROPANOYL)AMINO]-1H-INDOL-1-YL}PROPYL)-1H-IMIDAZOLE-4-CARBOXAMIDE (DB07783)","0.9180","http://www.drugbank.ca/drugs/DB07783"
"81","Vemurafenib (DB08881)","0.9178","http://www.drugbank.ca/drugs/DB08881"
"82","5-[(3S)-3-(2-methoxybiphenyl-4-yl)but-1-yn-1-yl]-6-methylpyrimidine-2,4-diamine (DB06847)","0.9178","http://www.drugbank.ca/drugs/DB06847"
"83","Olmesartan (DB00275)","0.9175","http://www.drugbank.ca/drugs/DB00275"
"84","6,7-DIMETHOXY-4-[(3R)-3-(QUINOXALIN-2-YLOXY)PYRROLIDIN-1-YL]QUINAZOLINE (DB08391)","0.9166","http://www.drugbank.ca/drugs/DB08391"
"85","5-[1-(3,4-Dimethoxy-Benzoyl)-1,2,3,4-Tetrahydro-Quinolin-6-Yl]-6-Methyl-3,6-Dihydro-[1,3,4]Thiadiazin-2-One (DB03944)","0.9164","http://www.drugbank.ca/drugs/DB03944"
"86","2,6-DIMETHYL-1-(3-[3-METHYL-5-ISOXAZOLYL]-PROPANYL)-4-[2-METHYL-4-ISOXAZOLYL]-PHENOL (DB08715)","0.9158","http://www.drugbank.ca/drugs/DB08715"
"87","(2R)-N-HYDROXY-2-[(3S)-3-METHYL-3-{4-[(2-METHYLQUINOLIN-4-YL)METHOXY]PHENYL}-2-OXOPYRROLIDIN-1-YL]PROPANAMIDE (DB07145)","0.9149","http://www.drugbank.ca/drugs/DB07145"
"88","(10R)-10-methyl-3-(6-methylpyridin-3-yl)-9,10,11,12-tetrahydro-8H-[1,4]diazepino[5',6':4,5]thieno[3,2-f]quinolin-8-one (DB07430)","0.9148","http://www.drugbank.ca/drugs/DB07430"
"89","2-[4-(4-Hydroxy-3-Isopropyl-Phenoxy)-3,5-Dimethyl-Phenyl]-2h-[1,2,4]Triazine-3,5-Dione (DB03181)","0.9144","http://www.drugbank.ca/drugs/DB03181"
"90","2'-deoxy-N-(naphthalen-1-ylmethyl)guanosine 5'-(dihydrogen phosphate) (DB08237)","0.9143","http://www.drugbank.ca/drugs/DB08237"
"91","1-(3-HYDROXYPROPYL)-2-[(3-NITROBENZOYL)AMINO]-1H-BENZIMIDAZOL-5-YL PIVALATE (DB08590)","0.9142","http://www.drugbank.ca/drugs/DB08590"
"92","2-[2-(1,3-Dioxo-1,3-Dihydro-2h-Isoindol-2-Yl)Ethyl]-4-(4'-Ethoxy-1,1'-Biphenyl-4-Yl)-4-Oxobutanoic Acid (DB04405)","0.9141","http://www.drugbank.ca/drugs/DB04405"
"93","1-(CYCLOHEXYLAMINO)-3-(6-METHYL-3,4-DIHYDRO-1H-CARBAZOL-9(2H)-YL)PROPAN-2-OL (DB07061)","0.9140","http://www.drugbank.ca/drugs/DB07061"
"94","{4-[3-(6,7-Diethoxy-Quinazolin-4-Ylamino)-Phenyl]-Thiazol-2-Yl}-Methanol (DB02848)","0.9139","http://www.drugbank.ca/drugs/DB02848"
"95","(9S)-9-[(8-AMMONIOOCTYL)AMINO]-1,2,3,4,9,10-HEXAHYDROACRIDINIUM (DB04617)","0.9136","http://www.drugbank.ca/drugs/DB04617"
"96","BENZYL 6-BENZYL-5,7-DIOXO-6,7-DIHYDRO-5H-[1,3]THIAZOLO[3,2-C]PYRIMIDINE-2-CARBOXYLATE (DB08561)","0.9136","http://www.drugbank.ca/drugs/DB08561"
"97","Piretanide (DB02925)","0.9133","http://www.drugbank.ca/drugs/DB02925"
"98","Ivacaftor (DB08820)","0.9125","http://www.drugbank.ca/drugs/DB08820"
"99","FR233623 (DB03220)","0.9124","http://www.drugbank.ca/drugs/DB03220"
"100","3-{5-methoxy-1-[(4-methoxyphenyl)sulfonyl]-1H-indol-3-yl}propanoic acid (DB07724)","0.9124","http://www.drugbank.ca/drugs/DB07724"
"101","2-[(1R)-2-carboxy-1-(naphthalen-1-ylmethyl)ethyl]-1,3-dioxo-2,3-dihydro-1H-isoindole-5-carboxylic acid (DB08731)","0.9121","http://www.drugbank.ca/drugs/DB08731"
"102","6-(3-AMINOPROPYL)-4,9-DIMETHYLPYRROLO[3,4-C]CARBAZOLE-1,3(2H,6H)-DIONE (DB07444)","0.9120","http://www.drugbank.ca/drugs/DB07444"
"103","4-[(3S)-1-AZABICYCLO[2.2.2]OCT-3-YLAMINO]-3-(1H-BENZIMIDAZOL-2-YL)-6-CHLOROQUINOLIN-2(1H)-ONE (DB06852)","0.9114","http://www.drugbank.ca/drugs/DB06852"
"104","(1-Methyl-1h-Imidazol-2-Yl)-(3-Methyl-4-{3-[(Pyridin-3-Ylmethyl)-Amino]-Propoxy}-Benzofuran-2-Yl)-Methanone (DB03062)","0.9111","http://www.drugbank.ca/drugs/DB03062"
"105","Risperidone (DB00734)","0.9103","http://www.drugbank.ca/drugs/DB00734"
"106","3-[3-(2,3-Dihydroxy-Propylamino)-Phenyl]-4-(5-Fluoro-1-Methyl-1h-Indol-3-Yl)-Pyrrole-2,5-Dione (DB01772)","0.9100","http://www.drugbank.ca/drugs/DB01772"
"107","Eletriptan (DB00216)","0.9094","http://www.drugbank.ca/drugs/DB00216"
"108","Licofelone (DB04725)","0.9088","http://www.drugbank.ca/drugs/DB04725"
"109","1-{3-oxo-3-[(2S)-2-(pyrrolidin-1-ylcarbonyl)pyrrolidin-1-yl]propyl}-3-phenylquinoxalin-2(1H)-one (DB08738)","0.9086","http://www.drugbank.ca/drugs/DB08738"
"110","1-[2-(3-Biphenyl)-4-Methylvaleryl)]Amino-3-(2-Pyridylsulfonyl)Amino-2-Propanone (DB04244)","0.9086","http://www.drugbank.ca/drugs/DB04244"
"111","3,4-DIHYDRO-4-OXO-3-((5-TRIFLUOROMETHYL-2-BENZOTHIAZOLYL)METHYL)-1-PHTHALAZINE ACETIC ACID (DB08772)","0.9085","http://www.drugbank.ca/drugs/DB08772"
"112","5-(3-carbamoylbenzyl)-5,6,7,8,9,10-hexahydrocyclohepta[b]indole-4-carboxylic acid (DB07945)","0.9083","http://www.drugbank.ca/drugs/DB07945"
"113","Darusentan (DB04883)","0.9083","http://www.drugbank.ca/drugs/DB04883"
"114","6-[2-(3'-METHOXYBIPHENYL-3-YL)ETHYL]PYRIDIN-2-AMINE (DB07245)","0.9083","http://www.drugbank.ca/drugs/DB07245"
"115","N-cyclopropyl-3-{[1-(2,4-difluorophenyl)-7-methyl-6-oxo-6,7-dihydro-1H-pyrazolo[3,4-b]pyridin-4-yl]amino}-4-methylbenzamide (DB08349)","0.9079","http://www.drugbank.ca/drugs/DB08349"
"116","Lintitript (DB04867)","0.9079","http://www.drugbank.ca/drugs/DB04867"
"117","4-(2-chlorophenyl)-8-(2-hydroxyethyl)-6-methylpyrrolo[3,4-e]indole-1,3(2H,6H)-dione (DB07257)","0.9074","http://www.drugbank.ca/drugs/DB07257"
"118","[1-(3-Hydroxy-2-Oxo-1-Phenethyl-Propylcarbamoyl)2-Phenyl-Ethyl]-Carbamic Acid Pyridin-4-Ylmethyl Ester (DB02128)","0.9073","http://www.drugbank.ca/drugs/DB02128"
"119","3-(1,1-dioxido-4H-1,2,4-benzothiadiazin-3-yl)-4-hydroxy-1-(3-methylbutyl)quinolin-2(1H)-one (DB07275)","0.9072","http://www.drugbank.ca/drugs/DB07275"
"120","Pemetrexed (DB00642)","0.9070","http://www.drugbank.ca/drugs/DB00642"
"121","4-(5-BENZENESULFONYLAMINO-1-METHYL-1H-BENZOIMIDAZOL-2-YLMETHYL)-BENZAMIDINE (DB07508)","0.9068","http://www.drugbank.ca/drugs/DB07508"
"122","2-[(1R)-1-carboxy-2-naphthalen-1-ylethyl]-1,3-dioxo-2,3-dihydro-1H-isoindole-5-carboxylic acid (DB06922)","0.9068","http://www.drugbank.ca/drugs/DB06922"
"123","5-(Aminomethyl)-6-(2,4-Dichlorophenyl)-2-(3,5-Dimethoxyphenyl)Pyrimidin-4-Amine (DB02004)","0.9063","http://www.drugbank.ca/drugs/DB02004"
"124","3-BENZYLOXYCARBONYLAMINO-2-HYDROXY-4-PHENYL-BUTYRIC ACID (DB08041)","0.9045","http://www.drugbank.ca/drugs/DB08041"
"125","(4R,2S)-5'-(4-(4-CHLOROBENZYLOXY)PYRROLIDIN-2-YLMETHANESULFONYL)ISOQUINOLINE (DB07583)","0.9044","http://www.drugbank.ca/drugs/DB07583"
"126","2-{4-[2-(2-AMINO-4-OXO-4,7-DIHYDRO-3H-PYRROLO[2,3-D]PYRIMIDIN-5-YL)-ETHYL]-BENZOYLAMINO}-3-METHYL-BUTYRIC ACID (DB08131)","0.9043","http://www.drugbank.ca/drugs/DB08131"
"127","2-({2-[(3R)-3-AMINOPIPERIDIN-1-YL]-4-OXOQUINAZOLIN-3(4H)-YL}METHYL)BENZONITRILE (DB08588)","0.9042","http://www.drugbank.ca/drugs/DB08588"
"128","2-amino-4-[2,4-dichloro-5-(2-pyrrolidin-1-ylethoxy)phenyl]-N-ethylthieno[2,3-d]pyrimidine-6-carboxamide (DB06969)","0.9039","http://www.drugbank.ca/drugs/DB06969"
"129","2-(4-fluorophenyl)-N-{[3-fluoro-4-(1H-pyrrolo[2,3-b]pyridin-4-yloxy)phenyl]carbamoyl}acetamide (DB06997)","0.9036","http://www.drugbank.ca/drugs/DB06997"
"130","4-(6-{[(4-METHYLCYCLOHEXYL)AMINO]METHYL}-1,4-DIHYDROINDENO[1,2-C]PYRAZOL-3-YL)BENZOIC ACID (DB07320)","0.9021","http://www.drugbank.ca/drugs/DB07320"
"131","1-{(1R,2S)-2-HYDROXY-1-[2-(2-NAPHTHYLOXY)ETHYL]PROPYL}-1H-IMIDAZONE-4-CARBOXAMIDE (DB07785)","0.9015","http://www.drugbank.ca/drugs/DB07785"
"132","(R)-N-(3-Indol-1-Yl-2-Methyl-Propyl)-4-Sulfamoyl-Benzamide (DB02479)","0.9009","http://www.drugbank.ca/drugs/DB02479"
"133","(S)-N-(3-Indol-1-Yl-2-Methyl-Propyl)-4-Sulfamoyl-Benzamide (DB03950)","0.9009","http://www.drugbank.ca/drugs/DB03950"
"134","Rimonabant (DB06155)","0.9008","http://www.drugbank.ca/drugs/DB06155"
"135","Carvedilol (DB01136)","0.9007","http://www.drugbank.ca/drugs/DB01136"
"136","N-{2'-[(4-FLUOROPHENYL)AMINO]-4,4'-BIPYRIDIN-2-YL}-4-METHOXYCYCLOHEXANECARBOXAMIDE (DB08025)","0.9006","http://www.drugbank.ca/drugs/DB08025"
"137","OPC-51803 (DB05838)","0.9006","http://www.drugbank.ca/drugs/DB05838"
"138","2-METHYL-2-(4-{[({4-METHYL-2-[4-(TRIFLUOROMETHYL)PHENYL]-1,3-THIAZOL-5-YL}CARBONYL)AMINO]METHYL}PHENOXY)PROPANOIC ACID (DB07215)","0.9006","http://www.drugbank.ca/drugs/DB07215"
"139","3-{[(2,2-DIOXIDO-1,3-DIHYDRO-2-BENZOTHIEN-5-YL)AMINO]METHYLENE}-5-(1,3-OXAZOL-5-YL)-1,3-DIHYDRO-2H-INDOL-2-ONE (DB08124)","0.9000","http://www.drugbank.ca/drugs/DB08124"
"140","9-HYDROXY-6-(3-HYDROXYPROPYL)-4-(2-METHOXYPHENYL)PYRROLO[3,4-C]CARBAZOLE-1,3(2H,6H)-DIONE (DB07006)","0.8990","http://www.drugbank.ca/drugs/DB07006"
"141","Dimenhydrinate (DB00985)","0.8990","http://www.drugbank.ca/drugs/DB00985"
"142","N-(5-{[(2S)-4-amino-2-(3-chlorophenyl)butanoyl]amino}-1H-indazol-3-yl)benzamide (DB07608)","0.8990","http://www.drugbank.ca/drugs/DB07608"
"143","N-[(3z)-5-Tert-Butyl-2-Phenyl-1,2-Dihydro-3h-Pyrazol-3-Ylidene]-N'-(4-Chlorophenyl)Urea (DB01807)","0.8986","http://www.drugbank.ca/drugs/DB01807"
"144","Erlotinib (DB00530)","0.8983","http://www.drugbank.ca/drugs/DB00530"
"145","FR236913 (DB02830)","0.8983","http://www.drugbank.ca/drugs/DB02830"
"146","(3Z)-6-(4-HYDROXY-3-METHOXYPHENYL)-3-(1H-PYRROL-2-YLMETHYLENE)-1,3-DIHYDRO-2H-INDOL-2-ONE (DB07078)","0.8981","http://www.drugbank.ca/drugs/DB07078"
"147","4-[(1S)-1-(3-fluoro-4-methoxyphenyl)-2-(2-methoxy-5-nitrophenyl)ethyl]-1H-imidazol-2-amine (DB07415)","0.8979","http://www.drugbank.ca/drugs/DB07415"
"148","3-(9-HYDROXY-1,3-DIOXO-4-PHENYL-2,3-DIHYDROPYRROLO[3,4-C]CARBAZOL-6(1H)-YL)PROPANOIC ACID (DB07265)","0.8978","http://www.drugbank.ca/drugs/DB07265"
"149","2-(ETHOXYMETHYL)-4-(4-FLUOROPHENYL)-3-[2-(2-HYDROXYPHENOXY)PYRIMIDIN-4-YL]ISOXAZOL-5(2H)-ONE (DB08395)","0.8976","http://www.drugbank.ca/drugs/DB08395"
"150","Phenolphthalein (DB04824)","0.8976","http://www.drugbank.ca/drugs/DB04824"
"151","Temafloxacin (DB01405)","0.8976","http://www.drugbank.ca/drugs/DB01405"
"152","THIENO[3,2-B]PYRIDINE-2-SULFONIC ACID [1-(1-AMINO-ISOQUINOLIN-7-YLMETHYL)-2-OXO-PYRROLDIN-3-YL]-AMIDE (DB07261)","0.8972","http://www.drugbank.ca/drugs/DB07261"
"153","2-{4-[(3,5-DIMETHYLANILINO)-CARBONYL-METHYL]-PHENOXY}-2-METHYLPROPIONIC ACID (DB08486)","0.8971","http://www.drugbank.ca/drugs/DB08486"
"154","Pagoclone (DB04903)","0.8970","http://www.drugbank.ca/drugs/DB04903"
"155","(1-Tert-Butyl-5-Hydroxy-1h-Pyrazol-4-Yl)-(6-Methanesulfonyl-4'-Methoxy-2-Methyl-Biphenyl-3-Yl)-Methanone (DB02850)","0.8967","http://www.drugbank.ca/drugs/DB02850"
"156","N-(CYCLOPROPYLMETHYL)-4-(METHYLOXY)-3-({5-[3-(3-PYRIDINYL)PHENYL]-1,3-OXAZOL-2-YL}AMINO)BENZENESULFONAMIDE (DB07333)","0.8965","http://www.drugbank.ca/drugs/DB07333"
"157","Allyl-{6-[3-(4-Bromo-Phenyl)-1-Methyl-1h-Indazol-6-Yl]Oxy}Hexyl)-N-Methylamine (DB03888)","0.8963","http://www.drugbank.ca/drugs/DB03888"
"158","4-({[4-(3-METHYLBENZOYL)PYRIDIN-2-YL]AMINO}METHYL)BENZENECARBOXIMIDAMIDE (DB07809)","0.8962","http://www.drugbank.ca/drugs/DB07809"
"159","GC-24 (DB03788)","0.8962","http://www.drugbank.ca/drugs/DB03788"
"160","4-HYDROXY-3-[(1S,3R)-3-HYDROXY-1-PHENYLBUTYL]-2H-CHROMEN-2-ONE (DB08735)","0.8960","http://www.drugbank.ca/drugs/DB08735"
"161","4-HYDROXY-3-[(1S,3S)-3-HYDROXY-1-PHENYLBUTYL]-2H-CHROMEN-2-ONE (DB08736)","0.8960","http://www.drugbank.ca/drugs/DB08736"
"162","Etonitazene (DB01462)","0.8959","http://www.drugbank.ca/drugs/DB01462"
"163","Bezafibrate (DB01393)","0.8957","http://www.drugbank.ca/drugs/DB01393"
"164","1-(2-CYCLOPROPYLETHYL)-3-(1,1-DIOXIDO-2H-1,2,4-BENZOTHIADIAZIN-3-YL)-6-FLUORO-4-HYDROXYQUINOLIN-2(1H)-ONE (DB08278)","0.8957","http://www.drugbank.ca/drugs/DB08278"
"165","Propafenone (DB01182)","0.8956","http://www.drugbank.ca/drugs/DB01182"
"166","Azelastine (DB00972)","0.8955","http://www.drugbank.ca/drugs/DB00972"
"167","Propiomazine (DB00777)","0.8953","http://www.drugbank.ca/drugs/DB00777"
"168","3-DIPHENOL-6-NITRO-3H-BENZO[DE]ISOCHROMEN-1-ONE (DB08204)","0.8952","http://www.drugbank.ca/drugs/DB08204"
"169","N-(4-ACETYLPHENYL)-5-(5-CHLORO-2,4-DIHYDROXYPHENYL)-1H-PYRAZOLE-4-CARBOXAMIDE (DB06956)","0.8942","http://www.drugbank.ca/drugs/DB06956"
"170","Bitolterol (DB00901)","0.8939","http://www.drugbank.ca/drugs/DB00901"
"171","[1-(1-Benzyl-3-Hydroxy-2-Oxo-Propylcarbamoyl)-2-Phenyl-Ethyl]-Carbamic Acid Benzyl Ester (DB01871)","0.8936","http://www.drugbank.ca/drugs/DB01871"
"172","(3S)-1-(1,3-BENZODIOXOL-5-YLMETHYL)-3-[4-(1H-IMIDAZOL-1-YL)PHENOXY]PIPERIDINE (DB07011)","0.8930","http://www.drugbank.ca/drugs/DB07011"
"173","5-Chloro-1h-Indole-2-Carboxylic Acid [1-(4-Fluorobenzyl)-2-(4-Hydroxypiperidin-1yl)-2-Oxoethyl]Amide (DB03383)","0.8929","http://www.drugbank.ca/drugs/DB03383"
"174","6,7-DIMETHOXY-4-[(3R)-3-(2-NAPHTHYLOXY)PYRROLIDIN-1-YL]QUINAZOLINE (DB08389)","0.8926","http://www.drugbank.ca/drugs/DB08389"
"175","2-(4-(2-((3-(5-(PYRIDIN-2-YLTHIO)THIAZOL-2-YL)UREIDO)METHYL)-1H-IMIDAZOL-4-YL)PHENOXY)ACETIC ACID (DB08657)","0.8924","http://www.drugbank.ca/drugs/DB08657"
"176","{4-[(2R)-pyrrolidin-2-ylmethoxy]phenyl}(4-thiophen-3-ylphenyl)methanone (DB07237)","0.8922","http://www.drugbank.ca/drugs/DB07237"
"177","2-(3-BROMOPHENYL)-6-[(2-HYDROXYETHYL)AMINO]-1H-BENZO[DE]ISOQUINOLINE-1,3(2H)-DIONE (DB08701)","0.8919","http://www.drugbank.ca/drugs/DB08701"
"178","4-CHLORO-3',3''-DIBROMOPHENOL-1,8-NAPHTHALEIN (DB04696)","0.8919","http://www.drugbank.ca/drugs/DB04696"
"179","Labetalol (DB00598)","0.8919","http://www.drugbank.ca/drugs/DB00598"
"180","Prenylamine (DB04825)","0.8917","http://www.drugbank.ca/drugs/DB04825"
"181","RPR128515 (DB04424)","0.8916","http://www.drugbank.ca/drugs/DB04424"
"182","ISOQUINOLINE-5-SULFONIC ACID (2-(2-(4-CHLOROBENZYLOXY)ETHYLAMINO)ETHYL)AMIDE (DB07947)","0.8913","http://www.drugbank.ca/drugs/DB07947"
"183","Warfarin (DB00682)","0.8913","http://www.drugbank.ca/drugs/DB00682"
"184","4-Hydroxy-3-[(1s)-3-Oxo-1-Phenylbutyl]-2h-Chromen-2-One (DB02507)","0.8913","http://www.drugbank.ca/drugs/DB02507"
"185","N-cyclopropyl-6-[(6,7-dimethoxyquinolin-4-yl)oxy]naphthalene-1-carboxamide (DB07274)","0.8912","http://www.drugbank.ca/drugs/DB07274"
"186","PF-00356231 (DB03367)","0.8911","http://www.drugbank.ca/drugs/DB03367"
"187","4-(1,3-Benzodioxol-5-Yl)-5-(5-Ethyl-2,4-Dihydroxyphenyl)-2h-Pyrazole-3-Carboxylic Acid (DB02840)","0.8909","http://www.drugbank.ca/drugs/DB02840"
"188","5-(3-{3-[3-HYDROXY-2-(METHOXYCARBONYL)PHENOXY]PROPENYL}PHENYL)-4-(HYDROXYMETHYL)ISOXAZOLE-3-CARBOXYLIC ACID (DB08001)","0.8902","http://www.drugbank.ca/drugs/DB08001"
"189","1-(DIMETHYLAMINO)-3-(4-{{4-(2-METHYLIMIDAZO[1,2-A]PYRIDIN-3-YL)PYRIMIDIN-2-YL]AMINO}PHENOXY)PROPAN-2-OL (DB07889)","0.8902","http://www.drugbank.ca/drugs/DB07889"
"190","N-({6-[(4-CYANOBENZYL)OXY]NAPHTHALEN-2-YL}SULFONYL)-D-GLUTAMIC ACID (DB08108)","0.8900","http://www.drugbank.ca/drugs/DB08108"
"191","131-I-TM-601 (DB05462)","0.8898","http://www.drugbank.ca/drugs/DB05462"
"192","N-cyclopropyl-2',6-dimethyl-4'-(5-methyl-1,3,4-oxadiazol-2-yl)biphenyl-3-carboxamide (DB07811)","0.8897","http://www.drugbank.ca/drugs/DB07811"
"193","Cp403700, (S)-1-{2-[(5-Chloro-1h-Indole-2-Carbonyl)-Amino]-3-Phenyl-Propionyl}-Azetidine-3-Carboxylate (DB03744)","0.8895","http://www.drugbank.ca/drugs/DB03744"
"194","1-(2-Fluorobenzyl)-3-Butyl-8-(N-Acetyl-4-Aminobenzyl)-Xanthine (DB02008)","0.8895","http://www.drugbank.ca/drugs/DB02008"
"195","Ospemifene (DB04938)","0.8895","http://www.drugbank.ca/drugs/DB04938"
"196","DERIVATIVE OF AKLANONIC ACID METHYL ESTER (AAME) (DB04624)","0.8893","http://www.drugbank.ca/drugs/DB04624"
"197","5-hydroxy-4-(7-methoxy-1,1-dioxido-2H-1,2,4-benzothiadiazin-3-yl)-2-(3-methylbutyl)-6-phenylpyridazin-3(2H)-one (DB06974)","0.8893","http://www.drugbank.ca/drugs/DB06974"
"198","Fenofibrate (DB01039)","0.8889","http://www.drugbank.ca/drugs/DB01039"
"199","Dimenoxadol (DB01461)","0.8888","http://www.drugbank.ca/drugs/DB01461"
"200","Canagliflozin (DB08907)","0.8887","http://www.drugbank.ca/drugs/DB08907"
"201","N-(cyclopropylmethyl)-2'-methyl-5'-(5-methyl-1,3,4-oxadiazol-2-yl)biphenyl-4-carboxamide (DB07834)","0.8887","http://www.drugbank.ca/drugs/DB07834"
"202","GW 501516 (DB05416)","0.8887","http://www.drugbank.ca/drugs/DB05416"
"203","N-({6-[(4-CYANO-2-FLUOROBENZYL)OXY]NAPHTHALEN-2-YL}SULFONYL)-D-GLUTAMIC ACID (DB08112)","0.8885","http://www.drugbank.ca/drugs/DB08112"
"204","5-CHLORO-N-(2-(4-(2-OXOPYRIDIN-1(2H)-YL)BENZAMIDO)ETHYL)THIOPHENE-2-CARBOXAMIDE (DB08173)","0.8882","http://www.drugbank.ca/drugs/DB08173"
"205","Mirabegron  (DB08893)","0.8879","http://www.drugbank.ca/drugs/DB08893"
"206","5,6,7,8,9,10-HEXAHYDRO-4-HYDROXY-3-(1-PHENYLPROPYL)CYCLOOCTA[B]PYRAN-2-ONE (DB08686)","0.8878","http://www.drugbank.ca/drugs/DB08686"
"207","Clonitazene (DB01523)","0.8877","http://www.drugbank.ca/drugs/DB01523"
"208","4-PHENOXY-N-(PYRIDIN-2-YLMETHYL)BENZAMIDE (DB07459)","0.8876","http://www.drugbank.ca/drugs/DB07459"
"209","Balanol Analog 2 (DB01940)","0.8874","http://www.drugbank.ca/drugs/DB01940"
"210","({3-[1-(4-HYDROXY-2-OXO-2H-CHROMEN-3-YL)-PROPYL]-PHENYLCARBAMOYL}-METHYL)-CARBAMIC ACID TERT-BUTYL ESTER (DB08664)","0.8872","http://www.drugbank.ca/drugs/DB08664"
"211","6-[(Z)-AMINO(IMINO)METHYL]-N-[3-(CYCLOPENTYLOXY)PHENYL]-2-NAPHTHAMIDE (DB07076)","0.8871","http://www.drugbank.ca/drugs/DB07076"
"212","4-HYDROXY-7-METHOXY-3-(1-PHENYL-PROPYL)-CHROMEN-2-ONE (DB08663)","0.8871","http://www.drugbank.ca/drugs/DB08663"
"213","IC261 (DB03083)","0.8870","http://www.drugbank.ca/drugs/DB03083"
"214","Acenocoumarol (DB01418)","0.8867","http://www.drugbank.ca/drugs/DB01418"
"215","Bepridil (DB01244)","0.8865","http://www.drugbank.ca/drugs/DB01244"
"216","methyl (1R,2S)-2-(hydroxycarbamoyl)-1-{4-[(2-methylquinolin-4-yl)methoxy]benzyl}cyclopropanecarboxylate (DB07147)","0.8865","http://www.drugbank.ca/drugs/DB07147"
"217","N-(6-{[3-(4-Bromophenyl)-1,2-Benzisothiazol-6-Yl]Oxy}Hexyl)-N-Methylprop-2-En-1-Amine (DB02544)","0.8863","http://www.drugbank.ca/drugs/DB02544"
"218","(2-Sulfanyl-3-Phenylpropanoyl)-Phe-Tyr (DB03949)","0.8860","http://www.drugbank.ca/drugs/DB03949"
"219","(2S)-2-amino-5-oxo-5-[(4-phenylmethoxyphenyl)amino]pentanoic acid (DB07102)","0.8859","http://www.drugbank.ca/drugs/DB07102"
"220","(6-[4-(AMINOMETHYL)-2,6-DIMETHYLPHENOXY]-2-{[4-(AMINOMETHYL)PHENYL]AMINO}-5-BROMOPYRIMIDIN-4-YL)METHANOL (DB06874)","0.8859","http://www.drugbank.ca/drugs/DB06874"
"221","[3,5-Dibromo-4-(4-Hydroxy-3-Phenethylcarbamoyl-Phenoxy)-Phenyl]-Acetic Acid (DB02106)","0.8858","http://www.drugbank.ca/drugs/DB02106"
"222","Butenafine (DB01091)","0.8857","http://www.drugbank.ca/drugs/DB01091"
"223","N-[3-(2-fluoroethoxy)phenyl]-N'-(1,3,4-trioxo-1,2,3,4-tetrahydroisoquinolin-6-yl)butanediamide (DB08499)","0.8856","http://www.drugbank.ca/drugs/DB08499"
"224","N-(3-TERT-BUTYL-1H-PYRAZOL-5-YL)-N'-{4-CHLORO-3-[(PYRIDIN-3-YLOXY)METHYL]PHENYL}UREA (DB08064)","0.8852","http://www.drugbank.ca/drugs/DB08064"
"225","2-[(2,4-DICHLOROBENZOYL)AMINO]-5-(PYRIMIDIN-2-YLOXY)BENZOIC ACID (DB08402)","0.8851","http://www.drugbank.ca/drugs/DB08402"
"226","8-bromo-4-(2-chlorophenyl)-N-(2-hydroxyethyl)-6-methyl-1,3-dioxo-1,2,3,6-tetrahydropyrrolo[3,4-e]indole-7-carboxamide (DB08365)","0.8850","http://www.drugbank.ca/drugs/DB08365"
"227","Compound 9 (DB02014)","0.8850","http://www.drugbank.ca/drugs/DB02014"
"228","Sertaconazole (DB01153)","0.8848","http://www.drugbank.ca/drugs/DB01153"
"229","6-[N-(1-Isopropyl-3,4-Dihydro-7-Isoquinolinyl)Carbamyl]-2-Naphthalenecarboxamidine (DB02473)","0.8847","http://www.drugbank.ca/drugs/DB02473"
"230","(1E)-5-(1-piperidin-4-yl-3-pyridin-4-yl-1H-pyrazol-4-yl)-2,3-dihydro-1H-inden-1-one oxime (DB08553)","0.8847","http://www.drugbank.ca/drugs/DB08553"
"231","(3R,4R)-1-{6-[3-(METHYLSULFONYL)PHENYL]PYRIMIDIN-4-YL}-4-(2,4,5-TRIFLUOROPHENYL)PIPERIDIN-3-AMINE (DB08164)","0.8847","http://www.drugbank.ca/drugs/DB08164"
"232","N-[5-(ETHYLSULFONYL)-2-METHOXYPHENYL]-5-[3-(2-PYRIDINYL)PHENYL]-1,3-OXAZOL-2-AMINE (DB07334)","0.8847","http://www.drugbank.ca/drugs/DB07334"
"233","ACCLAIM (DB05252)","0.8845","http://www.drugbank.ca/drugs/DB05252"
"234","S-{3-[(4-ANILINOQUINAZOLIN-6-YL)AMINO]-3-OXOPROPYL}-L-CYSTEINE (DB07602)","0.8841","http://www.drugbank.ca/drugs/DB07602"
"235","Fluorescein (DB00693)","0.8840","http://www.drugbank.ca/drugs/DB00693"
"236","Formoterol (DB00983)","0.8838","http://www.drugbank.ca/drugs/DB00983"
"237","Arformoterol (DB01274)","0.8838","http://www.drugbank.ca/drugs/DB01274"
"238","[{2-bromo-4-[(2R)-3-oxo-2,3-diphenylpropyl]phenyl}(difluoro)methyl]phosphonic acid (DB07263)","0.8838","http://www.drugbank.ca/drugs/DB07263"
"239","Trimetrexate (DB01157)","0.8837","http://www.drugbank.ca/drugs/DB01157"
"240","4-[(5-CHLOROINDOL-2-YL)SULFONYL]-2-(2-METHYLPROPYL)-1-[[5-(PYRIDIN-4-YL)PYRIMIDIN-2-YL]CARBONYL]PIPERAZINE (DB04673)","0.8835","http://www.drugbank.ca/drugs/DB04673"
"241","Trans-6-(2-Phenylcyclopropyl)-Naphthalene-2-Carboxamidine (DB03476)","0.8830","http://www.drugbank.ca/drugs/DB03476"
"242","Propericiazine (DB01608)","0.8826","http://www.drugbank.ca/drugs/DB01608"
"243","Bentiromide (DB00522)","0.8822","http://www.drugbank.ca/drugs/DB00522"
"244","4-[3-(dibenzylamino)phenyl]-2,4-dioxobutanoic acid (DB08147)","0.8820","http://www.drugbank.ca/drugs/DB08147"
"245","S-{2-[(2-chloro-4-sulfamoylphenyl)amino]-2-oxoethyl} 6-methyl-3,4-dihydroquinoline-1(2H)-carbothioate (DB08494)","0.8818","http://www.drugbank.ca/drugs/DB08494"
"246","FLUORESCIN (DB07764)","0.8818","http://www.drugbank.ca/drugs/DB07764"
"247","2-({[3-(3,4-dihydroisoquinolin-2(1H)-ylsulfonyl)phenyl]carbonyl}amino)benzoic acid (DB07691)","0.8818","http://www.drugbank.ca/drugs/DB07691"
"248","Afimoxifene (DB04468)","0.8817","http://www.drugbank.ca/drugs/DB04468"
"249","(3R,4S)-1-{6-[3-(METHYLSULFONYL)PHENYL]PYRIMIDIN-4-YL}-4-(2,4,5-TRIFLUOROPHENYL)PYRROLIDIN-3-AMINE (DB07666)","0.8816","http://www.drugbank.ca/drugs/DB07666"
"250","Tamoxifen (DB00675)","0.8813","http://www.drugbank.ca/drugs/DB00675"
"251","(2S)-2-(biphenyl-4-yloxy)-3-phenylpropanoic acid (DB08121)","0.8810","http://www.drugbank.ca/drugs/DB08121"
"252","Papaverine (DB01113)","0.8810","http://www.drugbank.ca/drugs/DB01113"
"253","2-{[(6-OXO-1,6-DIHYDROPYRIDIN-3-YL)METHYL]AMINO}-N-[4-PROPYL-3-(TRIFLUOROMETHYL)PHENYL]BENZAMIDE (DB07831)","0.8809","http://www.drugbank.ca/drugs/DB07831"
"254","1-[1-(3-aminophenyl)-3-tert-butyl-1H-pyrazol-5-yl]-3-phenylurea (DB06883)","0.8807","http://www.drugbank.ca/drugs/DB06883"
"255","Toremifene (DB00539)","0.8807","http://www.drugbank.ca/drugs/DB00539"
"256","METHYL (2Z)-2-(2-{[6-(2-CYANOPHENOXY)PYRIMIDIN-4-YL]OXY}PHENYL)-3-METHOXYACRYLATE (DB07401)","0.8806","http://www.drugbank.ca/drugs/DB07401"
"257","N-((1R,2S)-2-(5-CHLORO-1H-INDOLE-2-CARBOXAMIDO)CYCLOHEXYL)-5-METHYL-4,5,6,7-TETRAHYDROTHIAZOLO[5,4-C]PYRIDINE-2-CARBOXAMIDE (DB07629)","0.8804","http://www.drugbank.ca/drugs/DB07629"
"258","N-((1R,2R)-2-(5-CHLORO-1H-INDOLE-2-CARBOXAMIDO)CYCLOHEXYL)-5-METHYL-4,5,6,7-TETRAHYDROTHIAZOLO[5,4-C]PYRIDINE-2-CARBOXAMIDE (DB07630)","0.8804","http://www.drugbank.ca/drugs/DB07630"
"259","[4-({5-(AMINOCARBONYL)-4-[(3-METHYLPHENYL)AMINO]PYRIMIDIN-2-YL}AMINO)PHENYL]ACETIC ACID (DB08513)","0.8800","http://www.drugbank.ca/drugs/DB08513"
"260","BMS184394 (DB03466)","0.8799","http://www.drugbank.ca/drugs/DB03466"
"261","6-[N-(4-Ethyl-1,2,3,4-Tetrahydro-6-Isoquinolinyl)Carbamyl]-2-Naphthalenecarboxamidine (DB02551)","0.8799","http://www.drugbank.ca/drugs/DB02551"
"262","Drotaverine (DB06751)","0.8799","http://www.drugbank.ca/drugs/DB06751"
"263","(2S)-1-{[5-(1H-INDAZOL-5-YL)PYRIDIN-3-YL]OXY}-3-[(7AS)-7AH-INDOL-3-YL]PROPAN-2-AMINE (DB06977)","0.8798","http://www.drugbank.ca/drugs/DB06977"
"264","N-[4-(2-CHLOROPHENYL)-1,3-DIOXO-1,2,3,6-TETRAHYDROPYRROLO[3,4-C]CARBAZOL-9-YL]FORMAMIDE (DB07226)","0.8796","http://www.drugbank.ca/drugs/DB07226"
"265","FAMOXADONE (DB07778)","0.8795","http://www.drugbank.ca/drugs/DB07778"
"266","6-[N-(1-Isopropyl-1,2,3,4-Tetrahydro-7-Isoquinolinyl)Carbamyl]-2-Naphthalenecarboxamidine (DB02705)","0.8792","http://www.drugbank.ca/drugs/DB02705"
"267","N-[(Furan-2-Yl)Carbonyl]-(S)-Leucyl-(R)-[1-Amino-2(1h-Indol-3-Yl)Ethyl]-Phosphonic Acid (DB02046)","0.8790","http://www.drugbank.ca/drugs/DB02046"
"268","Valsartan (DB00177)","0.8790","http://www.drugbank.ca/drugs/DB00177"
"269","Trovafloxacin (DB00685)","0.8790","http://www.drugbank.ca/drugs/DB00685"
"270","(2R,4R)-N~1~-(4-CHLOROPHENYL)-N~2~-[2-FLUORO-4-(2-OXOPYRIDIN-1(2H)-YL)PHENYL]-4-METHOXYPYRROLIDINE-1,2-DICARBOXAMIDE (DB06920)","0.8789","http://www.drugbank.ca/drugs/DB06920"
"271","N-[2-(4-BROMOCINNAMYLAMINO)ETHYL]-5-ISOQUINOLINE SULFONAMIDE (DB07995)","0.8787","http://www.drugbank.ca/drugs/DB07995"
"272","2-[4-chloro-2-(phenylcarbonyl)phenoxy]-N-phenylacetamide (DB07826)","0.8786","http://www.drugbank.ca/drugs/DB07826"
"273","2-fluoro-6-{[2-({2-methoxy-4-[(methylsulfonyl)methyl]phenyl}amino)-7H-pyrrolo[2,3-d]pyrimidin-4-yl]amino}benzamide (DB07845)","0.8786","http://www.drugbank.ca/drugs/DB07845"
"274","2-Hydroxy-5-({1-[(2-Naphthyloxy)Methyl]-3-Oxoprop-1-Enyl}Amino)Tyrosine (DB02511)","0.8785","http://www.drugbank.ca/drugs/DB02511"
"275","3-FLUORO-N-1H-INDOL-5-YL-5-MORPHOLIN-4-YLBENZAMIDE (DB08092)","0.8783","http://www.drugbank.ca/drugs/DB08092"
"276","MACITENTAN (DB08932)","0.8782","http://www.drugbank.ca/drugs/DB08932"
"277","THIENO[3,2-B]PYRIDINE-2-SULFONIC ACID [2-OXO-1-(1H-PYRROLO[2,3-C]PYRIDIN-2-YLMETHYL)-PYRROLIDIN-3-YL]-AMIDE (DB08426)","0.8781","http://www.drugbank.ca/drugs/DB08426"
"278","4-(5,11-DIOXO-5H-INDENO[1,2-C]ISOQUINOLIN-6(11H)-YL)BUTANOATE (DB08159)","0.8771","http://www.drugbank.ca/drugs/DB08159"
"279","N-[3-[(1-Aminoethyl)(Hydroxy)Phosphoryl]-2-(1,1'-Biphenyl-4-Ylmethyl)Propanoyl]Alanine (DB02062)","0.8769","http://www.drugbank.ca/drugs/DB02062"
"280","2,5-DICHLORO-N-[5-METHOXY-7-(6-METHOXYPYRIDIN-3-YL)-1,3-BENZOXAZOL-2-YL]BENZENESULFONAMIDE (DB07321)","0.8769","http://www.drugbank.ca/drugs/DB07321"
"281","AZD2563 (DB04850)","0.8769","http://www.drugbank.ca/drugs/DB04850"
"282","N-(3-Cyclopropyl(5,6,7,8,9,10-Hexahydro-2-Oxo-2h-Cycloocta[B]Pyran-3-Yl)Methyl)Phenylbenzensulfonamide (DB02033)","0.8768","http://www.drugbank.ca/drugs/DB02033"
"283","WAY-151693 (DB02071)","0.8767","http://www.drugbank.ca/drugs/DB02071"
"284","Ezetimibe (DB00973)","0.8764","http://www.drugbank.ca/drugs/DB00973"
"285","Cinacalcet (DB01012)","0.8761","http://www.drugbank.ca/drugs/DB01012"
"286","Amodiaquine (DB00613)","0.8761","http://www.drugbank.ca/drugs/DB00613"
"287","4-{4-[4-(3-AMINOPROPOXY)PHENYL]-1H-PYRAZOL-5-YL}-6-CHLOROBENZENE-1,3-DIOL (DB08045)","0.8760","http://www.drugbank.ca/drugs/DB08045"
"288","LY341770 (DB03038)","0.8754","http://www.drugbank.ca/drugs/DB03038"
"289","Eltrombopag (DB06210)","0.8754","http://www.drugbank.ca/drugs/DB06210"
"290","Dextromoramide (DB01529)","0.8753","http://www.drugbank.ca/drugs/DB01529"
"291","5-(5-CHLORO-2,4-DIHYDROXYPHENYL)-N-ETHYL-4-(4-METHOXYPHENYL)-1H-PYRAZOLE-3-CARBOXAMIDE (DB07495)","0.8753","http://www.drugbank.ca/drugs/DB07495"
"292","5-CHLORO-N-((1R,2S)-2-(4-(2-OXOPYRIDIN-1(2H)-YL)BENZAMIDO) CYCLOPENTYL)THIOPHENE-2-CARBOXAMIDE (DB08174)","0.8750","http://www.drugbank.ca/drugs/DB08174"
"293","Atovaquone (DB01117)","0.8750","http://www.drugbank.ca/drugs/DB01117"
"294","6-CARBAMIMIDOYL-4-(3-HYDROXY-2-METHYL-BENZOYLAMINO)-NAPHTHALENE-2-CARBOXYLIC ACID METHYL ESTER (DB07074)","0.8747","http://www.drugbank.ca/drugs/DB07074"
"295","Indecainide (DB00192)","0.8747","http://www.drugbank.ca/drugs/DB00192"
"296","6-[(Z)-Amino(Imino)Methyl]-N-[4-(Aminomethyl)Phenyl]-4-(Pyrimidin-2-Ylamino)-2-Naphthamide (DB03082)","0.8744","http://www.drugbank.ca/drugs/DB03082"
"297","Vismodegib (DB08828)","0.8741","http://www.drugbank.ca/drugs/DB08828"
"298","Flavoxate (DB01148)","0.8738","http://www.drugbank.ca/drugs/DB01148"
"299","(5Z)-3-(4-CHLOROPHENYL)-4-HYDROXY-5-(1-NAPHTHYLMETHYLENE)FURAN-2(5H)-ONE (DB07296)","0.8736","http://www.drugbank.ca/drugs/DB07296"
"300","Iloperidone (DB04946)","0.8736","http://www.drugbank.ca/drugs/DB04946"
"301","4'-[(1R)-1-amino-2-(2,5-difluorophenyl)ethyl]biphenyl-3-carboxamide (DB07181)","0.8732","http://www.drugbank.ca/drugs/DB07181"
"302","N-{5-[4-(4-METHYLPIPERAZIN-1-YL)PHENYL]-1H-PYRROLO[2,3-B]PYRIDIN-3-YL}NICOTINAMIDE (DB06876)","0.8732","http://www.drugbank.ca/drugs/DB06876"
"303","4-{(1E)-3-OXO-3-[(2-PHENYLETHYL)AMINO]PROP-1-EN-1-YL}-1,2-PHENYLENE DIACETATE (DB08753)","0.8731","http://www.drugbank.ca/drugs/DB08753"
"304","N-{3-METHYL-5-[2-(PYRIDIN-4-YLAMINO)-ETHOXY]-PHENYL}-BENZENESULFONAMIDE (DB07944)","0.8730","http://www.drugbank.ca/drugs/DB07944"
"305","SR11254 (DB02258)","0.8730","http://www.drugbank.ca/drugs/DB02258"
"306","Dextropropoxyphene (DB00647)","0.8728","http://www.drugbank.ca/drugs/DB00647"
"307","N-[4-(AMINOSULFONYL)BENZYL]-5-(5-CHLORO-2,4-DIHYDROXYPHENYL)-1H-PYRAZOLE-4-CARBOXAMIDE (DB04588)","0.8727","http://www.drugbank.ca/drugs/DB04588"
"308","Genz-10850 (DB04289)","0.8726","http://www.drugbank.ca/drugs/DB04289"
"309","Merimepodib (DB04862)","0.8723","http://www.drugbank.ca/drugs/DB04862"
"310","CD564 (DB02741)","0.8722","http://www.drugbank.ca/drugs/DB02741"
"311","Flavopiridol (DB03496)","0.8721","http://www.drugbank.ca/drugs/DB03496"
"312","[2-(5-MERCAPTO-[1,3,4]THIADIAZOL-2-YLCARBAMOYL)-1-PHENYL-ETHYL]-CARBAMIC ACID BENZYL ESTER (DB07987)","0.8720","http://www.drugbank.ca/drugs/DB07987"
"313","N-(P-CYANOPHENYL)-N'-DIPHENYLMETHYL-GUANIDINE-ACETIC ACID (DB07816)","0.8720","http://www.drugbank.ca/drugs/DB07816"
"314","(2e)-N-Allyl-4-{[3-(4-Bromophenyl)-5-Fluoro-1-Methyl-1h-Indazol-6-Yl]Oxy}-N-Methyl-2-Buten-1-Amine (DB02139)","0.8719","http://www.drugbank.ca/drugs/DB02139"
"315","Ziprasidone (DB00246)","0.8714","http://www.drugbank.ca/drugs/DB00246"
"316","4-(3,5-DIMETHYLPHENOXY)-5-(FURAN-2-YLMETHYLSULFANYLMETHYL)-3-IODO-6-METHYLPYRIDIN-2(1H)-ONE (DB08457)","0.8713","http://www.drugbank.ca/drugs/DB08457"
"317","parecoxib (DB08439)","0.8712","http://www.drugbank.ca/drugs/DB08439"
"318","Prasugrel (DB06209)","0.8712","http://www.drugbank.ca/drugs/DB06209"
"319","5-amino-2-methyl-N-[(1R)-1-naphthalen-1-ylethyl]benzamide (DB08656)","0.8711","http://www.drugbank.ca/drugs/DB08656"
"320","BENZOYL-TYROSINE-ALANINE-METHYL KETONE (DB08775)","0.8710","http://www.drugbank.ca/drugs/DB08775"
"321","(4'-{[Allyl(Methyl)Amino]Methyl}-1,1'-Biphenyl-4-Yl)(4-Bromophenyl)Methanone (DB03234)","0.8710","http://www.drugbank.ca/drugs/DB03234"
"322","2-Hydroxy-5-({1-[(4-Methylphenoxy)Methyl]-3-Oxoprop-1-Enyl}Amino)-L-Tyrosine (DB02537)","0.8710","http://www.drugbank.ca/drugs/DB02537"
"323","Clomifene (DB00882)","0.8709","http://www.drugbank.ca/drugs/DB00882"
"324","N-({4-[(2-aminopyridin-4-yl)oxy]-3-fluorophenyl}carbamoyl)-2-(4-fluorophenyl)acetamide (DB06995)","0.8706","http://www.drugbank.ca/drugs/DB06995"
"325","Oxyphenisatin (DB04823)","0.8705","http://www.drugbank.ca/drugs/DB04823"
"326","N-[(2R,3S)-3-AMINO-2-HYDROXY-4-PHENYLBUTYL]NAPHTHALENE-2-SULFONAMIDE (DB07522)","0.8703","http://www.drugbank.ca/drugs/DB07522"
"327","(5S)-5-(2-amino-2-oxoethyl)-4-oxo-N-[(3-oxo-3,4-dihydro-2H-1,4-benzoxazin-6-yl)methyl]-3,4,5,6,7,8-hexahydro[1]benzothieno[2,3-d]pyrimidine-2-carboxamide (DB07397)","0.8701","http://www.drugbank.ca/drugs/DB07397"
"328","Raltitrexed (DB00293)","0.8701","http://www.drugbank.ca/drugs/DB00293"
"329","Dapoxetine (DB04884)","0.8699","http://www.drugbank.ca/drugs/DB04884"
"330","2-(Biphenyl-4-Sulfonyl)-1,2,3,4-Tetrahydro-Isoquinoline-3-Carboxylic Acid (DB03207)","0.8698","http://www.drugbank.ca/drugs/DB03207"
"331","{(2Z)-4-AMINO-2-[(4-METHOXYPHENYL)IMINO]-2,3-DIHYDRO-1,3-THIAZOL-5-YL}(4-METHOXYPHENYL)METHANONE (DB07488)","0.8695","http://www.drugbank.ca/drugs/DB07488"
"332","N-[amino(imino)methyl]-2-[2-(2-chlorophenyl)-4-(4-propoxyphenyl)-3-thienyl]acetamide (DB07089)","0.8693","http://www.drugbank.ca/drugs/DB07089"
"333","2-[5,6-BIS-(4-METHOXY-PHENYL)-FURO[2,3-D]PYRIMIDIN-4-YLAMINO]-ETHANOL (DB08392)","0.8685","http://www.drugbank.ca/drugs/DB08392"
"334","Amsacrine (DB00276)","0.8685","http://www.drugbank.ca/drugs/DB00276"
"335","Glisoxepide (DB01289)","0.8682","http://www.drugbank.ca/drugs/DB01289"
"336","(6S)-2-amino-6-(3'-methoxybiphenyl-3-yl)-3,6-dimethyl-5,6-dihydropyrimidin-4(3H)-one (DB07874)","0.8682","http://www.drugbank.ca/drugs/DB07874"
"337","NALPHA-[(BENZYLOXY)CARBONYL]-N-[(1R)-4-HYDROXY-1-METHYL-2-OXOBUTYL]-L-PHENYLALANINAMIDE (DB08732)","0.8677","http://www.drugbank.ca/drugs/DB08732"
"338","5-cyclopropyl-2-(4-fluorophenyl)-6-[(2-hydroxyethyl)(methylsulfonyl)amino]-N-methyl-1-benzofuran-3-carboxamide (DB07238)","0.8672","http://www.drugbank.ca/drugs/DB07238"
"339","Tolvaptan (DB06212)","0.8671","http://www.drugbank.ca/drugs/DB06212"
"340","5-[3-(BENZYLAMINO)PHENYL]-4-BROMO-3-(CARBOXYMETHOXY)THIOPHENE-2-CARBOXYLIC ACID (DB07289)","0.8669","http://www.drugbank.ca/drugs/DB07289"
"341","(6R)-2-amino-6-[2-(3'-methoxybiphenyl-3-yl)ethyl]-3,6-dimethyl-5,6-dihydropyrimidin-4(3H)-one (DB07519)","0.8667","http://www.drugbank.ca/drugs/DB07519"
"342","(2R)-4-(2-BENZOYL-1,2-DIAZEPAN-1-YL)-4-OXO-1-(2,4,5-TRIFLUOROPHENYL)BUTAN-2-AMINE (DB08051)","0.8666","http://www.drugbank.ca/drugs/DB08051"
"343","Domperidone (DB01184)","0.8663","http://www.drugbank.ca/drugs/DB01184"
"344","PYRIMIDINE-4,6-DICARBOXYLIC ACID BIS-(3-METHYL-BENZYLAMIDE) (DB04759)","0.8661","http://www.drugbank.ca/drugs/DB04759"
"345","ZK-805623 (DB04432)","0.8661","http://www.drugbank.ca/drugs/DB04432"
"346","(2z)-2-(Benzoylamino)-3-[4-(2-Bromophenoxy)Phenyl]-2-Propenoic Acid (DB01720)","0.8655","http://www.drugbank.ca/drugs/DB01720"
"347","2-{2-[(3,5-dimethylphenyl)amino]pyrimidin-4-yl}-N-[(1S)-2-hydroxy-1-methylethyl]-4-methyl-1,3-thiazole-5-carboxamide (DB07194)","0.8649","http://www.drugbank.ca/drugs/DB07194"
"348","Balanol Analog 1 (DB02611)","0.8649","http://www.drugbank.ca/drugs/DB02611"
"349","3-HYDROXYPROPYL 3-[({7-[AMINO(IMINO)METHYL]-1-NAPHTHYL}AMINO)CARBONYL]BENZENESULFONATE (DB07022)","0.8644","http://www.drugbank.ca/drugs/DB07022"
"350","Chlorotrianisene (DB00269)","0.8642","http://www.drugbank.ca/drugs/DB00269"
"351","4-{2-[(3-Nitrobenzoyl)Amino]Phenoxy}Phthalic Acid (DB04044)","0.8635","http://www.drugbank.ca/drugs/DB04044"
"352","(2E)-1-[2-hydroxy-4-methoxy-5-(3-methylbut-2-en-1-yl)phenyl]-3-(4-hydroxyphenyl)prop-2-en-1-one (DB07500)","0.8634","http://www.drugbank.ca/drugs/DB07500"
"353","Rhodamine 6g (DB03825)","0.8631","http://www.drugbank.ca/drugs/DB03825"
"354","(2R)-N~4~-hydroxy-2-(3-hydroxybenzyl)-N~1~-[(1S,2R)-2-hydroxy-2,3-dihydro-1H-inden-1-yl]butanediamide (DB06837)","0.8631","http://www.drugbank.ca/drugs/DB06837"
"355","Riboflavin (DB00140)","0.8628","http://www.drugbank.ca/drugs/DB00140"
"356","N-(7-CARBAMIMIDOYL-NAPHTHALEN-1-YL)-3-HYDROXY-2-METHYL-BENZAMIDE (DB07212)","0.8627","http://www.drugbank.ca/drugs/DB07212"
"357","2-({4-[(5-CHLORO-1H-INDOL-2-YL)SULFONYL]PIPERAZIN-1-YL}CARBONYL)THIENO[3,2-B]PYRIDINE 4-OXIDE (DB07605)","0.8627","http://www.drugbank.ca/drugs/DB07605"
"358","Colchicine (DB01394)","0.8626","http://www.drugbank.ca/drugs/DB01394"
"359","5-(5-chloro-2,4-dihydroxyphenyl)-N-ethyl-4-[4-(morpholin-4-ylmethyl)phenyl]isoxazole-3-carboxamide (DB06961)","0.8622","http://www.drugbank.ca/drugs/DB06961"
"360","Olopatadine (DB00768)","0.8619","http://www.drugbank.ca/drugs/DB00768"
"361","2-MERCAPTO-N-[1,2,3,10-TETRAMETHOXY-9-OXO-5,6,7,9-TETRAHYDRO-BENZO[A]HEPTALEN-7-YL]ACETAMIDE (DB07574)","0.8619","http://www.drugbank.ca/drugs/DB07574"
"362","Sulfasalazine (DB00795)","0.8614","http://www.drugbank.ca/drugs/DB00795"
"363","(2S)-2-ETHOXY-3-{4-[2-(10H-PHENOXAZIN-10-YL)ETHOXY]PHENYL}PROPANOIC ACID (DB07675)","0.8610","http://www.drugbank.ca/drugs/DB07675"
"364","(E)-3,4-DIHYDROXY-N'-[(2-METHOXYNAPHTHALEN-1-YL)METHYLENE]BENZOHYDRAZIDE (DB08034)","0.8608","http://www.drugbank.ca/drugs/DB08034"
"365","(6S)-1-chloro-3-[(4-fluorobenzyl)oxy]-6-(pyrrolidin-1-ylcarbonyl)pyrrolo[1,2-a]pyrazin-4(6H)-one (DB07148)","0.8604","http://www.drugbank.ca/drugs/DB07148"
"366","Allyl-{6-[3-(4-Bromo-Phenyl)-Benzofuran-6-Yloxy]-Hexyl-}-Methyl-Amin (DB02339)","0.8599","http://www.drugbank.ca/drugs/DB02339"
"367","1,2,3-TRIHYDROXY-1,2,3,4-TETRAHYDROBENZO[A]PYRENE (DB07435)","0.8598","http://www.drugbank.ca/drugs/DB07435"
"368","Inhibitor Idd 384 (DB01689)","0.8598","http://www.drugbank.ca/drugs/DB01689"
"369","[1-(1-Methyl-4,5-Dioxo-Pent-2-Enylcarbamoyl)-2-Phenyl-Ethyl]-Carbamic Acid Benzyl Ester (DB01810)","0.8598","http://www.drugbank.ca/drugs/DB01810"
"370","3-[Isopropyl(4-Methylbenzoyl)Amino]-5-Phenylthiophene-2-Carboxylic Acid (DB03647)","0.8591","http://www.drugbank.ca/drugs/DB03647"
"371","3-{[(3-FLUORO-3'-METHOXYBIPHENYL-4-YL)AMINO]CARBONYL}THIOPHENE-2-CARBOXYLIC ACID (DB07976)","0.8590","http://www.drugbank.ca/drugs/DB07976"
"372","Bumetanide (DB00887)","0.8588","http://www.drugbank.ca/drugs/DB00887"
"373","Bis-Napthyl Beta-Ketophosphonic Acid (DB02360)","0.8582","http://www.drugbank.ca/drugs/DB02360"
"374","N-(2-chloro-6-methylphenyl)-8-[(3S)-3-methylpiperazin-1-yl]imidazo[1,5-a]quinoxalin-4-amine (DB08057)","0.8580","http://www.drugbank.ca/drugs/DB08057"
"375","2,5-DIPHENYLFURAN-3,4-DICARBOXYLIC ACID (DB08702)","0.8579","http://www.drugbank.ca/drugs/DB08702"
"376","Tadalafil (DB00820)","0.8578","http://www.drugbank.ca/drugs/DB00820"
"377","Thioridazine (DB00679)","0.8572","http://www.drugbank.ca/drugs/DB00679"
"378","3-[(Acetyl-Methyl-Amino)-Methyl]-4-Amino-N-Methyl-N-(1-Methyl-1h-Indol-2-Ylmethyl)-Benzamide (DB03534)","0.8571","http://www.drugbank.ca/drugs/DB03534"
"379","Daidzin (DB02115)","0.8570","http://www.drugbank.ca/drugs/DB02115"
"380","5-(4-CYANOPHENYL)-3-{[(2-METHYLPHENYL)SULFONYL]AMINO}THIOPHENE-2-CARBOXYLIC ACID (DB07547)","0.8570","http://www.drugbank.ca/drugs/DB07547"
"381","6-CARBAMIMIDOYL-2-[2-HYDROXY-5-(3-METHOXY-PHENYL)-INDAN-1-YL]-HEXANOIC ACID (DB06866)","0.8569","http://www.drugbank.ca/drugs/DB06866"
"382","5-(5-CHLORO-2,4-DIHYDROXYPHENYL)-N-ETHYL-4-(4-METHOXYPHENYL)ISOXAZOLE-3-CARBOXAMIDE (DB06964)","0.8567","http://www.drugbank.ca/drugs/DB06964"
"383","(3S,6S)-3,6-bis(4-hydroxybenzyl)piperazine-2,5-dione (DB08761)","0.8567","http://www.drugbank.ca/drugs/DB08761"
"384","N~4~-(3-methyl-1H-indazol-6-yl)-N~2~-(3,4,5-trimethoxyphenyl)pyrimidine-2,4-diamine (DB08519)","0.8564","http://www.drugbank.ca/drugs/DB08519"
"385","N-(3-Phenyl-2-Sulfanylpropanoyl)Phenylalanylalanine (DB02558)","0.8562","http://www.drugbank.ca/drugs/DB02558"
"386","3-(3,5-Dibromo-4-Hydroxy-Benzoyl)-2-Ethyl-Benzofuran-6-Sulfonic Acid Dimethylamide (DB04142)","0.8562","http://www.drugbank.ca/drugs/DB04142"
"387","2-[({2-[(1Z)-3-(DIMETHYLAMINO)PROP-1-ENYL]-4-FLUOROPHENYL}SULFONYL)AMINO]-5,6,7,8-TETRAHYDRONAPHTHALENE-1-CARBOXYLIC ACID (DB07323)","0.8561","http://www.drugbank.ca/drugs/DB07323"
"388","6-CARBAMIMIDOYL-2-[2-HYDROXY-6-(4-HYDROXY-PHENYL)-INDAN-1-YL]-HEXANOIC ACID (DB06865)","0.8561","http://www.drugbank.ca/drugs/DB06865"
"389","(S)-blebbistatin (DB01944)","0.8560","http://www.drugbank.ca/drugs/DB01944"
"390","Mesoridazine (DB00933)","0.8557","http://www.drugbank.ca/drugs/DB00933"
"391","PYRIMIDINE-4,6-DICARBOXYLIC ACID BIS-(4-FLUORO-3-METHYL-BENZYLAMIDE) (DB04760)","0.8557","http://www.drugbank.ca/drugs/DB04760"
"392","Moricizine (DB00680)","0.8552","http://www.drugbank.ca/drugs/DB00680"
"393","N-(TRANS-4'-NITRO-4-STILBENYL)-N-METHYL-5-AMINO-PENTANOIC ACID (DB08635)","0.8547","http://www.drugbank.ca/drugs/DB08635"
"394","Asimadoline (DB05104)","0.8543","http://www.drugbank.ca/drugs/DB05104"
"395","Pipazethate (DB08796)","0.8539","http://www.drugbank.ca/drugs/DB08796"
"396","N'-[(1E)-(3,5-dibromo-2,4-dihydroxyphenyl)methylidene]naphthalene-2-carbohydrazide (DB06949)","0.8535","http://www.drugbank.ca/drugs/DB06949"
"397","HCV-086 (DB05884)","0.8531","http://www.drugbank.ca/drugs/DB05884"
"398","5-(4-METHYL-BENZOYLAMINO)-BIPHENYL-3,4'-DICARBOXYLIC ACID 3-DIMETHYLAMIDE-4'-HYDROXYAMIDE (DB07586)","0.8524","http://www.drugbank.ca/drugs/DB07586"
"399","1-(3-(2,4-DIMETHYLTHIAZOL-5-YL)-4-OXO-2,4-DIHYDROINDENO[1,2-C]PYRAZOL-5-YL)-3-(4-METHYLPIPERAZIN-1-YL)UREA (DB07622)","0.8523","http://www.drugbank.ca/drugs/DB07622"
"400","1-BENZYL-3-(4-METHOXYPHENYLAMINO)-4-PHENYLPYRROLE-2,5-DIONE (DB08063)","0.8519","http://www.drugbank.ca/drugs/DB08063"
"401","N~3~-cyclopropyl-N~4~'-(cyclopropylmethyl)-6-methylbiphenyl-3,4'-dicarboxamide (DB07835)","0.8514","http://www.drugbank.ca/drugs/DB07835"
"402","6-(3',5'-DIMETHYLBENZYL)-1-ETHOXYMETHYL-5-ISOPROPYLURACIL (DB07820)","0.8513","http://www.drugbank.ca/drugs/DB07820"
"403","4-chloro-6-{5-[(2-morpholin-4-ylethyl)amino]-1,2-benzisoxazol-3-yl}benzene-1,3-diol (DB07601)","0.8513","http://www.drugbank.ca/drugs/DB07601"
"404","Piboserod (DB04873)","0.8512","http://www.drugbank.ca/drugs/DB04873"
"405","Cromoglicic acid (DB01003)","0.8510","http://www.drugbank.ca/drugs/DB01003"
"406","3-(3,5-Dibromo-4-Hydroxy-Benzoyl)-2-Ethyl-Benzofuran-6-Sulfonic Acid (4-Sulfamoyl-Phenyl)-Amide (DB02259)","0.8501","http://www.drugbank.ca/drugs/DB02259"
"407","Bifeprunox (DB04888)","0.8498","http://www.drugbank.ca/drugs/DB04888"
"408","N-[7-(3-AMINOPHENYL)-5-METHOXY-1,3-BENZOXAZOL-2-YL]-2,5-DICHLOROBENZENESULFONAMIDE (DB07270)","0.8495","http://www.drugbank.ca/drugs/DB07270"
"409","Pazopanib (DB06589)","0.8494","http://www.drugbank.ca/drugs/DB06589"
"410","(2R)-N-hydroxy-3-naphthalen-2-yl-2-[(naphthalen-2-ylsulfonyl)amino]propanamide (DB07861)","0.8493","http://www.drugbank.ca/drugs/DB07861"
"411","5-(AMINOCARBONYL)-1,1':4',1''-TERPHENYL-3-CARBOXYLICACID (DB04583)","0.8489","http://www.drugbank.ca/drugs/DB04583"
"412","Sildenafil (DB00203)","0.8483","http://www.drugbank.ca/drugs/DB00203"
"413","5-[(2-methyl-5-{[3-(trifluoromethyl)phenyl]carbamoyl}phenyl)amino]pyridine-3-carboxamide (DB07970)","0.8476","http://www.drugbank.ca/drugs/DB07970"
"414","Dicoumarol (DB00266)","0.8468","http://www.drugbank.ca/drugs/DB00266"
"415","1-[4-(PYRIDIN-4-YLOXY)PHENYL]-3-[3-(TRIFLUOROMETHYL)PHENYL]UREA (DB08043)","0.8460","http://www.drugbank.ca/drugs/DB08043"
"416","2-[(7-HYDROXY-NAPHTHALEN-1-YL)-OXALYL-AMINO]-BENZOIC ACID (DB07295)","0.8448","http://www.drugbank.ca/drugs/DB07295"
"417","[(1S)-1-(5-CHLORO-1-BENZOTHIEN-3-YL)-2-(2-NAPHTHYLAMINO)-2-OXOETHYL]PHOSPHONIC ACID (DB07680)","0.8446","http://www.drugbank.ca/drugs/DB07680"
"418","3-[(2,4-Dichlorobenzoyl)(Isopropyl)Amino]-5-Phenylthiophene-2-Carboxylic Acid (DB03388)","0.8445","http://www.drugbank.ca/drugs/DB03388"
"419","(2E)-N-{4-[(3-bromophenyl)amino]quinazolin-6-yl}-4-(dimethylamino)but-2-enamide (DB08564)","0.8444","http://www.drugbank.ca/drugs/DB08564"
"420","1-[(3S)-5-PHENYL-3-THIOPHEN-2-YL-3H-1,4-BENZODIAZEPIN-2-YL]AZETIDIN-3-OL (DB08698)","0.8438","http://www.drugbank.ca/drugs/DB08698"
"421","4-(1,3-BENZODIOXOL-5-YLOXY)-2-[4-(1H-IMIDAZOL-1-YL)PHENOXY]-6-METHYLPYRIMIDINE (DB07029)","0.8432","http://www.drugbank.ca/drugs/DB07029"
"422","N-ethyl-4-{[5-(methoxycarbamoyl)-2-methylphenyl]amino}-5-methylpyrrolo[2,1-f][1,2,4]triazine-6-carboxamide (DB06940)","0.8430","http://www.drugbank.ca/drugs/DB06940"
"423","Sorafenib (DB00398)","0.8424","http://www.drugbank.ca/drugs/DB00398"
"424","Compound 5, 2-(Naphthalen-1-Yl-Oxalyl-Amino)-Benzoicacid (DB03982)","0.8423","http://www.drugbank.ca/drugs/DB03982"
"425","4-(2-HYDROXYBENZYLAMINO)-N-(3-(4-FLUOROPHENOXY)PHENYL)PIPERIDINE-1-SULFONAMIDE (DB04632)","0.8421","http://www.drugbank.ca/drugs/DB04632"
"426","Tamsulosin (DB00706)","0.8418","http://www.drugbank.ca/drugs/DB00706"
"427","2-(3,4-DIHYDROXYPHENYL)-8-(1,1-DIOXIDOISOTHIAZOLIDIN-2-YL)-3-HYDROXY-6-METHYL-4H-CHROMEN-4-ONE (DB07024)","0.8416","http://www.drugbank.ca/drugs/DB07024"
"428","3-({[3,5-DIFLUORO-3'-(TRIFLUOROMETHOXY)BIPHENYL-4-YL]AMINO}CARBONYL)THIOPHENE-2-CARBOXYLIC ACID (DB07977)","0.8415","http://www.drugbank.ca/drugs/DB07977"
"429","N-(2-METHOXYETHYL)-4-({4-[2-METHYL-1-(1-METHYLETHYL)-1H-IMIDAZOL-5-YL]PYRIMIDIN-2-YL}AMINO)BENZENESULFONAMIDE (DB07790)","0.8408","http://www.drugbank.ca/drugs/DB07790"
"430","4-[[(1E)-2-(4-CHLOROPHENYL)ETHENYL]SULFONYL]-1-[[1-(4-PYRIDINYL)-4-PIPERIDINYL]METHYL]PIPERAZINONE (DB08745)","0.8407","http://www.drugbank.ca/drugs/DB08745"
"431","N~4~-methyl-N~4~-(3-methyl-1H-indazol-6-yl)-N~2~-(3,4,5-trimethoxyphenyl)pyrimidine-2,4-diamine (DB08042)","0.8401","http://www.drugbank.ca/drugs/DB08042"
"432","N-(4-CHLOROPHENYL)-3-(PHOSPHONOOXY)NAPHTHALENE-2-CARBOXAMIDE (DB08240)","0.8401","http://www.drugbank.ca/drugs/DB08240"
"433","1-Acetyl-4-(4-{4-[(2-Ethoxyphenyl)Thio]-3-Nitrophenyl}Pyridin-2-Yl)Piperazine (DB02177)","0.8397","http://www.drugbank.ca/drugs/DB02177"
"434","3-({4-[(5-CHLORO-1,3-BENZODIOXOL-4-YL)AMINO]PYRIMIDIN-2-YL}AMINO)BENZAMIDE (DB07256)","0.8387","http://www.drugbank.ca/drugs/DB07256"
"435","2-(1,3-benzodioxol-5-yl)-5-[(3-fluoro-4-methoxybenzyl)sulfanyl]-1,3,4-oxadiazole (DB07014)","0.8382","http://www.drugbank.ca/drugs/DB07014"
"436","(1-HYDROXY-1-PHOSPHONO-2-[1,1';3',1'']TERPHENYL-3-YL-ETHYL)-PHOSPHONIC ACID (DB07404)","0.8372","http://www.drugbank.ca/drugs/DB07404"
"437","(1-HYDROXY-1-PHOSPHONO-2-[1,1';4',1'']TERPHENYL-3-YL-ETHYL)-PHOSPHONIC ACID (DB07409)","0.8372","http://www.drugbank.ca/drugs/DB07409"
"438","Nogalaviketone (DB04064)","0.8372","http://www.drugbank.ca/drugs/DB04064"
"439","Allyl-{4-[3-(4-Bromo-Phenyl)-Benzofuran-6-Yloxy]-but-2-Enyl}-Methyl-Amine (DB03771)","0.8366","http://www.drugbank.ca/drugs/DB03771"
"440","1-(2-Amidinophenyl)-3-(Phenoxyphenyl)Urea (DB03337)","0.8364","http://www.drugbank.ca/drugs/DB03337"
"441","Sulfinpyrazone (DB01138)","0.8355","http://www.drugbank.ca/drugs/DB01138"
"442","(2S)-1-{4-[(4-ANILINO-5-BROMOPYRIMIDIN-2-YL)AMINO]PHENOXY}-3-(DIMETHYLAMINO)PROPAN-2-OL (DB07501)","0.8354","http://www.drugbank.ca/drugs/DB07501"
"443","(2R)-1-{4-[(4-ANILINO-5-BROMOPYRIMIDIN-2-YL)AMINO]PHENOXY}-3-(DIMETHYLAMINO)PROPAN-2-OL (DB07504)","0.8354","http://www.drugbank.ca/drugs/DB07504"
"444","2-(4-Morpholinyl)-8-Phenyl-4h-1-Benzopyran-4-One (DB02656)","0.8353","http://www.drugbank.ca/drugs/DB02656"
"445","Quetiapine (DB01224)","0.8334","http://www.drugbank.ca/drugs/DB01224"
"446","Mequitazine (DB01071)","0.8329","http://www.drugbank.ca/drugs/DB01071"
"447","4-(1,3-BENZODIOXOL-5-YLOXY)-2-[4-(1H-IMIDAZOL-1-YL)PHENOXY]PYRIMIDINE (DB07008)","0.8324","http://www.drugbank.ca/drugs/DB07008"
"448","3-(2-CHLOROPHENYL)-1-(2-{[(1S)-2-HYDROXY-1,2-DIMETHYLPROPYL]AMINO}PYRIMIDIN-4-YL)-1-(4-METHOXYPHENYL)UREA (DB08095)","0.8312","http://www.drugbank.ca/drugs/DB08095"
"449","N-[2-(1-Maleimidyl)Ethyl]-7-Diethylaminocoumarin-3-Carboxamide (DB02799)","0.8307","http://www.drugbank.ca/drugs/DB02799"
"450","5-Chloro-thiophene-2-carboxylic acid ((3S,4S)-1-{[2-fluoro-4-(2-oxo-2H-pyridin-1-yl)-phenylcarbamoyl]-methyl}-4-hydroxy-pyrrolidin-3-yl)-amide (DB07875)","0.8300","http://www.drugbank.ca/drugs/DB07875"
"451","[2-(3-DIBENZOFURAN-4-YL-PHENYL)-1-HYDROXY-1-PHOSPHONO-ETHYL]-PHOSPHONIC ACID (DB07410)","0.8299","http://www.drugbank.ca/drugs/DB07410"
"452","Rivaroxaban (DB06228)","0.8291","http://www.drugbank.ca/drugs/DB06228"
"453","5-chloro-N-({(5S)-2-oxo-3-[4-(3-oxomorpholin-4-yl)phenyl]-1,3-oxazolidin-5-yl}methyl)thiophene-2-carboxamide (DB08477)","0.8291","http://www.drugbank.ca/drugs/DB08477"
"454","Eprosartan (DB00876)","0.8290","http://www.drugbank.ca/drugs/DB00876"
"455","N-(5,5,8,8-Tetramethyl-5,8-Dihydro-Naphthalen-2-Yl)-Terephthalamic Acid (DB03873)","0.8280","http://www.drugbank.ca/drugs/DB03873"
"456","[1-HYDROXY-2-(1,1':3',1''-TERPHENYL-3-YLOXY)ETHANE-1,1-DIYL]BIS(PHOSPHONIC ACID) (DB07426)","0.8262","http://www.drugbank.ca/drugs/DB07426"
"457","Methadone (DB00333)","0.8258","http://www.drugbank.ca/drugs/DB00333"
"458","9-Hydroxy-8-Methoxy-6-Nitro-Phenanthrol[3,4-D][1,3]Dioxole-5-Carboxylic Acid (DB02636)","0.8255","http://www.drugbank.ca/drugs/DB02636"
"459","Tofisopam (DB08811)","0.8252","http://www.drugbank.ca/drugs/DB08811"
"460","Pirenzepine (DB00670)","0.8251","http://www.drugbank.ca/drugs/DB00670"
"461","N-(M-Trifluoromethylphenyl) Phenoxazine-4,6-Dicarboxylic Acid (DB02698)","0.8251","http://www.drugbank.ca/drugs/DB02698"
"462","Cinnarizine (DB00568)","0.8250","http://www.drugbank.ca/drugs/DB00568"
"463","Lucanthone (DB04967)","0.8242","http://www.drugbank.ca/drugs/DB04967"
"464","Diphemanil Methylsulfate (DB00729)","0.8241","http://www.drugbank.ca/drugs/DB00729"
"465","5-chloro-N-[(3R)-1-(2-{[2-fluoro-4-(2-oxopyridin-1(2H)-yl)phenyl]amino}-2-oxoethyl)pyrrolidin-3-yl]thiophene-2-carboxamide (DB07872)","0.8240","http://www.drugbank.ca/drugs/DB07872"
"466","4-CHLORO-6-(4-{4-[4-(METHYLSULFONYL)BENZYL]PIPERAZIN-1-YL}-1H-PYRAZOL-5-YL)BENZENE-1,3-DIOL (DB06957)","0.8240","http://www.drugbank.ca/drugs/DB06957"
"467","Meclizine (DB00737)","0.8236","http://www.drugbank.ca/drugs/DB00737"
"468","5-AMINO-2-{4-[(4-AMINOPHENYL)SULFANYL]PHENYL}-1H-ISOINDOLE-1,3(2H)-DIONE (DB07971)","0.8210","http://www.drugbank.ca/drugs/DB07971"
"469","Sitaxentan (DB06268)","0.8203","http://www.drugbank.ca/drugs/DB06268"
"470","Acetophenazine (DB01063)","0.8201","http://www.drugbank.ca/drugs/DB01063"
"471","Mitoxantrone (DB01204)","0.8189","http://www.drugbank.ca/drugs/DB01204"
"472","Itopride (DB04924)","0.8183","http://www.drugbank.ca/drugs/DB04924"
"473","5'-ACETYL-4-{[(2,4-DIMETHYLPHENYL)SULFONYL]AMINO}-2,2'-BITHIOPHENE-5-CARBOXYLIC ACID (DB08556)","0.8164","http://www.drugbank.ca/drugs/DB08556"
"474","Tamibarotene (DB04942)","0.8146","http://www.drugbank.ca/drugs/DB04942"
"475","Oxyphenbutazone (DB03585)","0.8139","http://www.drugbank.ca/drugs/DB03585"
"476","3-({4-[(5-chloro-1,3-benzodioxol-4-yl)amino]pyrimidin-2-yl}amino)benzenesulfonamide (DB07252)","0.8128","http://www.drugbank.ca/drugs/DB07252"
"477","Tmr (DB03903)","0.8126","http://www.drugbank.ca/drugs/DB03903"
"478","N'-(5-chloro-1,3-benzodioxol-4-yl)-N-(3-methylsulfonylphenyl)pyrimidine-2,4-diamine (DB07253)","0.8113","http://www.drugbank.ca/drugs/DB07253"
"479","Phenylbutazone (DB00812)","0.8098","http://www.drugbank.ca/drugs/DB00812"
"480","{4-[2,2-BIS(5-METHYL-1,2,4-OXADIAZOL-3-YL)-3-PHENYLPROPYL]PHENYL}SULFAMIC ACID (DB07127)","0.8051","http://www.drugbank.ca/drugs/DB07127"
"481","N-(TERT-BUTYL)-3,5-DIMETHYL-N'-[(5-METHYL-2,3-DIHYDRO-1,4-BENZODIOXIN-6-YL)CARBONYL]BENZOHYDRAZIDE (DB07929)","0.8042","http://www.drugbank.ca/drugs/DB07929"
"482","ONO-6818 (DB03925)","0.8036","http://www.drugbank.ca/drugs/DB03925"
"483","N-[3-[[4-[(5-CHLORO-1,3-BENZODIOXOL-4-YL)AMINO]PYRIMIDIN-2-YL]AMINO]PHENYL]METHANESULFONAMIDE (DB07254)","0.8032","http://www.drugbank.ca/drugs/DB07254"
"484","TC-5619 (DB06090)","0.8026","http://www.drugbank.ca/drugs/DB06090"
"485","Zuclopenthixol acetate (DB08919)","0.8023","http://www.drugbank.ca/drugs/DB08919"
"486","Diampromide (DB01502)","0.8003","http://www.drugbank.ca/drugs/DB01502"
"487","1-Allyl-3-Butyl-8-(N-Acetyl-4-Aminobenzyl)-Xanthine (DB03267)","0.7985","http://www.drugbank.ca/drugs/DB03267"
"488","4-(4-METHYLPIPERAZIN-1-YL)-N-[5-(2-THIENYLACETYL)-1,5-DIHYDROPYRROLO[3,4-C]PYRAZOL-3-YL]BENZAMIDE (DB07186)","0.7941","http://www.drugbank.ca/drugs/DB07186"
"489","Zuclopenthixol (DB01624)","0.7934","http://www.drugbank.ca/drugs/DB01624"
"490","Trimethobenzamide (DB00662)","0.7912","http://www.drugbank.ca/drugs/DB00662"
"491","2,3-Bis-Benzo[1,3]Dioxol-5-Ylmethyl-Succinic Acid (DB02154)","0.7882","http://www.drugbank.ca/drugs/DB02154"
"492","Azimilide (DB04957)","0.7876","http://www.drugbank.ca/drugs/DB04957"
"493","Thiothixene (DB01623)","0.7799","http://www.drugbank.ca/drugs/DB01623"
"494","Prazosin (DB00457)","0.7784","http://www.drugbank.ca/drugs/DB00457"
"495","Thioproperazine (DB01622)","0.7777","http://www.drugbank.ca/drugs/DB01622"
"496","N'-(5-CHLORO-1,3-BENZODIOXOL-4-YL)-N-(3,4,5- TRIMETHOXYPHENYL)PYRIMIDINE-2,4-DIAMINE (DB07250)","0.7600","http://www.drugbank.ca/drugs/DB07250"
"497","Raltegravir (DB06817)","0.7462","http://www.drugbank.ca/drugs/DB06817"
"498","N'-(3-CHLORO-4-METHOXY-PHENYL)-N-(3,4,5-TRIMETHOXYPHENYL)-1,3,5-TRIAZINE-2,4-DIAMINE (DB07251)","0.7455","http://www.drugbank.ca/drugs/DB07251"
"499","N-[2-(1,3-BENZODIOXOL-5-YL)ETHYL]-1-[2-(1H-IMIDAZOL-1-YL)-6-METHYLPYRIMIDIN-4-YL]-D-PROLINAMIDE (DB06916)","0.7404","http://www.drugbank.ca/drugs/DB06916"
"500","1-(2,3-dihydro-1,4-benzodioxin-6-ylsulfonyl)-4-[(4-methoxyphenyl)sulfonyl]piperazine (DB07697)","0.7179","http://www.drugbank.ca/drugs/DB07697"
