"","DrugBank Compound (Name, ID)","Similarity to ","Link"
"1","4-{2-[4-(2-Aminoethyl)Piperazin-1-Yl]Pyridin-4-Yl}-N-(3-Chloro-4-Methylphenyl)Pyrimidin-2-Amine (DB03916)","0.9565","http://www.drugbank.ca/drugs/DB03916"
"2","4-[(4-METHYL-1-PIPERAZINYL)METHYL]-N-[3-[[4-(3-PYRIDINYL)-2-PYRIMIDINYL]AMINO]PHENYL]-BENZAMIDE (DB04739)","0.9476","http://www.drugbank.ca/drugs/DB04739"
"3","Imatinib (DB00619)","0.9476","http://www.drugbank.ca/drugs/DB00619"
"4","N-cyclopropyl-4-methyl-3-{2-[(2-morpholin-4-ylethyl)amino]quinazolin-6-yl}benzamide (DB08351)","0.9469","http://www.drugbank.ca/drugs/DB08351"
"5","Delavirdine (DB00705)","0.9466","http://www.drugbank.ca/drugs/DB00705"
"6","CI-1033 (DB05424)","0.9462","http://www.drugbank.ca/drugs/DB05424"
"7","10-Propargyl-5,8-Dideazafolic Acid (DB03541)","0.9444","http://www.drugbank.ca/drugs/DB03541"
"8","N-{2-[6-(2,4-DIAMINO-6-ETHYLPYRIMIDIN-5-YL)-2,2-DIMETHYL-3-OXO-2,3-DIHYDRO-4H-1,4-BENZOXAZIN-4-YL]ETHYL}ACETAMIDE (DB07059)","0.9436","http://www.drugbank.ca/drugs/DB07059"
"9","4-{[5-chloro-4-(1H-indol-3-yl)pyrimidin-2-yl]amino}-N-ethylpiperidine-1-carboxamide (DB08005)","0.9430","http://www.drugbank.ca/drugs/DB08005"
"10","Prazosin (DB00457)","0.9410","http://www.drugbank.ca/drugs/DB00457"
"11","4-[4-(1-Amino-1-Methylethyl)Phenyl]-5-Chloro-N-[4-(2-Morpholin-4-Ylethyl)Phenyl]Pyrimidin-2-Amine (DB02491)","0.9399","http://www.drugbank.ca/drugs/DB02491"
"12","5-[4-(DIMETHYLAMINO)PHENYL]-6-[(6-MORPHOLIN-4-YLPYRIDIN-3-YL)ETHYNYL]PYRIMIDIN-4-AMINE (DB07280)","0.9397","http://www.drugbank.ca/drugs/DB07280"
"13","Terazosin (DB01162)","0.9393","http://www.drugbank.ca/drugs/DB01162"
"14","Quetiapine (DB01224)","0.9374","http://www.drugbank.ca/drugs/DB01224"
"15","MLN-518 (DB05465)","0.9362","http://www.drugbank.ca/drugs/DB05465"
"16","Gefitinib (DB00317)","0.9319","http://www.drugbank.ca/drugs/DB00317"
"17","Etonitazene (DB01462)","0.9314","http://www.drugbank.ca/drugs/DB01462"
"18","N-{5-[4-(4-METHYLPIPERAZIN-1-YL)PHENYL]-1H-PYRROLO[2,3-B]PYRIDIN-3-YL}NICOTINAMIDE (DB06876)","0.9308","http://www.drugbank.ca/drugs/DB06876"
"19","1-{2-[(4-CHLOROPHENYL)AMINO]-2-OXOETHYL}-N-(1-ISOPROPYLPIPERIDIN-4-YL)-1H-INDOLE-2-CARBOXAMIDE (DB07974)","0.9295","http://www.drugbank.ca/drugs/DB07974"
"20","N-(4-{[(3S)-3-(dimethylamino)pyrrolidin-1-yl]carbonyl}phenyl)-5-fluoro-4-[2-methyl-1-(1-methylethyl)-1H-imidazol-5-yl]pyrimidin-2-amine (DB07936)","0.9288","http://www.drugbank.ca/drugs/DB07936"
"21","N-(1-ISOPROPYLPIPERIDIN-4-YL)-1-(3-METHOXYBENZYL)-1H-INDOLE-2-CARBOXAMIDE (DB07973)","0.9278","http://www.drugbank.ca/drugs/DB07973"
"22","2-{4-[4-({4-[2-methyl-1-(1-methylethyl)-1H-imidazol-5-yl]pyrimidin-2-yl}amino)phenyl]piperazin-1-yl}-2-oxoethanol (DB07982)","0.9271","http://www.drugbank.ca/drugs/DB07982"
"23","Avanafil (DB06237)","0.9270","http://www.drugbank.ca/drugs/DB06237"
"24","6-(2,4-DIAMINO-6-ETHYLPYRIMIDIN-5-YL)-4-(3-METHOXYPROPYL)-2,2-DIMETHYL-2H-1,4-BENZOXAZIN-3(4H)-ONE (DB07174)","0.9268","http://www.drugbank.ca/drugs/DB07174"
"25","Acetophenazine (DB01063)","0.9267","http://www.drugbank.ca/drugs/DB01063"
"26","5-{[1-(2-fluorobenzyl)piperidin-4-yl]methoxy}quinazoline-2,4-diamine (DB07642)","0.9263","http://www.drugbank.ca/drugs/DB07642"
"27","5-Chloro-thiophene-2-carboxylic acid ((3S,4S)-1-{[2-fluoro-4-(2-oxo-2H-pyridin-1-yl)-phenylcarbamoyl]-methyl}-4-hydroxy-pyrrolidin-3-yl)-amide (DB07875)","0.9261","http://www.drugbank.ca/drugs/DB07875"
"28","1-ethyl-N-(phenylmethyl)-4-(tetrahydro-2H-pyran-4-ylamino)-1H-pyrazolo[3,4-b]pyridine-5-carboxamide (DB06909)","0.9259","http://www.drugbank.ca/drugs/DB06909"
"29","2-({2-[(3R)-3-AMINOPIPERIDIN-1-YL]-4-OXOQUINAZOLIN-3(4H)-YL}METHYL)BENZONITRILE (DB08588)","0.9257","http://www.drugbank.ca/drugs/DB08588"
"30","Astemizole (DB00637)","0.9249","http://www.drugbank.ca/drugs/DB00637"
"31","Sertindole (DB06144)","0.9243","http://www.drugbank.ca/drugs/DB06144"
"32","4-(4-METHYLPIPERAZIN-1-YL)-N-[5-(2-THIENYLACETYL)-1,5-DIHYDROPYRROLO[3,4-C]PYRAZOL-3-YL]BENZAMIDE (DB07186)","0.9229","http://www.drugbank.ca/drugs/DB07186"
"33","Clonitazene (DB01523)","0.9228","http://www.drugbank.ca/drugs/DB01523"
"34","6-[3-(4-Morpholinyl)Propyl]-2-(3-Nitrophenyl)-5-Thioxo-5,6,-Dihydro-7h-Thienol[2',3':4,5]Pyrrolo[1,2-C]Imidazol-7-One (DB03507)","0.9227","http://www.drugbank.ca/drugs/DB03507"
"35","Afatinib (DB08916)","0.9223","http://www.drugbank.ca/drugs/DB08916"
"36","N-{2-[6-(2,4-DIAMINO-6-ETHYLPYRIMIDIN-5-YL)-2,2-DIMETHYL-3-OXO-2,3-DIHYDRO-4H-1,4-BENZOTHIAZIN-4-YL]ETHYL}ACETAMIDE (DB06899)","0.9207","http://www.drugbank.ca/drugs/DB06899"
"37","(2R)-2-({9-(1-methylethyl)-6-[(4-pyridin-2-ylbenzyl)amino]-9H-purin-2-yl}amino)butan-1-ol (DB08463)","0.9204","http://www.drugbank.ca/drugs/DB08463"
"38","Moricizine (DB00680)","0.9204","http://www.drugbank.ca/drugs/DB00680"
"39","Alfuzosin (DB00346)","0.9203","http://www.drugbank.ca/drugs/DB00346"
"40","Doxazosin (DB00590)","0.9202","http://www.drugbank.ca/drugs/DB00590"
"41","4-[(2-{4-[(CYCLOPROPYLCARBAMOYL)AMINO]-1H-PYRAZOL-3-YL}-1H-BENZIMIDAZOL-6-YL)METHYL]MORPHOLIN-4-IUM (DB08067)","0.9195","http://www.drugbank.ca/drugs/DB08067"
"42","5-(4-PHENOXYPHENYL)-5-(4-PYRIMIDIN-2-YLPIPERAZIN-1-YL)PYRIMIDINE-2,4,6(2H,3H)-TRIONE (DB07117)","0.9188","http://www.drugbank.ca/drugs/DB07117"
"43","5-{[1-(2,3-dichlorobenzyl)piperidin-4-yl]methoxy}quinazoline-2,4-diamine (DB07643)","0.9183","http://www.drugbank.ca/drugs/DB07643"
"44","3-FLUORO-5-MORPHOLIN-4-YL-N-[1-(2-PYRIDIN-4-YLETHYL)-1H-INDOL-6-YL]BENZAMIDE (DB08730)","0.9182","http://www.drugbank.ca/drugs/DB08730"
"45","5-Chloro-1h-Indole-2-Carboxylic Acid [1-(4-Fluorobenzyl)-2-(4-Hydroxypiperidin-1yl)-2-Oxoethyl]Amide (DB03383)","0.9181","http://www.drugbank.ca/drugs/DB03383"
"46","Tadalafil (DB00820)","0.9177","http://www.drugbank.ca/drugs/DB00820"
"47","5-chloro-N-[(3R)-1-(2-{[2-fluoro-4-(2-oxopyridin-1(2H)-yl)phenyl]amino}-2-oxoethyl)pyrrolidin-3-yl]thiophene-2-carboxamide (DB07872)","0.9176","http://www.drugbank.ca/drugs/DB07872"
"48","Vilazodone (DB06684)","0.9175","http://www.drugbank.ca/drugs/DB06684"
"49","3-[(Acetyl-Methyl-Amino)-Methyl]-4-Amino-N-Methyl-N-(1-Methyl-1h-Indol-2-Ylmethyl)-Benzamide (DB03534)","0.9174","http://www.drugbank.ca/drugs/DB03534"
"50","Furo[2,3d]Pyrimidine Antifolate (DB02026)","0.9174","http://www.drugbank.ca/drugs/DB02026"
"51","(2R,4R)-N~1~-(4-CHLOROPHENYL)-N~2~-[2-FLUORO-4-(2-OXOPYRIDIN-1(2H)-YL)PHENYL]-4-METHOXYPYRROLIDINE-1,2-DICARBOXAMIDE (DB06920)","0.9174","http://www.drugbank.ca/drugs/DB06920"
"52","Ketoconazole (DB01026)","0.9170","http://www.drugbank.ca/drugs/DB01026"
"53","(13R,15S)-13-METHYL-16-OXA-8,9,12,22,24-PENTAAZAHEXACYCLO[15.6.2.16,9.1,12,15.0,2,7.0,21,25]HEPTACOSA-1(24),2,4,6,17(25),18,20-HEPTAENE-23,26-DIONE (DB06888)","0.9161","http://www.drugbank.ca/drugs/DB06888"
"54","Quinacrine (DB01103)","0.9158","http://www.drugbank.ca/drugs/DB01103"
"55","Almitrine (DB01430)","0.9153","http://www.drugbank.ca/drugs/DB01430"
"56","3-FLUORO-5-MORPHOLIN-4-YL-N-[3-(2-PYRIDIN-4-YLETHYL)-1H-INDOL-5-YL]BENZAMIDE (DB08091)","0.9148","http://www.drugbank.ca/drugs/DB08091"
"57","4-(2-{[4-{[3-(4-Chlorophenyl)Propyl]Sulfanyl}-6-(1-Piperazinyl)-1,3,5-Triazin-2-Yl]Amino}Ethyl)Phenol (DB04020)","0.9147","http://www.drugbank.ca/drugs/DB04020"
"58","Cp403700, (S)-1-{2-[(5-Chloro-1h-Indole-2-Carbonyl)-Amino]-3-Phenyl-Propionyl}-Azetidine-3-Carboxylate (DB03744)","0.9141","http://www.drugbank.ca/drugs/DB03744"
"59","6-ETHYL-5-[(2S)-1-(3-METHOXYPROPYL)-2-PHENYL-1,2,3,4-TETRAHYDROQUINOLIN-7-YL]PYRIMIDINE-2,4-DIAMINE (DB08099)","0.9140","http://www.drugbank.ca/drugs/DB08099"
"60","2-{4-[5-(4-chlorophenyl)-4-pyrimidin-4-yl-1H-pyrazol-3-yl]piperidin-1-yl}-2-oxoethanol (DB07943)","0.9139","http://www.drugbank.ca/drugs/DB07943"
"61","N-(5-CHLORO-BENZO[B]THIOPHEN-3-YLMETHYL)-2-[6-CHLORO-OXO-3-(2-PYRIDIN-2-YL-ETHYLAMINO)-2H-PYRAZIN-1-YL]-ACETAMIDE (DB07165)","0.9136","http://www.drugbank.ca/drugs/DB07165"
"62","5-CHLORO-THIOPHENE-2-CARBOXYLIC ACID ((3S,4S)-4-FLUORO- 1-{[2-FLUORO-4-(2-OXO-2H-PYRIDIN-1-YL)-PHENYLCARBAMOYL]-METHYL}-PYRROLIDIN-3-YL)-AMIDE (DB08143)","0.9135","http://www.drugbank.ca/drugs/DB08143"
"63","2-({5-CHLORO-2-[(2-METHOXY-4-MORPHOLIN-4-YLPHENYL)AMINO]PYRIMIDIN-4-YL}AMINO)-N-METHYLBENZAMIDE (DB07460)","0.9118","http://www.drugbank.ca/drugs/DB07460"
"64","Cetirizine (DB00341)","0.9114","http://www.drugbank.ca/drugs/DB00341"
"65","Nefazodone (DB01149)","0.9111","http://www.drugbank.ca/drugs/DB01149"
"66","1-(5-Tert-Butyl-2-P-Tolyl-2h-Pyrazol-3-Yl)-3-[4-(2-Morpholin-4-Yl-Ethoxy)-Naphthalen-1-Yl]-Urea (DB03044)","0.9108","http://www.drugbank.ca/drugs/DB03044"
"67","Pipazethate (DB08796)","0.9101","http://www.drugbank.ca/drugs/DB08796"
"68","(2S)-6-(2,4-DIAMINO-6-ETHYLPYRIMIDIN-5-YL)-2-(3,5-DIFLUOROPHENYL)-4-(3-METHOXYPROPYL)-2H-1,4-BENZOXAZIN-3(4H)-ONE (DB07113)","0.9098","http://www.drugbank.ca/drugs/DB07113"
"69","Bosutinib (DB06616)","0.9092","http://www.drugbank.ca/drugs/DB06616"
"70","Terconazole (DB00251)","0.9089","http://www.drugbank.ca/drugs/DB00251"
"71","(4R)-N-[4-({[2-(DIMETHYLAMINO)ETHYL]AMINO}CARBONYL)-1,3-THIAZOL-2-YL]-4-METHYL-1-OXO-2,3,4,9-TETRAHYDRO-1H-BETA-CARBOLINE-6-CARBOXAMIDE (DB07406)","0.9084","http://www.drugbank.ca/drugs/DB07406"
"72","6-(4-{(1S,2S)-2-AMINO-1-[(DIMETHYLAMINO)CARBONYL]-3-[(3S)-3-FLUOROPYRROLIDIN-1-YL]-3-OXOPROPYL}PHENYL)-1H-[1,2,4]TRIAZOLO[1,5-A]PYRIDIN-4-IUM (DB08504)","0.9080","http://www.drugbank.ca/drugs/DB08504"
"73","4-[(3S)-1-AZABICYCLO[2.2.2]OCT-3-YLAMINO]-3-(1H-BENZIMIDAZOL-2-YL)-6-CHLOROQUINOLIN-2(1H)-ONE (DB06852)","0.9073","http://www.drugbank.ca/drugs/DB06852"
"74","Ranolazine (DB00243)","0.9072","http://www.drugbank.ca/drugs/DB00243"
"75","CP-526423 (DB02089)","0.9071","http://www.drugbank.ca/drugs/DB02089"
"76","(S)-2-((S)-3-ISOBUTYL-2,5-DIOXO-4-QUINOLIN-3-YLMETHYL-[1,4]DIAZEPAN-1YL)-N-METHYL-3-NAPHTALEN-2-YL-PROPIONAMIDE (DB04724)","0.9067","http://www.drugbank.ca/drugs/DB04724"
"77","6,7-DIMETHOXY-4-[(3R)-3-(QUINOXALIN-2-YLOXY)PYRROLIDIN-1-YL]QUINAZOLINE (DB08391)","0.9066","http://www.drugbank.ca/drugs/DB08391"
"78","Vandetanib (DB05294)","0.9059","http://www.drugbank.ca/drugs/DB05294"
"79","Fluphenazine (DB00623)","0.9050","http://www.drugbank.ca/drugs/DB00623"
"80","Bepridil (DB01244)","0.9048","http://www.drugbank.ca/drugs/DB01244"
"81","N-Naphthalen-1-Ylmethyl-2'-[3,5-Dimethoxybenzamido]-2'-Deoxy-Adenosine (DB03331)","0.9045","http://www.drugbank.ca/drugs/DB03331"
"82","ZK-806711 (DB03373)","0.9036","http://www.drugbank.ca/drugs/DB03373"
"83","2-{2-[(3,5-dimethylphenyl)amino]pyrimidin-4-yl}-N-[(1S)-2-hydroxy-1-methylethyl]-4-methyl-1,3-thiazole-5-carboxamide (DB07194)","0.9029","http://www.drugbank.ca/drugs/DB07194"
"84","Azimilide (DB04957)","0.9029","http://www.drugbank.ca/drugs/DB04957"
"85","Dasatinib (DB01254)","0.9027","http://www.drugbank.ca/drugs/DB01254"
"86","1-Acetyl-4-(4-{4-[(2-Ethoxyphenyl)Thio]-3-Nitrophenyl}Pyridin-2-Yl)Piperazine (DB02177)","0.9022","http://www.drugbank.ca/drugs/DB02177"
"87","3-(1H-INDOL-3-YL)-4-(1-{2-[(2S)-1-METHYLPYRROLIDINYL]ETHYL}-1H-INDOL-3-YL)-1H-PYRROLE-2,5-DIONE (DB07456)","0.9017","http://www.drugbank.ca/drugs/DB07456"
"88","3-(1H-INDOL-3-YL)-4-{1-[2-(1-METHYLPYRROLIDIN-2-YL)ETHYL]-1H-INDOL-3-YL}-1H-PYRROLE-2,5-DIONE (DB07458)","0.9017","http://www.drugbank.ca/drugs/DB07458"
"89","Bopindolol (DB08807)","0.9017","http://www.drugbank.ca/drugs/DB08807"
"90","(2S)-1-{4-[(4-ANILINO-5-BROMOPYRIMIDIN-2-YL)AMINO]PHENOXY}-3-(DIMETHYLAMINO)PROPAN-2-OL (DB07501)","0.9013","http://www.drugbank.ca/drugs/DB07501"
"91","(2R)-1-{4-[(4-ANILINO-5-BROMOPYRIMIDIN-2-YL)AMINO]PHENOXY}-3-(DIMETHYLAMINO)PROPAN-2-OL (DB07504)","0.9013","http://www.drugbank.ca/drugs/DB07504"
"92","Morpholine-4-Carboxylic Acid [1-(2-Benzylsulfanyl-1-Formyl-Ethylcarbamoyl)-2-Phenyl-Ethyl]-Amide (DB03984)","0.9007","http://www.drugbank.ca/drugs/DB03984"
"93","N6-METHYL-(R)-ROSCOVITINE, R-2-[6-(BENZYL-METHYL-AMINO)-9-ISOPROPYL-9H-PURIN-2-YLAMINO]-BUTAN-1-OL (DB04776)","0.9005","http://www.drugbank.ca/drugs/DB04776"
"94","[4-(6-Chloro-Naphthalene-2-Sulfonyl)-Piperazin-1-Yl]-(3,4,5,6-Tetrahydro-2h-[1,4']Bipyridinyl-4-Yl)-Methanone (DB01836)","0.9005","http://www.drugbank.ca/drugs/DB01836"
"95","4-chloro-N-(3-methoxypropyl)-N-[(3S)-1-(2-phenylethyl)piperidin-3-yl]benzamide (DB08344)","0.9003","http://www.drugbank.ca/drugs/DB08344"
"96","Temafloxacin (DB01405)","0.8996","http://www.drugbank.ca/drugs/DB01405"
"97","OPC-51803 (DB05838)","0.8991","http://www.drugbank.ca/drugs/DB05838"
"98","Beta-hydroxyfentanyl (DB01453)","0.8990","http://www.drugbank.ca/drugs/DB01453"
"99","Cis-[4,5-Bis-(4-Bromophenyl)-2-(2-Ethoxy-4-Methoxyphenyl)-4,5-Dihydroimidazol-1-Yl]-[4-(2-Hydroxyethyl)Piperazin-1-Yl]Methanone (DB02872)","0.8984","http://www.drugbank.ca/drugs/DB02872"
"100","Diltiazem (DB00343)","0.8976","http://www.drugbank.ca/drugs/DB00343"
"101","Sildenafil (DB00203)","0.8976","http://www.drugbank.ca/drugs/DB00203"
"102","(3S)-1-(1,3-BENZODIOXOL-5-YLMETHYL)-3-[4-(1H-IMIDAZOL-1-YL)PHENOXY]PIPERIDINE (DB07011)","0.8975","http://www.drugbank.ca/drugs/DB07011"
"103","3-(2-CHLOROPHENYL)-1-(2-{[(1S)-2-HYDROXY-1,2-DIMETHYLPROPYL]AMINO}PYRIMIDIN-4-YL)-1-(4-METHOXYPHENYL)UREA (DB08095)","0.8969","http://www.drugbank.ca/drugs/DB08095"
"104","2-butoxy-9-(2,6-difluorobenzyl)-N-(2-morpholin-4-ylethyl)-9H-purin-6-amine (DB07937)","0.8969","http://www.drugbank.ca/drugs/DB07937"
"105","Cisapride (DB00604)","0.8952","http://www.drugbank.ca/drugs/DB00604"
"106","Thioproperazine (DB01622)","0.8948","http://www.drugbank.ca/drugs/DB01622"
"107","Pagoclone (DB04903)","0.8947","http://www.drugbank.ca/drugs/DB04903"
"108","S-{3-[(4-ANILINOQUINAZOLIN-6-YL)AMINO]-3-OXOPROPYL}-L-CYSTEINE (DB07602)","0.8941","http://www.drugbank.ca/drugs/DB07602"
"109","N-{(1s)-4-[Bis(2-Chloroethyl)Amino]-1-Methylbutyl}-N-(6-Chloro-2-Methoxy-9-Acridinyl)Amine (DB02240)","0.8939","http://www.drugbank.ca/drugs/DB02240"
"110","Ponatinib  (DB08901)","0.8937","http://www.drugbank.ca/drugs/DB08901"
"111","1-[4-(Octahydro-Pyrido[1,2-a]Pyrazin-2-Yl)-Phenyl]-2-Phenyl-1,2,3,4-Tetrahydro-Isoquinolin-6-Ol (DB03802)","0.8936","http://www.drugbank.ca/drugs/DB03802"
"112","2-Phenyl-1-[4-(2-Piperidin-1-Yl-Ethoxy)-Phenyl]-1,2,3,4-Tetrahydro-Isoquinolin-6-Ol (DB04471)","0.8935","http://www.drugbank.ca/drugs/DB04471"
"113","FR236913 (DB02830)","0.8933","http://www.drugbank.ca/drugs/DB02830"
"114","(2R)-1-[4-({4-[(2,5-DICHLOROPHENYL)AMINO]PYRIMIDIN-2-YL}AMINO)PHENOXY]-3-(DIMETHYLAMINO)PROPAN-2-OL (DB07750)","0.8932","http://www.drugbank.ca/drugs/DB07750"
"115","(2S)-1-[4-({4-[(2,5-DICHLOROPHENYL)AMINO]PYRIMIDIN-2-YL}AMINO)PHENOXY]-3-(DIMETHYLAMINO)PROPAN-2-OL (DB07755)","0.8932","http://www.drugbank.ca/drugs/DB07755"
"116","Aripiprazole (DB01238)","0.8930","http://www.drugbank.ca/drugs/DB01238"
"117","4-BROMO-2-FLUORO-N-[(4E)-6-METHOXY-7-[(1-METHYLPIPERIDIN-4-YL)METHOXY]QUINAZOLIN-4(1H)-YLIDENE]ANILINE (DB08764)","0.8928","http://www.drugbank.ca/drugs/DB08764"
"118","1-(DIMETHYLAMINO)-3-(4-{{4-(2-METHYLIMIDAZO[1,2-A]PYRIDIN-3-YL)PYRIMIDIN-2-YL]AMINO}PHENOXY)PROPAN-2-OL (DB07889)","0.8926","http://www.drugbank.ca/drugs/DB07889"
"119","N-[4-CHLORO-3-(PYRIDIN-3-YLOXYMETHYL)-PHENYL]-3-FLUORO- (DB08068)","0.8925","http://www.drugbank.ca/drugs/DB08068"
"120","Rbt205 Inhibitor (DB03777)","0.8914","http://www.drugbank.ca/drugs/DB03777"
"121","Cis-[4,5-Bis-(4-Chlorophenyl)-2-(2-Isopropoxy-4-Methoxyphenyl)-4,5-Dihyd Roimidazol-1-Yl]-Piperazin-1-Yl-Methanone (DB04144)","0.8913","http://www.drugbank.ca/drugs/DB04144"
"122","N-{(1S,2R)-2-hydroxy-1-[(hydroxyamino)carbonyl]propyl}-4-{[4-(morpholin-4-ylmethyl)phenyl]ethynyl}benzamide (DB07536)","0.8908","http://www.drugbank.ca/drugs/DB07536"
"123","N-[5-(1,1-DIOXIDOISOTHIAZOLIDIN-2-YL)-1H-INDAZOL-3-YL]-2-(4-PIPERIDIN-1-YLPHENYL)ACETAMIDE (DB07220)","0.8904","http://www.drugbank.ca/drugs/DB07220"
"124","Cinnarizine (DB00568)","0.8901","http://www.drugbank.ca/drugs/DB00568"
"125","4-CHLORO-6-(4-{4-[4-(METHYLSULFONYL)BENZYL]PIPERAZIN-1-YL}-1H-PYRAZOL-5-YL)BENZENE-1,3-DIOL (DB06957)","0.8899","http://www.drugbank.ca/drugs/DB06957"
"126","3-(2-AMINO-6-BENZOYLQUINAZOLIN-3(4H)-YL)-N-CYCLOHEXYL-N-METHYLPROPANAMIDE (DB08749)","0.8887","http://www.drugbank.ca/drugs/DB08749"
"127","Domperidone (DB01184)","0.8886","http://www.drugbank.ca/drugs/DB01184"
"128","3-(5-{[4-(AMINOMETHYL)PIPERIDIN-1-YL]METHYL}-1H-INDOL-2-YL)QUINOLIN-2(1H)-ONE (DB07025)","0.8885","http://www.drugbank.ca/drugs/DB07025"
"129","Vardenafil (DB00862)","0.8883","http://www.drugbank.ca/drugs/DB00862"
"130","[PHENYLALANINYL-PROLINYL]-[2-(PYRIDIN-4-YLAMINO)-ETHYL]-AMINE (DB08422)","0.8877","http://www.drugbank.ca/drugs/DB08422"
"131","1-(3-HYDROXYPROPYL)-2-[(3-NITROBENZOYL)AMINO]-1H-BENZIMIDAZOL-5-YL PIVALATE (DB08590)","0.8876","http://www.drugbank.ca/drugs/DB08590"
"132","(20S)-19,20,21,22-TETRAHYDRO-19-OXO-5H-18,20-ETHANO-12,14-ETHENO-6,10-METHENO-18H-BENZ[D]IMIDAZO[4,3-K][1,6,9,12]OXATRIAZA-CYCLOOCTADECOSINE-9-CARBONITRILE (DB08674)","0.8873","http://www.drugbank.ca/drugs/DB08674"
"133","Carfentanil (DB01535)","0.8868","http://www.drugbank.ca/drugs/DB01535"
"134","Piboserod (DB04873)","0.8867","http://www.drugbank.ca/drugs/DB04873"
"135","(2R)-N-HYDROXY-2-[(3S)-3-METHYL-3-{4-[(2-METHYLQUINOLIN-4-YL)METHOXY]PHENYL}-2-OXOPYRROLIDIN-1-YL]PROPANAMIDE (DB07145)","0.8862","http://www.drugbank.ca/drugs/DB07145"
"136","1-((1R)-1-(HYDROXYMETHYL)-3-{6-[(3-PHENYLPROPANOYL)AMINO]-1H-INDOL-1-YL}PROPYL)-1H-IMIDAZOLE-4-CARBOXAMIDE (DB07783)","0.8861","http://www.drugbank.ca/drugs/DB07783"
"137","1-(3-(2,4-DIMETHYLTHIAZOL-5-YL)-4-OXO-2,4-DIHYDROINDENO[1,2-C]PYRAZOL-5-YL)-3-(4-METHYLPIPERAZIN-1-YL)UREA (DB07622)","0.8861","http://www.drugbank.ca/drugs/DB07622"
"138","2-(2-{2-[(BIPHENYL-4-YLMETHYL)-AMINO]-3-MERCAPTO-PENTANOYLAMINO}-ACETYLAMINO)-3-METHYL-BUTYRIC ACID METHYL ESTER (DB08643)","0.8859","http://www.drugbank.ca/drugs/DB08643"
"139","Zuclopenthixol acetate (DB08919)","0.8859","http://www.drugbank.ca/drugs/DB08919"
"140","N-(5-chloro-1,3-benzodioxol-4-yl)-6-methoxy-7-(3-piperidin-1-ylpropoxy)quinazolin-4-amine (DB07249)","0.8859","http://www.drugbank.ca/drugs/DB07249"
"141","N-[2-(2,4-diaminopyrido[2,3-d]pyrimidin-7-yl)-2-methylpropyl]-4-phenoxybenzamide (DB07041)","0.8859","http://www.drugbank.ca/drugs/DB07041"
"142","Alpha-methylfentanyl (DB01557)","0.8858","http://www.drugbank.ca/drugs/DB01557"
"143","Carphenazine (DB01038)","0.8857","http://www.drugbank.ca/drugs/DB01038"
"144","N-1,2,3,4-Tetrahydronaphth-1-Yl-2'-[3,5-Dimethoxybenzamido]-2'-Deoxy-Adenosine (DB04477)","0.8857","http://www.drugbank.ca/drugs/DB04477"
"145","N-(4-MORPHOLINE)CARBONYL-B-(1-NAPHTHYL)-L-ALANINE-L-LEUCINE BORONIC ACID (DB04732)","0.8856","http://www.drugbank.ca/drugs/DB04732"
"146","Risperidone (DB00734)","0.8851","http://www.drugbank.ca/drugs/DB00734"
"147","Topotecan (DB01030)","0.8848","http://www.drugbank.ca/drugs/DB01030"
"148","N-((1R,2S)-2-(5-CHLORO-1H-INDOLE-2-CARBOXAMIDO)CYCLOHEXYL)-5-METHYL-4,5,6,7-TETRAHYDROTHIAZOLO[5,4-C]PYRIDINE-2-CARBOXAMIDE (DB07629)","0.8847","http://www.drugbank.ca/drugs/DB07629"
"149","N-((1R,2R)-2-(5-CHLORO-1H-INDOLE-2-CARBOXAMIDO)CYCLOHEXYL)-5-METHYL-4,5,6,7-TETRAHYDROTHIAZOLO[5,4-C]PYRIDINE-2-CARBOXAMIDE (DB07630)","0.8847","http://www.drugbank.ca/drugs/DB07630"
"150","Flunarizine (DB04841)","0.8842","http://www.drugbank.ca/drugs/DB04841"
"151","2-[1-(4-CHLOROBENZOYL)-5-METHOXY-2-METHYL-1H-INDOL-3-YL]-N-[(1R)-1-(HYDROXYMETHYL)PROPYL]ACETAMIDE (DB07981)","0.8841","http://www.drugbank.ca/drugs/DB07981"
"152","2-[1-(4-CHLOROBENZOYL)-5-METHOXY-2-METHYL-1H-INDOL-3-YL]-N-[(1S)-1-(HYDROXYMETHYL)PROPYL]ACETAMIDE (DB07984)","0.8841","http://www.drugbank.ca/drugs/DB07984"
"153","OLOMOUCINE II (DB04662)","0.8838","http://www.drugbank.ca/drugs/DB04662"
"154","(2S)-1-[4-({6-[(2,6-DIFLUOROPHENYL)AMINO]PYRIMIDIN-4-YL}AMINO)PHENOXY]-3-(DIMETHYLAMINO)PROPAN-2-OL (DB07751)","0.8837","http://www.drugbank.ca/drugs/DB07751"
"155","(2R)-1-[4-({6-[(2,6-DIFLUOROPHENYL)AMINO]PYRIMIDIN-4-YL}AMINO)PHENOXY]-3-(DIMETHYLAMINO)PROPAN-2-OL (DB07761)","0.8837","http://www.drugbank.ca/drugs/DB07761"
"156","N-Alpha-(2-Naphthylsulfonyl)-N(3-Amidino-L-Phenylalaninyl)-4-Acetyl-Piperazine (DB04125)","0.8833","http://www.drugbank.ca/drugs/DB04125"
"157","DMP450 (DB02102)","0.8830","http://www.drugbank.ca/drugs/DB02102"
"158","Meclizine (DB00737)","0.8826","http://www.drugbank.ca/drugs/DB00737"
"159","Methotrexate (DB00563)","0.8826","http://www.drugbank.ca/drugs/DB00563"
"160","5-Methyl-5,6,7,8-Tetrahydrofolic Acid (DB04375)","0.8824","http://www.drugbank.ca/drugs/DB04375"
"161","5-methyltetrahydrofolate (DB04789)","0.8824","http://www.drugbank.ca/drugs/DB04789"
"162","METHYL 1-(4-{[(2,4-DIAMINOPTERIDIN-6-YL)METHYL](METHYL)AMINO}BENZOYL)PIPERIDINE-4-CARBOXYLATE (DB07765)","0.8823","http://www.drugbank.ca/drugs/DB07765"
"163","3-CYCLOHEXYL-1-(2-MORPHOLIN-4-YL-2-OXOETHYL)-2-PHENYL-1H-INDOLE-6-CARBOXYLIC ACID (DB07570)","0.8819","http://www.drugbank.ca/drugs/DB07570"
"164","Propantheline (DB00782)","0.8814","http://www.drugbank.ca/drugs/DB00782"
"165","1-{3-[(4-pyridin-2-ylpiperazin-1-yl)sulfonyl]phenyl}-3-(1,3-thiazol-2-yl)urea (DB07817)","0.8813","http://www.drugbank.ca/drugs/DB07817"
"166","Asimadoline (DB05104)","0.8810","http://www.drugbank.ca/drugs/DB05104"
"167","3-[(1R)-1-(2,6-dichloro-3-fluorophenyl)ethoxy]-5-(1-piperidin-4-yl-1H-pyrazol-4-yl)pyridin-2-amine (DB08700)","0.8810","http://www.drugbank.ca/drugs/DB08700"
"168","2-[2-ETHANESULFONYLAMINO-3-(1H-INDOL-3-YL)-PROPIONYLAMINO]-PENTANEDIOIC ACID 5-AMIDE 1-(4-CARBAMIM IDOYL-BENZYLAMIDE) (DB04758)","0.8809","http://www.drugbank.ca/drugs/DB04758"
"169","N'-(5-CHLORO-1,3-BENZODIOXOL-4-YL)-N-(3-MORPHOLIN-4-YLPHENYL)PYRIMIDINE-2,4-DIAMINE (DB07255)","0.8808","http://www.drugbank.ca/drugs/DB07255"
"170","Allyl-{6-[3-(4-Bromo-Phenyl)-1-Methyl-1h-Indazol-6-Yl]Oxy}Hexyl)-N-Methylamine (DB03888)","0.8802","http://www.drugbank.ca/drugs/DB03888"
"171","Beta-hydroxy-3-methylfentanyl (DB01570)","0.8800","http://www.drugbank.ca/drugs/DB01570"
"172","Quinapril (DB00881)","0.8797","http://www.drugbank.ca/drugs/DB00881"
"173","Benazepril (DB00542)","0.8792","http://www.drugbank.ca/drugs/DB00542"
"174","METHYL 1-(4-{[(2,4-DIAMINOPTERIDIN-6-YL)METHYL]AMINO}BENZOYL)PIPERIDINE-4-CARBOXYLATE (DB07689)","0.8788","http://www.drugbank.ca/drugs/DB07689"
"175","ERA-923 (DB05414)","0.8780","http://www.drugbank.ca/drugs/DB05414"
"176","4-(2-aminoethoxy)-N-(3-chloro-5-piperidin-1-ylphenyl)-3,5-dimethylbenzamide (DB08697)","0.8779","http://www.drugbank.ca/drugs/DB08697"
"177","5-(5-chloro-2,4-dihydroxyphenyl)-N-ethyl-4-[4-(morpholin-4-ylmethyl)phenyl]isoxazole-3-carboxamide (DB06961)","0.8775","http://www.drugbank.ca/drugs/DB06961"
"178","[4-R-(4-ALPHA,6-BETA,7-BETA]-HEXAHYDRO-5,6-DI(HYDROXY)-1,3-DI(ALLYL)-4,7-BISPHENYLMETHYL)-2H-1,3-DIAZEPINONE (DB06910)","0.8773","http://www.drugbank.ca/drugs/DB06910"
"179","Dimenhydrinate (DB00985)","0.8772","http://www.drugbank.ca/drugs/DB00985"
"180","3-[3-(2,3-Dihydroxy-Propylamino)-Phenyl]-4-(5-Fluoro-1-Methyl-1h-Indol-3-Yl)-Pyrrole-2,5-Dione (DB01772)","0.8772","http://www.drugbank.ca/drugs/DB01772"
"181","1-{7-cyclohexyl-6-[4-(4-methylpiperazin-1-yl)benzyl]-7H-pyrrolo[2,3-d]pyrimidin-2-yl}methanamine (DB07563)","0.8770","http://www.drugbank.ca/drugs/DB07563"
"182","[1-(3-Hydroxy-2-Oxo-1-Phenethyl-Propylcarbamoyl)2-Phenyl-Ethyl]-Carbamic Acid Pyridin-4-Ylmethyl Ester (DB02128)","0.8769","http://www.drugbank.ca/drugs/DB02128"
"183","(2R)-1-(DIMETHYLAMINO)-3-{4-[(6-{[2-FLUORO-5-(TRIFLUOROMETHYL)PHENYL]AMINO}PYRIMIDIN-4-YL)AMINO]PHENOXY}PROPAN-2-OL (DB07054)","0.8767","http://www.drugbank.ca/drugs/DB07054"
"184","[4-({5-(AMINOCARBONYL)-4-[(3-METHYLPHENYL)AMINO]PYRIMIDIN-2-YL}AMINO)PHENYL]ACETIC ACID (DB08513)","0.8766","http://www.drugbank.ca/drugs/DB08513"
"185","Valsartan (DB00177)","0.8765","http://www.drugbank.ca/drugs/DB00177"
"186","OPC-28326 (DB05461)","0.8761","http://www.drugbank.ca/drugs/DB05461"
"187","Mirabegron  (DB08893)","0.8760","http://www.drugbank.ca/drugs/DB08893"
"188","N-BENZYLOXYCARBONYL-ALA-PRO-3-AMINO-4-PHENYL-BUTAN-2-OL (DB06886)","0.8758","http://www.drugbank.ca/drugs/DB06886"
"189","Bepotastine (DB04890)","0.8758","http://www.drugbank.ca/drugs/DB04890"
"190","N-(4-carbamimidoylbenzyl)-1-(3-phenylpropanoyl)-L-prolinamide (DB06942)","0.8758","http://www.drugbank.ca/drugs/DB06942"
"191","5-CHLORO-N-((1R,2S)-2-(4-(2-OXOPYRIDIN-1(2H)-YL)BENZAMIDO) CYCLOPENTYL)THIOPHENE-2-CARBOXAMIDE (DB08174)","0.8758","http://www.drugbank.ca/drugs/DB08174"
"192","Cyclopropyl-{4-[5-(3,4-Dichlorophenyl)-2-[(1-Methyl)-Piperidin]-4-Yl-3-Propyl-3h-Imidazol-4-Yl]-Pyrimidin-2-Yl}Amine (DB03084)","0.8756","http://www.drugbank.ca/drugs/DB03084"
"193","7-Hydroxystaurosporine (DB01933)","0.8755","http://www.drugbank.ca/drugs/DB01933"
"194","Compound 12, N-Acetyl-4-[(Carboxycarbonyl)(2-Carboxyphenyl)Amino]-N-Pentyl-1-Napthylalaniamide (DB01820)","0.8750","http://www.drugbank.ca/drugs/DB01820"
"195","(1-Methyl-1h-Imidazol-2-Yl)-(3-Methyl-4-{3-[(Pyridin-3-Ylmethyl)-Amino]-Propoxy}-Benzofuran-2-Yl)-Methanone (DB03062)","0.8746","http://www.drugbank.ca/drugs/DB03062"
"196","2-(3-CHLORO-6-{[2,2-DIFLUORO-2-(1-OXIDOPYRIDIN-2-YL)ETHYL]AMINO}-1-OXIDOPYRIDIN-2-YL)-N-[1-(3-CHLOROPHENYL)ETHYL]ACETAMIDE (DB04722)","0.8744","http://www.drugbank.ca/drugs/DB04722"
"197","1-[[(1E)-2-(4-CHLOROPHENYL)ETHENYL]SULFONYL]-4-[[1-(4-PYRIDINYL)-4-PIPERIDINYL]METHYL]PIPERAZINE (DB08746)","0.8744","http://www.drugbank.ca/drugs/DB08746"
"198","AZD2563 (DB04850)","0.8744","http://www.drugbank.ca/drugs/DB04850"
"199","3-Methylfentanyl (DB01571)","0.8742","http://www.drugbank.ca/drugs/DB01571"
"200","[5-AMINO-1-(4-FLUOROPHENYL)-1H-PYRAZOL-4-YL][3-(PIPERIDIN-4-YLOXY)PHENYL]METHANONE (DB08423)","0.8741","http://www.drugbank.ca/drugs/DB08423"
"201","Encainide (DB01228)","0.8731","http://www.drugbank.ca/drugs/DB01228"
"202","Buclizine (DB00354)","0.8718","http://www.drugbank.ca/drugs/DB00354"
"203","Azelastine (DB00972)","0.8717","http://www.drugbank.ca/drugs/DB00972"
"204","Aminopterin (DB08878)","0.8716","http://www.drugbank.ca/drugs/DB08878"
"205","Br-Coeleneterazine (DB02006)","0.8714","http://www.drugbank.ca/drugs/DB02006"
"206","I-Coeleneterazine (DB04146)","0.8714","http://www.drugbank.ca/drugs/DB04146"
"207","D-phenylalanyl-N-{4-[amino(iminio)methyl]benzyl}-L-prolinamide (DB07005)","0.8714","http://www.drugbank.ca/drugs/DB07005"
"208","4-(2-aminoethoxy)-N-(3-chloro-2-ethoxy-5-piperidin-1-ylphenyl)-3,5-dimethylbenzamide (DB07626)","0.8708","http://www.drugbank.ca/drugs/DB07626"
"209","Pimozide (DB01100)","0.8707","http://www.drugbank.ca/drugs/DB01100"
"210","(10R)-10-Formyl-5,8,10-Trideazafolic Acid (DB04264)","0.8707","http://www.drugbank.ca/drugs/DB04264"
"211","(3R,4R)-1-{6-[3-(METHYLSULFONYL)PHENYL]PYRIMIDIN-4-YL}-4-(2,4,5-TRIFLUOROPHENYL)PIPERIDIN-3-AMINE (DB08164)","0.8706","http://www.drugbank.ca/drugs/DB08164"
"212","(2S)-4-(2,5-DIFLUOROPHENYL)-N-METHYL-2-PHENYL-N-PIPERIDIN-4-YL-2,5-DIHYDRO-1H-PYRROLE-1-CARBOXAMIDE (DB08239)","0.8705","http://www.drugbank.ca/drugs/DB08239"
"213","N-(R-Carboxy-Ethyl)-Alpha-(S)-(2-Phenylethyl)Glycyl-L-Arginine-N-Phenylamide (DB02747)","0.8703","http://www.drugbank.ca/drugs/DB02747"
"214","Tl-3-093 (DB01891)","0.8700","http://www.drugbank.ca/drugs/DB01891"
"215","Silodosin (DB06207)","0.8698","http://www.drugbank.ca/drugs/DB06207"
"216","(10S)-10-Formyl-5,8,10-Trideazafolic Acid (DB02540)","0.8688","http://www.drugbank.ca/drugs/DB02540"
"217","6,7-DIMETHOXY-4-[(3R)-3-(2-NAPHTHYLOXY)PYRROLIDIN-1-YL]QUINAZOLINE (DB08389)","0.8684","http://www.drugbank.ca/drugs/DB08389"
"218","Merimepodib (DB04862)","0.8683","http://www.drugbank.ca/drugs/DB04862"
"219","O6-(R)-ROSCOVITINE, R-2-(6-BENZYLOXY-9-ISOPROPYL-9H-PURIN-2-YLAMINO)-BUTAN-1-OL (DB04770)","0.8680","http://www.drugbank.ca/drugs/DB04770"
"220","Amperozide (DB08927)","0.8680","http://www.drugbank.ca/drugs/DB08927"
"221","1-BENZYL-3-(4-METHOXYPHENYLAMINO)-4-PHENYLPYRROLE-2,5-DIONE (DB08063)","0.8678","http://www.drugbank.ca/drugs/DB08063"
"222","N-(6-{[3-(4-Bromophenyl)-1,2-Benzisothiazol-6-Yl]Oxy}Hexyl)-N-Methylprop-2-En-1-Amine (DB02544)","0.8673","http://www.drugbank.ca/drugs/DB02544"
"223","Udenafil (DB06267)","0.8669","http://www.drugbank.ca/drugs/DB06267"
"224","K201 (DB02929)","0.8667","http://www.drugbank.ca/drugs/DB02929"
"225","(4R,2S)-5'-(4-(4-CHLOROBENZYLOXY)PYRROLIDIN-2-YLMETHANESULFONYL)ISOQUINOLINE (DB07583)","0.8665","http://www.drugbank.ca/drugs/DB07583"
"226","3-(1h-Indol-3-Yl)-2-[4-(4-Phenyl-Piperidin-1-Yl)-Benzenesulfonylamino]-Propionic Acid (DB02449)","0.8664","http://www.drugbank.ca/drugs/DB02449"
"227","2,4-Diamino-5-Methyl-6-[(3,4,5-Trimethoxy-N-Methylanilino)Methyl]Pyrido[2,3-D]Pyrimidine (DB02104)","0.8649","http://www.drugbank.ca/drugs/DB02104"
"228","(20S)-19,20,22,23-TETRAHYDRO-19-OXO-5H,21H-18,20-ETHANO-12,14-ETHENO-6,10-METHENOBENZ[D]IMIDAZO[4,3-L][1,6,9,13]OXATRIAZACYCLONOADECOSINE-9-CARBONITRILE (DB08676)","0.8646","http://www.drugbank.ca/drugs/DB08676"
"229","N-(2-METHOXYETHYL)-4-({4-[2-METHYL-1-(1-METHYLETHYL)-1H-IMIDAZOL-5-YL]PYRIMIDIN-2-YL}AMINO)BENZENESULFONAMIDE (DB07790)","0.8645","http://www.drugbank.ca/drugs/DB07790"
"230","2-(6-CHLORO-3-{[2,2-DIFLUORO-2-(1-OXIDO-2-PYRIDINYL)ETHYL]AMINO}-2-OXO-1(2H)-PYRAZINYL)-N-[(2-FLUOROPHENYL)METHYL]ACETAMIDE (DB07550)","0.8642","http://www.drugbank.ca/drugs/DB07550"
"231","PYRIMIDINE-4,6-DICARBOXYLIC ACID BIS-(3-METHYL-BENZYLAMIDE) (DB04759)","0.8641","http://www.drugbank.ca/drugs/DB04759"
"232","N-ethyl-4-{[5-(methoxycarbamoyl)-2-methylphenyl]amino}-5-methylpyrrolo[2,1-f][1,2,4]triazine-6-carboxamide (DB06940)","0.8636","http://www.drugbank.ca/drugs/DB06940"
"233","Erlotinib (DB00530)","0.8632","http://www.drugbank.ca/drugs/DB00530"
"234","(2S)-4-(2,5-difluorophenyl)-N-[(3R,4S)-3-fluoro-1-methylpiperidin-4-yl]-2-(hydroxymethyl)-N-methyl-2-phenyl-2,5-dihydro-1H-pyrrole-1-carboxamide (DB08037)","0.8629","http://www.drugbank.ca/drugs/DB08037"
"235","2,4-Diamino-6-[N-(3',4',5'-Trimethoxybenzyl)-N-Methylamino]Pyrido[2,3-D]Pyrimidine (DB02919)","0.8627","http://www.drugbank.ca/drugs/DB02919"
"236","Nicergoline (DB00699)","0.8625","http://www.drugbank.ca/drugs/DB00699"
"237","(2R,4S)-2-[(R)-BENZYLCARBAMOYL-PHENYLACETYL-METHYL]-5,5-DIMETHYL-THIAZOLIDINE-4-CARBOXYLIC ACID (DB07806)","0.8625","http://www.drugbank.ca/drugs/DB07806"
"238","3-[1-(3-Aminopropyl)-1h-Indol-3-Yl]-4-(1-Methyl-1h-Indol-3-Yl)-1h-Pyrrole-2,5-Dione (DB01946)","0.8622","http://www.drugbank.ca/drugs/DB01946"
"239","N-Alpha-(2-Naphthylsulfonyl)-N-(3-Amidino-L-Phenylalaninyl)-D-Pipecolinic Acid (DB04238)","0.8622","http://www.drugbank.ca/drugs/DB04238"
"240","1-(2-Fluorobenzyl)-3-Butyl-8-(N-Acetyl-4-Aminobenzyl)-Xanthine (DB02008)","0.8622","http://www.drugbank.ca/drugs/DB02008"
"241","N-(5-{[(2S)-4-amino-2-(3-chlorophenyl)butanoyl]amino}-1H-indazol-3-yl)benzamide (DB07608)","0.8620","http://www.drugbank.ca/drugs/DB07608"
"242","Sunitinib (DB01268)","0.8619","http://www.drugbank.ca/drugs/DB01268"
"243","4-(BENZHYDRYLOXY)-1-[3-(1H-TETRAAZOL-5-YL)PROPYL]PIPERIDINE (DB07917)","0.8614","http://www.drugbank.ca/drugs/DB07917"
"244","PUROMYCIN (DB08437)","0.8612","http://www.drugbank.ca/drugs/DB08437"
"245","N-{2'-[(4-FLUOROPHENYL)AMINO]-4,4'-BIPYRIDIN-2-YL}-4-METHOXYCYCLOHEXANECARBOXAMIDE (DB08025)","0.8604","http://www.drugbank.ca/drugs/DB08025"
"246","[1-(1-Benzyl-3-Hydroxy-2-Oxo-Propylcarbamoyl)-2-Phenyl-Ethyl]-Carbamic Acid Benzyl Ester (DB01871)","0.8595","http://www.drugbank.ca/drugs/DB01871"
"247","Iloperidone (DB04946)","0.8593","http://www.drugbank.ca/drugs/DB04946"
"248","3-{6-[(8-HYDROXY-QUINOLINE-2-CARBONYL)-AMINO]-2-THIOPHEN-2-YL-HEXANOYLAMINO}-4-OXO-BUTYRI ACID (DB07916)","0.8590","http://www.drugbank.ca/drugs/DB07916"
"249","Fluspirilene (DB04842)","0.8585","http://www.drugbank.ca/drugs/DB04842"
"250","Thiothixene (DB01623)","0.8583","http://www.drugbank.ca/drugs/DB01623"
"251","N~6~-cyclohexyl-N~2~-(4-morpholin-4-ylphenyl)-9H-purine-2,6-diamine (DB07340)","0.8581","http://www.drugbank.ca/drugs/DB07340"
"252","Purvalanol (DB02733)","0.8578","http://www.drugbank.ca/drugs/DB02733"
"253","4-(1-Benzyl-3-Carbamoylmethyl-2-Methyl-1h-Indol-5-Yloxy)-Butyric Acid (DB02936)","0.8569","http://www.drugbank.ca/drugs/DB02936"
"254","CF-101 (DB05511)","0.8566","http://www.drugbank.ca/drugs/DB05511"
"255","Purvalanol A (DB04751)","0.8553","http://www.drugbank.ca/drugs/DB04751"
"256","Amiodarone (DB01118)","0.8553","http://www.drugbank.ca/drugs/DB01118"
"257","1-{[1-(2-AMINO-3-PHENYL-PROPIONYL)-PYRROLIDINE-2-CARBONYL]-AMINO}-2-(3-CYANO-PHENYL)-ETHANEBORONIC ACID (DB08420)","0.8553","http://www.drugbank.ca/drugs/DB08420"
"258","Pipotiazine (DB01621)","0.8551","http://www.drugbank.ca/drugs/DB01621"
"259","N-Alpha-(2-Naphthylsulfonyl)-N(3-Amidino-L-Phenylalaninyl)Isopipecolinic Acid Methyl Ester (DB01745)","0.8549","http://www.drugbank.ca/drugs/DB01745"
"260","Tolvaptan (DB06212)","0.8549","http://www.drugbank.ca/drugs/DB06212"
"261","Flavoxate (DB01148)","0.8549","http://www.drugbank.ca/drugs/DB01148"
"262","(R)-tacrine(10)-hupyridone (DB04614)","0.8545","http://www.drugbank.ca/drugs/DB04614"
"263","(S)-tacrine(10)-hupyridone (DB04615)","0.8545","http://www.drugbank.ca/drugs/DB04615"
"264","Balanol Analog 2 (DB01940)","0.8545","http://www.drugbank.ca/drugs/DB01940"
"265","(2-Sulfanyl-3-Phenylpropanoyl)-Phe-Tyr (DB03949)","0.8545","http://www.drugbank.ca/drugs/DB03949"
"266","TC-5619 (DB06090)","0.8538","http://www.drugbank.ca/drugs/DB06090"
"267","N-[2-(1,3-BENZODIOXOL-5-YL)ETHYL]-1-[2-(1H-IMIDAZOL-1-YL)-6-METHYLPYRIMIDIN-4-YL]-D-PROLINAMIDE (DB06916)","0.8537","http://www.drugbank.ca/drugs/DB06916"
"268","PYRIMIDINE-4,6-DICARBOXYLIC ACID BIS-(4-FLUORO-3-METHYL-BENZYLAMIDE) (DB04760)","0.8537","http://www.drugbank.ca/drugs/DB04760"
"269","Clomifene (DB00882)","0.8532","http://www.drugbank.ca/drugs/DB00882"
"270","N~4~-methyl-N~4~-(3-methyl-1H-indazol-6-yl)-N~2~-(3,4,5-trimethoxyphenyl)pyrimidine-2,4-diamine (DB08042)","0.8531","http://www.drugbank.ca/drugs/DB08042"
"271","Bentiromide (DB00522)","0.8527","http://www.drugbank.ca/drugs/DB00522"
"272","Trimethaphan (DB01116)","0.8527","http://www.drugbank.ca/drugs/DB01116"
"273","Nicardipine (DB00622)","0.8526","http://www.drugbank.ca/drugs/DB00622"
"274","(9r,10r)-9-(S-Glutathionyl)-10-Hydroxy-9,10-Dihydrophenanthrene (DB01834)","0.8525","http://www.drugbank.ca/drugs/DB01834"
"275","(9s,10s)-9-(S-Glutathionyl)-10-Hydroxy-9,10-Dihydrophenanthrene (DB04187)","0.8525","http://www.drugbank.ca/drugs/DB04187"
"276","Trovafloxacin (DB00685)","0.8523","http://www.drugbank.ca/drugs/DB00685"
"277","2-METHYL-2-(4-{[({4-METHYL-2-[4-(TRIFLUOROMETHYL)PHENYL]-1,3-THIAZOL-5-YL}CARBONYL)AMINO]METHYL}PHENOXY)PROPANOIC ACID (DB07215)","0.8520","http://www.drugbank.ca/drugs/DB07215"
"278","[4-(3-AMINOMETHYL-PHENYL)-PIPERIDIN-1-YL]-(5-PHENETHYL- PYRIDIN-3-YL)-METHANONE (DB04764)","0.8515","http://www.drugbank.ca/drugs/DB04764"
"279","4-Amino-N-{4-[2-(2,6-Dimethyl-Phenoxy)-Acetylamino]-3-Hydroxy-1-Isobutyl-5-Phenyl-Pentyl}-Benzamide (DB04373)","0.8511","http://www.drugbank.ca/drugs/DB04373"
"280","3-Amino-N-{4-[2-(2,6-Dimethyl-Phenoxy)-Acetylamino]-3-Hydroxy-1-Isobutyl-5-Phenyl-Pentyl}-Benzamide (DB04378)","0.8511","http://www.drugbank.ca/drugs/DB04378"
"281","Trimetrexate (DB01157)","0.8511","http://www.drugbank.ca/drugs/DB01157"
"282","Bezitramide (DB01459)","0.8506","http://www.drugbank.ca/drugs/DB01459"
"283","Rimonabant (DB06155)","0.8505","http://www.drugbank.ca/drugs/DB06155"
"284","3-({4-[(5-CHLORO-1,3-BENZODIOXOL-4-YL)AMINO]PYRIMIDIN-2-YL}AMINO)BENZAMIDE (DB07256)","0.8504","http://www.drugbank.ca/drugs/DB07256"
"285","1-[2-HYDROXY-3-(4-CYCLOHEXYL-PHENOXY)-PROPYL]-4-(2-PYRIDYL)-PIPERAZINE (DB08543)","0.8503","http://www.drugbank.ca/drugs/DB08543"
"286","N-{2,2-DIFLUORO-2-[(2R)-PIPERIDIN-2-YL]ETHYL}-2-[2-(1H-1,2,4-TRIAZOL-1-YL)BENZYL][1,3]OXAZOLO[4,5-C]PYRIDIN-4-AMINE (DB04591)","0.8502","http://www.drugbank.ca/drugs/DB04591"
"287","N-butyl-3-{[6-(9H-purin-6-ylamino)hexanoyl]amino}benzamide (DB07801)","0.8501","http://www.drugbank.ca/drugs/DB07801"
"288","Fexaramine (DB02545)","0.8495","http://www.drugbank.ca/drugs/DB02545"
"289","N-[(13-CYCLOHEXYL-6,7-DIHYDROINDOLO[1,2-D][1,4]BENZOXAZEPIN-10-YL)CARBONYL]-2-METHYL-L-ALANINE (DB08031)","0.8491","http://www.drugbank.ca/drugs/DB08031"
"290","(2s)-2-[(2,4-Dichloro-Benzoyl)-(3-Trifluoromethyl-Benzyl)-Amino]-3-Phenyl-Propionic Acid (DB03605)","0.8487","http://www.drugbank.ca/drugs/DB03605"
"291","MACITENTAN (DB08932)","0.8479","http://www.drugbank.ca/drugs/DB08932"
"292","N-(3-TERT-BUTYL-1H-PYRAZOL-5-YL)-N'-{4-CHLORO-3-[(PYRIDIN-3-YLOXY)METHYL]PHENYL}UREA (DB08064)","0.8473","http://www.drugbank.ca/drugs/DB08064"
"293","Rilpivirine (DB08864)","0.8473","http://www.drugbank.ca/drugs/DB08864"
"294","TMC278 (DB05083)","0.8473","http://www.drugbank.ca/drugs/DB05083"
"295","Compound 4-D (DB03742)","0.8467","http://www.drugbank.ca/drugs/DB03742"
"296","1-[1-(3-aminophenyl)-3-tert-butyl-1H-pyrazol-5-yl]-3-phenylurea (DB06883)","0.8466","http://www.drugbank.ca/drugs/DB06883"
"297","4-[[(1E)-2-(4-CHLOROPHENYL)ETHENYL]SULFONYL]-1-[[1-(4-PYRIDINYL)-4-PIPERIDINYL]METHYL]PIPERAZINONE (DB08745)","0.8465","http://www.drugbank.ca/drugs/DB08745"
"298","Linagliptin  (DB08882)","0.8463","http://www.drugbank.ca/drugs/DB08882"
"299","N~4~-(3-methyl-1H-indazol-6-yl)-N~2~-(3,4,5-trimethoxyphenyl)pyrimidine-2,4-diamine (DB08519)","0.8459","http://www.drugbank.ca/drugs/DB08519"
"300","Cefpiramide (DB00430)","0.8451","http://www.drugbank.ca/drugs/DB00430"
"301","N-(2-AMINOETHYL)-N~2~-{(1S)-1-[4'-(AMINOSULFONYL)BIPHENYL-4-YL]-2,2,2-TRIFLUOROETHYL}-L-LEUCINAMIDE (DB08270)","0.8445","http://www.drugbank.ca/drugs/DB08270"
"302","2-{[(6-OXO-1,6-DIHYDROPYRIDIN-3-YL)METHYL]AMINO}-N-[4-PROPYL-3-(TRIFLUOROMETHYL)PHENYL]BENZAMIDE (DB07831)","0.8444","http://www.drugbank.ca/drugs/DB07831"
"303","N~2~-[(BENZYLOXY)CARBONYL]-N-[(1S,2S)-2-HYDROXY-1-(4-HYDROXYBENZYL)PROPYL]-L-LEUCINAMIDE (DB07571)","0.8435","http://www.drugbank.ca/drugs/DB07571"
"304","1-[2-(3-Biphenyl)-4-Methylvaleryl)]Amino-3-(2-Pyridylsulfonyl)Amino-2-Propanone (DB04244)","0.8435","http://www.drugbank.ca/drugs/DB04244"
"305","(2R)-({4-[AMINO(IMINO)METHYL]PHENYL}AMINO){5-ETHOXY-2-FLUORO-3-[(3R)-TETRAHYDROFURAN-3-YLOXY]PHENYL}ACETICACID (DB04590)","0.8431","http://www.drugbank.ca/drugs/DB04590"
"306","6-[N-(1-Isopropyl-1,2,3,4-Tetrahydro-7-Isoquinolinyl)Carbamyl]-2-Naphthalenecarboxamidine (DB02705)","0.8424","http://www.drugbank.ca/drugs/DB02705"
"307","Benzethidine (DB01518)","0.8422","http://www.drugbank.ca/drugs/DB01518"
"308","2-({8-[(3R)-3-AMINOPIPERIDIN-1-YL]-1,3-DIMETHYL-2,6-DIOXO-1,2,3,6-TETRAHYDRO-7H-PURIN-7-YL}METHYL)BENZONITRILE (DB08743)","0.8421","http://www.drugbank.ca/drugs/DB08743"
"309","Ezetimibe (DB00973)","0.8421","http://www.drugbank.ca/drugs/DB00973"
"310","7-amino-2-tert-butyl-4-(4-pyrimidin-2-ylpiperazin-1-yl)pyrido[2,3-d]pyrimidine-6-carboxamide (DB07043)","0.8421","http://www.drugbank.ca/drugs/DB07043"
"311","2-{5-[3-(7-PROPYL-3-TRIFLUOROMETHYLBENZO[D]ISOXAZOL-6-YLOXY)PROPOXY]INDOL-1-YL}ETHANOIC ACID (DB07053)","0.8420","http://www.drugbank.ca/drugs/DB07053"
"312","Lefradafiban (DB04863)","0.8420","http://www.drugbank.ca/drugs/DB04863"
"313","Clidinium (DB00771)","0.8420","http://www.drugbank.ca/drugs/DB00771"
"314","3-(7-DIAMINOMETHYL-NAPHTHALEN-2-YL)-PROPIONIC ACID ETHYL ESTER (DB07639)","0.8419","http://www.drugbank.ca/drugs/DB07639"
"315","N-{3-[(4-{[3-(TRIFLUOROMETHYL)PHENYL]AMINO}PYRIMIDIN-2-YL)AMINO]PHENYL}CYCLOPROPANECARBOXAMIDE (DB07545)","0.8418","http://www.drugbank.ca/drugs/DB07545"
"316","2-{4-[(4-imidazo[1,2-a]pyridin-3-ylpyrimidin-2-yl)amino]piperidin-1-yl}-N-methylacetamide (DB08026)","0.8413","http://www.drugbank.ca/drugs/DB08026"
"317","(R)-N-[2-[1-(Aminoiminomethyl)-3-Piperidinyl]-1-Oxoethyl]-4-(Phenylethynyl)-L-Phenylalanine Methylester (DB03453)","0.8413","http://www.drugbank.ca/drugs/DB03453"
"318","Sufentanil (DB00708)","0.8410","http://www.drugbank.ca/drugs/DB00708"
"319","beta-phenyl-D-phenylalanyl-N-propyl-L-prolinamide (DB07083)","0.8407","http://www.drugbank.ca/drugs/DB07083"
"320","(METHYLPYRIDAZINE PIPERIDINE ETHYLOXYPHENYL)ETHYLACETATE (DB08012)","0.8405","http://www.drugbank.ca/drugs/DB08012"
"321","(S)-3-(4-(2-Carbazol-9-Yl-Ethoxy)-Phenyl)-2-Ethoxy-Propionic Acid (DB04270)","0.8404","http://www.drugbank.ca/drugs/DB04270"
"322","1-(1'-{[3-(methylsulfanyl)-2-benzothiophen-1-yl]carbonyl}spiro[1-benzofuran-3,4'-piperidin]-5-yl)methanamine (DB06848)","0.8399","http://www.drugbank.ca/drugs/DB06848"
"323","Fesoterodine (DB06702)","0.8399","http://www.drugbank.ca/drugs/DB06702"
"324","Dextromoramide (DB01529)","0.8396","http://www.drugbank.ca/drugs/DB01529"
"325","Repaglinide (DB00912)","0.8393","http://www.drugbank.ca/drugs/DB00912"
"326","N-(P-CYANOPHENYL)-N'-DIPHENYLMETHYL-GUANIDINE-ACETIC ACID (DB07816)","0.8388","http://www.drugbank.ca/drugs/DB07816"
"327","Carvedilol (DB01136)","0.8385","http://www.drugbank.ca/drugs/DB01136"
"328","N-({4-[(2-aminopyridin-4-yl)oxy]-3-fluorophenyl}carbamoyl)-2-(4-fluorophenyl)acetamide (DB06995)","0.8384","http://www.drugbank.ca/drugs/DB06995"
"329","Irbesartan (DB01029)","0.8383","http://www.drugbank.ca/drugs/DB01029"
"330","Amprenavir (DB00701)","0.8383","http://www.drugbank.ca/drugs/DB00701"
"331","Olmesartan (DB00275)","0.8380","http://www.drugbank.ca/drugs/DB00275"
"332","Dioxaphetyl butyrate (DB01475)","0.8377","http://www.drugbank.ca/drugs/DB01475"
"333","RPR128515 (DB04424)","0.8374","http://www.drugbank.ca/drugs/DB04424"
"334","Raltegravir (DB06817)","0.8370","http://www.drugbank.ca/drugs/DB06817"
"335","Benzofuran-2-Carboxylic Acid {(S)-3-Methyl-1-[3-Oxo-1-(Pyridin-2-Ylsulfonyl)Azepan-4-Ylcarbamoyl]Butyl}Amide (DB03642)","0.8366","http://www.drugbank.ca/drugs/DB03642"
"336","5-[(3R)-3-(5-methoxy-3',5'-dimethylbiphenyl-3-yl)but-1-yn-1-yl]-6-methylpyrimidine-2,4-diamine (DB07142)","0.8363","http://www.drugbank.ca/drugs/DB07142"
"337","6-[N-(4-Ethyl-1,2,3,4-Tetrahydro-6-Isoquinolinyl)Carbamyl]-2-Naphthalenecarboxamidine (DB02551)","0.8357","http://www.drugbank.ca/drugs/DB02551"
"338","Bitolterol (DB00901)","0.8354","http://www.drugbank.ca/drugs/DB00901"
"339","Fluvastatin (DB01095)","0.8348","http://www.drugbank.ca/drugs/DB01095"
"340","4-(2-HYDROXYBENZYLAMINO)-N-(3-(4-FLUOROPHENOXY)PHENYL)PIPERIDINE-1-SULFONAMIDE (DB04632)","0.8347","http://www.drugbank.ca/drugs/DB04632"
"341","(2S)-2-ETHOXY-3-{4-[2-(10H-PHENOXAZIN-10-YL)ETHOXY]PHENYL}PROPANOIC ACID (DB07675)","0.8343","http://www.drugbank.ca/drugs/DB07675"
"342","Allyl-{6-[3-(4-Bromo-Phenyl)-Benzofuran-6-Yloxy]-Hexyl-}-Methyl-Amin (DB02339)","0.8341","http://www.drugbank.ca/drugs/DB02339"
"343","({3-[1-(4-HYDROXY-2-OXO-2H-CHROMEN-3-YL)-PROPYL]-PHENYLCARBAMOYL}-METHYL)-CARBAMIC ACID TERT-BUTYL ESTER (DB08664)","0.8337","http://www.drugbank.ca/drugs/DB08664"
"344","5-(4-METHYL-BENZOYLAMINO)-BIPHENYL-3,4'-DICARBOXYLIC ACID 3-DIMETHYLAMIDE-4'-HYDROXYAMIDE (DB07586)","0.8329","http://www.drugbank.ca/drugs/DB07586"
"345","5-[(3R)-3-(5-methoxy-2',6'-dimethylbiphenyl-3-yl)but-1-yn-1-yl]-6-methylpyrimidine-2,4-diamine (DB07144)","0.8327","http://www.drugbank.ca/drugs/DB07144"
"346","BNP 1350 (DB05806)","0.8325","http://www.drugbank.ca/drugs/DB05806"
"347","1-(5-OXO-2,3,5,9B-TETRAHYDRO-1H-PYRROLO[2,1-A]ISOINDOL-9-YL)-3-(5-PYRROLIDIN-2-YL-1H-PYRAZOL-3-YL)-UREA (DB06976)","0.8322","http://www.drugbank.ca/drugs/DB06976"
"348","Indacaterol (DB05039)","0.8321","http://www.drugbank.ca/drugs/DB05039"
"349","[(1-{2[(4-Carbamimidoyl-Phenylamino)-Methyl]-1-Methyl-1h-Benzoimidazol-5-Yl}-Cyclopropyl)-Pyridin-2-Yl-Methyleneaminooxy]-Acetic Acid Ethyl Ester (DB04107)","0.8317","http://www.drugbank.ca/drugs/DB04107"
"350","(6-[4-(AMINOMETHYL)-2,6-DIMETHYLPHENOXY]-2-{[4-(AMINOMETHYL)PHENYL]AMINO}-5-BROMOPYRIMIDIN-4-YL)METHANOL (DB06874)","0.8315","http://www.drugbank.ca/drugs/DB06874"
"351","6-({5-fluoro-2-[(3,4,5-trimethoxyphenyl)amino]pyrimidin-4-yl}amino)-2,2-dimethyl-2H-pyrido[3,2-b][1,4]oxazin-3(4H)-one (DB07159)","0.8314","http://www.drugbank.ca/drugs/DB07159"
"352","5-[1-(3,4-Dimethoxy-Benzoyl)-1,2,3,4-Tetrahydro-Quinolin-6-Yl]-6-Methyl-3,6-Dihydro-[1,3,4]Thiadiazin-2-One (DB03944)","0.8309","http://www.drugbank.ca/drugs/DB03944"
"353","Sorafenib (DB00398)","0.8303","http://www.drugbank.ca/drugs/DB00398"
"354","1S,3AS,8AS-TRIMETHYL-1-OXIDO-1,2,3,3A,8,8A-HEXAHYDROPYRROLO[2,3-B]INDOL-5-YL 2-ETHYLPHENYLCARBAMATE (DB07846)","0.8303","http://www.drugbank.ca/drugs/DB07846"
"355","(4aS)-5-[(2,4-diaminopteridin-6-yl)methyl]-4a,5-dihydro-2H-dibenzo[b,f]azepin-8-ol (DB08448)","0.8299","http://www.drugbank.ca/drugs/DB08448"
"356","Mitoxantrone (DB01204)","0.8296","http://www.drugbank.ca/drugs/DB01204"
"357","7-[3-(4-FLUORO-PHENYL)-1-ISOPROPYL-1H-INDOL-2-YL]-3,5-DIHYDROXY-HEPTANOIC ACID (DB06846)","0.8285","http://www.drugbank.ca/drugs/DB06846"
"358","(2S)-1-{[5-(1H-INDAZOL-5-YL)PYRIDIN-3-YL]OXY}-3-[(7AS)-7AH-INDOL-3-YL]PROPAN-2-AMINE (DB06977)","0.8280","http://www.drugbank.ca/drugs/DB06977"
"359","4-(6-{[(4-METHYLCYCLOHEXYL)AMINO]METHYL}-1,4-DIHYDROINDENO[1,2-C]PYRAZOL-3-YL)BENZOIC ACID (DB07320)","0.8278","http://www.drugbank.ca/drugs/DB07320"
"360","Moxifloxacin (DB00218)","0.8272","http://www.drugbank.ca/drugs/DB00218"
"361","(5-(aminomethyl)-2H-spiro[benzofuran-3,4'-piperidine]-1'-yl)(5-(phenylethynyl)furan-2-yl)methanone (DB06962)","0.8271","http://www.drugbank.ca/drugs/DB06962"
"362","6-[(Z)-AMINO(IMINO)METHYL]-N-[3-(CYCLOPENTYLOXY)PHENYL]-2-NAPHTHAMIDE (DB07076)","0.8270","http://www.drugbank.ca/drugs/DB07076"
"363","Anileridine (DB00913)","0.8267","http://www.drugbank.ca/drugs/DB00913"
"364","1-(2,6-Dichlorophenyl)-5-(2,4-Difluorophenyl)-7-Piperidin-4-Yl-3,4-Dihydroquinolin-2(1h)-One (DB01948)","0.8267","http://www.drugbank.ca/drugs/DB01948"
"365","CRA_11092 (DB03555)","0.8266","http://www.drugbank.ca/drugs/DB03555"
"366","Tamoxifen (DB00675)","0.8264","http://www.drugbank.ca/drugs/DB00675"
"367","Regorafenib (DB08896)","0.8261","http://www.drugbank.ca/drugs/DB08896"
"368","Toremifene (DB00539)","0.8258","http://www.drugbank.ca/drugs/DB00539"
"369","5-hydroxy-4-(7-methoxy-1,1-dioxido-2H-1,2,4-benzothiadiazin-3-yl)-2-(3-methylbutyl)-6-phenylpyridazin-3(2H)-one (DB06974)","0.8254","http://www.drugbank.ca/drugs/DB06974"
"370","(2e,3s)-3-Hydroxy-5'-[(4-Hydroxypiperidin-1-Yl)Sulfonyl]-3-Methyl-1,3-Dihydro-2,3'-Biindol-2'(1'h)-One (DB03583)","0.8245","http://www.drugbank.ca/drugs/DB03583"
"371","Afimoxifene (DB04468)","0.8239","http://www.drugbank.ca/drugs/DB04468"
"372","N-cyclopropyl-6-[(6,7-dimethoxyquinolin-4-yl)oxy]naphthalene-1-carboxamide (DB07274)","0.8223","http://www.drugbank.ca/drugs/DB07274"
"373","Glyburide (DB01016)","0.8216","http://www.drugbank.ca/drugs/DB01016"
"374","Halofantrine (DB01218)","0.8215","http://www.drugbank.ca/drugs/DB01218"
"375","2-Hydroxy-5-({1-[(2-Naphthyloxy)Methyl]-3-Oxoprop-1-Enyl}Amino)Tyrosine (DB02511)","0.8214","http://www.drugbank.ca/drugs/DB02511"
"376","Doxapram (DB00561)","0.8199","http://www.drugbank.ca/drugs/DB00561"
"377","6-FLUORO-2-[2-HYDROXY-3-(2-METHYL-CYCLOHEXYLOXY)-PHENYL]-1H-INDOLE-5-CARBOXAMIDINE (DB06856)","0.8198","http://www.drugbank.ca/drugs/DB06856"
"378","Cabergoline (DB00248)","0.8195","http://www.drugbank.ca/drugs/DB00248"
"379","(METHYLPYRIDAZINE PIPERIDINE PROPYLOXYPHENYL)ETHYLACETATE (DB08013)","0.8192","http://www.drugbank.ca/drugs/DB08013"
"380","6-[N-(1-Isopropyl-3,4-Dihydro-7-Isoquinolinyl)Carbamyl]-2-Naphthalenecarboxamidine (DB02473)","0.8185","http://www.drugbank.ca/drugs/DB02473"
"381","Tryptophanyl-5'amp (DB01831)","0.8185","http://www.drugbank.ca/drugs/DB01831"
"382","N-{3-[5-(6-Amino-Purin-9-Yl)-3,4-Dihydroxy-Tetrahydro-Furan-2-Yl]-Allyl}-2,3-Dihydroxy-5-Nitro-Benzamide (DB03907)","0.8185","http://www.drugbank.ca/drugs/DB03907"
"383","N~2~-1,3-BENZOXAZOL-2-YL-3-CYCLOHEXYL-N-{2-[(4-METHOXYPHENYL)AMINO]ETHYL}-L-ALANINAMIDE (DB07839)","0.8184","http://www.drugbank.ca/drugs/DB07839"
"384","Cyclohexyl-{4-[5-(3,4-Dichlorophenyl)-2-Piperidin-4-Yl-3-Propyl-3h-Imidazol-4-Yl]-Pyrimidin-2-Yl}Amine (DB02388)","0.8181","http://www.drugbank.ca/drugs/DB02388"
"385","Loperamide (DB00836)","0.8162","http://www.drugbank.ca/drugs/DB00836"
"386","Aprepitant (DB00673)","0.8162","http://www.drugbank.ca/drugs/DB00673"
"387","FAMOXADONE (DB07778)","0.8160","http://www.drugbank.ca/drugs/DB07778"
"388","Trospium (DB00209)","0.8144","http://www.drugbank.ca/drugs/DB00209"
"389","(2R,3R,4S,5R)-2-[6-amino-8-[(3,4-dichlorophenyl)methylamino]purin-9-yl]-5-(hydroxymethyl)oxolane-3,4-diol (DB07045)","0.8143","http://www.drugbank.ca/drugs/DB07045"
"390","(3-EXO)-3-(10,11-DIHYDRO-5H-DIBENZO[A,D][7]ANNULEN-5-YLOXY)-8,8-DIMETHYL-8-AZONIABICYCLO[3.2.1]OCTANE (DB07494)","0.8139","http://www.drugbank.ca/drugs/DB07494"
"391","N-({(3R,4R)-4-[(benzyloxy)methyl]pyrrolidin-3-yl}methyl)-N-(2-methylpropyl)benzenesulfonamide (DB07505)","0.8126","http://www.drugbank.ca/drugs/DB07505"
"392","(S)-5-(4-Benzyloxy-Phenyl)-4-(7-Phenyl-Heptanoylamino)-Pentanoic Acid (DB04287)","0.8125","http://www.drugbank.ca/drugs/DB04287"
"393","Sulfinpyrazone (DB01138)","0.8118","http://www.drugbank.ca/drugs/DB01138"
"394","2-(4-(AMINOMETHYL)PIPERIDIN-1-YL)-N-(3_CYCLOHEXYL-4-OXO-2,4-DIHYDROINDENO[1,2-C]PYRAZOL-5-YL)ACETAMIDE (DB07618)","0.8116","http://www.drugbank.ca/drugs/DB07618"
"395","[3,5-Dibromo-4-(4-Hydroxy-3-Phenethylcarbamoyl-Phenoxy)-Phenyl]-Acetic Acid (DB02106)","0.8112","http://www.drugbank.ca/drugs/DB02106"
"396","(1-Tert-Butyl-5-Hydroxy-1h-Pyrazol-4-Yl)-(6-Methanesulfonyl-4'-Methoxy-2-Methyl-Biphenyl-3-Yl)-Methanone (DB02850)","0.8104","http://www.drugbank.ca/drugs/DB02850"
"397","Methyl-[4-(4-Piperidine-1-Ylmethyl-Phenyl)-Cyclohexyl]-Carbaminic Acid-(4-Chlorophenyl)-Ester (DB03748)","0.8102","http://www.drugbank.ca/drugs/DB03748"
"398","2-(6-CHLORO-3-{[2,2-DIFLUORO-2-(2-PYRIDINYL)ETHYL]AMINO}-2-OXO-1(2H)-PYRAZINYL)-N-[(2-FLUORO-6-PYRIDINYL)METHYL]ACETAMIDE (DB07548)","0.8095","http://www.drugbank.ca/drugs/DB07548"
"399","Eltrombopag (DB06210)","0.8091","http://www.drugbank.ca/drugs/DB06210"
"400","131-I-TM-601 (DB05462)","0.8089","http://www.drugbank.ca/drugs/DB05462"
"401","Paliperidone (DB01267)","0.8088","http://www.drugbank.ca/drugs/DB01267"
"402","1-Allyl-3-Butyl-8-(N-Acetyl-4-Aminobenzyl)-Xanthine (DB03267)","0.8080","http://www.drugbank.ca/drugs/DB03267"
"403","Ivacaftor (DB08820)","0.8064","http://www.drugbank.ca/drugs/DB08820"
"404","Pitavastatin (DB08860)","0.8062","http://www.drugbank.ca/drugs/DB08860"
"405","ONO-6818 (DB03925)","0.8054","http://www.drugbank.ca/drugs/DB03925"
"406","Drotaverine (DB06751)","0.8038","http://www.drugbank.ca/drugs/DB06751"
"407","2-(6-CHLORO-3-{[2,2-DIFLUORO-2-(2-PYRIDINYL)ETHYL]AMINO}-2-OXO-1(2H)-PYRAZINYL)-N-[(2-FLUORO-3-METHYL-6-PYRIDINYL)METHYL]ACETAMIDE (DB07549)","0.8035","http://www.drugbank.ca/drugs/DB07549"
"408","Aclidinium (DB08897)","0.8035","http://www.drugbank.ca/drugs/DB08897"
"409","(3ASR,4RS,8ASR,8BRS)-4-(2-(4-FLUOROBENZYL)-1,3-DIOXODEACAHYDROPYRROLO[3,4-A] PYRROLIZIN-4-YL)BENZAMIDINE (DB07796)","0.8031","http://www.drugbank.ca/drugs/DB07796"
"410","Darusentan (DB04883)","0.8030","http://www.drugbank.ca/drugs/DB04883"
"411","(2s,4r)-1-Acetyl-N-[(1s)-4-[(Aminoiminomethyl)Amino]-1-(2-Benzothiazolylcarbonyl)Butyl]-4-Hydroxy-2-Pyrrolidinecarboxamide (DB02812)","0.8020","http://www.drugbank.ca/drugs/DB02812"
"412","Alfentanil (DB00802)","0.8018","http://www.drugbank.ca/drugs/DB00802"
"413","Salmeterol (DB00938)","0.8012","http://www.drugbank.ca/drugs/DB00938"
"414","N-[4-(1-BENZOYLPIPERIDIN-4-YL)BUTYL]-3-PYRIDIN-3-YLPROPANAMIDE (DB07656)","0.8007","http://www.drugbank.ca/drugs/DB07656"
"415","4-[(3AS,4R,7R,8AS,8BR)-2-(1,3-BENZODIOXOL-5-YLMETHYL)-7-HYDROXY-1,3-DIOXODECAHYDROPYRROLO[3,4-A]PYRROLIZIN-4-YL]BENZENECARBOXIMIDAMIDE (DB08546)","0.8002","http://www.drugbank.ca/drugs/DB08546"
"416","(11S)-8-CHLORO-11-[1-(METHYLSULFONYL)PIPERIDIN-4-YL]-6-PIPERAZIN-1-YL-11H-BENZO[5,6]CYCLOHEPTA[1,2-B]PYRIDINE (DB07216)","0.7995","http://www.drugbank.ca/drugs/DB07216"
"417","Saprisartan (DB01347)","0.7990","http://www.drugbank.ca/drugs/DB01347"
"418","(METHYLPYRIDAZINE PIPERIDINE BUTYLOXYPHENYL)ETHYLACETATE (DB08014)","0.7976","http://www.drugbank.ca/drugs/DB08014"
"419","ZK-805623 (DB04432)","0.7929","http://www.drugbank.ca/drugs/DB04432"
"420","Pralatrexate (DB06813)","0.7919","http://www.drugbank.ca/drugs/DB06813"
"421","4-[5-(Trans-4-Aminocyclohexylamino)-3-Isopropylpyrazolo[1,5-a]Pyrimidin-7-Ylamino]-N,N-Dimethylbenzenesulfonamide (DB01888)","0.7915","http://www.drugbank.ca/drugs/DB01888"
"422","Zanapezil (DB04859)","0.7909","http://www.drugbank.ca/drugs/DB04859"
"423","(11R)-10-acetyl-11-(2,4-dichlorophenyl)-6-hydroxy-3,3-dimethyl-2,3,4,5,10,11-hexahydro-1H-dibenzo[b,e][1,4]diazepin-1-one (DB08747)","0.7904","http://www.drugbank.ca/drugs/DB08747"
"424","N-(TERT-BUTYL)-3,5-DIMETHYL-N'-[(5-METHYL-2,3-DIHYDRO-1,4-BENZODIOXIN-6-YL)CARBONYL]BENZOHYDRAZIDE (DB07929)","0.7903","http://www.drugbank.ca/drugs/DB07929"
"425","Darifenacin (DB00496)","0.7898","http://www.drugbank.ca/drugs/DB00496"
"426","Cp-Coeleneterazine (DB03960)","0.7873","http://www.drugbank.ca/drugs/DB03960"
"427","Ospemifene (DB04938)","0.7868","http://www.drugbank.ca/drugs/DB04938"
"428","Cerivastatin (DB00439)","0.7868","http://www.drugbank.ca/drugs/DB00439"
"429","LY249543 (DB04322)","0.7863","http://www.drugbank.ca/drugs/DB04322"
"430","5,10-Dideazatetrahydrofolic Acid (DB03625)","0.7840","http://www.drugbank.ca/drugs/DB03625"
"431","N'-(3-CHLORO-4-METHOXY-PHENYL)-N-(3,4,5-TRIMETHOXYPHENYL)-1,3,5-TRIAZINE-2,4-DIAMINE (DB07251)","0.7806","http://www.drugbank.ca/drugs/DB07251"
"432","Canagliflozin (DB08907)","0.7782","http://www.drugbank.ca/drugs/DB08907"
"433","Tyrosyladenylate (DB03325)","0.7773","http://www.drugbank.ca/drugs/DB03325"
"434","Diphenoxylate (DB01081)","0.7746","http://www.drugbank.ca/drugs/DB01081"
"435","4-(6-CYCLOHEXYLMETHOXY-9H-PURIN-2-YLAMINO)--BENZAMIDE (DB08241)","0.7736","http://www.drugbank.ca/drugs/DB08241"
"436","GC-24 (DB03788)","0.7725","http://www.drugbank.ca/drugs/DB03788"
"437","Mibefradil (DB01388)","0.7702","http://www.drugbank.ca/drugs/DB01388"
"438","2,5-bis-o-{3-[amino(imino)methyl]phenyl}-1,4:3,6-dianhydro-d-glucitol (DB04790)","0.7698","http://www.drugbank.ca/drugs/DB04790"
"439","2-O-(4'-AMIDINOPHENYL)-5-O-(3''-AMIDINOPHENYL)-1,4:3,6-DIANHYDRO-D-SORBITOL (DB04791)","0.7698","http://www.drugbank.ca/drugs/DB04791"
"440","2,5-O,O-BIS-{4',4''-AMIDINOPHENYL}-1,4:3,6-DIANHYDRO-D-SORBITOL (DB04792)","0.7698","http://www.drugbank.ca/drugs/DB04792"
"441","2-O-(3'-AMIDINOPHENYL)-5-O-(4''-AMIDINOPHENYL}-1,4:3,6-DIANHYDRO-D-SORBITOL (DB04793)","0.7698","http://www.drugbank.ca/drugs/DB04793"
"442","3-({2-[(4-{[6-(CYCLOHEXYLMETHOXY)-9H-PURIN-2-YL]AMINO}PHENYL)SULFONYL]ETHYL}AMINO)PROPAN-1-OL (DB08309)","0.7692","http://www.drugbank.ca/drugs/DB08309"
"443","Idarubicin (DB01177)","0.7691","http://www.drugbank.ca/drugs/DB01177"
"444","Difenoxin (DB01501)","0.7663","http://www.drugbank.ca/drugs/DB01501"
"445","Glipizide (DB01067)","0.7661","http://www.drugbank.ca/drugs/DB01067"
"446","Chlorotrianisene (DB00269)","0.7655","http://www.drugbank.ca/drugs/DB00269"
"447","Eprosartan (DB00876)","0.7651","http://www.drugbank.ca/drugs/DB00876"
"448","9-Butyl-8-(3,4,5-Trimethoxybenzyl)-9h-Purin-6-Amine (DB02754)","0.7644","http://www.drugbank.ca/drugs/DB02754"
"449","methyl (1R,2S)-2-(hydroxycarbamoyl)-1-{4-[(2-methylquinolin-4-yl)methoxy]benzyl}cyclopropanecarboxylate (DB07147)","0.7642","http://www.drugbank.ca/drugs/DB07147"
"450","N-[3-(Dimethylamino)Propyl]-2-({[4-({[4-(Formylamino)-1-Methyl-1h-Pyrrol-2-Yl]Carbonyl}Amino)-1-Methyl-1h-Pyrrol-2-Yl]Carbonyl}Amino)-5-Isopropyl-1,3-Thiazole-4-Carboxamide (DB02295)","0.7627","http://www.drugbank.ca/drugs/DB02295"
"451","Fexofenadine (DB00950)","0.7626","http://www.drugbank.ca/drugs/DB00950"
"452","Troglitazone (DB00197)","0.7623","http://www.drugbank.ca/drugs/DB00197"
"453","(5R)-5-(4-{[(2R)-6-HYDROXY-2,5,7,8-TETRAMETHYL-3,4-DIHYDRO-2H-CHROMEN-2-YL]METHOXY}BENZYL)-1,3-THIAZOLIDINE-2,4-DIONE (DB08607)","0.7623","http://www.drugbank.ca/drugs/DB08607"
"454","Terfenadine (DB00342)","0.7619","http://www.drugbank.ca/drugs/DB00342"
"455","6-Phenyl-4(R)-(7-Phenyl-Heptanoylamino)-Hexanoic Acid (DB03471)","0.7613","http://www.drugbank.ca/drugs/DB03471"
"456","N'-(5-CHLORO-1,3-BENZODIOXOL-4-YL)-N-(3,4,5- TRIMETHOXYPHENYL)PYRIMIDINE-2,4-DIAMINE (DB07250)","0.7603","http://www.drugbank.ca/drugs/DB07250"
"457","Alvimopan (DB06274)","0.7601","http://www.drugbank.ca/drugs/DB06274"
"458","9-Butyl-8-(2-Chloro-3,4,5-Trimethoxy-Benzyl)-9h-Purin-6-Ylamine (DB03504)","0.7601","http://www.drugbank.ca/drugs/DB03504"
"459","Donepezil (DB00843)","0.7599","http://www.drugbank.ca/drugs/DB00843"
"460","1-BENZYL-4-[(5,6-DIMETHOXY-1-INDANON-2-YL)METHYL]PIPERIDINE (DB07701)","0.7599","http://www.drugbank.ca/drugs/DB07701"
"461","8-(2-Chloro-3,4,5-Trimethoxy-Benzyl)-9-Pent-4-Ylnyl-9h-Purin-6-Ylamine (DB04505)","0.7596","http://www.drugbank.ca/drugs/DB04505"
"462","9-CYCLOPENTYL-6-[2-(3-IMIDAZOL-1-YL-PROPOXY)-PHENYLAMINO]-9H-PURINE-2-CARBONITRILE (DB07967)","0.7596","http://www.drugbank.ca/drugs/DB07967"
"463","8-(2-Chloro-3,4,5-Trimethoxy-Benzyl)-2-Fluoro-9-Pent-4-Ylnyl-9h-Purin-6-Ylamine (DB02550)","0.7562","http://www.drugbank.ca/drugs/DB02550"
"464","Dipipanone (DB01491)","0.7474","http://www.drugbank.ca/drugs/DB01491"
"465","O6-CYCLOHEXYLMETHOXY-2-(4'-SULPHAMOYLANILINO) PURINE (DB07126)","0.7456","http://www.drugbank.ca/drugs/DB07126"
"466","3-(6-CYCLOHEXYLMETHOXY-9H-PURIN-2-YLAMINO)-BENZENESULFONAMIDE (DB08248)","0.7456","http://www.drugbank.ca/drugs/DB08248"
"467","6-CARBAMIMIDOYL-2-[2-HYDROXY-5-(3-METHOXY-PHENYL)-INDAN-1-YL]-HEXANOIC ACID (DB06866)","0.7418","http://www.drugbank.ca/drugs/DB06866"
"468","SP2456 (DB03957)","0.7409","http://www.drugbank.ca/drugs/DB03957"
"469","(5r)-6-(4-{[2-(3-Iodobenzyl)-3-Oxocyclohex-1-En-1-Yl]Amino}Phenyl)-5-Methyl-4,5-Dihydropyridazin-3(2h)-One (DB01640)","0.7394","http://www.drugbank.ca/drugs/DB01640"
"470","6-CARBAMIMIDOYL-2-[2-HYDROXY-6-(4-HYDROXY-PHENYL)-INDAN-1-YL]-HEXANOIC ACID (DB06865)","0.7384","http://www.drugbank.ca/drugs/DB06865"
"471","N-[(5R,14R)-5-AMINO-5,14-DIMETHYL-4-OXO-3-OXA-18-AZATRICYCLO[15.3.1.1~7,11~]DOCOSA-1(21),7(22),8,10,17,19-HEXAEN-19-YL]-N-METHYLMETHANESULFONAMIDE (DB07019)","0.7361","http://www.drugbank.ca/drugs/DB07019"
"472","5-METHYL-3-(9-OXO-1,8-DIAZA-TRICYCLO[10.6.1.013,18]NONADECA-12(19),13,15,17-TETRAEN-10-YLCARBAMOYL)-HEXANOIC ACID (DB08493)","0.7353","http://www.drugbank.ca/drugs/DB08493"
"473","2-[Trans-(4-Aminocyclohexyl)Amino]-6-(Benzyl-Amino)-9-Cyclopentylpurine (DB04288)","0.7345","http://www.drugbank.ca/drugs/DB04288"
"474","BMS184394 (DB03466)","0.7326","http://www.drugbank.ca/drugs/DB03466"
"475","CD564 (DB02741)","0.7322","http://www.drugbank.ca/drugs/DB02741"
"476","N4-HYDROXY-2-ISOBUTYL-N1-(9-OXO-1,8-DIAZA-TRICYCLO[10.6.1.013,18]NONADECA-12(19),13,15,17-TETRAEN-10-YL)-SUCCINAMIDE (DB08489)","0.7316","http://www.drugbank.ca/drugs/DB08489"
"477","SR11254 (DB02258)","0.7310","http://www.drugbank.ca/drugs/DB02258"
"478","Verapamil (DB00661)","0.7300","http://www.drugbank.ca/drugs/DB00661"
"479","Glimepiride (DB00222)","0.7297","http://www.drugbank.ca/drugs/DB00222"
"480","4-{[5-(CYCLOHEXYLMETHOXY)[1,2,4]TRIAZOLO[1,5-A]PYRIMIDIN-7-YL]AMINO}BENZENESULFONAMIDE (DB07685)","0.7248","http://www.drugbank.ca/drugs/DB07685"
"481","N-cyclopropyl-N-(trans-4-pyridin-3-ylcyclohexyl)-4-[(1S)-2,2,2-trifluoro-1-hydroxy-1-methylethyl]benzamide (DB07619)","0.7185","http://www.drugbank.ca/drugs/DB07619"
"482","5-[[(2R)-2-cyclopropyl-7,8-dimethoxy-2H-chromen-5-yl]methyl]pyrimidine-2,4-diamine (DB08741)","0.7116","http://www.drugbank.ca/drugs/DB08741"
"483","Tofisopam (DB08811)","0.7111","http://www.drugbank.ca/drugs/DB08811"
"484","5-(7-(5-HYDRO-4-ETHYL-2-OXAZOLYL)PHENOXY)HEPTYL)-3-METHYL ISOXAZOLE (DB08725)","0.7109","http://www.drugbank.ca/drugs/DB08725"
"485","Ticagrelor (DB08816)","0.7031","http://www.drugbank.ca/drugs/DB08816"
"486","Benzylmorphine (DB01573)","0.7030","http://www.drugbank.ca/drugs/DB01573"
"487","Batimastat (DB03880)","0.6955","http://www.drugbank.ca/drugs/DB03880"
"488","Yohimbine (DB01392)","0.6872","http://www.drugbank.ca/drugs/DB01392"
"489","5-[[(2R)-2-cyclopropyl-7,8-dimethoxy-chroman-5-yl]methyl]pyrimidine-2,4-diamine (DB07938)","0.6774","http://www.drugbank.ca/drugs/DB07938"
"490","Adapalene (DB00210)","0.6689","http://www.drugbank.ca/drugs/DB00210"
"491","Bis-Benzamidine (DB02081)","0.6622","http://www.drugbank.ca/drugs/DB02081"
"492","Cilostazol (DB01166)","0.6391","http://www.drugbank.ca/drugs/DB01166"
"493","Levocabastine (DB01106)","0.6362","http://www.drugbank.ca/drugs/DB01106"
"494","[1-(4-Fluorobenzyl)Cyclobutyl]Methyl (1s)-1-[Oxo(1h-Pyrazol-5-Ylamino)Acetyl]Pentylcarbamate (DB01858)","0.6250","http://www.drugbank.ca/drugs/DB01858"
"495","Cinalukast (DB00587)","0.5629","http://www.drugbank.ca/drugs/DB00587"
"496","S-Adenosyl-1,8-Diamino-3-Thiooctane (DB02844)","0.5474","http://www.drugbank.ca/drugs/DB02844"
"497","(2S,3S)-3-AMINO-4-[(3S)-3-FLUOROPYRROLIDIN-1-YL]-N,N-DIMETHYL-4-OXO-2-(TRANS-4-[1,2,4]TRIAZOLO[1,5-A]PYRIDIN-5-YLCYCLOHEXYL)BUTANAMIDE (DB07135)","0.5385","http://www.drugbank.ca/drugs/DB07135"
"498","6-[1-(3,5,5,8,8-Pentamethyl-5,6,7,8-Tetrahydronaphthalen-2-Yl)Cyclopropyl]Pyridine-3-Carboxylic Acid (DB01941)","0.5242","http://www.drugbank.ca/drugs/DB01941"
"499","Myxothiazol (DB04741)","0.4745","http://www.drugbank.ca/drugs/DB04741"
"500","KW-3902 (DB05360)","0.3037","http://www.drugbank.ca/drugs/DB05360"
