"","DrugBank Compound (Name, ID)","Similarity to ","Link"
"1","Gemcitabine (DB00441)","1.0000","http://www.drugbank.ca/drugs/DB00441"
"2","2'-Deoxycytidine (DB02594)","0.9274","http://www.drugbank.ca/drugs/DB02594"
"3","Cytarabine (DB00987)","0.9120","http://www.drugbank.ca/drugs/DB00987"
"4","CP-4055 (DB05494)","0.9120","http://www.drugbank.ca/drugs/DB05494"
"5","Cytidine (DB02097)","0.9120","http://www.drugbank.ca/drugs/DB02097"
"6","Zalcitabine (DB00943)","0.9119","http://www.drugbank.ca/drugs/DB00943"
"7","2'-Deoxyuridine (DB02256)","0.9105","http://www.drugbank.ca/drugs/DB02256"
"8","Floxuridine (DB00322)","0.9044","http://www.drugbank.ca/drugs/DB00322"
"9","2'-5'dideoxyuridine (DB03274)","0.9029","http://www.drugbank.ca/drugs/DB03274"
"10","Zebularine (DB03068)","0.9026","http://www.drugbank.ca/drugs/DB03068"
"11","Uridine (DB02745)","0.8975","http://www.drugbank.ca/drugs/DB02745"
"12","Telbivudine (DB01265)","0.8970","http://www.drugbank.ca/drugs/DB01265"
"13","Deoxythymidine (DB04485)","0.8970","http://www.drugbank.ca/drugs/DB04485"
"14","Idoxuridine (DB00249)","0.8952","http://www.drugbank.ca/drugs/DB00249"
"15","5-Fluorouridine (DB01629)","0.8936","http://www.drugbank.ca/drugs/DB01629"
"16","1-(2-Deoxy-2-Fluoro-3-O-Phosphono-Beta-L-Ribofuranosyl)Pyrimidine-2,4(1h,3h)-Dione (DB03155)","0.8920","http://www.drugbank.ca/drugs/DB03155"
"17","5-Bromovinyldeoxyuridine (DB03312)","0.8834","http://www.drugbank.ca/drugs/DB03312"
"18","Trifluridine (DB00432)","0.8821","http://www.drugbank.ca/drugs/DB00432"
"19","Cyclouridine (DB04627)","0.8744","http://www.drugbank.ca/drugs/DB04627"
"20","5-Aminoimidazole Ribonucleoside (DB04568)","0.8735","http://www.drugbank.ca/drugs/DB04568"
"21","Isatoribine (DB04860)","0.8726","http://www.drugbank.ca/drugs/DB04860"
"22","Clofarabine (DB00631)","0.8724","http://www.drugbank.ca/drugs/DB00631"
"23","5-Methyl-2'-Deoxypseudouridine (DB03763)","0.8680","http://www.drugbank.ca/drugs/DB03763"
"24","Acadesine (DB04944)","0.8653","http://www.drugbank.ca/drugs/DB04944"
"25","OSI-7836 (DB05837)","0.8649","http://www.drugbank.ca/drugs/DB05837"
"26","Thymidine-5'-(Dithio)Phosphate (DB02980)","0.8633","http://www.drugbank.ca/drugs/DB02980"
"27","2'-Deoxycytidine-5'-Monophosphate (DB03798)","0.8614","http://www.drugbank.ca/drugs/DB03798"
"28","Cytosine Arabinose-5'-Phosphate (DB02456)","0.8580","http://www.drugbank.ca/drugs/DB02456"
"29","Cytidine-5'-Monophosphate (DB03403)","0.8580","http://www.drugbank.ca/drugs/DB03403"
"30","1-Deaza-Adenosine (DB04218)","0.8573","http://www.drugbank.ca/drugs/DB04218"
"31","Pentostatin (DB00552)","0.8569","http://www.drugbank.ca/drugs/DB00552"
"32","9-(6-Deoxy-Alpha-L-Talofuranosyl)-6-Methylpurine (DB02934)","0.8554","http://www.drugbank.ca/drugs/DB02934"
"33","9-(6-Deoxy-Beta-D-Allofuranosyl)-6-Methylpurine (DB03952)","0.8554","http://www.drugbank.ca/drugs/DB03952"
"34","3-Deazacytidine (DB04385)","0.8554","http://www.drugbank.ca/drugs/DB04385"
"35","5-Methylcytidine-5'-Monophosphate (DB01995)","0.8553","http://www.drugbank.ca/drugs/DB01995"
"36","Cytidine-3'-Monophosphate (DB01961)","0.8551","http://www.drugbank.ca/drugs/DB01961"
"37","Cytidine-2'-Monophosphate (DB03765)","0.8551","http://www.drugbank.ca/drugs/DB03765"
"38","Phosphoric Acid Mono-[3-Fluoro-5-(5-Methyl-2,4-Dioxo-3,4-Dihydro-2h-Pyrimidin-1-Yl)-Tetrahyro-Furan-2-Ylmethyl] Ester (DB03195)","0.8543","http://www.drugbank.ca/drugs/DB03195"
"39","Tubercidin (DB03172)","0.8541","http://www.drugbank.ca/drugs/DB03172"
"40","7-Methylguanosine (DB03493)","0.8532","http://www.drugbank.ca/drugs/DB03493"
"41","Guanosine (DB02857)","0.8523","http://www.drugbank.ca/drugs/DB02857"
"42","6-Hydroxy-1,6-Dihydro Purine Nucleoside (DB03015)","0.8522","http://www.drugbank.ca/drugs/DB03015"
"43","3-Deaza-Adenosine (DB04546)","0.8503","http://www.drugbank.ca/drugs/DB04546"
"44","5-bromo-cytidinemonophosphate (DB05248)","0.8479","http://www.drugbank.ca/drugs/DB05248"
"45","Inosine (DB04335)","0.8469","http://www.drugbank.ca/drugs/DB04335"
"46","Azacitidine (DB00928)","0.8467","http://www.drugbank.ca/drugs/DB00928"
"47","Vidarabine (DB00194)","0.8465","http://www.drugbank.ca/drugs/DB00194"
"48","Adenosine (DB00640)","0.8465","http://www.drugbank.ca/drugs/DB00640"
"49","9-Beta-D-Xylofuranosyl-Adenine (DB03528)","0.8465","http://www.drugbank.ca/drugs/DB03528"
"50","5-iodotubercidin (DB04604)","0.8463","http://www.drugbank.ca/drugs/DB04604"
"51","2-Fluoroadenosine (DB04441)","0.8463","http://www.drugbank.ca/drugs/DB04441"
"52","Decitabine (DB01262)","0.8461","http://www.drugbank.ca/drugs/DB01262"
"53","2'-deoxyuridylic acid (DB03800)","0.8447","http://www.drugbank.ca/drugs/DB03800"
"54","Nelarabine (DB01280)","0.8439","http://www.drugbank.ca/drugs/DB01280"
"55","Uridine-5'-Monophosphate (DB03685)","0.8433","http://www.drugbank.ca/drugs/DB03685"
"56","Zidovudine (DB00495)","0.8429","http://www.drugbank.ca/drugs/DB00495"
"57","2'-Deoxyuridine 3'-Monophosphate (DB03448)","0.8413","http://www.drugbank.ca/drugs/DB03448"
"58","5-Fluoro-2'-Deoxyuridine-5'-Monophosphate (DB03761)","0.8412","http://www.drugbank.ca/drugs/DB03761"
"59","THYMIDINE-5'-THIOPHOSPHATE (DB08432)","0.8412","http://www.drugbank.ca/drugs/DB08432"
"60","3'-Uridinemonophosphate (DB02714)","0.8405","http://www.drugbank.ca/drugs/DB02714"
"61","1-(3-O-Phosphono-Beta-L-Arabinofuranosyl)Pyrimidine-2,4(1h,3h)-Dione (DB02805)","0.8405","http://www.drugbank.ca/drugs/DB02805"
"62","Thymidine-5'-Phosphate (DB01643)","0.8393","http://www.drugbank.ca/drugs/DB01643"
"63","Purine Riboside (DB04440)","0.8388","http://www.drugbank.ca/drugs/DB04440"
"64","5-Nitroso-6-Ribityl-Amino-2,4(1h,3h)-Pyrimidinedione (DB04128)","0.8387","http://www.drugbank.ca/drugs/DB04128"
"65","2',3'-Dideoxycytidine-5'-Monophosphate (DB02883)","0.8379","http://www.drugbank.ca/drugs/DB02883"
"66","6-Hydroxy-7,8-Dihydro Purine Nucleoside (DB02472)","0.8372","http://www.drugbank.ca/drugs/DB02472"
"67","8-Hydroxy-2'-Deoxyguanosine (DB02502)","0.8370","http://www.drugbank.ca/drugs/DB02502"
"68","3-Deoxyguanosine (DB03609)","0.8358","http://www.drugbank.ca/drugs/DB03609"
"69","6-Methyl-Formycin A (DB03986)","0.8349","http://www.drugbank.ca/drugs/DB03986"
"70","2-Fluoro-2'-Deoxyadenosine (DB02947)","0.8340","http://www.drugbank.ca/drugs/DB02947"
"71","Selenoinosine (DB02753)","0.8339","http://www.drugbank.ca/drugs/DB02753"
"72","5-Bromo-2'-Deoxyuridine-5'-Monophosphate (DB01903)","0.8329","http://www.drugbank.ca/drugs/DB01903"
"73","5-Iodo-2'-Deoxyuridine-5'-Monophosphate (DB02324)","0.8329","http://www.drugbank.ca/drugs/DB02324"
"74","Methylthioinosine (DB02896)","0.8313","http://www.drugbank.ca/drugs/DB02896"
"75","5-Nitro-6-Ribityl-Amino-2,4(1h,3h)-Pyrimidinedione (DB04162)","0.8278","http://www.drugbank.ca/drugs/DB04162"
"76","Cladribine (DB00242)","0.8267","http://www.drugbank.ca/drugs/DB00242"
"77","N7-Methyl-Formycin A (DB02066)","0.8236","http://www.drugbank.ca/drugs/DB02066"
"78","9-Deazainosine (DB02796)","0.8227","http://www.drugbank.ca/drugs/DB02796"
"79","3'-Oxo-Adenosine (DB03273)","0.8227","http://www.drugbank.ca/drugs/DB03273"
"80","Formycin (DB02281)","0.8215","http://www.drugbank.ca/drugs/DB02281"
"81","Formycin B (DB04198)","0.8204","http://www.drugbank.ca/drugs/DB04198"
"82","Xylose-Derived Imidazole (DB02374)","0.8189","http://www.drugbank.ca/drugs/DB02374"
"83","2-Ribofuranosyl-3-Iodo-2,3-Dihydro-1h-Pyrazolo[3,4-D]Pyrimidin-4-Ylamine (DB02416)","0.8143","http://www.drugbank.ca/drugs/DB02416"
"84","2',3'-Dideoxythymidine-5'-Monophosphate (DB03150)","0.8122","http://www.drugbank.ca/drugs/DB03150"
"85","Phosphoric Acid Mono-[3-Amino-5-(5-Methyl-2,4-Dioxo-3,4-Dihydro-2h-Pyrimidin-1-Yl)-Tetrahydro-Furan-2-Ylmethyl] Ester (DB03233)","0.8082","http://www.drugbank.ca/drugs/DB03233"
"86","Pseudouridine-5'-Monophosphate (DB03829)","0.8067","http://www.drugbank.ca/drugs/DB03829"
"87","Stavudine (DB00649)","0.8043","http://www.drugbank.ca/drugs/DB00649"
"88","Ribavirin (DB00811)","0.8025","http://www.drugbank.ca/drugs/DB00811"
"89","Troxacitabine (DB04961)","0.8024","http://www.drugbank.ca/drugs/DB04961"
"90","Didanosine (DB00900)","0.8023","http://www.drugbank.ca/drugs/DB00900"
"91","7,8-Dihydroneopterin (DB04425)","0.8017","http://www.drugbank.ca/drugs/DB04425"
"92","3'-THIO-THYMIDINE-5'-PHOSPHATE (DB08651)","0.8002","http://www.drugbank.ca/drugs/DB08651"
"93","6-Aza-Ump (DB03718)","0.7920","http://www.drugbank.ca/drugs/DB03718"
"94","2',5'-DIDEOXY-ADENOSINE 3'-MONOPHOSPHATE (DB06843)","0.7803","http://www.drugbank.ca/drugs/DB06843"
"95","Cidofovir (DB00369)","0.7789","http://www.drugbank.ca/drugs/DB00369"
"96","7,8-Dihydro-L-Biopterin (DB03271)","0.7765","http://www.drugbank.ca/drugs/DB03271"
"97","7,8-Dihydrobiopterin (DB04400)","0.7765","http://www.drugbank.ca/drugs/DB04400"
"98","5-(6-Amino-9h-Purin-9-Yl)-4-Hydroxytetrahydrofuran-3-Yl Dihydrogen Phosphate (DB02454)","0.7701","http://www.drugbank.ca/drugs/DB02454"
"99","6-(Dihydroxy-Isobutyl)-Thymine (DB02500)","0.7663","http://www.drugbank.ca/drugs/DB02500"
"100","D-Eritadenine (DB03769)","0.7628","http://www.drugbank.ca/drugs/DB03769"
"101","Lamivudine (DB00709)","0.7612","http://www.drugbank.ca/drugs/DB00709"
"102","Immucillin-G (DB02230)","0.7607","http://www.drugbank.ca/drugs/DB02230"
"103","Tetrahydrobiopterin (DB00360)","0.7556","http://www.drugbank.ca/drugs/DB00360"
"104","(6r,1'r,2's)-5,6,7,8 Tetrahydrobiopterin (DB02692)","0.7556","http://www.drugbank.ca/drugs/DB02692"
"105","6s-5,6,7,8-Tetrahydrobiopterin (DB03918)","0.7556","http://www.drugbank.ca/drugs/DB03918"
"106","Emtricitabine (DB00879)","0.7521","http://www.drugbank.ca/drugs/DB00879"
"107","(5-Methyl-6-Oxo-1,6-Dihydro-Pyridin-3-Yl)-1,2-Dideoxy-Ribofuranose-5-Monophosphate (DB04060)","0.7501","http://www.drugbank.ca/drugs/DB04060"
"108","Ganciclovir (DB01004)","0.7427","http://www.drugbank.ca/drugs/DB01004"
"109","cyclic 3',5'-thymidine monophosphate (DB04672)","0.7398","http://www.drugbank.ca/drugs/DB04672"
"110","2-(Beta-D-Glucopyranosyl)-5-Methyl-1,3,4-Oxadiazole (DB03354)","0.7395","http://www.drugbank.ca/drugs/DB03354"
"111","(S)-2-Amino-3-(1,3,5,7-Pentahydro-2,4-Dioxo-Cyclopenta[E]Pyrimidin-1-Yl) Proionic Acid (DB03240)","0.7193","http://www.drugbank.ca/drugs/DB03240"
"112","P-Aminophenyl-Alpha-D-Galactopyranoside (DB03242)","0.7055","http://www.drugbank.ca/drugs/DB03242"
"113","4-(2-methoxyethoxy)-6-methylpyrimidin-2-amine (DB08786)","0.7041","http://www.drugbank.ca/drugs/DB08786"
"114","Deoxyguanidinoproclavaminic acid (DB02475)","0.7028","http://www.drugbank.ca/drugs/DB02475"
"115","2-(Acetylamino)-2-Deoxy-6-O-Methyl-Alpha-D-Allopyranose (DB03539)","0.7019","http://www.drugbank.ca/drugs/DB03539"
"116","6-Amino-4-Hydroxymethyl-Cyclohex-4-Ene-1,2,3-Triol (DB02120)","0.7016","http://www.drugbank.ca/drugs/DB02120"
"117","(5r,6s,7s,8s)-5-Hydroxymethyl-6,7,8-Trihydroxy-Tetrazolo[1,5-a]Piperidine (DB02294)","0.7006","http://www.drugbank.ca/drugs/DB02294"
"118","Nojirimycine Tetrazole (DB02471)","0.7006","http://www.drugbank.ca/drugs/DB02471"
"119","ORTHONITROPHENYL-BETA-D-FUCOPYRANOSIDE (DB08297)","0.6972","http://www.drugbank.ca/drugs/DB08297"
"120","Allosamizoline (DB04404)","0.6970","http://www.drugbank.ca/drugs/DB04404"
"121","Fluoro-Willardiine (DB02966)","0.6969","http://www.drugbank.ca/drugs/DB02966"
"122","(2s)-2-Amino-4-(Methylsulfanyl)-1-Pyridin-2-Ylbutane-1,1-Diol (DB01882)","0.6960","http://www.drugbank.ca/drugs/DB01882"
"123","Pilocarpine (DB01085)","0.6953","http://www.drugbank.ca/drugs/DB01085"
"124","6-CYCLOHEXYLMETHYLOXY-5-NITROSO-PYRIMIDINE-2,4-DIAMINE (DB08312)","0.6775","http://www.drugbank.ca/drugs/DB08312"
"125","(2r,3r,4s,5r)-2-Acetamido-3,4-Dihydroxy-5-Hydroxymethyl-Piperidinium (DB03861)","0.6735","http://www.drugbank.ca/drugs/DB03861"
"126","4-Nitrophenyl-Ara (DB03196)","0.6722","http://www.drugbank.ca/drugs/DB03196"
"127","Meprobamate (DB00371)","0.6703","http://www.drugbank.ca/drugs/DB00371"
"128","9-(5,5-Difluoro-5-Phosphonopentyl)Guanine (DB04260)","0.6687","http://www.drugbank.ca/drugs/DB04260"
"129","Pantothenic acid (DB01783)","0.6668","http://www.drugbank.ca/drugs/DB01783"
"130","2-AMINO-4-HYDROXYPYRIMIDINE-5-CARBOXYLIC ACID ETHYL ESTER (DB06906)","0.6647","http://www.drugbank.ca/drugs/DB06906"
"131","Glutamine t-butyl ester (DB04636)","0.6615","http://www.drugbank.ca/drugs/DB04636"
"132","7,8-Dihydro-7,7-Dimethyl-6-Hydroxypterin (DB02278)","0.6611","http://www.drugbank.ca/drugs/DB02278"
"133","ABT-089 (DB05458)","0.6580","http://www.drugbank.ca/drugs/DB05458"
"134","N-(ethoxycarbonyl)-L-leucine (DB06839)","0.6461","http://www.drugbank.ca/drugs/DB06839"
"135","2-Oxy-4-Hydroxy-5-(2-Hydrazinopyridine)Phenylalanine (DB01634)","0.6461","http://www.drugbank.ca/drugs/DB01634"
"136","Arimoclomol (DB05025)","0.6432","http://www.drugbank.ca/drugs/DB05025"
"137","Tenofovir (DB00300)","0.6415","http://www.drugbank.ca/drugs/DB00300"
"138","2-Amino-3-Methyl-1-Pyrrolidin-1-Yl-Butan-1-One (DB01884)","0.6414","http://www.drugbank.ca/drugs/DB01884"
"139","2,6-Diamino-(S)-9-[2-(Phosphonomethoxy)Propyl]Purine (DB02222)","0.6401","http://www.drugbank.ca/drugs/DB02222"
"140","N-(1-BENZYL-3,3,3-TRIFLUORO-2,2-DIHYDROXY-PROPYL)-ACETAMIDE (DB07383)","0.6400","http://www.drugbank.ca/drugs/DB07383"
"141","ANISOMYCIN (DB07374)","0.6360","http://www.drugbank.ca/drugs/DB07374"
"142","(1R,2R,3R,4S,5R)-4-(BENZYLAMINO)-5-(METHYLTHIO)CYCLOPENTANE-1,2,3-TRIOL (DB06984)","0.6356","http://www.drugbank.ca/drugs/DB06984"
"143","Pirbuterol (DB01291)","0.6354","http://www.drugbank.ca/drugs/DB01291"
"144","4-[(5-bromopyridin-2-yl)amino]-4-oxobutanoic acid (DB08578)","0.6340","http://www.drugbank.ca/drugs/DB08578"
"145","Porphobilinogen (DB02272)","0.6330","http://www.drugbank.ca/drugs/DB02272"
"146","(South)-Methanocarba-Thymidine (DB02921)","0.6315","http://www.drugbank.ca/drugs/DB02921"
"147","TERT-BUTYL [(1R)-2-METHYL-1-(1,3,4-OXADIAZOL-2-YL)PROPYL]CARBAMATE (DB08336)","0.6305","http://www.drugbank.ca/drugs/DB08336"
"148","TERT-BUTYL [(1S)-2-METHYL-1-(1,3,4-OXADIAZOL-2-YL)PROPYL]CARBAMATE (DB08337)","0.6305","http://www.drugbank.ca/drugs/DB08337"
"149","4-Methylidene-5-One (DB03071)","0.6292","http://www.drugbank.ca/drugs/DB03071"
"150","4r-Fluoro-N6-Ethanimidoyl-L-Lysine (DB01835)","0.6272","http://www.drugbank.ca/drugs/DB01835"
"151","2-[(2-Oxo-2-Piperidin-1-Ylethyl)Thio]-6-(Trifluoromethyl)Pyrimidin-4(1h)-One (DB03009)","0.6238","http://www.drugbank.ca/drugs/DB03009"
"152","(S)-2-[4-(Aminomethyl)-1h-1,2,3-Triazol-1-Yl]-4-Methylpentanoic Acid (DB03244)","0.6213","http://www.drugbank.ca/drugs/DB03244"
"153","1-[2-DEOXYRIBOFURANOSYL]-2,4-DIFLUORO-5-METHYL-BENZENE-5'MONOPHOSPHATE (DB07652)","0.6193","http://www.drugbank.ca/drugs/DB07652"
"154","Esmolol (DB00187)","0.6147","http://www.drugbank.ca/drugs/DB00187"
"155","Metronidazole (DB00916)","0.6139","http://www.drugbank.ca/drugs/DB00916"
"156","N-hexanoyl-L-homoserine (DB07532)","0.6126","http://www.drugbank.ca/drugs/DB07532"
"157","(2R)-4,4-dihydroxy-5-nitro-2-(phenylmethyl)pentanoic acid (DB07484)","0.6125","http://www.drugbank.ca/drugs/DB07484"
"158","Mimosine (DB01055)","0.6097","http://www.drugbank.ca/drugs/DB01055"
"159","8-Hydroxy-4-(1-Hydroxyethyl)Quinoline-2-Carboxylic Acid (DB02566)","0.6093","http://www.drugbank.ca/drugs/DB02566"
"160","S-(D-Carboxybutyl)-L-Homocysteine (DB02337)","0.6085","http://www.drugbank.ca/drugs/DB02337"
"161","ETHYL 4-[(4-METHYLPYRIDIN-2-YL)AMINO]PIPERIDINE-1-CARBOXYLATE (DB07388)","0.6065","http://www.drugbank.ca/drugs/DB07388"
"162","AMPA (DB02057)","0.6060","http://www.drugbank.ca/drugs/DB02057"
"163","desmethylprodine (DB01478)","0.6056","http://www.drugbank.ca/drugs/DB01478"
"164","Nz-(1-Carboxyethyl)-Lysine (DB02370)","0.6048","http://www.drugbank.ca/drugs/DB02370"
"165","N~2~-Succinylornithine (DB03582)","0.6028","http://www.drugbank.ca/drugs/DB03582"
"166","Phosphoric Acid Mono-[2-Amino-3-(3h-Imidazol-4-Yl)-Propyl]Ester (DB03997)","0.6021","http://www.drugbank.ca/drugs/DB03997"
"167","4-Imidazolmethylene-5-Imidazolone Chromophore (DB02356)","0.6004","http://www.drugbank.ca/drugs/DB02356"
"168","ETHYL 4-[(4-CHLOROPYRIDIN-2-YL)AMINO]PIPERIDINE-1-CARBOXYLATE (DB07306)","0.5979","http://www.drugbank.ca/drugs/DB07306"
"169","Nd1-Phosphonohistidine (DB01899)","0.5975","http://www.drugbank.ca/drugs/DB01899"
"170","4-amino-7,7-dimethyl-7,8-dihydroquinazolin-5(6H)-one (DB08316)","0.5947","http://www.drugbank.ca/drugs/DB08316"
"171","1-(1-HYDROXY-2,2,6,6-TETRAMETHYLPIPERIDIN-4-YL)PYRROLIDINE-2,5-DIONE (DB08227)","0.5927","http://www.drugbank.ca/drugs/DB08227"
"172","Metoprolol (DB00264)","0.5920","http://www.drugbank.ca/drugs/DB00264"
"173","2-(ACETYL-HYDROXY-AMINO)-4-METHYL-PENTANOIC ACID METHYL ESTER (DB07989)","0.5907","http://www.drugbank.ca/drugs/DB07989"
"174","N2-(Carboxyethyl)-L-Arginine (DB04189)","0.5905","http://www.drugbank.ca/drugs/DB04189"
"175","Minoxidil (DB00350)","0.5903","http://www.drugbank.ca/drugs/DB00350"
"176","BRX-235 (DB05444)","0.5881","http://www.drugbank.ca/drugs/DB05444"
"177","Furoyl-Leucine (DB02215)","0.5874","http://www.drugbank.ca/drugs/DB02215"
"178","Gemfibrozil (DB01241)","0.5826","http://www.drugbank.ca/drugs/DB01241"
"179","7-(Carboxyamino)-8-Amino-Nonanoic Acid (DB03624)","0.5823","http://www.drugbank.ca/drugs/DB03624"
"180","N5-(1-Imino-3-Butenyl)-L-Ornithine (DB03710)","0.5816","http://www.drugbank.ca/drugs/DB03710"
"181","Filaminast (DB02660)","0.5809","http://www.drugbank.ca/drugs/DB02660"
"182","(3S,5E)-3-propyl-3,4-dihydrothieno[2,3-f][1,4]oxazepin-5(2H)-imine (DB07001)","0.5801","http://www.drugbank.ca/drugs/DB07001"
"183","DIETHYL PROPANE-1,3-DIYLBISCARBAMATE (DB08501)","0.5784","http://www.drugbank.ca/drugs/DB08501"
"184","5-Chloro-6-[(2-Iminopyrrolidin-1-Yl)Methyl]Pyrimidine-2,4(1h,3h)-Dione (DB02631)","0.5767","http://www.drugbank.ca/drugs/DB02631"
"185","Acetylcarnitine (DB08842)","0.5761","http://www.drugbank.ca/drugs/DB08842"
"186","Clofibrate (DB00636)","0.5733","http://www.drugbank.ca/drugs/DB00636"
"187","Fluvoxamine (DB00176)","0.5724","http://www.drugbank.ca/drugs/DB00176"
"188","HYDROXY[3-(6-METHYLPYRIDIN-2-YL)PROPYL]FORMAMIDE (DB08525)","0.5714","http://www.drugbank.ca/drugs/DB08525"
"189","Ciclopirox (DB01188)","0.5713","http://www.drugbank.ca/drugs/DB01188"
"190","(S)-ATPA (DB03319)","0.5711","http://www.drugbank.ca/drugs/DB03319"
"191","Pethidine (DB00454)","0.5700","http://www.drugbank.ca/drugs/DB00454"
"192","THIO-ATPA (DB04798)","0.5678","http://www.drugbank.ca/drugs/DB04798"
"193","3-(4-HYDROXYPHENYL)-4,5-DIHYDRO-5-ISOXAZOLE-ACETIC ACID METHYL ESTER (DB07888)","0.5678","http://www.drugbank.ca/drugs/DB07888"
"194","(R)-TRANS-4-(1-AMINOETHYL)-N-(4-PYRIDYL) CYCLOHEXANECARBOXAMIDE (DB08756)","0.5663","http://www.drugbank.ca/drugs/DB08756"
"195","7,8-Diamino-Nonanoic Acid (DB01715)","0.5661","http://www.drugbank.ca/drugs/DB01715"
"196","(R)-Mesopram (DB01647)","0.5633","http://www.drugbank.ca/drugs/DB01647"
"197","Pramipexole (DB00413)","0.5630","http://www.drugbank.ca/drugs/DB00413"
"198","Aspartame (DB00168)","0.5621","http://www.drugbank.ca/drugs/DB00168"
"199","N-Omega-Propyl-L-Arginine (DB02644)","0.5600","http://www.drugbank.ca/drugs/DB02644"
"200","Methylphenidate (DB00422)","0.5596","http://www.drugbank.ca/drugs/DB00422"
"201","Dexmethylphenidate (DB06701)","0.5596","http://www.drugbank.ca/drugs/DB06701"
"202","Ecgonine (DB01525)","0.5593","http://www.drugbank.ca/drugs/DB01525"
"203","5,6-Cyclic-Tetrahydropteridine (DB03332)","0.5584","http://www.drugbank.ca/drugs/DB03332"
"204","Antiproliferative Agent A771726 (DB03805)","0.5576","http://www.drugbank.ca/drugs/DB03805"
"205","Atenolol (DB00335)","0.5559","http://www.drugbank.ca/drugs/DB00335"
"206","2-(4-(2-HYDROXY-3-(ISOPROPYLAMINO)PROPOXY)PHENYL)ETHANAMIDE (DB06987)","0.5559","http://www.drugbank.ca/drugs/DB06987"
"207","N1-CYCLOPENTYL-N2-(THIAZOL-2-YL)OXALAMIDE (DB07591)","0.5541","http://www.drugbank.ca/drugs/DB07591"
"208","3-(2-Aminoethyl)-4-(Aminomethyl)Heptanedioic Acid (DB02878)","0.5536","http://www.drugbank.ca/drugs/DB02878"
"209","N-(5'-Phosphopyridoxyl)-D-Alanine (DB01993)","0.5506","http://www.drugbank.ca/drugs/DB01993"
"210","Pyridoxyl-Alanine-5-Phosphate (DB04467)","0.5506","http://www.drugbank.ca/drugs/DB04467"
"211","Oxprenolol (DB01580)","0.5501","http://www.drugbank.ca/drugs/DB01580"
"212","D-Pyridoxyl-N,O-Cycloserylamide-5-Monophosphate (DB02038)","0.5482","http://www.drugbank.ca/drugs/DB02038"
"213","Pyridoxyl-N,O-Cycloserylamide-5-Monophosphate (DB03579)","0.5482","http://www.drugbank.ca/drugs/DB03579"
"214","L-Pyridoxyl-N,O-Cycloserylamide-5-Monophosphate (DB03787)","0.5482","http://www.drugbank.ca/drugs/DB03787"
"215","Alprenolol (DB00866)","0.5481","http://www.drugbank.ca/drugs/DB00866"
"216","Bupranolol (DB08808)","0.5460","http://www.drugbank.ca/drugs/DB08808"
"217","3-FLUORO-4-HYDROXYBENZALDEHYDE O-(CYCLOHEXYLCARBONYL)OXIME (DB08334)","0.5460","http://www.drugbank.ca/drugs/DB08334"
"218","4-HYDROXYBENZALDEHYDE O-(CYCLOHEXYLCARBONYL)OXIME (DB08333)","0.5439","http://www.drugbank.ca/drugs/DB08333"
"219","N-[(CYCLOHEXYLAMINO)CARBONYL]GLYCINE (DB08256)","0.5429","http://www.drugbank.ca/drugs/DB08256"
"220","Felbamate (DB00949)","0.5424","http://www.drugbank.ca/drugs/DB00949"
"221","Practolol (DB01297)","0.5423","http://www.drugbank.ca/drugs/DB01297"
"222","(1R,2S)-2-(5-thioxo-4,5-dihydro-1H-1,2,4-triazol-3-yl)cyclohexanecarboxylic acid (DB07850)","0.5423","http://www.drugbank.ca/drugs/DB07850"
"223","(2S,3S)-3-(4-fluorophenyl)-2,3-dihydroxypropanoic acid (DB06946)","0.5403","http://www.drugbank.ca/drugs/DB06946"
"224","4'-Deoxy-4'-Acetylyamino-Pyridoxal-5'-Phosphate (DB02783)","0.5392","http://www.drugbank.ca/drugs/DB02783"
"225","N-[(2R)-2-benzyl-4-(hydroxyamino)-4-oxobutanoyl]-L-alanine (DB08040)","0.5372","http://www.drugbank.ca/drugs/DB08040"
"226","N-Acetyl-L-Citrulline (DB02368)","0.5340","http://www.drugbank.ca/drugs/DB02368"
"227","5-(Hydroxy-Methyl-Amino)-3-Methyl-Pyrrolidine-2-Carboxylic Acid (DB01855)","0.5338","http://www.drugbank.ca/drugs/DB01855"
"228","Proparacaine (DB00807)","0.5320","http://www.drugbank.ca/drugs/DB00807"
"229","(4R)-4-(3-butoxy-4-methoxybenzyl)imidazolidin-2-one (DB06842)","0.5306","http://www.drugbank.ca/drugs/DB06842"
"230","NCX 701 (DB05409)","0.5286","http://www.drugbank.ca/drugs/DB05409"
"231","2-(cyclohexylamino)benzoic acid (DB07038)","0.5282","http://www.drugbank.ca/drugs/DB07038"
"232","4-(N-ACETYLAMINO)-3-[N-(2-ETHYLBUTANOYLAMINO)]BENZOIC ACID (DB07762)","0.5270","http://www.drugbank.ca/drugs/DB07762"
"233","Vorinostat (DB02546)","0.5231","http://www.drugbank.ca/drugs/DB02546"
"234","Methocarbamol (DB00423)","0.5212","http://www.drugbank.ca/drugs/DB00423"
"235","Isoetarine (DB00221)","0.5210","http://www.drugbank.ca/drugs/DB00221"
"236","Fidarestat (DB02021)","0.5208","http://www.drugbank.ca/drugs/DB02021"
"237","Fidarestat(Stereoisomer) (DB02101)","0.5208","http://www.drugbank.ca/drugs/DB02101"
"238","4-(2,2,2-TRIFLUOROETHYL)-L-PHENYLALANINE (DB08617)","0.5203","http://www.drugbank.ca/drugs/DB08617"
"239","Metaxalone (DB00660)","0.5197","http://www.drugbank.ca/drugs/DB00660"
"240","(1S,2R)-2-[(2,5-difluorophenyl)carbamoyl]cyclopropanecarboxylic acid (DB07808)","0.5196","http://www.drugbank.ca/drugs/DB07808"
"241","N-Acetyl-P-Nitrophenylserinol (DB02608)","0.5173","http://www.drugbank.ca/drugs/DB02608"
"242","4-(2,5-DIAMINO-5-HYDROXY-PENTYL)-PHENOL (DB07353)","0.5172","http://www.drugbank.ca/drugs/DB07353"
"243","(R)-1-(4-(4-(HYDROXYMETHYL)-1,3,2-DIOXABOROLAN-2-YL)PHENETHYL)GUANIDINE (DB07071)","0.5168","http://www.drugbank.ca/drugs/DB07071"
"244","Lisdexamfetamine (DB01255)","0.5132","http://www.drugbank.ca/drugs/DB01255"
"245","N-Pyridoxyl-Glycine-5-Monophosphate (DB02824)","0.5122","http://www.drugbank.ca/drugs/DB02824"
"246","Iproniazid (DB04818)","0.5111","http://www.drugbank.ca/drugs/DB04818"
"247","Tinidazole (DB00911)","0.5110","http://www.drugbank.ca/drugs/DB00911"
"248","(3S)-1-(4-acetylphenyl)-5-oxopyrrolidine-3-carboxylic acid (DB07825)","0.5107","http://www.drugbank.ca/drugs/DB07825"
"249","Uracil mustard (DB00791)","0.5104","http://www.drugbank.ca/drugs/DB00791"
"250","Aminodi(Ethyloxy)Ethylaminocarbonylbenzenesulfonamide (DB02535)","0.5090","http://www.drugbank.ca/drugs/DB02535"
"251","Monastrol (DB04331)","0.5082","http://www.drugbank.ca/drugs/DB04331"
"252","1-(2-nitrophenyl)-2,2,2-trifluoroethyl]-arsenocholine (DB07555)","0.5081","http://www.drugbank.ca/drugs/DB07555"
"253","(R)-3-BROMO-2-HYDROXY-2-METHYL-N-[4-NITRO-3-(TRIFLUOROMETHYL)PHENYL]PROPANAMIDE (DB07454)","0.5077","http://www.drugbank.ca/drugs/DB07454"
"254","Alpha-N-Dichloroacetyl-P-Aminophenylserinol (DB04411)","0.5074","http://www.drugbank.ca/drugs/DB04411"
"255","Octahydroindole-2-Carboxylic Acid (DB03409)","0.5066","http://www.drugbank.ca/drugs/DB03409"
"256","7-(1-Methyl-1,2,3-Triazol-4-Yl)-6-Formyl-2,7-Dihydro-[1,4]Thiazepine-3-Carboxylic Acid, Brl42715, C6-(N1-Methyl-1,2,3-Triazolylmethylene)Penem (DB02816)","0.5058","http://www.drugbank.ca/drugs/DB02816"
"257","Chloramphenicol (DB00446)","0.5055","http://www.drugbank.ca/drugs/DB00446"
"258","BROMAMPHENICOL (DB07492)","0.5055","http://www.drugbank.ca/drugs/DB07492"
"259","(2S)-2-HYDROXY-2H-CHROMENE-2-CARBOXYLIC ACID (DB06952)","0.5055","http://www.drugbank.ca/drugs/DB06952"
"260","1,1,1-TRIFLUORO-3-ACETAMIDO-4-PHENYL BUTAN-2-ONE(N-ACETYL-L-PHENYLALANYL TRIFLUOROMETHYL KETONE) (DB07380)","0.5054","http://www.drugbank.ca/drugs/DB07380"
"261","N-Trimethyllysine (DB03977)","0.5054","http://www.drugbank.ca/drugs/DB03977"
"262","Pyridoxine (DB00165)","0.5052","http://www.drugbank.ca/drugs/DB00165"
"263","(3s,8ar)-3-(1h-Imidazol-5-Ylmethyl)Hexahydropyrrolo[1,2-a]Pyrazine-1,4-Dione (DB02414)","0.5039","http://www.drugbank.ca/drugs/DB02414"
"264","Lomustine (DB01206)","0.5035","http://www.drugbank.ca/drugs/DB01206"
"265","Alpha-Amino-2-Indanacetic Acid (DB04061)","0.5029","http://www.drugbank.ca/drugs/DB04061"
"266","2-Prolyl-5-Tert-Butyl-[1,3,4]Oxadiazole (DB03833)","0.5011","http://www.drugbank.ca/drugs/DB03833"
"267","Metyrosine (DB00765)","0.5004","http://www.drugbank.ca/drugs/DB00765"
"268","Salbutamol (DB01001)","0.5003","http://www.drugbank.ca/drugs/DB01001"
"269","ISOPROPYL (2S)-2-ETHYL-7-FLUORO-3-OXO-3,4-DIHYDROQUINOXALINE-1(2H)-CARBOXYLATE (DB07884)","0.4989","http://www.drugbank.ca/drugs/DB07884"
"270","2-[1-METHYLHEXYL]-4,6-DINITROPHENOL (DB07671)","0.4986","http://www.drugbank.ca/drugs/DB07671"
"271","N-Cyclohexyl-N'-(4-Iodophenyl)Urea (DB02029)","0.4984","http://www.drugbank.ca/drugs/DB02029"
"272","Aminoglutethimide (DB00357)","0.4974","http://www.drugbank.ca/drugs/DB00357"
"273","(2R)-2-benzyl-3-nitropropanoic acid (DB06924)","0.4970","http://www.drugbank.ca/drugs/DB06924"
"274","Ketobemidone (DB06738)","0.4957","http://www.drugbank.ca/drugs/DB06738"
"275","Methyldopa (DB00968)","0.4955","http://www.drugbank.ca/drugs/DB00968"
"276","Captopril (DB01197)","0.4952","http://www.drugbank.ca/drugs/DB01197"
"277","1-(3-Mercapto-2-Methyl-Propionyl)-Pyrrolidine-2-Carboxylic Acid (DB02032)","0.4952","http://www.drugbank.ca/drugs/DB02032"
"278","(6-METHYL-3,4-DIHYDRO-2H-CHROMEN-2-YL)METHYLPHOSPHINATE (DB07487)","0.4946","http://www.drugbank.ca/drugs/DB07487"
"279","Oxamniquine (DB01096)","0.4943","http://www.drugbank.ca/drugs/DB01096"
"280","Carbidopa (DB00190)","0.4943","http://www.drugbank.ca/drugs/DB00190"
"281","(3S)-1-(2-hydroxyphenyl)-5-oxopyrrolidine-3-carboxylic acid (DB07057)","0.4939","http://www.drugbank.ca/drugs/DB07057"
"282","Guaifenesin (DB00874)","0.4925","http://www.drugbank.ca/drugs/DB00874"
"283","4-bromo-2-{[(3R,5S)-3,5-dimethylpiperidin-1-yl]carbonyl}aniline (DB08579)","0.4924","http://www.drugbank.ca/drugs/DB08579"
"284","Chlorphenesin (DB00856)","0.4908","http://www.drugbank.ca/drugs/DB00856"
"285","M-(N,N,N-Trimethylammonio)-2,2,2-Trifluoro-1,1-Dihydroxyethylbenzene (DB03359)","0.4898","http://www.drugbank.ca/drugs/DB03359"
"286","Chlorambucil (DB00291)","0.4897","http://www.drugbank.ca/drugs/DB00291"
"287","Gabapentin (DB00996)","0.4892","http://www.drugbank.ca/drugs/DB00996"
"288","Pyridoxal (DB00147)","0.4882","http://www.drugbank.ca/drugs/DB00147"
"289","Trans-O-Hydroxy-Alpha-Methyl Cinnamate (DB01662)","0.4878","http://www.drugbank.ca/drugs/DB01662"
"290","Chromophore (Gly-Tyr-Gly) (DB04567)","0.4867","http://www.drugbank.ca/drugs/DB04567"
"291","4-[(Isopropylamino)Methyl]Phenylalanine (DB04292)","0.4859","http://www.drugbank.ca/drugs/DB04292"
"292","Droxidopa (DB06262)","0.4857","http://www.drugbank.ca/drugs/DB06262"
"293","Milnacipran (DB04896)","0.4857","http://www.drugbank.ca/drugs/DB04896"
"294","Levomilnacipran (DB08918)","0.4857","http://www.drugbank.ca/drugs/DB08918"
"295","3-{[(1r)-1-Benzyl-2-Sulfanylethyl]Amino}-3-Oxopropanoic Acid (DB01935)","0.4856","http://www.drugbank.ca/drugs/DB01935"
"296","(R)-1-(4-(4-(HYDROXYMETHYL)-1,3,2-DIOXABOROLAN-2-YL)BENZYL)GUANIDINE (DB07887)","0.4852","http://www.drugbank.ca/drugs/DB07887"
"297","4-Methylaminorex (DB01447)","0.4845","http://www.drugbank.ca/drugs/DB01447"
"298","(1S,4R,9S)-5-(trifluoromethyl)-1,2,3,4-tetrahydro-1,4-methanonaphthalen-9-amine (DB08128)","0.4833","http://www.drugbank.ca/drugs/DB08128"
"299","3-CHLORO-2,2-DIMETHYL-N-[4-(TRIFLUOROMETHYL)PHENYL]PROPANAMIDE (DB07805)","0.4828","http://www.drugbank.ca/drugs/DB07805"
"300","L-2-Amino-4-[2-Aminophenyl]-4-Oxobutanoic Acid (DB02070)","0.4828","http://www.drugbank.ca/drugs/DB02070"
"301","Sorbinil (DB02712)","0.4816","http://www.drugbank.ca/drugs/DB02712"
"302","Terbutaline (DB00871)","0.4814","http://www.drugbank.ca/drugs/DB00871"
"303","(2S)-2-AMINO-1-(5-TERT-BUTYL-1,3,4-OXADIAZOL-2-YL)PROPAN-1-ONE (DB07391)","0.4813","http://www.drugbank.ca/drugs/DB07391"
"304","3-[({(1E)-[2-(trifluoromethyl)phenyl]methylidene}amino)oxy]propanoic acid (DB06885)","0.4789","http://www.drugbank.ca/drugs/DB06885"
"305","1-METHYL-3-TRIFLUOROMETHYL-1H-THIENO[2,3-C]PYRAZOLE-5-CARBOXYLIC ACID (2-MERCAPTO-ETHYL)-AMIDE (DB07733)","0.4788","http://www.drugbank.ca/drugs/DB07733"
"306","Butethal (DB01353)","0.4786","http://www.drugbank.ca/drugs/DB01353"
"307","N-BENZYLOXYCARBONYL-L-SERINE-BETALACTONE (DB04634)","0.4770","http://www.drugbank.ca/drugs/DB04634"
"308","(2R)-3-{[(BENZYLAMINO)CARBONYL]AMINO}-2-HYDROXYPROPANOIC ACID (DB08007)","0.4768","http://www.drugbank.ca/drugs/DB08007"
"309","N-[(BENZYLOXY)CARBONYL]-L-CYSTEINYLGLYCINE (DB08199)","0.4767","http://www.drugbank.ca/drugs/DB08199"
"310","UCB 44212 (DB05885)","0.4758","http://www.drugbank.ca/drugs/DB05885"
"311","N-Methyl-Pyridoxal-5'-Phosphate (DB01639)","0.4756","http://www.drugbank.ca/drugs/DB01639"
"312","[4-(4-Hydroxy-Benzyl)-2-(2-Hydroxy-1-Methyl-Ethyl)-5-Oxo-Imidazolidin-1-Yl]-Acetic Acid (DB03537)","0.4740","http://www.drugbank.ca/drugs/DB03537"
"313","(R)-1-(4-(4-(HYDROXYMETHYL)-1,3,2-DIOXABOROLAN-2-YL)PHENYL)GUANIDINE (DB07077)","0.4730","http://www.drugbank.ca/drugs/DB07077"
"314","Tymazoline (DB08803)","0.4727","http://www.drugbank.ca/drugs/DB08803"
"315","[(2-AMINO-ALPHA-METHOXYIMINO-4-THIAZOLYLACETYL)AMINO]METHYLBORONIC ACID (DB07599)","0.4720","http://www.drugbank.ca/drugs/DB07599"
"316","Methoxamine (DB00723)","0.4719","http://www.drugbank.ca/drugs/DB00723"
"317","Furazolidone (DB00614)","0.4714","http://www.drugbank.ca/drugs/DB00614"
"318","1-(5-TERT-BUTYL-1,3,4-OXADIAZOL-2-YL)-2-(METHYLAMINO)ETHANONE (DB08576)","0.4708","http://www.drugbank.ca/drugs/DB08576"
"319","Baclofen (DB00181)","0.4707","http://www.drugbank.ca/drugs/DB00181"
"320","Stepronin (DB01423)","0.4705","http://www.drugbank.ca/drugs/DB01423"
"321","Pyridostigmine (DB00545)","0.4689","http://www.drugbank.ca/drugs/DB00545"
"322","Pyridoxine-5'-Phosphate (DB02209)","0.4681","http://www.drugbank.ca/drugs/DB02209"
"323","1-[(2-AMINO-4-CHLORO-5-METHYLPHENYL)SULFONYL]-L-PROLINE (DB07273)","0.4679","http://www.drugbank.ca/drugs/DB07273"
"324","3-({[(1Z)-(2-methoxyphenyl)methylidene]amino}oxy)propanoic acid (DB07282)","0.4672","http://www.drugbank.ca/drugs/DB07282"
"325","Mepivacaine (DB00961)","0.4655","http://www.drugbank.ca/drugs/DB00961"
"326","4-(1-Amino-1-Carboxy-Ethyl)-Benzoic Acid (DB04256)","0.4652","http://www.drugbank.ca/drugs/DB04256"
"327","Butabarbital (DB00237)","0.4647","http://www.drugbank.ca/drugs/DB00237"
"328","Melphalan (DB01042)","0.4644","http://www.drugbank.ca/drugs/DB01042"
"329","Clenbuterol (DB01407)","0.4642","http://www.drugbank.ca/drugs/DB01407"
"330","Tazobactam (DB01606)","0.4634","http://www.drugbank.ca/drugs/DB01606"
"331","(3R)-4,4-DIFLUORO-3-[(4-METHOXYPHENYL)SULFONYL]BUTANOIC ACID (DB07285)","0.4633","http://www.drugbank.ca/drugs/DB07285"
"332","Tosyl-D-Proline (DB02752)","0.4619","http://www.drugbank.ca/drugs/DB02752"
"333","Flutamide (DB00499)","0.4611","http://www.drugbank.ca/drugs/DB00499"
"334","Pyridoxamine-5'-Phosphate (DB02142)","0.4590","http://www.drugbank.ca/drugs/DB02142"
"335","Lacosamide (DB06218)","0.4579","http://www.drugbank.ca/drugs/DB06218"
"336","(R)-4-Nitrostyrene oxide (DB04777)","0.4576","http://www.drugbank.ca/drugs/DB04777"
"337","(S)-4-Nitrostyrene oxide (DB04782)","0.4576","http://www.drugbank.ca/drugs/DB04782"
"338","Physostigmine (DB00981)","0.4558","http://www.drugbank.ca/drugs/DB00981"
"339","Meta-Nitro-Tyrosine (DB03867)","0.4555","http://www.drugbank.ca/drugs/DB03867"
"340","3-(4-NITRO-PHENOXY)-PROPAN-1-OL (DB07722)","0.4555","http://www.drugbank.ca/drugs/DB07722"
"341","Sotalol (DB00489)","0.4547","http://www.drugbank.ca/drugs/DB00489"
"342","Metaraminol (DB00610)","0.4539","http://www.drugbank.ca/drugs/DB00610"
"343","3-Amino-6-Hydroxy-Tyrosine (DB02928)","0.4534","http://www.drugbank.ca/drugs/DB02928"
"344","(5R)-2-[(2-fluorophenyl)amino]-5-(1-methylethyl)-1,3-thiazol-4(5H)-one (DB08771)","0.4528","http://www.drugbank.ca/drugs/DB08771"
"345","2,3,-Dihydroxybenzoylserine (DB02710)","0.4516","http://www.drugbank.ca/drugs/DB02710"
"346","Midodrine (DB00211)","0.4516","http://www.drugbank.ca/drugs/DB00211"
"347","Orciprenaline (DB00816)","0.4515","http://www.drugbank.ca/drugs/DB00816"
"348","Pyridoxal Phosphate (DB00114)","0.4504","http://www.drugbank.ca/drugs/DB00114"
"349","Isoprenaline (DB01064)","0.4504","http://www.drugbank.ca/drugs/DB01064"
"350","Primidone (DB00794)","0.4503","http://www.drugbank.ca/drugs/DB00794"
"351","2,5-Dimethoxy-4-ethylamphetamine (DB01467)","0.4502","http://www.drugbank.ca/drugs/DB01467"
"352","3-(3,4-Dimethoxyphenyl)Propionic Acid (DB04208)","0.4501","http://www.drugbank.ca/drugs/DB04208"
"353","L-[(N-Hydroxyamino)Carbonyl]Phenylalanine (DB02652)","0.4496","http://www.drugbank.ca/drugs/DB02652"
"354","D-[(N-Hydroxyamino)Carbonyl]Phenylalanine (DB04316)","0.4496","http://www.drugbank.ca/drugs/DB04316"
"355","Levonordefrin (DB06707)","0.4493","http://www.drugbank.ca/drugs/DB06707"
"356","D-[(Amino)Carbonyl]Phenylalanine (DB04058)","0.4486","http://www.drugbank.ca/drugs/DB04058"
"357","(3s,8ar)-3-(4-Hydroxybenzyl)Hexahydropyrrolo[1,2-a]Pyrazine-1,4-Dione (DB04520)","0.4477","http://www.drugbank.ca/drugs/DB04520"
"358","Procaine (DB00721)","0.4476","http://www.drugbank.ca/drugs/DB00721"
"359","2-(3-GUANIDINOPHENYL)-3-MERCAPTOPROPANOIC ACID (DB04723)","0.4472","http://www.drugbank.ca/drugs/DB04723"
"360","Dexfenfluramine (DB01191)","0.4470","http://www.drugbank.ca/drugs/DB01191"
"361","Fenfluramine (DB00574)","0.4470","http://www.drugbank.ca/drugs/DB00574"
"362","3-Fluorotyrosine (DB04436)","0.4464","http://www.drugbank.ca/drugs/DB04436"
"363","Phenobarbital (DB01174)","0.4457","http://www.drugbank.ca/drugs/DB01174"
"364","[(2S)-4-methyl-3-oxo-2,3,4,5-tetrahydro-1H-1,4-benzodiazepin-2-yl]acetic acid (DB08717)","0.4450","http://www.drugbank.ca/drugs/DB08717"
"365","L-Tyrosine (DB00135)","0.4446","http://www.drugbank.ca/drugs/DB00135"
"366","3-Hydroxyphenylalanine (DB02387)","0.4446","http://www.drugbank.ca/drugs/DB02387"
"367","Meta-Tyrosine (DB03552)","0.4446","http://www.drugbank.ca/drugs/DB03552"
"368","D-Tyrosine (DB03839)","0.4446","http://www.drugbank.ca/drugs/DB03839"
"369","[(3R)-7-NITRO-1,2,3,4-TETRAHYDROISOQUINOLIN-3-YL]METHANOL (DB07906)","0.4445","http://www.drugbank.ca/drugs/DB07906"
"370","Metharbital (DB00463)","0.4439","http://www.drugbank.ca/drugs/DB00463"
"371","O-Benzylsulfonyl-Serine (DB01973)","0.4436","http://www.drugbank.ca/drugs/DB01973"
"372","Chloroprocaine (DB01161)","0.4426","http://www.drugbank.ca/drugs/DB01161"
"373","L-DOPA (DB01235)","0.4399","http://www.drugbank.ca/drugs/DB01235"
"374","3-Iodo-Tyrosine (DB01758)","0.4376","http://www.drugbank.ca/drugs/DB01758"
"375","3,4-Methylenedioxy-N-ethylamphetamine (DB01566)","0.4368","http://www.drugbank.ca/drugs/DB01566"
"376","Fospropofol (DB06716)","0.4365","http://www.drugbank.ca/drugs/DB06716"
"377","N-ISOBUTYL-N-[4-METHOXYPHENYLSULFONYL]GLYCYL HYDROXAMIC ACID (DB08271)","0.4358","http://www.drugbank.ca/drugs/DB08271"
"378","L-Phenylalanine (DB00120)","0.4357","http://www.drugbank.ca/drugs/DB00120"
"379","Methylphenobarbital (DB00849)","0.4352","http://www.drugbank.ca/drugs/DB00849"
"380","Prilocaine (DB00750)","0.4340","http://www.drugbank.ca/drugs/DB00750"
"381","Nilutamide (DB00665)","0.4338","http://www.drugbank.ca/drugs/DB00665"
"382","Amido Phenyl Pyruvic Acid (DB02018)","0.4334","http://www.drugbank.ca/drugs/DB02018"
"383","Probenecid (DB01032)","0.4315","http://www.drugbank.ca/drugs/DB01032"
"384","Cp-166572, 2-Hydroxymethyl-4-(4-N,N-Dimethylaminosulfonyl-1-Piperazino)-Pyrimidine (DB04478)","0.4300","http://www.drugbank.ca/drugs/DB04478"
"385","4-Methyl-2,5-dimethoxyamphetamine (DB01528)","0.4287","http://www.drugbank.ca/drugs/DB01528"
"386","Pemoline (DB01230)","0.4278","http://www.drugbank.ca/drugs/DB01230"
"387","4-AMINO-2-TRIFLUOROMETHYL-5-HYDROXYMETHYLPYRIMIDINE PYROPHOSPHATE (DB07782)","0.4276","http://www.drugbank.ca/drugs/DB07782"
"388","(2E)-3-(3,4-DIHYDROXYPHENYL)-2-IMINOPROPANOIC ACID (DB07979)","0.4257","http://www.drugbank.ca/drugs/DB07979"
"389","1-Carboxyethylaminomethyl-4-Aminomethylbenzene (DB02960)","0.4254","http://www.drugbank.ca/drugs/DB02960"
"390","Lofexidine (DB04948)","0.4253","http://www.drugbank.ca/drugs/DB04948"
"391","Phosphonotyrosine (DB01962)","0.4246","http://www.drugbank.ca/drugs/DB01962"
"392","Aminorex (DB01490)","0.4237","http://www.drugbank.ca/drugs/DB01490"
"393","Phenylalanine-N-Sulfonamide (DB03012)","0.4226","http://www.drugbank.ca/drugs/DB03012"
"394","(1R)-2-amino-1-[3-(trifluoromethyl)phenyl]ethanol (DB08129)","0.4223","http://www.drugbank.ca/drugs/DB08129"
"395","2,5-Dimethoxyamphetamine (DB01465)","0.4222","http://www.drugbank.ca/drugs/DB01465"
"396","3-(Benzoylamino)-L-Alanine (DB03992)","0.4215","http://www.drugbank.ca/drugs/DB03992"
"397","3,4-Methylenedioxymethamphetamine (DB01454)","0.4193","http://www.drugbank.ca/drugs/DB01454"
"398","4-(Acetylamino)-3-[(Hydroxyacetyl)Amino]Benzoic Acid (DB04565)","0.4190","http://www.drugbank.ca/drugs/DB04565"
"399","3,5-Diiodotyrosine (DB03374)","0.4185","http://www.drugbank.ca/drugs/DB03374"
"400","3,5 DIBROMOTYROSINE (DB07637)","0.4185","http://www.drugbank.ca/drugs/DB07637"
"401","Entacapone (DB00494)","0.4180","http://www.drugbank.ca/drugs/DB00494"
"402","Aniracetam (DB04599)","0.4179","http://www.drugbank.ca/drugs/DB04599"
"403","(5R)-2-SULFANYL-5-[4-(TRIFLUOROMETHYL)BENZYL]-1,3-THIAZOL-4-ONE (DB08574)","0.4169","http://www.drugbank.ca/drugs/DB08574"
"404","4-Bromo-2,5-dimethoxyamphetamine (DB01484)","0.4168","http://www.drugbank.ca/drugs/DB01484"
"405","Moclobemide (DB01171)","0.4155","http://www.drugbank.ca/drugs/DB01171"
"406","3,4,5-Trimethoxyamphetamine (DB01516)","0.4128","http://www.drugbank.ca/drugs/DB01516"
"407","Mephenytoin (DB00532)","0.4122","http://www.drugbank.ca/drugs/DB00532"
"408","1(R)-1-ACETAMIDO-2-(3-CARBOXY-2-HYDROXYPHENYL)ETHYL BORONIC ACID (DB07464)","0.4121","http://www.drugbank.ca/drugs/DB07464"
"409","3,4-Methylenedioxyamphetamine (DB01509)","0.4119","http://www.drugbank.ca/drugs/DB01509"
"410","4-Sulfonamide-[1-(4-Aminobutane)]Benzamide (DB03697)","0.4105","http://www.drugbank.ca/drugs/DB03697"
"411","Tolbutamide (DB01124)","0.4105","http://www.drugbank.ca/drugs/DB01124"
"412","4-Sulfonamide-[4-(Thiomethylaminobutane)]Benzamide (DB04002)","0.4104","http://www.drugbank.ca/drugs/DB04002"
"413","Benzocaine (DB01086)","0.4079","http://www.drugbank.ca/drugs/DB01086"
"414","L-Tyrosinamide (DB03380)","0.4065","http://www.drugbank.ca/drugs/DB03380"
"415","1(R)-1-Acetamido-2-(3-Carboxyphenyl)Ethyl Boronic Acid (DB02614)","0.4062","http://www.drugbank.ca/drugs/DB02614"
"416","(2E)-1-[(6-chloropyridin-3-yl)methyl]-N-nitroimidazolidin-2-imine (DB07980)","0.4051","http://www.drugbank.ca/drugs/DB07980"
"417","MMDA (DB01442)","0.4043","http://www.drugbank.ca/drugs/DB01442"
"418","Dorzolamide (DB00869)","0.4041","http://www.drugbank.ca/drugs/DB00869"
"419","Pomalidomide (DB08910)","0.4034","http://www.drugbank.ca/drugs/DB08910"
"420","Arsthinol (DB08928)","0.4024","http://www.drugbank.ca/drugs/DB08928"
"421","2-(3,4-Dihydro-3-Oxo-2h-Benzo[B][1,4]Thiazin-2-Yl)-N-Hydroxyacetamide (DB02036)","0.4023","http://www.drugbank.ca/drugs/DB02036"
"422","Phenylephrine (DB00388)","0.3980","http://www.drugbank.ca/drugs/DB00388"
"423","4-(Acetylamino)-3-[(Aminoacetyl)Amino]Benzoic Acid (DB02829)","0.3966","http://www.drugbank.ca/drugs/DB02829"
"424","Phenacetin (DB03783)","0.3966","http://www.drugbank.ca/drugs/DB03783"
"425","Epinephrine (DB00668)","0.3956","http://www.drugbank.ca/drugs/DB00668"
"426","Hexobarbital (DB01355)","0.3950","http://www.drugbank.ca/drugs/DB01355"
"427","Para-Iodo-D-Phenylalanine Hydroxamic Acid (DB01980)","0.3921","http://www.drugbank.ca/drugs/DB01980"
"428","Tocainide (DB01056)","0.3918","http://www.drugbank.ca/drugs/DB01056"
"429","Acetylsalicylic acid (DB00945)","0.3906","http://www.drugbank.ca/drugs/DB00945"
"430","2-{[4-(TRIFLUOROMETHOXY)BENZOYL]AMINO}ETHYL DIHYDROGEN PHOSPHATE (DB07745)","0.3901","http://www.drugbank.ca/drugs/DB07745"
"431","2,4-Dihydroxy-7-(Methyloxy)-2h-1,4-Benzoxazin-3(4h)-One (DB02185)","0.3893","http://www.drugbank.ca/drugs/DB02185"
"432","[4-(1,3,2-Dioxaborolan-2-Yloxy)Methyl]Benzamidine (DB04109)","0.3882","http://www.drugbank.ca/drugs/DB04109"
"433","Metoclopramide (DB01233)","0.3882","http://www.drugbank.ca/drugs/DB01233"
"434","Epicept NP-1 (DB05492)","0.3872","http://www.drugbank.ca/drugs/DB05492"
"435","(2r)-Amino(3,5-Dihydroxyphenyl)Acetic Acid (DB04228)","0.3871","http://www.drugbank.ca/drugs/DB04228"
"436","(4s-Trans)-4-(Methylamino)-5,6-Dihydro-6-Methyl-4h-Thieno(2,3-B)Thiopyran-2-Sulfonamide-7,7-Dioxide (DB04081)","0.3863","http://www.drugbank.ca/drugs/DB04081"
"437","Norepinephrine (DB00368)","0.3849","http://www.drugbank.ca/drugs/DB00368"
"438","3-Nitro-4-(2-Oxo-Pyrrolidin-1-Yl)-Benzenesulfonamide (DB04394)","0.3835","http://www.drugbank.ca/drugs/DB04394"
"439","Procarbazine (DB01168)","0.3819","http://www.drugbank.ca/drugs/DB01168"
"440","Rivastigmine (DB00989)","0.3814","http://www.drugbank.ca/drugs/DB00989"
"441","4-(ACETYLAMINO)-5-AMINO-3-HYDROXYBENZOIC ACID (DB08571)","0.3793","http://www.drugbank.ca/drugs/DB08571"
"442","6-METHYL-2(PROPANE-1-SULFONYL)-2H-THIENO[3,2-D][1,2,3]DIAZABORININ-1-OL (DB08605)","0.3789","http://www.drugbank.ca/drugs/DB08605"
"443","4-(ACETYLAMINO)-3-HYDROXY-5-NITROBENZOIC ACID (DB08570)","0.3789","http://www.drugbank.ca/drugs/DB08570"
"444","Lidocaine (DB00281)","0.3775","http://www.drugbank.ca/drugs/DB00281"
"445","lidocaine patch (DB05291)","0.3775","http://www.drugbank.ca/drugs/DB05291"
"446","2-(3,4-Dihydroxyphenyl)Acetic Acid (DB01702)","0.3762","http://www.drugbank.ca/drugs/DB01702"
"447","[2-(Methyleneamine)-4-(4-Hydroxy-Benzylidine)-5-Oxo-4,5-Dihydro-Imidazol-1-Yl]-Acetaldehyde (DB03998)","0.3754","http://www.drugbank.ca/drugs/DB03998"
"448","5-(3,3-Dihydroxypropeny)-3-Methoxy-Benzene-1,2-Diol (DB04449)","0.3739","http://www.drugbank.ca/drugs/DB04449"
"449","Aminohippurate (DB00345)","0.3736","http://www.drugbank.ca/drugs/DB00345"
"450","[[4-(Aminomethyl)Phenyl]Amino]Oxo-Acetic Acid, (DB02420)","0.3736","http://www.drugbank.ca/drugs/DB02420"
"451","4-(Acetylamino)-3-Amino Benzoic Acid (DB02268)","0.3703","http://www.drugbank.ca/drugs/DB02268"
"452","3-Hydroxyhippuric acid (DB07069)","0.3691","http://www.drugbank.ca/drugs/DB07069"
"453","4-Bromo-2,5-dimethoxyphenethylamine (DB01537)","0.3685","http://www.drugbank.ca/drugs/DB01537"
"454","4-(Acetylamino)-3-Guanidinobenzoic Acid (DB03342)","0.3683","http://www.drugbank.ca/drugs/DB03342"
"455","S-Ethyl-N-[4-(Trifluoromethyl)Phenyl]Isothiourea (DB02991)","0.3672","http://www.drugbank.ca/drugs/DB02991"
"456","N-(3-AMINOPROPYL)-2-NITROBENZENAMINE (DB08291)","0.3660","http://www.drugbank.ca/drugs/DB08291"
"457","Ranitidine (DB00863)","0.3659","http://www.drugbank.ca/drugs/DB00863"
"458","Procainamide (DB01035)","0.3654","http://www.drugbank.ca/drugs/DB01035"
"459","DIETHYL 4-METHOXYPHENYL PHOSPHATE (DB07721)","0.3649","http://www.drugbank.ca/drugs/DB07721"
"460","(2S)-4-(4-fluorobenzyl)-N-(2-sulfanylethyl)piperazine-2-carboxamide (DB07736)","0.3643","http://www.drugbank.ca/drugs/DB07736"
"461","Acetic Acid Salicyloyl-Amino-Ester (DB03667)","0.3635","http://www.drugbank.ca/drugs/DB03667"
"462","[[N-(Benzyloxycarbonyl)Amino]Methyl]Phosphate (DB02642)","0.3626","http://www.drugbank.ca/drugs/DB02642"
"463","(5E)-5-[(2,2-DIFLUORO-1,3-BENZODIOXOL-5-YL)METHYLENE]-1,3-THIAZOLIDINE-2,4-DIONE (DB07503)","0.3619","http://www.drugbank.ca/drugs/DB07503"
"464","Quinethazone (DB01325)","0.3607","http://www.drugbank.ca/drugs/DB01325"
"465","VANILLATE (DB08711)","0.3602","http://www.drugbank.ca/drugs/DB08711"
"466","SULTHIAME (DB08329)","0.3579","http://www.drugbank.ca/drugs/DB08329"
"467","SYRINGATE (DB08589)","0.3579","http://www.drugbank.ca/drugs/DB08589"
"468","Diatrizoate (DB00271)","0.3537","http://www.drugbank.ca/drugs/DB00271"
"469","1-{[N-(1-IMINO-GUANIDINO-METHYL)]SULFANYLMETHYL}-3-TRIFLUOROMETHYL-BENZENE (DB07262)","0.3505","http://www.drugbank.ca/drugs/DB07262"
"470","2,4-Dihydroxy-Trans Cinnamic Acid (DB01704)","0.3497","http://www.drugbank.ca/drugs/DB01704"
"471","Phenacemide (DB01121)","0.3494","http://www.drugbank.ca/drugs/DB01121"
"472","D-1-(4-CHLOROPHENYL)-2-(ACETAMIDO)ETHANE BORONIC ACID (DB08692)","0.3493","http://www.drugbank.ca/drugs/DB08692"
"473","L-1-(4-CHLOROPHENYL)-2-(ACETAMIDO)ETHANE BORONIC ACID (DB08693)","0.3493","http://www.drugbank.ca/drugs/DB08693"
"474","3,4-Dihydroxycinnamic Acid (DB01880)","0.3492","http://www.drugbank.ca/drugs/DB01880"
"475","Levamisole (DB00848)","0.3490","http://www.drugbank.ca/drugs/DB00848"
"476","2-({[4-(TRIFLUOROMETHOXY)PHENYL]SULFONYL}AMINO)ETHYL DIHYDROGEN PHOSPHATE (DB07748)","0.3486","http://www.drugbank.ca/drugs/DB07748"
"477","5-[Bis-2(Chloro-Ethyl)-Amino]-2,4-Dintro-Benzamide (DB03228)","0.3472","http://www.drugbank.ca/drugs/DB03228"
"478","Ethotoin (DB00754)","0.3436","http://www.drugbank.ca/drugs/DB00754"
"479","ISO24 (DB03628)","0.3434","http://www.drugbank.ca/drugs/DB03628"
"480","Chlorpropamide (DB00672)","0.3403","http://www.drugbank.ca/drugs/DB00672"
"481","4-(2-HYDROXY-4-FLUOROPHENYLTHIO)-BUTYLPHOSPHONIC ACID (DB07894)","0.3389","http://www.drugbank.ca/drugs/DB07894"
"482","N-[2-chloro-5-(trifluoromethyl)phenyl]imidodicarbonimidic diamide (DB08478)","0.3359","http://www.drugbank.ca/drugs/DB08478"
"483","N-(3-(Aminomethyl)Benzyl)Acetamidine (DB02044)","0.3351","http://www.drugbank.ca/drugs/DB02044"
"484","4-Hydroxy-3-Methoxybenzoate (DB02130)","0.3339","http://www.drugbank.ca/drugs/DB02130"
"485","Guanfacine (DB01018)","0.3274","http://www.drugbank.ca/drugs/DB01018"
"486","N-(3,5-dimethoxyphenyl)imidodicarbonimidic diamide (DB08479)","0.3243","http://www.drugbank.ca/drugs/DB08479"
"487","4-AMINO-N-[(2-SULFANYLETHYL)CARBAMOYL]BENZENESULFONAMIDE (DB08484)","0.3083","http://www.drugbank.ca/drugs/DB08484"
"488","Bethanidine (DB00217)","0.3062","http://www.drugbank.ca/drugs/DB00217"
"489","Apraclonidine (DB00964)","0.2976","http://www.drugbank.ca/drugs/DB00964"
"490","4-iodo-acetamido phenylboronic acid (DB02122)","0.2948","http://www.drugbank.ca/drugs/DB02122"
"491","Hydroflumethiazide (DB00774)","0.2944","http://www.drugbank.ca/drugs/DB00774"
"492","Clonidine (DB00575)","0.2916","http://www.drugbank.ca/drugs/DB00575"
"493","Altretamine (DB00488)","0.2882","http://www.drugbank.ca/drugs/DB00488"
"494","Neostigmine (DB01400)","0.2872","http://www.drugbank.ca/drugs/DB01400"
"495","2,3,5,6-Tetrafluoro-4-Methoxy-Benzamide (DB01827)","0.2809","http://www.drugbank.ca/drugs/DB01827"
"496","Trinitrotoluene (DB01676)","0.2725","http://www.drugbank.ca/drugs/DB01676"
"497","Methyclothiazide (DB00232)","0.2556","http://www.drugbank.ca/drugs/DB00232"
"498","Diethylcarbamazine (DB00711)","0.2482","http://www.drugbank.ca/drugs/DB00711"
"499","Trichlormethiazide (DB01021)","0.2453","http://www.drugbank.ca/drugs/DB01021"
"500","6-CHLORO-3-(DICHLOROMETHYL)-3,4-DIHYDRO-2H-1,2,4-BENZOTHIADIAZINE-7-SULFONAMIDE 1,1-DIOXIDE (DB08645)","0.2453","http://www.drugbank.ca/drugs/DB08645"
