"","DrugBank Compound (Name, ID)","Similarity to ","Link"
"1","Vilazodone (DB06684)","0.9613","http://www.drugbank.ca/drugs/DB06684"
"2","Flunarizine (DB04841)","0.9577","http://www.drugbank.ca/drugs/DB04841"
"3","3-[(Acetyl-Methyl-Amino)-Methyl]-4-Amino-N-Methyl-N-(1-Methyl-1h-Indol-2-Ylmethyl)-Benzamide (DB03534)","0.9520","http://www.drugbank.ca/drugs/DB03534"
"4","1-BENZYL-3-(4-METHOXYPHENYLAMINO)-4-PHENYLPYRROLE-2,5-DIONE (DB08063)","0.9508","http://www.drugbank.ca/drugs/DB08063"
"5","Flavoxate (DB01148)","0.9500","http://www.drugbank.ca/drugs/DB01148"
"6","Cinnarizine (DB00568)","0.9494","http://www.drugbank.ca/drugs/DB00568"
"7","3-FLUORO-5-MORPHOLIN-4-YL-N-[1-(2-PYRIDIN-4-YLETHYL)-1H-INDOL-6-YL]BENZAMIDE (DB08730)","0.9486","http://www.drugbank.ca/drugs/DB08730"
"8","Flurazepam (DB00690)","0.9484","http://www.drugbank.ca/drugs/DB00690"
"9","2-Phenyl-1-[4-(2-Piperidin-1-Yl-Ethoxy)-Phenyl]-1,2,3,4-Tetrahydro-Isoquinolin-6-Ol (DB04471)","0.9484","http://www.drugbank.ca/drugs/DB04471"
"10","3-FLUORO-5-MORPHOLIN-4-YL-N-[3-(2-PYRIDIN-4-YLETHYL)-1H-INDOL-5-YL]BENZAMIDE (DB08091)","0.9479","http://www.drugbank.ca/drugs/DB08091"
"11","Meclizine (DB00737)","0.9463","http://www.drugbank.ca/drugs/DB00737"
"12","Compound 12, N-Acetyl-4-[(Carboxycarbonyl)(2-Carboxyphenyl)Amino]-N-Pentyl-1-Napthylalaniamide (DB01820)","0.9458","http://www.drugbank.ca/drugs/DB01820"
"13","5-(5-chloro-2,4-dihydroxyphenyl)-N-ethyl-4-[4-(morpholin-4-ylmethyl)phenyl]isoxazole-3-carboxamide (DB06961)","0.9446","http://www.drugbank.ca/drugs/DB06961"
"14","Diltiazem (DB00343)","0.9441","http://www.drugbank.ca/drugs/DB00343"
"15","Bentiromide (DB00522)","0.9439","http://www.drugbank.ca/drugs/DB00522"
"16","N-Alpha-(2-Naphthylsulfonyl)-N(3-Amidino-L-Phenylalaninyl)-4-Acetyl-Piperazine (DB04125)","0.9437","http://www.drugbank.ca/drugs/DB04125"
"17","Tolvaptan (DB06212)","0.9431","http://www.drugbank.ca/drugs/DB06212"
"18","4-[3-(dibenzylamino)phenyl]-2,4-dioxobutanoic acid (DB08147)","0.9426","http://www.drugbank.ca/drugs/DB08147"
"19","(2S)-6-(2,4-DIAMINO-6-ETHYLPYRIMIDIN-5-YL)-2-(3,5-DIFLUOROPHENYL)-4-(3-METHOXYPROPYL)-2H-1,4-BENZOXAZIN-3(4H)-ONE (DB07113)","0.9423","http://www.drugbank.ca/drugs/DB07113"
"20","1-Acetyl-4-(4-{4-[(2-Ethoxyphenyl)Thio]-3-Nitrophenyl}Pyridin-2-Yl)Piperazine (DB02177)","0.9391","http://www.drugbank.ca/drugs/DB02177"
"21","5-(4-METHYL-BENZOYLAMINO)-BIPHENYL-3,4'-DICARBOXYLIC ACID 3-DIMETHYLAMIDE-4'-HYDROXYAMIDE (DB07586)","0.9391","http://www.drugbank.ca/drugs/DB07586"
"22","4-[4-(1-Amino-1-Methylethyl)Phenyl]-5-Chloro-N-[4-(2-Morpholin-4-Ylethyl)Phenyl]Pyrimidin-2-Amine (DB02491)","0.9391","http://www.drugbank.ca/drugs/DB02491"
"23","N-(P-CYANOPHENYL)-N'-DIPHENYLMETHYL-GUANIDINE-ACETIC ACID (DB07816)","0.9386","http://www.drugbank.ca/drugs/DB07816"
"24","N-cyclopropyl-4-methyl-3-{2-[(2-morpholin-4-ylethyl)amino]quinazolin-6-yl}benzamide (DB08351)","0.9369","http://www.drugbank.ca/drugs/DB08351"
"25","4-(2-aminoethoxy)-N-(3-chloro-5-piperidin-1-ylphenyl)-3,5-dimethylbenzamide (DB08697)","0.9367","http://www.drugbank.ca/drugs/DB08697"
"26","(1S,5S,7R)-N~7~-(BIPHENYL-4-YLMETHYL)-N~3~-HYDROXY-6,8-DIOXA-3-AZABICYCLO[3.2.1]OCTANE-3,7-DICARBOXAMIDE (DB07026)","0.9366","http://www.drugbank.ca/drugs/DB07026"
"27","Br-Coeleneterazine (DB02006)","0.9365","http://www.drugbank.ca/drugs/DB02006"
"28","I-Coeleneterazine (DB04146)","0.9365","http://www.drugbank.ca/drugs/DB04146"
"29","Asimadoline (DB05104)","0.9364","http://www.drugbank.ca/drugs/DB05104"
"30","10-Propargyl-5,8-Dideazafolic Acid (DB03541)","0.9360","http://www.drugbank.ca/drugs/DB03541"
"31","Merimepodib (DB04862)","0.9354","http://www.drugbank.ca/drugs/DB04862"
"32","Cetirizine (DB00341)","0.9345","http://www.drugbank.ca/drugs/DB00341"
"33","CI-1033 (DB05424)","0.9342","http://www.drugbank.ca/drugs/DB05424"
"34","Bepridil (DB01244)","0.9338","http://www.drugbank.ca/drugs/DB01244"
"35","4-chloro-6-{5-[(2-morpholin-4-ylethyl)amino]-1,2-benzisoxazol-3-yl}benzene-1,3-diol (DB07601)","0.9334","http://www.drugbank.ca/drugs/DB07601"
"36","5-cyclopropyl-2-(4-fluorophenyl)-6-[(2-hydroxyethyl)(methylsulfonyl)amino]-N-methyl-1-benzofuran-3-carboxamide (DB07238)","0.9327","http://www.drugbank.ca/drugs/DB07238"
"37","6-[N-(1-Isopropyl-1,2,3,4-Tetrahydro-7-Isoquinolinyl)Carbamyl]-2-Naphthalenecarboxamidine (DB02705)","0.9322","http://www.drugbank.ca/drugs/DB02705"
"38","6-[N-(4-Ethyl-1,2,3,4-Tetrahydro-6-Isoquinolinyl)Carbamyl]-2-Naphthalenecarboxamidine (DB02551)","0.9321","http://www.drugbank.ca/drugs/DB02551"
"39","5-Chloro-1h-Indole-2-Carboxylic Acid [1-(4-Fluorobenzyl)-2-(4-Hydroxypiperidin-1yl)-2-Oxoethyl]Amide (DB03383)","0.9320","http://www.drugbank.ca/drugs/DB03383"
"40","1-{2-[3-(2-Chloro-4,5-difluoro-benzoyl)-ureido]-4-fluoro-phenyl}-piperidine-4-carboxylic acid (DB07396)","0.9314","http://www.drugbank.ca/drugs/DB07396"
"41","2-(2-{2-[(BIPHENYL-4-YLMETHYL)-AMINO]-3-MERCAPTO-PENTANOYLAMINO}-ACETYLAMINO)-3-METHYL-BUTYRIC ACID METHYL ESTER (DB08643)","0.9313","http://www.drugbank.ca/drugs/DB08643"
"42","6-ETHYL-5-[(2S)-1-(3-METHOXYPROPYL)-2-PHENYL-1,2,3,4-TETRAHYDROQUINOLIN-7-YL]PYRIMIDINE-2,4-DIAMINE (DB08099)","0.9312","http://www.drugbank.ca/drugs/DB08099"
"43","Ezetimibe (DB00973)","0.9309","http://www.drugbank.ca/drugs/DB00973"
"44","1-(2,6-Dichlorophenyl)-5-(2,4-Difluorophenyl)-7-Piperidin-4-Yl-3,4-Dihydroquinolin-2(1h)-One (DB01948)","0.9305","http://www.drugbank.ca/drugs/DB01948"
"45","HCV-086 (DB05884)","0.9305","http://www.drugbank.ca/drugs/DB05884"
"46","Amiodarone (DB01118)","0.9294","http://www.drugbank.ca/drugs/DB01118"
"47","(2s)-2-[(2,4-Dichloro-Benzoyl)-(3-Trifluoromethyl-Benzyl)-Amino]-3-Phenyl-Propionic Acid (DB03605)","0.9292","http://www.drugbank.ca/drugs/DB03605"
"48","Mirabegron  (DB08893)","0.9284","http://www.drugbank.ca/drugs/DB08893"
"49","1-{2-[(4-CHLOROPHENYL)AMINO]-2-OXOETHYL}-N-(1-ISOPROPYLPIPERIDIN-4-YL)-1H-INDOLE-2-CARBOXAMIDE (DB07974)","0.9273","http://www.drugbank.ca/drugs/DB07974"
"50","N-(1-ISOPROPYLPIPERIDIN-4-YL)-1-(3-METHOXYBENZYL)-1H-INDOLE-2-CARBOXAMIDE (DB07973)","0.9270","http://www.drugbank.ca/drugs/DB07973"
"51","[1-(1-Benzyl-3-Hydroxy-2-Oxo-Propylcarbamoyl)-2-Phenyl-Ethyl]-Carbamic Acid Benzyl Ester (DB01871)","0.9268","http://www.drugbank.ca/drugs/DB01871"
"52","4-CHLORO-6-(4-{4-[4-(METHYLSULFONYL)BENZYL]PIPERAZIN-1-YL}-1H-PYRAZOL-5-YL)BENZENE-1,3-DIOL (DB06957)","0.9267","http://www.drugbank.ca/drugs/DB06957"
"53","Morpholine-4-Carboxylic Acid [1-(2-Benzylsulfanyl-1-Formyl-Ethylcarbamoyl)-2-Phenyl-Ethyl]-Amide (DB03984)","0.9267","http://www.drugbank.ca/drugs/DB03984"
"54","Buclizine (DB00354)","0.9262","http://www.drugbank.ca/drugs/DB00354"
"55","Zuclopenthixol acetate (DB08919)","0.9262","http://www.drugbank.ca/drugs/DB08919"
"56","Quinacrine (DB01103)","0.9260","http://www.drugbank.ca/drugs/DB01103"
"57","Levofloxacin (DB01137)","0.9252","http://www.drugbank.ca/drugs/DB01137"
"58","Ofloxacin (DB01165)","0.9252","http://www.drugbank.ca/drugs/DB01165"
"59","Dextrofloxacine (DB03034)","0.9252","http://www.drugbank.ca/drugs/DB03034"
"60","Temafloxacin (DB01405)","0.9248","http://www.drugbank.ca/drugs/DB01405"
"61","(2R,4R)-N~1~-(4-CHLOROPHENYL)-N~2~-[2-FLUORO-4-(2-OXOPYRIDIN-1(2H)-YL)PHENYL]-4-METHOXYPYRROLIDINE-1,2-DICARBOXAMIDE (DB06920)","0.9246","http://www.drugbank.ca/drugs/DB06920"
"62","Quetiapine (DB01224)","0.9245","http://www.drugbank.ca/drugs/DB01224"
"63","({3-[1-(4-HYDROXY-2-OXO-2H-CHROMEN-3-YL)-PROPYL]-PHENYLCARBAMOYL}-METHYL)-CARBAMIC ACID TERT-BUTYL ESTER (DB08664)","0.9241","http://www.drugbank.ca/drugs/DB08664"
"64","1-[(3S)-5-PHENYL-3-THIOPHEN-2-YL-3H-1,4-BENZODIAZEPIN-2-YL]AZETIDIN-3-OL (DB08698)","0.9239","http://www.drugbank.ca/drugs/DB08698"
"65","[4-(6-Chloro-Naphthalene-2-Sulfonyl)-Piperazin-1-Yl]-(3,4,5,6-Tetrahydro-2h-[1,4']Bipyridinyl-4-Yl)-Methanone (DB01836)","0.9239","http://www.drugbank.ca/drugs/DB01836"
"66","N-[3-(2-fluoroethoxy)phenyl]-N'-(1,3,4-trioxo-1,2,3,4-tetrahydroisoquinolin-6-yl)butanediamide (DB08499)","0.9238","http://www.drugbank.ca/drugs/DB08499"
"67","N-Alpha-(2-Naphthylsulfonyl)-N-(3-Amidino-L-Phenylalaninyl)-D-Pipecolinic Acid (DB04238)","0.9237","http://www.drugbank.ca/drugs/DB04238"
"68","Cp403700, (S)-1-{2-[(5-Chloro-1h-Indole-2-Carbonyl)-Amino]-3-Phenyl-Propionyl}-Azetidine-3-Carboxylate (DB03744)","0.9234","http://www.drugbank.ca/drugs/DB03744"
"69","Tadalafil (DB00820)","0.9234","http://www.drugbank.ca/drugs/DB00820"
"70","Beta-hydroxyfentanyl (DB01453)","0.9233","http://www.drugbank.ca/drugs/DB01453"
"71","AZD2563 (DB04850)","0.9227","http://www.drugbank.ca/drugs/DB04850"
"72","Flavopiridol (DB03496)","0.9224","http://www.drugbank.ca/drugs/DB03496"
"73","N-({4-[(2-aminopyridin-4-yl)oxy]-3-fluorophenyl}carbamoyl)-2-(4-fluorophenyl)acetamide (DB06995)","0.9222","http://www.drugbank.ca/drugs/DB06995"
"74","Ranolazine (DB00243)","0.9221","http://www.drugbank.ca/drugs/DB00243"
"75","RPR128515 (DB04424)","0.9220","http://www.drugbank.ca/drugs/DB04424"
"76","Zuclopenthixol (DB01624)","0.9217","http://www.drugbank.ca/drugs/DB01624"
"77","Allyl-{6-[3-(4-Bromo-Phenyl)-Benzofuran-6-Yloxy]-Hexyl-}-Methyl-Amin (DB02339)","0.9216","http://www.drugbank.ca/drugs/DB02339"
"78","2-[({2-[(1Z)-3-(DIMETHYLAMINO)PROP-1-ENYL]-4-FLUOROPHENYL}SULFONYL)AMINO]-5,6,7,8-TETRAHYDRONAPHTHALENE-1-CARBOXYLIC ACID (DB07323)","0.9215","http://www.drugbank.ca/drugs/DB07323"
"79","BIA (DB03336)","0.9213","http://www.drugbank.ca/drugs/DB03336"
"80","Aripiprazole (DB01238)","0.9210","http://www.drugbank.ca/drugs/DB01238"
"81","3-[3-(2,3-Dihydroxy-Propylamino)-Phenyl]-4-(5-Fluoro-1-Methyl-1h-Indol-3-Yl)-Pyrrole-2,5-Dione (DB01772)","0.9207","http://www.drugbank.ca/drugs/DB01772"
"82","2-{[(6-OXO-1,6-DIHYDROPYRIDIN-3-YL)METHYL]AMINO}-N-[4-PROPYL-3-(TRIFLUOROMETHYL)PHENYL]BENZAMIDE (DB07831)","0.9206","http://www.drugbank.ca/drugs/DB07831"
"83","Mitoxantrone (DB01204)","0.9204","http://www.drugbank.ca/drugs/DB01204"
"84","Bosutinib (DB06616)","0.9202","http://www.drugbank.ca/drugs/DB06616"
"85","(2S)-1-[4-({6-[(2,6-DIFLUOROPHENYL)AMINO]PYRIMIDIN-4-YL}AMINO)PHENOXY]-3-(DIMETHYLAMINO)PROPAN-2-OL (DB07751)","0.9200","http://www.drugbank.ca/drugs/DB07751"
"86","(2R)-1-[4-({6-[(2,6-DIFLUOROPHENYL)AMINO]PYRIMIDIN-4-YL}AMINO)PHENOXY]-3-(DIMETHYLAMINO)PROPAN-2-OL (DB07761)","0.9200","http://www.drugbank.ca/drugs/DB07761"
"87","(S)-2-CHLORO-N-(1-(2-(2-HYDROXYETHYLAMINO)-2-OXOETHYL)-2-OXO-1,2,3,4-TETRAHYDROQUINOLIN-3-YL)-6H-THIENO[2,3-B]PYRROLE-5-CARBOXAMIDE (DB07792)","0.9198","http://www.drugbank.ca/drugs/DB07792"
"88","N-(4-MORPHOLINE)CARBONYL-B-(1-NAPHTHYL)-L-ALANINE-L-LEUCINE BORONIC ACID (DB04732)","0.9198","http://www.drugbank.ca/drugs/DB04732"
"89","Cisapride (DB00604)","0.9197","http://www.drugbank.ca/drugs/DB00604"
"90","6-[3-(4-Morpholinyl)Propyl]-2-(3-Nitrophenyl)-5-Thioxo-5,6,-Dihydro-7h-Thienol[2',3':4,5]Pyrrolo[1,2-C]Imidazol-7-One (DB03507)","0.9197","http://www.drugbank.ca/drugs/DB03507"
"91","D-phenylalanyl-N-(3-fluorobenzyl)-L-prolinamide (DB07027)","0.9195","http://www.drugbank.ca/drugs/DB07027"
"92","Afatinib (DB08916)","0.9195","http://www.drugbank.ca/drugs/DB08916"
"93","(2-Sulfanyl-3-Phenylpropanoyl)-Phe-Tyr (DB03949)","0.9192","http://www.drugbank.ca/drugs/DB03949"
"94","4-(2-aminoethoxy)-N-(3-chloro-2-ethoxy-5-piperidin-1-ylphenyl)-3,5-dimethylbenzamide (DB07626)","0.9191","http://www.drugbank.ca/drugs/DB07626"
"95","6-CARBAMIMIDOYL-4-(3-HYDROXY-2-METHYL-BENZOYLAMINO)-NAPHTHALENE-2-CARBOXYLIC ACID METHYL ESTER (DB07074)","0.9187","http://www.drugbank.ca/drugs/DB07074"
"96","Gefitinib (DB00317)","0.9183","http://www.drugbank.ca/drugs/DB00317"
"97","Encainide (DB01228)","0.9181","http://www.drugbank.ca/drugs/DB01228"
"98","2-({5-CHLORO-2-[(2-METHOXY-4-MORPHOLIN-4-YLPHENYL)AMINO]PYRIMIDIN-4-YL}AMINO)-N-METHYLBENZAMIDE (DB07460)","0.9180","http://www.drugbank.ca/drugs/DB07460"
"99","Amperozide (DB08927)","0.9180","http://www.drugbank.ca/drugs/DB08927"
"100","N-{(1S,2R)-2-hydroxy-1-[(hydroxyamino)carbonyl]propyl}-4-{[4-(morpholin-4-ylmethyl)phenyl]ethynyl}benzamide (DB07536)","0.9179","http://www.drugbank.ca/drugs/DB07536"
"101","N-Alpha-(2-Naphthylsulfonyl)-N(3-Amidino-L-Phenylalaninyl)Isopipecolinic Acid Methyl Ester (DB01745)","0.9173","http://www.drugbank.ca/drugs/DB01745"
"102","Balanol Analog 2 (DB01940)","0.9172","http://www.drugbank.ca/drugs/DB01940"
"103","Azelastine (DB00972)","0.9165","http://www.drugbank.ca/drugs/DB00972"
"104","(S)-2-[(R)-3-amino-4-(2-fluorophenyl)butyryl]-1,2,3,4-tetrahydroisoquinoline-3-carboxamide (DB04578)","0.9164","http://www.drugbank.ca/drugs/DB04578"
"105","Fluspirilene (DB04842)","0.9160","http://www.drugbank.ca/drugs/DB04842"
"106","8-bromo-4-(2-chlorophenyl)-N-(2-hydroxyethyl)-6-methyl-1,3-dioxo-1,2,3,6-tetrahydropyrrolo[3,4-e]indole-7-carboxamide (DB08365)","0.9159","http://www.drugbank.ca/drugs/DB08365"
"107","3-(1h-Indol-3-Yl)-2-[4-(4-Phenyl-Piperidin-1-Yl)-Benzenesulfonylamino]-Propionic Acid (DB02449)","0.9156","http://www.drugbank.ca/drugs/DB02449"
"108","3-HYDROXYPROPYL 3-[({7-[AMINO(IMINO)METHYL]-1-NAPHTHYL}AMINO)CARBONYL]BENZENESULFONATE (DB07022)","0.9152","http://www.drugbank.ca/drugs/DB07022"
"109","N-(5-CHLORO-BENZO[B]THIOPHEN-3-YLMETHYL)-2-[6-CHLORO-OXO-3-(2-PYRIDIN-2-YL-ETHYLAMINO)-2H-PYRAZIN-1-YL]-ACETAMIDE (DB07165)","0.9150","http://www.drugbank.ca/drugs/DB07165"
"110","6-[N-(1-Isopropyl-3,4-Dihydro-7-Isoquinolinyl)Carbamyl]-2-Naphthalenecarboxamidine (DB02473)","0.9150","http://www.drugbank.ca/drugs/DB02473"
"111","(2S)-4-(2,5-DIFLUOROPHENYL)-N-METHYL-2-PHENYL-N-PIPERIDIN-4-YL-2,5-DIHYDRO-1H-PYRROLE-1-CARBOXAMIDE (DB08239)","0.9150","http://www.drugbank.ca/drugs/DB08239"
"112","4-(2-HYDROXYBENZYLAMINO)-N-(3-(4-FLUOROPHENOXY)PHENYL)PIPERIDINE-1-SULFONAMIDE (DB04632)","0.9138","http://www.drugbank.ca/drugs/DB04632"
"113","3-(7-DIAMINOMETHYL-NAPHTHALEN-2-YL)-PROPIONIC ACID ETHYL ESTER (DB07639)","0.9137","http://www.drugbank.ca/drugs/DB07639"
"114","R048-8071 (DB02016)","0.9136","http://www.drugbank.ca/drugs/DB02016"
"115","2-[1-(4-CHLOROBENZOYL)-5-METHOXY-2-METHYL-1H-INDOL-3-YL]-N-[(1R)-1-(HYDROXYMETHYL)PROPYL]ACETAMIDE (DB07981)","0.9135","http://www.drugbank.ca/drugs/DB07981"
"116","2-[1-(4-CHLOROBENZOYL)-5-METHOXY-2-METHYL-1H-INDOL-3-YL]-N-[(1S)-1-(HYDROXYMETHYL)PROPYL]ACETAMIDE (DB07984)","0.9135","http://www.drugbank.ca/drugs/DB07984"
"117","6-[(Z)-AMINO(IMINO)METHYL]-N-[3-(CYCLOPENTYLOXY)PHENYL]-2-NAPHTHAMIDE (DB07076)","0.9135","http://www.drugbank.ca/drugs/DB07076"
"118","Thiothixene (DB01623)","0.9133","http://www.drugbank.ca/drugs/DB01623"
"119","(3R,4S)-1-{6-[3-(METHYLSULFONYL)PHENYL]PYRIMIDIN-4-YL}-4-(2,4,5-TRIFLUOROPHENYL)PYRROLIDIN-3-AMINE (DB07666)","0.9130","http://www.drugbank.ca/drugs/DB07666"
"120","D-phenylalanyl-N-benzyl-L-prolinamide (DB07143)","0.9125","http://www.drugbank.ca/drugs/DB07143"
"121","Balanol Analog 1 (DB02611)","0.9124","http://www.drugbank.ca/drugs/DB02611"
"122","Azimilide (DB04957)","0.9123","http://www.drugbank.ca/drugs/DB04957"
"123","Carphenazine (DB01038)","0.9120","http://www.drugbank.ca/drugs/DB01038"
"124","5-{[1-(2-fluorobenzyl)piperidin-4-yl]methoxy}quinazoline-2,4-diamine (DB07642)","0.9119","http://www.drugbank.ca/drugs/DB07642"
"125","Nafcillin (DB00607)","0.9118","http://www.drugbank.ca/drugs/DB00607"
"126","5-[(2-methyl-5-{[3-(trifluoromethyl)phenyl]carbamoyl}phenyl)amino]pyridine-3-carboxamide (DB07970)","0.9117","http://www.drugbank.ca/drugs/DB07970"
"127","4-chloro-N-(3-methoxypropyl)-N-[(3S)-1-(2-phenylethyl)piperidin-3-yl]benzamide (DB08344)","0.9116","http://www.drugbank.ca/drugs/DB08344"
"128","(2S)-2-ETHOXY-3-{4-[2-(10H-PHENOXAZIN-10-YL)ETHOXY]PHENYL}PROPANOIC ACID (DB07675)","0.9108","http://www.drugbank.ca/drugs/DB07675"
"129","(4R,5R)-5-AMINO-1-[2-(1,3-BENZODIOXOL-5-YL)ETHYL]-4-(2,4,5-TRIFLUOROPHENYL)PIPERIDIN-2-ONE (DB07830)","0.9107","http://www.drugbank.ca/drugs/DB07830"
"130","Bopindolol (DB08807)","0.9107","http://www.drugbank.ca/drugs/DB08807"
"131","N-(4-carbamimidoylbenzyl)-1-(3-phenylpropanoyl)-L-prolinamide (DB06942)","0.9106","http://www.drugbank.ca/drugs/DB06942"
"132","N-[5-(1,1-DIOXIDOISOTHIAZOLIDIN-2-YL)-1H-INDAZOL-3-YL]-2-(4-PIPERIDIN-1-YLPHENYL)ACETAMIDE (DB07220)","0.9101","http://www.drugbank.ca/drugs/DB07220"
"133","Etonitazene (DB01462)","0.9098","http://www.drugbank.ca/drugs/DB01462"
"134","D-phenylalanyl-N-(3-chlorobenzyl)-L-prolinamide (DB06919)","0.9098","http://www.drugbank.ca/drugs/DB06919"
"135","Regorafenib (DB08896)","0.9095","http://www.drugbank.ca/drugs/DB08896"
"136","Nefazodone (DB01149)","0.9087","http://www.drugbank.ca/drugs/DB01149"
"137","(3R,4R)-1-{6-[3-(METHYLSULFONYL)PHENYL]PYRIMIDIN-4-YL}-4-(2,4,5-TRIFLUOROPHENYL)PIPERIDIN-3-AMINE (DB08164)","0.9086","http://www.drugbank.ca/drugs/DB08164"
"138","PYRIMIDINE-4,6-DICARBOXYLIC ACID BIS-(4-FLUORO-3-METHYL-BENZYLAMIDE) (DB04760)","0.9084","http://www.drugbank.ca/drugs/DB04760"
"139","N-(6-{[3-(4-Bromophenyl)-1,2-Benzisothiazol-6-Yl]Oxy}Hexyl)-N-Methylprop-2-En-1-Amine (DB02544)","0.9084","http://www.drugbank.ca/drugs/DB02544"
"140","(2R)-1-(DIMETHYLAMINO)-3-{4-[(6-{[2-FLUORO-5-(TRIFLUOROMETHYL)PHENYL]AMINO}PYRIMIDIN-4-YL)AMINO]PHENOXY}PROPAN-2-OL (DB07054)","0.9083","http://www.drugbank.ca/drugs/DB07054"
"141","Afimoxifene (DB04468)","0.9082","http://www.drugbank.ca/drugs/DB04468"
"142","Eltrombopag (DB06210)","0.9081","http://www.drugbank.ca/drugs/DB06210"
"143","2-Hydroxy-5-({1-[(2-Naphthyloxy)Methyl]-3-Oxoprop-1-Enyl}Amino)Tyrosine (DB02511)","0.9081","http://www.drugbank.ca/drugs/DB02511"
"144","N-({(2S)-1-[(3R)-3-AMINO-4-(2-FLUOROPHENYL)BUTANOYL]PYRROLIDIN-2-YL}METHYL)BENZAMIDE (DB07779)","0.9078","http://www.drugbank.ca/drugs/DB07779"
"145","NALPHA-[(BENZYLOXY)CARBONYL]-N-[(1R)-4-HYDROXY-1-METHYL-2-OXOBUTYL]-L-PHENYLALANINAMIDE (DB08732)","0.9077","http://www.drugbank.ca/drugs/DB08732"
"146","Benazepril (DB00542)","0.9067","http://www.drugbank.ca/drugs/DB00542"
"147","(2e)-N-Allyl-4-{[3-(4-Bromophenyl)-5-Fluoro-1-Methyl-1h-Indazol-6-Yl]Oxy}-N-Methyl-2-Buten-1-Amine (DB02139)","0.9063","http://www.drugbank.ca/drugs/DB02139"
"148","Moricizine (DB00680)","0.9060","http://www.drugbank.ca/drugs/DB00680"
"149","Silodosin (DB06207)","0.9059","http://www.drugbank.ca/drugs/DB06207"
"150","N-{2-[6-(2,4-DIAMINO-6-ETHYLPYRIMIDIN-5-YL)-2,2-DIMETHYL-3-OXO-2,3-DIHYDRO-4H-1,4-BENZOXAZIN-4-YL]ETHYL}ACETAMIDE (DB07059)","0.9057","http://www.drugbank.ca/drugs/DB07059"
"151","D-phenylalanyl-N-(3-methylbenzyl)-L-prolinamide (DB07133)","0.9056","http://www.drugbank.ca/drugs/DB07133"
"152","Valsartan (DB00177)","0.9052","http://www.drugbank.ca/drugs/DB00177"
"153","(4R,2S)-5'-(4-(4-CHLOROBENZYLOXY)PYRROLIDIN-2-YLMETHANESULFONYL)ISOQUINOLINE (DB07583)","0.9052","http://www.drugbank.ca/drugs/DB07583"
"154","Sorafenib (DB00398)","0.9051","http://www.drugbank.ca/drugs/DB00398"
"155","N-(2-AMINOETHYL)-N~2~-{(1S)-1-[4'-(AMINOSULFONYL)BIPHENYL-4-YL]-2,2,2-TRIFLUOROETHYL}-L-LEUCINAMIDE (DB08270)","0.9050","http://www.drugbank.ca/drugs/DB08270"
"156","N-cyclopropyl-3-{[1-(2,4-difluorophenyl)-7-methyl-6-oxo-6,7-dihydro-1H-pyrazolo[3,4-b]pyridin-4-yl]amino}-4-methylbenzamide (DB08349)","0.9050","http://www.drugbank.ca/drugs/DB08349"
"157","(6R)-2-amino-6-[2-(3'-methoxybiphenyl-3-yl)ethyl]-3,6-dimethyl-5,6-dihydropyrimidin-4(3H)-one (DB07519)","0.9050","http://www.drugbank.ca/drugs/DB07519"
"158","S-{3-[(4-ANILINOQUINAZOLIN-6-YL)AMINO]-3-OXOPROPYL}-L-CYSTEINE (DB07602)","0.9043","http://www.drugbank.ca/drugs/DB07602"
"159","Eletriptan (DB00216)","0.9042","http://www.drugbank.ca/drugs/DB00216"
"160","Furo[2,3d]Pyrimidine Antifolate (DB02026)","0.9039","http://www.drugbank.ca/drugs/DB02026"
"161","N-{(1s)-4-[Bis(2-Chloroethyl)Amino]-1-Methylbutyl}-N-(6-Chloro-2-Methoxy-9-Acridinyl)Amine (DB02240)","0.9039","http://www.drugbank.ca/drugs/DB02240"
"162","ISOQUINOLINE-5-SULFONIC ACID (2-(2-(4-CHLOROBENZYLOXY)ETHYLAMINO)ETHYL)AMIDE (DB07947)","0.9038","http://www.drugbank.ca/drugs/DB07947"
"163","CP-526423 (DB02089)","0.9038","http://www.drugbank.ca/drugs/DB02089"
"164","[1-(3-Hydroxy-2-Oxo-1-Phenethyl-Propylcarbamoyl)2-Phenyl-Ethyl]-Carbamic Acid Pyridin-4-Ylmethyl Ester (DB02128)","0.9037","http://www.drugbank.ca/drugs/DB02128"
"165","(2R)-4-(2-BENZOYL-1,2-DIAZEPAN-1-YL)-4-OXO-1-(2,4,5-TRIFLUOROPHENYL)BUTAN-2-AMINE (DB08051)","0.9037","http://www.drugbank.ca/drugs/DB08051"
"166","FAMOXADONE (DB07778)","0.9037","http://www.drugbank.ca/drugs/DB07778"
"167","(9r,10r)-9-(S-Glutathionyl)-10-Hydroxy-9,10-Dihydrophenanthrene (DB01834)","0.9034","http://www.drugbank.ca/drugs/DB01834"
"168","(9s,10s)-9-(S-Glutathionyl)-10-Hydroxy-9,10-Dihydrophenanthrene (DB04187)","0.9034","http://www.drugbank.ca/drugs/DB04187"
"169","Iloperidone (DB04946)","0.9034","http://www.drugbank.ca/drugs/DB04946"
"170","Alpha-methylfentanyl (DB01557)","0.9034","http://www.drugbank.ca/drugs/DB01557"
"171","WAY-151693 (DB02071)","0.9032","http://www.drugbank.ca/drugs/DB02071"
"172","D-phenylalanyl-N-{4-[amino(iminio)methyl]benzyl}-L-prolinamide (DB07005)","0.9027","http://www.drugbank.ca/drugs/DB07005"
"173","2-({[2,3,5,6-TETRAFLUORO-3'-(TRIFLUOROMETHOXY)BIPHENYL-4-YL]AMINO}CARBONYL)CYCLOPENTA-1,3-DIENE-1-CARBOXYLIC ACID (DB07978)","0.9026","http://www.drugbank.ca/drugs/DB07978"
"174","Delavirdine (DB00705)","0.9025","http://www.drugbank.ca/drugs/DB00705"
"175","2-[({4-[2-(trifluoromethyl)phenyl]piperidin-1-yl}carbonyl)amino]benzoic acid (DB06985)","0.9017","http://www.drugbank.ca/drugs/DB06985"
"176","Sulfinpyrazone (DB01138)","0.9017","http://www.drugbank.ca/drugs/DB01138"
"177","Dolutegravir (DB08930)","0.9016","http://www.drugbank.ca/drugs/DB08930"
"178","OPC-28326 (DB05461)","0.9016","http://www.drugbank.ca/drugs/DB05461"
"179","(2Z,3E)-2,3'-BIINDOLE-2',3(1H,1'H)-DIONE 3-{O-[(3R)-3,4-DIHYDROXYBUTYL]OXIME} (DB07766)","0.9015","http://www.drugbank.ca/drugs/DB07766"
"180","(2R)-N-HYDROXY-2-[(3S)-3-METHYL-3-{4-[(2-METHYLQUINOLIN-4-YL)METHOXY]PHENYL}-2-OXOPYRROLIDIN-1-YL]PROPANAMIDE (DB07145)","0.9015","http://www.drugbank.ca/drugs/DB07145"
"181","Bitolterol (DB00901)","0.9014","http://www.drugbank.ca/drugs/DB00901"
"182","Compound 4-D (DB03742)","0.9013","http://www.drugbank.ca/drugs/DB03742"
"183","Sertindole (DB06144)","0.9013","http://www.drugbank.ca/drugs/DB06144"
"184","Allyl-{6-[3-(4-Bromo-Phenyl)-1-Methyl-1h-Indazol-6-Yl]Oxy}Hexyl)-N-Methylamine (DB03888)","0.9009","http://www.drugbank.ca/drugs/DB03888"
"185","Rbt205 Inhibitor (DB03777)","0.9008","http://www.drugbank.ca/drugs/DB03777"
"186","Flibanserin (DB04908)","0.9006","http://www.drugbank.ca/drugs/DB04908"
"187","PYRIMIDINE-4,6-DICARBOXYLIC ACID BIS-(3-METHYL-BENZYLAMIDE) (DB04759)","0.9006","http://www.drugbank.ca/drugs/DB04759"
"188","Grepafloxacin (DB00365)","0.9006","http://www.drugbank.ca/drugs/DB00365"
"189","Phenserine (DB04892)","0.9005","http://www.drugbank.ca/drugs/DB04892"
"190","Vandetanib (DB05294)","0.9004","http://www.drugbank.ca/drugs/DB05294"
"191","FR236913 (DB02830)","0.9001","http://www.drugbank.ca/drugs/DB02830"
"192","(2S)-3-[4-(acetylamino)phenoxy]-2-hydroxy-2-methyl-N-[4-nitro-3-(trifluoromethyl)phenyl]propanamide (DB07423)","0.8998","http://www.drugbank.ca/drugs/DB07423"
"193","RB106 (DB02669)","0.8997","http://www.drugbank.ca/drugs/DB02669"
"194","Acetophenazine (DB01063)","0.8992","http://www.drugbank.ca/drugs/DB01063"
"195","Pimozide (DB01100)","0.8989","http://www.drugbank.ca/drugs/DB01100"
"196","Beta-hydroxy-3-methylfentanyl (DB01570)","0.8989","http://www.drugbank.ca/drugs/DB01570"
"197","Gatifloxacin (DB01044)","0.8985","http://www.drugbank.ca/drugs/DB01044"
"198","3-(2-CHLOROPHENYL)-1-(2-{[(1S)-2-HYDROXY-1,2-DIMETHYLPROPYL]AMINO}PYRIMIDIN-4-YL)-1-(4-METHOXYPHENYL)UREA (DB08095)","0.8985","http://www.drugbank.ca/drugs/DB08095"
"199","4-Amino-N-{4-[2-(2,6-Dimethyl-Phenoxy)-Acetylamino]-3-Hydroxy-1-Isobutyl-5-Phenyl-Pentyl}-Benzamide (DB04373)","0.8980","http://www.drugbank.ca/drugs/DB04373"
"200","3-Amino-N-{4-[2-(2,6-Dimethyl-Phenoxy)-Acetylamino]-3-Hydroxy-1-Isobutyl-5-Phenyl-Pentyl}-Benzamide (DB04378)","0.8980","http://www.drugbank.ca/drugs/DB04378"
"201","(3r)-4-(P-Toluenesulfonyl)-1,4-Thiazane-3-Carboxylicacid-L-Phenylalanine Ethyl Ester (DB01712)","0.8973","http://www.drugbank.ca/drugs/DB01712"
"202","1-(1'-{[3-(methylsulfanyl)-2-benzothiophen-1-yl]carbonyl}spiro[1-benzofuran-3,4'-piperidin]-5-yl)methanamine (DB06848)","0.8973","http://www.drugbank.ca/drugs/DB06848"
"203","3-Methylfentanyl (DB01571)","0.8969","http://www.drugbank.ca/drugs/DB01571"
"204","(2R)-({4-[AMINO(IMINO)METHYL]PHENYL}AMINO){5-ETHOXY-2-FLUORO-3-[(3R)-TETRAHYDROFURAN-3-YLOXY]PHENYL}ACETICACID (DB04590)","0.8967","http://www.drugbank.ca/drugs/DB04590"
"205","Lefradafiban (DB04863)","0.8965","http://www.drugbank.ca/drugs/DB04863"
"206","[3,5-Dibromo-4-(4-Hydroxy-3-Phenethylcarbamoyl-Phenoxy)-Phenyl]-Acetic Acid (DB02106)","0.8961","http://www.drugbank.ca/drugs/DB02106"
"207","4-(4-METHYLPIPERAZIN-1-YL)-N-[5-(2-THIENYLACETYL)-1,5-DIHYDROPYRROLO[3,4-C]PYRAZOL-3-YL]BENZAMIDE (DB07186)","0.8961","http://www.drugbank.ca/drugs/DB07186"
"208","3-(1,1-dioxido-4H-1,2,4-benzothiadiazin-3-yl)-4-hydroxy-1-(3-methylbutyl)quinolin-2(1H)-one (DB07275)","0.8960","http://www.drugbank.ca/drugs/DB07275"
"209","6,7-DIMETHOXY-4-[(3R)-3-(2-NAPHTHYLOXY)PYRROLIDIN-1-YL]QUINAZOLINE (DB08389)","0.8960","http://www.drugbank.ca/drugs/DB08389"
"210","Carfentanil (DB01535)","0.8956","http://www.drugbank.ca/drugs/DB01535"
"211","Halofantrine (DB01218)","0.8956","http://www.drugbank.ca/drugs/DB01218"
"212","N-({6-[(4-CYANO-2-FLUOROBENZYL)OXY]NAPHTHALEN-2-YL}SULFONYL)-D-GLUTAMIC ACID (DB08112)","0.8955","http://www.drugbank.ca/drugs/DB08112"
"213","(2R)-1-[(4-tert-butylphenyl)sulfonyl]-2-methyl-4-(4-nitrophenyl)piperazine (DB07049)","0.8948","http://www.drugbank.ca/drugs/DB07049"
"214","4-(1-Benzyl-3-Carbamoylmethyl-2-Methyl-1h-Indol-5-Yloxy)-Butyric Acid (DB02936)","0.8945","http://www.drugbank.ca/drugs/DB02936"
"215","1-[2-(3-Biphenyl)-4-Methylvaleryl)]Amino-3-(2-Pyridylsulfonyl)Amino-2-Propanone (DB04244)","0.8938","http://www.drugbank.ca/drugs/DB04244"
"216","3-(1H-INDOL-3-YL)-4-(1-{2-[(2S)-1-METHYLPYRROLIDINYL]ETHYL}-1H-INDOL-3-YL)-1H-PYRROLE-2,5-DIONE (DB07456)","0.8936","http://www.drugbank.ca/drugs/DB07456"
"217","3-(1H-INDOL-3-YL)-4-{1-[2-(1-METHYLPYRROLIDIN-2-YL)ETHYL]-1H-INDOL-3-YL}-1H-PYRROLE-2,5-DIONE (DB07458)","0.8936","http://www.drugbank.ca/drugs/DB07458"
"218","Ketoconazole (DB01026)","0.8931","http://www.drugbank.ca/drugs/DB01026"
"219","[3-(1-Benzyl-3-Carbamoylmethyl-2-Methyl-1h-Indol-5-Yloxy)-Propyl-]-Phosphonic Acid (DB02504)","0.8930","http://www.drugbank.ca/drugs/DB02504"
"220","5-Chloro-thiophene-2-carboxylic acid ((3S,4S)-1-{[2-fluoro-4-(2-oxo-2H-pyridin-1-yl)-phenylcarbamoyl]-methyl}-4-hydroxy-pyrrolidin-3-yl)-amide (DB07875)","0.8930","http://www.drugbank.ca/drugs/DB07875"
"221","N-(M-Trifluoromethylphenyl) Phenoxazine-4,6-Dicarboxylic Acid (DB02698)","0.8925","http://www.drugbank.ca/drugs/DB02698"
"222","3-{3-bromo-4-[(2,4-difluorobenzyl)oxy]-6-methyl-2-oxopyridin-1(2H)-yl}-N,4-dimethylbenzamide (DB07941)","0.8924","http://www.drugbank.ca/drugs/DB07941"
"223","OPC-51803 (DB05838)","0.8922","http://www.drugbank.ca/drugs/DB05838"
"224","[5-AMINO-1-(4-FLUOROPHENYL)-1H-PYRAZOL-4-YL][3-(PIPERIDIN-4-YLOXY)PHENYL]METHANONE (DB08423)","0.8922","http://www.drugbank.ca/drugs/DB08423"
"225","Propantheline (DB00782)","0.8918","http://www.drugbank.ca/drugs/DB00782"
"226","[4-(3-AMINOMETHYL-PHENYL)-PIPERIDIN-1-YL]-(5-PHENETHYL- PYRIDIN-3-YL)-METHANONE (DB04764)","0.8914","http://www.drugbank.ca/drugs/DB04764"
"227","2-METHYL-2-(4-{[({4-METHYL-2-[4-(TRIFLUOROMETHYL)PHENYL]-1,3-THIAZOL-5-YL}CARBONYL)AMINO]METHYL}PHENOXY)PROPANOIC ACID (DB07215)","0.8914","http://www.drugbank.ca/drugs/DB07215"
"228","(2R,4S)-2-[(R)-BENZYLCARBAMOYL-PHENYLACETYL-METHYL]-5,5-DIMETHYL-THIAZOLIDINE-4-CARBOXYLIC ACID (DB07806)","0.8913","http://www.drugbank.ca/drugs/DB07806"
"229","9-HYDROXY-6-(3-HYDROXYPROPYL)-4-(2-METHOXYPHENYL)PYRROLO[3,4-C]CARBAZOLE-1,3(2H,6H)-DIONE (DB07006)","0.8910","http://www.drugbank.ca/drugs/DB07006"
"230","Perphenazine (DB00850)","0.8907","http://www.drugbank.ca/drugs/DB00850"
"231","5-chloro-N-[(3R)-1-(2-{[2-fluoro-4-(2-oxopyridin-1(2H)-yl)phenyl]amino}-2-oxoethyl)pyrrolidin-3-yl]thiophene-2-carboxamide (DB07872)","0.8906","http://www.drugbank.ca/drugs/DB07872"
"232","N-({6-[(4-CYANOBENZYL)OXY]NAPHTHALEN-2-YL}SULFONYL)-D-GLUTAMIC ACID (DB08108)","0.8900","http://www.drugbank.ca/drugs/DB08108"
"233","Quinapril (DB00881)","0.8899","http://www.drugbank.ca/drugs/DB00881"
"234","3-CYCLOHEXYL-1-(2-MORPHOLIN-4-YL-2-OXOETHYL)-2-PHENYL-1H-INDOLE-6-CARBOXYLIC ACID (DB07570)","0.8895","http://www.drugbank.ca/drugs/DB07570"
"235","Thiethylperazine (DB00372)","0.8894","http://www.drugbank.ca/drugs/DB00372"
"236","4-BROMO-2-FLUORO-N-[(4E)-6-METHOXY-7-[(1-METHYLPIPERIDIN-4-YL)METHOXY]QUINAZOLIN-4(1H)-YLIDENE]ANILINE (DB08764)","0.8887","http://www.drugbank.ca/drugs/DB08764"
"237","6-(2,4-DIAMINO-6-ETHYLPYRIMIDIN-5-YL)-4-(3-METHOXYPROPYL)-2,2-DIMETHYL-2H-1,4-BENZOXAZIN-3(4H)-ONE (DB07174)","0.8886","http://www.drugbank.ca/drugs/DB07174"
"238","1-ethyl-N-(phenylmethyl)-4-(tetrahydro-2H-pyran-4-ylamino)-1H-pyrazolo[3,4-b]pyridine-5-carboxamide (DB06909)","0.8885","http://www.drugbank.ca/drugs/DB06909"
"239","[4-R-(4-ALPHA,6-BETA,7-BETA]-HEXAHYDRO-5,6-DI(HYDROXY)-1,3-DI(ALLYL)-4,7-BISPHENYLMETHYL)-2H-1,3-DIAZEPINONE (DB06910)","0.8884","http://www.drugbank.ca/drugs/DB06910"
"240","5-CHLORO-THIOPHENE-2-CARBOXYLIC ACID ((3S,4S)-4-FLUORO- 1-{[2-FLUORO-4-(2-OXO-2H-PYRIDIN-1-YL)-PHENYLCARBAMOYL]-METHYL}-PYRROLIDIN-3-YL)-AMIDE (DB08143)","0.8882","http://www.drugbank.ca/drugs/DB08143"
"241","Tl-3-093 (DB01891)","0.8880","http://www.drugbank.ca/drugs/DB01891"
"242","N-ACETYL-L-PHENYLALANYL-4-[DIFLUORO(PHOSPHONO)METHYL]-L-PHENYLALANINAMIDE (DB07651)","0.8877","http://www.drugbank.ca/drugs/DB07651"
"243","1-((1R)-1-(HYDROXYMETHYL)-3-{6-[(3-PHENYLPROPANOYL)AMINO]-1H-INDOL-1-YL}PROPYL)-1H-IMIDAZOLE-4-CARBOXAMIDE (DB07783)","0.8875","http://www.drugbank.ca/drugs/DB07783"
"244","(2S)-4-(2,5-difluorophenyl)-N-[(3R,4S)-3-fluoro-1-methylpiperidin-4-yl]-2-(hydroxymethyl)-N-methyl-2-phenyl-2,5-dihydro-1H-pyrrole-1-carboxamide (DB08037)","0.8873","http://www.drugbank.ca/drugs/DB08037"
"245","Raltitrexed (DB00293)","0.8872","http://www.drugbank.ca/drugs/DB00293"
"246","4-(2-aminoethoxy)-N-(2,5-diethoxyphenyl)-3,5-dimethylbenzamide (DB07625)","0.8871","http://www.drugbank.ca/drugs/DB07625"
"247","N-(TERT-BUTYL)-3,5-DIMETHYL-N'-[(5-METHYL-2,3-DIHYDRO-1,4-BENZODIOXIN-6-YL)CARBONYL]BENZOHYDRAZIDE (DB07929)","0.8869","http://www.drugbank.ca/drugs/DB07929"
"248","(5-(aminomethyl)-2H-spiro[benzofuran-3,4'-piperidine]-1'-yl)(5-(phenylethynyl)furan-2-yl)methanone (DB06962)","0.8868","http://www.drugbank.ca/drugs/DB06962"
"249","6-(4-{(1S,2S)-2-AMINO-1-[(DIMETHYLAMINO)CARBONYL]-3-[(3S)-3-FLUOROPYRROLIDIN-1-YL]-3-OXOPROPYL}PHENYL)-1H-[1,2,4]TRIAZOLO[1,5-A]PYRIDIN-4-IUM (DB08504)","0.8860","http://www.drugbank.ca/drugs/DB08504"
"250","N~3~-cyclopropyl-N~4~'-(cyclopropylmethyl)-6-methylbiphenyl-3,4'-dicarboxamide (DB07835)","0.8852","http://www.drugbank.ca/drugs/DB07835"
"251","N-[(Furan-2-Yl)Carbonyl]-(S)-Leucyl-(R)-[1-Amino-2(1h-Indol-3-Yl)Ethyl]-Phosphonic Acid (DB02046)","0.8851","http://www.drugbank.ca/drugs/DB02046"
"252","N-({(2S)-1-[(3R)-3-amino-4-(3-chlorophenyl)butanoyl]pyrrolidin-2-yl}methyl)-3-(methylsulfonyl)benzamide (DB08429)","0.8850","http://www.drugbank.ca/drugs/DB08429"
"253","N'-(5-CHLORO-1,3-BENZODIOXOL-4-YL)-N-(3-MORPHOLIN-4-YLPHENYL)PYRIMIDINE-2,4-DIAMINE (DB07255)","0.8850","http://www.drugbank.ca/drugs/DB07255"
"254","Sparfloxacin (DB01208)","0.8850","http://www.drugbank.ca/drugs/DB01208"
"255","1S,3AS,8AS-TRIMETHYL-1-OXIDO-1,2,3,3A,8,8A-HEXAHYDROPYRROLO[2,3-B]INDOL-5-YL 2-ETHYLPHENYLCARBAMATE (DB07846)","0.8848","http://www.drugbank.ca/drugs/DB07846"
"256","Trifluoperazine (DB00831)","0.8847","http://www.drugbank.ca/drugs/DB00831"
"257","5-(4-PHENOXYPHENYL)-5-(4-PYRIMIDIN-2-YLPIPERAZIN-1-YL)PYRIMIDINE-2,4,6(2H,3H)-TRIONE (DB07117)","0.8837","http://www.drugbank.ca/drugs/DB07117"
"258","N-{[4-(but-2-yn-1-yloxy)phenyl]sulfonyl}-5-methyl-D-tryptophan (DB07233)","0.8834","http://www.drugbank.ca/drugs/DB07233"
"259","5-hydroxy-4-(7-methoxy-1,1-dioxido-2H-1,2,4-benzothiadiazin-3-yl)-2-(3-methylbutyl)-6-phenylpyridazin-3(2H)-one (DB06974)","0.8832","http://www.drugbank.ca/drugs/DB06974"
"260","Fluphenazine (DB00623)","0.8830","http://www.drugbank.ca/drugs/DB00623"
"261","1-{[1-(2-AMINO-3-PHENYL-PROPIONYL)-PYRROLIDINE-2-CARBONYL]-AMINO}-2-(3-CYANO-PHENYL)-ETHANEBORONIC ACID (DB08420)","0.8828","http://www.drugbank.ca/drugs/DB08420"
"262","2-({[3,5-DIFLUORO-3'-(TRIFLUOROMETHOXY)BIPHENYL-4-YL]AMINO}CARBONYL)CYCLOPENT-1-ENE-1-CARBOXYLIC ACID (DB07975)","0.8826","http://www.drugbank.ca/drugs/DB07975"
"263","N-cyclopropyl-6-[(6,7-dimethoxyquinolin-4-yl)oxy]naphthalene-1-carboxamide (DB07274)","0.8819","http://www.drugbank.ca/drugs/DB07274"
"264","5-[1-(3,4-Dimethoxy-Benzoyl)-1,2,3,4-Tetrahydro-Quinolin-6-Yl]-6-Methyl-3,6-Dihydro-[1,3,4]Thiadiazin-2-One (DB03944)","0.8815","http://www.drugbank.ca/drugs/DB03944"
"265","(1-Tert-Butyl-5-Hydroxy-1h-Pyrazol-4-Yl)-(6-Methanesulfonyl-4'-Methoxy-2-Methyl-Biphenyl-3-Yl)-Methanone (DB02850)","0.8807","http://www.drugbank.ca/drugs/DB02850"
"266","4-(BENZHYDRYLOXY)-1-[3-(1H-TETRAAZOL-5-YL)PROPYL]PIPERIDINE (DB07917)","0.8801","http://www.drugbank.ca/drugs/DB07917"
"267","(5S)-5-(3-AMINOPROPYL)-3-(2,5-DIFLUOROPHENYL)-N-ETHYL-5-PHENYL-4,5-DIHYDRO-1H-PYRAZOLE-1-CARBOXAMIDE (DB08250)","0.8800","http://www.drugbank.ca/drugs/DB08250"
"268","Prazosin (DB00457)","0.8799","http://www.drugbank.ca/drugs/DB00457"
"269","Trimethaphan (DB01116)","0.8797","http://www.drugbank.ca/drugs/DB01116"
"270","Fluvastatin (DB01095)","0.8781","http://www.drugbank.ca/drugs/DB01095"
"271","4-(2-{[4-{[3-(4-Chlorophenyl)Propyl]Sulfanyl}-6-(1-Piperazinyl)-1,3,5-Triazin-2-Yl]Amino}Ethyl)Phenol (DB04020)","0.8779","http://www.drugbank.ca/drugs/DB04020"
"272","Saprisartan (DB01347)","0.8778","http://www.drugbank.ca/drugs/DB01347"
"273","Carvedilol (DB01136)","0.8776","http://www.drugbank.ca/drugs/DB01136"
"274","Colchicine (DB01394)","0.8771","http://www.drugbank.ca/drugs/DB01394"
"275","Flucloxacillin (DB00301)","0.8769","http://www.drugbank.ca/drugs/DB00301"
"276","Thioproperazine (DB01622)","0.8769","http://www.drugbank.ca/drugs/DB01622"
"277","1-[3-({[(4-AMINO-5-FLUORO-2-METHYLQUINOLIN-3-YL)METHYL]THIO}METHYL)PHENYL]-2,2,2-TRIFLUOROETHANE-1,1-DIOL (DB07756)","0.8767","http://www.drugbank.ca/drugs/DB07756"
"278","N-BENZYLOXYCARBONYL-ALA-PRO-3-AMINO-4-PHENYL-BUTAN-2-OL (DB06886)","0.8767","http://www.drugbank.ca/drugs/DB06886"
"279","3-[1-(3-Aminopropyl)-1h-Indol-3-Yl]-4-(1-Methyl-1h-Indol-3-Yl)-1h-Pyrrole-2,5-Dione (DB01946)","0.8765","http://www.drugbank.ca/drugs/DB01946"
"280","2-MERCAPTO-N-[1,2,3,10-TETRAMETHOXY-9-OXO-5,6,7,9-TETRAHYDRO-BENZO[A]HEPTALEN-7-YL]ACETAMIDE (DB07574)","0.8764","http://www.drugbank.ca/drugs/DB07574"
"281","Trimethobenzamide (DB00662)","0.8763","http://www.drugbank.ca/drugs/DB00662"
"282","2-{5-[3-(7-PROPYL-3-TRIFLUOROMETHYLBENZO[D]ISOXAZOL-6-YLOXY)PROPOXY]INDOL-1-YL}ETHANOIC ACID (DB07053)","0.8761","http://www.drugbank.ca/drugs/DB07053"
"283","N-{2'-[(4-FLUOROPHENYL)AMINO]-4,4'-BIPYRIDIN-2-YL}-4-METHOXYCYCLOHEXANECARBOXAMIDE (DB08025)","0.8759","http://www.drugbank.ca/drugs/DB08025"
"284","4-(6-{[(4-METHYLCYCLOHEXYL)AMINO]METHYL}-1,4-DIHYDROINDENO[1,2-C]PYRAZOL-3-YL)BENZOIC ACID (DB07320)","0.8750","http://www.drugbank.ca/drugs/DB07320"
"285","Almitrine (DB01430)","0.8749","http://www.drugbank.ca/drugs/DB01430"
"286","(2S)-2-[3-(AMINOMETHYL)PHENYL]-3-[(R)-[(1R)-1-{[(BENZYLOXY)CARBONYL]AMINO}-2-METHYLPROPYL](HYDROXY)PHOSPHORYL]PROPANOIC ACID (DB07269)","0.8747","http://www.drugbank.ca/drugs/DB07269"
"287","2-(3-CHLORO-6-{[2,2-DIFLUORO-2-(1-OXIDOPYRIDIN-2-YL)ETHYL]AMINO}-1-OXIDOPYRIDIN-2-YL)-N-[1-(3-CHLOROPHENYL)ETHYL]ACETAMIDE (DB04722)","0.8746","http://www.drugbank.ca/drugs/DB04722"
"288","Oxacillin (DB00713)","0.8734","http://www.drugbank.ca/drugs/DB00713"
"289","(1S)-1-CYCLOPROPYL-2-[(2S)-4-(2,5-DIFLUOROPHENYL)-2-PHENYL-2,5-DIHYDRO-1H-PYRROL-1-YL]-2-OXOETHANAMINE (DB08244)","0.8733","http://www.drugbank.ca/drugs/DB08244"
"290","(4R)-N-[4-({[2-(DIMETHYLAMINO)ETHYL]AMINO}CARBONYL)-1,3-THIAZOL-2-YL]-4-METHYL-1-OXO-2,3,4,9-TETRAHYDRO-1H-BETA-CARBOLINE-6-CARBOXAMIDE (DB07406)","0.8732","http://www.drugbank.ca/drugs/DB07406"
"291","Indacaterol (DB05039)","0.8731","http://www.drugbank.ca/drugs/DB05039"
"292","GC-24 (DB03788)","0.8716","http://www.drugbank.ca/drugs/DB03788"
"293","[5-AMINO-1-(4-FLUOROPHENYL)-1H-PYRAZOL-4-YL](3-{[(2R)-2,3-DIHYDROXYPROPYL]OXY}PHENYL)METHANONE (DB08424)","0.8715","http://www.drugbank.ca/drugs/DB08424"
"294","Dioxaphetyl butyrate (DB01475)","0.8711","http://www.drugbank.ca/drugs/DB01475"
"295","(2e,3s)-3-Hydroxy-5'-[(4-Hydroxypiperidin-1-Yl)Sulfonyl]-3-Methyl-1,3-Dihydro-2,3'-Biindol-2'(1'h)-One (DB03583)","0.8711","http://www.drugbank.ca/drugs/DB03583"
"296","ZK-805623 (DB04432)","0.8711","http://www.drugbank.ca/drugs/DB04432"
"297","N-(1-Carboxy-3-Phenylpropyl)Phenylalanyl-Alpha-Asparagine (DB02307)","0.8710","http://www.drugbank.ca/drugs/DB02307"
"298","1-[1'-(3-phenylacryloyl)spiro[1-benzofuran-3,4'-piperidin]-5-yl]methanamine (DB06849)","0.8709","http://www.drugbank.ca/drugs/DB06849"
"299","1-((2-HYDROXYETHOXY)METHYL)-5-(3-(BENZYLOXY)BENZYL)PYRIMIDINE-2,4(1H,3H)-DIONE (DB06873)","0.8706","http://www.drugbank.ca/drugs/DB06873"
"300","N~2~-[(BENZYLOXY)CARBONYL]-N-[(1S,2S)-2-HYDROXY-1-(4-HYDROXYBENZYL)PROPYL]-L-LEUCINAMIDE (DB07571)","0.8705","http://www.drugbank.ca/drugs/DB07571"
"301","Loperamide (DB00836)","0.8704","http://www.drugbank.ca/drugs/DB00836"
"302","3-(2-AMINO-6-BENZOYLQUINAZOLIN-3(4H)-YL)-N-CYCLOHEXYL-N-METHYLPROPANAMIDE (DB08749)","0.8697","http://www.drugbank.ca/drugs/DB08749"
"303","(2S)-2-{3-[({[2-fluoro-4-(trifluoromethyl)phenyl]carbonyl}amino)methyl]-4-methoxybenzyl}butanoic acid (DB07070)","0.8697","http://www.drugbank.ca/drugs/DB07070"
"304","Cloxacillin (DB01147)","0.8688","http://www.drugbank.ca/drugs/DB01147"
"305","Tamsulosin (DB00706)","0.8687","http://www.drugbank.ca/drugs/DB00706"
"306","1-(5-Carboxypentyl)-5-[(2,6-Dichlorobenzyl)Oxy]-1 H-Indole-2-Carboxylic Acid (DB02316)","0.8683","http://www.drugbank.ca/drugs/DB02316"
"307","7-[3-(4-FLUORO-PHENYL)-1-ISOPROPYL-1H-INDOL-2-YL]-3,5-DIHYDROXY-HEPTANOIC ACID (DB06846)","0.8678","http://www.drugbank.ca/drugs/DB06846"
"308","Doxazosin (DB00590)","0.8677","http://www.drugbank.ca/drugs/DB00590"
"309","Repaglinide (DB00912)","0.8672","http://www.drugbank.ca/drugs/DB00912"
"310","(S)-5-(4-Benzyloxy-Phenyl)-4-(7-Phenyl-Heptanoylamino)-Pentanoic Acid (DB04287)","0.8670","http://www.drugbank.ca/drugs/DB04287"
"311","Benzethidine (DB01518)","0.8668","http://www.drugbank.ca/drugs/DB01518"
"312","[{2-bromo-4-[(2R)-3-oxo-2,3-diphenylpropyl]phenyl}(difluoro)methyl]phosphonic acid (DB07263)","0.8666","http://www.drugbank.ca/drugs/DB07263"
"313","beta-phenyl-D-phenylalanyl-N-propyl-L-prolinamide (DB07083)","0.8663","http://www.drugbank.ca/drugs/DB07083"
"314","N-{3-[(4-{[3-(TRIFLUOROMETHYL)PHENYL]AMINO}PYRIMIDIN-2-YL)AMINO]PHENYL}CYCLOPROPANECARBOXAMIDE (DB07545)","0.8659","http://www.drugbank.ca/drugs/DB07545"
"315","Erlotinib (DB00530)","0.8656","http://www.drugbank.ca/drugs/DB00530"
"316","Glyburide (DB01016)","0.8654","http://www.drugbank.ca/drugs/DB01016"
"317","Pagoclone (DB04903)","0.8653","http://www.drugbank.ca/drugs/DB04903"
"318","(10S)-10-Formyl-5,8,10-Trideazafolic Acid (DB02540)","0.8644","http://www.drugbank.ca/drugs/DB02540"
"319","1-(2-CYCLOPROPYLETHYL)-3-(1,1-DIOXIDO-2H-1,2,4-BENZOTHIADIAZIN-3-YL)-6-FLUORO-4-HYDROXYQUINOLIN-2(1H)-ONE (DB08278)","0.8641","http://www.drugbank.ca/drugs/DB08278"
"320","1-((2-HYDROXYETHOXY)METHYL)-5-(3-(BENZYLOXY)BENZYL)-6-HYDROXYPYRIMIDINE-2,4(1H,3H)-DIONE (DB07439)","0.8640","http://www.drugbank.ca/drugs/DB07439"
"321","Irbesartan (DB01029)","0.8638","http://www.drugbank.ca/drugs/DB01029"
"322","(R)-N-[2-[1-(Aminoiminomethyl)-3-Piperidinyl]-1-Oxoethyl]-4-(Phenylethynyl)-L-Phenylalanine Methylester (DB03453)","0.8637","http://www.drugbank.ca/drugs/DB03453"
"323","TC-5619 (DB06090)","0.8634","http://www.drugbank.ca/drugs/DB06090"
"324","Anileridine (DB00913)","0.8627","http://www.drugbank.ca/drugs/DB00913"
"325","6-BENZYL-1-BENZYLOXYMETHYL-5-ISOPROPYL URACIL (DB08634)","0.8625","http://www.drugbank.ca/drugs/DB08634"
"326","GW 501516 (DB05416)","0.8619","http://www.drugbank.ca/drugs/DB05416"
"327","Sunitinib (DB01268)","0.8612","http://www.drugbank.ca/drugs/DB01268"
"328","(10R)-10-Formyl-5,8,10-Trideazafolic Acid (DB04264)","0.8611","http://www.drugbank.ca/drugs/DB04264"
"329","5-(2-ETHOXYETHYL)-5-[4-(4-FLUOROPHENOXY)PHENOXY]PYRIMIDINE-2,4,6(1H,3H,5H)-TRIONE (DB08388)","0.8611","http://www.drugbank.ca/drugs/DB08388"
"330","Dextromoramide (DB01529)","0.8606","http://www.drugbank.ca/drugs/DB01529"
"331","N-(5-chloro-1,3-benzodioxol-4-yl)-6-methoxy-7-(3-piperidin-1-ylpropoxy)quinazolin-4-amine (DB07249)","0.8604","http://www.drugbank.ca/drugs/DB07249"
"332","(20S)-19,20,22,23-TETRAHYDRO-19-OXO-5H,21H-18,20-ETHANO-12,14-ETHENO-6,10-METHENOBENZ[D]IMIDAZO[4,3-L][1,6,9,13]OXATRIAZACYCLONOADECOSINE-9-CARBONITRILE (DB08676)","0.8604","http://www.drugbank.ca/drugs/DB08676"
"333","[PHENYLALANINYL-PROLINYL]-[2-(PYRIDIN-4-YLAMINO)-ETHYL]-AMINE (DB08422)","0.8595","http://www.drugbank.ca/drugs/DB08422"
"334","N-[(13-CYCLOHEXYL-6,7-DIHYDROINDOLO[1,2-D][1,4]BENZOXAZEPIN-10-YL)CARBONYL]-2-METHYL-L-ALANINE (DB08031)","0.8594","http://www.drugbank.ca/drugs/DB08031"
"335","N1-(1-Dimethylcarbamoyl-2-Phenyl-Ethyl)-2-Oxo-N4-(2-Pyridin-2-Yl-Ethyl)-Succinamide (DB02140)","0.8593","http://www.drugbank.ca/drugs/DB02140"
"336","(3S)-1-(1,3-BENZODIOXOL-5-YLMETHYL)-3-[4-(1H-IMIDAZOL-1-YL)PHENOXY]PIPERIDINE (DB07011)","0.8588","http://www.drugbank.ca/drugs/DB07011"
"337","Clidinium (DB00771)","0.8588","http://www.drugbank.ca/drugs/DB00771"
"338","1-(3-HYDROXYPROPYL)-2-[(3-NITROBENZOYL)AMINO]-1H-BENZIMIDAZOL-5-YL PIVALATE (DB08590)","0.8574","http://www.drugbank.ca/drugs/DB08590"
"339","Fesoterodine (DB06702)","0.8571","http://www.drugbank.ca/drugs/DB06702"
"340","N-[1-(AMINOMETHYL)CYCLOPROPYL]-3-(BENZYLSULFONYL)-N~2~-[(1S)-2,2,2-TRIFLUORO-1-(4-HYDROXYPHENYL)ETHYL]-L-ALANINAMIDE (DB07589)","0.8564","http://www.drugbank.ca/drugs/DB07589"
"341","Ivacaftor (DB08820)","0.8563","http://www.drugbank.ca/drugs/DB08820"
"342","Isopropamide (DB01625)","0.8557","http://www.drugbank.ca/drugs/DB01625"
"343","4-[(1S)-1-(3-fluoro-4-methoxyphenyl)-2-(2-methoxy-5-nitrophenyl)ethyl]-1H-imidazol-2-amine (DB07415)","0.8555","http://www.drugbank.ca/drugs/DB07415"
"344","N-[4-CHLORO-3-(PYRIDIN-3-YLOXYMETHYL)-PHENYL]-3-FLUORO- (DB08068)","0.8553","http://www.drugbank.ca/drugs/DB08068"
"345","Pitavastatin (DB08860)","0.8541","http://www.drugbank.ca/drugs/DB08860"
"346","Topotecan (DB01030)","0.8536","http://www.drugbank.ca/drugs/DB01030"
"347","(2R)-N~4~-hydroxy-2-(3-hydroxybenzyl)-N~1~-[(1S,2R)-2-hydroxy-2,3-dihydro-1H-inden-1-yl]butanediamide (DB06837)","0.8511","http://www.drugbank.ca/drugs/DB06837"
"348","2-(6-CHLORO-3-{[2,2-DIFLUORO-2-(1-OXIDO-2-PYRIDINYL)ETHYL]AMINO}-2-OXO-1(2H)-PYRAZINYL)-N-[(2-FLUOROPHENYL)METHYL]ACETAMIDE (DB07550)","0.8502","http://www.drugbank.ca/drugs/DB07550"
"349","5-[(E)-(5-CHLORO-2-OXO-1,2-DIHYDRO-3H-INDOL-3-YLIDENE)METHYL]-N-[2-(DIETHYLAMINO)ETHYL]-2,4-DIMETHYL-1H-PYRROLE-3-CARBOXAMIDE (DB08009)","0.8501","http://www.drugbank.ca/drugs/DB08009"
"350","6-FLUORO-2-[2-HYDROXY-3-(2-METHYL-CYCLOHEXYLOXY)-PHENYL]-1H-INDOLE-5-CARBOXAMIDINE (DB06856)","0.8494","http://www.drugbank.ca/drugs/DB06856"
"351","Darifenacin (DB00496)","0.8488","http://www.drugbank.ca/drugs/DB00496"
"352","3-{6-[(8-HYDROXY-QUINOLINE-2-CARBONYL)-AMINO]-2-THIOPHEN-2-YL-HEXANOYLAMINO}-4-OXO-BUTYRI ACID (DB07916)","0.8484","http://www.drugbank.ca/drugs/DB07916"
"353","Drotaverine (DB06751)","0.8462","http://www.drugbank.ca/drugs/DB06751"
"354","5-CHLORO-N-((1R,2S)-2-(4-(2-OXOPYRIDIN-1(2H)-YL)BENZAMIDO) CYCLOPENTYL)THIOPHENE-2-CARBOXAMIDE (DB08174)","0.8457","http://www.drugbank.ca/drugs/DB08174"
"355","Besifloxacin (DB06771)","0.8453","http://www.drugbank.ca/drugs/DB06771"
"356","Bepotastine (DB04890)","0.8447","http://www.drugbank.ca/drugs/DB04890"
"357","Canagliflozin (DB08907)","0.8434","http://www.drugbank.ca/drugs/DB08907"
"358","Atovaquone (DB01117)","0.8434","http://www.drugbank.ca/drugs/DB01117"
"359","Benzofuran-2-Carboxylic Acid {(S)-3-Methyl-1-[3-Oxo-1-(Pyridin-2-Ylsulfonyl)Azepan-4-Ylcarbamoyl]Butyl}Amide (DB03642)","0.8428","http://www.drugbank.ca/drugs/DB03642"
"360","Risperidone (DB00734)","0.8405","http://www.drugbank.ca/drugs/DB00734"
"361","Piboserod (DB04873)","0.8391","http://www.drugbank.ca/drugs/DB04873"
"362","N-({(3R,4R)-4-[(benzyloxy)methyl]pyrrolidin-3-yl}methyl)-N-(2-methylpropyl)benzenesulfonamide (DB07505)","0.8388","http://www.drugbank.ca/drugs/DB07505"
"363","Aprepitant (DB00673)","0.8384","http://www.drugbank.ca/drugs/DB00673"
"364","(3R)-4-{[(3,4-dihydroxyphenyl)acetyl]oxy}-N-(2-formylindolizin-3-yl)-3-sulfino-D-valine (DB08116)","0.8355","http://www.drugbank.ca/drugs/DB08116"
"365","Pipotiazine (DB01621)","0.8337","http://www.drugbank.ca/drugs/DB01621"
"366","Doxapram (DB00561)","0.8336","http://www.drugbank.ca/drugs/DB00561"
"367","Salmeterol (DB00938)","0.8332","http://www.drugbank.ca/drugs/DB00938"
"368","4-((3r,4s,5r)-4-Amino-3,5-Dihydroxy-Hex-1-Ynyl)-5-Fluoro-3-[1-(3-Methoxy-1h-Pyrrol-2-Yl)-Meth-(Z)-Ylidene]-1,3-Dihydro-Indol-2-One (DB03737)","0.8306","http://www.drugbank.ca/drugs/DB03737"
"369","Loratadine (DB00455)","0.8289","http://www.drugbank.ca/drugs/DB00455"
"370","Pipazethate (DB08796)","0.8277","http://www.drugbank.ca/drugs/DB08796"
"371","METHYL (2Z)-2-(2-{[6-(2-CYANOPHENOXY)PYRIMIDIN-4-YL]OXY}PHENYL)-3-METHOXYACRYLATE (DB07401)","0.8276","http://www.drugbank.ca/drugs/DB07401"
"372","(11R)-10-acetyl-11-(2,4-dichlorophenyl)-6-hydroxy-3,3-dimethyl-2,3,4,5,10,11-hexahydro-1H-dibenzo[b,e][1,4]diazepin-1-one (DB08747)","0.8264","http://www.drugbank.ca/drugs/DB08747"
"373","N-(4-{[(3S)-3-(dimethylamino)pyrrolidin-1-yl]carbonyl}phenyl)-5-fluoro-4-[2-methyl-1-(1-methylethyl)-1H-imidazol-5-yl]pyrimidin-2-amine (DB07936)","0.8257","http://www.drugbank.ca/drugs/DB07936"
"374","(3-EXO)-3-(10,11-DIHYDRO-5H-DIBENZO[A,D][7]ANNULEN-5-YLOXY)-8,8-DIMETHYL-8-AZONIABICYCLO[3.2.1]OCTANE (DB07494)","0.8247","http://www.drugbank.ca/drugs/DB07494"
"375","Nebivolol (DB04861)","0.8247","http://www.drugbank.ca/drugs/DB04861"
"376","4-[(3AS,4R,7R,8AS,8BR)-2-(1,3-BENZODIOXOL-5-YLMETHYL)-7-HYDROXY-1,3-DIOXODECAHYDROPYRROLO[3,4-A]PYRROLIZIN-4-YL]BENZENECARBOXIMIDAMIDE (DB08546)","0.8245","http://www.drugbank.ca/drugs/DB08546"
"377","Diphenoxylate (DB01081)","0.8242","http://www.drugbank.ca/drugs/DB01081"
"378","N~2~-1,3-BENZOXAZOL-2-YL-3-CYCLOHEXYL-N-{2-[(4-METHOXYPHENYL)AMINO]ETHYL}-L-ALANINAMIDE (DB07839)","0.8231","http://www.drugbank.ca/drugs/DB07839"
"379","Difenoxin (DB01501)","0.8222","http://www.drugbank.ca/drugs/DB01501"
"380","Zanapezil (DB04859)","0.8212","http://www.drugbank.ca/drugs/DB04859"
"381","N-((1R,2S)-2-(5-CHLORO-1H-INDOLE-2-CARBOXAMIDO)CYCLOHEXYL)-5-METHYL-4,5,6,7-TETRAHYDROTHIAZOLO[5,4-C]PYRIDINE-2-CARBOXAMIDE (DB07629)","0.8189","http://www.drugbank.ca/drugs/DB07629"
"382","N-((1R,2R)-2-(5-CHLORO-1H-INDOLE-2-CARBOXAMIDO)CYCLOHEXYL)-5-METHYL-4,5,6,7-TETRAHYDROTHIAZOLO[5,4-C]PYRIDINE-2-CARBOXAMIDE (DB07630)","0.8189","http://www.drugbank.ca/drugs/DB07630"
"383","Levomethadyl Acetate (DB01227)","0.8187","http://www.drugbank.ca/drugs/DB01227"
"384","Methadyl Acetate (DB01433)","0.8187","http://www.drugbank.ca/drugs/DB01433"
"385","Betacetylmethadol (DB01522)","0.8187","http://www.drugbank.ca/drugs/DB01522"
"386","Alphacetylmethadol (DB01555)","0.8187","http://www.drugbank.ca/drugs/DB01555"
"387","2-{3-[(2S)-4,4-difluoro-2-(pyrrolidin-1-ylcarbonyl)pyrrolidin-1-yl]-3-oxopropyl}-isoindole-1,3(2H)-dione (DB08739)","0.8186","http://www.drugbank.ca/drugs/DB08739"
"388","(3ASR,4RS,8ASR,8BRS)-4-(2-(4-FLUOROBENZYL)-1,3-DIOXODEACAHYDROPYRROLO[3,4-A] PYRROLIZIN-4-YL)BENZAMIDINE (DB07796)","0.8184","http://www.drugbank.ca/drugs/DB07796"
"389","Nicergoline (DB00699)","0.8179","http://www.drugbank.ca/drugs/DB00699"
"390","2-{4-[4-({4-[2-methyl-1-(1-methylethyl)-1H-imidazol-5-yl]pyrimidin-2-yl}amino)phenyl]piperazin-1-yl}-2-oxoethanol (DB07982)","0.8179","http://www.drugbank.ca/drugs/DB07982"
"391","Darusentan (DB04883)","0.8174","http://www.drugbank.ca/drugs/DB04883"
"392","(2S)-1-{[5-(1H-INDAZOL-5-YL)PYRIDIN-3-YL]OXY}-3-[(7AS)-7AH-INDOL-3-YL]PROPAN-2-AMINE (DB06977)","0.8169","http://www.drugbank.ca/drugs/DB06977"
"393","Sufentanil (DB00708)","0.8166","http://www.drugbank.ca/drugs/DB00708"
"394","2-(4-(AMINOMETHYL)PIPERIDIN-1-YL)-N-(3_CYCLOHEXYL-4-OXO-2,4-DIHYDROINDENO[1,2-C]PYRAZOL-5-YL)ACETAMIDE (DB07618)","0.8162","http://www.drugbank.ca/drugs/DB07618"
"395","4-(3-{[5-(trifluoromethyl)pyridin-2-yl]oxy}benzyl)piperidine-1-carboxylic acid (DB08400)","0.8162","http://www.drugbank.ca/drugs/DB08400"
"396","LE-SN38 (DB05482)","0.8162","http://www.drugbank.ca/drugs/DB05482"
"397","Dasatinib (DB01254)","0.8155","http://www.drugbank.ca/drugs/DB01254"
"398","Methylergometrine (DB00353)","0.8154","http://www.drugbank.ca/drugs/DB00353"
"399","Trovafloxacin (DB00685)","0.8153","http://www.drugbank.ca/drugs/DB00685"
"400","CD564 (DB02741)","0.8139","http://www.drugbank.ca/drugs/DB02741"
"401","Methysergide (DB00247)","0.8136","http://www.drugbank.ca/drugs/DB00247"
"402","4-[[(1E)-2-(4-CHLOROPHENYL)ETHENYL]SULFONYL]-1-[[1-(4-PYRIDINYL)-4-PIPERIDINYL]METHYL]PIPERAZINONE (DB08745)","0.8135","http://www.drugbank.ca/drugs/DB08745"
"403","Prasugrel (DB06209)","0.8124","http://www.drugbank.ca/drugs/DB06209"
"404","SR11254 (DB02258)","0.8121","http://www.drugbank.ca/drugs/DB02258"
"405","BMS184394 (DB03466)","0.8120","http://www.drugbank.ca/drugs/DB03466"
"406","(METHYLPYRIDAZINE PIPERIDINE ETHYLOXYPHENYL)ETHYLACETATE (DB08012)","0.8113","http://www.drugbank.ca/drugs/DB08012"
"407","Cerivastatin (DB00439)","0.8101","http://www.drugbank.ca/drugs/DB00439"
"408","Sildenafil (DB00203)","0.8098","http://www.drugbank.ca/drugs/DB00203"
"409","Moxifloxacin (DB00218)","0.8098","http://www.drugbank.ca/drugs/DB00218"
"410","(4-AMINO-2-{[1-(METHYLSULFONYL)PIPERIDIN-4-YL]AMINO}PYRIMIDIN-5-YL)(2,3-DIFLUORO-6-METHOXYPHENYL)METHANONE (DB08094)","0.8076","http://www.drugbank.ca/drugs/DB08094"
"411","Troglitazone (DB00197)","0.8072","http://www.drugbank.ca/drugs/DB00197"
"412","(5R)-5-(4-{[(2R)-6-HYDROXY-2,5,7,8-TETRAMETHYL-3,4-DIHYDRO-2H-CHROMEN-2-YL]METHOXY}BENZYL)-1,3-THIAZOLIDINE-2,4-DIONE (DB08607)","0.8072","http://www.drugbank.ca/drugs/DB08607"
"413","2-{4-[2-(2-AMINO-4-OXO-4,7-DIHYDRO-3H-PYRROLO[2,3-D]PYRIMIDIN-5-YL)-ETHYL]-BENZOYLAMINO}-3-METHYL-BUTYRIC ACID (DB08131)","0.8071","http://www.drugbank.ca/drugs/DB08131"
"414","BNP 1350 (DB05806)","0.8067","http://www.drugbank.ca/drugs/DB05806"
"415","Raltegravir (DB06817)","0.8015","http://www.drugbank.ca/drugs/DB06817"
"416","Cp-Coeleneterazine (DB03960)","0.8014","http://www.drugbank.ca/drugs/DB03960"
"417","Avanafil (DB06237)","0.8007","http://www.drugbank.ca/drugs/DB06237"
"418","CRA_11092 (DB03555)","0.8006","http://www.drugbank.ca/drugs/DB03555"
"419","1-[2-HYDROXY-3-(4-CYCLOHEXYL-PHENOXY)-PROPYL]-4-(2-PYRIDYL)-PIPERAZINE (DB08543)","0.7996","http://www.drugbank.ca/drugs/DB08543"
"420","Rosuvastatin (DB01098)","0.7982","http://www.drugbank.ca/drugs/DB01098"
"421","Trospium (DB00209)","0.7974","http://www.drugbank.ca/drugs/DB00209"
"422","6-CARBAMIMIDOYL-2-[2-HYDROXY-5-(3-METHOXY-PHENYL)-INDAN-1-YL]-HEXANOIC ACID (DB06866)","0.7961","http://www.drugbank.ca/drugs/DB06866"
"423","6-CARBAMIMIDOYL-2-[2-HYDROXY-6-(4-HYDROXY-PHENYL)-INDAN-1-YL]-HEXANOIC ACID (DB06865)","0.7949","http://www.drugbank.ca/drugs/DB06865"
"424","2,5-bis-o-{3-[amino(imino)methyl]phenyl}-1,4:3,6-dianhydro-d-glucitol (DB04790)","0.7937","http://www.drugbank.ca/drugs/DB04790"
"425","2-O-(4'-AMIDINOPHENYL)-5-O-(3''-AMIDINOPHENYL)-1,4:3,6-DIANHYDRO-D-SORBITOL (DB04791)","0.7937","http://www.drugbank.ca/drugs/DB04791"
"426","2,5-O,O-BIS-{4',4''-AMIDINOPHENYL}-1,4:3,6-DIANHYDRO-D-SORBITOL (DB04792)","0.7937","http://www.drugbank.ca/drugs/DB04792"
"427","2-O-(3'-AMIDINOPHENYL)-5-O-(4''-AMIDINOPHENYL}-1,4:3,6-DIANHYDRO-D-SORBITOL (DB04793)","0.7937","http://www.drugbank.ca/drugs/DB04793"
"428","6-Phenyl-4(R)-(7-Phenyl-Heptanoylamino)-Hexanoic Acid (DB03471)","0.7935","http://www.drugbank.ca/drugs/DB03471"
"429","1-{7-cyclohexyl-6-[4-(4-methylpiperazin-1-yl)benzyl]-7H-pyrrolo[2,3-d]pyrimidin-2-yl}methanamine (DB07563)","0.7930","http://www.drugbank.ca/drugs/DB07563"
"430","N'-(6-aminopyridin-3-yl)-N-(2-cyclopentylethyl)-4-methyl-benzene-1,3-dicarboxamide (DB07537)","0.7926","http://www.drugbank.ca/drugs/DB07537"
"431","Pleconaril (DB05105)","0.7922","http://www.drugbank.ca/drugs/DB05105"
"432","3-{ISOPROPYL[(TRANS-4-METHYLCYCLOHEXYL)CARBONYL]AMINO}-5-PHENYLTHIOPHENE-2-CARBOXYLIC ACID (DB08279)","0.7908","http://www.drugbank.ca/drugs/DB08279"
"433","Donepezil (DB00843)","0.7893","http://www.drugbank.ca/drugs/DB00843"
"434","1-BENZYL-4-[(5,6-DIMETHOXY-1-INDANON-2-YL)METHYL]PIPERIDINE (DB07701)","0.7893","http://www.drugbank.ca/drugs/DB07701"
"435","methyl (1R,2S)-2-(hydroxycarbamoyl)-1-{4-[(2-methylquinolin-4-yl)methoxy]benzyl}cyclopropanecarboxylate (DB07147)","0.7873","http://www.drugbank.ca/drugs/DB07147"
"436","(METHYLPYRIDAZINE PIPERIDINE PROPYLOXYPHENYL)ETHYLACETATE (DB08013)","0.7872","http://www.drugbank.ca/drugs/DB08013"
"437","(5r)-6-(4-{[2-(3-Iodobenzyl)-3-Oxocyclohex-1-En-1-Yl]Amino}Phenyl)-5-Methyl-4,5-Dihydropyridazin-3(2h)-One (DB01640)","0.7849","http://www.drugbank.ca/drugs/DB01640"
"438","2-butoxy-9-(2,6-difluorobenzyl)-N-(2-morpholin-4-ylethyl)-9H-purin-6-amine (DB07937)","0.7842","http://www.drugbank.ca/drugs/DB07937"
"439","Vardenafil (DB00862)","0.7836","http://www.drugbank.ca/drugs/DB00862"
"440","Bortezomib (DB00188)","0.7798","http://www.drugbank.ca/drugs/DB00188"
"441","Aclidinium (DB08897)","0.7794","http://www.drugbank.ca/drugs/DB08897"
"442","Alvimopan (DB06274)","0.7773","http://www.drugbank.ca/drugs/DB06274"
"443","N'-(5-CHLORO-1,3-BENZODIOXOL-4-YL)-N-(3,4,5- TRIMETHOXYPHENYL)PYRIMIDINE-2,4-DIAMINE (DB07250)","0.7762","http://www.drugbank.ca/drugs/DB07250"
"444","N-[4-(1-BENZOYLPIPERIDIN-4-YL)BUTYL]-3-PYRIDIN-3-YLPROPANAMIDE (DB07656)","0.7745","http://www.drugbank.ca/drugs/DB07656"
"445","Dipipanone (DB01491)","0.7738","http://www.drugbank.ca/drugs/DB01491"
"446","Methotrexate (DB00563)","0.7726","http://www.drugbank.ca/drugs/DB00563"
"447","Paliperidone (DB01267)","0.7720","http://www.drugbank.ca/drugs/DB01267"
"448","Tofisopam (DB08811)","0.7715","http://www.drugbank.ca/drugs/DB08811"
"449","Udenafil (DB06267)","0.7709","http://www.drugbank.ca/drugs/DB06267"
"450","6-({5-fluoro-2-[(3,4,5-trimethoxyphenyl)amino]pyrimidin-4-yl}amino)-2,2-dimethyl-2H-pyrido[3,2-b][1,4]oxazin-3(4H)-one (DB07159)","0.7699","http://www.drugbank.ca/drugs/DB07159"
"451","Tamibarotene (DB04942)","0.7689","http://www.drugbank.ca/drugs/DB04942"
"452","(1S,2S,5S)2-(4-GLUTARIDYLBENZYL)-5-PHENYL-1-CYCLOHEXANOL (DB07909)","0.7683","http://www.drugbank.ca/drugs/DB07909"
"453","METHYL 1-(4-{[(2,4-DIAMINOPTERIDIN-6-YL)METHYL](METHYL)AMINO}BENZOYL)PIPERIDINE-4-CARBOXYLATE (DB07765)","0.7655","http://www.drugbank.ca/drugs/DB07765"
"454","(METHYLPYRIDAZINE PIPERIDINE BUTYLOXYPHENYL)ETHYLACETATE (DB08014)","0.7630","http://www.drugbank.ca/drugs/DB08014"
"455","Eprosartan (DB00876)","0.7618","http://www.drugbank.ca/drugs/DB00876"
"456","METHYL 1-(4-{[(2,4-DIAMINOPTERIDIN-6-YL)METHYL]AMINO}BENZOYL)PIPERIDINE-4-CARBOXYLATE (DB07689)","0.7590","http://www.drugbank.ca/drugs/DB07689"
"457","R-3-FLUORO-4-[2-HYDROXY-2-(5,5,8,8-TETRAMETHYL-5,6,7,8,-TETRAHYDRO-NAPHTALEN-2-YL)-ACETYLAMINO]-BENZOIC ACID (DB07031)","0.7543","http://www.drugbank.ca/drugs/DB07031"
"458","3-FLUORO-4-[2-HYDROXY-2-(5,5,8,8-TETRAMETHYL-5,6,7,8,-TETRAHYDRO-NAPHTALEN-2-YL)-ACETYLAMINO]-BENZOIC ACID (DB07294)","0.7543","http://www.drugbank.ca/drugs/DB07294"
"459","Calanolide A (DB04886)","0.7492","http://www.drugbank.ca/drugs/DB04886"
"460","(2S)-8-[(tert-butoxycarbonyl)amino]-2-(1H-indol-3-yl)octanoic acid (DB06982)","0.7458","http://www.drugbank.ca/drugs/DB06982"
"461","N-butyl-3-{[6-(9H-purin-6-ylamino)hexanoyl]amino}benzamide (DB07801)","0.7434","http://www.drugbank.ca/drugs/DB07801"
"462","Gemifloxacin (DB01155)","0.7408","http://www.drugbank.ca/drugs/DB01155"
"463","Mibefradil (DB01388)","0.7346","http://www.drugbank.ca/drugs/DB01388"
"464","Purvalanol (DB02733)","0.7329","http://www.drugbank.ca/drugs/DB02733"
"465","(3aS,4R,9bR)-2,2-difluoro-4-(4-hydroxyphenyl)-6-(methoxymethyl)-1,2,3,3a,4,9b-hexahydrocyclopenta[c]chromen-8-ol (DB07036)","0.7325","http://www.drugbank.ca/drugs/DB07036"
"466","Adapalene (DB00210)","0.7293","http://www.drugbank.ca/drugs/DB00210"
"467","ONO-6818 (DB03925)","0.7290","http://www.drugbank.ca/drugs/DB03925"
"468","PUROMYCIN (DB08437)","0.7280","http://www.drugbank.ca/drugs/DB08437"
"469","N~6~-cyclohexyl-N~2~-(4-morpholin-4-ylphenyl)-9H-purine-2,6-diamine (DB07340)","0.7273","http://www.drugbank.ca/drugs/DB07340"
"470","N-[(5R,14R)-5-AMINO-5,14-DIMETHYL-4-OXO-3-OXA-18-AZATRICYCLO[15.3.1.1~7,11~]DOCOSA-1(21),7(22),8,10,17,19-HEXAEN-19-YL]-N-METHYLMETHANESULFONAMIDE (DB07019)","0.7253","http://www.drugbank.ca/drugs/DB07019"
"471","5-(7-(5-HYDRO-4-METHYL-2-OXAZOLYL)PHENOXY)HEPTYL)-3-METHYL ISOXAZOLE (DB08727)","0.7250","http://www.drugbank.ca/drugs/DB08727"
"472","Glipizide (DB01067)","0.7230","http://www.drugbank.ca/drugs/DB01067"
"473","N-[2-(1,3-BENZODIOXOL-5-YL)ETHYL]-1-[2-(1H-IMIDAZOL-1-YL)-6-METHYLPYRIMIDIN-4-YL]-D-PROLINAMIDE (DB06916)","0.7221","http://www.drugbank.ca/drugs/DB06916"
"474","5-(7-(6-CHLORO-4-(5-HYDRO-4-METHYL-2-OXAZOLYL)PHENOXY)HEPTYL)-3-METHYL ISOXAZOLE (DB08722)","0.7214","http://www.drugbank.ca/drugs/DB08722"
"475","4-[5-(Trans-4-Aminocyclohexylamino)-3-Isopropylpyrazolo[1,5-a]Pyrimidin-7-Ylamino]-N,N-Dimethylbenzenesulfonamide (DB01888)","0.7208","http://www.drugbank.ca/drugs/DB01888"
"476","2-(6-CHLORO-3-{[2,2-DIFLUORO-2-(2-PYRIDINYL)ETHYL]AMINO}-2-OXO-1(2H)-PYRAZINYL)-N-[(2-FLUORO-6-PYRIDINYL)METHYL]ACETAMIDE (DB07548)","0.7204","http://www.drugbank.ca/drugs/DB07548"
"477","2-(6-CHLORO-3-{[2,2-DIFLUORO-2-(2-PYRIDINYL)ETHYL]AMINO}-2-OXO-1(2H)-PYRAZINYL)-N-[(2-FLUORO-3-METHYL-6-PYRIDINYL)METHYL]ACETAMIDE (DB07549)","0.7192","http://www.drugbank.ca/drugs/DB07549"
"478","N-[(2R)-2-{[(2S)-2-(1,3-benzoxazol-2-yl)pyrrolidin-1-yl]carbonyl}hexyl]-N-hydroxyformamide (DB08310)","0.7179","http://www.drugbank.ca/drugs/DB08310"
"479","Benzylmorphine (DB01573)","0.7149","http://www.drugbank.ca/drugs/DB01573"
"480","4-[3-Oxo-3-(5,5,8,8-Tetramethyl-5,6,7,8-Tetrahydro-Naphthalen-2-Yl)-Propenyl]-Benzoic Acid (DB02466)","0.7149","http://www.drugbank.ca/drugs/DB02466"
"481","TTNPB (DB02877)","0.7114","http://www.drugbank.ca/drugs/DB02877"
"482","Bis-Benzamidine (DB02081)","0.7069","http://www.drugbank.ca/drugs/DB02081"
"483","5-(7-(5-HYDRO-4-ETHYL-2-OXAZOLYL)PHENOXY)HEPTYL)-3-METHYL ISOXAZOLE (DB08725)","0.7010","http://www.drugbank.ca/drugs/DB08725"
"484","Bexarotene (DB00307)","0.7001","http://www.drugbank.ca/drugs/DB00307"
"485","Batimastat (DB03880)","0.6979","http://www.drugbank.ca/drugs/DB03880"
"486","N-cyclopropyl-N-(trans-4-pyridin-3-ylcyclohexyl)-4-[(1S)-2,2,2-trifluoro-1-hydroxy-1-methylethyl]benzamide (DB07619)","0.6929","http://www.drugbank.ca/drugs/DB07619"
"487","(3AALPHA,4ALPHA,7ALPHA,7AALPHA)- 3A,4,7,7A-TETRAHYDRO-2-(4-NITRO-1-NAPHTHALENYL)-4,7-ETHANO-1H-ISOINDOLE-1,3(2H)-DIONE (DB04709)","0.6914","http://www.drugbank.ca/drugs/DB04709"
"488","5-METHYL-3-(9-OXO-1,8-DIAZA-TRICYCLO[10.6.1.013,18]NONADECA-12(19),13,15,17-TETRAEN-10-YLCARBAMOYL)-HEXANOIC ACID (DB08493)","0.6888","http://www.drugbank.ca/drugs/DB08493"
"489","Pralatrexate (DB06813)","0.6870","http://www.drugbank.ca/drugs/DB06813"
"490","8-(2-Chloro-3,4,5-Trimethoxy-Benzyl)-2-Fluoro-9-Pent-4-Ylnyl-9h-Purin-6-Ylamine (DB02550)","0.6623","http://www.drugbank.ca/drugs/DB02550"
"491","Levocabastine (DB01106)","0.6492","http://www.drugbank.ca/drugs/DB01106"
"492","3-({2-[(4-{[6-(CYCLOHEXYLMETHOXY)-9H-PURIN-2-YL]AMINO}PHENYL)SULFONYL]ETHYL}AMINO)PROPAN-1-OL (DB08309)","0.6464","http://www.drugbank.ca/drugs/DB08309"
"493","Ticagrelor (DB08816)","0.6270","http://www.drugbank.ca/drugs/DB08816"
"494","2-[Trans-(4-Aminocyclohexyl)Amino]-6-(Benzyl-Amino)-9-Cyclopentylpurine (DB04288)","0.6154","http://www.drugbank.ca/drugs/DB04288"
"495","[1-(4-Fluorobenzyl)Cyclobutyl]Methyl (1s)-1-[Oxo(1h-Pyrazol-5-Ylamino)Acetyl]Pentylcarbamate (DB01858)","0.5977","http://www.drugbank.ca/drugs/DB01858"
"496","(2S,4S,5R)-1-(4-TERT-BUTYLBENZOYL)-2-ISOBUTYL-5-(1,3-THIAZOL-2-YL)PYRROLIDINE-2,4-DICARBOXYLIC ACID (DB07199)","0.5939","http://www.drugbank.ca/drugs/DB07199"
"497","Cinalukast (DB00587)","0.5440","http://www.drugbank.ca/drugs/DB00587"
"498","(4aS,4bR,10bS,12aS)-12a-methyl-1,3-dioxo-2-(pyridin-3-ylmethyl)-1,2,3,4,4a,4b,5,6,10b,11,12,12a-dodecahydronaphtho[2,1-f]isoquinolin-8-yl sulfamate (DB08418)","0.5375","http://www.drugbank.ca/drugs/DB08418"
"499","(2S,3S)-3-{3-[2-chloro-4-(methylsulfonyl)phenyl]-1,2,4-oxadiazol-5-yl}-1-cyclopentylidene-4-cyclopropyl-1-fluorobutan-2-amine (DB06994)","0.5369","http://www.drugbank.ca/drugs/DB06994"
"500","6-[1-(3,5,5,8,8-Pentamethyl-5,6,7,8-Tetrahydronaphthalen-2-Yl)Cyclopropyl]Pyridine-3-Carboxylic Acid (DB01941)","0.5303","http://www.drugbank.ca/drugs/DB01941"
