"","DrugBank Compound (Name, ID)","Similarity to ","Link"
"1","1,1,1-TRIFLUORO-3-((N-ACETYL)-L-LEUCYLAMIDO)-4-PHENYL-BUTAN-2-ONE(N-ACETYL-L-LEUCYL-L-PHENYLALANYL TRIFLUOROMETHYL KETONE) (DB08119)","0.9027","http://www.drugbank.ca/drugs/DB08119"
"2","N-cyclopropyl-N-(trans-4-pyridin-3-ylcyclohexyl)-4-[(1S)-2,2,2-trifluoro-1-hydroxy-1-methylethyl]benzamide (DB07619)","0.8896","http://www.drugbank.ca/drugs/DB07619"
"3","(2s,4r)-1-Acetyl-N-[(1s)-4-[(Aminoiminomethyl)Amino]-1-(2-Benzothiazolylcarbonyl)Butyl]-4-Hydroxy-2-Pyrrolidinecarboxamide (DB02812)","0.8790","http://www.drugbank.ca/drugs/DB02812"
"4","Disopyramide (DB00280)","0.8760","http://www.drugbank.ca/drugs/DB00280"
"5","1-{[(3R)-3-methyl-4-({4-[(1S)-2,2,2-trifluoro-1-hydroxy-1-methylethyl]phenyl}sulfonyl)piperazin-1-yl]methyl}cyclopropanecarboxamide (DB07624)","0.8746","http://www.drugbank.ca/drugs/DB07624"
"6","Bortezomib (DB00188)","0.8734","http://www.drugbank.ca/drugs/DB00188"
"7","N-[(1R)-1-(DIHYDROXYBORYL)-3-METHYLBUTYL]-N-(PYRAZIN-2-YLCARBONYL)-L-PHENYLALANINAMIDE (DB07475)","0.8734","http://www.drugbank.ca/drugs/DB07475"
"8","Paliperidone (DB01267)","0.8729","http://www.drugbank.ca/drugs/DB01267"
"9","N-[4-(1-BENZOYLPIPERIDIN-4-YL)BUTYL]-3-PYRIDIN-3-YLPROPANAMIDE (DB07656)","0.8717","http://www.drugbank.ca/drugs/DB07656"
"10","GM6001 (DB02255)","0.8716","http://www.drugbank.ca/drugs/DB02255"
"11","N-[(2R)-2-{[(2S)-2-(1,3-benzoxazol-2-yl)pyrrolidin-1-yl]carbonyl}hexyl]-N-hydroxyformamide (DB08310)","0.8716","http://www.drugbank.ca/drugs/DB08310"
"12","Methylergometrine (DB00353)","0.8686","http://www.drugbank.ca/drugs/DB00353"
"13","N1-(1-Dimethylcarbamoyl-2-Phenyl-Ethyl)-2-Oxo-N4-(2-Pyridin-2-Yl-Ethyl)-Succinamide (DB02140)","0.8683","http://www.drugbank.ca/drugs/DB02140"
"14","Methysergide (DB00247)","0.8672","http://www.drugbank.ca/drugs/DB00247"
"15","Ergonovine (DB01253)","0.8617","http://www.drugbank.ca/drugs/DB01253"
"16","Glipizide (DB01067)","0.8595","http://www.drugbank.ca/drugs/DB01067"
"17","[2(R,S)-2-Sulfanylheptanoyl]-Phe-Ala (DB02597)","0.8593","http://www.drugbank.ca/drugs/DB02597"
"18","N2-[(Benzyloxy)Carbonyl]-N1-[(3s)-1-Cyanopyrrolidin-3-Yl]-L-Leucinamide (DB03456)","0.8588","http://www.drugbank.ca/drugs/DB03456"
"19","N-{3-[(7ar,12as,12bs)-7-Oxo-1,3,4,6,7,7a,12a,12b-Octahydroindolo[2,3-a]Quinolizin-12(2h)-Yl]Propyl}Propane-2-Sulfonamide (DB01967)","0.8587","http://www.drugbank.ca/drugs/DB01967"
"20","1-[2-HYDROXY-3-(4-CYCLOHEXYL-PHENOXY)-PROPYL]-4-(2-PYRIDYL)-PIPERAZINE (DB08543)","0.8572","http://www.drugbank.ca/drugs/DB08543"
"21","D-leucyl-N-(3-chlorobenzyl)-L-prolinamide (DB06911)","0.8570","http://www.drugbank.ca/drugs/DB06911"
"22","N-(4-carbamimidoylbenzyl)-1-(4-methylpentanoyl)-L-prolinamide (DB06936)","0.8569","http://www.drugbank.ca/drugs/DB06936"
"23","5,10-Dideazatetrahydrofolic Acid (DB03625)","0.8557","http://www.drugbank.ca/drugs/DB03625"
"24","4-({(2R,5S)-2,5-DIMETHYL-4-[(2R)-3,3,3-TRIFLUORO-2-HYDROXY-2-METHYLPROPANOYL]PIPERAZIN-1-YL}CARBONYL)BENZONITRILE (DB08608)","0.8553","http://www.drugbank.ca/drugs/DB08608"
"25","Lysergic Acid Diethylamide (DB04829)","0.8553","http://www.drugbank.ca/drugs/DB04829"
"26","[PHENYLALANINYL-PROLINYL]-[2-(PYRIDIN-4-YLAMINO)-ETHYL]-AMINE (DB08422)","0.8551","http://www.drugbank.ca/drugs/DB08422"
"27","Pergolide (DB01186)","0.8551","http://www.drugbank.ca/drugs/DB01186"
"28","LY249543 (DB04322)","0.8547","http://www.drugbank.ca/drugs/DB04322"
"29","RWJ-51084 (DB03251)","0.8542","http://www.drugbank.ca/drugs/DB03251"
"30","(2S)-N-[(3Z)-5-CYCLOPROPYL-3H-PYRAZOL-3-YLIDENE]-2-[4-(2-OXOIMIDAZOLIDIN-1-YL)PHENYL]PROPANAMIDE (DB07137)","0.8533","http://www.drugbank.ca/drugs/DB07137"
"31","Benzoyl-Arginine-Alanine-Methyl Ketone (DB03536)","0.8529","http://www.drugbank.ca/drugs/DB03536"
"32","D-leucyl-N-(4-carbamimidoylbenzyl)-L-prolinamide (DB06996)","0.8518","http://www.drugbank.ca/drugs/DB06996"
"33","1-(5-OXO-2,3,5,9B-TETRAHYDRO-1H-PYRROLO[2,1-A]ISOINDOL-9-YL)-3-(5-PYRROLIDIN-2-YL-1H-PYRAZOL-3-YL)-UREA (DB06976)","0.8505","http://www.drugbank.ca/drugs/DB06976"
"34","3-Methylthiofentanyl (DB01439)","0.8496","http://www.drugbank.ca/drugs/DB01439"
"35","Batimastat (DB03880)","0.8479","http://www.drugbank.ca/drugs/DB03880"
"36","2-[N'-(4-AMINO-BUTYL)-HYDRAZINOCARBONYL]-PYRROLIDINE-1-CARBOXYLIC ACID BENZYL ESTER (DB07366)","0.8478","http://www.drugbank.ca/drugs/DB07366"
"37","2-{3-[(2S)-4,4-difluoro-2-(pyrrolidin-1-ylcarbonyl)pyrrolidin-1-yl]-3-oxopropyl}-isoindole-1,3(2H)-dione (DB08739)","0.8475","http://www.drugbank.ca/drugs/DB08739"
"38","tert-butyl 4-(3-thiophen-2-yl-1,2,4-oxadiazol-5-yl)piperidine-1-carboxylate (DB08469)","0.8473","http://www.drugbank.ca/drugs/DB08469"
"39","N-{(3S,4S)-4-[(6-AMINO-4-METHYLPYRIDIN-2-YL)METHYL]PYRROLIDIN-3-YL}-N'-(4-CHLOROBENZYL)ETHANE-1,2-DIAMINE (DB08018)","0.8472","http://www.drugbank.ca/drugs/DB08018"
"40","N-{(3R,4S)-4-[(6-amino-4-methylpyridin-2-yl)methyl]pyrrolidin-3-yl}-N'-(3-chlorobenzyl)ethane-1,2-diamine (DB08019)","0.8472","http://www.drugbank.ca/drugs/DB08019"
"41","2-[5-Methanesulfonylamino-2-(4-Aminophenyl)-6-Oxo-1,6-Dihydro-1-Pyrimidinyl]-N-(3,3,3-Trifluoro-1-Isopropyl-2-Oxopropyl)Acetamide (DB03202)","0.8458","http://www.drugbank.ca/drugs/DB03202"
"42","N-[3-(N'-HYDROXYCARBOXAMIDO)-2-(2-METHYLPROPYL)-PROPANOYL]-O-TYROSINE-N-METHYLAMIDE (DB07926)","0.8456","http://www.drugbank.ca/drugs/DB07926"
"43","beta-phenyl-D-phenylalanyl-N-propyl-L-prolinamide (DB07083)","0.8451","http://www.drugbank.ca/drugs/DB07083"
"44","Lisuride (DB00589)","0.8441","http://www.drugbank.ca/drugs/DB00589"
"45","(2S)-4-METHYL-2-(3-PHENYLTHIOUREIDO)-N-((3S)-TETRAHYDRO-2-HYDROXY-3-FURANYL)PENTANAMIDE (DB07627)","0.8438","http://www.drugbank.ca/drugs/DB07627"
"46","N-[(1S)-1-{1-[(1R,3E)-1-ACETYLPENT-3-EN-1-YL]-1H-1,2,3-TRIAZOL-4-YL}-1,2-DIMETHYLPROPYL]BENZAMIDE (DB07878)","0.8438","http://www.drugbank.ca/drugs/DB07878"
"47","Praziquantel (DB01058)","0.8433","http://www.drugbank.ca/drugs/DB01058"
"48","Rotigotine (DB05271)","0.8425","http://www.drugbank.ca/drugs/DB05271"
"49","(4R)-N-[4-({[2-(DIMETHYLAMINO)ETHYL]AMINO}CARBONYL)-1,3-THIAZOL-2-YL]-4-METHYL-1-OXO-2,3,4,9-TETRAHYDRO-1H-BETA-CARBOLINE-6-CARBOXAMIDE (DB07406)","0.8421","http://www.drugbank.ca/drugs/DB07406"
"50","Sufentanil (DB00708)","0.8419","http://www.drugbank.ca/drugs/DB00708"
"51","Granisetron (DB00889)","0.8419","http://www.drugbank.ca/drugs/DB00889"
"52","5-Chloro-1h-Indole-2-Carboxylic Acid{[Cyclopentyl-(2-Hydroxy-Ethyl)-Carbamoyl]-Methyl}-Amide (DB03288)","0.8411","http://www.drugbank.ca/drugs/DB03288"
"53","(2S,4S,5R)-2-ISOBUTYL-5-(2-THIENYL)-1-[4-(TRIFLUOROMETHYL)BENZOYL]PYRROLIDINE-2,4-DICARBOXYLIC ACID (DB07200)","0.8403","http://www.drugbank.ca/drugs/DB07200"
"54","6-(4-{(1S,2S)-2-AMINO-1-[(DIMETHYLAMINO)CARBONYL]-3-[(3S)-3-FLUOROPYRROLIDIN-1-YL]-3-OXOPROPYL}PHENYL)-1H-[1,2,4]TRIAZOLO[1,5-A]PYRIDIN-4-IUM (DB08504)","0.8403","http://www.drugbank.ca/drugs/DB08504"
"55","(4R)-7,8-dichloro-1',9-dimethyl-1-oxo-1,2,4,9-tetrahydrospiro[beta-carboline-3,4'-piperidine]-4-carbonitrile (DB07242)","0.8403","http://www.drugbank.ca/drugs/DB07242"
"56","N-[1-(AMINOMETHYL)CYCLOPROPYL]-3-(BENZYLSULFONYL)-N~2~-[(1S)-2,2,2-TRIFLUORO-1-(4-HYDROXYPHENYL)ETHYL]-L-ALANINAMIDE (DB07589)","0.8401","http://www.drugbank.ca/drugs/DB07589"
"57","N-butyl-3-{[6-(9H-purin-6-ylamino)hexanoyl]amino}benzamide (DB07801)","0.8399","http://www.drugbank.ca/drugs/DB07801"
"58","(11S)-8-CHLORO-11-[1-(METHYLSULFONYL)PIPERIDIN-4-YL]-6-PIPERAZIN-1-YL-11H-BENZO[5,6]CYCLOHEPTA[1,2-B]PYRIDINE (DB07216)","0.8398","http://www.drugbank.ca/drugs/DB07216"
"59","Alpha-methylthiofentanyl (DB01470)","0.8395","http://www.drugbank.ca/drugs/DB01470"
"60","N-[4-CHLORO-3-(PYRIDIN-3-YLOXYMETHYL)-PHENYL]-3-FLUORO- (DB08068)","0.8385","http://www.drugbank.ca/drugs/DB08068"
"61","(3S)-N-(5-CHLORO-2-METHYLPHENYL)-1-CYCLOHEXYL-5-OXOPYRROLIDINE-3-CARBOXAMIDE (DB07222)","0.8383","http://www.drugbank.ca/drugs/DB07222"
"62","(3S)-N-(3-CHLORO-2-METHYLPHENYL)-1-CYCLOHEXYL-5-OXOPYRROLIDINE-3-CARBOXAMIDE (DB07090)","0.8379","http://www.drugbank.ca/drugs/DB07090"
"63","(3,3-dimethylpiperidin-1-yl)(6-(3-fluoro-4-methylphenyl)pyridin-2-yl)methanone (DB06992)","0.8377","http://www.drugbank.ca/drugs/DB06992"
"64","1-(5-BROMO-PYRIDIN-2-YL)-3-[2-(6-FLUORO-2-HYDROXY-3-PROPIONYL-PHENYL)-CYCLOPROPYL]-UREA (DB07451)","0.8377","http://www.drugbank.ca/drugs/DB07451"
"65","Bepotastine (DB04890)","0.8371","http://www.drugbank.ca/drugs/DB04890"
"66","Alvimopan (DB06274)","0.8369","http://www.drugbank.ca/drugs/DB06274"
"67","(S)-N-(4-carbamimidoylbenzyl)-1-(2-(cyclopentyloxy)ethanoyl)pyrrolidine-2-carboxamide (DB07088)","0.8369","http://www.drugbank.ca/drugs/DB07088"
"68","(R)-N-[2-[1-(Aminoiminomethyl)-3-Piperidinyl]-1-Oxoethyl]-4-(Phenylethynyl)-L-Phenylalanine Methylester (DB03453)","0.8369","http://www.drugbank.ca/drugs/DB03453"
"69","Gemifloxacin (DB01155)","0.8365","http://www.drugbank.ca/drugs/DB01155"
"70","(2S)-4-(2,5-difluorophenyl)-N-[(3R,4S)-3-fluoro-1-methylpiperidin-4-yl]-2-(hydroxymethyl)-N-methyl-2-phenyl-2,5-dihydro-1H-pyrrole-1-carboxamide (DB08037)","0.8360","http://www.drugbank.ca/drugs/DB08037"
"71","(S)-N-(4-carbamimidoylbenzyl)-1-(2-(cyclohexylamino)ethanoyl)pyrrolidine-2-carboxamide (DB06850)","0.8356","http://www.drugbank.ca/drugs/DB06850"
"72","Ibutilide (DB00308)","0.8354","http://www.drugbank.ca/drugs/DB00308"
"73","(S)-N-(4-carbamimidoylbenzyl)-1-(2-(cyclopentylamino)ethanoyl)pyrrolidine-2-carboxamide (DB06845)","0.8352","http://www.drugbank.ca/drugs/DB06845"
"74","2-{[(1R,2S)-2-aminocyclohexyl]amino}-4-[(3-methylphenyl)amino]pyrimidine-5-carboxamide (DB08361)","0.8350","http://www.drugbank.ca/drugs/DB08361"
"75","(2S)-8-[(tert-butoxycarbonyl)amino]-2-(1H-indol-3-yl)octanoic acid (DB06982)","0.8344","http://www.drugbank.ca/drugs/DB06982"
"76","1-[(2R)-2-aminobutanoyl]-N-(4-carbamimidoylbenzyl)-L-prolinamide (DB06947)","0.8343","http://www.drugbank.ca/drugs/DB06947"
"77","LGD2941 (DB05234)","0.8330","http://www.drugbank.ca/drugs/DB05234"
"78","N-ALLYL-5-AMIDINOAMINOOXY-PROPYLOXY-3-CHLORO-N-CYCLOPENTYLBENZAMIDE (DB06859)","0.8314","http://www.drugbank.ca/drugs/DB06859"
"79","Naratriptan (DB00952)","0.8311","http://www.drugbank.ca/drugs/DB00952"
"80","4-(1R,3AS,4R,8AS,8BR)-[1-DIFLUOROMETHYL-2-(4-FLUOROBENZYL)-3-OXODECAHYDROPYRROLO[3,4-A]PYRROLIZIN-4-YL]BENZAMIDINE (DB07741)","0.8306","http://www.drugbank.ca/drugs/DB07741"
"81","Doxapram (DB00561)","0.8305","http://www.drugbank.ca/drugs/DB00561"
"82","Moxifloxacin (DB00218)","0.8303","http://www.drugbank.ca/drugs/DB00218"
"83","4-(3-{[5-(trifluoromethyl)pyridin-2-yl]oxy}benzyl)piperidine-1-carboxylic acid (DB08400)","0.8302","http://www.drugbank.ca/drugs/DB08400"
"84","Zanapezil (DB04859)","0.8288","http://www.drugbank.ca/drugs/DB04859"
"85","N-({(2S)-1-[(3R)-3-AMINO-4-(2-FLUOROPHENYL)BUTANOYL]PYRROLIDIN-2-YL}METHYL)BENZAMIDE (DB07779)","0.8286","http://www.drugbank.ca/drugs/DB07779"
"86","1-{[1-(2-AMINO-3-PHENYL-PROPIONYL)-PYRROLIDINE-2-CARBONYL]-AMINO}-2-(3-CYANO-PHENYL)-ETHANEBORONIC ACID (DB08420)","0.8277","http://www.drugbank.ca/drugs/DB08420"
"87","K201 (DB02929)","0.8270","http://www.drugbank.ca/drugs/DB02929"
"88","Quinine (DB00468)","0.8259","http://www.drugbank.ca/drugs/DB00468"
"89","Quinidine (DB00908)","0.8259","http://www.drugbank.ca/drugs/DB00908"
"90","7,8-dihydro-6-hydroxymethyl-7-methyl-7-[2-phenylethyl]-pterin (DB04610)","0.8258","http://www.drugbank.ca/drugs/DB04610"
"91","3-Methylfentanyl (DB01571)","0.8257","http://www.drugbank.ca/drugs/DB01571"
"92","Sitamaquine (DB04909)","0.8246","http://www.drugbank.ca/drugs/DB04909"
"93","[4-R-(4-ALPHA,6-BETA,7-BETA]-HEXAHYDRO-5,6-DI(HYDROXY)-1,3-DI(ALLYL)-4,7-BISPHENYLMETHYL)-2H-1,3-DIAZEPINONE (DB06910)","0.8243","http://www.drugbank.ca/drugs/DB06910"
"94","2-chloro-4-{[(1R,3Z,7S,7aS)-7-hydroxy-1-(trifluoromethyl)tetrahydro-1H-pyrrolo[1,2-c][1,3]oxazol-3-ylidene]amino}-3-methylbenzonitrile (DB08088)","0.8240","http://www.drugbank.ca/drugs/DB08088"
"95","Beta-hydroxy-3-methylfentanyl (DB01570)","0.8237","http://www.drugbank.ca/drugs/DB01570"
"96","RB106 (DB02669)","0.8236","http://www.drugbank.ca/drugs/DB02669"
"97","Carfentanil (DB01535)","0.8232","http://www.drugbank.ca/drugs/DB01535"
"98","(3R)-4-[(3R)-3-AMINO-4-(2,4,5-TRIFLUOROPHENYL)BUTANOYL]-3-METHYL-1,4-DIAZEPAN-2-ONE (DB07154)","0.8230","http://www.drugbank.ca/drugs/DB07154"
"99","4-[5-(Trans-4-Aminocyclohexylamino)-3-Isopropylpyrazolo[1,5-a]Pyrimidin-7-Ylamino]-N,N-Dimethylbenzenesulfonamide (DB01888)","0.8225","http://www.drugbank.ca/drugs/DB01888"
"100","(3ASR,4RS,8ASR,8BRS)-4-(2-(4-FLUOROBENZYL)-1,3-DIOXODEACAHYDROPYRROLO[3,4-A] PYRROLIZIN-4-YL)BENZAMIDINE (DB07796)","0.8224","http://www.drugbank.ca/drugs/DB07796"
"101","3-{ISOPROPYL[(TRANS-4-METHYLCYCLOHEXYL)CARBONYL]AMINO}-5-PHENYLTHIOPHENE-2-CARBOXYLIC ACID (DB08279)","0.8221","http://www.drugbank.ca/drugs/DB08279"
"102","N~2~-[(BENZYLOXY)CARBONYL]-N-[(1S,2S)-2-HYDROXY-1-(4-HYDROXYBENZYL)PROPYL]-L-LEUCINAMIDE (DB07571)","0.8221","http://www.drugbank.ca/drugs/DB07571"
"103","4-{[4-{[(1R,2R)-2-(dimethylamino)cyclopentyl]amino}-5-(trifluoromethyl)pyrimidin-2-yl]amino}-N-methylbenzenesulfonamide (DB08341)","0.8219","http://www.drugbank.ca/drugs/DB08341"
"104","Biotinyl P-Nitroaniline (DB03549)","0.8213","http://www.drugbank.ca/drugs/DB03549"
"105","N'-(6-aminopyridin-3-yl)-N-(2-cyclopentylethyl)-4-methyl-benzene-1,3-dicarboxamide (DB07537)","0.8212","http://www.drugbank.ca/drugs/DB07537"
"106","Besifloxacin (DB06771)","0.8211","http://www.drugbank.ca/drugs/DB06771"
"107","Palonosetron (DB00377)","0.8207","http://www.drugbank.ca/drugs/DB00377"
"108","N-[2-methyl-5-(methylcarbamoyl)phenyl]-2-{[(1R)-1-methylpropyl]amino}-1,3-thiazole-5-carboxamide (DB06991)","0.8205","http://www.drugbank.ca/drugs/DB06991"
"109","Amperozide (DB08927)","0.8199","http://www.drugbank.ca/drugs/DB08927"
"110","OPC-28326 (DB05461)","0.8198","http://www.drugbank.ca/drugs/DB05461"
"111","Roxatidine acetate (DB08806)","0.8198","http://www.drugbank.ca/drugs/DB08806"
"112","(S)-N-(4-carbamimidoylbenzyl)-1-(3-cyclopentylpropanoyl)pyrrolidine-2-carboxamide (DB07095)","0.8191","http://www.drugbank.ca/drugs/DB07095"
"113","Dolasetron (DB00757)","0.8190","http://www.drugbank.ca/drugs/DB00757"
"114","D-phenylalanyl-N-(3-methylbenzyl)-L-prolinamide (DB07133)","0.8189","http://www.drugbank.ca/drugs/DB07133"
"115","Benazepril (DB00542)","0.8188","http://www.drugbank.ca/drugs/DB00542"
"116","2-(4-(AMINOMETHYL)PIPERIDIN-1-YL)-N-(3_CYCLOHEXYL-4-OXO-2,4-DIHYDROINDENO[1,2-C]PYRAZOL-5-YL)ACETAMIDE (DB07618)","0.8187","http://www.drugbank.ca/drugs/DB07618"
"117","(5R)-N,N-DIETHYL-5-METHYL-2-[(THIOPHEN-2-YLCARBONYL)AMINO]-4,5,6,7-TETRAHYDRO-1-BENZOTHIOPHENE-3-CARBOXAMIDE (DB08033)","0.8184","http://www.drugbank.ca/drugs/DB08033"
"118","1-[[(1E)-2-(4-CHLOROPHENYL)ETHENYL]SULFONYL]-4-[[1-(4-PYRIDINYL)-4-PIPERIDINYL]METHYL]PIPERAZINE (DB08746)","0.8183","http://www.drugbank.ca/drugs/DB08746"
"119","N-[(5R,14R)-5-AMINO-5,14-DIMETHYL-4-OXO-3-OXA-18-AZATRICYCLO[15.3.1.1~7,11~]DOCOSA-1(21),7(22),8,10,17,19-HEXAEN-19-YL]-N-METHYLMETHANESULFONAMIDE (DB07019)","0.8180","http://www.drugbank.ca/drugs/DB07019"
"120","(METHYLPYRIDAZINE PIPERIDINE BUTYLOXYPHENYL)ETHYLACETATE (DB08014)","0.8178","http://www.drugbank.ca/drugs/DB08014"
"121","Alpha-methylfentanyl (DB01557)","0.8176","http://www.drugbank.ca/drugs/DB01557"
"122","D-phenylalanyl-N-(3-fluorobenzyl)-L-prolinamide (DB07027)","0.8175","http://www.drugbank.ca/drugs/DB07027"
"123","Lobeline (DB05137)","0.8174","http://www.drugbank.ca/drugs/DB05137"
"124","(METHYLPYRIDAZINE PIPERIDINE PROPYLOXYPHENYL)ETHYLACETATE (DB08013)","0.8169","http://www.drugbank.ca/drugs/DB08013"
"125","(2R)-4-[(8R)-8-METHYL-2-(TRIFLUOROMETHYL)-5,6-DIHYDRO[1,2,4]TRIAZOLO[1,5-A]PYRAZIN-7(8H)-YL]-4-OXO-1-(2,4,5-TRIFLUOROPHENYL)BUTAN-2-AMINE (DB07081)","0.8168","http://www.drugbank.ca/drugs/DB07081"
"126","D-phenylalanyl-N-benzyl-L-prolinamide (DB07143)","0.8166","http://www.drugbank.ca/drugs/DB07143"
"127","4-({4-[(4-methoxypyridin-2-yl)amino]piperidin-1-yl}carbonyl)benzonitrile (DB07002)","0.8165","http://www.drugbank.ca/drugs/DB07002"
"128","(2S)-4-(2,5-DIFLUOROPHENYL)-N-METHYL-2-PHENYL-N-PIPERIDIN-4-YL-2,5-DIHYDRO-1H-PYRROLE-1-CARBOXAMIDE (DB08239)","0.8163","http://www.drugbank.ca/drugs/DB08239"
"129","D-phenylalanyl-N-{4-[amino(iminio)methyl]benzyl}-L-prolinamide (DB07005)","0.8161","http://www.drugbank.ca/drugs/DB07005"
"130","N-(4-carbamimidoylbenzyl)-1-(3-phenylpropanoyl)-L-prolinamide (DB06942)","0.8160","http://www.drugbank.ca/drugs/DB06942"
"131","(1S)-1-CYCLOPROPYL-2-[(2S)-4-(2,5-DIFLUOROPHENYL)-2-PHENYL-2,5-DIHYDRO-1H-PYRROL-1-YL]-2-OXOETHANAMINE (DB08244)","0.8155","http://www.drugbank.ca/drugs/DB08244"
"132","Tetrahydrofolic acid (DB00116)","0.8150","http://www.drugbank.ca/drugs/DB00116"
"133","(6s)-5,6,7,8-Tetrahydrofolate (DB02031)","0.8150","http://www.drugbank.ca/drugs/DB02031"
"134","(2R,4S)-2-[(R)-BENZYLCARBAMOYL-PHENYLACETYL-METHYL]-5,5-DIMETHYL-THIAZOLIDINE-4-CARBOXYLIC ACID (DB07806)","0.8146","http://www.drugbank.ca/drugs/DB07806"
"135","(3-EXO)-3-(10,11-DIHYDRO-5H-DIBENZO[A,D][7]ANNULEN-5-YLOXY)-8,8-DIMETHYL-8-AZONIABICYCLO[3.2.1]OCTANE (DB07494)","0.8143","http://www.drugbank.ca/drugs/DB07494"
"136","N-({(2S)-1-[(3R)-3-amino-4-(3-chlorophenyl)butanoyl]pyrrolidin-2-yl}methyl)-3-(methylsulfonyl)benzamide (DB08429)","0.8143","http://www.drugbank.ca/drugs/DB08429"
"137","D-phenylalanyl-N-(3-chlorobenzyl)-L-prolinamide (DB06919)","0.8142","http://www.drugbank.ca/drugs/DB06919"
"138","Anileridine (DB00913)","0.8137","http://www.drugbank.ca/drugs/DB00913"
"139","Dihydrofolic Acid (DB02015)","0.8135","http://www.drugbank.ca/drugs/DB02015"
"140","(METHYLPYRIDAZINE PIPERIDINE ETHYLOXYPHENYL)ETHYLACETATE (DB08012)","0.8132","http://www.drugbank.ca/drugs/DB08012"
"141","N'-(Pyrrolidino[2,1-B]Isoindolin-4-On-8-Yl)-N-(Pyridin-2-Yl)Urea (DB04186)","0.8132","http://www.drugbank.ca/drugs/DB04186"
"142","N-[1-(2,6-dimethoxybenzyl)piperidin-4-yl]-4-sulfanylbutanamide (DB07735)","0.8129","http://www.drugbank.ca/drugs/DB07735"
"143","ISOTHIAZOLIDINONE ANALOG (DB08003)","0.8127","http://www.drugbank.ca/drugs/DB08003"
"144","Oxacillin (DB00713)","0.8123","http://www.drugbank.ca/drugs/DB00713"
"145","Tetrabenazine (DB04844)","0.8121","http://www.drugbank.ca/drugs/DB04844"
"146","N-{2-[6-(2,4-DIAMINO-6-ETHYLPYRIMIDIN-5-YL)-2,2-DIMETHYL-3-OXO-2,3-DIHYDRO-4H-1,4-BENZOTHIAZIN-4-YL]ETHYL}ACETAMIDE (DB06899)","0.8120","http://www.drugbank.ca/drugs/DB06899"
"147","N-{2-[6-(2,4-DIAMINO-6-ETHYLPYRIMIDIN-5-YL)-2,2-DIMETHYL-3-OXO-2,3-DIHYDRO-4H-1,4-BENZOXAZIN-4-YL]ETHYL}ACETAMIDE (DB07059)","0.8118","http://www.drugbank.ca/drugs/DB07059"
"148","(S)-2-CHLORO-N-(1-(2-(2-HYDROXYETHYLAMINO)-2-OXOETHYL)-2-OXO-1,2,3,4-TETRAHYDROQUINOLIN-3-YL)-6H-THIENO[2,3-B]PYRROLE-5-CARBOXAMIDE (DB07792)","0.8117","http://www.drugbank.ca/drugs/DB07792"
"149","4-chloro-N-(3-methoxypropyl)-N-[(3S)-1-(2-phenylethyl)piperidin-3-yl]benzamide (DB08344)","0.8117","http://www.drugbank.ca/drugs/DB08344"
"150","(3R,4S)-1-[(4-amino-5H-pyrrolo[3,2-d]pyrimidin-7-yl)methyl]-4-[(butylsulfanyl)methyl]pyrrolidin-3-ol (DB07463)","0.8116","http://www.drugbank.ca/drugs/DB07463"
"151","5-Formyl-6-Hydrofolic Acid (DB02718)","0.8110","http://www.drugbank.ca/drugs/DB02718"
"152","Grepafloxacin (DB00365)","0.8104","http://www.drugbank.ca/drugs/DB00365"
"153","1-(6-CYANO-3-PYRIDYLCARBONYL)-5',8'-DIFLUOROSPIRO[PIPERIDINE-4,2'(1'H)-QUINAZOLINE]-4'-AMINE (DB07405)","0.8100","http://www.drugbank.ca/drugs/DB07405"
"154","4-{[(2,6-difluorophenyl)carbonyl]amino}-N-[(3S)-piperidin-3-yl]-1H-pyrazole-3-carboxamide (DB08141)","0.8098","http://www.drugbank.ca/drugs/DB08141"
"155","1-[1'-(3-phenylacryloyl)spiro[1-benzofuran-3,4'-piperidin]-5-yl]methanamine (DB06849)","0.8094","http://www.drugbank.ca/drugs/DB06849"
"156","Tiagabine (DB00906)","0.8089","http://www.drugbank.ca/drugs/DB00906"
"157","(S)-2-[(R)-3-amino-4-(2-fluorophenyl)butyryl]-1,2,3,4-tetrahydroisoquinoline-3-carboxamide (DB04578)","0.8083","http://www.drugbank.ca/drugs/DB04578"
"158","Cloxacillin (DB01147)","0.8081","http://www.drugbank.ca/drugs/DB01147"
"159","(3R,4S)-1-[(4-amino-5H-pyrrolo[3,2-d]pyrimidin-7-yl)methyl]-4-[(benzylsulfanyl)methyl]pyrrolidin-3-ol (DB07649)","0.8076","http://www.drugbank.ca/drugs/DB07649"
"160","Flucloxacillin (DB00301)","0.8075","http://www.drugbank.ca/drugs/DB00301"
"161","Haloperidol (DB00502)","0.8073","http://www.drugbank.ca/drugs/DB00502"
"162","Fentanyl (DB00813)","0.8071","http://www.drugbank.ca/drugs/DB00813"
"163","Leucovorin (DB00650)","0.8070","http://www.drugbank.ca/drugs/DB00650"
"164","5-Formyl-5,6,7,8-Tetrahydrofolate (DB03256)","0.8070","http://www.drugbank.ca/drugs/DB03256"
"165","(6AR,11AS,11BR)-10-ACETYL-9-HYDROXY-7,7-DIMETHYL-2,6,6A,7,11A,11B-HEXAHYDRO-11H-PYRROLO[1',2':2,3]ISOINDOLO[4,5,6-CD]INDOL-11-ONE (DB07604)","0.8069","http://www.drugbank.ca/drugs/DB07604"
"166","3-[[(METHYLAMINO)SULFONYL]AMINO]-2-OXO-6-PHENYL-N-[3,3,3-TRIFLUORO-1-(1-METHYLETHYL)-2-OXOPHENYL]-1(2H)-PYRIDINE ACETAMIDE (DB08614)","0.8068","http://www.drugbank.ca/drugs/DB08614"
"167","Clidinium (DB00771)","0.8062","http://www.drugbank.ca/drugs/DB00771"
"168","1-[2-(3-ACETYL-2-HYDROXY-6-METHOXY-PHENYL)-CYCLOPROPYL]-3-(5-CYANO-PYRIDIN-2-YL)-THIOUREA (DB08212)","0.8057","http://www.drugbank.ca/drugs/DB08212"
"169","5-Methyl-5,6,7,8-Tetrahydrofolic Acid (DB04375)","0.8055","http://www.drugbank.ca/drugs/DB04375"
"170","5-methyltetrahydrofolate (DB04789)","0.8055","http://www.drugbank.ca/drugs/DB04789"
"171","Encainide (DB01228)","0.8052","http://www.drugbank.ca/drugs/DB01228"
"172","Beta-hydroxyfentanyl (DB01453)","0.8050","http://www.drugbank.ca/drugs/DB01453"
"173","5-Hydroxymethylene-6-Hydrofolic Acid (DB02800)","0.8050","http://www.drugbank.ca/drugs/DB02800"
"174","Ioflupane I 123 (DB08824)","0.8047","http://www.drugbank.ca/drugs/DB08824"
"175","Alizapride (DB01425)","0.8046","http://www.drugbank.ca/drugs/DB01425"
"176","Alogliptin  (DB06203)","0.8044","http://www.drugbank.ca/drugs/DB06203"
"177","1S,3AS,8AS-TRIMETHYL-1-OXIDO-1,2,3,3A,8,8A-HEXAHYDROPYRROLO[2,3-B]INDOL-5-YL 2-ETHYLPHENYLCARBAMATE (DB07846)","0.8043","http://www.drugbank.ca/drugs/DB07846"
"178","Sparfloxacin (DB01208)","0.8041","http://www.drugbank.ca/drugs/DB01208"
"179","(5S)-5-(3-AMINOPROPYL)-3-(2,5-DIFLUOROPHENYL)-N-ETHYL-5-PHENYL-4,5-DIHYDRO-1H-PYRAZOLE-1-CARBOXAMIDE (DB08250)","0.8037","http://www.drugbank.ca/drugs/DB08250"
"180","Acetyl-alpha-methylfentanyl (DB01532)","0.8036","http://www.drugbank.ca/drugs/DB01532"
"181","4-[(2-{4-[(CYCLOPROPYLCARBAMOYL)AMINO]-1H-PYRAZOL-3-YL}-1H-BENZIMIDAZOL-6-YL)METHYL]MORPHOLIN-4-IUM (DB08067)","0.8029","http://www.drugbank.ca/drugs/DB08067"
"182","N-(3-Phenyl-2-Sulfanylpropanoyl)Phenylalanylalanine (DB02558)","0.8025","http://www.drugbank.ca/drugs/DB02558"
"183","2-[({4-[2-(trifluoromethyl)phenyl]piperidin-1-yl}carbonyl)amino]benzoic acid (DB06985)","0.8022","http://www.drugbank.ca/drugs/DB06985"
"184","5,10-Methylene-6-Hydrofolic Acid (DB02301)","0.8020","http://www.drugbank.ca/drugs/DB02301"
"185","Morpholine-4-Carboxylic Acid [1-(2-Benzylsulfanyl-1-Formyl-Ethylcarbamoyl)-2-Phenyl-Ethyl]-Amide (DB03984)","0.8017","http://www.drugbank.ca/drugs/DB03984"
"186","Cinchocaine (DB00527)","0.8013","http://www.drugbank.ca/drugs/DB00527"
"187","(11R)-10-acetyl-11-(2,4-dichlorophenyl)-6-hydroxy-3,3-dimethyl-2,3,4,5,10,11-hexahydro-1H-dibenzo[b,e][1,4]diazepin-1-one (DB08747)","0.8012","http://www.drugbank.ca/drugs/DB08747"
"188","N-[2-(carbamimidamidooxy)ethyl]-2-{6-cyano-3-[(2,2-difluoro-2-pyridin-2-ylethyl)amino]-2-fluorophenyl}acetamide (DB07665)","0.8011","http://www.drugbank.ca/drugs/DB07665"
"189","Glyburide (DB01016)","0.8010","http://www.drugbank.ca/drugs/DB01016"
"190","Alfentanil (DB00802)","0.8008","http://www.drugbank.ca/drugs/DB00802"
"191","4-{[(2,6-dichlorophenyl)carbonyl]amino}-N-piperidin-4-yl-1H-pyrazole-3-carboxamide (DB08142)","0.7991","http://www.drugbank.ca/drugs/DB08142"
"192","Benzethidine (DB01518)","0.7986","http://www.drugbank.ca/drugs/DB01518"
"193","Cilostazol (DB01166)","0.7983","http://www.drugbank.ca/drugs/DB01166"
"194","Gatifloxacin (DB01044)","0.7977","http://www.drugbank.ca/drugs/DB01044"
"195","(4-AMINO-2-{[1-(METHYLSULFONYL)PIPERIDIN-4-YL]AMINO}PYRIMIDIN-5-YL)(2,3-DIFLUORO-6-METHOXYPHENYL)METHANONE (DB08094)","0.7974","http://www.drugbank.ca/drugs/DB08094"
"196","2[4-BROMO-2-FLUOROPHENYL)METHYL]-6-FLUOROSPIRO[ISOQUINOLINE-4-(1H),3'-PYRROLIDINE]-1,2',3,5'(2H)-TETRONE (DB07450)","0.7969","http://www.drugbank.ca/drugs/DB07450"
"197","5-CHLORO-N-{(3S)-1-[(1S)-1-METHYL-2-MORPHOLIN-4-YL-2-5-CHLORO-N-{(3S)-1-[(1S)-1-METHYL-2-MORPHOLIN-4-YL-2-SULFONAMIDE (DB07848)","0.7963","http://www.drugbank.ca/drugs/DB07848"
"198","6-(2,4-DIAMINO-6-ETHYLPYRIMIDIN-5-YL)-4-(3-METHOXYPROPYL)-2,2-DIMETHYL-2H-1,4-BENZOXAZIN-3(4H)-ONE (DB07174)","0.7962","http://www.drugbank.ca/drugs/DB07174"
"199","Dicloxacillin (DB00485)","0.7959","http://www.drugbank.ca/drugs/DB00485"
"200","5-CYANO-FURAN-2-CARBOXYLIC ACID [5-HYDROXYMETHYL-2-(4-METHYL-PIPERIDIN-1-YL)-PHENYL]-AMIDE (DB07167)","0.7958","http://www.drugbank.ca/drugs/DB07167"
"201","Pioglitazone (DB01132)","0.7956","http://www.drugbank.ca/drugs/DB01132"
"202","N-ETHYL-N-ISOPROPYL-3-METHYL-5-{[(2S)-2-(PYRIDIN-4-YLAMINO)PROPYL]OXY}BENZAMIDE (DB07279)","0.7953","http://www.drugbank.ca/drugs/DB07279"
"203","(2R)-N~4~-hydroxy-2-(3-hydroxybenzyl)-N~1~-[(1S,2R)-2-hydroxy-2,3-dihydro-1H-inden-1-yl]butanediamide (DB06837)","0.7947","http://www.drugbank.ca/drugs/DB06837"
"204","(5z)-5-(1h-Indol-3-Ylmethylene)-4h-Imidazol-4-One (DB01653)","0.7942","http://www.drugbank.ca/drugs/DB01653"
"205","Rosuvastatin (DB01098)","0.7931","http://www.drugbank.ca/drugs/DB01098"
"206","Mefloquine (DB00358)","0.7927","http://www.drugbank.ca/drugs/DB00358"
"207","N-({(3R,4R)-4-[(benzyloxy)methyl]pyrrolidin-3-yl}methyl)-N-(2-methylpropyl)benzenesulfonamide (DB07505)","0.7926","http://www.drugbank.ca/drugs/DB07505"
"208","[1-(4-Fluorobenzyl)Cyclobutyl]Methyl (1s)-1-[Oxo(1h-Pyrazol-5-Ylamino)Acetyl]Pentylcarbamate (DB01858)","0.7926","http://www.drugbank.ca/drugs/DB01858"
"209","(5r)-6-(4-{[2-(3-Iodobenzyl)-3-Oxocyclohex-1-En-1-Yl]Amino}Phenyl)-5-Methyl-4,5-Dihydropyridazin-3(2h)-One (DB01640)","0.7926","http://www.drugbank.ca/drugs/DB01640"
"210","Yohimbine (DB01392)","0.7926","http://www.drugbank.ca/drugs/DB01392"
"211","HONH-BENZYLMALONYL-L-ALANYLGLYCINE-P-NITROANILIDE (DB07434)","0.7925","http://www.drugbank.ca/drugs/DB07434"
"212","Sunitinib (DB01268)","0.7922","http://www.drugbank.ca/drugs/DB01268"
"213","N-ACETYL-L-PHENYLALANYL-4-[DIFLUORO(PHOSPHONO)METHYL]-L-PHENYLALANINAMIDE (DB07651)","0.7918","http://www.drugbank.ca/drugs/DB07651"
"214","N~6~-cyclohexyl-N~2~-(4-morpholin-4-ylphenyl)-9H-purine-2,6-diamine (DB07340)","0.7917","http://www.drugbank.ca/drugs/DB07340"
"215","4-{[4-AMINO-6-(CYCLOHEXYLMETHOXY)-5-NITROSOPYRIMIDIN-2-YL]AMINO}BENZAMIDE (DB08572)","0.7917","http://www.drugbank.ca/drugs/DB08572"
"216","Altropane (DB04947)","0.7915","http://www.drugbank.ca/drugs/DB04947"
"217","(5z)-2-[(1s,2r)-1-Amino-2-Hydroxypropyl]-5-[(4-Amino-1h-Indol-3-Yl)Methylene]-3-(2-Hydroxyethyl)-3,5-Dihydro-4h-Imidazol-4-One (DB01641)","0.7900","http://www.drugbank.ca/drugs/DB01641"
"218","Alfuzosin (DB00346)","0.7894","http://www.drugbank.ca/drugs/DB00346"
"219","Mercaptocarboxylate Inhibitor (DB02706)","0.7893","http://www.drugbank.ca/drugs/DB02706"
"220","(2S,3S)-3-AMINO-4-(3,3-DIFLUOROPYRROLIDIN-1-YL)-N,N-DIMETHYL-4-OXO-2-(TRANS-4-[1,2,4]TRIAZOLO[1,5-A]PYRIDIN-6-YLCYCLOHEXYL)BUTANAMIDE (DB07092)","0.7893","http://www.drugbank.ca/drugs/DB07092"
"221","3-({2-[(4-{[6-(CYCLOHEXYLMETHOXY)-9H-PURIN-2-YL]AMINO}PHENYL)SULFONYL]ETHYL}AMINO)PROPAN-1-OL (DB08309)","0.7891","http://www.drugbank.ca/drugs/DB08309"
"222","1-(2-Phenylethyl)-4-phenyl-4-acetoxypiperidine (DB01562)","0.7885","http://www.drugbank.ca/drugs/DB01562"
"223","5-[(E)-(5-CHLORO-2-OXO-1,2-DIHYDRO-3H-INDOL-3-YLIDENE)METHYL]-N-[2-(DIETHYLAMINO)ETHYL]-2,4-DIMETHYL-1H-PYRROLE-3-CARBOXAMIDE (DB08009)","0.7885","http://www.drugbank.ca/drugs/DB08009"
"224","Donepezil (DB00843)","0.7882","http://www.drugbank.ca/drugs/DB00843"
"225","1-BENZYL-4-[(5,6-DIMETHOXY-1-INDANON-2-YL)METHYL]PIPERIDINE (DB07701)","0.7882","http://www.drugbank.ca/drugs/DB07701"
"226","(1S,2S,5S)2-(4-GLUTARIDYLBENZYL)-5-PHENYL-1-CYCLOHEXANOL (DB07909)","0.7871","http://www.drugbank.ca/drugs/DB07909"
"227","1-ethyl-N-(phenylmethyl)-4-(tetrahydro-2H-pyran-4-ylamino)-1H-pyrazolo[3,4-b]pyridine-5-carboxamide (DB06909)","0.7863","http://www.drugbank.ca/drugs/DB06909"
"228","Phenserine (DB04892)","0.7859","http://www.drugbank.ca/drugs/DB04892"
"229","Trimethaphan (DB01116)","0.7857","http://www.drugbank.ca/drugs/DB01116"
"230","4-((3r,4s,5r)-4-Amino-3,5-Dihydroxy-Hex-1-Ynyl)-5-Fluoro-3-[1-(3-Methoxy-1h-Pyrrol-2-Yl)-Meth-(Z)-Ylidene]-1,3-Dihydro-Indol-2-One (DB03737)","0.7852","http://www.drugbank.ca/drugs/DB03737"
"231","3-(HYDROXYMETHYL)-1-METHYL-5-(2-METHYLAZIRIDIN-1-YL)-2-PHENYL-1H-INDOLE-4,7-DIONE (DB07385)","0.7850","http://www.drugbank.ca/drugs/DB07385"
"232","R-3-FLUORO-4-[2-HYDROXY-2-(5,5,8,8-TETRAMETHYL-5,6,7,8,-TETRAHYDRO-NAPHTALEN-2-YL)-ACETYLAMINO]-BENZOIC ACID (DB07031)","0.7848","http://www.drugbank.ca/drugs/DB07031"
"233","3-FLUORO-4-[2-HYDROXY-2-(5,5,8,8-TETRAMETHYL-5,6,7,8,-TETRAHYDRO-NAPHTALEN-2-YL)-ACETYLAMINO]-BENZOIC ACID (DB07294)","0.7848","http://www.drugbank.ca/drugs/DB07294"
"234","Fluphenazine (DB00623)","0.7833","http://www.drugbank.ca/drugs/DB00623"
"235","Purvalanol (DB02733)","0.7829","http://www.drugbank.ca/drugs/DB02733"
"236","Ciprofloxacin (DB00537)","0.7829","http://www.drugbank.ca/drugs/DB00537"
"237","99mTc-ciprofloxacin (DB05488)","0.7829","http://www.drugbank.ca/drugs/DB05488"
"238","5-CHLORO-N-{(3S)-1-[(1S)-1-METHYL-2-MORPHOLIN-4-YL-2-OXOETHYL]-2-OXOPYRROLIDIN-3-YL}-1-BENZOTHIOPHENE-2-SULFONAMIDE (DB07843)","0.7826","http://www.drugbank.ca/drugs/DB07843"
"239","6-CHLORO-N-{(3S)-1-[(1S)-1-METHYL-2-MORPHOLIN-4-YL-2-OXOETHYL]-2-OXOPYRROLIDIN-3-YL}-1-BENZOTHIOPHENE-2-SULFONAMIDE (DB07844)","0.7826","http://www.drugbank.ca/drugs/DB07844"
"240","Tamibarotene (DB04942)","0.7821","http://www.drugbank.ca/drugs/DB04942"
"241","CIS-4-METHYL-N-[(1S)-3-(METHYLSULFANYL)-1-(PYRIDIN-4-YLCARBAMOYL)PROPYL]CYCLOHEXANECARBOXAMIDE (DB07569)","0.7820","http://www.drugbank.ca/drugs/DB07569"
"242","Terazosin (DB01162)","0.7819","http://www.drugbank.ca/drugs/DB01162"
"243","Dolutegravir (DB08930)","0.7817","http://www.drugbank.ca/drugs/DB08930"
"244","(2S,3S)-3-AMINO-4-[(3S)-3-FLUOROPYRROLIDIN-1-YL]-N,N-DIMETHYL-4-OXO-2-(TRANS-4-[1,2,4]TRIAZOLO[1,5-A]PYRIDIN-5-YLCYCLOHEXYL)BUTANAMIDE (DB07135)","0.7805","http://www.drugbank.ca/drugs/DB07135"
"245","SU4984 (DB02058)","0.7802","http://www.drugbank.ca/drugs/DB02058"
"246","Prazepam (DB01588)","0.7802","http://www.drugbank.ca/drugs/DB01588"
"247","N-(2-AMINOETHYL)-N~2~-{(1S)-1-[4'-(AMINOSULFONYL)BIPHENYL-4-YL]-2,2,2-TRIFLUOROETHYL}-L-LEUCINAMIDE (DB08270)","0.7795","http://www.drugbank.ca/drugs/DB08270"
"248","5-(7-(5-HYDRO-4-ETHYL-2-OXAZOLYL)PHENOXY)HEPTYL)-3-METHYL ISOXAZOLE (DB08725)","0.7786","http://www.drugbank.ca/drugs/DB08725"
"249","4-(6-CYCLOHEXYLMETHOXY-9H-PURIN-2-YLAMINO)--BENZAMIDE (DB08241)","0.7784","http://www.drugbank.ca/drugs/DB08241"
"250","Glycopyrrolate (DB00986)","0.7783","http://www.drugbank.ca/drugs/DB00986"
"251","Aripiprazole (DB01238)","0.7781","http://www.drugbank.ca/drugs/DB01238"
"252","N-(5-CHLORO-BENZO[B]THIOPHEN-3-YLMETHYL)-2-[6-CHLORO-OXO-3-(2-PYRIDIN-2-YL-ETHYLAMINO)-2H-PYRAZIN-1-YL]-ACETAMIDE (DB07165)","0.7777","http://www.drugbank.ca/drugs/DB07165"
"253","(2e,3s)-3-Hydroxy-5'-[(4-Hydroxypiperidin-1-Yl)Sulfonyl]-3-Methyl-1,3-Dihydro-2,3'-Biindol-2'(1'h)-One (DB03583)","0.7777","http://www.drugbank.ca/drugs/DB03583"
"254","R048-8071 (DB02016)","0.7766","http://www.drugbank.ca/drugs/DB02016"
"255","Dioxaphetyl butyrate (DB01475)","0.7766","http://www.drugbank.ca/drugs/DB01475"
"256","Tazarotene (DB00799)","0.7757","http://www.drugbank.ca/drugs/DB00799"
"257","N-[5-(1,1-DIOXIDOISOTHIAZOLIDIN-2-YL)-1H-INDAZOL-3-YL]-2-(4-PIPERIDIN-1-YLPHENYL)ACETAMIDE (DB07220)","0.7754","http://www.drugbank.ca/drugs/DB07220"
"258","Trifluoperazine (DB00831)","0.7753","http://www.drugbank.ca/drugs/DB00831"
"259","Mepenzolate (DB04843)","0.7753","http://www.drugbank.ca/drugs/DB04843"
"260","Trovafloxacin (DB00685)","0.7751","http://www.drugbank.ca/drugs/DB00685"
"261","(2R)-1-[(4-tert-butylphenyl)sulfonyl]-2-methyl-4-(4-nitrophenyl)piperazine (DB07049)","0.7751","http://www.drugbank.ca/drugs/DB07049"
"262","Rosiglitazone (DB00412)","0.7746","http://www.drugbank.ca/drugs/DB00412"
"263","(4R,5R)-5-AMINO-1-[2-(1,3-BENZODIOXOL-5-YL)ETHYL]-4-(2,4,5-TRIFLUOROPHENYL)PIPERIDIN-2-ONE (DB07830)","0.7745","http://www.drugbank.ca/drugs/DB07830"
"264","5-(7-(5-HYDRO-4-METHYL-2-OXAZOLYL)PHENOXY)HEPTYL)-3-METHYL ISOXAZOLE (DB08727)","0.7742","http://www.drugbank.ca/drugs/DB08727"
"265","(1S,6R)-3-{[3-(TRIFLUOROMETHYL)-5,6-DIHYDRO[1,2,4]TRIAZOLO[4,3-A]PYRAZIN-7(8H)-YL]CARBONYL}-6-(2,4,5-TRIFLUOROPHENYL)CYCLOHEX-3-EN-1-AMINE (DB08044)","0.7741","http://www.drugbank.ca/drugs/DB08044"
"266","Mitiglinide (DB01252)","0.7728","http://www.drugbank.ca/drugs/DB01252"
"267","Cinalukast (DB00587)","0.7725","http://www.drugbank.ca/drugs/DB00587"
"268","2-(6-CHLORO-3-{[2,2-DIFLUORO-2-(2-PYRIDINYL)ETHYL]AMINO}-2-OXO-1(2H)-PYRAZINYL)-N-[(2-FLUORO-3-METHYL-6-PYRIDINYL)METHYL]ACETAMIDE (DB07549)","0.7719","http://www.drugbank.ca/drugs/DB07549"
"269","5-(7-(6-CHLORO-4-(5-HYDRO-4-METHYL-2-OXAZOLYL)PHENOXY)HEPTYL)-3-METHYL ISOXAZOLE (DB08722)","0.7704","http://www.drugbank.ca/drugs/DB08722"
"270","(3S,6S)-3,6-bis(4-hydroxybenzyl)piperazine-2,5-dione (DB08761)","0.7693","http://www.drugbank.ca/drugs/DB08761"
"271","Brodimoprim-4,6-Dicarboxylate (DB02809)","0.7689","http://www.drugbank.ca/drugs/DB02809"
"272","Propantheline (DB00782)","0.7687","http://www.drugbank.ca/drugs/DB00782"
"273","(1S,2R,5S)-5-[3-(TRIFLUOROMETHYL)-5,6-DIHYDRO[1,2,4]TRIAZOLO[4,3-A]PYRAZIN-7(8H)-YL]-2-(2,4,5-TRIFLUOROPHENYL)CYCLOHEXANAMINE (DB07072)","0.7683","http://www.drugbank.ca/drugs/DB07072"
"274","6-CHLORO-4-(CYCLOHEXYLSULFINYL)-3-PROPYLQUINOLIN-2(1H)-ONE (DB07869)","0.7671","http://www.drugbank.ca/drugs/DB07869"
"275","1-[4-(AMINOMETHYL)BENZOYL]-5'-FLUORO-1'H-SPIRO[PIPERIDINE-4,2'-QUINAZOLIN]-4'-AMINE (DB08750)","0.7670","http://www.drugbank.ca/drugs/DB08750"
"276","2-CHLORO-N-(3-CYANO-5,6-DIHYDRO-4H-CYCLOPENTA[B]THIOPHEN-2-YL)-5-DIETHYLSULFAMOYL-BENZAMIDE (DB06970)","0.7669","http://www.drugbank.ca/drugs/DB06970"
"277","2-(6-CHLORO-3-{[2,2-DIFLUORO-2-(2-PYRIDINYL)ETHYL]AMINO}-2-OXO-1(2H)-PYRAZINYL)-N-[(2-FLUORO-6-PYRIDINYL)METHYL]ACETAMIDE (DB07548)","0.7666","http://www.drugbank.ca/drugs/DB07548"
"278","5-(7-(4-(4,5-DIHYDRO-2-OXAZOLYL)PHENOXY)HEPTYL)-3-METHYL ISOXAZOLE (DB08726)","0.7656","http://www.drugbank.ca/drugs/DB08726"
"279","OLOMOUCINE II (DB04662)","0.7651","http://www.drugbank.ca/drugs/DB04662"
"280","1-{2-[3-(2-Chloro-4,5-difluoro-benzoyl)-ureido]-4-fluoro-phenyl}-piperidine-4-carboxylic acid (DB07396)","0.7645","http://www.drugbank.ca/drugs/DB07396"
"281","Enzalutamide  (DB08899)","0.7643","http://www.drugbank.ca/drugs/DB08899"
"282","1-[2-(4-ETHOXY-3-FLUOROPYRIDIN-2-YL)ETHYL]-3-(5-METHYLPYRIDIN-2-YL)THIOUREA (DB08372)","0.7643","http://www.drugbank.ca/drugs/DB08372"
"283","Dasatinib (DB01254)","0.7642","http://www.drugbank.ca/drugs/DB01254"
"284","N-HYDROXY-2(R)-[[(4-METHOXYPHENYL)SULFONYL](3-PICOLYL)AMINO]-3-METHYLBUTANAMIDE HYDROCHLORIDE (DB07556)","0.7642","http://www.drugbank.ca/drugs/DB07556"
"285","2-(6-{[(3-chloro-2-methylphenyl)sulfonyl]amino}pyridin-2-yl)-N,N-diethylacetamide (DB07056)","0.7638","http://www.drugbank.ca/drugs/DB07056"
"286","(4-BROMOPHENYL)[4-({(2E)-4-[CYCLOPROPYL(METHYL)AMINO]BUT-2-ENYL}OXY)PHENYL]METHANONE (DB08458)","0.7637","http://www.drugbank.ca/drugs/DB08458"
"287","Bambuterol (DB01408)","0.7634","http://www.drugbank.ca/drugs/DB01408"
"288","2-butoxy-9-(2,6-difluorobenzyl)-N-(2-morpholin-4-ylethyl)-9H-purin-6-amine (DB07937)","0.7619","http://www.drugbank.ca/drugs/DB07937"
"289","GLYCYLALANYL-N-2-NAPHTHYL-L-PROLINEAMIDE (DB07813)","0.7616","http://www.drugbank.ca/drugs/DB07813"
"290","Cefamandole (DB01326)","0.7608","http://www.drugbank.ca/drugs/DB01326"
"291","4-BROMO-3-(CARBOXYMETHOXY)-5-[3-(CYCLOHEXYLAMINO)PHENYL]THIOPHENE-2-CARBOXYLIC ACID (DB06829)","0.7607","http://www.drugbank.ca/drugs/DB06829"
"292","2-(6-CHLORO-3-{[2,2-DIFLUORO-2-(1-OXIDO-2-PYRIDINYL)ETHYL]AMINO}-2-OXO-1(2H)-PYRAZINYL)-N-[(2-FLUOROPHENYL)METHYL]ACETAMIDE (DB07550)","0.7605","http://www.drugbank.ca/drugs/DB07550"
"293","N-[[3-FLUORO-4-ETHOXY-PYRID-2-YL]ETHYL]-N'-[5-NITRILOMETHYL-PYRIDYL]-THIOUREA (DB07781)","0.7604","http://www.drugbank.ca/drugs/DB07781"
"294","5-(5-(4-(5-HYDRO-4-METHYL-2-OXAZOLYL)PHENOXY)PENTYL)-3-METHYL ISOXAZOLE (DB08724)","0.7603","http://www.drugbank.ca/drugs/DB08724"
"295","Cisapride (DB00604)","0.7603","http://www.drugbank.ca/drugs/DB00604"
"296","N~3~-cyclopropyl-N~4~'-(cyclopropylmethyl)-6-methylbiphenyl-3,4'-dicarboxamide (DB07835)","0.7603","http://www.drugbank.ca/drugs/DB07835"
"297","Nafcillin (DB00607)","0.7596","http://www.drugbank.ca/drugs/DB00607"
"298","Ridogrel (DB01207)","0.7580","http://www.drugbank.ca/drugs/DB01207"
"299","N-{(1S,2R)-2-hydroxy-1-[(hydroxyamino)carbonyl]propyl}-4-{[4-(morpholin-4-ylmethyl)phenyl]ethynyl}benzamide (DB07536)","0.7579","http://www.drugbank.ca/drugs/DB07536"
"300","Oxyphencyclimine (DB00383)","0.7578","http://www.drugbank.ca/drugs/DB00383"
"301","2-(2-{2-[(BIPHENYL-4-YLMETHYL)-AMINO]-3-MERCAPTO-PENTANOYLAMINO}-ACETYLAMINO)-3-METHYL-BUTYRIC ACID METHYL ESTER (DB08643)","0.7575","http://www.drugbank.ca/drugs/DB08643"
"302","Barbituric acid derivative (DB01496)","0.7569","http://www.drugbank.ca/drugs/DB01496"
"303","Sildenafil (DB00203)","0.7569","http://www.drugbank.ca/drugs/DB00203"
"304","[4-(4-PHENYL-PIPERIDIN-1-YL)-BENZENESULFONYLAMINO]-ACETIC ACID (DB07986)","0.7557","http://www.drugbank.ca/drugs/DB07986"
"305","4-[(3R)-3-{[2-(4-FLUOROPHENYL)-2-OXOETHYL]AMINO}BUTYL]BENZAMIDE (DB08672)","0.7556","http://www.drugbank.ca/drugs/DB08672"
"306","6-[3-(4-Morpholinyl)Propyl]-2-(3-Nitrophenyl)-5-Thioxo-5,6,-Dihydro-7h-Thienol[2',3':4,5]Pyrrolo[1,2-C]Imidazol-7-One (DB03507)","0.7549","http://www.drugbank.ca/drugs/DB03507"
"307","(2S)-2-{3-[({[2-fluoro-4-(trifluoromethyl)phenyl]carbonyl}amino)methyl]-4-methoxybenzyl}butanoic acid (DB07070)","0.7548","http://www.drugbank.ca/drugs/DB07070"
"308","Delavirdine (DB00705)","0.7546","http://www.drugbank.ca/drugs/DB00705"
"309","4-(2-aminoethoxy)-N-(3-chloro-5-piperidin-1-ylphenyl)-3,5-dimethylbenzamide (DB08697)","0.7536","http://www.drugbank.ca/drugs/DB08697"
"310","(3R,4S)-1-(3,4-DIMETHOXYPHENYL)-3-(3-METHYLPHENYL)PIPERIDIN-4-AMINE (DB07851)","0.7533","http://www.drugbank.ca/drugs/DB07851"
"311","(3r)-4-(P-Toluenesulfonyl)-1,4-Thiazane-3-Carboxylicacid-L-Phenylalanine Ethyl Ester (DB01712)","0.7531","http://www.drugbank.ca/drugs/DB01712"
"312","Balanol Analog 1 (DB02611)","0.7526","http://www.drugbank.ca/drugs/DB02611"
"313","O6-(R)-ROSCOVITINE, R-2-(6-BENZYLOXY-9-ISOPROPYL-9H-PURIN-2-YLAMINO)-BUTAN-1-OL (DB04770)","0.7517","http://www.drugbank.ca/drugs/DB04770"
"314","[N-(3-DIBENZYLCARBAMOYL-OXIRANECARBONYL)-HYDRAZINO]-ACETIC ACID (DB08229)","0.7516","http://www.drugbank.ca/drugs/DB08229"
"315","Labetalol (DB00598)","0.7513","http://www.drugbank.ca/drugs/DB00598"
"316","N-{3-[(4-{[3-(TRIFLUOROMETHYL)PHENYL]AMINO}PYRIMIDIN-2-YL)AMINO]PHENYL}CYCLOPROPANECARBOXAMIDE (DB07545)","0.7495","http://www.drugbank.ca/drugs/DB07545"
"317","1-METHYL-5-(2-PHENOXYMETHYL-PYRROLIDINE-1-SULFONYL)-1H-INDOLE-2,3-DIONE (DB08213)","0.7493","http://www.drugbank.ca/drugs/DB08213"
"318","BIA (DB03336)","0.7490","http://www.drugbank.ca/drugs/DB03336"
"319","Bis-Benzamidine (DB02081)","0.7483","http://www.drugbank.ca/drugs/DB02081"
"320","(S)-blebbistatin (DB01944)","0.7483","http://www.drugbank.ca/drugs/DB01944"
"321","(3aS)-3a-hydroxy-7-methyl-1-phenyl-1,2,3,3a-tetrahydro-4H-pyrrolo[2,3-b]quinolin-4-one (DB07469)","0.7483","http://www.drugbank.ca/drugs/DB07469"
"322","4-(2-aminoethoxy)-N-(3-chloro-2-ethoxy-5-piperidin-1-ylphenyl)-3,5-dimethylbenzamide (DB07626)","0.7482","http://www.drugbank.ca/drugs/DB07626"
"323","(3aS)-3a-hydroxy-5-methyl-1-phenyl-1,2,3,3a-tetrahydro-4H-pyrrolo[2,3-b]quinolin-4-one (DB07468)","0.7477","http://www.drugbank.ca/drugs/DB07468"
"324","(N-{4-[(ETHYLANILINO)SULFONYL]-2-METHYLPHENYL}-3,3,3-TRIFLUORO-2-HYDROXY-2-METHYLPROPANAMIDE (DB08609)","0.7477","http://www.drugbank.ca/drugs/DB08609"
"325","3-{[(9-CYANO-9,10-DIHYDRO-10-METHYLACRIDIN-9-YL)CARBONYL]AMINO}PROPANOIC ACID (DB07441)","0.7475","http://www.drugbank.ca/drugs/DB07441"
"326","1-Menaphthyl Glutathione Conjugate (DB03885)","0.7474","http://www.drugbank.ca/drugs/DB03885"
"327","6-(3',5'-DIMETHYLBENZYL)-1-ETHOXYMETHYL-5-ISOPROPYLURACIL (DB07820)","0.7472","http://www.drugbank.ca/drugs/DB07820"
"328","5-(5-CHLORO-2-THIENYL)-N-{(3S)-1-[(1S)-1-METHYL-2-MORPHOLIN-4-YL-2-OXOETHYL]-2-OXOPYRROLIDIN-3-YL}-1H-1,2,4-TRIAZOLE-3-SULFONAMIDE (DB07804)","0.7463","http://www.drugbank.ca/drugs/DB07804"
"329","Isradipine (DB00270)","0.7462","http://www.drugbank.ca/drugs/DB00270"
"330","5-(5-(4-(4,5-DIHYDRO-2-OXAZOLY)PHENOXY)PENTYL)-3-METHYL ISOXAZOLE (DB08720)","0.7459","http://www.drugbank.ca/drugs/DB08720"
"331","1-[2-(S)-AMINO-3-BIPHENYL-4-YL-PROPIONYL]-PYRROLIDINE-2-(S)-CARBONITRILE (DB08024)","0.7452","http://www.drugbank.ca/drugs/DB08024"
"332","5-ETHYL-3-[(2-METHOXYETHYL)METHYLAMINO]-6-METHYL-4-(3-METHYLBENZYL)PYRIDIN-2(1H)-ONE (DB07018)","0.7452","http://www.drugbank.ca/drugs/DB07018"
"333","Enoxacin (DB00467)","0.7448","http://www.drugbank.ca/drugs/DB00467"
"334","N-(2-AMINOETHYL)-2-{3-CHLORO-4-[(4-ISOPROPYLBENZYL)OXY]PHENYL} ACETAMIDE (DB08610)","0.7447","http://www.drugbank.ca/drugs/DB08610"
"335","N-[[2-METHYL-4-HYDROXYCARBAMOYL]BUT-4-YL-N]-BENZYL-P-[PHENYL]-P-[METHYL]PHOSPHINAMID (DB08507)","0.7445","http://www.drugbank.ca/drugs/DB08507"
"336","O6-CYCLOHEXYLMETHOXY-2-(4'-SULPHAMOYLANILINO) PURINE (DB07126)","0.7435","http://www.drugbank.ca/drugs/DB07126"
"337","3-(6-CYCLOHEXYLMETHOXY-9H-PURIN-2-YLAMINO)-BENZENESULFONAMIDE (DB08248)","0.7435","http://www.drugbank.ca/drugs/DB08248"
"338","4-[(3-CHLORO-4-{[(2R)-3,3,3-TRIFLUORO-2-HYDROXY-2-METHYLPROPANOYL]AMINO}PHENYL)SULFONYL]-N,N-DIMETHYLBENZAMIDE (DB07403)","0.7425","http://www.drugbank.ca/drugs/DB07403"
"339","(2R,6S)-6-{[methyl(3,4,5-trimethoxyphenyl)amino]methyl}-1,2,5,6,7,8-hexahydroquinazoline-2,4-diamine (DB08642)","0.7425","http://www.drugbank.ca/drugs/DB08642"
"340","Piclamilast (DB01791)","0.7423","http://www.drugbank.ca/drugs/DB01791"
"341","Nebivolol (DB04861)","0.7422","http://www.drugbank.ca/drugs/DB04861"
"342","Roflumilast (DB01656)","0.7416","http://www.drugbank.ca/drugs/DB01656"
"343","(4R)-4-(3-HYDROXYPHENYL)-N,N,7,8-TETRAMETHYL-3,4-DIHYDROISOQUINOLINE-2(1H)-CARBOXAMIDE (DB07064)","0.7411","http://www.drugbank.ca/drugs/DB07064"
"344","Flurazepam (DB00690)","0.7409","http://www.drugbank.ca/drugs/DB00690"
"345","5-(5-(6-CHLORO-4-(4,5-DIHYDRO-2-OXAZOLYL)PHENOXY)PENTYL)-3-METHYL ISOXAZOLE (DB08719)","0.7409","http://www.drugbank.ca/drugs/DB08719"
"346","(2S,3S)-3-{3-[2-chloro-4-(methylsulfonyl)phenyl]-1,2,4-oxadiazol-5-yl}-1-cyclopentylidene-4-cyclopropyl-1-fluorobutan-2-amine (DB06994)","0.7408","http://www.drugbank.ca/drugs/DB06994"
"347","[(4R)-4-(3-HYDROXYPHENYL)-1,6-DIMETHYL-2-THIOXO-1,2,3,4-TETRAHYDROPYRIMIDIN-5-YL](PHENYL)METHANONE (DB08198)","0.7405","http://www.drugbank.ca/drugs/DB08198"
"348","Lomefloxacin (DB00978)","0.7403","http://www.drugbank.ca/drugs/DB00978"
"349","Thioproperazine (DB01622)","0.7400","http://www.drugbank.ca/drugs/DB01622"
"350","Phenylbutazone (DB00812)","0.7395","http://www.drugbank.ca/drugs/DB00812"
"351","(3R,4R)-1-{6-[3-(METHYLSULFONYL)PHENYL]PYRIMIDIN-4-YL}-4-(2,4,5-TRIFLUOROPHENYL)PIPERIDIN-3-AMINE (DB08164)","0.7387","http://www.drugbank.ca/drugs/DB08164"
"352","6-CHLORO-N-{(3S)-1-[(1S)-1-METHYL-2-(4-MORPHOLINYL)-2-OXO ETHYL]-2-OXO-3-PYRROLIDINYL}-2-NAPHTHALENESULFONAMIDE (DB07847)","0.7383","http://www.drugbank.ca/drugs/DB07847"
"353","(3R)-METHYLCARBAMOYL-7-SULFOAMINO-3,4-DIHYDRO-1H-ISOQUINOLINE-2-CARBOXYLIC ACID BENZYL ESTER (DB08549)","0.7379","http://www.drugbank.ca/drugs/DB08549"
"354","PHENYLALANYLAMINODI(ETHYLOXY)ETHYL BENZENESULFONAMIDEAMINOCARBONYLBENZENESULFONAMIDE (DB07710)","0.7378","http://www.drugbank.ca/drugs/DB07710"
"355","Oxyphenbutazone (DB03585)","0.7373","http://www.drugbank.ca/drugs/DB03585"
"356","Flibanserin (DB04908)","0.7372","http://www.drugbank.ca/drugs/DB04908"
"357","N-[2-({[amino(imino)methyl]amino}oxy)ethyl]-2-{6-chloro-3-[(2,2-difluoro-2-phenylethyl)amino]-2-fluorophenyl}acetamide (DB07946)","0.7372","http://www.drugbank.ca/drugs/DB07946"
"358","6-[1-(3,5,5,8,8-Pentamethyl-5,6,7,8-Tetrahydronaphthalen-2-Yl)Cyclopropyl]Pyridine-3-Carboxylic Acid (DB01941)","0.7371","http://www.drugbank.ca/drugs/DB01941"
"359","Tiotropium (DB01409)","0.7368","http://www.drugbank.ca/drugs/DB01409"
"360","Methantheline (DB00940)","0.7367","http://www.drugbank.ca/drugs/DB00940"
"361","(2S)-4-(2,5-DIFLUOROPHENYL)-N,N-DIMETHYL-2-PHENYL-2,5-DIHYDRO-1H-PYRROLE-1-CARBOXAMIDE (DB08246)","0.7365","http://www.drugbank.ca/drugs/DB08246"
"362","Levofloxacin (DB01137)","0.7364","http://www.drugbank.ca/drugs/DB01137"
"363","Ofloxacin (DB01165)","0.7364","http://www.drugbank.ca/drugs/DB01165"
"364","Dextrofloxacine (DB03034)","0.7364","http://www.drugbank.ca/drugs/DB03034"
"365","Ranolazine (DB00243)","0.7356","http://www.drugbank.ca/drugs/DB00243"
"366","(3AS,4R,9BR)-2,2-DIFLUORO-4-(4-HYDROXYPHENYL)-1,2,3,3A,4,9B-HEXAHYDROCYCLOPENTA[C]CHROMEN-8-OL (DB07638)","0.7352","http://www.drugbank.ca/drugs/DB07638"
"367","(2R,3R)-7-(methylsulfonyl)-3-(2,4,5-trifluorophenyl)-1,2,3,4-tetrahydropyrido[1,2-a]benzimidazol-2-amine (DB07193)","0.7347","http://www.drugbank.ca/drugs/DB07193"
"368","(3aS,4R,9bR)-2,2-difluoro-4-(4-hydroxyphenyl)-6-(methoxymethyl)-1,2,3,3a,4,9b-hexahydrocyclopenta[c]chromen-8-ol (DB07036)","0.7346","http://www.drugbank.ca/drugs/DB07036"
"369","+/-METHYL 4-(AMINOIMINOMETHYL)-BETA-[3- INH (AMINOIMINO)PHENYL]BENZENE PENTANOATE (DB07985)","0.7344","http://www.drugbank.ca/drugs/DB07985"
"370","(2S)-({(5Z)-5-[(5-ETHYL-2-FURYL)METHYLENE]-4-OXO-4,5-DIHYDRO-1,3-THIAZOL-2-YL}AMINO)(4-FLUOROPHENYL)ACETIC ACID (DB08706)","0.7342","http://www.drugbank.ca/drugs/DB08706"
"371","Citalopram (DB00215)","0.7334","http://www.drugbank.ca/drugs/DB00215"
"372","Escitalopram (DB01175)","0.7334","http://www.drugbank.ca/drugs/DB01175"
"373","6-(CYCLOHEXYLAMINO)-9-[2-(4-METHYLPIPERAZIN-1-YL)-ETHYL]-9H-PURINE-2-CARBONITRILE (DB07965)","0.7330","http://www.drugbank.ca/drugs/DB07965"
"374","5-[[(2R)-2-cyclopropyl-7,8-dimethoxy-chroman-5-yl]methyl]pyrimidine-2,4-diamine (DB07938)","0.7329","http://www.drugbank.ca/drugs/DB07938"
"375","Carphenazine (DB01038)","0.7329","http://www.drugbank.ca/drugs/DB01038"
"376","6-CARBAMIMIDOYL-2-[2-HYDROXY-5-(3-METHOXY-PHENYL)-INDAN-1-YL]-HEXANOIC ACID (DB06866)","0.7305","http://www.drugbank.ca/drugs/DB06866"
"377","6-CARBAMIMIDOYL-2-[2-HYDROXY-6-(4-HYDROXY-PHENYL)-INDAN-1-YL]-HEXANOIC ACID (DB06865)","0.7298","http://www.drugbank.ca/drugs/DB06865"
"378","(5Z)-5-[(5-ETHYL-2-FURYL)METHYLENE]-2-{[(S)-(4-FLUOROPHENYL)(1H-TETRAZOL-5-YL)METHYL]AMINO}-1,3-THIAZOL-4(5H)-ONE (DB08710)","0.7297","http://www.drugbank.ca/drugs/DB08710"
"379","Cetirizine (DB00341)","0.7290","http://www.drugbank.ca/drugs/DB00341"
"380","Diltiazem (DB00343)","0.7289","http://www.drugbank.ca/drugs/DB00343"
"381","GTS-21 (DB05708)","0.7283","http://www.drugbank.ca/drugs/DB05708"
"382","(6R)-2-amino-6-[2-(3'-methoxybiphenyl-3-yl)ethyl]-3,6-dimethyl-5,6-dihydropyrimidin-4(3H)-one (DB07519)","0.7283","http://www.drugbank.ca/drugs/DB07519"
"383","Hydroxyzine (DB00557)","0.7275","http://www.drugbank.ca/drugs/DB00557"
"384","5-[[(2R)-2-cyclopropyl-7,8-dimethoxy-2H-chromen-5-yl]methyl]pyrimidine-2,4-diamine (DB08741)","0.7268","http://www.drugbank.ca/drugs/DB08741"
"385","5-(5-(2,6-DICHLORO-4-(4,5-DIHYDRO-2-OXAZOLY)PHENOXY)PENTYL)-3-METHYL ISOXAZOLE (DB08723)","0.7263","http://www.drugbank.ca/drugs/DB08723"
"386","4-{[5-(CYCLOHEXYLMETHOXY)[1,2,4]TRIAZOLO[1,5-A]PYRIMIDIN-7-YL]AMINO}BENZENESULFONAMIDE (DB07685)","0.7258","http://www.drugbank.ca/drugs/DB07685"
"387","(S)-2-METHYL-1-[(4-METHYL-5-ISOQUINOLINE)SULFONYL]-HOMOPIPERAZINE (DB07876)","0.7243","http://www.drugbank.ca/drugs/DB07876"
"388","(2S)-2-(3-{[AMINO(IMINO)METHYL]AMINO}PHENYL)-3-[(S)-HYDROXY(3-PHENYLPROPYL)PHOSPHORYL]PROPANOIC ACID (DB07182)","0.7240","http://www.drugbank.ca/drugs/DB07182"
"389","1-Benzyl-3-(4-Methoxy-Benzenesulfonyl)-6-Oxo-Hexahydro-Pyrimidine-4-Carboxylic Acid Hydroxyamide (DB04140)","0.7239","http://www.drugbank.ca/drugs/DB04140"
"390","Formoterol (DB00983)","0.7229","http://www.drugbank.ca/drugs/DB00983"
"391","Arformoterol (DB01274)","0.7229","http://www.drugbank.ca/drugs/DB01274"
"392","2-[2-(4-CHLORO-PHENYLSULFANYL)-ACETYLAMINO]-3-(4-GUANIDINO-PHENYL)-PROPIONAMIDE (DB07105)","0.7222","http://www.drugbank.ca/drugs/DB07105"
"393","Pefloxacin (DB00487)","0.7221","http://www.drugbank.ca/drugs/DB00487"
"394","(2s,3r)-3-Amino-2-Hydroxy-5-(Ethylsulfanyl)Pentanoyl-((S)-(-)-(1-Naphthyl)Ethyl)Amide (DB04108)","0.7206","http://www.drugbank.ca/drugs/DB04108"
"395","6-methyl-5-[3-methyl-3-(3,4,5-trimethoxyphenyl)but-1-yn-1-yl]pyrimidine-2,4-diamine (DB07153)","0.7200","http://www.drugbank.ca/drugs/DB07153"
"396","Ketazolam (DB01587)","0.7194","http://www.drugbank.ca/drugs/DB01587"
"397","CI-1033 (DB05424)","0.7193","http://www.drugbank.ca/drugs/DB05424"
"398","(3R,4S)-1-{6-[3-(METHYLSULFONYL)PHENYL]PYRIMIDIN-4-YL}-4-(2,4,5-TRIFLUOROPHENYL)PYRROLIDIN-3-AMINE (DB07666)","0.7190","http://www.drugbank.ca/drugs/DB07666"
"399","Paroxetine (DB00715)","0.7185","http://www.drugbank.ca/drugs/DB00715"
"400","Cinolazepam (DB01594)","0.7181","http://www.drugbank.ca/drugs/DB01594"
"401","Nalpha-(2-Naphthylsulfonylglycyl)-3-Amidino-D,L-Phenylalanine-Isopropylester (DB01737)","0.7180","http://www.drugbank.ca/drugs/DB01737"
"402","Norfloxacin (DB01059)","0.7153","http://www.drugbank.ca/drugs/DB01059"
"403","8-(2,5-Dimethoxy-Benzyl)-2-Fluoro-9-Pent-9h-Purin-6-Ylamine (DB03137)","0.7142","http://www.drugbank.ca/drugs/DB03137"
"404","Prazosin (DB00457)","0.7141","http://www.drugbank.ca/drugs/DB00457"
"405","Afatinib (DB08916)","0.7137","http://www.drugbank.ca/drugs/DB08916"
"406","9-Butyl-8-(2,5-Dimethoxy-Benzyl)-2-Fluoro-9h-Purin-6-Ylamine (DB04054)","0.7137","http://www.drugbank.ca/drugs/DB04054"
"407","(3AALPHA,4ALPHA,7ALPHA,7AALPHA)- 3A,4,7,7A-TETRAHYDRO-2-(4-NITRO-1-NAPHTHALENYL)-4,7-ETHANO-1H-ISOINDOLE-1,3(2H)-DIONE (DB04709)","0.7129","http://www.drugbank.ca/drugs/DB04709"
"408","N-[2-(4-AMINO-5,8-DIFLUORO-1,2-DIHYDROQUINAZOLIN-2-YL)ETHYL]-3-FURAMIDE (DB07318)","0.7128","http://www.drugbank.ca/drugs/DB07318"
"409","1-(3-chloro-4-methylphenyl)-3-{2-[({5-[(dimethylamino)methyl]-2-furyl}methyl)thio]ethyl}urea (DB08027)","0.7106","http://www.drugbank.ca/drugs/DB08027"
"410","(2S)-3-[4-(acetylamino)phenoxy]-2-hydroxy-2-methyl-N-[4-nitro-3-(trifluoromethyl)phenyl]propanamide (DB07423)","0.7101","http://www.drugbank.ca/drugs/DB07423"
"411","N-(2,2,2-TRIFLUOROETHYL)-N-{4-[2,2,2-TRIFLUORO-1-HYDROXY-1-(TRIFLUOROMETHYL)ETHYL]PHENYL}BENZENESULFONAMIDE (DB07080)","0.7098","http://www.drugbank.ca/drugs/DB07080"
"412","Halazepam (DB00801)","0.7095","http://www.drugbank.ca/drugs/DB00801"
"413","1-(5-CHLORO-2-METHOXYPHENYL)-3-{6-[2-(DIMETHYLAMINO)-1-METHYLETHOXY]PYRAZIN-2-YL}UREA (DB07228)","0.7086","http://www.drugbank.ca/drugs/DB07228"
"414","(R)-(+) 5(9BH)-OXO-9B-PHENYL-2,3-DIHYDROTHIAZOLO[2,3-A]ISOINDOL-3-CARBOXYLIC ACID METHYL ESTER (DB07473)","0.7068","http://www.drugbank.ca/drugs/DB07473"
"415","5-(5-CHLORO-2,4-DIHYDROXYPHENYL)-N-ETHYL-4-PIPERAZIN-1-YL-1H-PYRAZOLE-3-CARBOXAMIDE (DB06958)","0.7051","http://www.drugbank.ca/drugs/DB06958"
"416","N-ethyl-4-{[5-(methoxycarbamoyl)-2-methylphenyl]amino}-5-methylpyrrolo[2,1-f][1,2,4]triazine-6-carboxamide (DB06940)","0.7050","http://www.drugbank.ca/drugs/DB06940"
"417","Talampanel (DB04982)","0.7039","http://www.drugbank.ca/drugs/DB04982"
"418","AG3340 (DB05100)","0.7036","http://www.drugbank.ca/drugs/DB05100"
"419","(2S)-3-(4-chloro-3-fluorophenoxy)-N-[4-cyano-3-(trifluoromethyl)phenyl]-2-hydroxy-2-methylpropanamide (DB07419)","0.7001","http://www.drugbank.ca/drugs/DB07419"
"420","4-[4-(4-CHLORO-PHENOXY)-BENZENESULFONYLMETHYL]-TETRAHYDRO-PYRAN-4-CARBOXYLIC ACID HYDROXYAMIDE (DB08490)","0.6996","http://www.drugbank.ca/drugs/DB08490"
"421","CP-271485 (DB02118)","0.6992","http://www.drugbank.ca/drugs/DB02118"
"422","5-(2-ETHOXYETHYL)-5-[4-(4-FLUOROPHENOXY)PHENOXY]PYRIMIDINE-2,4,6(1H,3H,5H)-TRIONE (DB08388)","0.6991","http://www.drugbank.ca/drugs/DB08388"
"423","SC45647 (DB04778)","0.6988","http://www.drugbank.ca/drugs/DB04778"
"424","Haloxazolam (DB01476)","0.6976","http://www.drugbank.ca/drugs/DB01476"
"425","4,4'[1,6-Hexanediylbis(Oxy)]Bisbenzenecarboximidamide (DB03808)","0.6972","http://www.drugbank.ca/drugs/DB03808"
"426","Quazepam (DB01589)","0.6968","http://www.drugbank.ca/drugs/DB01589"
"427","N-Hydroxy-1-(4-Methoxyphenyl)Sulfonyl-4-Benzyloxycarbonyl-Piperazine-2-Carboxamide (DB04232)","0.6964","http://www.drugbank.ca/drugs/DB04232"
"428","Bicalutamide (DB01128)","0.6949","http://www.drugbank.ca/drugs/DB01128"
"429","(2r)-N-[4-Cyano-3-(Trifluoromethyl)Phenyl]-3-[(4-Fluorophenyl)Sulfonyl]-2-Hydroxy-2-Methylpropanamide (DB02932)","0.6949","http://www.drugbank.ca/drugs/DB02932"
"430","S-{3-[(4-ANILINOQUINAZOLIN-6-YL)AMINO]-3-OXOPROPYL}-L-CYSTEINE (DB07602)","0.6948","http://www.drugbank.ca/drugs/DB07602"
"431","Ethyl loflazepate (DB01545)","0.6940","http://www.drugbank.ca/drugs/DB01545"
"432","(2R)-2-AMINO-3,3,3-TRIFLUORO-N-HYDROXY-2-{[(4-PHENOXYPHENYL)SULFONYL]METHYL}PROPANAMIDE (DB07246)","0.6932","http://www.drugbank.ca/drugs/DB07246"
"433","N-[(2R,3S)-3-AMINO-2-HYDROXY-4-PHENYLBUTYL]-4-METHOXY-2,3,6-TRIMETHYLBENZENESULFONAMIDE (DB07527)","0.6924","http://www.drugbank.ca/drugs/DB07527"
"434","Linezolid (DB00601)","0.6918","http://www.drugbank.ca/drugs/DB00601"
"435","(1R)-2-{[AMINO(IMINO)METHYL]AMINO}-1-{4-[(4R)-4-(HYDROXYMETHYL)-1,3,2-DIOXABOROLAN-2-YL]PHENYL}ETHYL NICOTINATE (DB07023)","0.6917","http://www.drugbank.ca/drugs/DB07023"
"436","(2R)-1-(DIMETHYLAMINO)-3-{4-[(6-{[2-FLUORO-5-(TRIFLUOROMETHYL)PHENYL]AMINO}PYRIMIDIN-4-YL)AMINO]PHENOXY}PROPAN-2-OL (DB07054)","0.6912","http://www.drugbank.ca/drugs/DB07054"
"437","5-bromo-N-(3-chloro-2-(4-(prop-2-ynyl)piperazin-1-yl)phenyl)furan-2-carboxamide (DB08021)","0.6899","http://www.drugbank.ca/drugs/DB08021"
"438","(6S)-2-amino-6-(3'-methoxybiphenyl-3-yl)-3,6-dimethyl-5,6-dihydropyrimidin-4(3H)-one (DB07874)","0.6894","http://www.drugbank.ca/drugs/DB07874"
"439","N-(1-Adamantyl)-N'-(4-Guanidinobenzyl)Urea (DB03782)","0.6887","http://www.drugbank.ca/drugs/DB03782"
"440","N-hydroxy-4-({4-[4-(trifluoromethyl)phenoxy]phenyl}sulfonyl)tetrahydro-2H-pyran-4-carboxamide (DB06945)","0.6882","http://www.drugbank.ca/drugs/DB06945"
"441","(2R)-({4-[AMINO(IMINO)METHYL]PHENYL}AMINO){5-ETHOXY-2-FLUORO-3-[(3R)-TETRAHYDROFURAN-3-YLOXY]PHENYL}ACETICACID (DB04590)","0.6878","http://www.drugbank.ca/drugs/DB04590"
"442","Eszopiclone (DB00402)","0.6875","http://www.drugbank.ca/drugs/DB00402"
"443","Zopiclone (DB01198)","0.6875","http://www.drugbank.ca/drugs/DB01198"
"444","N-[4-({[5-(DIMETHYLAMINO)-1-NAPHTHYL]SULFONYL}AMINO)BUTYL]-3-SULFANYLPROPANAMIDE (DB07526)","0.6869","http://www.drugbank.ca/drugs/DB07526"
"445","Camazepam (DB01489)","0.6868","http://www.drugbank.ca/drugs/DB01489"
"446","S-3-(4-FLUOROPHENOXY)-2-HYDROXY-2-METHYL-N-[4-NITRO-3-(TRIFLUOROMETHYL)PHENYL]PROPANAMIDE (DB07769)","0.6848","http://www.drugbank.ca/drugs/DB07769"
"447","4-{[(1R,2S)-1,2-dihydroxy-2-methyl-3-(4-nitrophenoxy)propyl]amino}-2-(trifluoromethyl)benzonitrile (DB07421)","0.6831","http://www.drugbank.ca/drugs/DB07421"
"448","3-({4-[(1E)-3-morpholin-4-yl-3-oxoprop-1-en-1-yl]-2,3-bis(trifluoromethyl)phenyl}sulfanyl)aniline (DB07486)","0.6822","http://www.drugbank.ca/drugs/DB07486"
"449","(1S,4S,5S)-1,4,5-TRIHYDROXY-3-[3-(PHENYLTHIO)PHENYL]CYCLOHEX-2-ENE-1-CARBOXYLIC ACID (DB08485)","0.6819","http://www.drugbank.ca/drugs/DB08485"
"450","(1S,5S,7R)-N~7~-(BIPHENYL-4-YLMETHYL)-N~3~-HYDROXY-6,8-DIOXA-3-AZABICYCLO[3.2.1]OCTANE-3,7-DICARBOXAMIDE (DB07026)","0.6809","http://www.drugbank.ca/drugs/DB07026"
"451","9-Butyl-8-(3,4,5-Trimethoxybenzyl)-9h-Purin-6-Amine (DB02754)","0.6799","http://www.drugbank.ca/drugs/DB02754"
"452","Dansyllysine (DB04676)","0.6790","http://www.drugbank.ca/drugs/DB04676"
"453","8-(2-Chloro-3,4,5-Trimethoxy-Benzyl)-2-Fluoro-9-Pent-4-Ylnyl-9h-Purin-6-Ylamine (DB02550)","0.6781","http://www.drugbank.ca/drugs/DB02550"
"454","2-({[3,5-DIFLUORO-3'-(TRIFLUOROMETHOXY)BIPHENYL-4-YL]AMINO}CARBONYL)CYCLOPENT-1-ENE-1-CARBOXYLIC ACID (DB07975)","0.6774","http://www.drugbank.ca/drugs/DB07975"
"455","2-[3-(5-MERCAPTO-[1,3,4]THIADIAZOL-2YL)-UREIDO]-N-METHYL-3-PENTAFLUOROPHENYL-PROPIONAMIDE (DB07988)","0.6762","http://www.drugbank.ca/drugs/DB07988"
"456","9-Butyl-8-(2-Chloro-3,4,5-Trimethoxy-Benzyl)-9h-Purin-6-Ylamine (DB03504)","0.6761","http://www.drugbank.ca/drugs/DB03504"
"457","Methotrimeprazine (DB01403)","0.6751","http://www.drugbank.ca/drugs/DB01403"
"458","Pentamidine (DB00738)","0.6751","http://www.drugbank.ca/drugs/DB00738"
"459","N-HYDROXY-2-[4-(4-PHENOXY-BENZENESULFONYL)-TETRAHYDRO-PYRAN-4-YL]-ACETAMIDE (DB08491)","0.6738","http://www.drugbank.ca/drugs/DB08491"
"460","N-(4-AMINO-5-CYANO-6-ETHOXYPYRIDIN-2-YL)-2-(4-BROMO-2,5-DIMETHOXYPHENYL)ACETAMIDE (DB07272)","0.6731","http://www.drugbank.ca/drugs/DB07272"
"461","(5S)-3-ANILINO-5-(2,4-DIFLUOROPHENYL)-5-METHYL-1,3-OXAZOLIDINE-2,4-DIONE (DB07763)","0.6727","http://www.drugbank.ca/drugs/DB07763"
"462","2-{4-[4-(4-Chloro-Phenoxy)-Benzenesulfonyl]-Tetrahydro-Pyran-4-Yl}-N-Hydroxy-Acetamide (DB02049)","0.6717","http://www.drugbank.ca/drugs/DB02049"
"463","Elesclomol (DB05719)","0.6674","http://www.drugbank.ca/drugs/DB05719"
"464","1-[3-({[(4-AMINO-5-FLUORO-2-METHYLQUINOLIN-3-YL)METHYL]THIO}METHYL)PHENYL]-2,2,2-TRIFLUOROETHANE-1,1-DIOL (DB07756)","0.6652","http://www.drugbank.ca/drugs/DB07756"
"465","Sorafenib (DB00398)","0.6595","http://www.drugbank.ca/drugs/DB00398"
"466","Regorafenib (DB08896)","0.6592","http://www.drugbank.ca/drugs/DB08896"
"467","5-[(2-methyl-5-{[3-(trifluoromethyl)phenyl]carbamoyl}phenyl)amino]pyridine-3-carboxamide (DB07970)","0.6587","http://www.drugbank.ca/drugs/DB07970"
"468","(2S)-1-[4-({6-[(2,6-DIFLUOROPHENYL)AMINO]PYRIMIDIN-4-YL}AMINO)PHENOXY]-3-(DIMETHYLAMINO)PROPAN-2-OL (DB07751)","0.6584","http://www.drugbank.ca/drugs/DB07751"
"469","(2R)-1-[4-({6-[(2,6-DIFLUOROPHENYL)AMINO]PYRIMIDIN-4-YL}AMINO)PHENOXY]-3-(DIMETHYLAMINO)PROPAN-2-OL (DB07761)","0.6584","http://www.drugbank.ca/drugs/DB07761"
"470","[(4-{4-[4-(Difluoro-Phosphono-Methyl)-Phenyl]-Butyl}-Phenyl)-Difluoro-Methyl]-Phosphonic Acid (DB04204)","0.6573","http://www.drugbank.ca/drugs/DB04204"
"471","Tofisopam (DB08811)","0.6571","http://www.drugbank.ca/drugs/DB08811"
"472","Tamsulosin (DB00706)","0.6561","http://www.drugbank.ca/drugs/DB00706"
"473","5'-{[4-(aminooxy)butyl](methyl)amino}-5'-deoxy-8-ethenyladenosine (DB08163)","0.6552","http://www.drugbank.ca/drugs/DB08163"
"474","(1R)-N,6-DIHYDROXY-7-METHOXY-2-[(4-METHOXYPHENYL)SULFONYL]-1,2,3,4-TETRAHYDROISOQUINOLINE-1-CARBOXAMIDE (DB08170)","0.6535","http://www.drugbank.ca/drugs/DB08170"
"475","Reboxetine (DB00234)","0.6529","http://www.drugbank.ca/drugs/DB00234"
"476","3-Benzylaminocarbonylphenyl-Alpha-D-Galactoside (DB03446)","0.6520","http://www.drugbank.ca/drugs/DB03446"
"477","Dofetilide (DB00204)","0.6511","http://www.drugbank.ca/drugs/DB00204"
"478","S-Adenosyl-1,8-Diamino-3-Thiooctane (DB02844)","0.6459","http://www.drugbank.ca/drugs/DB02844"
"479","N(4)-adenosyl-N(4)-methyl-2,4-diaminobutanoic acid (DB03458)","0.6454","http://www.drugbank.ca/drugs/DB03458"
"480","PA824 (DB05154)","0.6417","http://www.drugbank.ca/drugs/DB05154"
"481","Itopride (DB04924)","0.6386","http://www.drugbank.ca/drugs/DB04924"
"482","4-(2-aminoethoxy)-N-(2,5-diethoxyphenyl)-3,5-dimethylbenzamide (DB07625)","0.6341","http://www.drugbank.ca/drugs/DB07625"
"483","(2S)-2-hydroxy-2-methyl-N-[4-nitro-3-(trifluoromethyl)phenyl]-3-(pentafluorophenoxy)propanamide (DB07422)","0.6305","http://www.drugbank.ca/drugs/DB07422"
"484","Adenosyl-Ornithine (DB01910)","0.6300","http://www.drugbank.ca/drugs/DB01910"
"485","Tolrestat (DB02383)","0.6294","http://www.drugbank.ca/drugs/DB02383"
"486","Binodenoson (DB04853)","0.6252","http://www.drugbank.ca/drugs/DB04853"
"487","Bendroflumethiazide (DB00436)","0.6214","http://www.drugbank.ca/drugs/DB00436"
"488","2,5-bis-o-{3-[amino(imino)methyl]phenyl}-1,4:3,6-dianhydro-d-glucitol (DB04790)","0.6193","http://www.drugbank.ca/drugs/DB04790"
"489","2-O-(4'-AMIDINOPHENYL)-5-O-(3''-AMIDINOPHENYL)-1,4:3,6-DIANHYDRO-D-SORBITOL (DB04791)","0.6193","http://www.drugbank.ca/drugs/DB04791"
"490","2,5-O,O-BIS-{4',4''-AMIDINOPHENYL}-1,4:3,6-DIANHYDRO-D-SORBITOL (DB04792)","0.6193","http://www.drugbank.ca/drugs/DB04792"
"491","2-O-(3'-AMIDINOPHENYL)-5-O-(4''-AMIDINOPHENYL}-1,4:3,6-DIANHYDRO-D-SORBITOL (DB04793)","0.6193","http://www.drugbank.ca/drugs/DB04793"
"492","Trimethobenzamide (DB00662)","0.6133","http://www.drugbank.ca/drugs/DB00662"
"493","N-{[(2R)-2,3-dihydroxypropyl]oxy}-3,4-difluoro-2-[(2-fluoro-4-iodophenyl)amino]benzamide (DB07101)","0.6044","http://www.drugbank.ca/drugs/DB07101"
"494","5-Bromo-N-(2,3-Dihydroxypropoxy)-3,4-Difluoro-2-[(2-Fluoro-4-Iodophenyl)Amino]Benzamide (DB03115)","0.6019","http://www.drugbank.ca/drugs/DB03115"
"495","2-[(4-ETHYNYL-2-FLUOROPHENYL)AMINO]-3,4-DIFLUORO-N-(2-HYDROXYETHOXY)BENZAMIDE (DB08208)","0.6018","http://www.drugbank.ca/drugs/DB08208"
"496","ZK-805623 (DB04432)","0.5957","http://www.drugbank.ca/drugs/DB04432"
"497","S-Adenosyl-L-Homocysteine (DB01752)","0.5867","http://www.drugbank.ca/drugs/DB01752"
"498","S-Adenosylmethionine (DB00118)","0.5790","http://www.drugbank.ca/drugs/DB00118"
"499","KW-3902 (DB05360)","0.5771","http://www.drugbank.ca/drugs/DB05360"
"500","MN-305 (DB05339)","0.5682","http://www.drugbank.ca/drugs/DB05339"
