"","DrugBank Compound (Name, ID)","Similarity to ","Link"
"1","Gefitinib (DB00317)","1.0000","http://www.drugbank.ca/drugs/DB00317"
"2","CI-1033 (DB05424)","0.9857","http://www.drugbank.ca/drugs/DB05424"
"3","Afatinib (DB08916)","0.9764","http://www.drugbank.ca/drugs/DB08916"
"4","Bosutinib (DB06616)","0.9754","http://www.drugbank.ca/drugs/DB06616"
"5","N-(5-chloro-1,3-benzodioxol-4-yl)-6-methoxy-7-(3-piperidin-1-ylpropoxy)quinazolin-4-amine (DB07249)","0.9700","http://www.drugbank.ca/drugs/DB07249"
"6","Vandetanib (DB05294)","0.9685","http://www.drugbank.ca/drugs/DB05294"
"7","(2S)-6-(2,4-DIAMINO-6-ETHYLPYRIMIDIN-5-YL)-2-(3,5-DIFLUOROPHENYL)-4-(3-METHOXYPROPYL)-2H-1,4-BENZOXAZIN-3(4H)-ONE (DB07113)","0.9655","http://www.drugbank.ca/drugs/DB07113"
"8","2,4-Diamino-6-[N-(2',5'-Dimethoxybenzyl)-N-Methylamino]Quinazoline (DB02427)","0.9641","http://www.drugbank.ca/drugs/DB02427"
"9","Doxazosin (DB00590)","0.9621","http://www.drugbank.ca/drugs/DB00590"
"10","Erlotinib (DB00530)","0.9617","http://www.drugbank.ca/drugs/DB00530"
"11","N'-(5-CHLORO-1,3-BENZODIOXOL-4-YL)-N-(3-MORPHOLIN-4-YLPHENYL)PYRIMIDINE-2,4-DIAMINE (DB07255)","0.9603","http://www.drugbank.ca/drugs/DB07255"
"12","(2R)-1-[4-({4-[(2,5-DICHLOROPHENYL)AMINO]PYRIMIDIN-2-YL}AMINO)PHENOXY]-3-(DIMETHYLAMINO)PROPAN-2-OL (DB07750)","0.9602","http://www.drugbank.ca/drugs/DB07750"
"13","(2S)-1-[4-({4-[(2,5-DICHLOROPHENYL)AMINO]PYRIMIDIN-2-YL}AMINO)PHENOXY]-3-(DIMETHYLAMINO)PROPAN-2-OL (DB07755)","0.9602","http://www.drugbank.ca/drugs/DB07755"
"14","Quinacrine (DB01103)","0.9589","http://www.drugbank.ca/drugs/DB01103"
"15","6,7-DIMETHOXY-4-[(3R)-3-(2-NAPHTHYLOXY)PYRROLIDIN-1-YL]QUINAZOLINE (DB08389)","0.9587","http://www.drugbank.ca/drugs/DB08389"
"16","4-BROMO-2-FLUORO-N-[(4E)-6-METHOXY-7-[(1-METHYLPIPERIDIN-4-YL)METHOXY]QUINAZOLIN-4(1H)-YLIDENE]ANILINE (DB08764)","0.9582","http://www.drugbank.ca/drugs/DB08764"
"17","(2S)-1-[4-({6-[(2,6-DIFLUOROPHENYL)AMINO]PYRIMIDIN-4-YL}AMINO)PHENOXY]-3-(DIMETHYLAMINO)PROPAN-2-OL (DB07751)","0.9580","http://www.drugbank.ca/drugs/DB07751"
"18","(2R)-1-[4-({6-[(2,6-DIFLUOROPHENYL)AMINO]PYRIMIDIN-4-YL}AMINO)PHENOXY]-3-(DIMETHYLAMINO)PROPAN-2-OL (DB07761)","0.9580","http://www.drugbank.ca/drugs/DB07761"
"19","(2S)-1-{4-[(4-ANILINO-5-BROMOPYRIMIDIN-2-YL)AMINO]PHENOXY}-3-(DIMETHYLAMINO)PROPAN-2-OL (DB07501)","0.9575","http://www.drugbank.ca/drugs/DB07501"
"20","(2R)-1-{4-[(4-ANILINO-5-BROMOPYRIMIDIN-2-YL)AMINO]PHENOXY}-3-(DIMETHYLAMINO)PROPAN-2-OL (DB07504)","0.9575","http://www.drugbank.ca/drugs/DB07504"
"21","3-FLUORO-N-1H-INDOL-5-YL-5-MORPHOLIN-4-YLBENZAMIDE (DB08092)","0.9561","http://www.drugbank.ca/drugs/DB08092"
"22","6,7-DIMETHOXY-4-[(3R)-3-(QUINOXALIN-2-YLOXY)PYRROLIDIN-1-YL]QUINAZOLINE (DB08391)","0.9547","http://www.drugbank.ca/drugs/DB08391"
"23","Amodiaquine (DB00613)","0.9544","http://www.drugbank.ca/drugs/DB00613"
"24","3-FLUORO-5-MORPHOLIN-4-YL-N-[1-(2-PYRIDIN-4-YLETHYL)-1H-INDOL-6-YL]BENZAMIDE (DB08730)","0.9532","http://www.drugbank.ca/drugs/DB08730"
"25","4-chloro-6-{5-[(2-morpholin-4-ylethyl)amino]-1,2-benzisoxazol-3-yl}benzene-1,3-diol (DB07601)","0.9517","http://www.drugbank.ca/drugs/DB07601"
"26","(3S)-1-(1,3-BENZODIOXOL-5-YLMETHYL)-3-[4-(1H-IMIDAZOL-1-YL)PHENOXY]PIPERIDINE (DB07011)","0.9510","http://www.drugbank.ca/drugs/DB07011"
"27","5-{[1-(2-fluorobenzyl)piperidin-4-yl]methoxy}quinazoline-2,4-diamine (DB07642)","0.9502","http://www.drugbank.ca/drugs/DB07642"
"28","Etonitazene (DB01462)","0.9501","http://www.drugbank.ca/drugs/DB01462"
"29","5-[4-(DIMETHYLAMINO)PHENYL]-6-[(6-MORPHOLIN-4-YLPYRIDIN-3-YL)ETHYNYL]PYRIMIDIN-4-AMINE (DB07280)","0.9496","http://www.drugbank.ca/drugs/DB07280"
"30","Trimetrexate (DB01157)","0.9488","http://www.drugbank.ca/drugs/DB01157"
"31","(2S)-2-ETHOXY-3-{4-[2-(10H-PHENOXAZIN-10-YL)ETHOXY]PHENYL}PROPANOIC ACID (DB07675)","0.9481","http://www.drugbank.ca/drugs/DB07675"
"32","5-{[1-(2,3-dichlorobenzyl)piperidin-4-yl]methoxy}quinazoline-2,4-diamine (DB07643)","0.9473","http://www.drugbank.ca/drugs/DB07643"
"33","Merimepodib (DB04862)","0.9468","http://www.drugbank.ca/drugs/DB04862"
"34","2-({5-CHLORO-2-[(2-METHOXY-4-MORPHOLIN-4-YLPHENYL)AMINO]PYRIMIDIN-4-YL}AMINO)-N-METHYLBENZAMIDE (DB07460)","0.9467","http://www.drugbank.ca/drugs/DB07460"
"35","(2R,4R)-N~1~-(4-CHLOROPHENYL)-N~2~-[2-FLUORO-4-(2-OXOPYRIDIN-1(2H)-YL)PHENYL]-4-METHOXYPYRROLIDINE-1,2-DICARBOXAMIDE (DB06920)","0.9465","http://www.drugbank.ca/drugs/DB06920"
"36","AZD2563 (DB04850)","0.9464","http://www.drugbank.ca/drugs/DB04850"
"37","N~4~-methyl-N~4~-(3-methyl-1H-indazol-6-yl)-N~2~-(3,4,5-trimethoxyphenyl)pyrimidine-2,4-diamine (DB08042)","0.9464","http://www.drugbank.ca/drugs/DB08042"
"38","3-({4-[(5-CHLORO-1,3-BENZODIOXOL-4-YL)AMINO]PYRIMIDIN-2-YL}AMINO)BENZAMIDE (DB07256)","0.9459","http://www.drugbank.ca/drugs/DB07256"
"39","3-FLUORO-5-MORPHOLIN-4-YL-N-[3-(2-PYRIDIN-4-YLETHYL)-1H-INDOL-5-YL]BENZAMIDE (DB08091)","0.9455","http://www.drugbank.ca/drugs/DB08091"
"40","Bopindolol (DB08807)","0.9454","http://www.drugbank.ca/drugs/DB08807"
"41","6-(2,4-DIAMINO-6-ETHYLPYRIMIDIN-5-YL)-4-(3-METHOXYPROPYL)-2,2-DIMETHYL-2H-1,4-BENZOXAZIN-3(4H)-ONE (DB07174)","0.9451","http://www.drugbank.ca/drugs/DB07174"
"42","4-[4-(1-Amino-1-Methylethyl)Phenyl]-5-Chloro-N-[4-(2-Morpholin-4-Ylethyl)Phenyl]Pyrimidin-2-Amine (DB02491)","0.9448","http://www.drugbank.ca/drugs/DB02491"
"43","Astemizole (DB00637)","0.9448","http://www.drugbank.ca/drugs/DB00637"
"44","3-(2-CHLOROPHENYL)-1-(2-{[(1S)-2-HYDROXY-1,2-DIMETHYLPROPYL]AMINO}PYRIMIDIN-4-YL)-1-(4-METHOXYPHENYL)UREA (DB08095)","0.9435","http://www.drugbank.ca/drugs/DB08095"
"45","1-Acetyl-4-(4-{4-[(2-Ethoxyphenyl)Thio]-3-Nitrophenyl}Pyridin-2-Yl)Piperazine (DB02177)","0.9429","http://www.drugbank.ca/drugs/DB02177"
"46","CP-526423 (DB02089)","0.9428","http://www.drugbank.ca/drugs/DB02089"
"47","N-({4-[(2-aminopyridin-4-yl)oxy]-3-fluorophenyl}carbamoyl)-2-(4-fluorophenyl)acetamide (DB06995)","0.9424","http://www.drugbank.ca/drugs/DB06995"
"48","N-{(1s)-4-[Bis(2-Chloroethyl)Amino]-1-Methylbutyl}-N-(6-Chloro-2-Methoxy-9-Acridinyl)Amine (DB02240)","0.9396","http://www.drugbank.ca/drugs/DB02240"
"49","(2R)-1-(DIMETHYLAMINO)-3-{4-[(6-{[2-FLUORO-5-(TRIFLUOROMETHYL)PHENYL]AMINO}PYRIMIDIN-4-YL)AMINO]PHENOXY}PROPAN-2-OL (DB07054)","0.9394","http://www.drugbank.ca/drugs/DB07054"
"50","N-{2-[6-(2,4-DIAMINO-6-ETHYLPYRIMIDIN-5-YL)-2,2-DIMETHYL-3-OXO-2,3-DIHYDRO-4H-1,4-BENZOXAZIN-4-YL]ETHYL}ACETAMIDE (DB07059)","0.9392","http://www.drugbank.ca/drugs/DB07059"
"51","S-{3-[(4-ANILINOQUINAZOLIN-6-YL)AMINO]-3-OXOPROPYL}-L-CYSTEINE (DB07602)","0.9384","http://www.drugbank.ca/drugs/DB07602"
"52","Cisapride (DB00604)","0.9380","http://www.drugbank.ca/drugs/DB00604"
"53","2,4-Diamino-6-[N-(3',4',5'-Trimethoxybenzyl)-N-Methylamino]Pyrido[2,3-D]Pyrimidine (DB02919)","0.9376","http://www.drugbank.ca/drugs/DB02919"
"54","Quetiapine (DB01224)","0.9376","http://www.drugbank.ca/drugs/DB01224"
"55","Bepridil (DB01244)","0.9372","http://www.drugbank.ca/drugs/DB01244"
"56","Ziprasidone (DB00246)","0.9352","http://www.drugbank.ca/drugs/DB00246"
"57","Diltiazem (DB00343)","0.9352","http://www.drugbank.ca/drugs/DB00343"
"58","3-[(1R)-1-(2,6-dichloro-3-fluorophenyl)ethoxy]-5-(1-piperidin-4-yl-1H-pyrazol-4-yl)pyridin-2-amine (DB08700)","0.9346","http://www.drugbank.ca/drugs/DB08700"
"59","Moricizine (DB00680)","0.9336","http://www.drugbank.ca/drugs/DB00680"
"60","4-CHLORO-6-(4-{4-[4-(METHYLSULFONYL)BENZYL]PIPERAZIN-1-YL}-1H-PYRAZOL-5-YL)BENZENE-1,3-DIOL (DB06957)","0.9322","http://www.drugbank.ca/drugs/DB06957"
"61","2,4-Diamino-5-Methyl-6-[(3,4,5-Trimethoxy-N-Methylanilino)Methyl]Pyrido[2,3-D]Pyrimidine (DB02104)","0.9322","http://www.drugbank.ca/drugs/DB02104"
"62","5-(5-chloro-2,4-dihydroxyphenyl)-N-ethyl-4-[4-(morpholin-4-ylmethyl)phenyl]isoxazole-3-carboxamide (DB06961)","0.9315","http://www.drugbank.ca/drugs/DB06961"
"63","Clonitazene (DB01523)","0.9315","http://www.drugbank.ca/drugs/DB01523"
"64","(2e)-N-Allyl-4-{[3-(4-Bromophenyl)-5-Fluoro-1-Methyl-1h-Indazol-6-Yl]Oxy}-N-Methyl-2-Buten-1-Amine (DB02139)","0.9313","http://www.drugbank.ca/drugs/DB02139"
"65","N-cyclopropyl-4-methyl-3-{2-[(2-morpholin-4-ylethyl)amino]quinazolin-6-yl}benzamide (DB08351)","0.9311","http://www.drugbank.ca/drugs/DB08351"
"66","CRA_10972 (DB02989)","0.9309","http://www.drugbank.ca/drugs/DB02989"
"67","CRA_10950 (DB03494)","0.9309","http://www.drugbank.ca/drugs/DB03494"
"68","6-FLUORO-2-(2-HYDROXY-3-ISOBUTOXY-PHENYL)-1H-BENZOIMIDAZOLE-5-CARBOXAMIDINE (DB06855)","0.9309","http://www.drugbank.ca/drugs/DB06855"
"69","6-ETHYL-5-[(2S)-1-(3-METHOXYPROPYL)-2-PHENYL-1,2,3,4-TETRAHYDROQUINOLIN-7-YL]PYRIMIDINE-2,4-DIAMINE (DB08099)","0.9308","http://www.drugbank.ca/drugs/DB08099"
"70","Allyl-{6-[3-(4-Bromo-Phenyl)-1-Methyl-1h-Indazol-6-Yl]Oxy}Hexyl)-N-Methylamine (DB03888)","0.9298","http://www.drugbank.ca/drugs/DB03888"
"71","Drotaverine (DB06751)","0.9298","http://www.drugbank.ca/drugs/DB06751"
"72","Ketoconazole (DB01026)","0.9296","http://www.drugbank.ca/drugs/DB01026"
"73","Temafloxacin (DB01405)","0.9294","http://www.drugbank.ca/drugs/DB01405"
"74","Clozapine (DB00363)","0.9289","http://www.drugbank.ca/drugs/DB00363"
"75","10-Propargyl-5,8-Dideazafolic Acid (DB03541)","0.9275","http://www.drugbank.ca/drugs/DB03541"
"76","Regorafenib (DB08896)","0.9271","http://www.drugbank.ca/drugs/DB08896"
"77","Sorafenib (DB00398)","0.9267","http://www.drugbank.ca/drugs/DB00398"
"78","(3R,4S)-1-[6-(6-METHOXYPYRIDIN-3-YL)PYRIMIDIN-4-YL]-4-(2,4,5-TRIFLUOROPHENYL)PYRROLIDIN-3-AMINE (DB08445)","0.9262","http://www.drugbank.ca/drugs/DB08445"
"79","N-(6-{[3-(4-Bromophenyl)-1,2-Benzisothiazol-6-Yl]Oxy}Hexyl)-N-Methylprop-2-En-1-Amine (DB02544)","0.9257","http://www.drugbank.ca/drugs/DB02544"
"80","N-(1-ISOPROPYLPIPERIDIN-4-YL)-1-(3-METHOXYBENZYL)-1H-INDOLE-2-CARBOXAMIDE (DB07973)","0.9257","http://www.drugbank.ca/drugs/DB07973"
"81","Prazosin (DB00457)","0.9255","http://www.drugbank.ca/drugs/DB00457"
"82","4-{2-[4-(2-Aminoethyl)Piperazin-1-Yl]Pyridin-4-Yl}-N-(3-Chloro-4-Methylphenyl)Pyrimidin-2-Amine (DB03916)","0.9254","http://www.drugbank.ca/drugs/DB03916"
"83","Compound 4-D (DB03742)","0.9252","http://www.drugbank.ca/drugs/DB03742"
"84","2-[1-(4-CHLOROBENZOYL)-5-METHOXY-2-METHYL-1H-INDOL-3-YL]-N-[(1R)-1-(HYDROXYMETHYL)PROPYL]ACETAMIDE (DB07981)","0.9251","http://www.drugbank.ca/drugs/DB07981"
"85","2-[1-(4-CHLOROBENZOYL)-5-METHOXY-2-METHYL-1H-INDOL-3-YL]-N-[(1S)-1-(HYDROXYMETHYL)PROPYL]ACETAMIDE (DB07984)","0.9251","http://www.drugbank.ca/drugs/DB07984"
"86","Cinchocaine (DB00527)","0.9251","http://www.drugbank.ca/drugs/DB00527"
"87","4-(2-HYDROXYBENZYLAMINO)-N-(3-(4-FLUOROPHENOXY)PHENYL)PIPERIDINE-1-SULFONAMIDE (DB04632)","0.9249","http://www.drugbank.ca/drugs/DB04632"
"88","Sitamaquine (DB04909)","0.9246","http://www.drugbank.ca/drugs/DB04909"
"89","3-[3-(4-methylpiperazin-1-yl)-7-(trifluoromethyl)quinoxalin-5-yl]phenol (DB07969)","0.9234","http://www.drugbank.ca/drugs/DB07969"
"90","2-Hydroxy-5-({1-[(2-Naphthyloxy)Methyl]-3-Oxoprop-1-Enyl}Amino)Tyrosine (DB02511)","0.9233","http://www.drugbank.ca/drugs/DB02511"
"91","Loxapine (DB00408)","0.9219","http://www.drugbank.ca/drugs/DB00408"
"92","FAMOXADONE (DB07778)","0.9212","http://www.drugbank.ca/drugs/DB07778"
"93","2-Phenyl-1-[4-(2-Piperidin-1-Yl-Ethoxy)-Phenyl]-1,2,3,4-Tetrahydro-Isoquinolin-6-Ol (DB04471)","0.9207","http://www.drugbank.ca/drugs/DB04471"
"94","(4R,2S)-5'-(4-(4-CHLOROBENZYLOXY)PYRROLIDIN-2-YLMETHANESULFONYL)ISOQUINOLINE (DB07583)","0.9204","http://www.drugbank.ca/drugs/DB07583"
"95","Nefazodone (DB01149)","0.9203","http://www.drugbank.ca/drugs/DB01149"
"96","Tadalafil (DB00820)","0.9203","http://www.drugbank.ca/drugs/DB00820"
"97","Vilazodone (DB06684)","0.9200","http://www.drugbank.ca/drugs/DB06684"
"98","[5-AMINO-1-(4-FLUOROPHENYL)-1H-PYRAZOL-4-YL][3-(PIPERIDIN-4-YLOXY)PHENYL]METHANONE (DB08423)","0.9195","http://www.drugbank.ca/drugs/DB08423"
"99","(2R)-({4-[AMINO(IMINO)METHYL]PHENYL}AMINO){5-ETHOXY-2-FLUORO-3-[(3R)-TETRAHYDROFURAN-3-YLOXY]PHENYL}ACETICACID (DB04590)","0.9193","http://www.drugbank.ca/drugs/DB04590"
"100","2-{5-[3-(7-PROPYL-3-TRIFLUOROMETHYLBENZO[D]ISOXAZOL-6-YLOXY)PROPOXY]INDOL-1-YL}ETHANOIC ACID (DB07053)","0.9188","http://www.drugbank.ca/drugs/DB07053"
"101","5-Chloro-1h-Indole-2-Carboxylic Acid [1-(4-Fluorobenzyl)-2-(4-Hydroxypiperidin-1yl)-2-Oxoethyl]Amide (DB03383)","0.9185","http://www.drugbank.ca/drugs/DB03383"
"102","Alfuzosin (DB00346)","0.9172","http://www.drugbank.ca/drugs/DB00346"
"103","ISOQUINOLINE-5-SULFONIC ACID (2-(2-(4-CHLOROBENZYLOXY)ETHYLAMINO)ETHYL)AMIDE (DB07947)","0.9172","http://www.drugbank.ca/drugs/DB07947"
"104","4-(2-aminoethoxy)-N-(3-chloro-2-ethoxy-5-piperidin-1-ylphenyl)-3,5-dimethylbenzamide (DB07626)","0.9171","http://www.drugbank.ca/drugs/DB07626"
"105","1-{2-[(4-CHLOROPHENYL)AMINO]-2-OXOETHYL}-N-(1-ISOPROPYLPIPERIDIN-4-YL)-1H-INDOLE-2-CARBOXAMIDE (DB07974)","0.9168","http://www.drugbank.ca/drugs/DB07974"
"106","1-{(1R,2S)-2-HYDROXY-1-[2-(2-NAPHTHYLOXY)ETHYL]PROPYL}-1H-IMIDAZONE-4-CARBOXAMIDE (DB07785)","0.9168","http://www.drugbank.ca/drugs/DB07785"
"107","Trimethobenzamide (DB00662)","0.9167","http://www.drugbank.ca/drugs/DB00662"
"108","(1S,5S,7R)-N~7~-(BIPHENYL-4-YLMETHYL)-N~3~-HYDROXY-6,8-DIOXA-3-AZABICYCLO[3.2.1]OCTANE-3,7-DICARBOXAMIDE (DB07026)","0.9163","http://www.drugbank.ca/drugs/DB07026"
"109","Ranolazine (DB00243)","0.9158","http://www.drugbank.ca/drugs/DB00243"
"110","5-[1-(3,4-Dimethoxy-Benzoyl)-1,2,3,4-Tetrahydro-Quinolin-6-Yl]-6-Methyl-3,6-Dihydro-[1,3,4]Thiadiazin-2-One (DB03944)","0.9155","http://www.drugbank.ca/drugs/DB03944"
"111","4-(2-aminoethoxy)-N-(2,5-diethoxyphenyl)-3,5-dimethylbenzamide (DB07625)","0.9154","http://www.drugbank.ca/drugs/DB07625"
"112","4-{[5-chloro-4-(1H-indol-3-yl)pyrimidin-2-yl]amino}-N-ethylpiperidine-1-carboxamide (DB08005)","0.9152","http://www.drugbank.ca/drugs/DB08005"
"113","Papaverine (DB01113)","0.9144","http://www.drugbank.ca/drugs/DB01113"
"114","CRA_10991 (DB01771)","0.9143","http://www.drugbank.ca/drugs/DB01771"
"115","2-({2-[(3R)-3-AMINOPIPERIDIN-1-YL]-4-OXOQUINAZOLIN-3(4H)-YL}METHYL)BENZONITRILE (DB08588)","0.9142","http://www.drugbank.ca/drugs/DB08588"
"116","(3R,4S)-1-(3,4-DIMETHOXYPHENYL)-3-(3-METHYLPHENYL)PIPERIDIN-4-AMINE (DB07851)","0.9137","http://www.drugbank.ca/drugs/DB07851"
"117","N'-(5-CHLORO-1,3-BENZODIOXOL-4-YL)-N-(3,4,5- TRIMETHOXYPHENYL)PYRIMIDINE-2,4-DIAMINE (DB07250)","0.9135","http://www.drugbank.ca/drugs/DB07250"
"118","6-[3-(4-Morpholinyl)Propyl]-2-(3-Nitrophenyl)-5-Thioxo-5,6,-Dihydro-7h-Thienol[2',3':4,5]Pyrrolo[1,2-C]Imidazol-7-One (DB03507)","0.9134","http://www.drugbank.ca/drugs/DB03507"
"119","(3R,4S)-1-{6-[3-(METHYLSULFONYL)PHENYL]PYRIMIDIN-4-YL}-4-(2,4,5-TRIFLUOROPHENYL)PYRROLIDIN-3-AMINE (DB07666)","0.9133","http://www.drugbank.ca/drugs/DB07666"
"120","Terconazole (DB00251)","0.9130","http://www.drugbank.ca/drugs/DB00251"
"121","3-[3-(2,3-Dihydroxy-Propylamino)-Phenyl]-4-(5-Fluoro-1-Methyl-1h-Indol-3-Yl)-Pyrrole-2,5-Dione (DB01772)","0.9127","http://www.drugbank.ca/drugs/DB01772"
"122","3-[(Acetyl-Methyl-Amino)-Methyl]-4-Amino-N-Methyl-N-(1-Methyl-1h-Indol-2-Ylmethyl)-Benzamide (DB03534)","0.9127","http://www.drugbank.ca/drugs/DB03534"
"123","METHYL (2Z)-2-(2-{[6-(2-CYANOPHENOXY)PYRIMIDIN-4-YL]OXY}PHENYL)-3-METHOXYACRYLATE (DB07401)","0.9124","http://www.drugbank.ca/drugs/DB07401"
"124","Cp403700, (S)-1-{2-[(5-Chloro-1h-Indole-2-Carbonyl)-Amino]-3-Phenyl-Propionyl}-Azetidine-3-Carboxylate (DB03744)","0.9123","http://www.drugbank.ca/drugs/DB03744"
"125","5-[(3S)-3-(2-methoxybiphenyl-4-yl)but-1-yn-1-yl]-6-methylpyrimidine-2,4-diamine (DB06847)","0.9120","http://www.drugbank.ca/drugs/DB06847"
"126","1-(5-Carboxypentyl)-5-[(2,6-Dichlorobenzyl)Oxy]-1 H-Indole-2-Carboxylic Acid (DB02316)","0.9118","http://www.drugbank.ca/drugs/DB02316"
"127","CRA_10433 (DB03173)","0.9117","http://www.drugbank.ca/drugs/DB03173"
"128","6-({5-fluoro-2-[(3,4,5-trimethoxyphenyl)amino]pyrimidin-4-yl}amino)-2,2-dimethyl-2H-pyrido[3,2-b][1,4]oxazin-3(4H)-one (DB07159)","0.9116","http://www.drugbank.ca/drugs/DB07159"
"129","4-(1-Benzyl-3-Carbamoylmethyl-2-Methyl-1h-Indol-5-Yloxy)-Butyric Acid (DB02936)","0.9116","http://www.drugbank.ca/drugs/DB02936"
"130","[5-AMINO-1-(4-FLUOROPHENYL)-1H-PYRAZOL-4-YL](3-{[(2R)-2,3-DIHYDROXYPROPYL]OXY}PHENYL)METHANONE (DB08424)","0.9113","http://www.drugbank.ca/drugs/DB08424"
"131","2-{4-[5-(4-chlorophenyl)-4-pyrimidin-4-yl-1H-pyrazol-3-yl]piperidin-1-yl}-2-oxoethanol (DB07943)","0.9112","http://www.drugbank.ca/drugs/DB07943"
"132","5-[(3R)-3-(5-methoxybiphenyl-3-yl)but-1-yn-1-yl]-6-methylpyrimidine-2,4-diamine (DB07140)","0.9110","http://www.drugbank.ca/drugs/DB07140"
"133","4-(2-aminoethoxy)-N-(3-chloro-5-piperidin-1-ylphenyl)-3,5-dimethylbenzamide (DB08697)","0.9107","http://www.drugbank.ca/drugs/DB08697"
"134","N'-(3-CHLORO-4-METHOXY-PHENYL)-N-(3,4,5-TRIMETHOXYPHENYL)-1,3,5-TRIAZINE-2,4-DIAMINE (DB07251)","0.9107","http://www.drugbank.ca/drugs/DB07251"
"135","[4-({5-(AMINOCARBONYL)-4-[(3-METHYLPHENYL)AMINO]PYRIMIDIN-2-YL}AMINO)PHENYL]ACETIC ACID (DB08513)","0.9099","http://www.drugbank.ca/drugs/DB08513"
"136","CRA_10655 (DB02526)","0.9095","http://www.drugbank.ca/drugs/DB02526"
"137","[4-(6-Chloro-Naphthalene-2-Sulfonyl)-Piperazin-1-Yl]-(3,4,5,6-Tetrahydro-2h-[1,4']Bipyridinyl-4-Yl)-Methanone (DB01836)","0.9094","http://www.drugbank.ca/drugs/DB01836"
"138","Methantheline (DB00940)","0.9093","http://www.drugbank.ca/drugs/DB00940"
"139","Aripiprazole (DB01238)","0.9087","http://www.drugbank.ca/drugs/DB01238"
"140","(3R,4R)-1-{6-[3-(METHYLSULFONYL)PHENYL]PYRIMIDIN-4-YL}-4-(2,4,5-TRIFLUOROPHENYL)PIPERIDIN-3-AMINE (DB08164)","0.9085","http://www.drugbank.ca/drugs/DB08164"
"141","1-ethyl-N-(phenylmethyl)-4-(tetrahydro-2H-pyran-4-ylamino)-1H-pyrazolo[3,4-b]pyridine-5-carboxamide (DB06909)","0.9084","http://www.drugbank.ca/drugs/DB06909"
"142","N-ETHYL-N-ISOPROPYL-3-METHYL-5-{[(2S)-2-(PYRIDIN-4-YLAMINO)PROPYL]OXY}BENZAMIDE (DB07279)","0.9082","http://www.drugbank.ca/drugs/DB07279"
"143","(1-Methyl-1h-Imidazol-2-Yl)-(3-Methyl-4-{3-[(Pyridin-3-Ylmethyl)-Amino]-Propoxy}-Benzofuran-2-Yl)-Methanone (DB03062)","0.9081","http://www.drugbank.ca/drugs/DB03062"
"144","1-(3-HYDROXYPROPYL)-2-[(3-NITROBENZOYL)AMINO]-1H-BENZIMIDAZOL-5-YL PIVALATE (DB08590)","0.9080","http://www.drugbank.ca/drugs/DB08590"
"145","[3-(1-Benzyl-3-Carbamoylmethyl-2-Methyl-1h-Indol-5-Yloxy)-Propyl-]-Phosphonic Acid (DB02504)","0.9079","http://www.drugbank.ca/drugs/DB02504"
"146","Mitoxantrone (DB01204)","0.9078","http://www.drugbank.ca/drugs/DB01204"
"147","Gatifloxacin (DB01044)","0.9070","http://www.drugbank.ca/drugs/DB01044"
"148","Delavirdine (DB00705)","0.9069","http://www.drugbank.ca/drugs/DB00705"
"149","[3,5-Dibromo-4-(4-Hydroxy-3-Phenethylcarbamoyl-Phenoxy)-Phenyl]-Acetic Acid (DB02106)","0.9067","http://www.drugbank.ca/drugs/DB02106"
"150","Zuclopenthixol acetate (DB08919)","0.9065","http://www.drugbank.ca/drugs/DB08919"
"151","N-{2'-[(4-FLUOROPHENYL)AMINO]-4,4'-BIPYRIDIN-2-YL}-4-METHOXYCYCLOHEXANECARBOXAMIDE (DB08025)","0.9064","http://www.drugbank.ca/drugs/DB08025"
"152","Colchicine (DB01394)","0.9059","http://www.drugbank.ca/drugs/DB01394"
"153","N-(2-chloro-6-methylphenyl)-8-[(3S)-3-methylpiperazin-1-yl]imidazo[1,5-a]quinoxalin-4-amine (DB08057)","0.9058","http://www.drugbank.ca/drugs/DB08057"
"154","Iloperidone (DB04946)","0.9054","http://www.drugbank.ca/drugs/DB04946"
"155","2-MERCAPTO-N-[1,2,3,10-TETRAMETHOXY-9-OXO-5,6,7,9-TETRAHYDRO-BENZO[A]HEPTALEN-7-YL]ACETAMIDE (DB07574)","0.9051","http://www.drugbank.ca/drugs/DB07574"
"156","Sertindole (DB06144)","0.9044","http://www.drugbank.ca/drugs/DB06144"
"157","Allyl-{6-[3-(4-Bromo-Phenyl)-Benzofuran-6-Yloxy]-Hexyl-}-Methyl-Amin (DB02339)","0.9044","http://www.drugbank.ca/drugs/DB02339"
"158","5-[(3R)-3-(5-methoxy-4'-methylbiphenyl-3-yl)but-1-yn-1-yl]-6-methylpyrimidine-2,4-diamine (DB07141)","0.9040","http://www.drugbank.ca/drugs/DB07141"
"159","Mirabegron  (DB08893)","0.9038","http://www.drugbank.ca/drugs/DB08893"
"160","(9S)-9-[(8-AMMONIOOCTYL)AMINO]-1,2,3,4,9,10-HEXAHYDROACRIDINIUM (DB04617)","0.9034","http://www.drugbank.ca/drugs/DB04617"
"161","3-{3-bromo-4-[(2,4-difluorobenzyl)oxy]-6-methyl-2-oxopyridin-1(2H)-yl}-N,4-dimethylbenzamide (DB07941)","0.9033","http://www.drugbank.ca/drugs/DB07941"
"162","Topotecan (DB01030)","0.9020","http://www.drugbank.ca/drugs/DB01030"
"163","Azelastine (DB00972)","0.9019","http://www.drugbank.ca/drugs/DB00972"
"164","N-[5-(1,1-DIOXIDOISOTHIAZOLIDIN-2-YL)-1H-INDAZOL-3-YL]-2-(4-PIPERIDIN-1-YLPHENYL)ACETAMIDE (DB07220)","0.9016","http://www.drugbank.ca/drugs/DB07220"
"165","ZK-805623 (DB04432)","0.9015","http://www.drugbank.ca/drugs/DB04432"
"166","5-Chloro-thiophene-2-carboxylic acid ((3S,4S)-1-{[2-fluoro-4-(2-oxo-2H-pyridin-1-yl)-phenylcarbamoyl]-methyl}-4-hydroxy-pyrrolidin-3-yl)-amide (DB07875)","0.9013","http://www.drugbank.ca/drugs/DB07875"
"167","Ezetimibe (DB00973)","0.9012","http://www.drugbank.ca/drugs/DB00973"
"168","Lefradafiban (DB04863)","0.9008","http://www.drugbank.ca/drugs/DB04863"
"169","Flibanserin (DB04908)","0.9003","http://www.drugbank.ca/drugs/DB04908"
"170","Br-Coeleneterazine (DB02006)","0.8999","http://www.drugbank.ca/drugs/DB02006"
"171","I-Coeleneterazine (DB04146)","0.8999","http://www.drugbank.ca/drugs/DB04146"
"172","N-{2-[6-(2,4-DIAMINO-6-ETHYLPYRIMIDIN-5-YL)-2,2-DIMETHYL-3-OXO-2,3-DIHYDRO-4H-1,4-BENZOTHIAZIN-4-YL]ETHYL}ACETAMIDE (DB06899)","0.8991","http://www.drugbank.ca/drugs/DB06899"
"173","6-[(Z)-AMINO(IMINO)METHYL]-N-[3-(CYCLOPENTYLOXY)PHENYL]-2-NAPHTHAMIDE (DB07076)","0.8990","http://www.drugbank.ca/drugs/DB07076"
"174","(2R)-N-HYDROXY-2-[(3S)-3-METHYL-3-{4-[(2-METHYLQUINOLIN-4-YL)METHOXY]PHENYL}-2-OXOPYRROLIDIN-1-YL]PROPANAMIDE (DB07145)","0.8985","http://www.drugbank.ca/drugs/DB07145"
"175","Prochlorperazine (DB00433)","0.8983","http://www.drugbank.ca/drugs/DB00433"
"176","3-(7-DIAMINOMETHYL-NAPHTHALEN-2-YL)-PROPIONIC ACID ETHYL ESTER (DB07639)","0.8979","http://www.drugbank.ca/drugs/DB07639"
"177","Perphenazine (DB00850)","0.8979","http://www.drugbank.ca/drugs/DB00850"
"178","2-(2-{2-[(BIPHENYL-4-YLMETHYL)-AMINO]-3-MERCAPTO-PENTANOYLAMINO}-ACETYLAMINO)-3-METHYL-BUTYRIC ACID METHYL ESTER (DB08643)","0.8979","http://www.drugbank.ca/drugs/DB08643"
"179","[2-(5-MERCAPTO-[1,3,4]THIADIAZOL-2-YLCARBAMOYL)-1-PHENYL-ETHYL]-CARBAMIC ACID BENZYL ESTER (DB07987)","0.8979","http://www.drugbank.ca/drugs/DB07987"
"180","Flavopiridol (DB03496)","0.8977","http://www.drugbank.ca/drugs/DB03496"
"181","MN-305 (DB05339)","0.8972","http://www.drugbank.ca/drugs/DB05339"
"182","Zuclopenthixol (DB01624)","0.8970","http://www.drugbank.ca/drugs/DB01624"
"183","Rimonabant (DB06155)","0.8970","http://www.drugbank.ca/drugs/DB06155"
"184","2-METHYL-2-(4-{[({4-METHYL-2-[4-(TRIFLUOROMETHYL)PHENYL]-1,3-THIAZOL-5-YL}CARBONYL)AMINO]METHYL}PHENOXY)PROPANOIC ACID (DB07215)","0.8968","http://www.drugbank.ca/drugs/DB07215"
"185","1-(2,6-Dichlorophenyl)-5-(2,4-Difluorophenyl)-7-Piperidin-4-Yl-3,4-Dihydroquinolin-2(1h)-One (DB01948)","0.8967","http://www.drugbank.ca/drugs/DB01948"
"186","N-(P-CYANOPHENYL)-N'-DIPHENYLMETHYL-GUANIDINE-ACETIC ACID (DB07816)","0.8967","http://www.drugbank.ca/drugs/DB07816"
"187","N-[amino(imino)methyl]-2-[2-(2-chlorophenyl)-4-(4-propoxyphenyl)-3-thienyl]acetamide (DB07089)","0.8966","http://www.drugbank.ca/drugs/DB07089"
"188","4-[(1S)-1-(3-fluoro-4-methoxyphenyl)-2-(2-methoxy-5-nitrophenyl)ethyl]-1H-imidazol-2-amine (DB07415)","0.8962","http://www.drugbank.ca/drugs/DB07415"
"189","N-[2-({[amino(imino)methyl]amino}oxy)ethyl]-2-{6-chloro-3-[(2,2-difluoro-2-phenylethyl)amino]-2-fluorophenyl}acetamide (DB07946)","0.8956","http://www.drugbank.ca/drugs/DB07946"
"190","Eletriptan (DB00216)","0.8950","http://www.drugbank.ca/drugs/DB00216"
"191","Propericiazine (DB01608)","0.8946","http://www.drugbank.ca/drugs/DB01608"
"192","N-(3-TERT-BUTYL-1H-PYRAZOL-5-YL)-N'-{4-CHLORO-3-[(PYRIDIN-3-YLOXY)METHYL]PHENYL}UREA (DB08064)","0.8943","http://www.drugbank.ca/drugs/DB08064"
"193","5-chloro-N-[(3R)-1-(2-{[2-fluoro-4-(2-oxopyridin-1(2H)-yl)phenyl]amino}-2-oxoethyl)pyrrolidin-3-yl]thiophene-2-carboxamide (DB07872)","0.8940","http://www.drugbank.ca/drugs/DB07872"
"194","5-[(3R)-3-(5-methoxy-3',5'-dimethylbiphenyl-3-yl)but-1-yn-1-yl]-6-methylpyrimidine-2,4-diamine (DB07142)","0.8937","http://www.drugbank.ca/drugs/DB07142"
"195","Fluvastatin (DB01095)","0.8931","http://www.drugbank.ca/drugs/DB01095"
"196","N-Alpha-(2-Naphthylsulfonyl)-N(3-Amidino-L-Phenylalaninyl)-4-Acetyl-Piperazine (DB04125)","0.8923","http://www.drugbank.ca/drugs/DB04125"
"197","1-((1R,2S)-1-{2-[2-(4-CHLOROPHENYL)-1,3-BENZOXAZOL-7-YL]ETHYL}-2-HYDROXYPROPYL)-1H-IMIDAZOLE-4-CARBOXAMIDE (DB07786)","0.8920","http://www.drugbank.ca/drugs/DB07786"
"198","Valsartan (DB00177)","0.8919","http://www.drugbank.ca/drugs/DB00177"
"199","(6R)-2-amino-6-[2-(3'-methoxybiphenyl-3-yl)ethyl]-3,6-dimethyl-5,6-dihydropyrimidin-4(3H)-one (DB07519)","0.8918","http://www.drugbank.ca/drugs/DB07519"
"200","N-(5-CHLORO-BENZO[B]THIOPHEN-3-YLMETHYL)-2-[6-CHLORO-OXO-3-(2-PYRIDIN-2-YL-ETHYLAMINO)-2H-PYRAZIN-1-YL]-ACETAMIDE (DB07165)","0.8913","http://www.drugbank.ca/drugs/DB07165"
"201","Pipazethate (DB08796)","0.8913","http://www.drugbank.ca/drugs/DB08796"
"202","6-FLUORO-2-[2-HYDROXY-3-(2-METHYL-CYCLOHEXYLOXY)-PHENYL]-1H-INDOLE-5-CARBOXAMIDINE (DB06856)","0.8911","http://www.drugbank.ca/drugs/DB06856"
"203","5-CHLORO-THIOPHENE-2-CARBOXYLIC ACID ((3S,4S)-4-FLUORO- 1-{[2-FLUORO-4-(2-OXO-2H-PYRIDIN-1-YL)-PHENYLCARBAMOYL]-METHYL}-PYRROLIDIN-3-YL)-AMIDE (DB08143)","0.8910","http://www.drugbank.ca/drugs/DB08143"
"204","(S)-2-CHLORO-N-(1-(2-(2-HYDROXYETHYLAMINO)-2-OXOETHYL)-2-OXO-1,2,3,4-TETRAHYDROQUINOLIN-3-YL)-6H-THIENO[2,3-B]PYRROLE-5-CARBOXAMIDE (DB07792)","0.8909","http://www.drugbank.ca/drugs/DB07792"
"205","Encainide (DB01228)","0.8907","http://www.drugbank.ca/drugs/DB01228"
"206","Flurazepam (DB00690)","0.8906","http://www.drugbank.ca/drugs/DB00690"
"207","Thiethylperazine (DB00372)","0.8900","http://www.drugbank.ca/drugs/DB00372"
"208","OPC-51803 (DB05838)","0.8898","http://www.drugbank.ca/drugs/DB05838"
"209","[1-(3-Hydroxy-2-Oxo-1-Phenethyl-Propylcarbamoyl)2-Phenyl-Ethyl]-Carbamic Acid Pyridin-4-Ylmethyl Ester (DB02128)","0.8895","http://www.drugbank.ca/drugs/DB02128"
"210","({3-[1-(4-HYDROXY-2-OXO-2H-CHROMEN-3-YL)-PROPYL]-PHENYLCARBAMOYL}-METHYL)-CARBAMIC ACID TERT-BUTYL ESTER (DB08664)","0.8894","http://www.drugbank.ca/drugs/DB08664"
"211","(6-[4-(AMINOMETHYL)-2,6-DIMETHYLPHENOXY]-2-{[4-(AMINOMETHYL)PHENYL]AMINO}-5-BROMOPYRIMIDIN-4-YL)METHANOL (DB06874)","0.8891","http://www.drugbank.ca/drugs/DB06874"
"212","Trazodone (DB00656)","0.8889","http://www.drugbank.ca/drugs/DB00656"
"213","8-bromo-4-(2-chlorophenyl)-N-(2-hydroxyethyl)-6-methyl-1,3-dioxo-1,2,3,6-tetrahydropyrrolo[3,4-e]indole-7-carboxamide (DB08365)","0.8886","http://www.drugbank.ca/drugs/DB08365"
"214","2-[({2-[(1Z)-3-(DIMETHYLAMINO)PROP-1-ENYL]-4-FLUOROPHENYL}SULFONYL)AMINO]-5,6,7,8-TETRAHYDRONAPHTHALENE-1-CARBOXYLIC ACID (DB07323)","0.8886","http://www.drugbank.ca/drugs/DB07323"
"215","Chlorotrianisene (DB00269)","0.8882","http://www.drugbank.ca/drugs/DB00269"
"216","5-[(3R)-3-(5-methoxy-2',6'-dimethylbiphenyl-3-yl)but-1-yn-1-yl]-6-methylpyrimidine-2,4-diamine (DB07144)","0.8880","http://www.drugbank.ca/drugs/DB07144"
"217","4-(2-{[4-{[3-(4-Chlorophenyl)Propyl]Sulfanyl}-6-(1-Piperazinyl)-1,3,5-Triazin-2-Yl]Amino}Ethyl)Phenol (DB04020)","0.8879","http://www.drugbank.ca/drugs/DB04020"
"218","Hydroxyzine (DB00557)","0.8879","http://www.drugbank.ca/drugs/DB00557"
"219","Raltitrexed (DB00293)","0.8873","http://www.drugbank.ca/drugs/DB00293"
"220","Tolvaptan (DB06212)","0.8871","http://www.drugbank.ca/drugs/DB06212"
"221","3-CYCLOHEXYL-1-(2-MORPHOLIN-4-YL-2-OXOETHYL)-2-PHENYL-1H-INDOLE-6-CARBOXYLIC ACID (DB07570)","0.8870","http://www.drugbank.ca/drugs/DB07570"
"222","4-(4-METHYLPIPERAZIN-1-YL)-N-[5-(2-THIENYLACETYL)-1,5-DIHYDROPYRROLO[3,4-C]PYRAZOL-3-YL]BENZAMIDE (DB07186)","0.8870","http://www.drugbank.ca/drugs/DB07186"
"223","Cetirizine (DB00341)","0.8870","http://www.drugbank.ca/drugs/DB00341"
"224","Acetophenazine (DB01063)","0.8869","http://www.drugbank.ca/drugs/DB01063"
"225","N-Alpha-(2-Naphthylsulfonyl)-N-(3-Amidino-L-Phenylalaninyl)-D-Pipecolinic Acid (DB04238)","0.8866","http://www.drugbank.ca/drugs/DB04238"
"226","6-CARBAMIMIDOYL-4-(3-HYDROXY-2-METHYL-BENZOYLAMINO)-NAPHTHALENE-2-CARBOXYLIC ACID METHYL ESTER (DB07074)","0.8861","http://www.drugbank.ca/drugs/DB07074"
"227","Dapiprazole (DB00298)","0.8859","http://www.drugbank.ca/drugs/DB00298"
"228","2-(3-CHLORO-6-{[2,2-DIFLUORO-2-(1-OXIDOPYRIDIN-2-YL)ETHYL]AMINO}-1-OXIDOPYRIDIN-2-YL)-N-[1-(3-CHLOROPHENYL)ETHYL]ACETAMIDE (DB04722)","0.8859","http://www.drugbank.ca/drugs/DB04722"
"229","Amiodarone (DB01118)","0.8853","http://www.drugbank.ca/drugs/DB01118"
"230","1-[(3S)-5-PHENYL-3-THIOPHEN-2-YL-3H-1,4-BENZODIAZEPIN-2-YL]AZETIDIN-3-OL (DB08698)","0.8849","http://www.drugbank.ca/drugs/DB08698"
"231","5-(4-PHENOXYPHENYL)-5-(4-PYRIMIDIN-2-YLPIPERAZIN-1-YL)PYRIMIDINE-2,4,6(2H,3H)-TRIONE (DB07117)","0.8849","http://www.drugbank.ca/drugs/DB07117"
"232","Meclizine (DB00737)","0.8841","http://www.drugbank.ca/drugs/DB00737"
"233","N-[4-CHLORO-3-(PYRIDIN-3-YLOXYMETHYL)-PHENYL]-3-FLUORO- (DB08068)","0.8835","http://www.drugbank.ca/drugs/DB08068"
"234","Beta-hydroxyfentanyl (DB01453)","0.8835","http://www.drugbank.ca/drugs/DB01453"
"235","Asimadoline (DB05104)","0.8834","http://www.drugbank.ca/drugs/DB05104"
"236","1-(CYCLOHEXYLAMINO)-3-(6-METHYL-3,4-DIHYDRO-1H-CARBAZOL-9(2H)-YL)PROPAN-2-OL (DB07061)","0.8834","http://www.drugbank.ca/drugs/DB07061"
"237","2-{[(6-OXO-1,6-DIHYDROPYRIDIN-3-YL)METHYL]AMINO}-N-[4-PROPYL-3-(TRIFLUOROMETHYL)PHENYL]BENZAMIDE (DB07831)","0.8825","http://www.drugbank.ca/drugs/DB07831"
"238","1-{2-[3-(2-Chloro-4,5-difluoro-benzoyl)-ureido]-4-fluoro-phenyl}-piperidine-4-carboxylic acid (DB07396)","0.8824","http://www.drugbank.ca/drugs/DB07396"
"239","Azimilide (DB04957)","0.8823","http://www.drugbank.ca/drugs/DB04957"
"240","7-[3-(4-FLUORO-PHENYL)-1-ISOPROPYL-1H-INDOL-2-YL]-3,5-DIHYDROXY-HEPTANOIC ACID (DB06846)","0.8822","http://www.drugbank.ca/drugs/DB06846"
"241","(2s)-2-[(2,4-Dichloro-Benzoyl)-(3-Trifluoromethyl-Benzyl)-Amino]-3-Phenyl-Propionic Acid (DB03605)","0.8822","http://www.drugbank.ca/drugs/DB03605"
"242","Furo[2,3d]Pyrimidine Antifolate (DB02026)","0.8822","http://www.drugbank.ca/drugs/DB02026"
"243","Propantheline (DB00782)","0.8806","http://www.drugbank.ca/drugs/DB00782"
"244","6-(4-{(1S,2S)-2-AMINO-1-[(DIMETHYLAMINO)CARBONYL]-3-[(3S)-3-FLUOROPYRROLIDIN-1-YL]-3-OXOPROPYL}PHENYL)-1H-[1,2,4]TRIAZOLO[1,5-A]PYRIDIN-4-IUM (DB08504)","0.8804","http://www.drugbank.ca/drugs/DB08504"
"245","Paroxetine (DB00715)","0.8803","http://www.drugbank.ca/drugs/DB00715"
"246","(1-Tert-Butyl-5-Hydroxy-1h-Pyrazol-4-Yl)-(6-Methanesulfonyl-4'-Methoxy-2-Methyl-Biphenyl-3-Yl)-Methanone (DB02850)","0.8802","http://www.drugbank.ca/drugs/DB02850"
"247","RPR128515 (DB04424)","0.8802","http://www.drugbank.ca/drugs/DB04424"
"248","Thiothixene (DB01623)","0.8802","http://www.drugbank.ca/drugs/DB01623"
"249","GW 501516 (DB05416)","0.8801","http://www.drugbank.ca/drugs/DB05416"
"250","1-(2-CYCLOPROPYLETHYL)-3-(1,1-DIOXIDO-2H-1,2,4-BENZOTHIADIAZIN-3-YL)-6-FLUORO-4-HYDROXYQUINOLIN-2(1H)-ONE (DB08278)","0.8801","http://www.drugbank.ca/drugs/DB08278"
"251","N-{3-[(4-{[3-(TRIFLUOROMETHYL)PHENYL]AMINO}PYRIMIDIN-2-YL)AMINO]PHENYL}CYCLOPROPANECARBOXAMIDE (DB07545)","0.8795","http://www.drugbank.ca/drugs/DB07545"
"252","Sildenafil (DB00203)","0.8795","http://www.drugbank.ca/drugs/DB00203"
"253","Phenserine (DB04892)","0.8795","http://www.drugbank.ca/drugs/DB04892"
"254","6-[N-(1-Isopropyl-1,2,3,4-Tetrahydro-7-Isoquinolinyl)Carbamyl]-2-Naphthalenecarboxamidine (DB02705)","0.8783","http://www.drugbank.ca/drugs/DB02705"
"255","6-[N-(4-Ethyl-1,2,3,4-Tetrahydro-6-Isoquinolinyl)Carbamyl]-2-Naphthalenecarboxamidine (DB02551)","0.8779","http://www.drugbank.ca/drugs/DB02551"
"256","GLYCYLALANYL-N-2-NAPHTHYL-L-PROLINEAMIDE (DB07813)","0.8776","http://www.drugbank.ca/drugs/DB07813"
"257","Fentanyl (DB00813)","0.8775","http://www.drugbank.ca/drugs/DB00813"
"258","Thioridazine (DB00679)","0.8773","http://www.drugbank.ca/drugs/DB00679"
"259","Aprindine (DB01429)","0.8765","http://www.drugbank.ca/drugs/DB01429"
"260","Darusentan (DB04883)","0.8758","http://www.drugbank.ca/drugs/DB04883"
"261","CRA_11092 (DB03555)","0.8758","http://www.drugbank.ca/drugs/DB03555"
"262","(3R,4S)-1-[(4-amino-5H-pyrrolo[3,2-d]pyrimidin-7-yl)methyl]-4-[(benzylsulfanyl)methyl]pyrrolidin-3-ol (DB07649)","0.8756","http://www.drugbank.ca/drugs/DB07649"
"263","5-[(2-methyl-5-{[3-(trifluoromethyl)phenyl]carbamoyl}phenyl)amino]pyridine-3-carboxamide (DB07970)","0.8750","http://www.drugbank.ca/drugs/DB07970"
"264","1-[3-({[(4-AMINO-5-FLUORO-2-METHYLQUINOLIN-3-YL)METHYL]THIO}METHYL)PHENYL]-2,2,2-TRIFLUOROETHANE-1,1-DIOL (DB07756)","0.8749","http://www.drugbank.ca/drugs/DB07756"
"265","Trifluoperazine (DB00831)","0.8748","http://www.drugbank.ca/drugs/DB00831"
"266","Fluphenazine (DB00623)","0.8747","http://www.drugbank.ca/drugs/DB00623"
"267","Thioproperazine (DB01622)","0.8733","http://www.drugbank.ca/drugs/DB01622"
"268","Halofantrine (DB01218)","0.8733","http://www.drugbank.ca/drugs/DB01218"
"269","Pirenzepine (DB00670)","0.8733","http://www.drugbank.ca/drugs/DB00670"
"270","Grepafloxacin (DB00365)","0.8733","http://www.drugbank.ca/drugs/DB00365"
"271","(2R)-4-(2-BENZOYL-1,2-DIAZEPAN-1-YL)-4-OXO-1-(2,4,5-TRIFLUOROPHENYL)BUTAN-2-AMINE (DB08051)","0.8728","http://www.drugbank.ca/drugs/DB08051"
"272","[2-(1-Amino-2-Hydroxy-Propyl)-4-(4-Fluoro-1h-Indol-3-Ylmethyl)-5-Hydroxy-Imidazol-1-Yl]-Acetic Acid (DB01674)","0.8725","http://www.drugbank.ca/drugs/DB01674"
"273","5-cyclopropyl-2-(4-fluorophenyl)-6-[(2-hydroxyethyl)(methylsulfonyl)amino]-N-methyl-1-benzofuran-3-carboxamide (DB07238)","0.8706","http://www.drugbank.ca/drugs/DB07238"
"274","(10R)-10-Formyl-5,8,10-Trideazafolic Acid (DB04264)","0.8704","http://www.drugbank.ca/drugs/DB04264"
"275","(2S)-1-{[5-(1H-INDAZOL-5-YL)PYRIDIN-3-YL]OXY}-3-[(7AS)-7AH-INDOL-3-YL]PROPAN-2-AMINE (DB06977)","0.8699","http://www.drugbank.ca/drugs/DB06977"
"276","Acetyl-alpha-methylfentanyl (DB01532)","0.8694","http://www.drugbank.ca/drugs/DB01532"
"277","Pagoclone (DB04903)","0.8691","http://www.drugbank.ca/drugs/DB04903"
"278","Mepenzolate (DB04843)","0.8691","http://www.drugbank.ca/drugs/DB04843"
"279","Domperidone (DB01184)","0.8687","http://www.drugbank.ca/drugs/DB01184"
"280","N-(2-AMINOETHYL)-N~2~-{(1S)-1-[4'-(AMINOSULFONYL)BIPHENYL-4-YL]-2,2,2-TRIFLUOROETHYL}-L-LEUCINAMIDE (DB08270)","0.8679","http://www.drugbank.ca/drugs/DB08270"
"281","6-[N-(1-Isopropyl-3,4-Dihydro-7-Isoquinolinyl)Carbamyl]-2-Naphthalenecarboxamidine (DB02473)","0.8676","http://www.drugbank.ca/drugs/DB02473"
"282","4-chloro-N-(3-methoxypropyl)-N-[(3S)-1-(2-phenylethyl)piperidin-3-yl]benzamide (DB08344)","0.8675","http://www.drugbank.ca/drugs/DB08344"
"283","Cinacalcet (DB01012)","0.8674","http://www.drugbank.ca/drugs/DB01012"
"284","Sparfloxacin (DB01208)","0.8670","http://www.drugbank.ca/drugs/DB01208"
"285","2,6-DIMETHYL-1-(3-[3-METHYL-5-ISOXAZOLYL]-PROPANYL)-4-[2-METHYL-4-ISOXAZOLYL]-PHENOL (DB08715)","0.8668","http://www.drugbank.ca/drugs/DB08715"
"286","2-{2-[(3,5-dimethylphenyl)amino]pyrimidin-4-yl}-N-[(1S)-2-hydroxy-1-methylethyl]-4-methyl-1,3-thiazole-5-carboxamide (DB07194)","0.8668","http://www.drugbank.ca/drugs/DB07194"
"287","1-(1'-{[3-(methylsulfanyl)-2-benzothiophen-1-yl]carbonyl}spiro[1-benzofuran-3,4'-piperidin]-5-yl)methanamine (DB06848)","0.8667","http://www.drugbank.ca/drugs/DB06848"
"288","3-(2-AMINO-6-BENZOYLQUINAZOLIN-3(4H)-YL)-N-CYCLOHEXYL-N-METHYLPROPANAMIDE (DB08749)","0.8660","http://www.drugbank.ca/drugs/DB08749"
"289","N-(2-METHOXYETHYL)-4-({4-[2-METHYL-1-(1-METHYLETHYL)-1H-IMIDAZOL-5-YL]PYRIMIDIN-2-YL}AMINO)BENZENESULFONAMIDE (DB07790)","0.8647","http://www.drugbank.ca/drugs/DB07790"
"290","4-(BENZHYDRYLOXY)-1-[3-(1H-TETRAAZOL-5-YL)PROPYL]PIPERIDINE (DB07917)","0.8646","http://www.drugbank.ca/drugs/DB07917"
"291","2-(6-CHLORO-3-{[2,2-DIFLUORO-2-(1-OXIDO-2-PYRIDINYL)ETHYL]AMINO}-2-OXO-1(2H)-PYRAZINYL)-N-[(2-FLUOROPHENYL)METHYL]ACETAMIDE (DB07550)","0.8640","http://www.drugbank.ca/drugs/DB07550"
"292","Buclizine (DB00354)","0.8638","http://www.drugbank.ca/drugs/DB00354"
"293","5-Chloro-1h-Indole-2-Carboxylic Acid{[Cyclopentyl-(2-Hydroxy-Ethyl)-Carbamoyl]-Methyl}-Amide (DB03288)","0.8635","http://www.drugbank.ca/drugs/DB03288"
"294","Risperidone (DB00734)","0.8634","http://www.drugbank.ca/drugs/DB00734"
"295","6-BENZYL-1-BENZYLOXYMETHYL-5-ISOPROPYL URACIL (DB08634)","0.8633","http://www.drugbank.ca/drugs/DB08634"
"296","Beta-hydroxy-3-methylfentanyl (DB01570)","0.8621","http://www.drugbank.ca/drugs/DB01570"
"297","N-((1R,2S)-2-(5-CHLORO-1H-INDOLE-2-CARBOXAMIDO)CYCLOHEXYL)-5-METHYL-4,5,6,7-TETRAHYDROTHIAZOLO[5,4-C]PYRIDINE-2-CARBOXAMIDE (DB07629)","0.8616","http://www.drugbank.ca/drugs/DB07629"
"298","N-((1R,2R)-2-(5-CHLORO-1H-INDOLE-2-CARBOXAMIDO)CYCLOHEXYL)-5-METHYL-4,5,6,7-TETRAHYDROTHIAZOLO[5,4-C]PYRIDINE-2-CARBOXAMIDE (DB07630)","0.8616","http://www.drugbank.ca/drugs/DB07630"
"299","Carfentanil (DB01535)","0.8614","http://www.drugbank.ca/drugs/DB01535"
"300","Pitavastatin (DB08860)","0.8613","http://www.drugbank.ca/drugs/DB08860"
"301","Clemastine (DB00283)","0.8610","http://www.drugbank.ca/drugs/DB00283"
"302","Carphenazine (DB01038)","0.8610","http://www.drugbank.ca/drugs/DB01038"
"303","2-{4-[4-({4-[2-methyl-1-(1-methylethyl)-1H-imidazol-5-yl]pyrimidin-2-yl}amino)phenyl]piperazin-1-yl}-2-oxoethanol (DB07982)","0.8609","http://www.drugbank.ca/drugs/DB07982"
"304","(10S)-10-Formyl-5,8,10-Trideazafolic Acid (DB02540)","0.8605","http://www.drugbank.ca/drugs/DB02540"
"305","N-[(Furan-2-Yl)Carbonyl]-(S)-Leucyl-(R)-[1-Amino-2(1h-Indol-3-Yl)Ethyl]-Phosphonic Acid (DB02046)","0.8600","http://www.drugbank.ca/drugs/DB02046"
"306","Bepotastine (DB04890)","0.8597","http://www.drugbank.ca/drugs/DB04890"
"307","Alpha-methylfentanyl (DB01557)","0.8597","http://www.drugbank.ca/drugs/DB01557"
"308","D-phenylalanyl-N-(3-chlorobenzyl)-L-prolinamide (DB06919)","0.8584","http://www.drugbank.ca/drugs/DB06919"
"309","D-phenylalanyl-N-(3-fluorobenzyl)-L-prolinamide (DB07027)","0.8584","http://www.drugbank.ca/drugs/DB07027"
"310","(2R)-1-[(4-tert-butylphenyl)sulfonyl]-2-methyl-4-(4-nitrophenyl)piperazine (DB07049)","0.8583","http://www.drugbank.ca/drugs/DB07049"
"311","1-[4-(AMINOMETHYL)BENZOYL]-5'-FLUORO-1'H-SPIRO[PIPERIDINE-4,2'-QUINAZOLIN]-4'-AMINE (DB08750)","0.8572","http://www.drugbank.ca/drugs/DB08750"
"312","3-Methylfentanyl (DB01571)","0.8561","http://www.drugbank.ca/drugs/DB01571"
"313","Avanafil (DB06237)","0.8561","http://www.drugbank.ca/drugs/DB06237"
"314","PYRIMIDINE-4,6-DICARBOXYLIC ACID BIS-(4-FLUORO-3-METHYL-BENZYLAMIDE) (DB04760)","0.8557","http://www.drugbank.ca/drugs/DB04760"
"315","5-(3,5-DICHLOROPHENYL)THIO-4-ISOPROPYL-1-(PYRIDIN-4-YL-METHYL)-1H-IMIDAZOL-2-YL-METHYL CARBAMATE (DB08502)","0.8554","http://www.drugbank.ca/drugs/DB08502"
"316","D-phenylalanyl-N-benzyl-L-prolinamide (DB07143)","0.8553","http://www.drugbank.ca/drugs/DB07143"
"317","3-{6-[(8-HYDROXY-QUINOLINE-2-CARBONYL)-AMINO]-2-THIOPHEN-2-YL-HEXANOYLAMINO}-4-OXO-BUTYRI ACID (DB07916)","0.8553","http://www.drugbank.ca/drugs/DB07916"
"318","1S,3AS,8AS-TRIMETHYL-1-OXIDO-1,2,3,3A,8,8A-HEXAHYDROPYRROLO[2,3-B]INDOL-5-YL 2-ETHYLPHENYLCARBAMATE (DB07846)","0.8553","http://www.drugbank.ca/drugs/DB07846"
"319","PYRIMIDINE-4,6-DICARBOXYLIC ACID BIS-(3-METHYL-BENZYLAMIDE) (DB04759)","0.8553","http://www.drugbank.ca/drugs/DB04759"
"320","Indacaterol (DB05039)","0.8541","http://www.drugbank.ca/drugs/DB05039"
"321","Trovafloxacin (DB00685)","0.8529","http://www.drugbank.ca/drugs/DB00685"
"322","1-CYCLOHEXYL-N-{[1-(4-METHYLPHENYL)-1H-INDOL-3-YL]METHYL}METHANAMINE (DB06833)","0.8528","http://www.drugbank.ca/drugs/DB06833"
"323","Vardenafil (DB00862)","0.8516","http://www.drugbank.ca/drugs/DB00862"
"324","5-CHLORO-N-((1R,2S)-2-(4-(2-OXOPYRIDIN-1(2H)-YL)BENZAMIDO) CYCLOPENTYL)THIOPHENE-2-CARBOXAMIDE (DB08174)","0.8510","http://www.drugbank.ca/drugs/DB08174"
"325","4-[[(1E)-2-(4-CHLOROPHENYL)ETHENYL]SULFONYL]-1-[[1-(4-PYRIDINYL)-4-PIPERIDINYL]METHYL]PIPERAZINONE (DB08745)","0.8502","http://www.drugbank.ca/drugs/DB08745"
"326","(S)-2-[(R)-3-amino-4-(2-fluorophenyl)butyryl]-1,2,3,4-tetrahydroisoquinoline-3-carboxamide (DB04578)","0.8501","http://www.drugbank.ca/drugs/DB04578"
"327","Irbesartan (DB01029)","0.8496","http://www.drugbank.ca/drugs/DB01029"
"328","4-((3r,4s,5r)-4-Amino-3,5-Dihydroxy-Hex-1-Ynyl)-5-Fluoro-3-[1-(3-Methoxy-1h-Pyrrol-2-Yl)-Meth-(Z)-Ylidene]-1,3-Dihydro-Indol-2-One (DB03737)","0.8492","http://www.drugbank.ca/drugs/DB03737"
"329","Benzethidine (DB01518)","0.8489","http://www.drugbank.ca/drugs/DB01518"
"330","4-[(2-{4-[(CYCLOPROPYLCARBAMOYL)AMINO]-1H-PYRAZOL-3-YL}-1H-BENZIMIDAZOL-6-YL)METHYL]MORPHOLIN-4-IUM (DB08067)","0.8488","http://www.drugbank.ca/drugs/DB08067"
"331","Pipotiazine (DB01621)","0.8483","http://www.drugbank.ca/drugs/DB01621"
"332","N-(4-{[(3S)-3-(dimethylamino)pyrrolidin-1-yl]carbonyl}phenyl)-5-fluoro-4-[2-methyl-1-(1-methylethyl)-1H-imidazol-5-yl]pyrimidin-2-amine (DB07936)","0.8482","http://www.drugbank.ca/drugs/DB07936"
"333","Loratadine (DB00455)","0.8480","http://www.drugbank.ca/drugs/DB00455"
"334","N-({(2S)-1-[(3R)-3-AMINO-4-(2-FLUOROPHENYL)BUTANOYL]PYRROLIDIN-2-YL}METHYL)BENZAMIDE (DB07779)","0.8472","http://www.drugbank.ca/drugs/DB07779"
"335","Dextromoramide (DB01529)","0.8469","http://www.drugbank.ca/drugs/DB01529"
"336","Amperozide (DB08927)","0.8467","http://www.drugbank.ca/drugs/DB08927"
"337","Nebivolol (DB04861)","0.8466","http://www.drugbank.ca/drugs/DB04861"
"338","Dioxaphetyl butyrate (DB01475)","0.8465","http://www.drugbank.ca/drugs/DB01475"
"339","2-[({4-[2-(trifluoromethyl)phenyl]piperidin-1-yl}carbonyl)amino]benzoic acid (DB06985)","0.8454","http://www.drugbank.ca/drugs/DB06985"
"340","[4-R-(4-ALPHA,6-BETA,7-BETA]-HEXAHYDRO-5,6-DI(HYDROXY)-1,3-DI(ALLYL)-4,7-BISPHENYLMETHYL)-2H-1,3-DIAZEPINONE (DB06910)","0.8445","http://www.drugbank.ca/drugs/DB06910"
"341","(2S)-4-(2,5-DIFLUOROPHENYL)-N-METHYL-2-PHENYL-N-PIPERIDIN-4-YL-2,5-DIHYDRO-1H-PYRROLE-1-CARBOXAMIDE (DB08239)","0.8445","http://www.drugbank.ca/drugs/DB08239"
"342","RB106 (DB02669)","0.8442","http://www.drugbank.ca/drugs/DB02669"
"343","[4-(3-AMINOMETHYL-PHENYL)-PIPERIDIN-1-YL]-(5-PHENETHYL- PYRIDIN-3-YL)-METHANONE (DB04764)","0.8437","http://www.drugbank.ca/drugs/DB04764"
"344","Besifloxacin (DB06771)","0.8436","http://www.drugbank.ca/drugs/DB06771"
"345","N-(4-carbamimidoylbenzyl)-1-(3-phenylpropanoyl)-L-prolinamide (DB06942)","0.8435","http://www.drugbank.ca/drugs/DB06942"
"346","(2R,4S)-2-[(R)-BENZYLCARBAMOYL-PHENYLACETYL-METHYL]-5,5-DIMETHYL-THIAZOLIDINE-4-CARBOXYLIC ACID (DB07806)","0.8430","http://www.drugbank.ca/drugs/DB07806"
"347","D-phenylalanyl-N-(3-methylbenzyl)-L-prolinamide (DB07133)","0.8421","http://www.drugbank.ca/drugs/DB07133"
"348","Udenafil (DB06267)","0.8412","http://www.drugbank.ca/drugs/DB06267"
"349","Ivacaftor (DB08820)","0.8412","http://www.drugbank.ca/drugs/DB08820"
"350","N-ethyl-4-{[5-(methoxycarbamoyl)-2-methylphenyl]amino}-5-methylpyrrolo[2,1-f][1,2,4]triazine-6-carboxamide (DB06940)","0.8409","http://www.drugbank.ca/drugs/DB06940"
"351","Cyclopropyl-{4-[5-(3,4-Dichlorophenyl)-2-[(1-Methyl)-Piperidin]-4-Yl-3-Propyl-3h-Imidazol-4-Yl]-Pyrimidin-2-Yl}Amine (DB03084)","0.8405","http://www.drugbank.ca/drugs/DB03084"
"352","Nicergoline (DB00699)","0.8402","http://www.drugbank.ca/drugs/DB00699"
"353","2-butoxy-9-(2,6-difluorobenzyl)-N-(2-morpholin-4-ylethyl)-9H-purin-6-amine (DB07937)","0.8400","http://www.drugbank.ca/drugs/DB07937"
"354","2,5-bis-o-{3-[amino(imino)methyl]phenyl}-1,4:3,6-dianhydro-d-glucitol (DB04790)","0.8394","http://www.drugbank.ca/drugs/DB04790"
"355","2-O-(4'-AMIDINOPHENYL)-5-O-(3''-AMIDINOPHENYL)-1,4:3,6-DIANHYDRO-D-SORBITOL (DB04791)","0.8394","http://www.drugbank.ca/drugs/DB04791"
"356","2,5-O,O-BIS-{4',4''-AMIDINOPHENYL}-1,4:3,6-DIANHYDRO-D-SORBITOL (DB04792)","0.8394","http://www.drugbank.ca/drugs/DB04792"
"357","2-O-(3'-AMIDINOPHENYL)-5-O-(4''-AMIDINOPHENYL}-1,4:3,6-DIANHYDRO-D-SORBITOL (DB04793)","0.8394","http://www.drugbank.ca/drugs/DB04793"
"358","(METHYLPYRIDAZINE PIPERIDINE ETHYLOXYPHENYL)ETHYLACETATE (DB08012)","0.8390","http://www.drugbank.ca/drugs/DB08012"
"359","1-[1'-(3-phenylacryloyl)spiro[1-benzofuran-3,4'-piperidin]-5-yl]methanamine (DB06849)","0.8389","http://www.drugbank.ca/drugs/DB06849"
"360","Dextropropoxyphene (DB00647)","0.8386","http://www.drugbank.ca/drugs/DB00647"
"361","Haloperidol (DB00502)","0.8385","http://www.drugbank.ca/drugs/DB00502"
"362","(5-(aminomethyl)-2H-spiro[benzofuran-3,4'-piperidine]-1'-yl)(5-(phenylethynyl)furan-2-yl)methanone (DB06962)","0.8385","http://www.drugbank.ca/drugs/DB06962"
"363","Flucloxacillin (DB00301)","0.8375","http://www.drugbank.ca/drugs/DB00301"
"364","Benzatropine (DB00245)","0.8372","http://www.drugbank.ca/drugs/DB00245"
"365","Piboserod (DB04873)","0.8367","http://www.drugbank.ca/drugs/DB04873"
"366","N-{(3S,4S)-4-[(6-AMINO-4-METHYLPYRIDIN-2-YL)METHYL]PYRROLIDIN-3-YL}-N'-(4-CHLOROBENZYL)ETHANE-1,2-DIAMINE (DB08018)","0.8366","http://www.drugbank.ca/drugs/DB08018"
"367","N-{(3R,4S)-4-[(6-amino-4-methylpyridin-2-yl)methyl]pyrrolidin-3-yl}-N'-(3-chlorobenzyl)ethane-1,2-diamine (DB08019)","0.8366","http://www.drugbank.ca/drugs/DB08019"
"368","4-(3-{[5-(trifluoromethyl)pyridin-2-yl]oxy}benzyl)piperidine-1-carboxylic acid (DB08400)","0.8356","http://www.drugbank.ca/drugs/DB08400"
"369","D-phenylalanyl-N-{4-[amino(iminio)methyl]benzyl}-L-prolinamide (DB07005)","0.8352","http://www.drugbank.ca/drugs/DB07005"
"370","Canagliflozin (DB08907)","0.8352","http://www.drugbank.ca/drugs/DB08907"
"371","N-({(2S)-1-[(3R)-3-amino-4-(3-chlorophenyl)butanoyl]pyrrolidin-2-yl}methyl)-3-(methylsulfonyl)benzamide (DB08429)","0.8351","http://www.drugbank.ca/drugs/DB08429"
"372","Anileridine (DB00913)","0.8344","http://www.drugbank.ca/drugs/DB00913"
"373","(6S)-1-chloro-3-[(4-fluorobenzyl)oxy]-6-(pyrrolidin-1-ylcarbonyl)pyrrolo[1,2-a]pyrazin-4(6H)-one (DB07148)","0.8339","http://www.drugbank.ca/drugs/DB07148"
"374","Rosuvastatin (DB01098)","0.8338","http://www.drugbank.ca/drugs/DB01098"
"375","9-Butyl-8-(2,5-Dimethoxy-Benzyl)-9h-Purin-6-Ylamine (DB02359)","0.8324","http://www.drugbank.ca/drugs/DB02359"
"376","O6-(R)-ROSCOVITINE, R-2-(6-BENZYLOXY-9-ISOPROPYL-9H-PURIN-2-YLAMINO)-BUTAN-1-OL (DB04770)","0.8322","http://www.drugbank.ca/drugs/DB04770"
"377","(4R)-N-[4-({[2-(DIMETHYLAMINO)ETHYL]AMINO}CARBONYL)-1,3-THIAZOL-2-YL]-4-METHYL-1-OXO-2,3,4,9-TETRAHYDRO-1H-BETA-CARBOLINE-6-CARBOXAMIDE (DB07406)","0.8319","http://www.drugbank.ca/drugs/DB07406"
"378","N~3~-cyclopropyl-N~4~'-(cyclopropylmethyl)-6-methylbiphenyl-3,4'-dicarboxamide (DB07835)","0.8318","http://www.drugbank.ca/drugs/DB07835"
"379","[PHENYLALANINYL-PROLINYL]-[2-(PYRIDIN-4-YLAMINO)-ETHYL]-AMINE (DB08422)","0.8315","http://www.drugbank.ca/drugs/DB08422"
"380","OLOMOUCINE II (DB04662)","0.8312","http://www.drugbank.ca/drugs/DB04662"
"381","N-({(3R,4R)-4-[(benzyloxy)methyl]pyrrolidin-3-yl}methyl)-N-(2-methylpropyl)benzenesulfonamide (DB07505)","0.8308","http://www.drugbank.ca/drugs/DB07505"
"382","9-Butyl-8-(2,5-Dimethoxy-Benzyl)-2-Fluoro-9h-Purin-6-Ylamine (DB04054)","0.8292","http://www.drugbank.ca/drugs/DB04054"
"383","N~2~-1,3-BENZOXAZOL-2-YL-3-CYCLOHEXYL-N-{2-[(4-METHOXYPHENYL)AMINO]ETHYL}-L-ALANINAMIDE (DB07839)","0.8291","http://www.drugbank.ca/drugs/DB07839"
"384","OPC-28326 (DB05461)","0.8287","http://www.drugbank.ca/drugs/DB05461"
"385","9-Butyl-8-(2-Chloro-3,4,5-Trimethoxy-Benzyl)-9h-Purin-6-Ylamine (DB03504)","0.8285","http://www.drugbank.ca/drugs/DB03504"
"386","Loperamide (DB00836)","0.8283","http://www.drugbank.ca/drugs/DB00836"
"387","1-[[(1E)-2-(4-CHLOROPHENYL)ETHENYL]SULFONYL]-4-[[1-(4-PYRIDINYL)-4-PIPERIDINYL]METHYL]PIPERAZINE (DB08746)","0.8277","http://www.drugbank.ca/drugs/DB08746"
"388","8-(2,5-Dimethoxy-Benzyl)-2-Fluoro-9-Pent-9h-Purin-6-Ylamine (DB03137)","0.8277","http://www.drugbank.ca/drugs/DB03137"
"389","Clidinium (DB00771)","0.8274","http://www.drugbank.ca/drugs/DB00771"
"390","8-(2-Chloro-3,4,5-Trimethoxy-Benzyl)-9-Pent-4-Ylnyl-9h-Purin-6-Ylamine (DB04505)","0.8272","http://www.drugbank.ca/drugs/DB04505"
"391","(4R,5R)-5-AMINO-1-[2-(1,3-BENZODIOXOL-5-YL)ETHYL]-4-(2,4,5-TRIFLUOROPHENYL)PIPERIDIN-2-ONE (DB07830)","0.8271","http://www.drugbank.ca/drugs/DB07830"
"392","2-{4-[2-(2-AMINO-4-OXO-4,7-DIHYDRO-3H-PYRROLO[2,3-D]PYRIMIDIN-5-YL)-ETHYL]-BENZOYLAMINO}-3-METHYL-BUTYRIC ACID (DB08131)","0.8270","http://www.drugbank.ca/drugs/DB08131"
"393","8-Benzo[1,3]Dioxol-,5-Ylmethyl-9-Butyl-2-Fluoro-9h-Purin-6-Ylamine (DB04254)","0.8269","http://www.drugbank.ca/drugs/DB04254"
"394","9-Butyl-8-(3,4,5-Trimethoxybenzyl)-9h-Purin-6-Amine (DB02754)","0.8261","http://www.drugbank.ca/drugs/DB02754"
"395","Pleconaril (DB05105)","0.8258","http://www.drugbank.ca/drugs/DB05105"
"396","(5S)-5-(3-AMINOPROPYL)-3-(2,5-DIFLUOROPHENYL)-N-ETHYL-5-PHENYL-4,5-DIHYDRO-1H-PYRAZOLE-1-CARBOXAMIDE (DB08250)","0.8252","http://www.drugbank.ca/drugs/DB08250"
"397","8-(2-Chloro-3,4,5-Trimethoxy-Benzyl)-2-Fluoro-9-Pent-4-Ylnyl-9h-Purin-6-Ylamine (DB02550)","0.8246","http://www.drugbank.ca/drugs/DB02550"
"398","1-{[1-(2-AMINO-3-PHENYL-PROPIONYL)-PYRROLIDINE-2-CARBONYL]-AMINO}-2-(3-CYANO-PHENYL)-ETHANEBORONIC ACID (DB08420)","0.8245","http://www.drugbank.ca/drugs/DB08420"
"399","TC-5619 (DB06090)","0.8234","http://www.drugbank.ca/drugs/DB06090"
"400","N1-(1-Dimethylcarbamoyl-2-Phenyl-Ethyl)-2-Oxo-N4-(2-Pyridin-2-Yl-Ethyl)-Succinamide (DB02140)","0.8234","http://www.drugbank.ca/drugs/DB02140"
"401","Tofisopam (DB08811)","0.8232","http://www.drugbank.ca/drugs/DB08811"
"402","Dasatinib (DB01254)","0.8215","http://www.drugbank.ca/drugs/DB01254"
"403","N6-METHYL-(R)-ROSCOVITINE, R-2-[6-(BENZYL-METHYL-AMINO)-9-ISOPROPYL-9H-PURIN-2-YLAMINO]-BUTAN-1-OL (DB04776)","0.8211","http://www.drugbank.ca/drugs/DB04776"
"404","Atovaquone (DB01117)","0.8205","http://www.drugbank.ca/drugs/DB01117"
"405","Moxifloxacin (DB00218)","0.8203","http://www.drugbank.ca/drugs/DB00218"
"406","Trimethaphan (DB01116)","0.8198","http://www.drugbank.ca/drugs/DB01116"
"407","PUROMYCIN (DB08437)","0.8194","http://www.drugbank.ca/drugs/DB08437"
"408","Lisuride (DB00589)","0.8192","http://www.drugbank.ca/drugs/DB00589"
"409","Methotrexate (DB00563)","0.8183","http://www.drugbank.ca/drugs/DB00563"
"410","Purvalanol A (DB04751)","0.8181","http://www.drugbank.ca/drugs/DB04751"
"411","Darifenacin (DB00496)","0.8180","http://www.drugbank.ca/drugs/DB00496"
"412","N-[2-(1,3-BENZODIOXOL-5-YL)ETHYL]-1-[2-(1H-IMIDAZOL-1-YL)-6-METHYLPYRIMIDIN-4-YL]-D-PROLINAMIDE (DB06916)","0.8173","http://www.drugbank.ca/drugs/DB06916"
"413","(2S)-2-({6-[(3-AMINO-5-CHLOROPHENYL)AMINO]-9-ISOPROPYL-9H-PURIN-2-YL}AMINO)-3-METHYLBUTAN-1-OL (DB07379)","0.8140","http://www.drugbank.ca/drugs/DB07379"
"414","(METHYLPYRIDAZINE PIPERIDINE PROPYLOXYPHENYL)ETHYLACETATE (DB08013)","0.8137","http://www.drugbank.ca/drugs/DB08013"
"415","CF-101 (DB05511)","0.8136","http://www.drugbank.ca/drugs/DB05511"
"416","N-{2,2-DIFLUORO-2-[(2R)-PIPERIDIN-2-YL]ETHYL}-2-[2-(1H-1,2,4-TRIAZOL-1-YL)BENZYL][1,3]OXAZOLO[4,5-C]PYRIDIN-4-AMINE (DB04591)","0.8133","http://www.drugbank.ca/drugs/DB04591"
"417","beta-phenyl-D-phenylalanyl-N-propyl-L-prolinamide (DB07083)","0.8132","http://www.drugbank.ca/drugs/DB07083"
"418","Aprepitant (DB00673)","0.8124","http://www.drugbank.ca/drugs/DB00673"
"419","Lobeline (DB05137)","0.8118","http://www.drugbank.ca/drugs/DB05137"
"420","1-{7-cyclohexyl-6-[4-(4-methylpiperazin-1-yl)benzyl]-7H-pyrrolo[2,3-d]pyrimidin-2-yl}methanamine (DB07563)","0.8116","http://www.drugbank.ca/drugs/DB07563"
"421","Purvalanol (DB02733)","0.8114","http://www.drugbank.ca/drugs/DB02733"
"422","(11R)-10-acetyl-11-(2,4-dichlorophenyl)-6-hydroxy-3,3-dimethyl-2,3,4,5,10,11-hexahydro-1H-dibenzo[b,e][1,4]diazepin-1-one (DB08747)","0.8107","http://www.drugbank.ca/drugs/DB08747"
"423","methyl (1R,2S)-2-(hydroxycarbamoyl)-1-{4-[(2-methylquinolin-4-yl)methoxy]benzyl}cyclopropanecarboxylate (DB07147)","0.8098","http://www.drugbank.ca/drugs/DB07147"
"424","1-[2-HYDROXY-3-(4-CYCLOHEXYL-PHENOXY)-PROPYL]-4-(2-PYRIDYL)-PIPERAZINE (DB08543)","0.8093","http://www.drugbank.ca/drugs/DB08543"
"425","6-methyl-5-[3-methyl-3-(3,4,5-trimethoxyphenyl)but-1-yn-1-yl]pyrimidine-2,4-diamine (DB07153)","0.8073","http://www.drugbank.ca/drugs/DB07153"
"426","METHYL 1-(4-{[(2,4-DIAMINOPTERIDIN-6-YL)METHYL]AMINO}BENZOYL)PIPERIDINE-4-CARBOXYLATE (DB07689)","0.8068","http://www.drugbank.ca/drugs/DB07689"
"427","1-[4-(4-chlorobenzyl)-1-(7H-pyrrolo[2,3-d]pyrimidin-4-yl)piperidin-4-yl]methanamine (DB08149)","0.8044","http://www.drugbank.ca/drugs/DB08149"
"428","METHYL 1-(4-{[(2,4-DIAMINOPTERIDIN-6-YL)METHYL](METHYL)AMINO}BENZOYL)PIPERIDINE-4-CARBOXYLATE (DB07765)","0.8041","http://www.drugbank.ca/drugs/DB07765"
"429","Quinine (DB00468)","0.8035","http://www.drugbank.ca/drugs/DB00468"
"430","Quinidine (DB00908)","0.8035","http://www.drugbank.ca/drugs/DB00908"
"431","2-(4-(AMINOMETHYL)PIPERIDIN-1-YL)-N-(3_CYCLOHEXYL-4-OXO-2,4-DIHYDROINDENO[1,2-C]PYRAZOL-5-YL)ACETAMIDE (DB07618)","0.8024","http://www.drugbank.ca/drugs/DB07618"
"432","Dapagliflozin (DB06292)","0.8021","http://www.drugbank.ca/drugs/DB06292"
"433","Sunitinib (DB01268)","0.8005","http://www.drugbank.ca/drugs/DB01268"
"434","5-[(E)-(5-CHLORO-2-OXO-1,2-DIHYDRO-3H-INDOL-3-YLIDENE)METHYL]-N-[2-(DIETHYLAMINO)ETHYL]-2,4-DIMETHYL-1H-PYRROLE-3-CARBOXAMIDE (DB08009)","0.8005","http://www.drugbank.ca/drugs/DB08009"
"435","Methylergometrine (DB00353)","0.7998","http://www.drugbank.ca/drugs/DB00353"
"436","N~6~-cyclohexyl-N~2~-(4-morpholin-4-ylphenyl)-9H-purine-2,6-diamine (DB07340)","0.7975","http://www.drugbank.ca/drugs/DB07340"
"437","Methysergide (DB00247)","0.7974","http://www.drugbank.ca/drugs/DB00247"
"438","6-CARBAMIMIDOYL-2-[2-HYDROXY-5-(3-METHOXY-PHENYL)-INDAN-1-YL]-HEXANOIC ACID (DB06866)","0.7948","http://www.drugbank.ca/drugs/DB06866"
"439","(2R)-2-{[4-(benzylamino)-8-(1-methylethyl)pyrazolo[1,5-a][1,3,5]triazin-2-yl]amino}butan-1-ol (DB08285)","0.7942","http://www.drugbank.ca/drugs/DB08285"
"440","(2R,3R,4S,5R)-2-[6-amino-8-[(3,4-dichlorophenyl)methylamino]purin-9-yl]-5-(hydroxymethyl)oxolane-3,4-diol (DB07045)","0.7922","http://www.drugbank.ca/drugs/DB07045"
"441","(4aS)-5-[(2,4-diaminopteridin-6-yl)methyl]-4a,5-dihydro-2H-dibenzo[b,f]azepin-8-ol (DB08448)","0.7902","http://www.drugbank.ca/drugs/DB08448"
"442","Raltegravir (DB06817)","0.7894","http://www.drugbank.ca/drugs/DB06817"
"443","Doxapram (DB00561)","0.7887","http://www.drugbank.ca/drugs/DB00561"
"444","(METHYLPYRIDAZINE PIPERIDINE BUTYLOXYPHENYL)ETHYLACETATE (DB08014)","0.7885","http://www.drugbank.ca/drugs/DB08014"
"445","Sufentanil (DB00708)","0.7869","http://www.drugbank.ca/drugs/DB00708"
"446","N-(TERT-BUTYL)-3,5-DIMETHYL-N'-[(5-METHYL-2,3-DIHYDRO-1,4-BENZODIOXIN-6-YL)CARBONYL]BENZOHYDRAZIDE (DB07929)","0.7865","http://www.drugbank.ca/drugs/DB07929"
"447","6-CARBAMIMIDOYL-2-[2-HYDROXY-6-(4-HYDROXY-PHENYL)-INDAN-1-YL]-HEXANOIC ACID (DB06865)","0.7859","http://www.drugbank.ca/drugs/DB06865"
"448","Amineptine (DB04836)","0.7845","http://www.drugbank.ca/drugs/DB04836"
"449","N-butyl-3-{[6-(9H-purin-6-ylamino)hexanoyl]amino}benzamide (DB07801)","0.7843","http://www.drugbank.ca/drugs/DB07801"
"450","Disopyramide (DB00280)","0.7824","http://www.drugbank.ca/drugs/DB00280"
"451","Donepezil (DB00843)","0.7810","http://www.drugbank.ca/drugs/DB00843"
"452","1-BENZYL-4-[(5,6-DIMETHOXY-1-INDANON-2-YL)METHYL]PIPERIDINE (DB07701)","0.7810","http://www.drugbank.ca/drugs/DB07701"
"453","1-Allyl-3-Butyl-8-(N-Acetyl-4-Aminobenzyl)-Xanthine (DB03267)","0.7784","http://www.drugbank.ca/drugs/DB03267"
"454","(3-EXO)-3-(10,11-DIHYDRO-5H-DIBENZO[A,D][7]ANNULEN-5-YLOXY)-8,8-DIMETHYL-8-AZONIABICYCLO[3.2.1]OCTANE (DB07494)","0.7783","http://www.drugbank.ca/drugs/DB07494"
"455","ONO-6818 (DB03925)","0.7733","http://www.drugbank.ca/drugs/DB03925"
"456","BMS184394 (DB03466)","0.7723","http://www.drugbank.ca/drugs/DB03466"
"457","Bortezomib (DB00188)","0.7720","http://www.drugbank.ca/drugs/DB00188"
"458","SR11254 (DB02258)","0.7700","http://www.drugbank.ca/drugs/DB02258"
"459","2-(6-CHLORO-3-{[2,2-DIFLUORO-2-(2-PYRIDINYL)ETHYL]AMINO}-2-OXO-1(2H)-PYRAZINYL)-N-[(2-FLUORO-6-PYRIDINYL)METHYL]ACETAMIDE (DB07548)","0.7682","http://www.drugbank.ca/drugs/DB07548"
"460","3-{ISOPROPYL[(TRANS-4-METHYLCYCLOHEXYL)CARBONYL]AMINO}-5-PHENYLTHIOPHENE-2-CARBOXYLIC ACID (DB08279)","0.7667","http://www.drugbank.ca/drugs/DB08279"
"461","5-(7-(4-(4,5-DIHYDRO-2-OXAZOLYL)PHENOXY)HEPTYL)-3-METHYL ISOXAZOLE (DB08726)","0.7659","http://www.drugbank.ca/drugs/DB08726"
"462","Paliperidone (DB01267)","0.7658","http://www.drugbank.ca/drugs/DB01267"
"463","5-[[(2R)-2-cyclopropyl-7,8-dimethoxy-2H-chromen-5-yl]methyl]pyrimidine-2,4-diamine (DB08741)","0.7632","http://www.drugbank.ca/drugs/DB08741"
"464","4-[5-(Trans-4-Aminocyclohexylamino)-3-Isopropylpyrazolo[1,5-a]Pyrimidin-7-Ylamino]-N,N-Dimethylbenzenesulfonamide (DB01888)","0.7596","http://www.drugbank.ca/drugs/DB01888"
"465","Eprosartan (DB00876)","0.7595","http://www.drugbank.ca/drugs/DB00876"
"466","6-CYCLOHEXYLMETHYLOXY-2-(4'-HYDROXYANILINO)PURINE (DB08233)","0.7580","http://www.drugbank.ca/drugs/DB08233"
"467","N'-(6-aminopyridin-3-yl)-N-(2-cyclopentylethyl)-4-methyl-benzene-1,3-dicarboxamide (DB07537)","0.7574","http://www.drugbank.ca/drugs/DB07537"
"468","2-(6-CHLORO-3-{[2,2-DIFLUORO-2-(2-PYRIDINYL)ETHYL]AMINO}-2-OXO-1(2H)-PYRAZINYL)-N-[(2-FLUORO-3-METHYL-6-PYRIDINYL)METHYL]ACETAMIDE (DB07549)","0.7553","http://www.drugbank.ca/drugs/DB07549"
"469","(3aS,4R,9bR)-2,2-difluoro-4-(4-hydroxyphenyl)-6-(methoxymethyl)-1,2,3,3a,4,9b-hexahydrocyclopenta[c]chromen-8-ol (DB07036)","0.7534","http://www.drugbank.ca/drugs/DB07036"
"470","6-CYCLOHEXYLMETHOXY-2-(3'-CHLOROANILINO) PURINE (DB07203)","0.7524","http://www.drugbank.ca/drugs/DB07203"
"471","5-(7-(6-CHLORO-4-(5-HYDRO-4-METHYL-2-OXAZOLYL)PHENOXY)HEPTYL)-3-METHYL ISOXAZOLE (DB08722)","0.7509","http://www.drugbank.ca/drugs/DB08722"
"472","(3ASR,4RS,8ASR,8BRS)-4-(2-(4-FLUOROBENZYL)-1,3-DIOXODEACAHYDROPYRROLO[3,4-A] PYRROLIZIN-4-YL)BENZAMIDINE (DB07796)","0.7501","http://www.drugbank.ca/drugs/DB07796"
"473","5-(7-(5-HYDRO-4-METHYL-2-OXAZOLYL)PHENOXY)HEPTYL)-3-METHYL ISOXAZOLE (DB08727)","0.7477","http://www.drugbank.ca/drugs/DB08727"
"474","N-[4-(1-BENZOYLPIPERIDIN-4-YL)BUTYL]-3-PYRIDIN-3-YLPROPANAMIDE (DB07656)","0.7451","http://www.drugbank.ca/drugs/DB07656"
"475","4-(6-CYCLOHEXYLMETHOXY-9H-PURIN-2-YLAMINO)--BENZAMIDE (DB08241)","0.7440","http://www.drugbank.ca/drugs/DB08241"
"476","4-[(3AS,4R,7R,8AS,8BR)-2-(1,3-BENZODIOXOL-5-YLMETHYL)-7-HYDROXY-1,3-DIOXODECAHYDROPYRROLO[3,4-A]PYRROLIZIN-4-YL]BENZENECARBOXIMIDAMIDE (DB08546)","0.7437","http://www.drugbank.ca/drugs/DB08546"
"477","3-({2-[(4-{[6-(CYCLOHEXYLMETHOXY)-9H-PURIN-2-YL]AMINO}PHENYL)SULFONYL]ETHYL}AMINO)PROPAN-1-OL (DB08309)","0.7351","http://www.drugbank.ca/drugs/DB08309"
"478","(1S,2S,5S)2-(4-GLUTARIDYLBENZYL)-5-PHENYL-1-CYCLOHEXANOL (DB07909)","0.7306","http://www.drugbank.ca/drugs/DB07909"
"479","Pralatrexate (DB06813)","0.7282","http://www.drugbank.ca/drugs/DB06813"
"480","5-(7-(5-HYDRO-4-ETHYL-2-OXAZOLYL)PHENOXY)HEPTYL)-3-METHYL ISOXAZOLE (DB08725)","0.7234","http://www.drugbank.ca/drugs/DB08725"
"481","Adapalene (DB00210)","0.7212","http://www.drugbank.ca/drugs/DB00210"
"482","Alfentanil (DB00802)","0.7208","http://www.drugbank.ca/drugs/DB00802"
"483","5-[[(2R)-2-cyclopropyl-7,8-dimethoxy-chroman-5-yl]methyl]pyrimidine-2,4-diamine (DB07938)","0.7202","http://www.drugbank.ca/drugs/DB07938"
"484","Tamibarotene (DB04942)","0.7159","http://www.drugbank.ca/drugs/DB04942"
"485","Glipizide (DB01067)","0.7144","http://www.drugbank.ca/drugs/DB01067"
"486","7-amino-2-tert-butyl-4-(4-pyrimidin-2-ylpiperazin-1-yl)pyrido[2,3-d]pyrimidine-6-carboxamide (DB07043)","0.7084","http://www.drugbank.ca/drugs/DB07043"
"487","R-3-FLUORO-4-[2-HYDROXY-2-(5,5,8,8-TETRAMETHYL-5,6,7,8,-TETRAHYDRO-NAPHTALEN-2-YL)-ACETYLAMINO]-BENZOIC ACID (DB07031)","0.7075","http://www.drugbank.ca/drugs/DB07031"
"488","3-FLUORO-4-[2-HYDROXY-2-(5,5,8,8-TETRAMETHYL-5,6,7,8,-TETRAHYDRO-NAPHTALEN-2-YL)-ACETYLAMINO]-BENZOIC ACID (DB07294)","0.7075","http://www.drugbank.ca/drugs/DB07294"
"489","Ticagrelor (DB08816)","0.6760","http://www.drugbank.ca/drugs/DB08816"
"490","Bis-Benzamidine (DB02081)","0.6645","http://www.drugbank.ca/drugs/DB02081"
"491","Eszopiclone (DB00402)","0.6616","http://www.drugbank.ca/drugs/DB00402"
"492","2-[Trans-(4-Aminocyclohexyl)Amino]-6-(Benzyl-Amino)-9-Cyclopentylpurine (DB04288)","0.6613","http://www.drugbank.ca/drugs/DB04288"
"493","Yohimbine (DB01392)","0.6431","http://www.drugbank.ca/drugs/DB01392"
"494","Oxyphencyclimine (DB00383)","0.6425","http://www.drugbank.ca/drugs/DB00383"
"495","Cilostazol (DB01166)","0.6341","http://www.drugbank.ca/drugs/DB01166"
"496","[1-(4-Fluorobenzyl)Cyclobutyl]Methyl (1s)-1-[Oxo(1h-Pyrazol-5-Ylamino)Acetyl]Pentylcarbamate (DB01858)","0.5941","http://www.drugbank.ca/drugs/DB01858"
"497","(2S,3S)-3-{3-[2-chloro-4-(methylsulfonyl)phenyl]-1,2,4-oxadiazol-5-yl}-1-cyclopentylidene-4-cyclopropyl-1-fluorobutan-2-amine (DB06994)","0.5659","http://www.drugbank.ca/drugs/DB06994"
"498","Cinalukast (DB00587)","0.5406","http://www.drugbank.ca/drugs/DB00587"
"499","6-[1-(3,5,5,8,8-Pentamethyl-5,6,7,8-Tetrahydronaphthalen-2-Yl)Cyclopropyl]Pyridine-3-Carboxylic Acid (DB01941)","0.4998","http://www.drugbank.ca/drugs/DB01941"
"500","KW-3902 (DB05360)","0.2414","http://www.drugbank.ca/drugs/DB05360"
