"","DrugBank Compound (Name, ID)","Similarity to ","Link"
"1","Topotecan (DB01030)","1.0000","http://www.drugbank.ca/drugs/DB01030"
"2","LE-SN38 (DB05482)","0.9913","http://www.drugbank.ca/drugs/DB05482"
"3","Camptothecin (DB04690)","0.9879","http://www.drugbank.ca/drugs/DB04690"
"4","BNP 1350 (DB05806)","0.9720","http://www.drugbank.ca/drugs/DB05806"
"5","CRA_16847 (DB02063)","0.9706","http://www.drugbank.ca/drugs/DB02063"
"6","(1S)-2-(1H-INDOL-3-YL)-1-[({5-[(E)-2-PYRIDIN-4-YLVINYL]PYRIDIN-3-YL}OXY)METHYL]ETHYLAMINE (DB07107)","0.9592","http://www.drugbank.ca/drugs/DB07107"
"7","N-(2-hydroxy-1,1-dimethylethyl)-1-methyl-3-(1H-pyrrolo[2,3-b]pyridin-2-yl)-1H-indole-5-carboxamide (DB06834)","0.9562","http://www.drugbank.ca/drugs/DB06834"
"8","CRA_10655 (DB02526)","0.9524","http://www.drugbank.ca/drugs/DB02526"
"9","3-[3-(3-methyl-6-{[(1S)-1-phenylethyl]amino}-1H-pyrazolo[4,3-c]pyridin-1-yl)phenyl]propanamide (DB06963)","0.9515","http://www.drugbank.ca/drugs/DB06963"
"10","(2S)-3-(1-{[2-(2-CHLOROPHENYL)-5-METHYL-1,3-OXAZOL-4-YL]METHYL}-1H-INDOL-5-YL)-2-ETHOXYPROPANOIC ACID (DB06908)","0.9509","http://www.drugbank.ca/drugs/DB06908"
"11","Droperidol (DB00450)","0.9504","http://www.drugbank.ca/drugs/DB00450"
"12","Indole Naphthyridinone (DB01691)","0.9496","http://www.drugbank.ca/drugs/DB01691"
"13","CRA_17312 (DB02084)","0.9486","http://www.drugbank.ca/drugs/DB02084"
"14","CRA_17693 (DB01741)","0.9477","http://www.drugbank.ca/drugs/DB01741"
"15","3-(5-{[4-(AMINOMETHYL)PIPERIDIN-1-YL]METHYL}-1H-INDOL-2-YL)QUINOLIN-2(1H)-ONE (DB07025)","0.9472","http://www.drugbank.ca/drugs/DB07025"
"16","4-(1-Benzyl-3-Carbamoylmethyl-2-Methyl-1h-Indol-5-Yloxy)-Butyric Acid (DB02936)","0.9470","http://www.drugbank.ca/drugs/DB02936"
"17","(13R,15S)-13-METHYL-16-OXA-8,9,12,22,24-PENTAAZAHEXACYCLO[15.6.2.16,9.1,12,15.0,2,7.0,21,25]HEPTACOSA-1(24),2,4,6,17(25),18,20-HEPTAENE-23,26-DIONE (DB06888)","0.9451","http://www.drugbank.ca/drugs/DB06888"
"18","3-FLUORO-5-MORPHOLIN-4-YL-N-[3-(2-PYRIDIN-4-YLETHYL)-1H-INDOL-5-YL]BENZAMIDE (DB08091)","0.9439","http://www.drugbank.ca/drugs/DB08091"
"19","Bopindolol (DB08807)","0.9431","http://www.drugbank.ca/drugs/DB08807"
"20","3-{3-bromo-4-[(2,4-difluorobenzyl)oxy]-6-methyl-2-oxopyridin-1(2H)-yl}-N,4-dimethylbenzamide (DB07941)","0.9426","http://www.drugbank.ca/drugs/DB07941"
"21","CP-526423 (DB02089)","0.9423","http://www.drugbank.ca/drugs/DB02089"
"22","Apixaban (DB06605)","0.9420","http://www.drugbank.ca/drugs/DB06605"
"23","Cilansetron (DB04885)","0.9400","http://www.drugbank.ca/drugs/DB04885"
"24","3-(5-{[4-(AMINOMETHYL)PIPERIDIN-1-YL]METHYL}-1H-INDOL-2-YL)-1H-INDAZOLE-6-CARBONITRILE (DB07075)","0.9399","http://www.drugbank.ca/drugs/DB07075"
"25","8-ethyl-3,10,10-trimethyl-4,5,6,8,10,12-hexahydropyrazolo[4',3':6,7]cyclohepta[1,2-b]pyrrolo[2,3-f]indol-9(1H)-one (DB07266)","0.9393","http://www.drugbank.ca/drugs/DB07266"
"26","Rbt205 Inhibitor (DB03777)","0.9388","http://www.drugbank.ca/drugs/DB03777"
"27","3-[1-(3-AMINOPROPYL)-1H-INDOL-3-YL]-4-(1H-INDOL-3-YL)-1H-PYRROLE-2,5-DIONE (DB07457)","0.9388","http://www.drugbank.ca/drugs/DB07457"
"28","2-[(2-methoxyethyl)amino]-4-(4-oxo-1,2,3,4-tetrahydro-9H-carbazol-9-yl)benzamide (DB08557)","0.9381","http://www.drugbank.ca/drugs/DB08557"
"29","2-[1-(4-CHLOROBENZOYL)-5-METHOXY-2-METHYL-1H-INDOL-3-YL]-N-[(1R)-1-(HYDROXYMETHYL)PROPYL]ACETAMIDE (DB07981)","0.9380","http://www.drugbank.ca/drugs/DB07981"
"30","2-[1-(4-CHLOROBENZOYL)-5-METHOXY-2-METHYL-1H-INDOL-3-YL]-N-[(1S)-1-(HYDROXYMETHYL)PROPYL]ACETAMIDE (DB07984)","0.9380","http://www.drugbank.ca/drugs/DB07984"
"31","8-Benzyl-2-Hydroxy-2-(4-Hydroxy-Benzyl)-6-(4-Hydroxy-Phenyl)-2h-Imidazo[1,2-a]Pyrazin-3-One (DB02194)","0.9376","http://www.drugbank.ca/drugs/DB02194"
"32","[3-(1-Benzyl-3-Carbamoylmethyl-2-Methyl-1h-Indol-5-Yloxy)-Propyl-]-Phosphonic Acid (DB02504)","0.9372","http://www.drugbank.ca/drugs/DB02504"
"33","8-Benzyl-2-Hydroperoxy-2-(4-Hydroxy-Benzyl)-6-(4-Hydroxy-Phenyl)-2h-Imidazo[1,2-a]Pyrazin-3-One (DB02241)","0.9367","http://www.drugbank.ca/drugs/DB02241"
"34","6,7-DIMETHOXY-4-[(3R)-3-(QUINOXALIN-2-YLOXY)PYRROLIDIN-1-YL]QUINAZOLINE (DB08391)","0.9365","http://www.drugbank.ca/drugs/DB08391"
"35","CRA_10433 (DB03173)","0.9360","http://www.drugbank.ca/drugs/DB03173"
"36","Coelenteramide (DB04049)","0.9357","http://www.drugbank.ca/drugs/DB04049"
"37","(2Z,3E)-2,3'-BIINDOLE-2',3(1H,1'H)-DIONE 3-{O-[(3R)-3,4-DIHYDROXYBUTYL]OXIME} (DB07766)","0.9357","http://www.drugbank.ca/drugs/DB07766"
"38","2-{4-[5-(4-chlorophenyl)-4-pyrimidin-4-yl-1H-pyrazol-3-yl]piperidin-1-yl}-2-oxoethanol (DB07943)","0.9343","http://www.drugbank.ca/drugs/DB07943"
"39","1-CYCLOHEXYL-N-{[1-(4-METHYLPHENYL)-1H-INDOL-3-YL]METHYL}METHANAMINE (DB06833)","0.9343","http://www.drugbank.ca/drugs/DB06833"
"40","CRA_10991 (DB01771)","0.9340","http://www.drugbank.ca/drugs/DB01771"
"41","N-[(13-CYCLOHEXYL-6,7-DIHYDROINDOLO[1,2-D][1,4]BENZOXAZEPIN-10-YL)CARBONYL]-2-METHYL-L-ALANINE (DB08031)","0.9338","http://www.drugbank.ca/drugs/DB08031"
"42","ZK-806711 (DB03373)","0.9330","http://www.drugbank.ca/drugs/DB03373"
"43","N-{[4-(but-2-yn-1-yloxy)phenyl]sulfonyl}-5-methyl-D-tryptophan (DB07233)","0.9326","http://www.drugbank.ca/drugs/DB07233"
"44","3-[3-chloro-5-(5-{[(1S)-1-phenylethyl]amino}isoxazolo[5,4-c]pyridin-3-yl)phenyl]propan-1-ol (DB06897)","0.9325","http://www.drugbank.ca/drugs/DB06897"
"45","3-FLUORO-5-MORPHOLIN-4-YL-N-[1-(2-PYRIDIN-4-YLETHYL)-1H-INDOL-6-YL]BENZAMIDE (DB08730)","0.9324","http://www.drugbank.ca/drugs/DB08730"
"46","(S)-3-(4-(2-Carbazol-9-Yl-Ethoxy)-Phenyl)-2-Ethoxy-Propionic Acid (DB04270)","0.9323","http://www.drugbank.ca/drugs/DB04270"
"47","OPC-6535 (DB05298)","0.9322","http://www.drugbank.ca/drugs/DB05298"
"48","3-[1-(3-Aminopropyl)-1h-Indol-3-Yl]-4-(1-Methyl-1h-Indol-3-Yl)-1h-Pyrrole-2,5-Dione (DB01946)","0.9319","http://www.drugbank.ca/drugs/DB01946"
"49","4-[(3S)-1-AZABICYCLO[2.2.2]OCT-3-YLAMINO]-3-(1H-BENZIMIDAZOL-2-YL)-6-CHLOROQUINOLIN-2(1H)-ONE (DB06852)","0.9318","http://www.drugbank.ca/drugs/DB06852"
"50","1-(5-Carboxypentyl)-5-[(2,6-Dichlorobenzyl)Oxy]-1 H-Indole-2-Carboxylic Acid (DB02316)","0.9318","http://www.drugbank.ca/drugs/DB02316"
"51","1-((1R,2S)-1-{2-[2-(4-CHLOROPHENYL)-1,3-BENZOXAZOL-7-YL]ETHYL}-2-HYDROXYPROPYL)-1H-IMIDAZOLE-4-CARBOXAMIDE (DB07786)","0.9311","http://www.drugbank.ca/drugs/DB07786"
"52","6-ETHYL-5-[9-(3-METHOXYPROPYL)-9H-CARBAZOL-2-YL]PYRIMIDINE-2,4-DIAMINE (DB06967)","0.9310","http://www.drugbank.ca/drugs/DB06967"
"53","(10R)-10-Formyl-5,8,10-Trideazafolic Acid (DB04264)","0.9309","http://www.drugbank.ca/drugs/DB04264"
"54","N-[2-(2,4-diaminopyrido[2,3-d]pyrimidin-7-yl)-2-methylpropyl]-4-phenoxybenzamide (DB07041)","0.9305","http://www.drugbank.ca/drugs/DB07041"
"55","(10S)-10-Formyl-5,8,10-Trideazafolic Acid (DB02540)","0.9296","http://www.drugbank.ca/drugs/DB02540"
"56","1-{3-oxo-3-[(2S)-2-(pyrrolidin-1-ylcarbonyl)pyrrolidin-1-yl]propyl}-3-phenylquinoxalin-2(1H)-one (DB08738)","0.9295","http://www.drugbank.ca/drugs/DB08738"
"57","5-[5,6-BIS(METHYLOXY)-1H-BENZIMIDAZOL-1-YL]-3-{[1-(2-CHLOROPHENYL)ETHYL]OXY}-2-THIOPHENECARBOXAMIDE (DB07471)","0.9285","http://www.drugbank.ca/drugs/DB07471"
"58","2-{5-[3-(7-PROPYL-3-TRIFLUOROMETHYLBENZO[D]ISOXAZOL-6-YLOXY)PROPOXY]INDOL-1-YL}ETHANOIC ACID (DB07053)","0.9285","http://www.drugbank.ca/drugs/DB07053"
"59","3-(1H-INDOL-3-YL)-4-(1-{2-[(2S)-1-METHYLPYRROLIDINYL]ETHYL}-1H-INDOL-3-YL)-1H-PYRROLE-2,5-DIONE (DB07456)","0.9284","http://www.drugbank.ca/drugs/DB07456"
"60","3-(1H-INDOL-3-YL)-4-{1-[2-(1-METHYLPYRROLIDIN-2-YL)ETHYL]-1H-INDOL-3-YL}-1H-PYRROLE-2,5-DIONE (DB07458)","0.9284","http://www.drugbank.ca/drugs/DB07458"
"61","[5-AMINO-1-(4-FLUOROPHENYL)-1H-PYRAZOL-4-YL][3-(PIPERIDIN-4-YLOXY)PHENYL]METHANONE (DB08423)","0.9280","http://www.drugbank.ca/drugs/DB08423"
"62","4-[4-(1-Amino-1-Methylethyl)Phenyl]-5-Chloro-N-[4-(2-Morpholin-4-Ylethyl)Phenyl]Pyrimidin-2-Amine (DB02491)","0.9279","http://www.drugbank.ca/drugs/DB02491"
"63","3-CYCLOHEXYL-1-(2-MORPHOLIN-4-YL-2-OXOETHYL)-2-PHENYL-1H-INDOLE-6-CARBOXYLIC ACID (DB07570)","0.9278","http://www.drugbank.ca/drugs/DB07570"
"64","1-((1R)-1-(HYDROXYMETHYL)-3-{6-[(3-PHENYLPROPANOYL)AMINO]-1H-INDOL-1-YL}PROPYL)-1H-IMIDAZOLE-4-CARBOXAMIDE (DB07783)","0.9275","http://www.drugbank.ca/drugs/DB07783"
"65","[5-AMINO-1-(4-FLUOROPHENYL)-1H-PYRAZOL-4-YL](3-{[(2R)-2,3-DIHYDROXYPROPYL]OXY}PHENYL)METHANONE (DB08424)","0.9268","http://www.drugbank.ca/drugs/DB08424"
"66","1-((2-HYDROXYETHOXY)METHYL)-5-(3-(BENZYLOXY)BENZYL)PYRIMIDINE-2,4(1H,3H)-DIONE (DB06873)","0.9266","http://www.drugbank.ca/drugs/DB06873"
"67","Indacaterol (DB05039)","0.9266","http://www.drugbank.ca/drugs/DB05039"
"68","{5-(5-AMINO-1H-PYRROLO[3,2-B]PYRIDIN-2-YL)-6-HYDROXY-3'-NITRO-BIPHENYL-3-YL]-ACETIC ACID (DB08232)","0.9250","http://www.drugbank.ca/drugs/DB08232"
"69","6-ETHYL-5-[(2S)-1-(3-METHOXYPROPYL)-2-PHENYL-1,2,3,4-TETRAHYDROQUINOLIN-7-YL]PYRIMIDINE-2,4-DIAMINE (DB08099)","0.9250","http://www.drugbank.ca/drugs/DB08099"
"70","K-252a (DB02152)","0.9249","http://www.drugbank.ca/drugs/DB02152"
"71","(2S)-6-(2,4-DIAMINO-6-ETHYLPYRIMIDIN-5-YL)-2-(3,5-DIFLUOROPHENYL)-4-(3-METHOXYPROPYL)-2H-1,4-BENZOXAZIN-3(4H)-ONE (DB07113)","0.9245","http://www.drugbank.ca/drugs/DB07113"
"72","{4-[3-(6,7-Diethoxy-Quinazolin-4-Ylamino)-Phenyl]-Thiazol-2-Yl}-Methanol (DB02848)","0.9241","http://www.drugbank.ca/drugs/DB02848"
"73","N-cyclopropyl-3-{[1-(2,4-difluorophenyl)-7-methyl-6-oxo-6,7-dihydro-1H-pyrazolo[3,4-b]pyridin-4-yl]amino}-4-methylbenzamide (DB08349)","0.9240","http://www.drugbank.ca/drugs/DB08349"
"74","Temafloxacin (DB01405)","0.9239","http://www.drugbank.ca/drugs/DB01405"
"75","2'-deoxy-N-(naphthalen-1-ylmethyl)guanosine 5'-(dihydrogen phosphate) (DB08237)","0.9239","http://www.drugbank.ca/drugs/DB08237"
"76","CRA_11092 (DB03555)","0.9237","http://www.drugbank.ca/drugs/DB03555"
"77","10-Propargyl-5,8-Dideazafolic Acid (DB03541)","0.9232","http://www.drugbank.ca/drugs/DB03541"
"78","1-((2-HYDROXYETHOXY)METHYL)-5-(3-(BENZYLOXY)BENZYL)-6-HYDROXYPYRIMIDINE-2,4(1H,3H)-DIONE (DB07439)","0.9231","http://www.drugbank.ca/drugs/DB07439"
"79","(2R)-N-HYDROXY-2-[(3S)-3-METHYL-3-{4-[(2-METHYLQUINOLIN-4-YL)METHOXY]PHENYL}-2-OXOPYRROLIDIN-1-YL]PROPANAMIDE (DB07145)","0.9224","http://www.drugbank.ca/drugs/DB07145"
"80","3-(1h-Indol-3-Yl)-2-[4-(4-Phenyl-Piperidin-1-Yl)-Benzenesulfonylamino]-Propionic Acid (DB02449)","0.9221","http://www.drugbank.ca/drugs/DB02449"
"81","THIENO[3,2-B]PYRIDINE-2-SULFONIC ACID [1-(1-AMINO-ISOQUINOLIN-7-YLMETHYL)-2-OXO-PYRROLDIN-3-YL]-AMIDE (DB07261)","0.9218","http://www.drugbank.ca/drugs/DB07261"
"82","(1-Methyl-1h-Imidazol-2-Yl)-(3-Methyl-4-{3-[(Pyridin-3-Ylmethyl)-Amino]-Propoxy}-Benzofuran-2-Yl)-Methanone (DB03062)","0.9218","http://www.drugbank.ca/drugs/DB03062"
"83","Trametinib (DB08911)","0.9216","http://www.drugbank.ca/drugs/DB08911"
"84","Lintitript (DB04867)","0.9213","http://www.drugbank.ca/drugs/DB04867"
"85","1-(3-HYDROXYPROPYL)-2-[(3-NITROBENZOYL)AMINO]-1H-BENZIMIDAZOL-5-YL PIVALATE (DB08590)","0.9211","http://www.drugbank.ca/drugs/DB08590"
"86","2-amino-4-[2,4-dichloro-5-(2-pyrrolidin-1-ylethoxy)phenyl]-N-ethylthieno[2,3-d]pyrimidine-6-carboxamide (DB06969)","0.9211","http://www.drugbank.ca/drugs/DB06969"
"87","6-FLUORO-2-[2-HYDROXY-3-(2-METHYL-CYCLOHEXYLOXY)-PHENYL]-1H-INDOLE-5-CARBOXAMIDINE (DB06856)","0.9211","http://www.drugbank.ca/drugs/DB06856"
"88","6-BENZYL-1-BENZYLOXYMETHYL-5-ISOPROPYL URACIL (DB08634)","0.9209","http://www.drugbank.ca/drugs/DB08634"
"89","Fluvastatin (DB01095)","0.9206","http://www.drugbank.ca/drugs/DB01095"
"90","3-[3-(2,3-Dihydroxy-Propylamino)-Phenyl]-4-(5-Fluoro-1-Methyl-1h-Indol-3-Yl)-Pyrrole-2,5-Dione (DB01772)","0.9206","http://www.drugbank.ca/drugs/DB01772"
"91","Risperidone (DB00734)","0.9205","http://www.drugbank.ca/drugs/DB00734"
"92","5-[1-(3,4-Dimethoxy-Benzoyl)-1,2,3,4-Tetrahydro-Quinolin-6-Yl]-6-Methyl-3,6-Dihydro-[1,3,4]Thiadiazin-2-One (DB03944)","0.9204","http://www.drugbank.ca/drugs/DB03944"
"93","5-[(3R)-3-(5-methoxy-4'-methylbiphenyl-3-yl)but-1-yn-1-yl]-6-methylpyrimidine-2,4-diamine (DB07141)","0.9197","http://www.drugbank.ca/drugs/DB07141"
"94","Eletriptan (DB00216)","0.9197","http://www.drugbank.ca/drugs/DB00216"
"95","Etonitazene (DB01462)","0.9197","http://www.drugbank.ca/drugs/DB01462"
"96","FR236913 (DB02830)","0.9196","http://www.drugbank.ca/drugs/DB02830"
"97","1-{(2S,5S)-4-FLUORO-5-[(TRITYLOXY)METHYL]TETRAHYDROFURAN-2-YL}PYRIMIDINE-2,4(1H,3H)-DIONE (DB04685)","0.9196","http://www.drugbank.ca/drugs/DB04685"
"98","N-cyclopropyl-4-methyl-3-{2-[(2-morpholin-4-ylethyl)amino]quinazolin-6-yl}benzamide (DB08351)","0.9192","http://www.drugbank.ca/drugs/DB08351"
"99","Aleglitazar (DB08915)","0.9189","http://www.drugbank.ca/drugs/DB08915"
"100","7-[3-(4-FLUORO-PHENYL)-1-ISOPROPYL-1H-INDOL-2-YL]-3,5-DIHYDROXY-HEPTANOIC ACID (DB06846)","0.9185","http://www.drugbank.ca/drugs/DB06846"
"101","5-[(3R)-3-(5-methoxy-3',5'-dimethylbiphenyl-3-yl)but-1-yn-1-yl]-6-methylpyrimidine-2,4-diamine (DB07142)","0.9184","http://www.drugbank.ca/drugs/DB07142"
"102","Vemurafenib (DB08881)","0.9178","http://www.drugbank.ca/drugs/DB08881"
"103","1-(CYCLOHEXYLAMINO)-3-(6-METHYL-3,4-DIHYDRO-1H-CARBAZOL-9(2H)-YL)PROPAN-2-OL (DB07061)","0.9177","http://www.drugbank.ca/drugs/DB07061"
"104","5-[(3R)-3-(5-methoxybiphenyl-3-yl)but-1-yn-1-yl]-6-methylpyrimidine-2,4-diamine (DB07140)","0.9174","http://www.drugbank.ca/drugs/DB07140"
"105","5-[(3R)-3-(5-methoxy-2',6'-dimethylbiphenyl-3-yl)but-1-yn-1-yl]-6-methylpyrimidine-2,4-diamine (DB07144)","0.9172","http://www.drugbank.ca/drugs/DB07144"
"106","5-[(3S)-3-(2-methoxybiphenyl-4-yl)but-1-yn-1-yl]-6-methylpyrimidine-2,4-diamine (DB06847)","0.9172","http://www.drugbank.ca/drugs/DB06847"
"107","Quinacrine (DB01103)","0.9171","http://www.drugbank.ca/drugs/DB01103"
"108","2-(4-fluorophenyl)-N-{[3-fluoro-4-(1H-pyrrolo[2,3-b]pyridin-4-yloxy)phenyl]carbamoyl}acetamide (DB06997)","0.9171","http://www.drugbank.ca/drugs/DB06997"
"109","3-(1,1-dioxido-4H-1,2,4-benzothiadiazin-3-yl)-4-hydroxy-1-(3-methylbutyl)quinolin-2(1H)-one (DB07275)","0.9170","http://www.drugbank.ca/drugs/DB07275"
"110","Olmesartan (DB00275)","0.9169","http://www.drugbank.ca/drugs/DB00275"
"111","N-{(1s)-4-[Bis(2-Chloroethyl)Amino]-1-Methylbutyl}-N-(6-Chloro-2-Methoxy-9-Acridinyl)Amine (DB02240)","0.9168","http://www.drugbank.ca/drugs/DB02240"
"112","OPC-51803 (DB05838)","0.9165","http://www.drugbank.ca/drugs/DB05838"
"113","Dimenhydrinate (DB00985)","0.9164","http://www.drugbank.ca/drugs/DB00985"
"114","[2-Amino-6-(2,6-Difluoro-Benzoyl)-Imidazo[1,2-a]Pyridin-3-Yl]-Phenyl-Methanone (DB04006)","0.9163","http://www.drugbank.ca/drugs/DB04006"
"115","5-(3-carbamoylbenzyl)-5,6,7,8,9,10-hexahydrocyclohepta[b]indole-4-carboxylic acid (DB07945)","0.9159","http://www.drugbank.ca/drugs/DB07945"
"116","1-(DIMETHYLAMINO)-3-(4-{{4-(2-METHYLIMIDAZO[1,2-A]PYRIDIN-3-YL)PYRIMIDIN-2-YL]AMINO}PHENOXY)PROPAN-2-OL (DB07889)","0.9150","http://www.drugbank.ca/drugs/DB07889"
"117","4-BROMO-2-FLUORO-N-[(4E)-6-METHOXY-7-[(1-METHYLPIPERIDIN-4-YL)METHOXY]QUINAZOLIN-4(1H)-YLIDENE]ANILINE (DB08764)","0.9150","http://www.drugbank.ca/drugs/DB08764"
"118","(3S)-1-(1,3-BENZODIOXOL-5-YLMETHYL)-3-[4-(1H-IMIDAZOL-1-YL)PHENOXY]PIPERIDINE (DB07011)","0.9147","http://www.drugbank.ca/drugs/DB07011"
"119","(4R,2S)-5'-(4-(4-CHLOROBENZYLOXY)PYRROLIDIN-2-YLMETHANESULFONYL)ISOQUINOLINE (DB07583)","0.9147","http://www.drugbank.ca/drugs/DB07583"
"120","[1-(3-Hydroxy-2-Oxo-1-Phenethyl-Propylcarbamoyl)2-Phenyl-Ethyl]-Carbamic Acid Pyridin-4-Ylmethyl Ester (DB02128)","0.9143","http://www.drugbank.ca/drugs/DB02128"
"121","5-Chloro-1h-Indole-2-Carboxylic Acid [1-(4-Fluorobenzyl)-2-(4-Hydroxypiperidin-1yl)-2-Oxoethyl]Amide (DB03383)","0.9142","http://www.drugbank.ca/drugs/DB03383"
"122","Loratadine (DB00455)","0.9134","http://www.drugbank.ca/drugs/DB00455"
"123","2-(4-(2-((3-(5-(PYRIDIN-2-YLTHIO)THIAZOL-2-YL)UREIDO)METHYL)-1H-IMIDAZOL-4-YL)PHENOXY)ACETIC ACID (DB08657)","0.9130","http://www.drugbank.ca/drugs/DB08657"
"124","N-(4-phenoxyphenyl)-2-[(pyridin-4-ylmethyl)amino]nicotinamide (DB07183)","0.9130","http://www.drugbank.ca/drugs/DB07183"
"125","2-[2-(1,3-Dioxo-1,3-Dihydro-2h-Isoindol-2-Yl)Ethyl]-4-(4'-Ethoxy-1,1'-Biphenyl-4-Yl)-4-Oxobutanoic Acid (DB04405)","0.9129","http://www.drugbank.ca/drugs/DB04405"
"126","Clonitazene (DB01523)","0.9126","http://www.drugbank.ca/drugs/DB01523"
"127","4-[[2-[[4-chloro-3-(trifluoromethyl)phenyl]amino]-3H-benzimidazol-5-yl]oxy]-N-methyl-pyridine-2-carboxamide (DB06938)","0.9124","http://www.drugbank.ca/drugs/DB06938"
"128","2-[(1R)-2-carboxy-1-(naphthalen-1-ylmethyl)ethyl]-1,3-dioxo-2,3-dihydro-1H-isoindole-5-carboxylic acid (DB08731)","0.9122","http://www.drugbank.ca/drugs/DB08731"
"129","4-[(5-CHLOROINDOL-2-YL)SULFONYL]-2-(2-METHYLPROPYL)-1-[[5-(PYRIDIN-4-YL)PYRIMIDIN-2-YL]CARBONYL]PIPERAZINE (DB04673)","0.9122","http://www.drugbank.ca/drugs/DB04673"
"130","Allyl-{6-[3-(4-Bromo-Phenyl)-1-Methyl-1h-Indazol-6-Yl]Oxy}Hexyl)-N-Methylamine (DB03888)","0.9121","http://www.drugbank.ca/drugs/DB03888"
"131","Cp403700, (S)-1-{2-[(5-Chloro-1h-Indole-2-Carbonyl)-Amino]-3-Phenyl-Propionyl}-Azetidine-3-Carboxylate (DB03744)","0.9116","http://www.drugbank.ca/drugs/DB03744"
"132","N-{5-[4-(4-METHYLPIPERAZIN-1-YL)PHENYL]-1H-PYRROLO[2,3-B]PYRIDIN-3-YL}NICOTINAMIDE (DB06876)","0.9112","http://www.drugbank.ca/drugs/DB06876"
"133","Pitavastatin (DB08860)","0.9110","http://www.drugbank.ca/drugs/DB08860"
"134","Carvedilol (DB01136)","0.9105","http://www.drugbank.ca/drugs/DB01136"
"135","Rimonabant (DB06155)","0.9103","http://www.drugbank.ca/drugs/DB06155"
"136","(2R,4R)-N~1~-(4-CHLOROPHENYL)-N~2~-[2-FLUORO-4-(2-OXOPYRIDIN-1(2H)-YL)PHENYL]-4-METHOXYPYRROLIDINE-1,2-DICARBOXAMIDE (DB06920)","0.9100","http://www.drugbank.ca/drugs/DB06920"
"137","Pemetrexed (DB00642)","0.9098","http://www.drugbank.ca/drugs/DB00642"
"138","Vandetanib (DB05294)","0.9096","http://www.drugbank.ca/drugs/DB05294"
"139","N-(5-{[(2S)-4-amino-2-(3-chlorophenyl)butanoyl]amino}-1H-indazol-3-yl)benzamide (DB07608)","0.9095","http://www.drugbank.ca/drugs/DB07608"
"140","2-[4-(4-Hydroxy-3-Isopropyl-Phenoxy)-3,5-Dimethyl-Phenyl]-2h-[1,2,4]Triazine-3,5-Dione (DB03181)","0.9093","http://www.drugbank.ca/drugs/DB03181"
"141","1-[2-(3-Biphenyl)-4-Methylvaleryl)]Amino-3-(2-Pyridylsulfonyl)Amino-2-Propanone (DB04244)","0.9092","http://www.drugbank.ca/drugs/DB04244"
"142","Pagoclone (DB04903)","0.9089","http://www.drugbank.ca/drugs/DB04903"
"143","9-HYDROXY-6-(3-HYDROXYPROPYL)-4-(2-METHOXYPHENYL)PYRROLO[3,4-C]CARBAZOLE-1,3(2H,6H)-DIONE (DB07006)","0.9088","http://www.drugbank.ca/drugs/DB07006"
"144","2-METHYL-2-(4-{[({4-METHYL-2-[4-(TRIFLUOROMETHYL)PHENYL]-1,3-THIAZOL-5-YL}CARBONYL)AMINO]METHYL}PHENOXY)PROPANOIC ACID (DB07215)","0.9087","http://www.drugbank.ca/drugs/DB07215"
"145","(2R,3R,4S)-3-(4-HYDROXYPHENYL)-4-METHYL-2-[4-(2-PYRROLIDIN-1-YLETHOXY)PHENYL]CHROMAN-6-OL (DB07567)","0.9085","http://www.drugbank.ca/drugs/DB07567"
"146","Erlotinib (DB00530)","0.9085","http://www.drugbank.ca/drugs/DB00530"
"147","(1S,3R,6S)-4-oxo-6-{4-[(2-phenylquinolin-4-yl)methoxy]phenyl}-5-azaspiro[2.4]heptane-1-carboxylic acid (DB07189)","0.9083","http://www.drugbank.ca/drugs/DB07189"
"148","Nicergoline (DB00699)","0.9083","http://www.drugbank.ca/drugs/DB00699"
"149","6,7-DIMETHOXY-4-[(3R)-3-(2-NAPHTHYLOXY)PYRROLIDIN-1-YL]QUINAZOLINE (DB08389)","0.9081","http://www.drugbank.ca/drugs/DB08389"
"150","N-(tert-butyl)-4-[5-(pyridin-2-ylamino)quinolin-3-yl]benzenesulfonamide (DB06933)","0.9081","http://www.drugbank.ca/drugs/DB06933"
"151","2-[(1R)-1-carboxy-2-naphthalen-1-ylethyl]-1,3-dioxo-2,3-dihydro-1H-isoindole-5-carboxylic acid (DB06922)","0.9079","http://www.drugbank.ca/drugs/DB06922"
"152","1-ethyl-N-(phenylmethyl)-4-(tetrahydro-2H-pyran-4-ylamino)-1H-pyrazolo[3,4-b]pyridine-5-carboxamide (DB06909)","0.9078","http://www.drugbank.ca/drugs/DB06909"
"153","3-(7-DIAMINOMETHYL-NAPHTHALEN-2-YL)-PROPIONIC ACID ETHYL ESTER (DB07639)","0.9077","http://www.drugbank.ca/drugs/DB07639"
"154","3-(9-HYDROXY-1,3-DIOXO-4-PHENYL-2,3-DIHYDROPYRROLO[3,4-C]CARBAZOL-6(1H)-YL)PROPANOIC ACID (DB07265)","0.9075","http://www.drugbank.ca/drugs/DB07265"
"155","N-{2'-[(4-FLUOROPHENYL)AMINO]-4,4'-BIPYRIDIN-2-YL}-4-METHOXYCYCLOHEXANECARBOXAMIDE (DB08025)","0.9074","http://www.drugbank.ca/drugs/DB08025"
"156","2,3-Dicarboxy-4-(2-Chloro-Phenyl)-1-Ethyl-5-Isopropoxycarbonyl-6-Methyl-Pyridinium (DB04055)","0.9072","http://www.drugbank.ca/drugs/DB04055"
"157","1-{(1R,2S)-2-HYDROXY-1-[2-(2-NAPHTHYLOXY)ETHYL]PROPYL}-1H-IMIDAZONE-4-CARBOXAMIDE (DB07785)","0.9068","http://www.drugbank.ca/drugs/DB07785"
"158","Azelastine (DB00972)","0.9067","http://www.drugbank.ca/drugs/DB00972"
"159","5-[4-(DIMETHYLAMINO)PHENYL]-6-[(6-MORPHOLIN-4-YLPYRIDIN-3-YL)ETHYNYL]PYRIMIDIN-4-AMINE (DB07280)","0.9063","http://www.drugbank.ca/drugs/DB07280"
"160","Bepridil (DB01244)","0.9061","http://www.drugbank.ca/drugs/DB01244"
"161","2-{4-[2-(2-AMINO-4-OXO-4,7-DIHYDRO-3H-PYRROLO[2,3-D]PYRIMIDIN-5-YL)-ETHYL]-BENZOYLAMINO}-3-METHYL-BUTYRIC ACID (DB08131)","0.9060","http://www.drugbank.ca/drugs/DB08131"
"162","Vilazodone (DB06684)","0.9054","http://www.drugbank.ca/drugs/DB06684"
"163","THIENO[3,2-B]PYRIDINE-2-SULFONIC ACID [2-OXO-1-(1H-PYRROLO[2,3-C]PYRIDIN-2-YLMETHYL)-PYRROLIDIN-3-YL]-AMIDE (DB08426)","0.9052","http://www.drugbank.ca/drugs/DB08426"
"164","2-(ETHOXYMETHYL)-4-(4-FLUOROPHENYL)-3-[2-(2-HYDROXYPHENOXY)PYRIMIDIN-4-YL]ISOXAZOL-5(2H)-ONE (DB08395)","0.9050","http://www.drugbank.ca/drugs/DB08395"
"165","4-(6-{[(4-METHYLCYCLOHEXYL)AMINO]METHYL}-1,4-DIHYDROINDENO[1,2-C]PYRAZOL-3-YL)BENZOIC ACID (DB07320)","0.9049","http://www.drugbank.ca/drugs/DB07320"
"166","(3Z)-6-(4-HYDROXY-3-METHOXYPHENYL)-3-(1H-PYRROL-2-YLMETHYLENE)-1,3-DIHYDRO-2H-INDOL-2-ONE (DB07078)","0.9049","http://www.drugbank.ca/drugs/DB07078"
"167","ISOQUINOLINE-5-SULFONIC ACID (2-(2-(4-CHLOROBENZYLOXY)ETHYLAMINO)ETHYL)AMIDE (DB07947)","0.9045","http://www.drugbank.ca/drugs/DB07947"
"168","Licofelone (DB04725)","0.9043","http://www.drugbank.ca/drugs/DB04725"
"169","Compound 19 (DB02615)","0.9043","http://www.drugbank.ca/drugs/DB02615"
"170","Compound 18 (DB02715)","0.9043","http://www.drugbank.ca/drugs/DB02715"
"171","Ziprasidone (DB00246)","0.9041","http://www.drugbank.ca/drugs/DB00246"
"172","8-bromo-4-(2-chlorophenyl)-N-(2-hydroxyethyl)-6-methyl-1,3-dioxo-1,2,3,6-tetrahydropyrrolo[3,4-e]indole-7-carboxamide (DB08365)","0.9038","http://www.drugbank.ca/drugs/DB08365"
"173","N-(CYCLOPROPYLMETHYL)-4-(METHYLOXY)-3-({5-[3-(3-PYRIDINYL)PHENYL]-1,3-OXAZOL-2-YL}AMINO)BENZENESULFONAMIDE (DB07333)","0.9031","http://www.drugbank.ca/drugs/DB07333"
"174","N-(4-ACETYLPHENYL)-5-(5-CHLORO-2,4-DIHYDROXYPHENYL)-1H-PYRAZOLE-4-CARBOXAMIDE (DB06956)","0.9031","http://www.drugbank.ca/drugs/DB06956"
"175","4-({[4-(3-METHYLBENZOYL)PYRIDIN-2-YL]AMINO}METHYL)BENZENECARBOXIMIDAMIDE (DB07809)","0.9029","http://www.drugbank.ca/drugs/DB07809"
"176","S-{3-[(4-ANILINOQUINAZOLIN-6-YL)AMINO]-3-OXOPROPYL}-L-CYSTEINE (DB07602)","0.9021","http://www.drugbank.ca/drugs/DB07602"
"177","Propericiazine (DB01608)","0.9021","http://www.drugbank.ca/drugs/DB01608"
"178","Gefitinib (DB00317)","0.9020","http://www.drugbank.ca/drugs/DB00317"
"179","[1-(1-Benzyl-3-Hydroxy-2-Oxo-Propylcarbamoyl)-2-Phenyl-Ethyl]-Carbamic Acid Benzyl Ester (DB01871)","0.9010","http://www.drugbank.ca/drugs/DB01871"
"180","N-(6-{[3-(4-Bromophenyl)-1,2-Benzisothiazol-6-Yl]Oxy}Hexyl)-N-Methylprop-2-En-1-Amine (DB02544)","0.9007","http://www.drugbank.ca/drugs/DB02544"
"181","Ivacaftor (DB08820)","0.9007","http://www.drugbank.ca/drugs/DB08820"
"182","N-[3-(2-fluoroethoxy)phenyl]-N'-(1,3,4-trioxo-1,2,3,4-tetrahydroisoquinolin-6-yl)butanediamide (DB08499)","0.9003","http://www.drugbank.ca/drugs/DB08499"
"183","1-[1-(3-aminophenyl)-3-tert-butyl-1H-pyrazol-5-yl]-3-naphthalen-1-ylurea (DB06882)","0.9002","http://www.drugbank.ca/drugs/DB06882"
"184","N-cyclopropyl-6-[(6,7-dimethoxyquinolin-4-yl)oxy]naphthalene-1-carboxamide (DB07274)","0.8999","http://www.drugbank.ca/drugs/DB07274"
"185","Darusentan (DB04883)","0.8998","http://www.drugbank.ca/drugs/DB04883"
"186","RPR128515 (DB04424)","0.8998","http://www.drugbank.ca/drugs/DB04424"
"187","(20S)-19,20,21,22-TETRAHYDRO-19-OXO-5H-18,20-ETHANO-12,14-ETHENO-6,10-METHENO-18H-BENZ[D]IMIDAZO[4,3-K][1,6,9,12]OXATRIAZA-CYCLOOCTADECOSINE-9-CARBONITRILE (DB08674)","0.8997","http://www.drugbank.ca/drugs/DB08674"
"188","Afatinib (DB08916)","0.8996","http://www.drugbank.ca/drugs/DB08916"
"189","1-(2-CYCLOPROPYLETHYL)-3-(1,1-DIOXIDO-2H-1,2,4-BENZOTHIADIAZIN-3-YL)-6-FLUORO-4-HYDROXYQUINOLIN-2(1H)-ONE (DB08278)","0.8994","http://www.drugbank.ca/drugs/DB08278"
"190","Trimetrexate (DB01157)","0.8993","http://www.drugbank.ca/drugs/DB01157"
"191","Raltitrexed (DB00293)","0.8992","http://www.drugbank.ca/drugs/DB00293"
"192","Genz-10850 (DB04289)","0.8992","http://www.drugbank.ca/drugs/DB04289"
"193","Mirabegron  (DB08893)","0.8989","http://www.drugbank.ca/drugs/DB08893"
"194","N-(1-ISOPROPYLPIPERIDIN-4-YL)-1-(3-METHOXYBENZYL)-1H-INDOLE-2-CARBOXAMIDE (DB07973)","0.8986","http://www.drugbank.ca/drugs/DB07973"
"195","2-[(2,4-DICHLOROBENZOYL)AMINO]-5-(PYRIMIDIN-2-YLOXY)BENZOIC ACID (DB08402)","0.8986","http://www.drugbank.ca/drugs/DB08402"
"196","3-(2-AMINO-6-BENZOYLQUINAZOLIN-3(4H)-YL)-N-CYCLOHEXYL-N-METHYLPROPANAMIDE (DB08749)","0.8983","http://www.drugbank.ca/drugs/DB08749"
"197","1-(2-Fluorobenzyl)-3-Butyl-8-(N-Acetyl-4-Aminobenzyl)-Xanthine (DB02008)","0.8982","http://www.drugbank.ca/drugs/DB02008"
"198","3-[(Acetyl-Methyl-Amino)-Methyl]-4-Amino-N-Methyl-N-(1-Methyl-1h-Indol-2-Ylmethyl)-Benzamide (DB03534)","0.8980","http://www.drugbank.ca/drugs/DB03534"
"199","(3R,4R)-1-{6-[3-(METHYLSULFONYL)PHENYL]PYRIMIDIN-4-YL}-4-(2,4,5-TRIFLUOROPHENYL)PIPERIDIN-3-AMINE (DB08164)","0.8973","http://www.drugbank.ca/drugs/DB08164"
"200","N-((1R,2S)-2-(5-CHLORO-1H-INDOLE-2-CARBOXAMIDO)CYCLOHEXYL)-5-METHYL-4,5,6,7-TETRAHYDROTHIAZOLO[5,4-C]PYRIDINE-2-CARBOXAMIDE (DB07629)","0.8973","http://www.drugbank.ca/drugs/DB07629"
"201","N-((1R,2R)-2-(5-CHLORO-1H-INDOLE-2-CARBOXAMIDO)CYCLOHEXYL)-5-METHYL-4,5,6,7-TETRAHYDROTHIAZOLO[5,4-C]PYRIDINE-2-CARBOXAMIDE (DB07630)","0.8973","http://www.drugbank.ca/drugs/DB07630"
"202","2-fluoro-6-{[2-({2-methoxy-4-[(methylsulfonyl)methyl]phenyl}amino)-7H-pyrrolo[2,3-d]pyrimidin-4-yl]amino}benzamide (DB07845)","0.8970","http://www.drugbank.ca/drugs/DB07845"
"203","5-hydroxy-4-(7-methoxy-1,1-dioxido-2H-1,2,4-benzothiadiazin-3-yl)-2-(3-methylbutyl)-6-phenylpyridazin-3(2H)-one (DB06974)","0.8960","http://www.drugbank.ca/drugs/DB06974"
"204","Bitolterol (DB00901)","0.8959","http://www.drugbank.ca/drugs/DB00901"
"205","(3R,4S)-1-{6-[3-(METHYLSULFONYL)PHENYL]PYRIMIDIN-4-YL}-4-(2,4,5-TRIFLUOROPHENYL)PYRROLIDIN-3-AMINE (DB07666)","0.8958","http://www.drugbank.ca/drugs/DB07666"
"206","4-[3-(dibenzylamino)phenyl]-2,4-dioxobutanoic acid (DB08147)","0.8958","http://www.drugbank.ca/drugs/DB08147"
"207","N-cyclopropyl-2',6-dimethyl-4'-(5-methyl-1,3,4-oxadiazol-2-yl)biphenyl-3-carboxamide (DB07811)","0.8957","http://www.drugbank.ca/drugs/DB07811"
"208","Bentiromide (DB00522)","0.8956","http://www.drugbank.ca/drugs/DB00522"
"209","[4-({5-(AMINOCARBONYL)-4-[(3-METHYLPHENYL)AMINO]PYRIMIDIN-2-YL}AMINO)PHENYL]ACETIC ACID (DB08513)","0.8956","http://www.drugbank.ca/drugs/DB08513"
"210","AZD2563 (DB04850)","0.8955","http://www.drugbank.ca/drugs/DB04850"
"211","2-({4-[(5-CHLORO-1H-INDOL-2-YL)SULFONYL]PIPERAZIN-1-YL}CARBONYL)THIENO[3,2-B]PYRIDINE 4-OXIDE (DB07605)","0.8952","http://www.drugbank.ca/drugs/DB07605"
"212","N-[5-(ETHYLSULFONYL)-2-METHOXYPHENYL]-5-[3-(2-PYRIDINYL)PHENYL]-1,3-OXAZOL-2-AMINE (DB07334)","0.8950","http://www.drugbank.ca/drugs/DB07334"
"213","Balanol Analog 2 (DB01940)","0.8950","http://www.drugbank.ca/drugs/DB01940"
"214","{4-[(2R)-pyrrolidin-2-ylmethoxy]phenyl}(4-thiophen-3-ylphenyl)methanone (DB07237)","0.8949","http://www.drugbank.ca/drugs/DB07237"
"215","Bosentan (DB00559)","0.8948","http://www.drugbank.ca/drugs/DB00559"
"216","Formoterol (DB00983)","0.8946","http://www.drugbank.ca/drugs/DB00983"
"217","Arformoterol (DB01274)","0.8946","http://www.drugbank.ca/drugs/DB01274"
"218","5-CHLORO-N-((1R,2S)-2-(4-(2-OXOPYRIDIN-1(2H)-YL)BENZAMIDO) CYCLOPENTYL)THIOPHENE-2-CARBOXAMIDE (DB08174)","0.8941","http://www.drugbank.ca/drugs/DB08174"
"219","(1-Tert-Butyl-5-Hydroxy-1h-Pyrazol-4-Yl)-(6-Methanesulfonyl-4'-Methoxy-2-Methyl-Biphenyl-3-Yl)-Methanone (DB02850)","0.8940","http://www.drugbank.ca/drugs/DB02850"
"220","Propafenone (DB01182)","0.8940","http://www.drugbank.ca/drugs/DB01182"
"221","2-(3-CHLORO-6-{[2,2-DIFLUORO-2-(1-OXIDOPYRIDIN-2-YL)ETHYL]AMINO}-1-OXIDOPYRIDIN-2-YL)-N-[1-(3-CHLOROPHENYL)ETHYL]ACETAMIDE (DB04722)","0.8939","http://www.drugbank.ca/drugs/DB04722"
"222","6-[(Z)-AMINO(IMINO)METHYL]-N-[3-(CYCLOPENTYLOXY)PHENYL]-2-NAPHTHAMIDE (DB07076)","0.8937","http://www.drugbank.ca/drugs/DB07076"
"223","2-{[(6-OXO-1,6-DIHYDROPYRIDIN-3-YL)METHYL]AMINO}-N-[4-PROPYL-3-(TRIFLUOROMETHYL)PHENYL]BENZAMIDE (DB07831)","0.8936","http://www.drugbank.ca/drugs/DB07831"
"224","[4-(3-AMINOMETHYL-PHENYL)-PIPERIDIN-1-YL]-(5-PHENETHYL- PYRIDIN-3-YL)-METHANONE (DB04764)","0.8935","http://www.drugbank.ca/drugs/DB04764"
"225","6-[(Z)-Amino(Imino)Methyl]-N-[4-(Aminomethyl)Phenyl]-4-(Pyrimidin-2-Ylamino)-2-Naphthamide (DB03082)","0.8935","http://www.drugbank.ca/drugs/DB03082"
"226","(2e)-N-Allyl-4-{[3-(4-Bromophenyl)-5-Fluoro-1-Methyl-1h-Indazol-6-Yl]Oxy}-N-Methyl-2-Buten-1-Amine (DB02139)","0.8932","http://www.drugbank.ca/drugs/DB02139"
"227","Merimepodib (DB04862)","0.8931","http://www.drugbank.ca/drugs/DB04862"
"228","N-(cyclopropylmethyl)-2'-methyl-5'-(5-methyl-1,3,4-oxadiazol-2-yl)biphenyl-4-carboxamide (DB07834)","0.8931","http://www.drugbank.ca/drugs/DB07834"
"229","Trovafloxacin (DB00685)","0.8931","http://www.drugbank.ca/drugs/DB00685"
"230","N-[4-(2-CHLOROPHENYL)-1,3-DIOXO-1,2,3,6-TETRAHYDROPYRROLO[3,4-C]CARBAZOL-9-YL]FORMAMIDE (DB07226)","0.8930","http://www.drugbank.ca/drugs/DB07226"
"231","N-Coeleneterazine (DB04118)","0.8927","http://www.drugbank.ca/drugs/DB04118"
"232","Valsartan (DB00177)","0.8927","http://www.drugbank.ca/drugs/DB00177"
"233","WAY-151693 (DB02071)","0.8917","http://www.drugbank.ca/drugs/DB02071"
"234","2-({[3-(3,4-dihydroisoquinolin-2(1H)-ylsulfonyl)phenyl]carbonyl}amino)benzoic acid (DB07691)","0.8917","http://www.drugbank.ca/drugs/DB07691"
"235","5-(3-{3-[3-HYDROXY-2-(METHOXYCARBONYL)PHENOXY]PROPENYL}PHENYL)-4-(HYDROXYMETHYL)ISOXAZOLE-3-CARBOXYLIC ACID (DB08001)","0.8916","http://www.drugbank.ca/drugs/DB08001"
"236","(2-Sulfanyl-3-Phenylpropanoyl)-Phe-Tyr (DB03949)","0.8916","http://www.drugbank.ca/drugs/DB03949"
"237","N-(2-chloro-6-methylphenyl)-8-[(3S)-3-methylpiperazin-1-yl]imidazo[1,5-a]quinoxalin-4-amine (DB08057)","0.8915","http://www.drugbank.ca/drugs/DB08057"
"238","4-[(1S)-1-(3-fluoro-4-methoxyphenyl)-2-(2-methoxy-5-nitrophenyl)ethyl]-1H-imidazol-2-amine (DB07415)","0.8915","http://www.drugbank.ca/drugs/DB07415"
"239","[3,5-Dibromo-4-(4-Hydroxy-3-Phenethylcarbamoyl-Phenoxy)-Phenyl]-Acetic Acid (DB02106)","0.8910","http://www.drugbank.ca/drugs/DB02106"
"240","N-({6-[(4-CYANOBENZYL)OXY]NAPHTHALEN-2-YL}SULFONYL)-D-GLUTAMIC ACID (DB08108)","0.8909","http://www.drugbank.ca/drugs/DB08108"
"241","N-(3-TERT-BUTYL-1H-PYRAZOL-5-YL)-N'-{4-CHLORO-3-[(PYRIDIN-3-YLOXY)METHYL]PHENYL}UREA (DB08064)","0.8908","http://www.drugbank.ca/drugs/DB08064"
"242","N-[(Furan-2-Yl)Carbonyl]-(S)-Leucyl-(R)-[1-Amino-2(1h-Indol-3-Yl)Ethyl]-Phosphonic Acid (DB02046)","0.8907","http://www.drugbank.ca/drugs/DB02046"
"243","6-[N-(4-Ethyl-1,2,3,4-Tetrahydro-6-Isoquinolinyl)Carbamyl]-2-Naphthalenecarboxamidine (DB02551)","0.8907","http://www.drugbank.ca/drugs/DB02551"
"244","GW 501516 (DB05416)","0.8902","http://www.drugbank.ca/drugs/DB05416"
"245","Tadalafil (DB00820)","0.8901","http://www.drugbank.ca/drugs/DB00820"
"246","[2-(5-MERCAPTO-[1,3,4]THIADIAZOL-2-YLCARBAMOYL)-1-PHENYL-ETHYL]-CARBAMIC ACID BENZYL ESTER (DB07987)","0.8899","http://www.drugbank.ca/drugs/DB07987"
"247","6-[N-(1-Isopropyl-1,2,3,4-Tetrahydro-7-Isoquinolinyl)Carbamyl]-2-Naphthalenecarboxamidine (DB02705)","0.8897","http://www.drugbank.ca/drugs/DB02705"
"248","N-({6-[(4-CYANO-2-FLUOROBENZYL)OXY]NAPHTHALEN-2-YL}SULFONYL)-D-GLUTAMIC ACID (DB08112)","0.8894","http://www.drugbank.ca/drugs/DB08112"
"249","3-DIPHENOL-6-NITRO-3H-BENZO[DE]ISOCHROMEN-1-ONE (DB08204)","0.8889","http://www.drugbank.ca/drugs/DB08204"
"250","Domperidone (DB01184)","0.8889","http://www.drugbank.ca/drugs/DB01184"
"251","Raloxifene (DB00481)","0.8885","http://www.drugbank.ca/drugs/DB00481"
"252","6-[N-(1-Isopropyl-3,4-Dihydro-7-Isoquinolinyl)Carbamyl]-2-Naphthalenecarboxamidine (DB02473)","0.8882","http://www.drugbank.ca/drugs/DB02473"
"253","CI-1033 (DB05424)","0.8880","http://www.drugbank.ca/drugs/DB05424"
"254","({3-[1-(4-HYDROXY-2-OXO-2H-CHROMEN-3-YL)-PROPYL]-PHENYLCARBAMOYL}-METHYL)-CARBAMIC ACID TERT-BUTYL ESTER (DB08664)","0.8879","http://www.drugbank.ca/drugs/DB08664"
"255","131-I-TM-601 (DB05462)","0.8878","http://www.drugbank.ca/drugs/DB05462"
"256","Afimoxifene (DB04468)","0.8877","http://www.drugbank.ca/drugs/DB04468"
"257","Compound 9 (DB02014)","0.8874","http://www.drugbank.ca/drugs/DB02014"
"258","Tamoxifen (DB00675)","0.8874","http://www.drugbank.ca/drugs/DB00675"
"259","Flavoxate (DB01148)","0.8872","http://www.drugbank.ca/drugs/DB01148"
"260","5-(5-chloro-2,4-dihydroxyphenyl)-N-ethyl-4-[4-(morpholin-4-ylmethyl)phenyl]isoxazole-3-carboxamide (DB06961)","0.8872","http://www.drugbank.ca/drugs/DB06961"
"261","Toremifene (DB00539)","0.8868","http://www.drugbank.ca/drugs/DB00539"
"262","5-(5-CHLORO-2,4-DIHYDROXYPHENYL)-N-ETHYL-4-(4-METHOXYPHENYL)-1H-PYRAZOLE-3-CARBOXAMIDE (DB07495)","0.8868","http://www.drugbank.ca/drugs/DB07495"
"263","PYRIMIDINE-4,6-DICARBOXYLIC ACID BIS-(3-METHYL-BENZYLAMIDE) (DB04759)","0.8867","http://www.drugbank.ca/drugs/DB04759"
"264","N-({4-[(2-aminopyridin-4-yl)oxy]-3-fluorophenyl}carbamoyl)-2-(4-fluorophenyl)acetamide (DB06995)","0.8867","http://www.drugbank.ca/drugs/DB06995"
"265","N-(P-CYANOPHENYL)-N'-DIPHENYLMETHYL-GUANIDINE-ACETIC ACID (DB07816)","0.8867","http://www.drugbank.ca/drugs/DB07816"
"266","GC-24 (DB03788)","0.8866","http://www.drugbank.ca/drugs/DB03788"
"267","Moricizine (DB00680)","0.8866","http://www.drugbank.ca/drugs/DB00680"
"268","MACITENTAN (DB08932)","0.8866","http://www.drugbank.ca/drugs/DB08932"
"269","Phenolphthalein (DB04824)","0.8866","http://www.drugbank.ca/drugs/DB04824"
"270","N-{3-METHYL-5-[2-(PYRIDIN-4-YLAMINO)-ETHOXY]-PHENYL}-BENZENESULFONAMIDE (DB07944)","0.8863","http://www.drugbank.ca/drugs/DB07944"
"271","Ezetimibe (DB00973)","0.8857","http://www.drugbank.ca/drugs/DB00973"
"272","2-Hydroxy-5-({1-[(2-Naphthyloxy)Methyl]-3-Oxoprop-1-Enyl}Amino)Tyrosine (DB02511)","0.8856","http://www.drugbank.ca/drugs/DB02511"
"273","6-CARBAMIMIDOYL-4-(3-HYDROXY-2-METHYL-BENZOYLAMINO)-NAPHTHALENE-2-CARBOXYLIC ACID METHYL ESTER (DB07074)","0.8855","http://www.drugbank.ca/drugs/DB07074"
"274","2-{2-[(3,5-dimethylphenyl)amino]pyrimidin-4-yl}-N-[(1S)-2-hydroxy-1-methylethyl]-4-methyl-1,3-thiazole-5-carboxamide (DB07194)","0.8853","http://www.drugbank.ca/drugs/DB07194"
"275","FAMOXADONE (DB07778)","0.8851","http://www.drugbank.ca/drugs/DB07778"
"276","2,5-DICHLORO-N-[5-METHOXY-7-(6-METHOXYPYRIDIN-3-YL)-1,3-BENZOXAZOL-2-YL]BENZENESULFONAMIDE (DB07321)","0.8848","http://www.drugbank.ca/drugs/DB07321"
"277","Br-Coeleneterazine (DB02006)","0.8848","http://www.drugbank.ca/drugs/DB02006"
"278","I-Coeleneterazine (DB04146)","0.8848","http://www.drugbank.ca/drugs/DB04146"
"279","4-CHLORO-3',3''-DIBROMOPHENOL-1,8-NAPHTHALEIN (DB04696)","0.8847","http://www.drugbank.ca/drugs/DB04696"
"280","DERIVATIVE OF AKLANONIC ACID METHYL ESTER (AAME) (DB04624)","0.8845","http://www.drugbank.ca/drugs/DB04624"
"281","Lefradafiban (DB04863)","0.8844","http://www.drugbank.ca/drugs/DB04863"
"282","BENZOYL-TYROSINE-ALANINE-METHYL KETONE (DB08775)","0.8839","http://www.drugbank.ca/drugs/DB08775"
"283","2-[4-chloro-2-(phenylcarbonyl)phenoxy]-N-phenylacetamide (DB07826)","0.8839","http://www.drugbank.ca/drugs/DB07826"
"284","Clomifene (DB00882)","0.8837","http://www.drugbank.ca/drugs/DB00882"
"285","1-(3-(2,4-DIMETHYLTHIAZOL-5-YL)-4-OXO-2,4-DIHYDROINDENO[1,2-C]PYRAZOL-5-YL)-3-(4-METHYLPIPERAZIN-1-YL)UREA (DB07622)","0.8832","http://www.drugbank.ca/drugs/DB07622"
"286","Tolvaptan (DB06212)","0.8832","http://www.drugbank.ca/drugs/DB06212"
"287","(4'-{[Allyl(Methyl)Amino]Methyl}-1,1'-Biphenyl-4-Yl)(4-Bromophenyl)Methanone (DB03234)","0.8830","http://www.drugbank.ca/drugs/DB03234"
"288","Ospemifene (DB04938)","0.8828","http://www.drugbank.ca/drugs/DB04938"
"289","Drotaverine (DB06751)","0.8825","http://www.drugbank.ca/drugs/DB06751"
"290","METHYL (2Z)-2-(2-{[6-(2-CYANOPHENOXY)PYRIMIDIN-4-YL]OXY}PHENYL)-3-METHOXYACRYLATE (DB07401)","0.8823","http://www.drugbank.ca/drugs/DB07401"
"291","3-{6-[(8-HYDROXY-QUINOLINE-2-CARBONYL)-AMINO]-2-THIOPHEN-2-YL-HEXANOYLAMINO}-4-OXO-BUTYRI ACID (DB07916)","0.8823","http://www.drugbank.ca/drugs/DB07916"
"292","N-[3-[(1-Aminoethyl)(Hydroxy)Phosphoryl]-2-(1,1'-Biphenyl-4-Ylmethyl)Propanoyl]Alanine (DB02062)","0.8821","http://www.drugbank.ca/drugs/DB02062"
"293","Glisoxepide (DB01289)","0.8820","http://www.drugbank.ca/drugs/DB01289"
"294","(2S)-1-{[5-(1H-INDAZOL-5-YL)PYRIDIN-3-YL]OXY}-3-[(7AS)-7AH-INDOL-3-YL]PROPAN-2-AMINE (DB06977)","0.8814","http://www.drugbank.ca/drugs/DB06977"
"295","Balanol Analog 1 (DB02611)","0.8814","http://www.drugbank.ca/drugs/DB02611"
"296","Flavopiridol (DB03496)","0.8814","http://www.drugbank.ca/drugs/DB03496"
"297","Papaverine (DB01113)","0.8812","http://www.drugbank.ca/drugs/DB01113"
"298","Eltrombopag (DB06210)","0.8812","http://www.drugbank.ca/drugs/DB06210"
"299","Iloperidone (DB04946)","0.8809","http://www.drugbank.ca/drugs/DB04946"
"300","Bifeprunox (DB04888)","0.8803","http://www.drugbank.ca/drugs/DB04888"
"301","RPR131247 (DB02744)","0.8803","http://www.drugbank.ca/drugs/DB02744"
"302","N-Alpha-(2-Naphthylsulfonyl)-N-(3-Amidino-L-Phenylalaninyl)-D-Pipecolinic Acid (DB04238)","0.8801","http://www.drugbank.ca/drugs/DB04238"
"303","Amsacrine (DB00276)","0.8795","http://www.drugbank.ca/drugs/DB00276"
"304","LY341770 (DB03038)","0.8792","http://www.drugbank.ca/drugs/DB03038"
"305","2-[5,6-BIS-(4-METHOXY-PHENYL)-FURO[2,3-D]PYRIMIDIN-4-YLAMINO]-ETHANOL (DB08392)","0.8790","http://www.drugbank.ca/drugs/DB08392"
"306","4-chloro-6-{5-[(2-morpholin-4-ylethyl)amino]-1,2-benzisoxazol-3-yl}benzene-1,3-diol (DB07601)","0.8789","http://www.drugbank.ca/drugs/DB07601"
"307","Pipazethate (DB08796)","0.8786","http://www.drugbank.ca/drugs/DB08796"
"308","NALPHA-[(BENZYLOXY)CARBONYL]-N-[(1R)-4-HYDROXY-1-METHYL-2-OXOBUTYL]-L-PHENYLALANINAMIDE (DB08732)","0.8786","http://www.drugbank.ca/drugs/DB08732"
"309","(6R)-2-amino-6-[2-(3'-methoxybiphenyl-3-yl)ethyl]-3,6-dimethyl-5,6-dihydropyrimidin-4(3H)-one (DB07519)","0.8785","http://www.drugbank.ca/drugs/DB07519"
"310","Canagliflozin (DB08907)","0.8784","http://www.drugbank.ca/drugs/DB08907"
"311","5-[3-(BENZYLAMINO)PHENYL]-4-BROMO-3-(CARBOXYMETHOXY)THIOPHENE-2-CARBOXYLIC ACID (DB07289)","0.8783","http://www.drugbank.ca/drugs/DB07289"
"312","Sildenafil (DB00203)","0.8780","http://www.drugbank.ca/drugs/DB00203"
"313","3-[Isopropyl(4-Methylbenzoyl)Amino]-5-Phenylthiophene-2-Carboxylic Acid (DB03647)","0.8779","http://www.drugbank.ca/drugs/DB03647"
"314","1-(1'-{[3-(methylsulfanyl)-2-benzothiophen-1-yl]carbonyl}spiro[1-benzofuran-3,4'-piperidin]-5-yl)methanamine (DB06848)","0.8779","http://www.drugbank.ca/drugs/DB06848"
"315","(1S,5S,7R)-N~7~-(BIPHENYL-4-YLMETHYL)-N~3~-HYDROXY-6,8-DIOXA-3-AZABICYCLO[3.2.1]OCTANE-3,7-DICARBOXAMIDE (DB07026)","0.8778","http://www.drugbank.ca/drugs/DB07026"
"316","2-(Biphenyl-4-Sulfonyl)-1,2,3,4-Tetrahydro-Isoquinoline-3-Carboxylic Acid (DB03207)","0.8777","http://www.drugbank.ca/drugs/DB03207"
"317","2-Hydroxy-5-({1-[(4-Methylphenoxy)Methyl]-3-Oxoprop-1-Enyl}Amino)-L-Tyrosine (DB02537)","0.8776","http://www.drugbank.ca/drugs/DB02537"
"318","(2z)-2-(Benzoylamino)-3-[4-(2-Bromophenoxy)Phenyl]-2-Propenoic Acid (DB01720)","0.8772","http://www.drugbank.ca/drugs/DB01720"
"319","6-(4-{(1S,2S)-2-AMINO-1-[(DIMETHYLAMINO)CARBONYL]-3-[(3S)-3-FLUOROPYRROLIDIN-1-YL]-3-OXOPROPYL}PHENYL)-1H-[1,2,4]TRIAZOLO[1,5-A]PYRIDIN-4-IUM (DB08504)","0.8772","http://www.drugbank.ca/drugs/DB08504"
"320","methyl (1R,2S)-2-(hydroxycarbamoyl)-1-{4-[(2-methylquinolin-4-yl)methoxy]benzyl}cyclopropanecarboxylate (DB07147)","0.8770","http://www.drugbank.ca/drugs/DB07147"
"321","2-(6-CHLORO-3-{[2,2-DIFLUORO-2-(1-OXIDO-2-PYRIDINYL)ETHYL]AMINO}-2-OXO-1(2H)-PYRAZINYL)-N-[(2-FLUOROPHENYL)METHYL]ACETAMIDE (DB07550)","0.8769","http://www.drugbank.ca/drugs/DB07550"
"322","Dextromoramide (DB01529)","0.8768","http://www.drugbank.ca/drugs/DB01529"
"323","5-(3,5-DICHLOROPHENYL)THIO-4-ISOPROPYL-1-(PYRIDIN-4-YL-METHYL)-1H-IMIDAZOL-2-YL-METHYL CARBAMATE (DB08502)","0.8763","http://www.drugbank.ca/drugs/DB08502"
"324","PYRIMIDINE-4,6-DICARBOXYLIC ACID BIS-(4-FLUORO-3-METHYL-BENZYLAMIDE) (DB04760)","0.8760","http://www.drugbank.ca/drugs/DB04760"
"325","ZK-805623 (DB04432)","0.8758","http://www.drugbank.ca/drugs/DB04432"
"326","Mesoridazine (DB00933)","0.8757","http://www.drugbank.ca/drugs/DB00933"
"327","1-BENZYL-3-(4-METHOXYPHENYLAMINO)-4-PHENYLPYRROLE-2,5-DIONE (DB08063)","0.8757","http://www.drugbank.ca/drugs/DB08063"
"328","N-[amino(imino)methyl]-2-[2-(2-chlorophenyl)-4-(4-propoxyphenyl)-3-thienyl]acetamide (DB07089)","0.8757","http://www.drugbank.ca/drugs/DB07089"
"329","3-HYDROXYPROPYL 3-[({7-[AMINO(IMINO)METHYL]-1-NAPHTHYL}AMINO)CARBONYL]BENZENESULFONATE (DB07022)","0.8756","http://www.drugbank.ca/drugs/DB07022"
"330","(2S)-2-(3-{[AMINO(IMINO)METHYL]AMINO}PHENYL)-3-[(S)-HYDROXY(3-PHENYLPROPYL)PHOSPHORYL]PROPANOIC ACID (DB07182)","0.8754","http://www.drugbank.ca/drugs/DB07182"
"331","Piboserod (DB04873)","0.8746","http://www.drugbank.ca/drugs/DB04873"
"332","4-{2-[(3-Nitrobenzoyl)Amino]Phenoxy}Phthalic Acid (DB04044)","0.8742","http://www.drugbank.ca/drugs/DB04044"
"333","Fluorescein (DB00693)","0.8740","http://www.drugbank.ca/drugs/DB00693"
"334","5-(4-METHYL-BENZOYLAMINO)-BIPHENYL-3,4'-DICARBOXYLIC ACID 3-DIMETHYLAMIDE-4'-HYDROXYAMIDE (DB07586)","0.8739","http://www.drugbank.ca/drugs/DB07586"
"335","4,4'[1,6-Hexanediylbis(Oxy)]Bisbenzenecarboximidamide (DB03808)","0.8739","http://www.drugbank.ca/drugs/DB03808"
"336","Quetiapine (DB01224)","0.8738","http://www.drugbank.ca/drugs/DB01224"
"337","Olopatadine (DB00768)","0.8737","http://www.drugbank.ca/drugs/DB00768"
"338","5-cyclopropyl-2-(4-fluorophenyl)-6-[(2-hydroxyethyl)(methylsulfonyl)amino]-N-methyl-1-benzofuran-3-carboxamide (DB07238)","0.8737","http://www.drugbank.ca/drugs/DB07238"
"339","Asimadoline (DB05104)","0.8737","http://www.drugbank.ca/drugs/DB05104"
"340","N~4~-(3-methyl-1H-indazol-6-yl)-N~2~-(3,4,5-trimethoxyphenyl)pyrimidine-2,4-diamine (DB08519)","0.8733","http://www.drugbank.ca/drugs/DB08519"
"341","1-Acetyl-4-(4-{4-[(2-Ethoxyphenyl)Thio]-3-Nitrophenyl}Pyridin-2-Yl)Piperazine (DB02177)","0.8731","http://www.drugbank.ca/drugs/DB02177"
"342","[{2-bromo-4-[(2R)-3-oxo-2,3-diphenylpropyl]phenyl}(difluoro)methyl]phosphonic acid (DB07263)","0.8731","http://www.drugbank.ca/drugs/DB07263"
"343","Dextropropoxyphene (DB00647)","0.8731","http://www.drugbank.ca/drugs/DB00647"
"344","Allyl-{6-[3-(4-Bromo-Phenyl)-Benzofuran-6-Yloxy]-Hexyl-}-Methyl-Amin (DB02339)","0.8729","http://www.drugbank.ca/drugs/DB02339"
"345","(2S)-2-ETHOXY-3-{4-[2-(10H-PHENOXAZIN-10-YL)ETHOXY]PHENYL}PROPANOIC ACID (DB07675)","0.8727","http://www.drugbank.ca/drugs/DB07675"
"346","N-[(2R,3S)-3-AMINO-2-HYDROXY-4-PHENYLBUTYL]NAPHTHALENE-2-SULFONAMIDE (DB07522)","0.8727","http://www.drugbank.ca/drugs/DB07522"
"347","(2s)-2-[(2,4-Dichloro-Benzoyl)-(3-Trifluoromethyl-Benzyl)-Amino]-3-Phenyl-Propionic Acid (DB03605)","0.8727","http://www.drugbank.ca/drugs/DB03605"
"348","Pazopanib (DB06589)","0.8725","http://www.drugbank.ca/drugs/DB06589"
"349","Pirenzepine (DB00670)","0.8720","http://www.drugbank.ca/drugs/DB00670"
"350","[1-(1-Methyl-4,5-Dioxo-Pent-2-Enylcarbamoyl)-2-Phenyl-Ethyl]-Carbamic Acid Benzyl Ester (DB01810)","0.8719","http://www.drugbank.ca/drugs/DB01810"
"351","FLUORESCIN (DB07764)","0.8715","http://www.drugbank.ca/drugs/DB07764"
"352","(2R)-4-(2-BENZOYL-1,2-DIAZEPAN-1-YL)-4-OXO-1-(2,4,5-TRIFLUOROPHENYL)BUTAN-2-AMINE (DB08051)","0.8715","http://www.drugbank.ca/drugs/DB08051"
"353","2-[({2-[(1Z)-3-(DIMETHYLAMINO)PROP-1-ENYL]-4-FLUOROPHENYL}SULFONYL)AMINO]-5,6,7,8-TETRAHYDRONAPHTHALENE-1-CARBOXYLIC ACID (DB07323)","0.8712","http://www.drugbank.ca/drugs/DB07323"
"354","5-Chloro-thiophene-2-carboxylic acid ((3S,4S)-1-{[2-fluoro-4-(2-oxo-2H-pyridin-1-yl)-phenylcarbamoyl]-methyl}-4-hydroxy-pyrrolidin-3-yl)-amide (DB07875)","0.8706","http://www.drugbank.ca/drugs/DB07875"
"355","2,4-Diamino-5-Methyl-6-[(3,4,5-Trimethoxy-N-Methylanilino)Methyl]Pyrido[2,3-D]Pyrimidine (DB02104)","0.8694","http://www.drugbank.ca/drugs/DB02104"
"356","Rhodamine 6g (DB03825)","0.8694","http://www.drugbank.ca/drugs/DB03825"
"357","(5S)-5-(2-amino-2-oxoethyl)-4-oxo-N-[(3-oxo-3,4-dihydro-2H-1,4-benzoxazin-6-yl)methyl]-3,4,5,6,7,8-hexahydro[1]benzothieno[2,3-d]pyrimidine-2-carboxamide (DB07397)","0.8688","http://www.drugbank.ca/drugs/DB07397"
"358","(2S)-1-{4-[(4-ANILINO-5-BROMOPYRIMIDIN-2-YL)AMINO]PHENOXY}-3-(DIMETHYLAMINO)PROPAN-2-OL (DB07501)","0.8685","http://www.drugbank.ca/drugs/DB07501"
"359","(2R)-1-{4-[(4-ANILINO-5-BROMOPYRIMIDIN-2-YL)AMINO]PHENOXY}-3-(DIMETHYLAMINO)PROPAN-2-OL (DB07504)","0.8685","http://www.drugbank.ca/drugs/DB07504"
"360","4-{2-[4-(2-Aminoethyl)Piperazin-1-Yl]Pyridin-4-Yl}-N-(3-Chloro-4-Methylphenyl)Pyrimidin-2-Amine (DB03916)","0.8682","http://www.drugbank.ca/drugs/DB03916"
"361","5-(5-CHLORO-2,4-DIHYDROXYPHENYL)-N-ETHYL-4-(4-METHOXYPHENYL)ISOXAZOLE-3-CARBOXAMIDE (DB06964)","0.8680","http://www.drugbank.ca/drugs/DB06964"
"362","(6S)-1-chloro-3-[(4-fluorobenzyl)oxy]-6-(pyrrolidin-1-ylcarbonyl)pyrrolo[1,2-a]pyrazin-4(6H)-one (DB07148)","0.8677","http://www.drugbank.ca/drugs/DB07148"
"363","Colchicine (DB01394)","0.8675","http://www.drugbank.ca/drugs/DB01394"
"364","N-ethyl-4-{[5-(methoxycarbamoyl)-2-methylphenyl]amino}-5-methylpyrrolo[2,1-f][1,2,4]triazine-6-carboxamide (DB06940)","0.8672","http://www.drugbank.ca/drugs/DB06940"
"365","4-(BENZHYDRYLOXY)-1-[3-(1H-TETRAAZOL-5-YL)PROPYL]PIPERIDINE (DB07917)","0.8671","http://www.drugbank.ca/drugs/DB07917"
"366","(E)-3,4-DIHYDROXY-N'-[(2-METHOXYNAPHTHALEN-1-YL)METHYLENE]BENZOHYDRAZIDE (DB08034)","0.8669","http://www.drugbank.ca/drugs/DB08034"
"367","2-MERCAPTO-N-[1,2,3,10-TETRAMETHOXY-9-OXO-5,6,7,9-TETRAHYDRO-BENZO[A]HEPTALEN-7-YL]ACETAMIDE (DB07574)","0.8667","http://www.drugbank.ca/drugs/DB07574"
"368","Prasugrel (DB06209)","0.8664","http://www.drugbank.ca/drugs/DB06209"
"369","N-(3-Phenyl-2-Sulfanylpropanoyl)Phenylalanylalanine (DB02558)","0.8664","http://www.drugbank.ca/drugs/DB02558"
"370","N-[2-(1-Maleimidyl)Ethyl]-7-Diethylaminocoumarin-3-Carboxamide (DB02799)","0.8662","http://www.drugbank.ca/drugs/DB02799"
"371","[N-(3-DIBENZYLCARBAMOYL-OXIRANECARBONYL)-HYDRAZINO]-ACETIC ACID (DB08229)","0.8657","http://www.drugbank.ca/drugs/DB08229"
"372","5-[(2-methyl-5-{[3-(trifluoromethyl)phenyl]carbamoyl}phenyl)amino]pyridine-3-carboxamide (DB07970)","0.8657","http://www.drugbank.ca/drugs/DB07970"
"373","Sorafenib (DB00398)","0.8653","http://www.drugbank.ca/drugs/DB00398"
"374","3-[(2,4-Dichlorobenzoyl)(Isopropyl)Amino]-5-Phenylthiophene-2-Carboxylic Acid (DB03388)","0.8649","http://www.drugbank.ca/drugs/DB03388"
"375","5-chloro-N-[(3R)-1-(2-{[2-fluoro-4-(2-oxopyridin-1(2H)-yl)phenyl]amino}-2-oxoethyl)pyrrolidin-3-yl]thiophene-2-carboxamide (DB07872)","0.8648","http://www.drugbank.ca/drugs/DB07872"
"376","Talampanel (DB04982)","0.8648","http://www.drugbank.ca/drugs/DB04982"
"377","HCV-086 (DB05884)","0.8642","http://www.drugbank.ca/drugs/DB05884"
"378","Rivaroxaban (DB06228)","0.8642","http://www.drugbank.ca/drugs/DB06228"
"379","5-chloro-N-({(5S)-2-oxo-3-[4-(3-oxomorpholin-4-yl)phenyl]-1,3-oxazolidin-5-yl}methyl)thiophene-2-carboxamide (DB08477)","0.8642","http://www.drugbank.ca/drugs/DB08477"
"380","N~4~-methyl-N~4~-(3-methyl-1H-indazol-6-yl)-N~2~-(3,4,5-trimethoxyphenyl)pyrimidine-2,4-diamine (DB08042)","0.8632","http://www.drugbank.ca/drugs/DB08042"
"381","Atovaquone (DB01117)","0.8630","http://www.drugbank.ca/drugs/DB01117"
"382","Chlorotrianisene (DB00269)","0.8626","http://www.drugbank.ca/drugs/DB00269"
"383","Irbesartan (DB01029)","0.8622","http://www.drugbank.ca/drugs/DB01029"
"384","4-CHLORO-6-(4-{4-[4-(METHYLSULFONYL)BENZYL]PIPERAZIN-1-YL}-1H-PYRAZOL-5-YL)BENZENE-1,3-DIOL (DB06957)","0.8620","http://www.drugbank.ca/drugs/DB06957"
"385","Furo[2,3d]Pyrimidine Antifolate (DB02026)","0.8619","http://www.drugbank.ca/drugs/DB02026"
"386","5-CHLORO-THIOPHENE-2-CARBOXYLIC ACID ((3S,4S)-4-FLUORO- 1-{[2-FLUORO-4-(2-OXO-2H-PYRIDIN-1-YL)-PHENYLCARBAMOYL]-METHYL}-PYRROLIDIN-3-YL)-AMIDE (DB08143)","0.8610","http://www.drugbank.ca/drugs/DB08143"
"387","Regorafenib (DB08896)","0.8609","http://www.drugbank.ca/drugs/DB08896"
"388","Riboflavin (DB00140)","0.8608","http://www.drugbank.ca/drugs/DB00140"
"389","3-({4-[(5-CHLORO-1,3-BENZODIOXOL-4-YL)AMINO]PYRIMIDIN-2-YL}AMINO)BENZAMIDE (DB07256)","0.8608","http://www.drugbank.ca/drugs/DB07256"
"390","(2R)-1-[4-({4-[(2,5-DICHLOROPHENYL)AMINO]PYRIMIDIN-2-YL}AMINO)PHENOXY]-3-(DIMETHYLAMINO)PROPAN-2-OL (DB07750)","0.8607","http://www.drugbank.ca/drugs/DB07750"
"391","(2S)-1-[4-({4-[(2,5-DICHLOROPHENYL)AMINO]PYRIMIDIN-2-YL}AMINO)PHENOXY]-3-(DIMETHYLAMINO)PROPAN-2-OL (DB07755)","0.8607","http://www.drugbank.ca/drugs/DB07755"
"392","1-[(3S)-5-PHENYL-3-THIOPHEN-2-YL-3H-1,4-BENZODIAZEPIN-2-YL]AZETIDIN-3-OL (DB08698)","0.8605","http://www.drugbank.ca/drugs/DB08698"
"393","4-(2-HYDROXYBENZYLAMINO)-N-(3-(4-FLUOROPHENOXY)PHENYL)PIPERIDINE-1-SULFONAMIDE (DB04632)","0.8604","http://www.drugbank.ca/drugs/DB04632"
"394","N~3~-cyclopropyl-N~4~'-(cyclopropylmethyl)-6-methylbiphenyl-3,4'-dicarboxamide (DB07835)","0.8599","http://www.drugbank.ca/drugs/DB07835"
"395","(2R)-N~4~-hydroxy-2-(3-hydroxybenzyl)-N~1~-[(1S,2R)-2-hydroxy-2,3-dihydro-1H-inden-1-yl]butanediamide (DB06837)","0.8598","http://www.drugbank.ca/drugs/DB06837"
"396","Oxyphenisatin (DB04823)","0.8594","http://www.drugbank.ca/drugs/DB04823"
"397","4-[[(1E)-2-(4-CHLOROPHENYL)ETHENYL]SULFONYL]-1-[[1-(4-PYRIDINYL)-4-PIPERIDINYL]METHYL]PIPERAZINONE (DB08745)","0.8591","http://www.drugbank.ca/drugs/DB08745"
"398","3-(2-CHLOROPHENYL)-1-(2-{[(1S)-2-HYDROXY-1,2-DIMETHYLPROPYL]AMINO}PYRIMIDIN-4-YL)-1-(4-METHOXYPHENYL)UREA (DB08095)","0.8589","http://www.drugbank.ca/drugs/DB08095"
"399","6-[3-(4-Morpholinyl)Propyl]-2-(3-Nitrophenyl)-5-Thioxo-5,6,-Dihydro-7h-Thienol[2',3':4,5]Pyrrolo[1,2-C]Imidazol-7-One (DB03507)","0.8588","http://www.drugbank.ca/drugs/DB03507"
"400","(5-(aminomethyl)-2H-spiro[benzofuran-3,4'-piperidine]-1'-yl)(5-(phenylethynyl)furan-2-yl)methanone (DB06962)","0.8586","http://www.drugbank.ca/drugs/DB06962"
"401","Acetophenazine (DB01063)","0.8581","http://www.drugbank.ca/drugs/DB01063"
"402","N-[5-(1,1-DIOXIDOISOTHIAZOLIDIN-2-YL)-1H-INDAZOL-3-YL]-2-(4-PIPERIDIN-1-YLPHENYL)ACETAMIDE (DB07220)","0.8579","http://www.drugbank.ca/drugs/DB07220"
"403","BMS184394 (DB03466)","0.8578","http://www.drugbank.ca/drugs/DB03466"
"404","Bis-Napthyl Beta-Ketophosphonic Acid (DB02360)","0.8575","http://www.drugbank.ca/drugs/DB02360"
"405","Cinnarizine (DB00568)","0.8574","http://www.drugbank.ca/drugs/DB00568"
"406","N-(2-METHOXYETHYL)-4-({4-[2-METHYL-1-(1-METHYLETHYL)-1H-IMIDAZOL-5-YL]PYRIMIDIN-2-YL}AMINO)BENZENESULFONAMIDE (DB07790)","0.8570","http://www.drugbank.ca/drugs/DB07790"
"407","Daidzin (DB02115)","0.8569","http://www.drugbank.ca/drugs/DB02115"
"408","Meclizine (DB00737)","0.8563","http://www.drugbank.ca/drugs/DB00737"
"409","1-[1'-(3-phenylacryloyl)spiro[1-benzofuran-3,4'-piperidin]-5-yl]methanamine (DB06849)","0.8550","http://www.drugbank.ca/drugs/DB06849"
"410","(2S)-1-[4-({6-[(2,6-DIFLUOROPHENYL)AMINO]PYRIMIDIN-4-YL}AMINO)PHENOXY]-3-(DIMETHYLAMINO)PROPAN-2-OL (DB07751)","0.8550","http://www.drugbank.ca/drugs/DB07751"
"411","(2R)-1-[4-({6-[(2,6-DIFLUOROPHENYL)AMINO]PYRIMIDIN-4-YL}AMINO)PHENOXY]-3-(DIMETHYLAMINO)PROPAN-2-OL (DB07761)","0.8550","http://www.drugbank.ca/drugs/DB07761"
"412","1-(2-Amidinophenyl)-3-(Phenoxyphenyl)Urea (DB03337)","0.8547","http://www.drugbank.ca/drugs/DB03337"
"413","Allyl-{4-[3-(4-Bromo-Phenyl)-Benzofuran-6-Yloxy]-but-2-Enyl}-Methyl-Amine (DB03771)","0.8546","http://www.drugbank.ca/drugs/DB03771"
"414","Doxazosin (DB00590)","0.8539","http://www.drugbank.ca/drugs/DB00590"
"415","Cromoglicic acid (DB01003)","0.8532","http://www.drugbank.ca/drugs/DB01003"
"416","(2R)-N-hydroxy-3-naphthalen-2-yl-2-[(naphthalen-2-ylsulfonyl)amino]propanamide (DB07861)","0.8531","http://www.drugbank.ca/drugs/DB07861"
"417","Pipotiazine (DB01621)","0.8518","http://www.drugbank.ca/drugs/DB01621"
"418","Flunarizine (DB04841)","0.8517","http://www.drugbank.ca/drugs/DB04841"
"419","Itopride (DB04924)","0.8510","http://www.drugbank.ca/drugs/DB04924"
"420","SR11254 (DB02258)","0.8509","http://www.drugbank.ca/drugs/DB02258"
"421","Tamsulosin (DB00706)","0.8504","http://www.drugbank.ca/drugs/DB00706"
"422","CD564 (DB02741)","0.8500","http://www.drugbank.ca/drugs/DB02741"
"423","4-(1,3-BENZODIOXOL-5-YLOXY)-2-[4-(1H-IMIDAZOL-1-YL)PHENOXY]-6-METHYLPYRIMIDINE (DB07029)","0.8497","http://www.drugbank.ca/drugs/DB07029"
"424","2-(3,4-DIHYDROXYPHENYL)-8-(1,1-DIOXIDOISOTHIAZOLIDIN-2-YL)-3-HYDROXY-6-METHYL-4H-CHROMEN-4-ONE (DB07024)","0.8495","http://www.drugbank.ca/drugs/DB07024"
"425","Delavirdine (DB00705)","0.8490","http://www.drugbank.ca/drugs/DB00705"
"426","3-(3,5-Dibromo-4-Hydroxy-Benzoyl)-2-Ethyl-Benzofuran-6-Sulfonic Acid (4-Sulfamoyl-Phenyl)-Amide (DB02259)","0.8487","http://www.drugbank.ca/drugs/DB02259"
"427","Folic Acid (DB00158)","0.8486","http://www.drugbank.ca/drugs/DB00158"
"428","Sulfinpyrazone (DB01138)","0.8480","http://www.drugbank.ca/drugs/DB01138"
"429","Thiethylperazine (DB00372)","0.8469","http://www.drugbank.ca/drugs/DB00372"
"430","Diphemanil Methylsulfate (DB00729)","0.8469","http://www.drugbank.ca/drugs/DB00729"
"431","5-AMINO-2-{4-[(4-AMINOPHENYL)SULFANYL]PHENYL}-1H-ISOINDOLE-1,3(2H)-DIONE (DB07971)","0.8445","http://www.drugbank.ca/drugs/DB07971"
"432","6-CARBAMIMIDOYL-2-[2-HYDROXY-5-(3-METHOXY-PHENYL)-INDAN-1-YL]-HEXANOIC ACID (DB06866)","0.8430","http://www.drugbank.ca/drugs/DB06866"
"433","Mitoxantrone (DB01204)","0.8429","http://www.drugbank.ca/drugs/DB01204"
"434","Perphenazine (DB00850)","0.8422","http://www.drugbank.ca/drugs/DB00850"
"435","6-CARBAMIMIDOYL-2-[2-HYDROXY-6-(4-HYDROXY-PHENYL)-INDAN-1-YL]-HEXANOIC ACID (DB06865)","0.8419","http://www.drugbank.ca/drugs/DB06865"
"436","4-(4-METHYLPIPERAZIN-1-YL)-N-[5-(2-THIENYLACETYL)-1,5-DIHYDROPYRROLO[3,4-C]PYRAZOL-3-YL]BENZAMIDE (DB07186)","0.8408","http://www.drugbank.ca/drugs/DB07186"
"437","Tmr (DB03903)","0.8392","http://www.drugbank.ca/drugs/DB03903"
"438","(1-HYDROXY-1-PHOSPHONO-2-[1,1';3',1'']TERPHENYL-3-YL-ETHYL)-PHOSPHONIC ACID (DB07404)","0.8390","http://www.drugbank.ca/drugs/DB07404"
"439","(1-HYDROXY-1-PHOSPHONO-2-[1,1';4',1'']TERPHENYL-3-YL-ETHYL)-PHOSPHONIC ACID (DB07409)","0.8390","http://www.drugbank.ca/drugs/DB07409"
"440","N-(M-Trifluoromethylphenyl) Phenoxazine-4,6-Dicarboxylic Acid (DB02698)","0.8378","http://www.drugbank.ca/drugs/DB02698"
"441","N-(1-Carboxy-3-Phenylpropyl)Phenylalanyl-Alpha-Asparagine (DB02307)","0.8373","http://www.drugbank.ca/drugs/DB02307"
"442","Aminopterin (DB08878)","0.8372","http://www.drugbank.ca/drugs/DB08878"
"443","Zuclopenthixol acetate (DB08919)","0.8362","http://www.drugbank.ca/drugs/DB08919"
"444","2-({5-CHLORO-2-[(2-METHOXY-4-MORPHOLIN-4-YLPHENYL)AMINO]PYRIMIDIN-4-YL}AMINO)-N-METHYLBENZAMIDE (DB07460)","0.8359","http://www.drugbank.ca/drugs/DB07460"
"445","Difenoxin (DB01501)","0.8341","http://www.drugbank.ca/drugs/DB01501"
"446","D-phenylalanyl-N-benzyl-L-prolinamide (DB07143)","0.8332","http://www.drugbank.ca/drugs/DB07143"
"447","Vardenafil (DB00862)","0.8329","http://www.drugbank.ca/drugs/DB00862"
"448","3-({4-[(5-chloro-1,3-benzodioxol-4-yl)amino]pyrimidin-2-yl}amino)benzenesulfonamide (DB07252)","0.8326","http://www.drugbank.ca/drugs/DB07252"
"449","D-phenylalanyl-N-(3-methylbenzyl)-L-prolinamide (DB07133)","0.8318","http://www.drugbank.ca/drugs/DB07133"
"450","N'-(5-chloro-1,3-benzodioxol-4-yl)-N-(3-methylsulfonylphenyl)pyrimidine-2,4-diamine (DB07253)","0.8309","http://www.drugbank.ca/drugs/DB07253"
"451","Levomethadyl Acetate (DB01227)","0.8308","http://www.drugbank.ca/drugs/DB01227"
"452","Methadyl Acetate (DB01433)","0.8308","http://www.drugbank.ca/drugs/DB01433"
"453","Betacetylmethadol (DB01522)","0.8308","http://www.drugbank.ca/drugs/DB01522"
"454","Alphacetylmethadol (DB01555)","0.8308","http://www.drugbank.ca/drugs/DB01555"
"455","[1-HYDROXY-2-(1,1':3',1''-TERPHENYL-3-YLOXY)ETHANE-1,1-DIYL]BIS(PHOSPHONIC ACID) (DB07426)","0.8307","http://www.drugbank.ca/drugs/DB07426"
"456","Prazosin (DB00457)","0.8291","http://www.drugbank.ca/drugs/DB00457"
"457","Azimilide (DB04957)","0.8289","http://www.drugbank.ca/drugs/DB04957"
"458","Zuclopenthixol (DB01624)","0.8282","http://www.drugbank.ca/drugs/DB01624"
"459","Thioproperazine (DB01622)","0.8259","http://www.drugbank.ca/drugs/DB01622"
"460","Methotrexate (DB00563)","0.8252","http://www.drugbank.ca/drugs/DB00563"
"461","SU4984 (DB02058)","0.8247","http://www.drugbank.ca/drugs/DB02058"
"462","N-[3-[[4-[(5-CHLORO-1,3-BENZODIOXOL-4-YL)AMINO]PYRIMIDIN-2-YL]AMINO]PHENYL]METHANESULFONAMIDE (DB07254)","0.8244","http://www.drugbank.ca/drugs/DB07254"
"463","N'-(5-CHLORO-1,3-BENZODIOXOL-4-YL)-N-(3-MORPHOLIN-4-YLPHENYL)PYRIMIDINE-2,4-DIAMINE (DB07255)","0.8237","http://www.drugbank.ca/drugs/DB07255"
"464","TC-5619 (DB06090)","0.8236","http://www.drugbank.ca/drugs/DB06090"
"465","N1-(1-Dimethylcarbamoyl-2-Phenyl-Ethyl)-2-Oxo-N4-(2-Pyridin-2-Yl-Ethyl)-Succinamide (DB02140)","0.8230","http://www.drugbank.ca/drugs/DB02140"
"466","Trimethobenzamide (DB00662)","0.8226","http://www.drugbank.ca/drugs/DB00662"
"467","Eprosartan (DB00876)","0.8221","http://www.drugbank.ca/drugs/DB00876"
"468","Thiothixene (DB01623)","0.8180","http://www.drugbank.ca/drugs/DB01623"
"469","Sitaxentan (DB06268)","0.8148","http://www.drugbank.ca/drugs/DB06268"
"470","N-(TERT-BUTYL)-3,5-DIMETHYL-N'-[(5-METHYL-2,3-DIHYDRO-1,4-BENZODIOXIN-6-YL)CARBONYL]BENZOHYDRAZIDE (DB07929)","0.8140","http://www.drugbank.ca/drugs/DB07929"
"471","Pralatrexate (DB06813)","0.8125","http://www.drugbank.ca/drugs/DB06813"
"472","Tofisopam (DB08811)","0.8112","http://www.drugbank.ca/drugs/DB08811"
"473","N-(5,5,8,8-Tetramethyl-5,8-Dihydro-Naphthalen-2-Yl)-Terephthalamic Acid (DB03873)","0.8106","http://www.drugbank.ca/drugs/DB03873"
"474","beta-phenyl-D-phenylalanyl-N-propyl-L-prolinamide (DB07083)","0.8097","http://www.drugbank.ca/drugs/DB07083"
"475","Avanafil (DB06237)","0.8070","http://www.drugbank.ca/drugs/DB06237"
"476","5-(4-PHENOXYPHENYL)-5-(4-PYRIMIDIN-2-YLPIPERAZIN-1-YL)PYRIMIDINE-2,4,6(2H,3H)-TRIONE (DB07117)","0.8068","http://www.drugbank.ca/drugs/DB07117"
"477","1-Allyl-3-Butyl-8-(N-Acetyl-4-Aminobenzyl)-Xanthine (DB03267)","0.8068","http://www.drugbank.ca/drugs/DB03267"
"478","ONO-6818 (DB03925)","0.8061","http://www.drugbank.ca/drugs/DB03925"
"479","2-(6-CHLORO-3-{[2,2-DIFLUORO-2-(2-PYRIDINYL)ETHYL]AMINO}-2-OXO-1(2H)-PYRAZINYL)-N-[(2-FLUORO-6-PYRIDINYL)METHYL]ACETAMIDE (DB07548)","0.8052","http://www.drugbank.ca/drugs/DB07548"
"480","2-(6-CHLORO-3-{[2,2-DIFLUORO-2-(2-PYRIDINYL)ETHYL]AMINO}-2-OXO-1(2H)-PYRAZINYL)-N-[(2-FLUORO-3-METHYL-6-PYRIDINYL)METHYL]ACETAMIDE (DB07549)","0.8052","http://www.drugbank.ca/drugs/DB07549"
"481","Disopyramide (DB00280)","0.8046","http://www.drugbank.ca/drugs/DB00280"
"482","Paliperidone (DB01267)","0.8022","http://www.drugbank.ca/drugs/DB01267"
"483","(1S,2S,5S)2-(4-GLUTARIDYLBENZYL)-5-PHENYL-1-CYCLOHEXANOL (DB07909)","0.8020","http://www.drugbank.ca/drugs/DB07909"
"484","9-Butyl-8-(3,4,5-Trimethoxybenzyl)-9h-Purin-6-Amine (DB02754)","0.8003","http://www.drugbank.ca/drugs/DB02754"
"485","6-({5-fluoro-2-[(3,4,5-trimethoxyphenyl)amino]pyrimidin-4-yl}amino)-2,2-dimethyl-2H-pyrido[3,2-b][1,4]oxazin-3(4H)-one (DB07159)","0.7992","http://www.drugbank.ca/drugs/DB07159"
"486","Linagliptin  (DB08882)","0.7968","http://www.drugbank.ca/drugs/DB08882"
"487","Tamibarotene (DB04942)","0.7956","http://www.drugbank.ca/drugs/DB04942"
"488","{4-[2,2-BIS(5-METHYL-1,2,4-OXADIAZOL-3-YL)-3-PHENYLPROPYL]PHENYL}SULFAMIC ACID (DB07127)","0.7947","http://www.drugbank.ca/drugs/DB07127"
"489","2-{4-[4-({4-[2-methyl-1-(1-methylethyl)-1H-imidazol-5-yl]pyrimidin-2-yl}amino)phenyl]piperazin-1-yl}-2-oxoethanol (DB07982)","0.7931","http://www.drugbank.ca/drugs/DB07982"
"490","Isopropamide (DB01625)","0.7928","http://www.drugbank.ca/drugs/DB01625"
"491","N-butyl-3-{[6-(9H-purin-6-ylamino)hexanoyl]amino}benzamide (DB07801)","0.7899","http://www.drugbank.ca/drugs/DB07801"
"492","(4aS)-5-[(2,4-diaminopteridin-6-yl)methyl]-4a,5-dihydro-2H-dibenzo[b,f]azepin-8-ol (DB08448)","0.7811","http://www.drugbank.ca/drugs/DB08448"
"493","N'-(5-CHLORO-1,3-BENZODIOXOL-4-YL)-N-(3,4,5- TRIMETHOXYPHENYL)PYRIMIDINE-2,4-DIAMINE (DB07250)","0.7781","http://www.drugbank.ca/drugs/DB07250"
"494","2,3-Bis-Benzo[1,3]Dioxol-5-Ylmethyl-Succinic Acid (DB02154)","0.7762","http://www.drugbank.ca/drugs/DB02154"
"495","Raltegravir (DB06817)","0.7738","http://www.drugbank.ca/drugs/DB06817"
"496","N-[2-(1,3-BENZODIOXOL-5-YL)ETHYL]-1-[2-(1H-IMIDAZOL-1-YL)-6-METHYLPYRIMIDIN-4-YL]-D-PROLINAMIDE (DB06916)","0.7659","http://www.drugbank.ca/drugs/DB06916"
"497","N'-(3-CHLORO-4-METHOXY-PHENYL)-N-(3,4,5-TRIMETHOXYPHENYL)-1,3,5-TRIAZINE-2,4-DIAMINE (DB07251)","0.7650","http://www.drugbank.ca/drugs/DB07251"
"498","O6-CYCLOHEXYLMETHOXY-2-(4'-SULPHAMOYLANILINO) PURINE (DB07126)","0.7638","http://www.drugbank.ca/drugs/DB07126"
"499","9-CYCLOPENTYL-6-[2-(3-IMIDAZOL-1-YL-PROPOXY)-PHENYLAMINO]-9H-PURINE-2-CARBONITRILE (DB07967)","0.7501","http://www.drugbank.ca/drugs/DB07967"
"500","4-[(3AS,4R,7R,8AS,8BR)-2-(1,3-BENZODIOXOL-5-YLMETHYL)-7-HYDROXY-1,3-DIOXODECAHYDROPYRROLO[3,4-A]PYRROLIZIN-4-YL]BENZENECARBOXIMIDAMIDE (DB08546)","0.7411","http://www.drugbank.ca/drugs/DB08546"
