"","DrugBank Compound (Name, ID)","Similarity to ","Link"
"1","(3R)-3-(aminomethyl)-9-methoxy-1,2,3,4-tetrahydro-5H-[1]benzothieno[3,2-e][1,4]diazepin-5-one (DB07431)","0.9680","http://www.drugbank.ca/drugs/DB07431"
"2","2-CHLORO-N-[(3R)-2-OXO-1,2,3,4-TETRAHYDROQUINOLIN-3-YL]-6H-THIENO[2,3-B]PYRROLE-5-CARBOXAMIDE (DB07066)","0.9550","http://www.drugbank.ca/drugs/DB07066"
"3","N,N-DIETHYL-2-[(2-THIENYLCARBONYL)AMINO]-4,5,6,7-TETRAHYDRO-1-BENZOTHIOPHENE-3-CARBOXAMIDE (DB08032)","0.9530","http://www.drugbank.ca/drugs/DB08032"
"4","GLYCYLALANYL-N-2-NAPHTHYL-L-PROLINEAMIDE (DB07813)","0.9519","http://www.drugbank.ca/drugs/DB07813"
"5","1-[2-(S)-AMINO-3-BIPHENYL-4-YL-PROPIONYL]-PYRROLIDINE-2-(S)-CARBONITRILE (DB08024)","0.9510","http://www.drugbank.ca/drugs/DB08024"
"6","Diampromide (DB01502)","0.9479","http://www.drugbank.ca/drugs/DB01502"
"7","D-phenylalanyl-N-(3-fluorobenzyl)-L-prolinamide (DB07027)","0.9472","http://www.drugbank.ca/drugs/DB07027"
"8","2-[2-(4-CHLORO-PHENYLSULFANYL)-ACETYLAMINO]-3-(4-GUANIDINO-PHENYL)-PROPIONAMIDE (DB07105)","0.9452","http://www.drugbank.ca/drugs/DB07105"
"9","4-[(7R,7AS)-7-HYDROXY-1,3-DIOXOTETRAHYDRO-1H-PYRROLO[1,2-C]IMIDAZOL-2(3H)-YL]-1-NAPHTHONITRILE (DB08087)","0.9447","http://www.drugbank.ca/drugs/DB08087"
"10","N-benzyl-4-[(2R)-pyrrolidin-2-ylmethoxy]aniline (DB07260)","0.9444","http://www.drugbank.ca/drugs/DB07260"
"11","D-phenylalanyl-N-benzyl-L-prolinamide (DB07143)","0.9431","http://www.drugbank.ca/drugs/DB07143"
"12","N-({(2S)-1-[(3R)-3-AMINO-4-(2-FLUOROPHENYL)BUTANOYL]PYRROLIDIN-2-YL}METHYL)BENZAMIDE (DB07779)","0.9430","http://www.drugbank.ca/drugs/DB07779"
"13","4-bromo-2-{[(2R)-2-(2-chlorobenzyl)pyrrolidin-1-yl]carbonyl}aniline (DB08580)","0.9422","http://www.drugbank.ca/drugs/DB08580"
"14","D-phenylalanyl-N-(3-chlorobenzyl)-L-prolinamide (DB06919)","0.9403","http://www.drugbank.ca/drugs/DB06919"
"15","Fentanyl (DB00813)","0.9402","http://www.drugbank.ca/drugs/DB00813"
"16","1-[4-(AMINOMETHYL)BENZOYL]-5'-FLUORO-1'H-SPIRO[PIPERIDINE-4,2'-QUINAZOLIN]-4'-AMINE (DB08750)","0.9395","http://www.drugbank.ca/drugs/DB08750"
"17","Beta-hydroxyfentanyl (DB01453)","0.9377","http://www.drugbank.ca/drugs/DB01453"
"18","Encainide (DB01228)","0.9373","http://www.drugbank.ca/drugs/DB01228"
"19","(S)-2-[(R)-3-amino-4-(2-fluorophenyl)butyryl]-1,2,3,4-tetrahydroisoquinoline-3-carboxamide (DB04578)","0.9369","http://www.drugbank.ca/drugs/DB04578"
"20","Antazoline (DB08799)","0.9347","http://www.drugbank.ca/drugs/DB08799"
"21","[N-(3-DIBENZYLCARBAMOYL-OXIRANECARBONYL)-HYDRAZINO]-ACETIC ACID (DB08229)","0.9343","http://www.drugbank.ca/drugs/DB08229"
"22","Acetyl-alpha-methylfentanyl (DB01532)","0.9341","http://www.drugbank.ca/drugs/DB01532"
"23","SU4984 (DB02058)","0.9332","http://www.drugbank.ca/drugs/DB02058"
"24","N-(3-Phenyl-2-Sulfanylpropanoyl)Phenylalanylalanine (DB02558)","0.9326","http://www.drugbank.ca/drugs/DB02558"
"25","D-phenylalanyl-N-(3-methylbenzyl)-L-prolinamide (DB07133)","0.9323","http://www.drugbank.ca/drugs/DB07133"
"26","(6R)-2-amino-6-[2-(3'-methoxybiphenyl-3-yl)ethyl]-3,6-dimethyl-5,6-dihydropyrimidin-4(3H)-one (DB07519)","0.9322","http://www.drugbank.ca/drugs/DB07519"
"27","Mirabegron  (DB08893)","0.9320","http://www.drugbank.ca/drugs/DB08893"
"28","N-(4-carbamimidoylbenzyl)-1-(3-phenylpropanoyl)-L-prolinamide (DB06942)","0.9309","http://www.drugbank.ca/drugs/DB06942"
"29","(3S,6S)-3,6-bis(4-hydroxybenzyl)piperazine-2,5-dione (DB08761)","0.9306","http://www.drugbank.ca/drugs/DB08761"
"30","(2s,3r)-3-Amino-2-Hydroxy-5-(Ethylsulfanyl)Pentanoyl-((S)-(-)-(1-Naphthyl)Ethyl)Amide (DB04108)","0.9303","http://www.drugbank.ca/drugs/DB04108"
"31","D-phenylalanyl-N-{4-[amino(iminio)methyl]benzyl}-L-prolinamide (DB07005)","0.9296","http://www.drugbank.ca/drugs/DB07005"
"32","N-[4-({[5-(DIMETHYLAMINO)-1-NAPHTHYL]SULFONYL}AMINO)BUTYL]-3-SULFANYLPROPANAMIDE (DB07526)","0.9291","http://www.drugbank.ca/drugs/DB07526"
"33","4-amino-N-[4-(benzyloxy)phenyl]butanamide (DB07104)","0.9286","http://www.drugbank.ca/drugs/DB07104"
"34","Chloroquine (DB00608)","0.9286","http://www.drugbank.ca/drugs/DB00608"
"35","(2S)-2-amino-5-oxo-5-[(4-phenylmethoxyphenyl)amino]pentanoic acid (DB07102)","0.9282","http://www.drugbank.ca/drugs/DB07102"
"36","Thenalidine (DB04826)","0.9280","http://www.drugbank.ca/drugs/DB04826"
"37","Hydroxychloroquine (DB01611)","0.9279","http://www.drugbank.ca/drugs/DB01611"
"38","Cinolazepam (DB01594)","0.9276","http://www.drugbank.ca/drugs/DB01594"
"39","(3r)-3-{[(Benzyloxy)Carbonyl]Amino}-2-Oxo-4-Phenylbutane-1-Diazonium (DB02766)","0.9272","http://www.drugbank.ca/drugs/DB02766"
"40","(3aS)-3a-hydroxy-1-phenyl-1,2,3,3a-tetrahydro-4H-pyrrolo[2,3-b]quinolin-4-one (DB07470)","0.9269","http://www.drugbank.ca/drugs/DB07470"
"41","Flurazepam (DB00690)","0.9266","http://www.drugbank.ca/drugs/DB00690"
"42","[2-(5-MERCAPTO-[1,3,4]THIADIAZOL-2-YLCARBAMOYL)-1-PHENYL-ETHYL]-CARBAMIC ACID BENZYL ESTER (DB07987)","0.9265","http://www.drugbank.ca/drugs/DB07987"
"43","(6S)-2-amino-6-(3'-methoxybiphenyl-3-yl)-3,6-dimethyl-5,6-dihydropyrimidin-4(3H)-one (DB07874)","0.9260","http://www.drugbank.ca/drugs/DB07874"
"44","(3R)-METHYLCARBAMOYL-7-SULFOAMINO-3,4-DIHYDRO-1H-ISOQUINOLINE-2-CARBOXYLIC ACID BENZYL ESTER (DB08549)","0.9249","http://www.drugbank.ca/drugs/DB08549"
"45","(2S)-4-(2,5-DIFLUOROPHENYL)-N,N-DIMETHYL-2-PHENYL-2,5-DIHYDRO-1H-PYRROLE-1-CARBOXAMIDE (DB08246)","0.9248","http://www.drugbank.ca/drugs/DB08246"
"46","3-[(Acetyl-Methyl-Amino)-Methyl]-4-Amino-N-Methyl-N-(1-Methyl-1h-Indol-2-Ylmethyl)-Benzamide (DB03534)","0.9233","http://www.drugbank.ca/drugs/DB03534"
"47","Prazepam (DB01588)","0.9231","http://www.drugbank.ca/drugs/DB01588"
"48","(S)-blebbistatin (DB01944)","0.9229","http://www.drugbank.ca/drugs/DB01944"
"49","(3aS)-3a-hydroxy-7-methyl-1-phenyl-1,2,3,3a-tetrahydro-4H-pyrrolo[2,3-b]quinolin-4-one (DB07469)","0.9229","http://www.drugbank.ca/drugs/DB07469"
"50","(3,3-dimethylpiperidin-1-yl)(6-(3-fluoro-4-methylphenyl)pyridin-2-yl)methanone (DB06992)","0.9229","http://www.drugbank.ca/drugs/DB06992"
"51","1-Benzyl-3-(4-Methoxy-Benzenesulfonyl)-6-Oxo-Hexahydro-Pyrimidine-4-Carboxylic Acid Hydroxyamide (DB04140)","0.9229","http://www.drugbank.ca/drugs/DB04140"
"52","N-[2-({[amino(imino)methyl]amino}oxy)ethyl]-2-{6-chloro-3-[(2,2-difluoro-2-phenylethyl)amino]-2-fluorophenyl}acetamide (DB07946)","0.9225","http://www.drugbank.ca/drugs/DB07946"
"53","[4-(4-PHENYL-PIPERIDIN-1-YL)-BENZENESULFONYLAMINO]-ACETIC ACID (DB07986)","0.9225","http://www.drugbank.ca/drugs/DB07986"
"54","Ciprofloxacin (DB00537)","0.9223","http://www.drugbank.ca/drugs/DB00537"
"55","99mTc-ciprofloxacin (DB05488)","0.9223","http://www.drugbank.ca/drugs/DB05488"
"56","(3aS)-3a-hydroxy-5-methyl-1-phenyl-1,2,3,3a-tetrahydro-4H-pyrrolo[2,3-b]quinolin-4-one (DB07468)","0.9223","http://www.drugbank.ca/drugs/DB07468"
"57","4-[(3R)-3-{[2-(4-FLUOROPHENYL)-2-OXOETHYL]AMINO}BUTYL]BENZAMIDE (DB08672)","0.9221","http://www.drugbank.ca/drugs/DB08672"
"58","Cinchocaine (DB00527)","0.9214","http://www.drugbank.ca/drugs/DB00527"
"59","N~3~-cyclopropyl-N~4~'-(cyclopropylmethyl)-6-methylbiphenyl-3,4'-dicarboxamide (DB07835)","0.9208","http://www.drugbank.ca/drugs/DB07835"
"60","SC45647 (DB04778)","0.9207","http://www.drugbank.ca/drugs/DB04778"
"61","3-FLUORO-N-1H-INDOL-5-YL-5-MORPHOLIN-4-YLBENZAMIDE (DB08092)","0.9200","http://www.drugbank.ca/drugs/DB08092"
"62","N'-(Pyrrolidino[2,1-B]Isoindolin-4-On-8-Yl)-N-(Pyridin-2-Yl)Urea (DB04186)","0.9198","http://www.drugbank.ca/drugs/DB04186"
"63","Balanol Analog 1 (DB02611)","0.9195","http://www.drugbank.ca/drugs/DB02611"
"64","O-[2-(1,3-dioxo-1,3-dihydro-2H-isoindol-2-yl)ethyl] (4-bromophenyl)thiocarbamate (DB08281)","0.9195","http://www.drugbank.ca/drugs/DB08281"
"65","O-[2-(1,3-dioxo-1,3-dihydro-2H-isoindol-2-yl)ethyl] (4-chlorophenyl)thiocarbamate (DB08282)","0.9195","http://www.drugbank.ca/drugs/DB08282"
"66","O-[2-(1,3-dioxo-1,3-dihydro-2H-isoindol-2-yl)ethyl] (4-iodophenyl)thiocarbamate (DB08284)","0.9195","http://www.drugbank.ca/drugs/DB08284"
"67","[(4R)-4-(3-HYDROXYPHENYL)-1,6-DIMETHYL-2-THIOXO-1,2,3,4-TETRAHYDROPYRIMIDIN-5-YL](PHENYL)METHANONE (DB08198)","0.9190","http://www.drugbank.ca/drugs/DB08198"
"68","Phenserine (DB04892)","0.9181","http://www.drugbank.ca/drugs/DB04892"
"69","Formoterol (DB00983)","0.9175","http://www.drugbank.ca/drugs/DB00983"
"70","Arformoterol (DB01274)","0.9175","http://www.drugbank.ca/drugs/DB01274"
"71","Dansyllysine (DB04676)","0.9174","http://www.drugbank.ca/drugs/DB04676"
"72","(4-BROMOPHENYL)[4-({(2E)-4-[CYCLOPROPYL(METHYL)AMINO]BUT-2-ENYL}OXY)PHENYL]METHANONE (DB08458)","0.9174","http://www.drugbank.ca/drugs/DB08458"
"73","N-(TRANS-4'-NITRO-4-STILBENYL)-N-METHYL-5-AMINO-PENTANOIC ACID (DB08635)","0.9173","http://www.drugbank.ca/drugs/DB08635"
"74","N-(4-METHYLBENZOYL)-4-BENZYLPIPERIDINE (DB07123)","0.9171","http://www.drugbank.ca/drugs/DB07123"
"75","2-{[N-(2-ACETYL-5-CHLORO-4-FLUOROPHENYL)GLYCYL]AMINO}BENZOIC ACID (DB07085)","0.9170","http://www.drugbank.ca/drugs/DB07085"
"76","N-[[2-METHYL-4-HYDROXYCARBAMOYL]BUT-4-YL-N]-BENZYL-P-[PHENYL]-P-[METHYL]PHOSPHINAMID (DB08507)","0.9161","http://www.drugbank.ca/drugs/DB08507"
"77","Haloxazolam (DB01476)","0.9161","http://www.drugbank.ca/drugs/DB01476"
"78","4-{[(2R)-2-(2-methylphenyl)pyrrolidin-1-yl]carbonyl}benzene-1,3-diol (DB08442)","0.9160","http://www.drugbank.ca/drugs/DB08442"
"79","(5S)-5-(3-AMINOPROPYL)-3-(2,5-DIFLUOROPHENYL)-N-ETHYL-5-PHENYL-4,5-DIHYDRO-1H-PYRAZOLE-1-CARBOXAMIDE (DB08250)","0.9157","http://www.drugbank.ca/drugs/DB08250"
"80","Phentolamine (DB00692)","0.9149","http://www.drugbank.ca/drugs/DB00692"
"81","4-({4-[(4-methoxypyridin-2-yl)amino]piperidin-1-yl}carbonyl)benzonitrile (DB07002)","0.9147","http://www.drugbank.ca/drugs/DB07002"
"82","Ropinirole (DB00268)","0.9143","http://www.drugbank.ca/drugs/DB00268"
"83","Minaprine (DB00805)","0.9143","http://www.drugbank.ca/drugs/DB00805"
"84","Labetalol (DB00598)","0.9137","http://www.drugbank.ca/drugs/DB00598"
"85","Phenytoin (DB00252)","0.9136","http://www.drugbank.ca/drugs/DB00252"
"86","Lomefloxacin (DB00978)","0.9132","http://www.drugbank.ca/drugs/DB00978"
"87","(3R,4S)-1-(3,4-DIMETHOXYPHENYL)-3-(3-METHYLPHENYL)PIPERIDIN-4-AMINE (DB07851)","0.9130","http://www.drugbank.ca/drugs/DB07851"
"88","4-BROMO-3-(CARBOXYMETHOXY)-5-[3-(CYCLOHEXYLAMINO)PHENYL]THIOPHENE-2-CARBOXYLIC ACID (DB06829)","0.9129","http://www.drugbank.ca/drugs/DB06829"
"89","Fludiazepam (DB01567)","0.9129","http://www.drugbank.ca/drugs/DB01567"
"90","Mianserin (DB06148)","0.9126","http://www.drugbank.ca/drugs/DB06148"
"91","N-{2-[6-(2,4-DIAMINO-6-ETHYLPYRIMIDIN-5-YL)-2,2-DIMETHYL-3-OXO-2,3-DIHYDRO-4H-1,4-BENZOTHIAZIN-4-YL]ETHYL}ACETAMIDE (DB06899)","0.9126","http://www.drugbank.ca/drugs/DB06899"
"92","Eletriptan (DB00216)","0.9123","http://www.drugbank.ca/drugs/DB00216"
"93","N-{2-[6-(2,4-DIAMINO-6-ETHYLPYRIMIDIN-5-YL)-2,2-DIMETHYL-3-OXO-2,3-DIHYDRO-4H-1,4-BENZOXAZIN-4-YL]ETHYL}ACETAMIDE (DB07059)","0.9123","http://www.drugbank.ca/drugs/DB07059"
"94","[2-(1-Amino-2-Hydroxy-Propyl)-4-(1h-Indol-3-Ylmethylene)-5-Oxo-4,5-Dihydro-Imidazol-1-Yl]-Acetaldehyde (DB03914)","0.9120","http://www.drugbank.ca/drugs/DB03914"
"95","Grepafloxacin (DB00365)","0.9117","http://www.drugbank.ca/drugs/DB00365"
"96","(1S)-1-CYCLOPROPYL-2-[(2S)-4-(2,5-DIFLUOROPHENYL)-2-PHENYL-2,5-DIHYDRO-1H-PYRROL-1-YL]-2-OXOETHANAMINE (DB08244)","0.9112","http://www.drugbank.ca/drugs/DB08244"
"97","Norfloxacin (DB01059)","0.9111","http://www.drugbank.ca/drugs/DB01059"
"98","Gatifloxacin (DB01044)","0.9111","http://www.drugbank.ca/drugs/DB01044"
"99","beta-phenyl-D-phenylalanyl-N-propyl-L-prolinamide (DB07083)","0.9110","http://www.drugbank.ca/drugs/DB07083"
"100","Flunitrazepam (DB01544)","0.9109","http://www.drugbank.ca/drugs/DB01544"
"101","2-[({4-[2-(trifluoromethyl)phenyl]piperidin-1-yl}carbonyl)amino]benzoic acid (DB06985)","0.9109","http://www.drugbank.ca/drugs/DB06985"
"102","Cyclizine (DB01176)","0.9108","http://www.drugbank.ca/drugs/DB01176"
"103","(4E)-N-(4-fluorophenyl)-4-[(phenylcarbonyl)imino]-4H-pyrazole-3-carboxamide (DB08137)","0.9101","http://www.drugbank.ca/drugs/DB08137"
"104","Epinastine (DB00751)","0.9098","http://www.drugbank.ca/drugs/DB00751"
"105","Phenylbutazone (DB00812)","0.9097","http://www.drugbank.ca/drugs/DB00812"
"106","Ketazolam (DB01587)","0.9096","http://www.drugbank.ca/drugs/DB01587"
"107","Diphenylpyraline (DB01146)","0.9091","http://www.drugbank.ca/drugs/DB01146"
"108","N-[2-(4-AMINO-5,8-DIFLUORO-1,2-DIHYDROQUINAZOLIN-2-YL)ETHYL]-3-FURAMIDE (DB07318)","0.9090","http://www.drugbank.ca/drugs/DB07318"
"109","Diazepam (DB00829)","0.9089","http://www.drugbank.ca/drugs/DB00829"
"110","Zolmitriptan (DB00315)","0.9084","http://www.drugbank.ca/drugs/DB00315"
"111","Rosiglitazone (DB00412)","0.9082","http://www.drugbank.ca/drugs/DB00412"
"112","(5z)-5-(1h-Indol-3-Ylmethylene)-4h-Imidazol-4-One (DB01653)","0.9082","http://www.drugbank.ca/drugs/DB01653"
"113","(2Z)-N-biphenyl-4-yl-2-cyano-3-cyclopropyl-3-hydroxyprop-2-enamide (DB08169)","0.9080","http://www.drugbank.ca/drugs/DB08169"
"114","1-(6-CYANO-3-PYRIDYLCARBONYL)-5',8'-DIFLUOROSPIRO[PIPERIDINE-4,2'(1'H)-QUINAZOLINE]-4'-AMINE (DB07405)","0.9079","http://www.drugbank.ca/drugs/DB07405"
"115","Chlorcyclizine (DB08936)","0.9077","http://www.drugbank.ca/drugs/DB08936"
"116","(2Z)-5'-BROMO-2,3'-BIINDOLE-2',3(1H,1'H)-DIONE AMMONIATE (DB07493)","0.9076","http://www.drugbank.ca/drugs/DB07493"
"117","Indirubin-3'-Monoxime (DB02052)","0.9075","http://www.drugbank.ca/drugs/DB02052"
"118","(5z)-2-[(1s,2r)-1-Amino-2-Hydroxypropyl]-5-[(4-Amino-1h-Indol-3-Yl)Methylene]-3-(2-Hydroxyethyl)-3,5-Dihydro-4h-Imidazol-4-One (DB01641)","0.9074","http://www.drugbank.ca/drugs/DB01641"
"119","Tropicamide (DB00809)","0.9074","http://www.drugbank.ca/drugs/DB00809"
"120","3-[(5s)-1-Acetyl-3-(2-Chlorophenyl)-4,5-Dihydro-1h-Pyrazol-5-Yl]Phenol (DB03996)","0.9071","http://www.drugbank.ca/drugs/DB03996"
"121","Temazepam (DB00231)","0.9069","http://www.drugbank.ca/drugs/DB00231"
"122","Oxyphenbutazone (DB03585)","0.9068","http://www.drugbank.ca/drugs/DB03585"
"123","Ethyl loflazepate (DB01545)","0.9067","http://www.drugbank.ca/drugs/DB01545"
"124","3-BENZYLOXYCARBONYLAMINO-2-HYDROXY-4-PHENYL-BUTYRIC ACID (DB08041)","0.9063","http://www.drugbank.ca/drugs/DB08041"
"125","I-5 (DB01793)","0.9062","http://www.drugbank.ca/drugs/DB01793"
"126","Metolazone (DB00524)","0.9059","http://www.drugbank.ca/drugs/DB00524"
"127","Nialamide (DB04820)","0.9057","http://www.drugbank.ca/drugs/DB04820"
"128","Procaterol (DB01366)","0.9056","http://www.drugbank.ca/drugs/DB01366"
"129","Sparfloxacin (DB01208)","0.9051","http://www.drugbank.ca/drugs/DB01208"
"130","1-(2-Phenylethyl)-4-phenyl-4-acetoxypiperidine (DB01562)","0.9050","http://www.drugbank.ca/drugs/DB01562"
"131","Camazepam (DB01489)","0.9047","http://www.drugbank.ca/drugs/DB01489"
"132","[PHENYLALANINYL-PROLINYL]-[2-(PYRIDIN-4-YLAMINO)-ETHYL]-AMINE (DB08422)","0.9047","http://www.drugbank.ca/drugs/DB08422"
"133","Halazepam (DB00801)","0.9046","http://www.drugbank.ca/drugs/DB00801"
"134","Ezogabine  (DB04953)","0.9044","http://www.drugbank.ca/drugs/DB04953"
"135","Clorazepate (DB00628)","0.9042","http://www.drugbank.ca/drugs/DB00628"
"136","(3e)-6'-Bromo-2,3'-Biindole-2',3(1h,1'h)-Dione 3-Oxime (DB03444)","0.9041","http://www.drugbank.ca/drugs/DB03444"
"137","(S)-2-METHYL-1-[(4-METHYL-5-ISOQUINOLINE)SULFONYL]-HOMOPIPERAZINE (DB07876)","0.9040","http://www.drugbank.ca/drugs/DB07876"
"138","4-(quinolin-3-ylmethyl)piperidine-1-carboxylic acid (DB08385)","0.9038","http://www.drugbank.ca/drugs/DB08385"
"139","CP-271485 (DB02118)","0.9037","http://www.drugbank.ca/drugs/DB02118"
"140","Pefloxacin (DB00487)","0.9036","http://www.drugbank.ca/drugs/DB00487"
"141","Nalpha-(2-Naphthylsulfonylglycyl)-3-Amidino-D,L-Phenylalanine-Isopropylester (DB01737)","0.9035","http://www.drugbank.ca/drugs/DB01737"
"142","2,4-DIAMINO-1,5-DIPHENYL-3-HYDROXYPENTANE (DB07575)","0.9032","http://www.drugbank.ca/drugs/DB07575"
"143","(Z)-3-BENZYL-5-(2-HYDROXY-3-NITROBENZYLIDENE)-2-THIOXOTHIAZOLIDIN-4-ONE (DB07838)","0.9029","http://www.drugbank.ca/drugs/DB07838"
"144","(2S)-2-(3-bromophenyl)-3-(5-chloro-2-hydroxyphenyl)-1,3-thiazolidin-4-one (DB08236)","0.9028","http://www.drugbank.ca/drugs/DB08236"
"145","(2R)-1-[(4-tert-butylphenyl)sulfonyl]-2-methyl-4-(4-nitrophenyl)piperazine (DB07049)","0.9026","http://www.drugbank.ca/drugs/DB07049"
"146","2-[3-(5-MERCAPTO-[1,3,4]THIADIAZOL-2-YL)-UREIDO]-N-METHYL-3-PHENYL-PROPIONAMIDE (DB07390)","0.9024","http://www.drugbank.ca/drugs/DB07390"
"147","Cloxazolam (DB01553)","0.9023","http://www.drugbank.ca/drugs/DB01553"
"148","Ritodrine (DB00867)","0.9021","http://www.drugbank.ca/drugs/DB00867"
"149","(3R)-N-(4-CHLOROPHENYL)-3-(HYDROXYMETHYL)-1,2,3,4-TETRAHYDROISOQUINOLINE-7-SULFONAMIDE (DB07747)","0.9016","http://www.drugbank.ca/drugs/DB07747"
"150","Propafenone (DB01182)","0.9014","http://www.drugbank.ca/drugs/DB01182"
"151","S-{3-[(4-ANILINOQUINAZOLIN-6-YL)AMINO]-3-OXOPROPYL}-L-CYSTEINE (DB07602)","0.9009","http://www.drugbank.ca/drugs/DB07602"
"152","(S)-(+)-2-[4-(FLUOROBENZYLOXY-BENZYLAMINO)PROPIONAMIDE] (DB08516)","0.9005","http://www.drugbank.ca/drugs/DB08516"
"153","(E)-3-(5((5-(4-CHLOROPHENYL)FURAN-2-YL)METHYLENE)-4-OXO-2-THIOXOTHIAZOLIDIN-3-YL)PROPANOIC ACID (DB08177)","0.9003","http://www.drugbank.ca/drugs/DB08177"
"154","Haloperidol (DB00502)","0.8999","http://www.drugbank.ca/drugs/DB00502"
"155","(2-ACETYL-5-METHYLANILINO)(2,6-DIBROMOPHENYL)ACETAMIDE (DB07327)","0.8999","http://www.drugbank.ca/drugs/DB07327"
"156","ALPHA-(2,6-DICHLOROPHENYL)-ALPHA-(2-ACETYL-5-METHYLANILINO)ACETAMIDE (DB07332)","0.8999","http://www.drugbank.ca/drugs/DB07332"
"157","IMAZAQUIN (DB04582)","0.8998","http://www.drugbank.ca/drugs/DB04582"
"158","Indapamide (DB00808)","0.8997","http://www.drugbank.ca/drugs/DB00808"
"159","4-chloro-N-[(2S)-2-methyl-2,3-dihydro-1H-indol-1-yl]-3-sulfamoylbenzamide (DB07467)","0.8997","http://www.drugbank.ca/drugs/DB07467"
"160","4-{[(2,6-difluorophenyl)carbonyl]amino}-N-[(3S)-piperidin-3-yl]-1H-pyrazole-3-carboxamide (DB08141)","0.8994","http://www.drugbank.ca/drugs/DB08141"
"161","Methotrimeprazine (DB01403)","0.8994","http://www.drugbank.ca/drugs/DB01403"
"162","N-[2-methyl-5-(methylcarbamoyl)phenyl]-2-{[(1R)-1-methylpropyl]amino}-1,3-thiazole-5-carboxamide (DB06991)","0.8993","http://www.drugbank.ca/drugs/DB06991"
"163","Oxacillin (DB00713)","0.8992","http://www.drugbank.ca/drugs/DB00713"
"164","Clonitazene (DB01523)","0.8990","http://www.drugbank.ca/drugs/DB01523"
"165","{[(2,6-difluorophenyl)carbonyl]amino}-N-(4-fluorophenyl)-1H-pyrazole-3-carboxamide (DB08138)","0.8988","http://www.drugbank.ca/drugs/DB08138"
"166","Atomoxetine (DB00289)","0.8988","http://www.drugbank.ca/drugs/DB00289"
"167","N-{2-[(4'-CYANO-1,1'-BIPHENYL-4-YL)OXY]ETHYL}-N'-HYDROXY-N-METHYLUREA (DB06971)","0.8988","http://www.drugbank.ca/drugs/DB06971"
"168","METHYL N-[(2',4'-DIFLUORO-4-HYDROXY-5-IODOBIPHENYL-3-YL)CARBONYL]-BETA-ALANINATE (DB07962)","0.8987","http://www.drugbank.ca/drugs/DB07962"
"169","Balsalazide (DB01014)","0.8986","http://www.drugbank.ca/drugs/DB01014"
"170","D-Naphthyl-1-Acetamido Boronic Acid Alanine (DB02677)","0.8985","http://www.drugbank.ca/drugs/DB02677"
"171","L-Naphthyl-1-Acetamido Boronic Acid Alanine (DB03290)","0.8985","http://www.drugbank.ca/drugs/DB03290"
"172","(5S)-3-ANILINO-5-(2,4-DIFLUOROPHENYL)-5-METHYL-1,3-OXAZOLIDINE-2,4-DIONE (DB07763)","0.8985","http://www.drugbank.ca/drugs/DB07763"
"173","N-ETHYL-N-ISOPROPYL-3-METHYL-5-{[(2S)-2-(PYRIDIN-4-YLAMINO)PROPYL]OXY}BENZAMIDE (DB07279)","0.8981","http://www.drugbank.ca/drugs/DB07279"
"174","Bezafibrate (DB01393)","0.8979","http://www.drugbank.ca/drugs/DB01393"
"175","Quazepam (DB01589)","0.8969","http://www.drugbank.ca/drugs/DB01589"
"176","N-(2-CHLORO-4-FLUOROBENZOYL)-N'-(5-HYDROXY-2-METHOXYPHENYL)UREA (DB07968)","0.8966","http://www.drugbank.ca/drugs/DB07968"
"177","Nitrazepam (DB01595)","0.8966","http://www.drugbank.ca/drugs/DB01595"
"178","Fosphenytoin (DB01320)","0.8966","http://www.drugbank.ca/drugs/DB01320"
"179","Oxazepam (DB00842)","0.8959","http://www.drugbank.ca/drugs/DB00842"
"180","2-({[4-bromo-3-(diethylsulfamoyl)phenyl]carbonyl}amino)benzoic acid (DB07429)","0.8959","http://www.drugbank.ca/drugs/DB07429"
"181","Diphemanil Methylsulfate (DB00729)","0.8956","http://www.drugbank.ca/drugs/DB00729"
"182","N-(2-AMINOETHYL)-2-{3-CHLORO-4-[(4-ISOPROPYLBENZYL)OXY]PHENYL} ACETAMIDE (DB08610)","0.8956","http://www.drugbank.ca/drugs/DB08610"
"183","3-{[4-([AMINO(IMINO)METHYL]AMINOSULFONYL)ANILINO]METHYLENE}-2-OXO-2,3-DIHYDRO-1H-INDOLE (DB08126)","0.8954","http://www.drugbank.ca/drugs/DB08126"
"184","5-(5-CHLORO-2,4-DIHYDROXYPHENYL)-N-ETHYL-4-PIPERAZIN-1-YL-1H-PYRAZOLE-3-CARBOXAMIDE (DB06958)","0.8953","http://www.drugbank.ca/drugs/DB06958"
"185","(1R)-1-PHENYLETHYL 4-(ACETYLAMINO)BENZYLPHOSPHONATE (DB08545)","0.8951","http://www.drugbank.ca/drugs/DB08545"
"186","N-METHYL-4-{[(2-OXO-1,2-DIHYDRO-3H-INDOL-3-YLIDENE)METHYL]AMINO}BENZENESULFONAMIDE (DB08122)","0.8950","http://www.drugbank.ca/drugs/DB08122"
"187","Apomorphine (DB00714)","0.8949","http://www.drugbank.ca/drugs/DB00714"
"188","5-Chloro-1h-Indole-2-Carboxylic Acid{[Cyclopentyl-(2-Hydroxy-Ethyl)-Carbamoyl]-Methyl}-Amide (DB03288)","0.8947","http://www.drugbank.ca/drugs/DB03288"
"189","3-(HYDROXYMETHYL)-1-METHYL-5-(2-METHYLAZIRIDIN-1-YL)-2-PHENYL-1H-INDOLE-4,7-DIONE (DB07385)","0.8947","http://www.drugbank.ca/drugs/DB07385"
"190","1-(4-CYANO-PHENYL)-3-[2-(2,6-DICHLORO-PHENYL)-1-IMINO-ETHYL]-THIOUREA (DB07961)","0.8946","http://www.drugbank.ca/drugs/DB07961"
"191","Clotiazepam (DB01559)","0.8943","http://www.drugbank.ca/drugs/DB01559"
"192","5-Methoxy-N,N-diisopropyltryptamine (DB01441)","0.8941","http://www.drugbank.ca/drugs/DB01441"
"193","(1R)-2-PHENYLACETAMIDO-2-(3-CARBOXYPHENYL)ETHYL BORONIC ACID (DB07466)","0.8938","http://www.drugbank.ca/drugs/DB07466"
"194","Levofloxacin (DB01137)","0.8937","http://www.drugbank.ca/drugs/DB01137"
"195","Ofloxacin (DB01165)","0.8937","http://www.drugbank.ca/drugs/DB01165"
"196","Dextrofloxacine (DB03034)","0.8937","http://www.drugbank.ca/drugs/DB03034"
"197","SCV-07 (DB05475)","0.8936","http://www.drugbank.ca/drugs/DB05475"
"198","Flupirtine (DB06623)","0.8936","http://www.drugbank.ca/drugs/DB06623"
"199","(2S)-N-(4-cyano-3-iodophenyl)-3-(4-cyanophenoxy)-2-hydroxy-2-methylpropanamide (DB07039)","0.8933","http://www.drugbank.ca/drugs/DB07039"
"200","Dobutamine (DB00841)","0.8929","http://www.drugbank.ca/drugs/DB00841"
"201","1-[1'-(3-phenylacryloyl)spiro[1-benzofuran-3,4'-piperidin]-5-yl]methanamine (DB06849)","0.8928","http://www.drugbank.ca/drugs/DB06849"
"202","Clonazepam (DB01068)","0.8925","http://www.drugbank.ca/drugs/DB01068"
"203","Mepyramine (DB06691)","0.8922","http://www.drugbank.ca/drugs/DB06691"
"204","Barbituric acid derivative (DB01496)","0.8922","http://www.drugbank.ca/drugs/DB01496"
"205","1-(5-ISOQUINOLINESULFONYL)-2-METHYLPIPERAZINE (DB07996)","0.8915","http://www.drugbank.ca/drugs/DB07996"
"206","Besifloxacin (DB06771)","0.8911","http://www.drugbank.ca/drugs/DB06771"
"207","5-Methyl-5-(4-Phenoxy-Phenyl)-Pyrimidine-2,4,6-Trione (DB03368)","0.8911","http://www.drugbank.ca/drugs/DB03368"
"208","Lobeline (DB05137)","0.8911","http://www.drugbank.ca/drugs/DB05137"
"209","6-(2,4-DIAMINO-6-ETHYLPYRIMIDIN-5-YL)-4-(3-METHOXYPROPYL)-2,2-DIMETHYL-2H-1,4-BENZOXAZIN-3(4H)-ONE (DB07174)","0.8901","http://www.drugbank.ca/drugs/DB07174"
"210","Elesclomol (DB05719)","0.8900","http://www.drugbank.ca/drugs/DB05719"
"211","2-(6-{[(3-chloro-2-methylphenyl)sulfonyl]amino}pyridin-2-yl)-N,N-diethylacetamide (DB07056)","0.8898","http://www.drugbank.ca/drugs/DB07056"
"212","Indecainide (DB00192)","0.8897","http://www.drugbank.ca/drugs/DB00192"
"213","Diphenidol (DB01231)","0.8894","http://www.drugbank.ca/drugs/DB01231"
"214","(2-{[(4-BROMO-2-FLUOROBENZYL)AMINO]CARBONYL}-5-CHLOROPHENOXY)ACETIC ACID (DB07028)","0.8894","http://www.drugbank.ca/drugs/DB07028"
"215","Torasemide (DB00214)","0.8889","http://www.drugbank.ca/drugs/DB00214"
"216","Benzatropine (DB00245)","0.8885","http://www.drugbank.ca/drugs/DB00245"
"217","Anileridine (DB00913)","0.8884","http://www.drugbank.ca/drugs/DB00913"
"218","(R)-(+) 5(9BH)-OXO-9B-PHENYL-2,3-DIHYDROTHIAZOLO[2,3-A]ISOINDOL-3-CARBOXYLIC ACID METHYL ESTER (DB07473)","0.8881","http://www.drugbank.ca/drugs/DB07473"
"219","TRW3-(2-AMINO-3-HYDROXY-PROPYL)-6-(N'-CYCLOHEXYL-HYDRAZINO)OCTAHYDRO-INDOL-7-OL (DB08646)","0.8880","http://www.drugbank.ca/drugs/DB08646"
"220","3-Amino-5-Phenylpentane (DB02869)","0.8880","http://www.drugbank.ca/drugs/DB02869"
"221","3-Methylthiofentanyl (DB01439)","0.8879","http://www.drugbank.ca/drugs/DB01439"
"222","N-(6-Aminohexyl)-5-Chloro-1-Naphthalenesulfonamide (DB04513)","0.8879","http://www.drugbank.ca/drugs/DB04513"
"223","3-{ISOPROPYL[(TRANS-4-METHYLCYCLOHEXYL)CARBONYL]AMINO}-5-PHENYLTHIOPHENE-2-CARBOXYLIC ACID (DB08279)","0.8873","http://www.drugbank.ca/drugs/DB08279"
"224","2-[(2-chloro-4-iodophenyl)amino]-N-{[(2R)-2,3-dihydroxypropyl]oxy}-3,4-difluorobenzamide (DB07046)","0.8871","http://www.drugbank.ca/drugs/DB07046"
"225","2-HYDROXY-5-{[(1E)-2-PHENYLETHYLIDENE]AMINO}-L-TYROSINE (DB06988)","0.8868","http://www.drugbank.ca/drugs/DB06988"
"226","Alpha-methylthiofentanyl (DB01470)","0.8866","http://www.drugbank.ca/drugs/DB01470"
"227","Mazindol (DB00579)","0.8866","http://www.drugbank.ca/drugs/DB00579"
"228","4-{[(2S)-3-(tert-butylamino)-2-hydroxypropyl]oxy}-3H-indole-2-carbonitrile (DB08347)","0.8863","http://www.drugbank.ca/drugs/DB08347"
"229","2-{4-[(3,5-DIMETHYLANILINO)-CARBONYL-METHYL]-PHENOXY}-2-METHYLPROPIONIC ACID (DB08486)","0.8863","http://www.drugbank.ca/drugs/DB08486"
"230","IDD552 (DB02834)","0.8854","http://www.drugbank.ca/drugs/DB02834"
"231","Clobazam (DB00349)","0.8852","http://www.drugbank.ca/drugs/DB00349"
"232","2-[4-({[(3,5-DICHLOROPHENYL)AMINO]CARBONYL}AMINO)PHENOXY]-2-METHYLPROPANOIC ACID (DB08077)","0.8851","http://www.drugbank.ca/drugs/DB08077"
"233","Fenoterol (DB01288)","0.8851","http://www.drugbank.ca/drugs/DB01288"
"234","Mepenzolate (DB04843)","0.8847","http://www.drugbank.ca/drugs/DB04843"
"235","(2R)-N~4~-hydroxy-2-(3-hydroxybenzyl)-N~1~-[(1S,2R)-2-hydroxy-2,3-dihydro-1H-inden-1-yl]butanediamide (DB06837)","0.8847","http://www.drugbank.ca/drugs/DB06837"
"236","Dofetilide (DB00204)","0.8846","http://www.drugbank.ca/drugs/DB00204"
"237","N-(4-CARBAMIMIDOYL-3-CHORO-PHENYL)-2-HYDROXY-3-IODO-5-METHYL-BENZAMIDE (DB06857)","0.8845","http://www.drugbank.ca/drugs/DB06857"
"238","Lorazepam (DB00186)","0.8844","http://www.drugbank.ca/drugs/DB00186"
"239","Chlordiazepoxide (DB00475)","0.8841","http://www.drugbank.ca/drugs/DB00475"
"240","IDD594 (DB08084)","0.8839","http://www.drugbank.ca/drugs/DB08084"
"241","(N-{4-[(ETHYLANILINO)SULFONYL]-2-METHYLPHENYL}-3,3,3-TRIFLUORO-2-HYDROXY-2-METHYLPROPANAMIDE (DB08609)","0.8839","http://www.drugbank.ca/drugs/DB08609"
"242","(3R)-3-[(1,2,3,4-tetrahydroisoquinolin-7-yloxy)methyl]-2,3-dihydrothieno[2,3-f][1,4]oxazepin-5-amine (DB07007)","0.8834","http://www.drugbank.ca/drugs/DB07007"
"243","(2S)-2-(3-{[AMINO(IMINO)METHYL]AMINO}PHENYL)-3-[(S)-HYDROXY(3-PHENYLPROPYL)PHOSPHORYL]PROPANOIC ACID (DB07182)","0.8833","http://www.drugbank.ca/drugs/DB07182"
"244","2-[(4-ETHYNYL-2-FLUOROPHENYL)AMINO]-3,4-DIFLUORO-N-(2-HYDROXYETHOXY)BENZAMIDE (DB08208)","0.8832","http://www.drugbank.ca/drugs/DB08208"
"245","6-(3-AMINOPROPYL)-4,9-DIMETHYLPYRROLO[3,4-C]CARBAZOLE-1,3(2H,6H)-DIONE (DB07444)","0.8830","http://www.drugbank.ca/drugs/DB07444"
"246","Arbutamine (DB01102)","0.8824","http://www.drugbank.ca/drugs/DB01102"
"247","4-Dimethylamino-N-(6-Hydroxycarbamoyethyl)Benzamide-N-Hydroxy-7-(4-Dimethyla Minobenzoyl)Aminoheptanamide (DB02565)","0.8823","http://www.drugbank.ca/drugs/DB02565"
"248","4-HYDROXY-N'-(4-ISOPROPYLBENZYL)BENZOHYDRAZIDE (DB06884)","0.8822","http://www.drugbank.ca/drugs/DB06884"
"249","1-(3-chloro-4-methylphenyl)-3-{2-[({5-[(dimethylamino)methyl]-2-furyl}methyl)thio]ethyl}urea (DB08027)","0.8818","http://www.drugbank.ca/drugs/DB08027"
"250","Bumetanide (DB00887)","0.8817","http://www.drugbank.ca/drugs/DB00887"
"251","N-{[(2R)-2,3-dihydroxypropyl]oxy}-3,4-difluoro-2-[(2-fluoro-4-iodophenyl)amino]benzamide (DB07101)","0.8806","http://www.drugbank.ca/drugs/DB07101"
"252","S-3-(4-FLUOROPHENOXY)-2-HYDROXY-2-METHYL-N-[4-NITRO-3-(TRIFLUOROMETHYL)PHENYL]PROPANAMIDE (DB07769)","0.8806","http://www.drugbank.ca/drugs/DB07769"
"253","(2E)-3-(3,4-DIHYDROXYPHENYL)-N-[2-(4-HYDROXYPHENYL)ETHYL]ACRYLAMIDE (DB08754)","0.8797","http://www.drugbank.ca/drugs/DB08754"
"254","4-CHLORO-6-(4-PIPERAZIN-1-YL-1H-PYRAZOL-5-YL)BENZENE-1,3-DIOL (DB07100)","0.8794","http://www.drugbank.ca/drugs/DB07100"
"255","Methantheline (DB00940)","0.8792","http://www.drugbank.ca/drugs/DB00940"
"256","4-(2-AMINOETHOXY)-3,5-DICHLORO-N-[3-(1-METHYLETHOXY)PHENYL]BENZAMIDE (DB08072)","0.8792","http://www.drugbank.ca/drugs/DB08072"
"257","5-CYANO-FURAN-2-CARBOXYLIC ACID [5-HYDROXYMETHYL-2-(4-METHYL-PIPERIDIN-1-YL)-PHENYL]-AMIDE (DB07167)","0.8788","http://www.drugbank.ca/drugs/DB07167"
"258","4-{[(2,6-dichlorophenyl)carbonyl]amino}-N-piperidin-4-yl-1H-pyrazole-3-carboxamide (DB08142)","0.8783","http://www.drugbank.ca/drugs/DB08142"
"259","Sumatriptan (DB00669)","0.8778","http://www.drugbank.ca/drugs/DB00669"
"260","Dextropropoxyphene (DB00647)","0.8773","http://www.drugbank.ca/drugs/DB00647"
"261","2-(4-DIMETHYLAMINOPHENYL)DIAZENYLBENZOIC ACID (DB08209)","0.8772","http://www.drugbank.ca/drugs/DB08209"
"262","Lisuride (DB00589)","0.8770","http://www.drugbank.ca/drugs/DB00589"
"263","(R)-(+)9B-(3-METHYL)PHENYL-2,3-DIHYDROTHIAZOLO[2,3-A]ISOINDOL-5(9BH)-ONE (DB07472)","0.8761","http://www.drugbank.ca/drugs/DB07472"
"264","Rotigotine (DB05271)","0.8761","http://www.drugbank.ca/drugs/DB05271"
"265","Inhibitor Idd 384 (DB01689)","0.8748","http://www.drugbank.ca/drugs/DB01689"
"266","N-HYDROXY-2(R)-[[(4-METHOXYPHENYL)SULFONYL](3-PICOLYL)AMINO]-3-METHYLBUTANAMIDE HYDROCHLORIDE (DB07556)","0.8748","http://www.drugbank.ca/drugs/DB07556"
"267","(2S)-3-[(R)-[(1S)-1-amino-3-phenylpropyl](hydroxy)phosphoryl]-2-benzylpropanoic acid (DB07448)","0.8744","http://www.drugbank.ca/drugs/DB07448"
"268","Mirtazapine (DB00370)","0.8742","http://www.drugbank.ca/drugs/DB00370"
"269","N-[2-(6-AMINO-4-METHYLPYRIDIN-2-YL)ETHYL]-4-CYANOBENZAMIDE (DB07389)","0.8741","http://www.drugbank.ca/drugs/DB07389"
"270","Fluoxetine (DB00472)","0.8739","http://www.drugbank.ca/drugs/DB00472"
"271","(3R)-N-methyl-3-phenyl-3-[4-(trifluoromethyl)phenoxy]propan-1-amine (DB08472)","0.8739","http://www.drugbank.ca/drugs/DB08472"
"272","(3S)-N-methyl-3-phenyl-3-[4-(trifluoromethyl)phenoxy]propan-1-amine (DB08544)","0.8739","http://www.drugbank.ca/drugs/DB08544"
"273","Tolrestat (DB02383)","0.8738","http://www.drugbank.ca/drugs/DB02383"
"274","Talampanel (DB04982)","0.8728","http://www.drugbank.ca/drugs/DB04982"
"275","[N-(BENZYLOXYCARBONYL)AMINO](4-AMIDINOPHENYL)METHANE-PHOSPHONATE (DB08763)","0.8722","http://www.drugbank.ca/drugs/DB08763"
"276","1-(5-BROMO-PYRIDIN-2-YL)-3-[2-(6-FLUORO-2-HYDROXY-3-PROPIONYL-PHENYL)-CYCLOPROPYL]-UREA (DB07451)","0.8717","http://www.drugbank.ca/drugs/DB07451"
"277","3-{[(9-CYANO-9,10-DIHYDRO-10-METHYLACRIDIN-9-YL)CARBONYL]AMINO}PROPANOIC ACID (DB07441)","0.8713","http://www.drugbank.ca/drugs/DB07441"
"278","4,4'[1,6-Hexanediylbis(Oxy)]Bisbenzenecarboximidamide (DB03808)","0.8704","http://www.drugbank.ca/drugs/DB03808"
"279","Ergonovine (DB01253)","0.8704","http://www.drugbank.ca/drugs/DB01253"
"280","(4R)-4-(3-HYDROXYPHENYL)-N,N,7,8-TETRAMETHYL-3,4-DIHYDROISOQUINOLINE-2(1H)-CARBOXAMIDE (DB07064)","0.8703","http://www.drugbank.ca/drugs/DB07064"
"281","Pentamidine (DB00738)","0.8702","http://www.drugbank.ca/drugs/DB00738"
"282","L-alanyl-N-[(1S,2R)-1-benzyl-2-hydroxypropyl]-L-alaninamide (DB08038)","0.8701","http://www.drugbank.ca/drugs/DB08038"
"283","Bicalutamide (DB01128)","0.8699","http://www.drugbank.ca/drugs/DB01128"
"284","(2r)-N-[4-Cyano-3-(Trifluoromethyl)Phenyl]-3-[(4-Fluorophenyl)Sulfonyl]-2-Hydroxy-2-Methylpropanamide (DB02932)","0.8699","http://www.drugbank.ca/drugs/DB02932"
"285","Itopride (DB04924)","0.8698","http://www.drugbank.ca/drugs/DB04924"
"286","Tanaproget (DB04787)","0.8697","http://www.drugbank.ca/drugs/DB04787"
"287","Naratriptan (DB00952)","0.8696","http://www.drugbank.ca/drugs/DB00952"
"288","3-{[(4-methylphenyl)sulfonyl]amino}propyl pyridin-4-ylcarbamate (DB07572)","0.8692","http://www.drugbank.ca/drugs/DB07572"
"289","3-METHOXY-6-[4-(3-METHYLPHENYL)-1-PIPERAZINYL]PYRIDAZINE (DB08017)","0.8691","http://www.drugbank.ca/drugs/DB08017"
"290","4-(3-amino-1H-indazol-5-yl)-N-tert-butylbenzenesulfonamide (DB07162)","0.8683","http://www.drugbank.ca/drugs/DB07162"
"291","2-((3'-TERTBUTYL-4'-HYDROXYPHENYL)AZO)BENZOIC ACID (DB08216)","0.8671","http://www.drugbank.ca/drugs/DB08216"
"292","Cysteine-Methylene-Carbamoyl-1,10-Phenanthroline (DB04437)","0.8670","http://www.drugbank.ca/drugs/DB04437"
"293","Lysergic Acid Diethylamide (DB04829)","0.8663","http://www.drugbank.ca/drugs/DB04829"
"294","Metixene (DB00340)","0.8661","http://www.drugbank.ca/drugs/DB00340"
"295","AS-3201 (DB05327)","0.8633","http://www.drugbank.ca/drugs/DB05327"
"296","(2S)-3-[(9H-fluoren-9-ylideneamino)oxy]-2-methylpropanoic acid (DB07201)","0.8631","http://www.drugbank.ca/drugs/DB07201"
"297","(2S)-({(5Z)-5-[(5-ETHYL-2-FURYL)METHYLENE]-4-OXO-4,5-DIHYDRO-1,3-THIAZOL-2-YL}AMINO)(4-FLUOROPHENYL)ACETIC ACID (DB08706)","0.8630","http://www.drugbank.ca/drugs/DB08706"
"298","Methylergometrine (DB00353)","0.8600","http://www.drugbank.ca/drugs/DB00353"
"299","Citalopram (DB00215)","0.8594","http://www.drugbank.ca/drugs/DB00215"
"300","Escitalopram (DB01175)","0.8594","http://www.drugbank.ca/drugs/DB01175"
"301","N-[(2R,3S)-3-AMINO-2-HYDROXY-4-PHENYLBUTYL]-4-METHOXY-2,3,6-TRIMETHYLBENZENESULFONAMIDE (DB07527)","0.8591","http://www.drugbank.ca/drugs/DB07527"
"302","Doxylamine (DB00366)","0.8588","http://www.drugbank.ca/drugs/DB00366"
"303","Methysergide (DB00247)","0.8586","http://www.drugbank.ca/drugs/DB00247"
"304","Dimenoxadol (DB01461)","0.8585","http://www.drugbank.ca/drugs/DB01461"
"305","5-bromo-N-(3-chloro-2-(4-(prop-2-ynyl)piperazin-1-yl)phenyl)furan-2-carboxamide (DB08021)","0.8582","http://www.drugbank.ca/drugs/DB08021"
"306","Pioglitazone (DB01132)","0.8577","http://www.drugbank.ca/drugs/DB01132"
"307","Reboxetine (DB00234)","0.8570","http://www.drugbank.ca/drugs/DB00234"
"308","3-ETHYL-6-{[(4-FLUOROPHENYL)SULFONYL]AMINO}-2-METHYLBENZOIC ACID (DB07746)","0.8562","http://www.drugbank.ca/drugs/DB07746"
"309","2-CHLORO-N-(3-CYANO-5,6-DIHYDRO-4H-CYCLOPENTA[B]THIOPHEN-2-YL)-5-DIETHYLSULFAMOYL-BENZAMIDE (DB06970)","0.8562","http://www.drugbank.ca/drugs/DB06970"
"310","Paroxetine (DB00715)","0.8559","http://www.drugbank.ca/drugs/DB00715"
"311","Piroxicam (DB00554)","0.8557","http://www.drugbank.ca/drugs/DB00554"
"312","(4R)-7-chloro-9-methyl-1-oxo-1,2,4,9-tetrahydrospiro[beta-carboline-3,4'-piperidine]-4-carbonitrile (DB08166)","0.8554","http://www.drugbank.ca/drugs/DB08166"
"313","(2R,3R)-7-(methylsulfonyl)-3-(2,4,5-trifluorophenyl)-1,2,3,4-tetrahydropyrido[1,2-a]benzimidazol-2-amine (DB07193)","0.8543","http://www.drugbank.ca/drugs/DB07193"
"314","Tamsulosin (DB00706)","0.8536","http://www.drugbank.ca/drugs/DB00706"
"315","+/-METHYL 4-(AMINOIMINOMETHYL)-BETA-[3- INH (AMINOIMINO)PHENYL]BENZENE PENTANOATE (DB07985)","0.8535","http://www.drugbank.ca/drugs/DB07985"
"316","CNS-5161 (DB05824)","0.8524","http://www.drugbank.ca/drugs/DB05824"
"317","(1R)-N,6-DIHYDROXY-7-METHOXY-2-[(4-METHOXYPHENYL)SULFONYL]-1,2,3,4-TETRAHYDROISOQUINOLINE-1-CARBOXAMIDE (DB08170)","0.8524","http://www.drugbank.ca/drugs/DB08170"
"318","Alogliptin  (DB06203)","0.8510","http://www.drugbank.ca/drugs/DB06203"
"319","1-METHYL ETHYL 1-CHLORO-5-[[(5,6DIHYDRO-2-METHYL-1,4-OXATHIIN-3-YL)CARBONYL]AMINO]BENZOATE (DB08682)","0.8508","http://www.drugbank.ca/drugs/DB08682"
"320","UC-781 (DB05871)","0.8507","http://www.drugbank.ca/drugs/DB05871"
"321","2-METHYL-FURAN-3-CARBOTHIOIC ACID [4-CHLORO-3-(3-METHYL-BUT-2-ENYLOXY)-PHENYL]-AMIDE (DB08679)","0.8507","http://www.drugbank.ca/drugs/DB08679"
"322","1-(5-Tert-Butyl-2-Methyl-2h-Pyrazol-3-Yl)-3-(4-Chloro-Phenyl)-Urea (DB02277)","0.8500","http://www.drugbank.ca/drugs/DB02277"
"323","Almotriptan (DB00918)","0.8483","http://www.drugbank.ca/drugs/DB00918"
"324","2-ACETYLAMINO-4-METHYL-PENTANOIC ACID (1-FORMYL-2-PHENYL-ETHYL)-AMIDE (DB07749)","0.8480","http://www.drugbank.ca/drugs/DB07749"
"325","Sunitinib (DB01268)","0.8479","http://www.drugbank.ca/drugs/DB01268"
"326","Diethylstilbestrol (DB00255)","0.8478","http://www.drugbank.ca/drugs/DB00255"
"327","N-[4-CLORO-3-(T-BUTYLOXOME)PHENYL-2-METHYL-3-FURAN-CARBOTHIAMIDE (DB08680)","0.8476","http://www.drugbank.ca/drugs/DB08680"
"328","Disopyramide (DB00280)","0.8470","http://www.drugbank.ca/drugs/DB00280"
"329","4-(3-{[5-(trifluoromethyl)pyridin-2-yl]oxy}benzyl)piperidine-1-carboxylic acid (DB08400)","0.8462","http://www.drugbank.ca/drugs/DB08400"
"330","1-butanoyl-N-(4-carbamimidoylbenzyl)-L-prolinamide (DB06929)","0.8443","http://www.drugbank.ca/drugs/DB06929"
"331","1-[2-(3-ACETYL-2-HYDROXY-6-METHOXY-PHENYL)-CYCLOPROPYL]-3-(5-CYANO-PYRIDIN-2-YL)-THIOUREA (DB08212)","0.8443","http://www.drugbank.ca/drugs/DB08212"
"332","4-tert-butyl-N'-[(1E)-(3,5-dibromo-2,4-dihydroxyphenyl)methylidene]benzohydrazide (DB07097)","0.8437","http://www.drugbank.ca/drugs/DB07097"
"333","(2R)-2-AMINO-3,3,3-TRIFLUORO-N-HYDROXY-2-{[(4-PHENOXYPHENYL)SULFONYL]METHYL}PROPANAMIDE (DB07246)","0.8427","http://www.drugbank.ca/drugs/DB07246"
"334","N'-(6-aminopyridin-3-yl)-N-(2-cyclopentylethyl)-4-methyl-benzene-1,3-dicarboxamide (DB07537)","0.8422","http://www.drugbank.ca/drugs/DB07537"
"335","(3R,4S)-1-[(4-amino-5H-pyrrolo[3,2-d]pyrimidin-7-yl)methyl]-4-[(benzylsulfanyl)methyl]pyrrolidin-3-ol (DB07649)","0.8421","http://www.drugbank.ca/drugs/DB07649"
"336","Mercaptocarboxylate Inhibitor (DB02706)","0.8420","http://www.drugbank.ca/drugs/DB02706"
"337","Fenoldopam (DB00800)","0.8404","http://www.drugbank.ca/drugs/DB00800"
"338","1-(5-OXO-2,3,5,9B-TETRAHYDRO-1H-PYRROLO[2,1-A]ISOINDOL-9-YL)-3-(5-PYRROLIDIN-2-YL-1H-PYRAZOL-3-YL)-UREA (DB06976)","0.8403","http://www.drugbank.ca/drugs/DB06976"
"339","Piclamilast (DB01791)","0.8402","http://www.drugbank.ca/drugs/DB01791"
"340","2-{[(1R,2S)-2-aminocyclohexyl]amino}-4-[(3-methylphenyl)amino]pyrimidine-5-carboxamide (DB08361)","0.8393","http://www.drugbank.ca/drugs/DB08361"
"341","(METHYLPYRIDAZINE PIPERIDINE ETHYLOXYPHENYL)ETHYLACETATE (DB08012)","0.8393","http://www.drugbank.ca/drugs/DB08012"
"342","Roflumilast (DB01656)","0.8384","http://www.drugbank.ca/drugs/DB01656"
"343","4-((3r,4s,5r)-4-Amino-3,5-Dihydroxy-Hex-1-Ynyl)-5-Fluoro-3-[1-(3-Methoxy-1h-Pyrrol-2-Yl)-Meth-(Z)-Ylidene]-1,3-Dihydro-Indol-2-One (DB03737)","0.8383","http://www.drugbank.ca/drugs/DB03737"
"344","4-[(1S)-1-(3-fluoro-4-methoxyphenyl)-2-(2-methoxy-5-nitrophenyl)ethyl]-1H-imidazol-2-amine (DB07415)","0.8381","http://www.drugbank.ca/drugs/DB07415"
"345","CRA_10950 (DB03494)","0.8373","http://www.drugbank.ca/drugs/DB03494"
"346","6-FLUORO-2-(2-HYDROXY-3-ISOBUTOXY-PHENYL)-1H-BENZOIMIDAZOLE-5-CARBOXAMIDINE (DB06855)","0.8373","http://www.drugbank.ca/drugs/DB06855"
"347","Quinine (DB00468)","0.8370","http://www.drugbank.ca/drugs/DB00468"
"348","Quinidine (DB00908)","0.8370","http://www.drugbank.ca/drugs/DB00908"
"349","Halofuginone (DB04866)","0.8369","http://www.drugbank.ca/drugs/DB04866"
"350","Bortezomib (DB00188)","0.8360","http://www.drugbank.ca/drugs/DB00188"
"351","N-[(1R)-1-(DIHYDROXYBORYL)-3-METHYLBUTYL]-N-(PYRAZIN-2-YLCARBONYL)-L-PHENYLALANINAMIDE (DB07475)","0.8360","http://www.drugbank.ca/drugs/DB07475"
"352","(5Z)-5-[(5-ETHYL-2-FURYL)METHYLENE]-2-{[(S)-(4-FLUOROPHENYL)(1H-TETRAZOL-5-YL)METHYL]AMINO}-1,3-THIAZOL-4(5H)-ONE (DB08710)","0.8359","http://www.drugbank.ca/drugs/DB08710"
"353","7,8-dihydro-6-hydroxymethyl-7-methyl-7-[2-phenylethyl]-pterin (DB04610)","0.8345","http://www.drugbank.ca/drugs/DB04610"
"354","N-{3-[(5-chloro-1H-pyrrolo[2,3-b]pyridin-3-yl)carbonyl]-2,4-difluorophenyl}propane-1-sulfonamide (DB06999)","0.8342","http://www.drugbank.ca/drugs/DB06999"
"355","2-HYDROXY-7-METHOXY-5-METHYL-NAPHTHALENE-1-CARBOXYLIC ACID MESO-2,5-DIHYDROXY-CYCLOPENT-3-ENYL ESTER (DB08261)","0.8339","http://www.drugbank.ca/drugs/DB08261"
"356","4-[(CYCLOPROPYLETHYNYL)OXY]-6-FLUORO-3-ISOPROPYLQUINOLIN-2(1H)-ONE (DB07864)","0.8331","http://www.drugbank.ca/drugs/DB07864"
"357","Alizapride (DB01425)","0.8326","http://www.drugbank.ca/drugs/DB01425"
"358","Granisetron (DB00889)","0.8318","http://www.drugbank.ca/drugs/DB00889"
"359","CRA_11092 (DB03555)","0.8315","http://www.drugbank.ca/drugs/DB03555"
"360","N-HYDROXY-2-[4-(4-PHENOXY-BENZENESULFONYL)-TETRAHYDRO-PYRAN-4-YL]-ACETAMIDE (DB08491)","0.8314","http://www.drugbank.ca/drugs/DB08491"
"361","4-(4-Hydroxy-3-Isopropylphenylthio)-2-Isopropylphenol (DB02881)","0.8298","http://www.drugbank.ca/drugs/DB02881"
"362","4-{5-[(Z)-(2-IMINO-4-OXO-1,3-THIAZOLIDIN-5-YLIDENE)METHYL]FURAN-2-YL}-2-(TRIFLUOROMETHYL)BENZENESULFONAMIDE (DB07538)","0.8293","http://www.drugbank.ca/drugs/DB07538"
"363","5-ETHYL-3-[(2-METHOXYETHYL)METHYLAMINO]-6-METHYL-4-(3-METHYLBENZYL)PYRIDIN-2(1H)-ONE (DB07018)","0.8288","http://www.drugbank.ca/drugs/DB07018"
"364","2-[4-(2H-1,4-BENZOTHIAZINE-3-YL)-PIPERAZINE-1-LY]-1,3-THIAZOLE-4-CARBOXYLIC ACID ETHYLESTER (DB08540)","0.8286","http://www.drugbank.ca/drugs/DB08540"
"365","N-ethyl-4-{[5-(methoxycarbamoyl)-2-methylphenyl]amino}-5-methylpyrrolo[2,1-f][1,2,4]triazine-6-carboxamide (DB06940)","0.8269","http://www.drugbank.ca/drugs/DB06940"
"366","Enoxacin (DB00467)","0.8261","http://www.drugbank.ca/drugs/DB00467"
"367","(4-AMINO-2-{[1-(METHYLSULFONYL)PIPERIDIN-4-YL]AMINO}PYRIMIDIN-5-YL)(2,3-DIFLUORO-6-METHOXYPHENYL)METHANONE (DB08094)","0.8255","http://www.drugbank.ca/drugs/DB08094"
"368","Bendroflumethiazide (DB00436)","0.8250","http://www.drugbank.ca/drugs/DB00436"
"369","AG3340 (DB05100)","0.8247","http://www.drugbank.ca/drugs/DB05100"
"370","2-(4-CARCOXY-5-ISOPROPYLTHIAZOLYL)BENZOPIPERIDINE (DB08192)","0.8243","http://www.drugbank.ca/drugs/DB08192"
"371","(5S)-2-{[(1S)-1-(4-fluorophenyl)ethyl]amino}-5-(1-hydroxy-1-methylethyl)-5-methyl-1,3-thiazol-4(5H)-one (DB07017)","0.8241","http://www.drugbank.ca/drugs/DB07017"
"372","[2-(1-Amino-2-Hydroxy-Propyl)-4-(4-Fluoro-1h-Indol-3-Ylmethyl)-5-Hydroxy-Imidazol-1-Yl]-Acetic Acid (DB01674)","0.8225","http://www.drugbank.ca/drugs/DB01674"
"373","N-(4-AMINO-5-CYANO-6-ETHOXYPYRIDIN-2-YL)-2-(4-BROMO-2,5-DIMETHOXYPHENYL)ACETAMIDE (DB07272)","0.8219","http://www.drugbank.ca/drugs/DB07272"
"374","2-NONYL-4-HYDROXYQUINOLINE N-OXIDE (DB08453)","0.8209","http://www.drugbank.ca/drugs/DB08453"
"375","GTS-21 (DB05708)","0.8203","http://www.drugbank.ca/drugs/DB05708"
"376","(3R,4R)-4-(pyrrolidin-1-ylcarbonyl)-1-(quinoxalin-2-ylcarbonyl)pyrrolidin-3-amine (DB07015)","0.8203","http://www.drugbank.ca/drugs/DB07015"
"377","1-N-(4-SULFAMOYLPHENYL-ETHYL)-2,4,6-TRIMETHYLPYRIDINIUM (DB04763)","0.8194","http://www.drugbank.ca/drugs/DB04763"
"378","6-BROMO-13-THIA-2,4,8,12,19-PENTAAZATRICYCLO[12.3.1.1~3,7~]NONADECA-1(18),3(19),4,6,14,16-HEXAENE 13,13-DIOXIDE (DB08441)","0.8151","http://www.drugbank.ca/drugs/DB08441"
"379","2-Benzo[1,3]Dioxol-5-Ylmethyl-3-Benzyl-Succinic Acid (DB02450)","0.8150","http://www.drugbank.ca/drugs/DB02450"
"380","6-CHLORO-4-(CYCLOHEXYLOXY)-3-PROPYLQUINOLIN-2(1H)-ONE (DB07867)","0.8147","http://www.drugbank.ca/drugs/DB07867"
"381","5-CYANO-N-(2,5-DIMETHOXYBENZYL)-6-ETHOXYPYRIDINE-2-CARBOXAMIDE (DB07276)","0.8146","http://www.drugbank.ca/drugs/DB07276"
"382","6-CHLORO-4-(CYCLOHEXYLSULFANYL)-3-PROPYLQUINOLIN-2(1H)-ONE (DB07868)","0.8146","http://www.drugbank.ca/drugs/DB07868"
"383","trans-4-(7-carbamoyl-1H-benzimidazol-2-yl)-1-propylpiperidinium (DB07330)","0.8139","http://www.drugbank.ca/drugs/DB07330"
"384","(1R)-2-{[AMINO(IMINO)METHYL]AMINO}-1-{4-[(4R)-4-(HYDROXYMETHYL)-1,3,2-DIOXABOROLAN-2-YL]PHENYL}ETHYL NICOTINATE (DB07023)","0.8123","http://www.drugbank.ca/drugs/DB07023"
"385","(1S,4S,5S)-1,4,5-TRIHYDROXY-3-[3-(PHENYLTHIO)PHENYL]CYCLOHEX-2-ENE-1-CARBOXYLIC ACID (DB08485)","0.8123","http://www.drugbank.ca/drugs/DB08485"
"386","6-CHLORO-4-(CYCLOHEXYLSULFINYL)-3-PROPYLQUINOLIN-2(1H)-ONE (DB07869)","0.8108","http://www.drugbank.ca/drugs/DB07869"
"387","(2E)-3-{3-[(5-ETHYL-3-IODO-6-METHYL-2-OXO-1,2-DIHYDROPYRIDIN-4-YL)OXY]PHENYL}ACRYLONITRILE (DB07035)","0.8101","http://www.drugbank.ca/drugs/DB07035"
"388","6-CHLORO-4-(CYCLOHEXYLOXY)-3-ISOPROPYLQUINOLIN-2(1H)-ONE (DB07871)","0.8099","http://www.drugbank.ca/drugs/DB07871"
"389","4-{[4-{[(1R,2R)-2-(dimethylamino)cyclopentyl]amino}-5-(trifluoromethyl)pyrimidin-2-yl]amino}-N-methylbenzenesulfonamide (DB08341)","0.8096","http://www.drugbank.ca/drugs/DB08341"
"390","Masoprocol (DB00179)","0.8092","http://www.drugbank.ca/drugs/DB00179"
"391","1-(5-CHLORO-2-METHOXYPHENYL)-3-{6-[2-(DIMETHYLAMINO)-1-METHYLETHOXY]PYRAZIN-2-YL}UREA (DB07228)","0.8087","http://www.drugbank.ca/drugs/DB07228"
"392","1-(thiophen-2-ylacetyl)-4-(3-thiophen-2-yl-1,2,4-oxadiazol-5-yl)piperidine (DB08471)","0.8084","http://www.drugbank.ca/drugs/DB08471"
"393","4-CHLORO-8-METHYL-7-(3-METHYL-BUT-2-ENYL)-6,7,8,9-TETRAHYDRO-2H-2,7,9A-TRIAZA-BENZO[CD]AZULENE-1-THIONE (DB08598)","0.8062","http://www.drugbank.ca/drugs/DB08598"
"394","N-(5,5,8,8-Tetramethyl-5,8-Dihydro-Naphthalen-2-Yl)-Terephthalamic Acid (DB03873)","0.8058","http://www.drugbank.ca/drugs/DB03873"
"395","5-CHLORO-8-METHYL-7-(3-METHYL-BUT-2-ENYL)-6,7,8,9-TETRAHYDRO-2H-2,7,9A-TRIAZA-BENZO[CD]AZULENE-1-THIONE (DB08600)","0.8056","http://www.drugbank.ca/drugs/DB08600"
"396","FR239087 (DB03370)","0.8027","http://www.drugbank.ca/drugs/DB03370"
"397","3-AMINO-3-BENZYL-9-CARBOXAMIDE[4.3.0]BICYCLO-1,6-DIAZANONAN-2-ONE (DB07461)","0.8018","http://www.drugbank.ca/drugs/DB07461"
"398","AZAPROPAZONE (DB07402)","0.8005","http://www.drugbank.ca/drugs/DB07402"
"399","Tamibarotene (DB04942)","0.7991","http://www.drugbank.ca/drugs/DB04942"
"400","1-[2-(4-ETHOXY-3-FLUOROPYRIDIN-2-YL)ETHYL]-3-(5-METHYLPYRIDIN-2-YL)THIOUREA (DB08372)","0.7976","http://www.drugbank.ca/drugs/DB08372"
"401","Gemifloxacin (DB01155)","0.7967","http://www.drugbank.ca/drugs/DB01155"
"402","5-(3,5-DICHLOROPHENYL)THIO-4-ISOPROPYL-1-(PYRIDIN-4-YL-METHYL)-1H-IMIDAZOL-2-YL-METHYL CARBAMATE (DB08502)","0.7964","http://www.drugbank.ca/drugs/DB08502"
"403","Ridogrel (DB01207)","0.7959","http://www.drugbank.ca/drugs/DB01207"
"404","N-[[3-FLUORO-4-ETHOXY-PYRID-2-YL]ETHYL]-N'-[5-CHLORO-PYRIDYL]-THIOUREA (DB07797)","0.7954","http://www.drugbank.ca/drugs/DB07797"
"405","Dolasetron (DB00757)","0.7929","http://www.drugbank.ca/drugs/DB00757"
"406","N-[[3-FLUORO-4-ETHOXY-PYRID-2-YL]ETHYL]-N'-[5-NITRILOMETHYL-PYRIDYL]-THIOUREA (DB07781)","0.7928","http://www.drugbank.ca/drugs/DB07781"
"407","5-(5-(4-(4,5-DIHYDRO-2-OXAZOLY)PHENOXY)PENTYL)-3-METHYL ISOXAZOLE (DB08720)","0.7923","http://www.drugbank.ca/drugs/DB08720"
"408","N-[(2R)-2-{[(2S)-2-(1,3-benzoxazol-2-yl)pyrrolidin-1-yl]carbonyl}hexyl]-N-hydroxyformamide (DB08310)","0.7920","http://www.drugbank.ca/drugs/DB08310"
"409","(3S)-1-CYCLOHEXYL-5-OXO-N-PHENYLPYRROLIDINE-3-CARBOXAMIDE (DB07155)","0.7885","http://www.drugbank.ca/drugs/DB07155"
"410","5-(5-(6-CHLORO-4-(4,5-DIHYDRO-2-OXAZOLYL)PHENOXY)PENTYL)-3-METHYL ISOXAZOLE (DB08719)","0.7869","http://www.drugbank.ca/drugs/DB08719"
"411","Tazarotene (DB00799)","0.7864","http://www.drugbank.ca/drugs/DB00799"
"412","5-(5-(4-(5-HYDRO-4-METHYL-2-OXAZOLYL)PHENOXY)PENTYL)-3-METHYL ISOXAZOLE (DB08724)","0.7837","http://www.drugbank.ca/drugs/DB08724"
"413","Etodolac (DB00749)","0.7826","http://www.drugbank.ca/drugs/DB00749"
"414","4,4'-cyclohexane-1,1-diyldiphenol (DB07485)","0.7812","http://www.drugbank.ca/drugs/DB07485"
"415","N-[(1S)-1-{1-[(1R,3E)-1-ACETYLPENT-3-EN-1-YL]-1H-1,2,3-TRIAZOL-4-YL}-1,2-DIMETHYLPROPYL]BENZAMIDE (DB07878)","0.7810","http://www.drugbank.ca/drugs/DB07878"
"416","(3AS,4R,9BR)-4-(4-HYDROXYPHENYL)-1,2,3,3A,4,9B-HEXAHYDROCYCLOPENTA[C]CHROMEN-8-OL (DB07933)","0.7800","http://www.drugbank.ca/drugs/DB07933"
"417","(3AS,4R,9BR)-4-(4-HYDROXYPHENYL)-1,2,3,3A,4,9B-HEXAHYDROCYCLOPENTA[C]CHROMEN-9-OL (DB08737)","0.7793","http://www.drugbank.ca/drugs/DB08737"
"418","5-Methoxy-1,2-Dimethyl-3-(4-Nitrophenoxymethyl)Indole-4,7-Dione (DB02400)","0.7785","http://www.drugbank.ca/drugs/DB02400"
"419","5-(3-(2,6-DICHLORO-4-(4,5-DIHYDRO-2-OXAZOLYL)PHENOXY)PROPYL)-3-METHYL ISOXAZOLE (DB08728)","0.7783","http://www.drugbank.ca/drugs/DB08728"
"420","5-Methoxy-1,2-Dimethyl-3-(Phenoxymethyl)Indole-4,7-Dione (DB03626)","0.7775","http://www.drugbank.ca/drugs/DB03626"
"421","4-{[4-AMINO-6-(CYCLOHEXYLMETHOXY)-5-NITROSOPYRIMIDIN-2-YL]AMINO}BENZAMIDE (DB08572)","0.7771","http://www.drugbank.ca/drugs/DB08572"
"422","1-[6-(2-CHLORO-4-METHYXYPHENOXY)-HEXYL]-IMIDAZOLE (DB08509)","0.7757","http://www.drugbank.ca/drugs/DB08509"
"423","6-(1,1-Dimethylallyl)-2-(1-Hydroxy-1-Methylethyl)-2,3-Dihydro-7h-Furo[3,2-G]Chromen-7-One (DB02205)","0.7744","http://www.drugbank.ca/drugs/DB02205"
"424","Flumazenil (DB01205)","0.7741","http://www.drugbank.ca/drugs/DB01205"
"425","3-Chloro-9-Ethyl-6,7,8,9,10,11-Hexahydro-7,11-Methanocycloocta[B]Quinolin-12-Amine (DB04114)","0.7738","http://www.drugbank.ca/drugs/DB04114"
"426","(3AS,4R,9BR)-2,2-DIFLUORO-4-(4-HYDROXYPHENYL)-1,2,3,3A,4,9B-HEXAHYDROCYCLOPENTA[C]CHROMEN-8-OL (DB07638)","0.7736","http://www.drugbank.ca/drugs/DB07638"
"427","2,5-bis-o-{3-[amino(imino)methyl]phenyl}-1,4:3,6-dianhydro-d-glucitol (DB04790)","0.7727","http://www.drugbank.ca/drugs/DB04790"
"428","2-O-(4'-AMIDINOPHENYL)-5-O-(3''-AMIDINOPHENYL)-1,4:3,6-DIANHYDRO-D-SORBITOL (DB04791)","0.7727","http://www.drugbank.ca/drugs/DB04791"
"429","2,5-O,O-BIS-{4',4''-AMIDINOPHENYL}-1,4:3,6-DIANHYDRO-D-SORBITOL (DB04792)","0.7727","http://www.drugbank.ca/drugs/DB04792"
"430","2-O-(3'-AMIDINOPHENYL)-5-O-(4''-AMIDINOPHENYL}-1,4:3,6-DIANHYDRO-D-SORBITOL (DB04793)","0.7727","http://www.drugbank.ca/drugs/DB04793"
"431","5-(5-(2,6-DICHLORO-4-(4,5-DIHYDRO-2-OXAZOLY)PHENOXY)PENTYL)-3-METHYL ISOXAZOLE (DB08723)","0.7715","http://www.drugbank.ca/drugs/DB08723"
"432","Equilenin (DB03515)","0.7701","http://www.drugbank.ca/drugs/DB03515"
"433","Bis-Benzamidine (DB02081)","0.7677","http://www.drugbank.ca/drugs/DB02081"
"434","ANILINOMETHYL GLUCO-PHENYLIMIDAZOLE (DB04712)","0.7676","http://www.drugbank.ca/drugs/DB04712"
"435","5-(7-(4-(4,5-DIHYDRO-2-OXAZOLYL)PHENOXY)HEPTYL)-3-METHYL ISOXAZOLE (DB08726)","0.7663","http://www.drugbank.ca/drugs/DB08726"
"436","6-BENZYL-1-ETHOXYMETHYL-5-ISOPROPYL URACIL (DB08188)","0.7656","http://www.drugbank.ca/drugs/DB08188"
"437","OLOMOUCINE II (DB04662)","0.7639","http://www.drugbank.ca/drugs/DB04662"
"438","5-[3-(2,5-dimethoxyphenyl)prop-1-yn-1-yl]-6-ethylpyrimidine-2,4-diamine (DB08234)","0.7628","http://www.drugbank.ca/drugs/DB08234"
"439","RWJ-51084 (DB03251)","0.7626","http://www.drugbank.ca/drugs/DB03251"
"440","4-({5-[(4-AMINOCYCLOHEXYL)AMINO][1,2,4]TRIAZOLO[1,5-A]PYRIMIDIN-7-YL}AMINO)BENZENESULFONAMIDE (DB07687)","0.7616","http://www.drugbank.ca/drugs/DB07687"
"441","Y-700 (DB03841)","0.7577","http://www.drugbank.ca/drugs/DB03841"
"442","(3-ENDO)-8-METHYL-8-AZABICYCLO[3.2.1]OCT-3-YL 1H-PYRROLO[2,3-B]PYRIDINE-3-CARBOXYLATE (DB07243)","0.7538","http://www.drugbank.ca/drugs/DB07243"
"443","4-{[5-(CYCLOHEXYLAMINO)[1,2,4]TRIAZOLO[1,5-A]PYRIMIDIN-7-YL]AMINO}BENZENESULFONAMIDE (DB07686)","0.7538","http://www.drugbank.ca/drugs/DB07686"
"444","Rabeprazole (DB01129)","0.7537","http://www.drugbank.ca/drugs/DB01129"
"445","1-({2-[2-(4-CHLOROPHENYL)ETHYL]-1,3-DIOXOLAN-2-YL}METHYL)-1H-IMIDAZOLE (DB06914)","0.7534","http://www.drugbank.ca/drugs/DB06914"
"446","(5R)-N,N-DIETHYL-5-METHYL-2-[(THIOPHEN-2-YLCARBONYL)AMINO]-4,5,6,7-TETRAHYDRO-1-BENZOTHIOPHENE-3-CARBOXAMIDE (DB08033)","0.7512","http://www.drugbank.ca/drugs/DB08033"
"447","6,7,8,9-TETRAHYDRO-4-HYDROXY-3-(1-PHENYLPROPYL)CYCLOHEPTA[B]PYRAN-2-ONE (DB08274)","0.7504","http://www.drugbank.ca/drugs/DB08274"
"448","Amdinocillin (DB01163)","0.7479","http://www.drugbank.ca/drugs/DB01163"
"449","O6-(R)-ROSCOVITINE, R-2-(6-BENZYLOXY-9-ISOPROPYL-9H-PURIN-2-YLAMINO)-BUTAN-1-OL (DB04770)","0.7475","http://www.drugbank.ca/drugs/DB04770"
"450","[2'-CARBOXYLETHYL]-10-METHYL-ANTHRACENE ENDOPEROXIDE (DB08332)","0.7456","http://www.drugbank.ca/drugs/DB08332"
"451","vapitadine dihydrochloride (DB05738)","0.7393","http://www.drugbank.ca/drugs/DB05738"
"452","1-(N-Imidazolyl)-2-Hydroxy-2-(2,3-Dichlorophenyl)Octane (DB02617)","0.7380","http://www.drugbank.ca/drugs/DB02617"
"453","Lansoprazole (DB00448)","0.7379","http://www.drugbank.ca/drugs/DB00448"
"454","3-[(2,2-DIMETHYLPROPANOYL)AMINO]-N-1,3-THIAZOL-2-YLPYRIDINE-2-CARBOXAMIDE (DB07903)","0.7377","http://www.drugbank.ca/drugs/DB07903"
"455","17-METHYL-17-ALPHA-DIHYDROEQUILENIN (DB06871)","0.7306","http://www.drugbank.ca/drugs/DB06871"
"456","TERT-BUTYL {2-[(1,3-THIAZOL-2-YLAMINO)CARBONYL]PYRIDIN-3-YL}CARBAMATE (DB07902)","0.7298","http://www.drugbank.ca/drugs/DB07902"
"457","7-BENZYL-1,3-DIMETHYL-8-PIPERAZIN-1-YL-3,7-DIHYDRO-PURINE-2,6-DIONE (DB08530)","0.7287","http://www.drugbank.ca/drugs/DB08530"
"458","Omeprazole (DB00338)","0.7269","http://www.drugbank.ca/drugs/DB00338"
"459","Esomeprazole (DB00736)","0.7269","http://www.drugbank.ca/drugs/DB00736"
"460","6-(3',5'-DIMETHYLBENZYL)-1-ETHOXYMETHYL-5-ISOPROPYLURACIL (DB07820)","0.7263","http://www.drugbank.ca/drugs/DB07820"
"461","(7S)-2-(2-aminopyrimidin-4-yl)-7-(2-fluoroethyl)-1,5,6,7-tetrahydro-4H-pyrrolo[3,2-c]pyridin-4-one (DB07149)","0.7244","http://www.drugbank.ca/drugs/DB07149"
"462","4-{[5-(CYCLOHEXYLOXY)[1,2,4]TRIAZOLO[1,5-A]PYRIMIDIN-7-YL]AMINO}BENZENESULFONAMIDE (DB07688)","0.7206","http://www.drugbank.ca/drugs/DB07688"
"463","4-(6-CYCLOHEXYLMETHOXY-9H-PURIN-2-YLAMINO)--BENZAMIDE (DB08241)","0.7193","http://www.drugbank.ca/drugs/DB08241"
"464","Tiagabine (DB00906)","0.7162","http://www.drugbank.ca/drugs/DB00906"
"465","9-Butyl-8-(2,5-Dimethoxy-Benzyl)-9h-Purin-6-Ylamine (DB02359)","0.7055","http://www.drugbank.ca/drugs/DB02359"
"466","Trimethoprim (DB00440)","0.7047","http://www.drugbank.ca/drugs/DB00440"
"467","2,4-Diamino-5-(3,4,5-Trimethoxy-Benzyl)-Pyrimidin-1-Ium (DB03125)","0.7047","http://www.drugbank.ca/drugs/DB03125"
"468","4-{[5-(CYCLOHEXYLMETHOXY)[1,2,4]TRIAZOLO[1,5-A]PYRIMIDIN-7-YL]AMINO}BENZENESULFONAMIDE (DB07685)","0.7045","http://www.drugbank.ca/drugs/DB07685"
"469","6-methyl-5-[3-methyl-3-(3,4,5-trimethoxyphenyl)but-1-yn-1-yl]pyrimidine-2,4-diamine (DB07153)","0.7034","http://www.drugbank.ca/drugs/DB07153"
"470","9-Butyl-8-(2,5-Dimethoxy-Benzyl)-2-Fluoro-9h-Purin-6-Ylamine (DB04054)","0.7033","http://www.drugbank.ca/drugs/DB04054"
"471","8-(2,5-Dimethoxy-Benzyl)-2-Fluoro-9-Pent-9h-Purin-6-Ylamine (DB03137)","0.7028","http://www.drugbank.ca/drugs/DB03137"
"472","8-BENZO[1,3]DIOXOL-,5-YLMETHYL-9-BUTYL-9H- (DB08436)","0.7014","http://www.drugbank.ca/drugs/DB08436"
"473","(2-AMINO-3-PHENYL-BICYCLO[2.2.1]HEPT-2-YL)-PHENYL-METHANONE (DB07883)","0.6995","http://www.drugbank.ca/drugs/DB07883"
"474","8-Benzo[1,3]Dioxol-,5-Ylmethyl-9-Butyl-2-Fluoro-9h-Purin-6-Ylamine (DB04254)","0.6991","http://www.drugbank.ca/drugs/DB04254"
"475","6-CYCLOHEXYLMETHYLOXY-2-(4'-HYDROXYANILINO)PURINE (DB08233)","0.6972","http://www.drugbank.ca/drugs/DB08233"
"476","Procyclidine (DB00387)","0.6968","http://www.drugbank.ca/drugs/DB00387"
"477","5-[[(2R)-2-cyclopropyl-7,8-dimethoxy-2H-chromen-5-yl]methyl]pyrimidine-2,4-diamine (DB08741)","0.6936","http://www.drugbank.ca/drugs/DB08741"
"478","O6-CYCLOHEXYLMETHOXY-2-(4'-SULPHAMOYLANILINO) PURINE (DB07126)","0.6904","http://www.drugbank.ca/drugs/DB07126"
"479","3-(6-CYCLOHEXYLMETHOXY-9H-PURIN-2-YLAMINO)-BENZENESULFONAMIDE (DB08248)","0.6904","http://www.drugbank.ca/drugs/DB08248"
"480","Pantoprazole (DB00213)","0.6888","http://www.drugbank.ca/drugs/DB00213"
"481","tert-butyl 4-(3-thiophen-2-yl-1,2,4-oxadiazol-5-yl)piperidine-1-carboxylate (DB08469)","0.6852","http://www.drugbank.ca/drugs/DB08469"
"482","Oxyphencyclimine (DB00383)","0.6739","http://www.drugbank.ca/drugs/DB00383"
"483","9-Butyl-8-(3,4,5-Trimethoxybenzyl)-9h-Purin-6-Amine (DB02754)","0.6718","http://www.drugbank.ca/drugs/DB02754"
"484","5-[[(2R)-2-cyclopropyl-7,8-dimethoxy-chroman-5-yl]methyl]pyrimidine-2,4-diamine (DB07938)","0.6708","http://www.drugbank.ca/drugs/DB07938"
"485","3-{(3R,4R)-4-methyl-3-[methyl(7H-pyrrolo[2,3-d]pyrimidin-4-yl)amino]piperidin-1-yl}-3-oxopropanenitrile (DB08183)","0.6684","http://www.drugbank.ca/drugs/DB08183"
"486","Riboflavin (DB00140)","0.6354","http://www.drugbank.ca/drugs/DB00140"
"487","(3R,4S)-1-[(4-AMINO-5H-PYRROLO[3,2-D]PYRIMIDIN-7-YL)METHYL]-4-[(METHYLSULFANYL)METHYL]PYRROLIDIN-3-OL (DB08606)","0.6349","http://www.drugbank.ca/drugs/DB08606"
"488","Eszopiclone (DB00402)","0.6303","http://www.drugbank.ca/drugs/DB00402"
"489","Zopiclone (DB01198)","0.6303","http://www.drugbank.ca/drugs/DB01198"
"490","(3R,4S)-1-[(4-amino-5H-pyrrolo[3,2-d]pyrimidin-7-yl)methyl]-4-[(butylsulfanyl)methyl]pyrrolidin-3-ol (DB07463)","0.6263","http://www.drugbank.ca/drugs/DB07463"
"491","N-[(1S)-2-methyl-1-(pyridin-4-ylcarbamoyl)propyl]cyclohexanecarboxamide (DB07560)","0.6135","http://www.drugbank.ca/drugs/DB07560"
"492","MT-Immucillin-H (DB03881)","0.5931","http://www.drugbank.ca/drugs/DB03881"
"493","Lesopitron (DB04970)","0.5823","http://www.drugbank.ca/drugs/DB04970"
"494","1-(2,5-dideoxy-5-pyrrolidin-1-yl-beta-L-erythro-pentofuranosyl)-5-methylpyrimidine-2,4(1H,3H)-dione (DB08661)","0.5492","http://www.drugbank.ca/drugs/DB08661"
"495","5'-Deoxy-5'-(Methylthio)-Tubercidin (DB02933)","0.5303","http://www.drugbank.ca/drugs/DB02933"
"496","Abacavir (DB01048)","0.4365","http://www.drugbank.ca/drugs/DB01048"
"497","Famciclovir (DB00426)","0.3802","http://www.drugbank.ca/drugs/DB00426"
"498","6-(CYCLOHEXYLMETHOXY)-8-ISOPROPYL-9H-PURIN-2-AMINE (DB08247)","0.3765","http://www.drugbank.ca/drugs/DB08247"
"499","5'-S-ethyl-5'-thioadenosine (DB07052)","0.3402","http://www.drugbank.ca/drugs/DB07052"
"500","KW-3902 (DB05360)","0.3288","http://www.drugbank.ca/drugs/DB05360"
