"","DrugBank Compound (Name, ID)","Similarity to ","Link"
"1","N-(5-chloro-1,3-benzodioxol-4-yl)-6-methoxy-7-(3-piperidin-1-ylpropoxy)quinazolin-4-amine (DB07249)","0.9767","http://www.drugbank.ca/drugs/DB07249"
"2","Doxazosin (DB00590)","0.9737","http://www.drugbank.ca/drugs/DB00590"
"3","MLN-518 (DB05465)","0.9649","http://www.drugbank.ca/drugs/DB05465"
"4","Bosutinib (DB06616)","0.9617","http://www.drugbank.ca/drugs/DB06616"
"5","Gefitinib (DB00317)","0.9614","http://www.drugbank.ca/drugs/DB00317"
"6","Terazosin (DB01162)","0.9539","http://www.drugbank.ca/drugs/DB01162"
"7","Alfuzosin (DB00346)","0.9504","http://www.drugbank.ca/drugs/DB00346"
"8","(3S)-1-(1,3-BENZODIOXOL-5-YLMETHYL)-3-[4-(1H-IMIDAZOL-1-YL)PHENOXY]PIPERIDINE (DB07011)","0.9481","http://www.drugbank.ca/drugs/DB07011"
"9","Cisapride (DB00604)","0.9437","http://www.drugbank.ca/drugs/DB00604"
"10","CI-1033 (DB05424)","0.9420","http://www.drugbank.ca/drugs/DB05424"
"11","Vandetanib (DB05294)","0.9396","http://www.drugbank.ca/drugs/DB05294"
"12","Ketoconazole (DB01026)","0.9373","http://www.drugbank.ca/drugs/DB01026"
"13","Ranolazine (DB00243)","0.9351","http://www.drugbank.ca/drugs/DB00243"
"14","Afatinib (DB08916)","0.9351","http://www.drugbank.ca/drugs/DB08916"
"15","Terconazole (DB00251)","0.9305","http://www.drugbank.ca/drugs/DB00251"
"16","Prazosin (DB00457)","0.9300","http://www.drugbank.ca/drugs/DB00457"
"17","4-BROMO-2-FLUORO-N-[(4E)-6-METHOXY-7-[(1-METHYLPIPERIDIN-4-YL)METHOXY]QUINAZOLIN-4(1H)-YLIDENE]ANILINE (DB08764)","0.9279","http://www.drugbank.ca/drugs/DB08764"
"18","6-(2,4-DIAMINO-6-ETHYLPYRIMIDIN-5-YL)-4-(3-METHOXYPROPYL)-2,2-DIMETHYL-2H-1,4-BENZOXAZIN-3(4H)-ONE (DB07174)","0.9275","http://www.drugbank.ca/drugs/DB07174"
"19","N'-(5-CHLORO-1,3-BENZODIOXOL-4-YL)-N-(3-MORPHOLIN-4-YLPHENYL)PYRIMIDINE-2,4-DIAMINE (DB07255)","0.9264","http://www.drugbank.ca/drugs/DB07255"
"20","Trimethobenzamide (DB00662)","0.9224","http://www.drugbank.ca/drugs/DB00662"
"21","4-(2-aminoethoxy)-N-(3-chloro-2-ethoxy-5-piperidin-1-ylphenyl)-3,5-dimethylbenzamide (DB07626)","0.9148","http://www.drugbank.ca/drugs/DB07626"
"22","6-({5-fluoro-2-[(3,4,5-trimethoxyphenyl)amino]pyrimidin-4-yl}amino)-2,2-dimethyl-2H-pyrido[3,2-b][1,4]oxazin-3(4H)-one (DB07159)","0.9146","http://www.drugbank.ca/drugs/DB07159"
"23","5-{[1-(2,3-dichlorobenzyl)piperidin-4-yl]methoxy}quinazoline-2,4-diamine (DB07643)","0.9145","http://www.drugbank.ca/drugs/DB07643"
"24","5-{[1-(2-fluorobenzyl)piperidin-4-yl]methoxy}quinazoline-2,4-diamine (DB07642)","0.9133","http://www.drugbank.ca/drugs/DB07642"
"25","Etonitazene (DB01462)","0.9130","http://www.drugbank.ca/drugs/DB01462"
"26","Aripiprazole (DB01238)","0.9127","http://www.drugbank.ca/drugs/DB01238"
"27","Tadalafil (DB00820)","0.9121","http://www.drugbank.ca/drugs/DB00820"
"28","(2S)-2-ETHOXY-3-{4-[2-(10H-PHENOXAZIN-10-YL)ETHOXY]PHENYL}PROPANOIC ACID (DB07675)","0.9120","http://www.drugbank.ca/drugs/DB07675"
"29","Erlotinib (DB00530)","0.9117","http://www.drugbank.ca/drugs/DB00530"
"30","Nefazodone (DB01149)","0.9102","http://www.drugbank.ca/drugs/DB01149"
"31","(2R)-({4-[AMINO(IMINO)METHYL]PHENYL}AMINO){5-ETHOXY-2-FLUORO-3-[(3R)-TETRAHYDROFURAN-3-YLOXY]PHENYL}ACETICACID (DB04590)","0.9100","http://www.drugbank.ca/drugs/DB04590"
"32","2,4-Diamino-5-Methyl-6-[(3,4,5-Trimethoxy-N-Methylanilino)Methyl]Pyrido[2,3-D]Pyrimidine (DB02104)","0.9089","http://www.drugbank.ca/drugs/DB02104"
"33","Compound 4-D (DB03742)","0.9081","http://www.drugbank.ca/drugs/DB03742"
"34","2-({5-CHLORO-2-[(2-METHOXY-4-MORPHOLIN-4-YLPHENYL)AMINO]PYRIMIDIN-4-YL}AMINO)-N-METHYLBENZAMIDE (DB07460)","0.9058","http://www.drugbank.ca/drugs/DB07460"
"35","N-Naphthalen-1-Ylmethyl-2'-[3,5-Dimethoxybenzamido]-2'-Deoxy-Adenosine (DB03331)","0.9053","http://www.drugbank.ca/drugs/DB03331"
"36","Merimepodib (DB04862)","0.9052","http://www.drugbank.ca/drugs/DB04862"
"37","Quinacrine (DB01103)","0.9044","http://www.drugbank.ca/drugs/DB01103"
"38","N-[4-CHLORO-3-(PYRIDIN-3-YLOXYMETHYL)-PHENYL]-3-FLUORO- (DB08068)","0.9040","http://www.drugbank.ca/drugs/DB08068"
"39","(2R)-1-[4-({4-[(2,5-DICHLOROPHENYL)AMINO]PYRIMIDIN-2-YL}AMINO)PHENOXY]-3-(DIMETHYLAMINO)PROPAN-2-OL (DB07750)","0.9039","http://www.drugbank.ca/drugs/DB07750"
"40","(2S)-1-[4-({4-[(2,5-DICHLOROPHENYL)AMINO]PYRIMIDIN-2-YL}AMINO)PHENOXY]-3-(DIMETHYLAMINO)PROPAN-2-OL (DB07755)","0.9039","http://www.drugbank.ca/drugs/DB07755"
"41","Tubocurarine (DB01199)","0.9037","http://www.drugbank.ca/drugs/DB01199"
"42","3-(2-CHLOROPHENYL)-1-(2-{[(1S)-2-HYDROXY-1,2-DIMETHYLPROPYL]AMINO}PYRIMIDIN-4-YL)-1-(4-METHOXYPHENYL)UREA (DB08095)","0.9034","http://www.drugbank.ca/drugs/DB08095"
"43","Cis-[4,5-Bis-(4-Chlorophenyl)-2-(2-Isopropoxy-4-Methoxyphenyl)-4,5-Dihyd Roimidazol-1-Yl]-Piperazin-1-Yl-Methanone (DB04144)","0.9029","http://www.drugbank.ca/drugs/DB04144"
"44","(4r,5s,6s,7r)-1,3-Dibenzyl-4,7-Bis(Phenoxymethyl)-5,6-Dihydroxy-1,3 Diazepan-2-One (DB01732)","0.9028","http://www.drugbank.ca/drugs/DB01732"
"45","(2S)-1-{4-[(4-ANILINO-5-BROMOPYRIMIDIN-2-YL)AMINO]PHENOXY}-3-(DIMETHYLAMINO)PROPAN-2-OL (DB07501)","0.9020","http://www.drugbank.ca/drugs/DB07501"
"46","(2R)-1-{4-[(4-ANILINO-5-BROMOPYRIMIDIN-2-YL)AMINO]PHENOXY}-3-(DIMETHYLAMINO)PROPAN-2-OL (DB07504)","0.9020","http://www.drugbank.ca/drugs/DB07504"
"47","Silodosin (DB06207)","0.9018","http://www.drugbank.ca/drugs/DB06207"
"48","1-(5-Tert-Butyl-2-P-Tolyl-2h-Pyrazol-3-Yl)-3-[4-(2-Morpholin-4-Yl-Ethoxy)-Naphthalen-1-Yl]-Urea (DB03044)","0.9018","http://www.drugbank.ca/drugs/DB03044"
"49","Bopindolol (DB08807)","0.9014","http://www.drugbank.ca/drugs/DB08807"
"50","(2S)-6-(2,4-DIAMINO-6-ETHYLPYRIMIDIN-5-YL)-2-(3,5-DIFLUOROPHENYL)-4-(3-METHOXYPROPYL)-2H-1,4-BENZOXAZIN-3(4H)-ONE (DB07113)","0.9010","http://www.drugbank.ca/drugs/DB07113"
"51","N-(Allyloxycarbonyl)-4-[N-(Carboxy-Formyl)-2-(Benzoic Acid)-Amino]-L-Phenylalaninyl-Amino-Butyloxy-(6-Hydroxy-Benzoic Acid Methyl Ester) (DB04088)","0.9006","http://www.drugbank.ca/drugs/DB04088"
"52","Trimetrexate (DB01157)","0.8999","http://www.drugbank.ca/drugs/DB01157"
"53","N'-(5-CHLORO-1,3-BENZODIOXOL-4-YL)-N-(3,4,5- TRIMETHOXYPHENYL)PYRIMIDINE-2,4-DIAMINE (DB07250)","0.8996","http://www.drugbank.ca/drugs/DB07250"
"54","N-(1-ISOPROPYLPIPERIDIN-4-YL)-1-(3-METHOXYBENZYL)-1H-INDOLE-2-CARBOXAMIDE (DB07973)","0.8978","http://www.drugbank.ca/drugs/DB07973"
"55","N-1,2,3,4-Tetrahydronaphth-1-Yl-2'-[3,5-Dimethoxybenzamido]-2'-Deoxy-Adenosine (DB04477)","0.8976","http://www.drugbank.ca/drugs/DB04477"
"56","Cis-[4,5-Bis-(4-Bromophenyl)-2-(2-Ethoxy-4-Methoxyphenyl)-4,5-Dihydroimidazol-1-Yl]-[4-(2-Hydroxyethyl)Piperazin-1-Yl]Methanone (DB02872)","0.8973","http://www.drugbank.ca/drugs/DB02872"
"57","Moexipril (DB00691)","0.8972","http://www.drugbank.ca/drugs/DB00691"
"58","2-Phenyl-1-[4-(2-Piperidin-1-Yl-Ethoxy)-Phenyl]-1,2,3,4-Tetrahydro-Isoquinolin-6-Ol (DB04471)","0.8963","http://www.drugbank.ca/drugs/DB04471"
"59","Iloperidone (DB04946)","0.8955","http://www.drugbank.ca/drugs/DB04946"
"60","4-chloro-6-{5-[(2-morpholin-4-ylethyl)amino]-1,2-benzisoxazol-3-yl}benzene-1,3-diol (DB07601)","0.8950","http://www.drugbank.ca/drugs/DB07601"
"61","5-(4-PHENOXYPHENYL)-5-(4-PYRIMIDIN-2-YLPIPERAZIN-1-YL)PYRIMIDINE-2,4,6(2H,3H)-TRIONE (DB07117)","0.8932","http://www.drugbank.ca/drugs/DB07117"
"62","(2S)-1-[4-({6-[(2,6-DIFLUOROPHENYL)AMINO]PYRIMIDIN-4-YL}AMINO)PHENOXY]-3-(DIMETHYLAMINO)PROPAN-2-OL (DB07751)","0.8915","http://www.drugbank.ca/drugs/DB07751"
"63","(2R)-1-[4-({6-[(2,6-DIFLUOROPHENYL)AMINO]PYRIMIDIN-4-YL}AMINO)PHENOXY]-3-(DIMETHYLAMINO)PROPAN-2-OL (DB07761)","0.8915","http://www.drugbank.ca/drugs/DB07761"
"64","Moricizine (DB00680)","0.8914","http://www.drugbank.ca/drugs/DB00680"
"65","Astemizole (DB00637)","0.8907","http://www.drugbank.ca/drugs/DB00637"
"66","Dabigatran etexilate (DB06695)","0.8906","http://www.drugbank.ca/drugs/DB06695"
"67","Drotaverine (DB06751)","0.8906","http://www.drugbank.ca/drugs/DB06751"
"68","(2R,4R)-N~1~-(4-CHLOROPHENYL)-N~2~-[2-FLUORO-4-(2-OXOPYRIDIN-1(2H)-YL)PHENYL]-4-METHOXYPYRROLIDINE-1,2-DICARBOXAMIDE (DB06920)","0.8898","http://www.drugbank.ca/drugs/DB06920"
"69","A-98881 (DB02804)","0.8895","http://www.drugbank.ca/drugs/DB02804"
"70","4-[4-(1-Amino-1-Methylethyl)Phenyl]-5-Chloro-N-[4-(2-Morpholin-4-Ylethyl)Phenyl]Pyrimidin-2-Amine (DB02491)","0.8885","http://www.drugbank.ca/drugs/DB02491"
"71","4-(2-aminoethoxy)-N-(3-chloro-5-piperidin-1-ylphenyl)-3,5-dimethylbenzamide (DB08697)","0.8879","http://www.drugbank.ca/drugs/DB08697"
"72","4-CHLORO-6-(4-{4-[4-(METHYLSULFONYL)BENZYL]PIPERAZIN-1-YL}-1H-PYRAZOL-5-YL)BENZENE-1,3-DIOL (DB06957)","0.8876","http://www.drugbank.ca/drugs/DB06957"
"73","1-Acetyl-4-(4-{4-[(2-Ethoxyphenyl)Thio]-3-Nitrophenyl}Pyridin-2-Yl)Piperazine (DB02177)","0.8867","http://www.drugbank.ca/drugs/DB02177"
"74","(20S)-19,20,21,22-TETRAHYDRO-19-OXO-5H-18,20-ETHANO-12,14-ETHENO-6,10-METHENO-18H-BENZ[D]IMIDAZO[4,3-K][1,6,9,12]OXATRIAZA-CYCLOOCTADECOSINE-9-CARBONITRILE (DB08674)","0.8866","http://www.drugbank.ca/drugs/DB08674"
"75","Bepridil (DB01244)","0.8864","http://www.drugbank.ca/drugs/DB01244"
"76","10-Propargyl-5,8-Dideazafolic Acid (DB03541)","0.8863","http://www.drugbank.ca/drugs/DB03541"
"77","N-cyclopropyl-4-methyl-3-{2-[(2-morpholin-4-ylethyl)amino]quinazolin-6-yl}benzamide (DB08351)","0.8839","http://www.drugbank.ca/drugs/DB08351"
"78","N'-(3-CHLORO-4-METHOXY-PHENYL)-N-(3,4,5-TRIMETHOXYPHENYL)-1,3,5-TRIAZINE-2,4-DIAMINE (DB07251)","0.8839","http://www.drugbank.ca/drugs/DB07251"
"79","1-{2-[(4-CHLOROPHENYL)AMINO]-2-OXOETHYL}-N-(1-ISOPROPYLPIPERIDIN-4-YL)-1H-INDOLE-2-CARBOXAMIDE (DB07974)","0.8817","http://www.drugbank.ca/drugs/DB07974"
"80","N-{(1s)-4-[Bis(2-Chloroethyl)Amino]-1-Methylbutyl}-N-(6-Chloro-2-Methoxy-9-Acridinyl)Amine (DB02240)","0.8816","http://www.drugbank.ca/drugs/DB02240"
"81","(2R)-1-(DIMETHYLAMINO)-3-{4-[(6-{[2-FLUORO-5-(TRIFLUOROMETHYL)PHENYL]AMINO}PYRIMIDIN-4-YL)AMINO]PHENOXY}PROPAN-2-OL (DB07054)","0.8800","http://www.drugbank.ca/drugs/DB07054"
"82","ERA-923 (DB05414)","0.8797","http://www.drugbank.ca/drugs/DB05414"
"83","ZK-806711 (DB03373)","0.8779","http://www.drugbank.ca/drugs/DB03373"
"84","SP4160 (DB02555)","0.8771","http://www.drugbank.ca/drugs/DB02555"
"85","1-(3-HYDROXYPROPYL)-2-[(3-NITROBENZOYL)AMINO]-1H-BENZIMIDAZOL-5-YL PIVALATE (DB08590)","0.8770","http://www.drugbank.ca/drugs/DB08590"
"86","Delavirdine (DB00705)","0.8766","http://www.drugbank.ca/drugs/DB00705"
"87","1-ethyl-N-(phenylmethyl)-4-(tetrahydro-2H-pyran-4-ylamino)-1H-pyrazolo[3,4-b]pyridine-5-carboxamide (DB06909)","0.8765","http://www.drugbank.ca/drugs/DB06909"
"88","5-Chloro-1h-Indole-2-Carboxylic Acid [1-(4-Fluorobenzyl)-2-(4-Hydroxypiperidin-1yl)-2-Oxoethyl]Amide (DB03383)","0.8765","http://www.drugbank.ca/drugs/DB03383"
"89","4-(2-HYDROXYBENZYLAMINO)-N-(3-(4-FLUOROPHENOXY)PHENYL)PIPERIDINE-1-SULFONAMIDE (DB04632)","0.8762","http://www.drugbank.ca/drugs/DB04632"
"90","3-[(1R)-1-(2,6-dichloro-3-fluorophenyl)ethoxy]-5-(1-piperidin-4-yl-1H-pyrazol-4-yl)pyridin-2-amine (DB08700)","0.8757","http://www.drugbank.ca/drugs/DB08700"
"91","FKB-001 (DB02888)","0.8756","http://www.drugbank.ca/drugs/DB02888"
"92","Allyl-{6-[3-(4-Bromo-Phenyl)-1-Methyl-1h-Indazol-6-Yl]Oxy}Hexyl)-N-Methylamine (DB03888)","0.8754","http://www.drugbank.ca/drugs/DB03888"
"93","6-[3-(4-Morpholinyl)Propyl]-2-(3-Nitrophenyl)-5-Thioxo-5,6,-Dihydro-7h-Thienol[2',3':4,5]Pyrrolo[1,2-C]Imidazol-7-One (DB03507)","0.8752","http://www.drugbank.ca/drugs/DB03507"
"94","(20S)-19,20,22,23-TETRAHYDRO-19-OXO-5H,21H-18,20-ETHANO-12,14-ETHENO-6,10-METHENOBENZ[D]IMIDAZO[4,3-L][1,6,9,13]OXATRIAZACYCLONOADECOSINE-9-CARBONITRILE (DB08676)","0.8748","http://www.drugbank.ca/drugs/DB08676"
"95","6-ETHYL-5-[(2S)-1-(3-METHOXYPROPYL)-2-PHENYL-1,2,3,4-TETRAHYDROQUINOLIN-7-YL]PYRIMIDINE-2,4-DIAMINE (DB08099)","0.8746","http://www.drugbank.ca/drugs/DB08099"
"96","3-FLUORO-5-MORPHOLIN-4-YL-N-[1-(2-PYRIDIN-4-YLETHYL)-1H-INDOL-6-YL]BENZAMIDE (DB08730)","0.8738","http://www.drugbank.ca/drugs/DB08730"
"97","5-(5-chloro-2,4-dihydroxyphenyl)-N-ethyl-4-[4-(morpholin-4-ylmethyl)phenyl]isoxazole-3-carboxamide (DB06961)","0.8733","http://www.drugbank.ca/drugs/DB06961"
"98","[4-(6-Chloro-Naphthalene-2-Sulfonyl)-Piperazin-1-Yl]-(3,4,5,6-Tetrahydro-2h-[1,4']Bipyridinyl-4-Yl)-Methanone (DB01836)","0.8717","http://www.drugbank.ca/drugs/DB01836"
"99","RU85493 (DB01908)","0.8714","http://www.drugbank.ca/drugs/DB01908"
"100","1-[4-(Octahydro-Pyrido[1,2-a]Pyrazin-2-Yl)-Phenyl]-2-Phenyl-1,2,3,4-Tetrahydro-Isoquinolin-6-Ol (DB03802)","0.8711","http://www.drugbank.ca/drugs/DB03802"
"101","2-[1-(4-CHLOROBENZOYL)-5-METHOXY-2-METHYL-1H-INDOL-3-YL]-N-[(1R)-1-(HYDROXYMETHYL)PROPYL]ACETAMIDE (DB07981)","0.8710","http://www.drugbank.ca/drugs/DB07981"
"102","2-[1-(4-CHLOROBENZOYL)-5-METHOXY-2-METHYL-1H-INDOL-3-YL]-N-[(1S)-1-(HYDROXYMETHYL)PROPYL]ACETAMIDE (DB07984)","0.8710","http://www.drugbank.ca/drugs/DB07984"
"103","Vilazodone (DB06684)","0.8707","http://www.drugbank.ca/drugs/DB06684"
"104","Sildenafil (DB00203)","0.8705","http://www.drugbank.ca/drugs/DB00203"
"105","3-FLUORO-5-MORPHOLIN-4-YL-N-[3-(2-PYRIDIN-4-YLETHYL)-1H-INDOL-5-YL]BENZAMIDE (DB08091)","0.8705","http://www.drugbank.ca/drugs/DB08091"
"106","Irinotecan (DB00762)","0.8702","http://www.drugbank.ca/drugs/DB00762"
"107","(2R)-N-HYDROXY-2-[(3S)-3-METHYL-3-{4-[(2-METHYLQUINOLIN-4-YL)METHOXY]PHENYL}-2-OXOPYRROLIDIN-1-YL]PROPANAMIDE (DB07145)","0.8697","http://www.drugbank.ca/drugs/DB07145"
"108","Avanafil (DB06237)","0.8693","http://www.drugbank.ca/drugs/DB06237"
"109","5-Chloro-thiophene-2-carboxylic acid ((3S,4S)-1-{[2-fluoro-4-(2-oxo-2H-pyridin-1-yl)-phenylcarbamoyl]-methyl}-4-hydroxy-pyrrolidin-3-yl)-amide (DB07875)","0.8692","http://www.drugbank.ca/drugs/DB07875"
"110","Sertindole (DB06144)","0.8691","http://www.drugbank.ca/drugs/DB06144"
"111","Compound 19 (DB02615)","0.8685","http://www.drugbank.ca/drugs/DB02615"
"112","Compound 18 (DB02715)","0.8685","http://www.drugbank.ca/drugs/DB02715"
"113","Lefradafiban (DB04863)","0.8682","http://www.drugbank.ca/drugs/DB04863"
"114","Cp403700, (S)-1-{2-[(5-Chloro-1h-Indole-2-Carbonyl)-Amino]-3-Phenyl-Propionyl}-Azetidine-3-Carboxylate (DB03744)","0.8678","http://www.drugbank.ca/drugs/DB03744"
"115","Benazepril (DB00542)","0.8670","http://www.drugbank.ca/drugs/DB00542"
"116","4-chloro-N-(3-methoxypropyl)-N-[(3S)-1-(2-phenylethyl)piperidin-3-yl]benzamide (DB08344)","0.8668","http://www.drugbank.ca/drugs/DB08344"
"117","Novobiocin (DB01051)","0.8668","http://www.drugbank.ca/drugs/DB01051"
"118","CP-526423 (DB02089)","0.8662","http://www.drugbank.ca/drugs/DB02089"
"119","2-{5-[3-(7-PROPYL-3-TRIFLUOROMETHYLBENZO[D]ISOXAZOL-6-YLOXY)PROPOXY]INDOL-1-YL}ETHANOIC ACID (DB07053)","0.8652","http://www.drugbank.ca/drugs/DB07053"
"120","Carfentanil (DB01535)","0.8650","http://www.drugbank.ca/drugs/DB01535"
"121","4-(2-{[4-{[3-(4-Chlorophenyl)Propyl]Sulfanyl}-6-(1-Piperazinyl)-1,3,5-Triazin-2-Yl]Amino}Ethyl)Phenol (DB04020)","0.8649","http://www.drugbank.ca/drugs/DB04020"
"122","Acetophenazine (DB01063)","0.8647","http://www.drugbank.ca/drugs/DB01063"
"123","Morpholine-4-Carboxylic Acid [1-(2-Benzylsulfanyl-1-Formyl-Ethylcarbamoyl)-2-Phenyl-Ethyl]-Amide (DB03984)","0.8646","http://www.drugbank.ca/drugs/DB03984"
"124","N-(5-CHLORO-BENZO[B]THIOPHEN-3-YLMETHYL)-2-[6-CHLORO-OXO-3-(2-PYRIDIN-2-YL-ETHYLAMINO)-2H-PYRAZIN-1-YL]-ACETAMIDE (DB07165)","0.8645","http://www.drugbank.ca/drugs/DB07165"
"125","K201 (DB02929)","0.8643","http://www.drugbank.ca/drugs/DB02929"
"126","Furo[2,3d]Pyrimidine Antifolate (DB02026)","0.8617","http://www.drugbank.ca/drugs/DB02026"
"127","2-[2-ETHANESULFONYLAMINO-3-(5-PROPOXY-1H-INDOL-3-YL)-PROPIONYLAMINO]-PENTANEDIOIC ACID 5-AMIDE 1-(4-CARBAMIMIDOYL-BENZYLAMIDE) (DB04606)","0.8616","http://www.drugbank.ca/drugs/DB04606"
"128","Zuclopenthixol acetate (DB08919)","0.8613","http://www.drugbank.ca/drugs/DB08919"
"129","DMP450 (DB02102)","0.8610","http://www.drugbank.ca/drugs/DB02102"
"130","1-[2-HYDROXY-3-(4-CYCLOHEXYL-PHENOXY)-PROPYL]-4-(2-PYRIDYL)-PIPERAZINE (DB08543)","0.8610","http://www.drugbank.ca/drugs/DB08543"
"131","2-Hydroxy-5-({1-[(2-Naphthyloxy)Methyl]-3-Oxoprop-1-Enyl}Amino)Tyrosine (DB02511)","0.8606","http://www.drugbank.ca/drugs/DB02511"
"132","N-(4-MORPHOLINE)CARBONYL-B-(1-NAPHTHYL)-L-ALANINE-L-LEUCINE BORONIC ACID (DB04732)","0.8604","http://www.drugbank.ca/drugs/DB04732"
"133","Anatibant (DB05038)","0.8596","http://www.drugbank.ca/drugs/DB05038"
"134","Azimilide (DB04957)","0.8595","http://www.drugbank.ca/drugs/DB04957"
"135","2-(2-{2-[(BIPHENYL-4-YLMETHYL)-AMINO]-3-MERCAPTO-PENTANOYLAMINO}-ACETYLAMINO)-3-METHYL-BUTYRIC ACID METHYL ESTER (DB08643)","0.8594","http://www.drugbank.ca/drugs/DB08643"
"136","Vardenafil (DB00862)","0.8590","http://www.drugbank.ca/drugs/DB00862"
"137","(S)-2-((S)-3-ISOBUTYL-2,5-DIOXO-4-QUINOLIN-3-YLMETHYL-[1,4]DIAZEPAN-1YL)-N-METHYL-3-NAPHTALEN-2-YL-PROPIONAMIDE (DB04724)","0.8589","http://www.drugbank.ca/drugs/DB04724"
"138","N-[5-(1,1-DIOXIDOISOTHIAZOLIDIN-2-YL)-1H-INDAZOL-3-YL]-2-(4-PIPERIDIN-1-YLPHENYL)ACETAMIDE (DB07220)","0.8588","http://www.drugbank.ca/drugs/DB07220"
"139","[3,5-Dibromo-4-(4-Hydroxy-3-Phenethylcarbamoyl-Phenoxy)-Phenyl]-Acetic Acid (DB02106)","0.8584","http://www.drugbank.ca/drugs/DB02106"
"140","Bosentan (DB00559)","0.8581","http://www.drugbank.ca/drugs/DB00559"
"141","3-[[N-[4-Methyl-Piperazinyl]Carbonyl]-Phenylalaninyl-Amino]-5-Phenyl-Pentane-1-Sulfonic Acid Benzyloxy-Amide (DB04427)","0.8580","http://www.drugbank.ca/drugs/DB04427"
"142","N~2~-[(BENZYLOXY)CARBONYL]-N-[(1S,2S)-2-HYDROXY-1-(4-HYDROXYBENZYL)PROPYL]-L-LEUCINAMIDE (DB07571)","0.8579","http://www.drugbank.ca/drugs/DB07571"
"143","(2R,3R,4S)-3-(4-HYDROXYPHENYL)-4-METHYL-2-[4-(2-PYRROLIDIN-1-YLETHOXY)PHENYL]CHROMAN-6-OL (DB07567)","0.8574","http://www.drugbank.ca/drugs/DB07567"
"144","Br-Coeleneterazine (DB02006)","0.8566","http://www.drugbank.ca/drugs/DB02006"
"145","I-Coeleneterazine (DB04146)","0.8566","http://www.drugbank.ca/drugs/DB04146"
"146","1-(5-Carboxypentyl)-5-[(2,6-Dichlorobenzyl)Oxy]-1 H-Indole-2-Carboxylic Acid (DB02316)","0.8566","http://www.drugbank.ca/drugs/DB02316"
"147","Balanol Analog 2 (DB01940)","0.8565","http://www.drugbank.ca/drugs/DB01940"
"148","Carphenazine (DB01038)","0.8559","http://www.drugbank.ca/drugs/DB01038"
"149","Nebivolol (DB04861)","0.8558","http://www.drugbank.ca/drugs/DB04861"
"150","Reserpine (DB00206)","0.8558","http://www.drugbank.ca/drugs/DB00206"
"151","OPC-51803 (DB05838)","0.8557","http://www.drugbank.ca/drugs/DB05838"
"152","Zuclopenthixol decanoate (DB08920)","0.8552","http://www.drugbank.ca/drugs/DB08920"
"153","[1-(3-Hydroxy-2-Oxo-1-Phenethyl-Propylcarbamoyl)2-Phenyl-Ethyl]-Carbamic Acid Pyridin-4-Ylmethyl Ester (DB02128)","0.8551","http://www.drugbank.ca/drugs/DB02128"
"154","2-{4-[(2s)-2-[({[(1s)-1-Carboxy-2-Phenylethyl]Amino}Carbonyl)Amino]-3-Oxo-3-(Pentylamino)Propyl]Phenoxy}Malonic Acid (DB02436)","0.8550","http://www.drugbank.ca/drugs/DB02436"
"155","Balanol (DB04098)","0.8548","http://www.drugbank.ca/drugs/DB04098"
"156","N-(3-TERT-BUTYL-1H-PYRAZOL-5-YL)-N'-{4-CHLORO-3-[(PYRIDIN-3-YLOXY)METHYL]PHENYL}UREA (DB08064)","0.8546","http://www.drugbank.ca/drugs/DB08064"
"157","RU81843 (DB04495)","0.8544","http://www.drugbank.ca/drugs/DB04495"
"158","Compound 12, N-Acetyl-4-[(Carboxycarbonyl)(2-Carboxyphenyl)Amino]-N-Pentyl-1-Napthylalaniamide (DB01820)","0.8541","http://www.drugbank.ca/drugs/DB01820"
"159","4-Amino-N-{4-[2-(2,6-Dimethyl-Phenoxy)-Acetylamino]-3-Hydroxy-1-Isobutyl-5-Phenyl-Pentyl}-Benzamide (DB04373)","0.8539","http://www.drugbank.ca/drugs/DB04373"
"160","3-Amino-N-{4-[2-(2,6-Dimethyl-Phenoxy)-Acetylamino]-3-Hydroxy-1-Isobutyl-5-Phenyl-Pentyl}-Benzamide (DB04378)","0.8539","http://www.drugbank.ca/drugs/DB04378"
"161","4-Methoxy-E-Rhodomycin T (DB03199)","0.8534","http://www.drugbank.ca/drugs/DB03199"
"162","3-CYCLOHEXYL-1-(2-MORPHOLIN-4-YL-2-OXOETHYL)-2-PHENYL-1H-INDOLE-6-CARBOXYLIC ACID (DB07570)","0.8532","http://www.drugbank.ca/drugs/DB07570"
"163","Balanol Analog 8 (DB02155)","0.8531","http://www.drugbank.ca/drugs/DB02155"
"164","PUROMYCIN (DB08437)","0.8527","http://www.drugbank.ca/drugs/DB08437"
"165","Bitolterol (DB00901)","0.8526","http://www.drugbank.ca/drugs/DB00901"
"166","5-[2,3-Dichloro-4-(5-{1-[2-(2-Guanidino-4-Methyl-Pentanoylamino)-Acetyl]-Piperidin-4-Yl}-1-Methyl-1h-Pyrazol-3-Yl)-Phenoxymethyl]-Furan-2-Carboxylic Acid (DB02581)","0.8522","http://www.drugbank.ca/drugs/DB02581"
"167","Amprenavir (DB00701)","0.8520","http://www.drugbank.ca/drugs/DB00701"
"168","Amiodarone (DB01118)","0.8518","http://www.drugbank.ca/drugs/DB01118"
"169","N-{2'-[(4-FLUOROPHENYL)AMINO]-4,4'-BIPYRIDIN-2-YL}-4-METHOXYCYCLOHEXANECARBOXAMIDE (DB08025)","0.8517","http://www.drugbank.ca/drugs/DB08025"
"170","({3-[1-(4-HYDROXY-2-OXO-2H-CHROMEN-3-YL)-PROPYL]-PHENYLCARBAMOYL}-METHYL)-CARBAMIC ACID TERT-BUTYL ESTER (DB08664)","0.8517","http://www.drugbank.ca/drugs/DB08664"
"171","(METHYLPYRIDAZINE PIPERIDINE PROPYLOXYPHENYL)ETHYLACETATE (DB08013)","0.8514","http://www.drugbank.ca/drugs/DB08013"
"172","Nicardipine (DB00622)","0.8511","http://www.drugbank.ca/drugs/DB00622"
"173","Tl-3-093 (DB01891)","0.8511","http://www.drugbank.ca/drugs/DB01891"
"174","TLK-199 (DB05460)","0.8506","http://www.drugbank.ca/drugs/DB05460"
"175","[4-R-(4-ALPHA,6-BETA,7-BETA]-HEXAHYDRO-5,6-DI(HYDROXY)-1,3-DI(ALLYL)-4,7-BISPHENYLMETHYL)-2H-1,3-DIAZEPINONE (DB06910)","0.8504","http://www.drugbank.ca/drugs/DB06910"
"176","RU84687 (DB01678)","0.8500","http://www.drugbank.ca/drugs/DB01678"
"177","6-(4-{(1S,2S)-2-AMINO-1-[(DIMETHYLAMINO)CARBONYL]-3-[(3S)-3-FLUOROPYRROLIDIN-1-YL]-3-OXOPROPYL}PHENYL)-1H-[1,2,4]TRIAZOLO[1,5-A]PYRIDIN-4-IUM (DB08504)","0.8500","http://www.drugbank.ca/drugs/DB08504"
"178","N-BENZYLOXYCARBONYL-ALA-PRO-3-AMINO-4-PHENYL-BUTAN-2-OL (DB06886)","0.8499","http://www.drugbank.ca/drugs/DB06886"
"179","Repaglinide (DB00912)","0.8494","http://www.drugbank.ca/drugs/DB00912"
"180","3-(7-DIAMINOMETHYL-NAPHTHALEN-2-YL)-PROPIONIC ACID ETHYL ESTER (DB07639)","0.8493","http://www.drugbank.ca/drugs/DB07639"
"181","Udenafil (DB06267)","0.8492","http://www.drugbank.ca/drugs/DB06267"
"182","1S,3AS,8AS-TRIMETHYL-1-OXIDO-1,2,3,3A,8,8A-HEXAHYDROPYRROLO[2,3-B]INDOL-5-YL 2-ETHYLPHENYLCARBAMATE (DB07846)","0.8491","http://www.drugbank.ca/drugs/DB07846"
"183","PNU177836 (DB02977)","0.8489","http://www.drugbank.ca/drugs/DB02977"
"184","N-(R-Carboxy-Ethyl)-Alpha-(S)-(2-Phenylethyl)Glycyl-L-Arginine-N-Phenylamide (DB02747)","0.8487","http://www.drugbank.ca/drugs/DB02747"
"185","Zafirlukast (DB00549)","0.8487","http://www.drugbank.ca/drugs/DB00549"
"186","2-{4-[4-({4-[2-methyl-1-(1-methylethyl)-1H-imidazol-5-yl]pyrimidin-2-yl}amino)phenyl]piperazin-1-yl}-2-oxoethanol (DB07982)","0.8486","http://www.drugbank.ca/drugs/DB07982"
"187","4-(BENZHYDRYLOXY)-1-[3-(1H-TETRAAZOL-5-YL)PROPYL]PIPERIDINE (DB07917)","0.8477","http://www.drugbank.ca/drugs/DB07917"
"188","Quinapril (DB00881)","0.8475","http://www.drugbank.ca/drugs/DB00881"
"189","Clomifene (DB00882)","0.8471","http://www.drugbank.ca/drugs/DB00882"
"190","Fexaramine (DB02545)","0.8471","http://www.drugbank.ca/drugs/DB02545"
"191","Topotecan (DB01030)","0.8471","http://www.drugbank.ca/drugs/DB01030"
"192","N-{(1S,2R)-2-hydroxy-1-[(hydroxyamino)carbonyl]propyl}-4-{[4-(morpholin-4-ylmethyl)phenyl]ethynyl}benzamide (DB07536)","0.8469","http://www.drugbank.ca/drugs/DB07536"
"193","Deserpidine (DB01089)","0.8467","http://www.drugbank.ca/drugs/DB01089"
"194","N-[2-(1,3-BENZODIOXOL-5-YL)ETHYL]-1-[2-(1H-IMIDAZOL-1-YL)-6-METHYLPYRIMIDIN-4-YL]-D-PROLINAMIDE (DB06916)","0.8467","http://www.drugbank.ca/drugs/DB06916"
"195","Antrafenine (DB01419)","0.8461","http://www.drugbank.ca/drugs/DB01419"
"196","RU90395 (DB02432)","0.8456","http://www.drugbank.ca/drugs/DB02432"
"197","Fluphenazine (DB00623)","0.8455","http://www.drugbank.ca/drugs/DB00623"
"198","1-(1'-{[3-(methylsulfanyl)-2-benzothiophen-1-yl]carbonyl}spiro[1-benzofuran-3,4'-piperidin]-5-yl)methanamine (DB06848)","0.8451","http://www.drugbank.ca/drugs/DB06848"
"199","3-{6-[(8-HYDROXY-QUINOLINE-2-CARBONYL)-AMINO]-2-THIOPHEN-2-YL-HEXANOYLAMINO}-4-OXO-BUTYRI ACID (DB07916)","0.8450","http://www.drugbank.ca/drugs/DB07916"
"200","Darusentan (DB04883)","0.8450","http://www.drugbank.ca/drugs/DB04883"
"201","Verapamil (DB00661)","0.8450","http://www.drugbank.ca/drugs/DB00661"
"202","L-756,423 (DB02009)","0.8448","http://www.drugbank.ca/drugs/DB02009"
"203","10-(4-Dimethylamino-5-Hydroxy-6-Methyl-Tetrahydro-Pyran-2-Yloxy)-8-Ethyl-1,8,11-Trihydroxy-7,8,9,10-Tetrahydro-Naphthacene-5,12-Dione (DB04131)","0.8446","http://www.drugbank.ca/drugs/DB04131"
"204","Asimadoline (DB05104)","0.8438","http://www.drugbank.ca/drugs/DB05104"
"205","3-(1H-INDOL-3-YL)-4-(1-{2-[(2S)-1-METHYLPYRROLIDINYL]ETHYL}-1H-INDOL-3-YL)-1H-PYRROLE-2,5-DIONE (DB07456)","0.8438","http://www.drugbank.ca/drugs/DB07456"
"206","3-(1H-INDOL-3-YL)-4-{1-[2-(1-METHYLPYRROLIDIN-2-YL)ETHYL]-1H-INDOL-3-YL}-1H-PYRROLE-2,5-DIONE (DB07458)","0.8438","http://www.drugbank.ca/drugs/DB07458"
"207","(2-Sulfanyl-3-Phenylpropanoyl)-Phe-Tyr (DB03949)","0.8437","http://www.drugbank.ca/drugs/DB03949"
"208","[1-(1-Benzyl-3-Hydroxy-2-Oxo-Propylcarbamoyl)-2-Phenyl-Ethyl]-Carbamic Acid Benzyl Ester (DB01871)","0.8437","http://www.drugbank.ca/drugs/DB01871"
"209","1-[[(1E)-2-(4-CHLOROPHENYL)ETHENYL]SULFONYL]-4-[[1-(4-PYRIDINYL)-4-PIPERIDINYL]METHYL]PIPERAZINE (DB08746)","0.8436","http://www.drugbank.ca/drugs/DB08746"
"210","Afimoxifene (DB04468)","0.8435","http://www.drugbank.ca/drugs/DB04468"
"211","Mitoxantrone (DB01204)","0.8433","http://www.drugbank.ca/drugs/DB01204"
"212","3-(1h-Indol-3-Yl)-2-[4-(4-Phenyl-Piperidin-1-Yl)-Benzenesulfonylamino]-Propionic Acid (DB02449)","0.8432","http://www.drugbank.ca/drugs/DB02449"
"213","Je-2147, Ag1776, Kni-764 (DB02668)","0.8431","http://www.drugbank.ca/drugs/DB02668"
"214","RU85053 (DB03712)","0.8430","http://www.drugbank.ca/drugs/DB03712"
"215","Fesoterodine (DB06702)","0.8429","http://www.drugbank.ca/drugs/DB06702"
"216","N~2~-1,3-BENZOXAZOL-2-YL-3-CYCLOHEXYL-N-{2-[(4-METHOXYPHENYL)AMINO]ETHYL}-L-ALANINAMIDE (DB07839)","0.8429","http://www.drugbank.ca/drugs/DB07839"
"217","(10R)-10-Formyl-5,8,10-Trideazafolic Acid (DB04264)","0.8427","http://www.drugbank.ca/drugs/DB04264"
"218","Cinnarizine (DB00568)","0.8425","http://www.drugbank.ca/drugs/DB00568"
"219","Dronedarone (DB04855)","0.8423","http://www.drugbank.ca/drugs/DB04855"
"220","1-((1R)-1-(HYDROXYMETHYL)-3-{6-[(3-PHENYLPROPANOYL)AMINO]-1H-INDOL-1-YL}PROPYL)-1H-IMIDAZOLE-4-CARBOXAMIDE (DB07783)","0.8423","http://www.drugbank.ca/drugs/DB07783"
"221","Inhibitor Bea388 (DB04255)","0.8421","http://www.drugbank.ca/drugs/DB04255"
"222","RU82129 (DB03104)","0.8417","http://www.drugbank.ca/drugs/DB03104"
"223","N-Alpha-(2-Naphthylsulfonyl)-N(3-Amidino-L-Phenylalaninyl)-4-Acetyl-Piperazine (DB04125)","0.8415","http://www.drugbank.ca/drugs/DB04125"
"224","Morpholine-4-Carboxylic Acid (1-(3-Benzenesulfonyl-1-Phenethylallylcarbamoyl)-3-Methylbutyl)-Amide (DB03837)","0.8415","http://www.drugbank.ca/drugs/DB03837"
"225","Demecarium (DB00944)","0.8402","http://www.drugbank.ca/drugs/DB00944"
"226","Valsartan (DB00177)","0.8401","http://www.drugbank.ca/drugs/DB00177"
"227","Fosamprenavir (DB01319)","0.8397","http://www.drugbank.ca/drugs/DB01319"
"228","SC-74020 (DB01630)","0.8396","http://www.drugbank.ca/drugs/DB01630"
"229","Glyburide (DB01016)","0.8390","http://www.drugbank.ca/drugs/DB01016"
"230","Pagoclone (DB04903)","0.8389","http://www.drugbank.ca/drugs/DB04903"
"231","Nicergoline (DB00699)","0.8388","http://www.drugbank.ca/drugs/DB00699"
"232","N-Alpha-(2-Naphthylsulfonyl)-N(3-Amidino-L-Phenylalaninyl)Isopipecolinic Acid Methyl Ester (DB01745)","0.8387","http://www.drugbank.ca/drugs/DB01745"
"233","RU82197 (DB03268)","0.8386","http://www.drugbank.ca/drugs/DB03268"
"234","INHIBITOR Q8467 OF DUPONT MERCK (DB04609)","0.8381","http://www.drugbank.ca/drugs/DB04609"
"235","Moxifloxacin (DB00218)","0.8380","http://www.drugbank.ca/drugs/DB00218"
"236","Fluspirilene (DB04842)","0.8376","http://www.drugbank.ca/drugs/DB04842"
"237","9-Butyl-8-(2-Chloro-3,4,5-Trimethoxy-Benzyl)-9h-Purin-6-Ylamine (DB03504)","0.8371","http://www.drugbank.ca/drugs/DB03504"
"238","3-(2-AMINO-6-BENZOYLQUINAZOLIN-3(4H)-YL)-N-CYCLOHEXYL-N-METHYLPROPANAMIDE (DB08749)","0.8367","http://www.drugbank.ca/drugs/DB08749"
"239","N-(4-{[(3S)-3-(dimethylamino)pyrrolidin-1-yl]carbonyl}phenyl)-5-fluoro-4-[2-methyl-1-(1-methylethyl)-1H-imidazol-5-yl]pyrimidin-2-amine (DB07936)","0.8365","http://www.drugbank.ca/drugs/DB07936"
"240","RU82209 (DB03591)","0.8362","http://www.drugbank.ca/drugs/DB03591"
"241","8-(2-Chloro-3,4,5-Trimethoxy-Benzyl)-9-Pent-4-Ylnyl-9h-Purin-6-Ylamine (DB04505)","0.8360","http://www.drugbank.ca/drugs/DB04505"
"242","Inhibitor BEA369 (DB01887)","0.8359","http://www.drugbank.ca/drugs/DB01887"
"243","9-Butyl-8-(3,4,5-Trimethoxybenzyl)-9h-Purin-6-Amine (DB02754)","0.8359","http://www.drugbank.ca/drugs/DB02754"
"244","2-butoxy-9-(2,6-difluorobenzyl)-N-(2-morpholin-4-ylethyl)-9H-purin-6-amine (DB07937)","0.8354","http://www.drugbank.ca/drugs/DB07937"
"245","Aclidinium (DB08897)","0.8348","http://www.drugbank.ca/drugs/DB08897"
"246","N-Alpha-(2-Naphthylsulfonyl)-N-(3-Amidino-L-Phenylalaninyl)-D-Pipecolinic Acid (DB04238)","0.8345","http://www.drugbank.ca/drugs/DB04238"
"247","Meclizine (DB00737)","0.8341","http://www.drugbank.ca/drugs/DB00737"
"248","Daunorubicin (DB00694)","0.8330","http://www.drugbank.ca/drugs/DB00694"
"249","Epirubicin (DB00445)","0.8328","http://www.drugbank.ca/drugs/DB00445"
"250","Doxorubicin (DB00997)","0.8328","http://www.drugbank.ca/drugs/DB00997"
"251","7-Hydroxystaurosporine (DB01933)","0.8326","http://www.drugbank.ca/drugs/DB01933"
"252","8-(2-Chloro-3,4,5-Trimethoxy-Benzyl)-2-Fluoro-9-Pent-4-Ylnyl-9h-Purin-6-Ylamine (DB02550)","0.8323","http://www.drugbank.ca/drugs/DB02550"
"253","(5-(aminomethyl)-2H-spiro[benzofuran-3,4'-piperidine]-1'-yl)(5-(phenylethynyl)furan-2-yl)methanone (DB06962)","0.8322","http://www.drugbank.ca/drugs/DB06962"
"254","(METHYLPYRIDAZINE PIPERIDINE BUTYLOXYPHENYL)ETHYLACETATE (DB08014)","0.8313","http://www.drugbank.ca/drugs/DB08014"
"255","Pipotiazine (DB01621)","0.8309","http://www.drugbank.ca/drugs/DB01621"
"256","N-((1R,2S)-2-(5-CHLORO-1H-INDOLE-2-CARBOXAMIDO)CYCLOHEXYL)-5-METHYL-4,5,6,7-TETRAHYDROTHIAZOLO[5,4-C]PYRIDINE-2-CARBOXAMIDE (DB07629)","0.8306","http://www.drugbank.ca/drugs/DB07629"
"257","N-((1R,2R)-2-(5-CHLORO-1H-INDOLE-2-CARBOXAMIDO)CYCLOHEXYL)-5-METHYL-4,5,6,7-TETRAHYDROTHIAZOLO[5,4-C]PYRIDINE-2-CARBOXAMIDE (DB07630)","0.8306","http://www.drugbank.ca/drugs/DB07630"
"258","Toremifene (DB00539)","0.8302","http://www.drugbank.ca/drugs/DB00539"
"259","2-[2-ETHANESULFONYLAMINO-3-(1H-INDOL-3-YL)-PROPIONYLAMINO]-PENTANEDIOIC ACID 5-AMIDE 1-(4-CARBAMIM IDOYL-BENZYLAMIDE) (DB04758)","0.8301","http://www.drugbank.ca/drugs/DB04758"
"260","(9r,10r)-9-(S-Glutathionyl)-10-Hydroxy-9,10-Dihydrophenanthrene (DB01834)","0.8298","http://www.drugbank.ca/drugs/DB01834"
"261","(9s,10s)-9-(S-Glutathionyl)-10-Hydroxy-9,10-Dihydrophenanthrene (DB04187)","0.8298","http://www.drugbank.ca/drugs/DB04187"
"262","(S)-5-(4-Benzyloxy-Phenyl)-4-(7-Phenyl-Heptanoylamino)-Pentanoic Acid (DB04287)","0.8297","http://www.drugbank.ca/drugs/DB04287"
"263","Atazanavir (DB01072)","0.8296","http://www.drugbank.ca/drugs/DB01072"
"264","Buclizine (DB00354)","0.8295","http://www.drugbank.ca/drugs/DB00354"
"265","Dasatinib (DB01254)","0.8292","http://www.drugbank.ca/drugs/DB01254"
"266","Darunavir (DB01264)","0.8292","http://www.drugbank.ca/drugs/DB01264"
"267","(2R,4S)-2-[(R)-BENZYLCARBAMOYL-PHENYLACETYL-METHYL]-5,5-DIMETHYL-THIAZOLIDINE-4-CARBOXYLIC ACID (DB07806)","0.8290","http://www.drugbank.ca/drugs/DB07806"
"268","RU83876 (DB02336)","0.8289","http://www.drugbank.ca/drugs/DB02336"
"269","Pralnacasan (DB04875)","0.8282","http://www.drugbank.ca/drugs/DB04875"
"270","(R)-tacrine(10)-hupyridone (DB04614)","0.8281","http://www.drugbank.ca/drugs/DB04614"
"271","(S)-tacrine(10)-hupyridone (DB04615)","0.8281","http://www.drugbank.ca/drugs/DB04615"
"272","Tolvaptan (DB06212)","0.8278","http://www.drugbank.ca/drugs/DB06212"
"273","4-Morpholin-4-Yl-Piperidine-1-Carboxylic Acid [1-(3-Benzenesulfonyl-1-Propyl-Allylcarbamoyl)-2-Phenylethyl]-Amide (DB02243)","0.8273","http://www.drugbank.ca/drugs/DB02243"
"274","Lercanidipine (DB00528)","0.8271","http://www.drugbank.ca/drugs/DB00528"
"275","(10S)-10-Formyl-5,8,10-Trideazafolic Acid (DB02540)","0.8264","http://www.drugbank.ca/drugs/DB02540"
"276","Troglitazone (DB00197)","0.8262","http://www.drugbank.ca/drugs/DB00197"
"277","(5R)-5-(4-{[(2R)-6-HYDROXY-2,5,7,8-TETRAMETHYL-3,4-DIHYDRO-2H-CHROMEN-2-YL]METHOXY}BENZYL)-1,3-THIAZOLIDINE-2,4-DIONE (DB08607)","0.8262","http://www.drugbank.ca/drugs/DB08607"
"278","Salmeterol (DB00938)","0.8260","http://www.drugbank.ca/drugs/DB00938"
"279","OPC-28326 (DB05461)","0.8259","http://www.drugbank.ca/drugs/DB05461"
"280","Methyl-[4-(4-Piperidine-1-Ylmethyl-Phenyl)-Cyclohexyl]-Carbaminic Acid-(4-Chlorophenyl)-Ester (DB03748)","0.8258","http://www.drugbank.ca/drugs/DB03748"
"281","1-{7-cyclohexyl-6-[4-(4-methylpiperazin-1-yl)benzyl]-7H-pyrrolo[2,3-d]pyrimidin-2-yl}methanamine (DB07563)","0.8250","http://www.drugbank.ca/drugs/DB07563"
"282","Benzquinamide (DB00767)","0.8250","http://www.drugbank.ca/drugs/DB00767"
"283","2-(3-CHLORO-6-{[2,2-DIFLUORO-2-(1-OXIDOPYRIDIN-2-YL)ETHYL]AMINO}-1-OXIDOPYRIDIN-2-YL)-N-[1-(3-CHLOROPHENYL)ETHYL]ACETAMIDE (DB04722)","0.8247","http://www.drugbank.ca/drugs/DB04722"
"284","Solifenacin (DB01591)","0.8247","http://www.drugbank.ca/drugs/DB01591"
"285","(R)-N-[2-[1-(Aminoiminomethyl)-3-Piperidinyl]-1-Oxoethyl]-4-(Phenylethynyl)-L-Phenylalanine Methylester (DB03453)","0.8245","http://www.drugbank.ca/drugs/DB03453"
"286","N-({(2S)-1-[(3R)-3-amino-4-(3-chlorophenyl)butanoyl]pyrrolidin-2-yl}methyl)-3-(methylsulfonyl)benzamide (DB08429)","0.8240","http://www.drugbank.ca/drugs/DB08429"
"287","N-{3-[4-(3-Amino-Propyl)-Piperazin-1-Yl]-Propyl}-3-(2-Thiophen-2-Yl-Acetylamino)-5-(3,4,5-Trihydroxy-6-Hydroxymethyl-Tetrahydro-Pyran-2-Yloxy)-Benzamide (DB03524)","0.8238","http://www.drugbank.ca/drugs/DB03524"
"288","1-[2-(3-Biphenyl)-4-Methylvaleryl)]Amino-3-(2-Pyridylsulfonyl)Amino-2-Propanone (DB04244)","0.8228","http://www.drugbank.ca/drugs/DB04244"
"289","131-I-TM-601 (DB05462)","0.8226","http://www.drugbank.ca/drugs/DB05462"
"290","Ponatinib  (DB08901)","0.8225","http://www.drugbank.ca/drugs/DB08901"
"291","2-(Carboxymethoxy)-5-[(2s)-2-({(2s)-2-[(3-Carboxypropanoyl)Amino] -3-Phenylpropanoyl}Amino)-3-Oxo-3-(Pentylamino)Propyl]Benzoic Acid (DB04525)","0.8220","http://www.drugbank.ca/drugs/DB04525"
"292","2-(11-{2-[Benzenesulfonyl-(3-Methyl-Butyl)-Amino]-1-Hydroxy-Ethyl}-6,9-Dioxo-2-Oxa-7,10-Diaza-Bicyclo[11.2.2]Heptadeca-1(16),13(17),14-Trien-8-Yl)-Acetamide, Inhibitor 2 (DB02411)","0.8219","http://www.drugbank.ca/drugs/DB02411"
"293","Cyclopropyl-{4-[5-(3,4-Dichlorophenyl)-2-[(1-Methyl)-Piperidin]-4-Yl-3-Propyl-3h-Imidazol-4-Yl]-Pyrimidin-2-Yl}Amine (DB03084)","0.8209","http://www.drugbank.ca/drugs/DB03084"
"294","Indinavir (DB00224)","0.8208","http://www.drugbank.ca/drugs/DB00224"
"295","Dextromoramide (DB01529)","0.8207","http://www.drugbank.ca/drugs/DB01529"
"296","1-(2,6-Dichlorophenyl)-5-(2,4-Difluorophenyl)-7-Piperidin-4-Yl-3,4-Dihydroquinolin-2(1h)-One (DB01948)","0.8207","http://www.drugbank.ca/drugs/DB01948"
"297","TC-5619 (DB06090)","0.8195","http://www.drugbank.ca/drugs/DB06090"
"298","(2e,3s)-3-Hydroxy-5'-[(4-Hydroxypiperidin-1-Yl)Sulfonyl]-3-Methyl-1,3-Dihydro-2,3'-Biindol-2'(1'h)-One (DB03583)","0.8194","http://www.drugbank.ca/drugs/DB03583"
"299","METHYL 1-(4-{[(2,4-DIAMINOPTERIDIN-6-YL)METHYL](METHYL)AMINO}BENZOYL)PIPERIDINE-4-CARBOXYLATE (DB07765)","0.8188","http://www.drugbank.ca/drugs/DB07765"
"300","Almitrine (DB01430)","0.8187","http://www.drugbank.ca/drugs/DB01430"
"301","(4-{2-Acetylamino-2-[1-(3-Carbamoyl-4-Cyclohexylmethoxy-Phenyl)-Ethylcarbamoyl}-Ethyl}-2-Phosphono-Phenoxy)-Acetic Acid (DB04003)","0.8187","http://www.drugbank.ca/drugs/DB04003"
"302","Ergotamine (DB00696)","0.8187","http://www.drugbank.ca/drugs/DB00696"
"303","Fluvastatin (DB01095)","0.8183","http://www.drugbank.ca/drugs/DB01095"
"304","(2S)-4-(2,5-difluorophenyl)-N-[(3R,4S)-3-fluoro-1-methylpiperidin-4-yl]-2-(hydroxymethyl)-N-methyl-2-phenyl-2,5-dihydro-1H-pyrrole-1-carboxamide (DB08037)","0.8181","http://www.drugbank.ca/drugs/DB08037"
"305","Temocapril (DB08836)","0.8178","http://www.drugbank.ca/drugs/DB08836"
"306","7-[3-(4-FLUORO-PHENYL)-1-ISOPROPYL-1H-INDOL-2-YL]-3,5-DIHYDROXY-HEPTANOIC ACID (DB06846)","0.8170","http://www.drugbank.ca/drugs/DB06846"
"307","Cefpiramide (DB00430)","0.8169","http://www.drugbank.ca/drugs/DB00430"
"308","5-(5-(2,6-DICHLORO-4-(4,5-DIHYDRO-2-OXAZOLYL)PHENOXY)PENTYL)-3-(HYDROXYETHYL OXYMETHYLENEOXYMETHYL) ISOXAZOLE (DB08721)","0.8168","http://www.drugbank.ca/drugs/DB08721"
"309","1-{[1-(2-AMINO-3-PHENYL-PROPIONYL)-PYRROLIDINE-2-CARBONYL]-AMINO}-2-(3-CYANO-PHENYL)-ETHANEBORONIC ACID (DB08420)","0.8166","http://www.drugbank.ca/drugs/DB08420"
"310","Idarubicin (DB01177)","0.8156","http://www.drugbank.ca/drugs/DB01177"
"311","Cp-Coeleneterazine (DB03960)","0.8150","http://www.drugbank.ca/drugs/DB03960"
"312","Rutin (DB01698)","0.8148","http://www.drugbank.ca/drugs/DB01698"
"313","METHYL 1-(4-{[(2,4-DIAMINOPTERIDIN-6-YL)METHYL]AMINO}BENZOYL)PIPERIDINE-4-CARBOXYLATE (DB07689)","0.8145","http://www.drugbank.ca/drugs/DB07689"
"314","Podofilox (DB01179)","0.8143","http://www.drugbank.ca/drugs/DB01179"
"315","(1-Tert-Butyl-5-Hydroxy-1h-Pyrazol-4-Yl)-(6-Methanesulfonyl-4'-Methoxy-2-Methyl-Biphenyl-3-Yl)-Methanone (DB02850)","0.8136","http://www.drugbank.ca/drugs/DB02850"
"316","[(1-{2[(4-Carbamimidoyl-Phenylamino)-Methyl]-1-Methyl-1h-Benzoimidazol-5-Yl}-Cyclopropyl)-Pyridin-2-Yl-Methyleneaminooxy]-Acetic Acid Ethyl Ester (DB04107)","0.8132","http://www.drugbank.ca/drugs/DB04107"
"317","Irbesartan (DB01029)","0.8128","http://www.drugbank.ca/drugs/DB01029"
"318","RPR128515 (DB04424)","0.8124","http://www.drugbank.ca/drugs/DB04424"
"319","N-[(13-CYCLOHEXYL-6,7-DIHYDROINDOLO[1,2-D][1,4]BENZOXAZEPIN-10-YL)CARBONYL]-2-METHYL-L-ALANINE (DB08031)","0.8119","http://www.drugbank.ca/drugs/DB08031"
"320","Glycerol Phenylbutyrate (DB08909)","0.8115","http://www.drugbank.ca/drugs/DB08909"
"321","6-CHLORO-1-(2-{[(5-CHLORO-1-BENZOTHIEN-3-YL)METHYL]AMINO}ETHYL)-3-[(2-PYRIDIN-2-YLETHYL)AMINO]-1,4-DIHYDROPYRAZIN-2-OL (DB07521)","0.8114","http://www.drugbank.ca/drugs/DB07521"
"322","Crc200 (Chiron-Behring) (DB03081)","0.8112","http://www.drugbank.ca/drugs/DB03081"
"323","N~6~-cyclohexyl-N~2~-(4-morpholin-4-ylphenyl)-9H-purine-2,6-diamine (DB07340)","0.8109","http://www.drugbank.ca/drugs/DB07340"
"324","Donepezil (DB00843)","0.8103","http://www.drugbank.ca/drugs/DB00843"
"325","1-BENZYL-4-[(5,6-DIMETHOXY-1-INDANON-2-YL)METHYL]PIPERIDINE (DB07701)","0.8103","http://www.drugbank.ca/drugs/DB07701"
"326","Methotrexate (DB00563)","0.8096","http://www.drugbank.ca/drugs/DB00563"
"327","CBZ-LEU-LEU-TYR-CH2F (DB04653)","0.8083","http://www.drugbank.ca/drugs/DB04653"
"328","(3-{3-[[2-Chloro-3-(Trifluoromethyl)Benzyl](2,2-Diphenylethyl)Amino]Propoxy}Phenyl)Acetic Acid (DB03791)","0.8082","http://www.drugbank.ca/drugs/DB03791"
"329","[4-(3-AMINOMETHYL-PHENYL)-PIPERIDIN-1-YL]-(5-PHENETHYL- PYRIDIN-3-YL)-METHANONE (DB04764)","0.8082","http://www.drugbank.ca/drugs/DB04764"
"330","N-[2-Hydroxy-2-(8-Isopropyl-6,9-Dioxo-2-Oxa-7,10-Diaza-Bicyclo[11.2.2]Heptadeca-1(16),13(17),14-Trien-11-Yl)-Ethyl]-N-(3-Methyl-Butyl)-Benzenesulfonamide,Inhibitor 3 (DB03768)","0.8081","http://www.drugbank.ca/drugs/DB03768"
"331","Eltrombopag (DB06210)","0.8075","http://www.drugbank.ca/drugs/DB06210"
"332","OXIMINOARYLSULFONAMIDE (DB04748)","0.8074","http://www.drugbank.ca/drugs/DB04748"
"333","6-[N-(1-Isopropyl-1,2,3,4-Tetrahydro-7-Isoquinolinyl)Carbamyl]-2-Naphthalenecarboxamidine (DB02705)","0.8072","http://www.drugbank.ca/drugs/DB02705"
"334","1-[N[(Phenylmethoxy)Carbonyl]-L-Leucyl-4-[[N/N-[(Phenylmethoxy)Carbonyl]-/Nl-Leucyl]Amino]-3-Pyrrolidinone/N (DB03405)","0.8069","http://www.drugbank.ca/drugs/DB03405"
"335","Dapagliflozin (DB06292)","0.8064","http://www.drugbank.ca/drugs/DB06292"
"336","Benzofuran-2-Carboxylic Acid {(S)-3-Methyl-1-[3-Oxo-1-(Pyridin-2-Ylsulfonyl)Azepan-4-Ylcarbamoyl]Butyl}Amide (DB03642)","0.8062","http://www.drugbank.ca/drugs/DB03642"
"337","Halofantrine (DB01218)","0.8053","http://www.drugbank.ca/drugs/DB01218"
"338","Loperamide (DB00836)","0.8052","http://www.drugbank.ca/drugs/DB00836"
"339","Indacaterol (DB05039)","0.8051","http://www.drugbank.ca/drugs/DB05039"
"340","(4ar,6s,8ar)-11-[8-(1,3-Dioxo-1,3-Dihydro-2h-Isoindol-2-Yl)Octyl]-6-Hydroxy-3-Methoxy-5,6,9,10-Tetrahydro-4ah-[1]Benzofuro[3a,3,2-Ef][2]Benzazepin-11-Ium (DB02673)","0.8048","http://www.drugbank.ca/drugs/DB02673"
"341","Ritonavir (DB00503)","0.8043","http://www.drugbank.ca/drugs/DB00503"
"342","1,5-Bis(N-Benzyloxycarbonyl-L-Leucinyl)Carbohydrazide (DB03891)","0.8040","http://www.drugbank.ca/drugs/DB03891"
"343","Doxapram (DB00561)","0.8023","http://www.drugbank.ca/drugs/DB00561"
"344","Trospium (DB00209)","0.8019","http://www.drugbank.ca/drugs/DB00209"
"345","Quinidine barbiturate (DB01346)","0.8013","http://www.drugbank.ca/drugs/DB01346"
"346","2-ETHOXYETHYL (2S,3S)-4-((S)-2-BENZYL-3-OXO-4-((3AR,8R,8AS)-2-OXO-3,3A,8,8A-TETRAHYDRO-2H-INDENO[1,2-D]OXAZOL-8-YL)-2,3-DIHYDRO-1H-PYRROL-2-YL)-3-HYDROXY-1-PHENYLBUTAN-2-YLCARBAMATE (DB04623)","0.8010","http://www.drugbank.ca/drugs/DB04623"
"347","Osanetant (DB04872)","0.8007","http://www.drugbank.ca/drugs/DB04872"
"348","Pitavastatin (DB08860)","0.8000","http://www.drugbank.ca/drugs/DB08860"
"349","Dihydroergotamine (DB00320)","0.7992","http://www.drugbank.ca/drugs/DB00320"
"350","(3-EXO)-3-(10,11-DIHYDRO-5H-DIBENZO[A,D][7]ANNULEN-5-YLOXY)-8,8-DIMETHYL-8-AZONIABICYCLO[3.2.1]OCTANE (DB07494)","0.7991","http://www.drugbank.ca/drugs/DB07494"
"351","Darifenacin (DB00496)","0.7977","http://www.drugbank.ca/drugs/DB00496"
"352","N-METHYLALANYL-3-METHYLVALYL-4-PHENOXY-N-(1,2,3,4-TETRAHYDRONAPHTHALEN-1-YL)PROLINAMIDE (DB04612)","0.7962","http://www.drugbank.ca/drugs/DB04612"
"353","2-(4-(AMINOMETHYL)PIPERIDIN-1-YL)-N-(3_CYCLOHEXYL-4-OXO-2,4-DIHYDROINDENO[1,2-C]PYRAZOL-5-YL)ACETAMIDE (DB07618)","0.7959","http://www.drugbank.ca/drugs/DB07618"
"354","Purvalanol (DB02733)","0.7952","http://www.drugbank.ca/drugs/DB02733"
"355","Canagliflozin (DB08907)","0.7938","http://www.drugbank.ca/drugs/DB08907"
"356","{(1s)-1-Benzyl-4-[3-Carbamoyl-1-(1-Carbamoyl-2-Phenyl-Ethylcarbamoyl)-(S)-Propylcarbamoyl]-2-Oxo-5-Phenyl-Pentyl}-Carbamic Acid Tert-Butyl Ester (DB04353)","0.7932","http://www.drugbank.ca/drugs/DB04353"
"357","methyl (1R,2S)-2-(hydroxycarbamoyl)-1-{4-[(2-methylquinolin-4-yl)methoxy]benzyl}cyclopropanecarboxylate (DB07147)","0.7923","http://www.drugbank.ca/drugs/DB07147"
"358","Ivacaftor (DB08820)","0.7911","http://www.drugbank.ca/drugs/DB08820"
"359","Ambenonium (DB01122)","0.7902","http://www.drugbank.ca/drugs/DB01122"
"360","Cerivastatin (DB00439)","0.7873","http://www.drugbank.ca/drugs/DB00439"
"361","SR 140333 (DB05790)","0.7873","http://www.drugbank.ca/drugs/DB05790"
"362","BNP 1350 (DB05806)","0.7872","http://www.drugbank.ca/drugs/DB05806"
"363","(2R,3R,4S,5R)-2-[6-amino-8-[(3,4-dichlorophenyl)methylamino]purin-9-yl]-5-(hydroxymethyl)oxolane-3,4-diol (DB07045)","0.7840","http://www.drugbank.ca/drugs/DB07045"
"364","Aprepitant (DB00673)","0.7838","http://www.drugbank.ca/drugs/DB00673"
"365","Gliquidone (DB01251)","0.7836","http://www.drugbank.ca/drugs/DB01251"
"366","N-butyl-3-{[6-(9H-purin-6-ylamino)hexanoyl]amino}benzamide (DB07801)","0.7834","http://www.drugbank.ca/drugs/DB07801"
"367","Tryptophanyl-5'amp (DB01831)","0.7832","http://www.drugbank.ca/drugs/DB01831"
"368","6-CARBAMIMIDOYL-2-[2-HYDROXY-5-(3-METHOXY-PHENYL)-INDAN-1-YL]-HEXANOIC ACID (DB06866)","0.7810","http://www.drugbank.ca/drugs/DB06866"
"369","Chymostatin (DB01683)","0.7794","http://www.drugbank.ca/drugs/DB01683"
"370","Alfentanil (DB00802)","0.7792","http://www.drugbank.ca/drugs/DB00802"
"371","Zanapezil (DB04859)","0.7786","http://www.drugbank.ca/drugs/DB04859"
"372","Raltegravir (DB06817)","0.7786","http://www.drugbank.ca/drugs/DB06817"
"373","Fosaprepitant (DB06717)","0.7783","http://www.drugbank.ca/drugs/DB06717"
"374","Cyclohexyl-{4-[5-(3,4-Dichlorophenyl)-2-Piperidin-4-Yl-3-Propyl-3h-Imidazol-4-Yl]-Pyrimidin-2-Yl}Amine (DB02388)","0.7774","http://www.drugbank.ca/drugs/DB02388"
"375","Mibefradil (DB01388)","0.7757","http://www.drugbank.ca/drugs/DB01388"
"376","3-({1-[3-CARBAMIMIDOYL-1-(4-CARBAMIMIDOYL-BENZYLCARBAMOYL)-PROPYLCARBAMOYL]-2-METHYL-BUTYLSULFAMOYL}-METHYL)-BENZOIC ACID (DB04593)","0.7751","http://www.drugbank.ca/drugs/DB04593"
"377","Paliperidone (DB01267)","0.7748","http://www.drugbank.ca/drugs/DB01267"
"378","Diphenoxylate (DB01081)","0.7747","http://www.drugbank.ca/drugs/DB01081"
"379","ONO-6818 (DB03925)","0.7717","http://www.drugbank.ca/drugs/DB03925"
"380","Alvimopan (DB06274)","0.7705","http://www.drugbank.ca/drugs/DB06274"
"381","N-[4-(1-BENZOYLPIPERIDIN-4-YL)BUTYL]-3-PYRIDIN-3-YLPROPANAMIDE (DB07656)","0.7702","http://www.drugbank.ca/drugs/DB07656"
"382","(11S)-8-CHLORO-11-[1-(METHYLSULFONYL)PIPERIDIN-4-YL]-6-PIPERAZIN-1-YL-11H-BENZO[5,6]CYCLOHEPTA[1,2-B]PYRIDINE (DB07216)","0.7689","http://www.drugbank.ca/drugs/DB07216"
"383","Benzylmorphine (DB01573)","0.7687","http://www.drugbank.ca/drugs/DB01573"
"384","Phosphoramidon (DB02557)","0.7679","http://www.drugbank.ca/drugs/DB02557"
"385","Cabergoline (DB00248)","0.7671","http://www.drugbank.ca/drugs/DB00248"
"386","(3s)-Tetrahydrofuran-3-Yl (1r,2s)-3-[4-((1r)-2-{[(S)-Amino(Hydroxy)Methyl]Oxy}-2,3-Dihydro-1h-Inden-1-Yl)-2-Benzyl-3-Oxopyrrolidin-2-Yl]-1-Benzyl-2-Hydroxypropylcarbamate (DB01824)","0.7659","http://www.drugbank.ca/drugs/DB01824"
"387","Saquinavir (DB01232)","0.7659","http://www.drugbank.ca/drugs/DB01232"
"388","4-[(3AS,4R,7R,8AS,8BR)-2-(1,3-BENZODIOXOL-5-YLMETHYL)-7-HYDROXY-1,3-DIOXODECAHYDROPYRROLO[3,4-A]PYRROLIZIN-4-YL]BENZENECARBOXIMIDAMIDE (DB08546)","0.7655","http://www.drugbank.ca/drugs/DB08546"
"389","Fexofenadine (DB00950)","0.7651","http://www.drugbank.ca/drugs/DB00950"
"390","(3ASR,4RS,8ASR,8BRS)-4-(2-(4-FLUOROBENZYL)-1,3-DIOXODEACAHYDROPYRROLO[3,4-A] PYRROLIZIN-4-YL)BENZAMIDINE (DB07796)","0.7639","http://www.drugbank.ca/drugs/DB07796"
"391","3-({2-[(4-{[6-(CYCLOHEXYLMETHOXY)-9H-PURIN-2-YL]AMINO}PHENYL)SULFONYL]ETHYL}AMINO)PROPAN-1-OL (DB08309)","0.7629","http://www.drugbank.ca/drugs/DB08309"
"392","LY249543 (DB04322)","0.7623","http://www.drugbank.ca/drugs/DB04322"
"393","4-[(10s,14s,18s)-18-(2-Amino-2-Oxoethyl)-14-(1-Naphthylmethyl)-8,17,20-Trioxo-7,16,19-Triazaspiro[5.14]Icos-11-En-10-Yl]Benzylphosphonic Acid (DB03276)","0.7622","http://www.drugbank.ca/drugs/DB03276"
"394","Difenoxin (DB01501)","0.7618","http://www.drugbank.ca/drugs/DB01501"
"395","Terfenadine (DB00342)","0.7607","http://www.drugbank.ca/drugs/DB00342"
"396","4-[5-(Trans-4-Aminocyclohexylamino)-3-Isopropylpyrazolo[1,5-a]Pyrimidin-7-Ylamino]-N,N-Dimethylbenzenesulfonamide (DB01888)","0.7597","http://www.drugbank.ca/drugs/DB01888"
"397","1,2-Hydro-1-Oxy-3,4-Hydro-3-(1-Methoxy-2-Oxy-3,4-Dihydroxypentyl)-8,9-Dihydroxy-7-(Sec-Butyl)-Anthracene (DB04240)","0.7568","http://www.drugbank.ca/drugs/DB04240"
"398","Ceftaroline fosamil (DB06590)","0.7544","http://www.drugbank.ca/drugs/DB06590"
"399","Nelfinavir (DB00220)","0.7476","http://www.drugbank.ca/drugs/DB00220"
"400","VRX496 (DB05251)","0.7476","http://www.drugbank.ca/drugs/DB05251"
"401","5,10-Dideazatetrahydrofolic Acid (DB03625)","0.7469","http://www.drugbank.ca/drugs/DB03625"
"402","4-(1R,3AS,4R,8AS,8BR)-[1-DIFLUOROMETHYL-2-(4-FLUOROBENZYL)-3-OXODECAHYDROPYRROLO[3,4-A]PYRROLIZIN-4-YL]BENZAMIDINE (DB07741)","0.7462","http://www.drugbank.ca/drugs/DB07741"
"403","(S)-TETRAHYDROFURAN-3-YL (2S,3S)-4-((S)-4-((1R,3R)-3-(2-AMINO-2-OXOETHYL)-2,3-DIHYDRO-1H-INDEN-1-YL)-2-BENZYL-3-OXO-2,3-DIHYDRO-1H-PYRROL-2-YL)-3-HYDROXY-1-PHENYLBUTAN-2-YLCARBAMATE (DB04708)","0.7449","http://www.drugbank.ca/drugs/DB04708"
"404","[2,4,6-Triisopropyl-Phenylsulfonyl-L-[3-Amidino-Phenylalanine]]-Piperazine-N'-Beta-Alanine (DB04172)","0.7420","http://www.drugbank.ca/drugs/DB04172"
"405","Tipranavir (DB00932)","0.7417","http://www.drugbank.ca/drugs/DB00932"
"406","N-(TERT-BUTYL)-3,5-DIMETHYL-N'-[(5-METHYL-2,3-DIHYDRO-1,4-BENZODIOXIN-6-YL)CARBONYL]BENZOHYDRAZIDE (DB07929)","0.7410","http://www.drugbank.ca/drugs/DB07929"
"407","Pralatrexate (DB06813)","0.7367","http://www.drugbank.ca/drugs/DB06813"
"408","N-{(1S,2R)-1-BENZYL-3-[(CYCLOPROPYLMETHYL)(2-FURYLSULFONYL)AMINO]-2-HYDROXYPROPYL}-N'-METHYLSUCCINAMIDE (DB08223)","0.7356","http://www.drugbank.ca/drugs/DB08223"
"409","SP2456 (DB03957)","0.7350","http://www.drugbank.ca/drugs/DB03957"
"410","N-[(5R,14R)-5-AMINO-5,14-DIMETHYL-4-OXO-3-OXA-18-AZATRICYCLO[15.3.1.1~7,11~]DOCOSA-1(21),7(22),8,10,17,19-HEXAEN-19-YL]-N-METHYLMETHANESULFONAMIDE (DB07019)","0.7319","http://www.drugbank.ca/drugs/DB07019"
"411","Gallamine Triethiodide (DB00483)","0.7313","http://www.drugbank.ca/drugs/DB00483"
"412","BMS184394 (DB03466)","0.7264","http://www.drugbank.ca/drugs/DB03466"
"413","SR11254 (DB02258)","0.7223","http://www.drugbank.ca/drugs/DB02258"
"414","BENZYL N-({(2S,3S)-3-[(PROPYLAMINO)CARBONYL]OXIRAN-2-YL}CARBONYL)-L-ISOLEUCYL-L-PROLINATE (DB07219)","0.7217","http://www.drugbank.ca/drugs/DB07219"
"415","5-METHYL-3-(9-OXO-1,8-DIAZA-TRICYCLO[10.6.1.013,18]NONADECA-12(19),13,15,17-TETRAEN-10-YLCARBAMOYL)-HEXANOIC ACID (DB08493)","0.7211","http://www.drugbank.ca/drugs/DB08493"
"416","CD564 (DB02741)","0.7202","http://www.drugbank.ca/drugs/DB02741"
"417","Cilazapril (DB01340)","0.7197","http://www.drugbank.ca/drugs/DB01340"
"418","N4-HYDROXY-2-ISOBUTYL-N1-(9-OXO-1,8-DIAZA-TRICYCLO[10.6.1.013,18]NONADECA-12(19),13,15,17-TETRAEN-10-YL)-SUCCINAMIDE (DB08489)","0.7119","http://www.drugbank.ca/drugs/DB08489"
"419","Glimepiride (DB00222)","0.7115","http://www.drugbank.ca/drugs/DB00222"
"420","Ticagrelor (DB08816)","0.7086","http://www.drugbank.ca/drugs/DB08816"
"421","N-[(1S)-2-{[(1R)-2-(benzyloxy)-1-cyano-1-methylethyl]amino}-1-(cyclohexylmethyl)-2-oxoethyl]morpholine-4-carboxamide (DB08755)","0.7052","http://www.drugbank.ca/drugs/DB08755"
"422","1-GUANIDINO-4-(N-NITRO-BENZOYLAMINO-L-LEUCYL-L-PROLYLAMINO)BUTANE (DB04771)","0.7042","http://www.drugbank.ca/drugs/DB04771"
"423","AC-(D)PHE-PRO-BOROHOMOLYS-OH (DB07659)","0.7038","http://www.drugbank.ca/drugs/DB07659"
"424","Adapalene (DB00210)","0.7023","http://www.drugbank.ca/drugs/DB00210"
"425","SLV 306 (DB05796)","0.7020","http://www.drugbank.ca/drugs/DB05796"
"426","1-[2-AMINO-2-CYCLOHEXYL-ACETYL]-PYRROLIDINE-3-CARBOXYLIC ACID 5-CHLORO-2-(2-ETHYLCARBAMOYL-ETHOXY)-BENZYLAMIDE (DB06869)","0.7003","http://www.drugbank.ca/drugs/DB06869"
"427","N-cyclopropyl-N-(trans-4-pyridin-3-ylcyclohexyl)-4-[(1S)-2,2,2-trifluoro-1-hydroxy-1-methylethyl]benzamide (DB07619)","0.6975","http://www.drugbank.ca/drugs/DB07619"
"428","4-Oxo-2-Phenylmethanesulfonyl-Octahydro-Pyrrolo[1,2-a]Pyrazine-6-Carboxylic Acid [1-(N-Hydroxycarbamimidoyl)-Piperidin-4-Ylmethyl]-Amide (DB02723)","0.6922","http://www.drugbank.ca/drugs/DB02723"
"429","N-[3-(Dimethylamino)Propyl]-2-({[4-({[4-(Formylamino)-1-Methyl-1h-Pyrrol-2-Yl]Carbonyl}Amino)-1-Methyl-1h-Pyrrol-2-Yl]Carbonyl}Amino)-5-Isopropyl-1,3-Thiazole-4-Carboxamide (DB02295)","0.6907","http://www.drugbank.ca/drugs/DB02295"
"430","2-[Trans-(4-Aminocyclohexyl)Amino]-6-(Benzyl-Amino)-9-Cyclopentylpurine (DB04288)","0.6865","http://www.drugbank.ca/drugs/DB04288"
"431","Ximelagatran (DB04898)","0.6862","http://www.drugbank.ca/drugs/DB04898"
"432","Apstatin (DB04092)","0.6828","http://www.drugbank.ca/drugs/DB04092"
"433","3-(4-Amino-2-Tert-Butyl-5-Methyl-Phenylsulfanyl)-6-Cyclopentyl-4-Hydroxy-6-[2-(4-Hydroxy-Phenyl)-Ethyl]-5,6-Dihydro-Pyran-2-One (DB04298)","0.6806","http://www.drugbank.ca/drugs/DB04298"
"434","Argatroban (DB00278)","0.6756","http://www.drugbank.ca/drugs/DB00278"
"435","Ceftazidime (DB00438)","0.6752","http://www.drugbank.ca/drugs/DB00438"
"436","Ramipril (DB00178)","0.6743","http://www.drugbank.ca/drugs/DB00178"
"437","N-cyclooctylglycyl-N-(4-carbamimidoylbenzyl)-L-prolinamide (DB06858)","0.6737","http://www.drugbank.ca/drugs/DB06858"
"438","Piperacillin (DB00319)","0.6712","http://www.drugbank.ca/drugs/DB00319"
"439","Trandolapril (DB00519)","0.6609","http://www.drugbank.ca/drugs/DB00519"
"440","Skf 107457 (DB04191)","0.6601","http://www.drugbank.ca/drugs/DB04191"
"441","Levocabastine (DB01106)","0.6508","http://www.drugbank.ca/drugs/DB01106"
"442","1-[3,3-Dimethyl-2-(2-Methylamino-Propionylamino)-Butyryl]-Pyrrolidine-2-Carboxylic Acid(1,2,3,4-Tetrahydro-Naphthalen-1-Yl)-Amide (DB02628)","0.6475","http://www.drugbank.ca/drugs/DB02628"
"443","[1-(4-Fluorobenzyl)Cyclobutyl]Methyl (1s)-1-[Oxo(1h-Pyrazol-5-Ylamino)Acetyl]Pentylcarbamate (DB01858)","0.6439","http://www.drugbank.ca/drugs/DB01858"
"444","AG7088 (DB05102)","0.6396","http://www.drugbank.ca/drugs/DB05102"
"445","Dipyridamole (DB00975)","0.6359","http://www.drugbank.ca/drugs/DB00975"
"446","(2S,4S,5R)-1-(4-TERT-BUTYLBENZOYL)-2-ISOBUTYL-5-(1,3-THIAZOL-2-YL)PYRROLIDINE-2,4-DICARBOXYLIC ACID (DB07199)","0.6352","http://www.drugbank.ca/drugs/DB07199"
"447","Rolitetracycline (DB01301)","0.6303","http://www.drugbank.ca/drugs/DB01301"
"448","4-{4-[2-(1A,7A-DIMETHYL-4-OXY-OCTAHYDRO-1-OXA-4-AZA-CYCLOPROPA[A]NAPHTHALEN-4-YL) -ACETYLAMINO]-PHENYLCARBAMOYL}-BUTYRIC ACID (DB07882)","0.6270","http://www.drugbank.ca/drugs/DB07882"
"449","Adamantane-1-Carboxylic Acid-5-Dimethylamino-Naphthalene-1-Sulfonylamino-Butyl-Amide (DB04032)","0.6253","http://www.drugbank.ca/drugs/DB04032"
"450","2-Acetyl-Protoporphyrin Ix (DB02949)","0.6184","http://www.drugbank.ca/drugs/DB02949"
"451","4-{2-(4-Fluoro-Benzyl)-6-Methyl-5-[(5-Methyl-Isoxazole-3-Carbonyl)-Amino]-4-Oxo-Heptanoylamino}-5-(2-Oxo-Pyrrolidin-3-Yl)-Pentanoic Acid Ethyl Ester (DB02313)","0.6174","http://www.drugbank.ca/drugs/DB02313"
"452","[Cyclohexylethyl]-[[[[4-[2-Methyl-1-Imidazolyl-Butyl]Phenyl]Acetyl]-Seryl]-Lysinyl]-Amine (DB02477)","0.6143","http://www.drugbank.ca/drugs/DB02477"
"453","[[CYCLOHEXANESULFONYL-GLYCYL]-3[PYRIDIN-4-YL-AMINOMETHYL]ALANYL]PIPERIDINE (DB07934)","0.6128","http://www.drugbank.ca/drugs/DB07934"
"454","Travoprost (DB00287)","0.6087","http://www.drugbank.ca/drugs/DB00287"
"455","Adamantane-1-Carboxylic Acid-5-Dimethylamino-Naphthalene-1-Sulfonylamino-Octyl-Amide (DB03031)","0.5958","http://www.drugbank.ca/drugs/DB03031"
"456","Probucol (DB01599)","0.5934","http://www.drugbank.ca/drugs/DB01599"
"457","Aliskiren (DB01258)","0.5880","http://www.drugbank.ca/drugs/DB01258"
"458","3-Aminomethyl-Pyridinium-Adenine-Dinucleotide (DB03797)","0.5844","http://www.drugbank.ca/drugs/DB03797"
"459","3-Acetylpyridine Adenine Dinucleotide (DB03363)","0.5809","http://www.drugbank.ca/drugs/DB03363"
"460","3-Acetyl Pyridine Adenine Dinucleotide (DB03969)","0.5809","http://www.drugbank.ca/drugs/DB03969"
"461","(4aS,4bR,10bS,12aS)-12a-methyl-1,3-dioxo-2-(pyridin-3-ylmethyl)-1,2,3,4,4a,4b,5,6,10b,11,12,12a-dodecahydronaphtho[2,1-f]isoquinolin-8-yl sulfamate (DB08418)","0.5791","http://www.drugbank.ca/drugs/DB08418"
"462","Maraviroc (DB04835)","0.5762","http://www.drugbank.ca/drugs/DB04835"
"463","Carba-Nicotinamide-Adenine-Dinucleotide (DB02498)","0.5760","http://www.drugbank.ca/drugs/DB02498"
"464","Mifepristone (DB00834)","0.5536","http://www.drugbank.ca/drugs/DB00834"
"465","CDB-2914 (DB05366)","0.5535","http://www.drugbank.ca/drugs/DB05366"
"466","2'-Deoxycytidine-2'-Deoxyadenosine-3',5'-Monophosphate (DB02573)","0.5477","http://www.drugbank.ca/drugs/DB02573"
"467","Lurasidone (DB08815)","0.5436","http://www.drugbank.ca/drugs/DB08815"
"468","deoxycytidylyl-3',5'-guanosine (DB03326)","0.5415","http://www.drugbank.ca/drugs/DB03326"
"469","Nalbuphine (DB00844)","0.5395","http://www.drugbank.ca/drugs/DB00844"
"470","Latanoprost (DB00654)","0.5355","http://www.drugbank.ca/drugs/DB00654"
"471","Remikiren (DB00212)","0.5309","http://www.drugbank.ca/drugs/DB00212"
"472","5'-S-[2-(decylamino)ethyl]-5'-thioadenosine (DB07413)","0.5290","http://www.drugbank.ca/drugs/DB07413"
"473","(2S,3S)-3-AMINO-4-[(3S)-3-FLUOROPYRROLIDIN-1-YL]-N,N-DIMETHYL-4-OXO-2-(TRANS-4-[1,2,4]TRIAZOLO[1,5-A]PYRIDIN-5-YLCYCLOHEXYL)BUTANAMIDE (DB07135)","0.5284","http://www.drugbank.ca/drugs/DB07135"
"474","(2S,3S)-3-AMINO-4-(3,3-DIFLUOROPYRROLIDIN-1-YL)-N,N-DIMETHYL-4-OXO-2-(TRANS-4-[1,2,4]TRIAZOLO[1,5-A]PYRIDIN-6-YLCYCLOHEXYL)BUTANAMIDE (DB07092)","0.5245","http://www.drugbank.ca/drugs/DB07092"
"475","Cytidyl-2'-5'-Phospho-Guanosine (DB03638)","0.5199","http://www.drugbank.ca/drugs/DB03638"
"476","Adefovir Dipivoxil (DB00718)","0.5179","http://www.drugbank.ca/drugs/DB00718"
"477","Uridylyl-2'-5'-Phospho-Adenosine (DB03447)","0.5174","http://www.drugbank.ca/drugs/DB03447"
"478","Vitamin E (DB00163)","0.5146","http://www.drugbank.ca/drugs/DB00163"
"479","Buspirone (DB00490)","0.5063","http://www.drugbank.ca/drugs/DB00490"
"480","BMS068645 (DB05009)","0.5034","http://www.drugbank.ca/drugs/DB05009"
"481","Treprostinil (DB00374)","0.5032","http://www.drugbank.ca/drugs/DB00374"
"482","Acetorphine (DB01469)","0.4879","http://www.drugbank.ca/drugs/DB01469"
"483","Iloprost (DB01088)","0.4875","http://www.drugbank.ca/drugs/DB01088"
"484","Estramustine (DB01196)","0.4864","http://www.drugbank.ca/drugs/DB01196"
"485","Etorphine (DB01497)","0.4729","http://www.drugbank.ca/drugs/DB01497"
"486","Cyprenorphine (DB01480)","0.4633","http://www.drugbank.ca/drugs/DB01480"
"487","Dihydroetorphine (DB01450)","0.4431","http://www.drugbank.ca/drugs/DB01450"
"488","PLATENSIMYCIN (DB08407)","0.4401","http://www.drugbank.ca/drugs/DB08407"
"489","Diprenorphine (DB01548)","0.4362","http://www.drugbank.ca/drugs/DB01548"
"490","3-({3-[(1S,4aS,6S,7S,9S,9aR)-1,6-dimethyl-2-oxodecahydro-6,9-epoxy-4a,7-methanobenzo[7]annulen-1-yl]propanoyl}amino)-2,4-dihydroxybenzoic acid (DB08366)","0.4153","http://www.drugbank.ca/drugs/DB08366"
"491","Quinestrol (DB04575)","0.4061","http://www.drugbank.ca/drugs/DB04575"
"492","3-CARBOXAMIDO-1,3,5(10)-ESTRATRIEN-17(R)-SPIRO-2'(5',5'-DIMETHYL-6'OXO)TETRAHYDROPYRAN (DB07700)","0.3873","http://www.drugbank.ca/drugs/DB07700"
"493","Nandrolone phenpropionate (DB00984)","0.3827","http://www.drugbank.ca/drugs/DB00984"
"494","Ixabepilone (DB04845)","0.3780","http://www.drugbank.ca/drugs/DB04845"
"495","Epothilone B (DB03010)","0.3693","http://www.drugbank.ca/drugs/DB03010"
"496","Epothilone D (DB01873)","0.3669","http://www.drugbank.ca/drugs/DB01873"
"497","(8alpha,10alpha,13alpha,17beta)-17-[(4-hydroxyphenyl)carbonyl]androsta-3,5-diene-3-carboxylic acid (DB08220)","0.3505","http://www.drugbank.ca/drugs/DB08220"
"498","(5S,8R,9S,10S,13R,14S,17S)-13-{2-[(3,5-DIFLUOROBENZYL)OXY]ETHYL}-17-HYDROXY-10-METHYLHEXADECAHYDRO-3H-CYCLOPENTA[A]PHENANTHREN-3-ONE (DB07717)","0.3379","http://www.drugbank.ca/drugs/DB07717"
"499","4-(3,12,14-Trihydroxy-10,13-Dimethyl-Hexadecahydro-Cyclopenta[a]Phenanthren-17-Yl)-5h-Furan-2-One (DB03671)","0.2659","http://www.drugbank.ca/drugs/DB03671"
"500","4-(3,14-Dihydroxy-10,13-Dimethyl-Hexadecahydro-Cyclopenta[a]Phenanthren-17-Yl)-5h-Furan-2-One (DB04177)","0.2597","http://www.drugbank.ca/drugs/DB04177"
