"","DrugBank Compound (Name, ID)","Similarity to ","Link"
"1","(3R,4S)-1-[(4-amino-5H-pyrrolo[3,2-d]pyrimidin-7-yl)methyl]-4-[(benzylsulfanyl)methyl]pyrrolidin-3-ol (DB07649)","0.9303","http://www.drugbank.ca/drugs/DB07649"
"2","4-(4-chlorobenzyl)-1-(7H-pyrrolo[2,3-d]pyrimidin-4-yl)piperidin-4-aminium (DB08150)","0.9266","http://www.drugbank.ca/drugs/DB08150"
"3","1-[4-(4-chlorophenyl)-1-(7H-pyrrolo[2,3-d]pyrimidin-4-yl)piperidin-4-yl]methanamine (DB08148)","0.9193","http://www.drugbank.ca/drugs/DB08148"
"4","Risperidone (DB00734)","0.9190","http://www.drugbank.ca/drugs/DB00734"
"5","N-cyclohexyl-4-imidazo[1,2-a]pyridin-3-yl-N-methylpyrimidin-2-amine (DB08023)","0.9171","http://www.drugbank.ca/drugs/DB08023"
"6","1-[4-(4-chlorobenzyl)-1-(7H-pyrrolo[2,3-d]pyrimidin-4-yl)piperidin-4-yl]methanamine (DB08149)","0.9143","http://www.drugbank.ca/drugs/DB08149"
"7","4-[(2-{4-[(CYCLOPROPYLCARBAMOYL)AMINO]-1H-PYRAZOL-3-YL}-1H-BENZIMIDAZOL-6-YL)METHYL]MORPHOLIN-4-IUM (DB08067)","0.9120","http://www.drugbank.ca/drugs/DB08067"
"8","Udenafil (DB06267)","0.9099","http://www.drugbank.ca/drugs/DB06267"
"9","N-((1R,2S)-2-(5-CHLORO-1H-INDOLE-2-CARBOXAMIDO)CYCLOHEXYL)-5-METHYL-4,5,6,7-TETRAHYDROTHIAZOLO[5,4-C]PYRIDINE-2-CARBOXAMIDE (DB07629)","0.9064","http://www.drugbank.ca/drugs/DB07629"
"10","N-((1R,2R)-2-(5-CHLORO-1H-INDOLE-2-CARBOXAMIDO)CYCLOHEXYL)-5-METHYL-4,5,6,7-TETRAHYDROTHIAZOLO[5,4-C]PYRIDINE-2-CARBOXAMIDE (DB07630)","0.9064","http://www.drugbank.ca/drugs/DB07630"
"11","2-{4-[2-(2-AMINO-4-OXO-4,7-DIHYDRO-3H-PYRROLO[2,3-D]PYRIMIDIN-5-YL)-ETHYL]-BENZOYLAMINO}-3-METHYL-BUTYRIC ACID (DB08131)","0.9017","http://www.drugbank.ca/drugs/DB08131"
"12","2-{4-[5-(4-chlorophenyl)-4-pyrimidin-4-yl-1H-pyrazol-3-yl]piperidin-1-yl}-2-oxoethanol (DB07943)","0.8999","http://www.drugbank.ca/drugs/DB07943"
"13","IMIDAZOPYRIDAZIN 1 (DB04715)","0.8957","http://www.drugbank.ca/drugs/DB04715"
"14","Pagoclone (DB04903)","0.8942","http://www.drugbank.ca/drugs/DB04903"
"15","Pemetrexed (DB00642)","0.8939","http://www.drugbank.ca/drugs/DB00642"
"16","METHYL 1-(4-{[(2,4-DIAMINOPTERIDIN-6-YL)METHYL]AMINO}BENZOYL)PIPERIDINE-4-CARBOXYLATE (DB07689)","0.8936","http://www.drugbank.ca/drugs/DB07689"
"17","Piboserod (DB04873)","0.8909","http://www.drugbank.ca/drugs/DB04873"
"18","N-butyl-3-{[6-(9H-purin-6-ylamino)hexanoyl]amino}benzamide (DB07801)","0.8904","http://www.drugbank.ca/drugs/DB07801"
"19","Trovafloxacin (DB00685)","0.8900","http://www.drugbank.ca/drugs/DB00685"
"20","3-({2-[(4-{[6-(CYCLOHEXYLMETHOXY)-9H-PURIN-2-YL]AMINO}PHENYL)SULFONYL]ETHYL}AMINO)PROPAN-1-OL (DB08309)","0.8898","http://www.drugbank.ca/drugs/DB08309"
"21","6-amino-2-[(2-morpholin-4-ylethyl)amino]-3,7-dihydro-8H-imidazo[4,5-g]quinazolin-8-one (DB07564)","0.8895","http://www.drugbank.ca/drugs/DB07564"
"22","LY341770 (DB03038)","0.8892","http://www.drugbank.ca/drugs/DB03038"
"23","N~6~-cyclohexyl-N~2~-(4-morpholin-4-ylphenyl)-9H-purine-2,6-diamine (DB07340)","0.8883","http://www.drugbank.ca/drugs/DB07340"
"24","2-ANILINO-6-CYCLOHEXYLMETHOXYPURINE (DB06948)","0.8862","http://www.drugbank.ca/drugs/DB06948"
"25","Domperidone (DB01184)","0.8851","http://www.drugbank.ca/drugs/DB01184"
"26","2-{4-[(4-imidazo[1,2-a]pyridin-3-ylpyrimidin-2-yl)amino]piperidin-1-yl}-N-methylacetamide (DB08026)","0.8845","http://www.drugbank.ca/drugs/DB08026"
"27","4-(6-CYCLOHEXYLMETHOXY-9H-PURIN-2-YLAMINO)--BENZAMIDE (DB08241)","0.8844","http://www.drugbank.ca/drugs/DB08241"
"28","4-{[4-(1-CYCLOPROPYL-2-METHYL-1H-IMIDAZOL-5-YL)PYRIMIDIN-2-YL]AMINO}-N-METHYLBENZENESULFONAMIDE (DB07791)","0.8844","http://www.drugbank.ca/drugs/DB07791"
"29","METHYL 1-(4-{[(2,4-DIAMINOPTERIDIN-6-YL)METHYL](METHYL)AMINO}BENZOYL)PIPERIDINE-4-CARBOXYLATE (DB07765)","0.8842","http://www.drugbank.ca/drugs/DB07765"
"30","4-{[5-chloro-4-(1H-indol-3-yl)pyrimidin-2-yl]amino}-N-ethylpiperidine-1-carboxamide (DB08005)","0.8834","http://www.drugbank.ca/drugs/DB08005"
"31","Purvalanol A (DB04751)","0.8832","http://www.drugbank.ca/drugs/DB04751"
"32","(3R,4R)-4-(pyrrolidin-1-ylcarbonyl)-1-(quinoxalin-2-ylcarbonyl)pyrrolidin-3-amine (DB07015)","0.8831","http://www.drugbank.ca/drugs/DB07015"
"33","6-CYCLOHEXYLMETHOXY-2-(3'-CHLOROANILINO) PURINE (DB07203)","0.8824","http://www.drugbank.ca/drugs/DB07203"
"34","Cilansetron (DB04885)","0.8820","http://www.drugbank.ca/drugs/DB04885"
"35","Pralatrexate (DB06813)","0.8810","http://www.drugbank.ca/drugs/DB06813"
"36","Pipazethate (DB08796)","0.8810","http://www.drugbank.ca/drugs/DB08796"
"37","O6-(R)-ROSCOVITINE, R-2-(6-BENZYLOXY-9-ISOPROPYL-9H-PURIN-2-YLAMINO)-BUTAN-1-OL (DB04770)","0.8806","http://www.drugbank.ca/drugs/DB04770"
"38","Sildenafil (DB00203)","0.8797","http://www.drugbank.ca/drugs/DB00203"
"39","6-CYCLOHEXYLMETHYLOXY-2-(4'-HYDROXYANILINO)PURINE (DB08233)","0.8796","http://www.drugbank.ca/drugs/DB08233"
"40","OPC-51803 (DB05838)","0.8792","http://www.drugbank.ca/drugs/DB05838"
"41","Purvalanol (DB02733)","0.8788","http://www.drugbank.ca/drugs/DB02733"
"42","THIENO[3,2-B]PYRIDINE-2-SULFONIC ACID [2-OXO-1-(1H-PYRROLO[2,3-C]PYRIDIN-2-YLMETHYL)-PYRROLIDIN-3-YL]-AMIDE (DB08426)","0.8783","http://www.drugbank.ca/drugs/DB08426"
"43","N6-METHYL-(R)-ROSCOVITINE, R-2-[6-(BENZYL-METHYL-AMINO)-9-ISOPROPYL-9H-PURIN-2-YLAMINO]-BUTAN-1-OL (DB04776)","0.8781","http://www.drugbank.ca/drugs/DB04776"
"44","Folic Acid (DB00158)","0.8780","http://www.drugbank.ca/drugs/DB00158"
"45","1-ethyl-N-(phenylmethyl)-4-(tetrahydro-2H-pyran-4-ylamino)-1H-pyrazolo[3,4-b]pyridine-5-carboxamide (DB06909)","0.8779","http://www.drugbank.ca/drugs/DB06909"
"46","CRA_11092 (DB03555)","0.8776","http://www.drugbank.ca/drugs/DB03555"
"47","OLOMOUCINE II (DB04662)","0.8771","http://www.drugbank.ca/drugs/DB04662"
"48","Linagliptin  (DB08882)","0.8767","http://www.drugbank.ca/drugs/DB08882"
"49","Aminopterin (DB08878)","0.8763","http://www.drugbank.ca/drugs/DB08878"
"50","O6-CYCLOHEXYLMETHOXY-2-(4'-SULPHAMOYLANILINO) PURINE (DB07126)","0.8753","http://www.drugbank.ca/drugs/DB07126"
"51","3-(6-CYCLOHEXYLMETHOXY-9H-PURIN-2-YLAMINO)-BENZENESULFONAMIDE (DB08248)","0.8753","http://www.drugbank.ca/drugs/DB08248"
"52","N-(4-{[(3S)-3-(dimethylamino)pyrrolidin-1-yl]carbonyl}phenyl)-5-fluoro-4-[2-methyl-1-(1-methylethyl)-1H-imidazol-5-yl]pyrimidin-2-amine (DB07936)","0.8745","http://www.drugbank.ca/drugs/DB07936"
"53","Avanafil (DB06237)","0.8740","http://www.drugbank.ca/drugs/DB06237"
"54","Vardenafil (DB00862)","0.8739","http://www.drugbank.ca/drugs/DB00862"
"55","Naratriptan (DB00952)","0.8739","http://www.drugbank.ca/drugs/DB00952"
"56","Methotrexate (DB00563)","0.8738","http://www.drugbank.ca/drugs/DB00563"
"57","3-(2-AMINO-6-BENZOYLQUINAZOLIN-3(4H)-YL)-N-CYCLOHEXYL-N-METHYLPROPANAMIDE (DB08749)","0.8731","http://www.drugbank.ca/drugs/DB08749"
"58","ONO-6818 (DB03925)","0.8723","http://www.drugbank.ca/drugs/DB03925"
"59","(13R,15S)-13-METHYL-16-OXA-8,9,12,22,24-PENTAAZAHEXACYCLO[15.6.2.16,9.1,12,15.0,2,7.0,21,25]HEPTACOSA-1(24),2,4,6,17(25),18,20-HEPTAENE-23,26-DIONE (DB06888)","0.8721","http://www.drugbank.ca/drugs/DB06888"
"60","Rabeprazole (DB01129)","0.8714","http://www.drugbank.ca/drugs/DB01129"
"61","5-{[1-(2-fluorobenzyl)piperidin-4-yl]methoxy}quinazoline-2,4-diamine (DB07642)","0.8709","http://www.drugbank.ca/drugs/DB07642"
"62","CRA_10655 (DB02526)","0.8704","http://www.drugbank.ca/drugs/DB02526"
"63","(2S)-2-({6-[(3-AMINO-5-CHLOROPHENYL)AMINO]-9-ISOPROPYL-9H-PURIN-2-YL}AMINO)-3-METHYLBUTAN-1-OL (DB07379)","0.8703","http://www.drugbank.ca/drugs/DB07379"
"64","(3R,4S)-1-[6-(6-METHOXYPYRIDIN-3-YL)PYRIMIDIN-4-YL]-4-(2,4,5-TRIFLUOROPHENYL)PYRROLIDIN-3-AMINE (DB08445)","0.8697","http://www.drugbank.ca/drugs/DB08445"
"65","[2-(1-Amino-2-Hydroxy-Propyl)-4-(4-Fluoro-1h-Indol-3-Ylmethyl)-5-Hydroxy-Imidazol-1-Yl]-Acetic Acid (DB01674)","0.8689","http://www.drugbank.ca/drugs/DB01674"
"66","4-[[(1E)-2-(4-CHLOROPHENYL)ETHENYL]SULFONYL]-1-[[1-(4-PYRIDINYL)-4-PIPERIDINYL]METHYL]PIPERAZINONE (DB08745)","0.8684","http://www.drugbank.ca/drugs/DB08745"
"67","Sertindole (DB06144)","0.8684","http://www.drugbank.ca/drugs/DB06144"
"68","Raltitrexed (DB00293)","0.8683","http://www.drugbank.ca/drugs/DB00293"
"69","[4-({4-[(5-CYCLOPROPYL-1H-PYRAZOL-3-YL)AMINO]QUINAZOLIN-2-YL}IMINO)CYCLOHEXA-2,5-DIEN-1-YL]ACETONITRILE (DB07853)","0.8683","http://www.drugbank.ca/drugs/DB07853"
"70","5-CHLORO-N-((1R,2S)-2-(4-(2-OXOPYRIDIN-1(2H)-YL)BENZAMIDO) CYCLOPENTYL)THIOPHENE-2-CARBOXAMIDE (DB08174)","0.8681","http://www.drugbank.ca/drugs/DB08174"
"71","7-amino-2-tert-butyl-4-(4-pyrimidin-2-ylpiperazin-1-yl)pyrido[2,3-d]pyrimidine-6-carboxamide (DB07043)","0.8675","http://www.drugbank.ca/drugs/DB07043"
"72","Topotecan (DB01030)","0.8652","http://www.drugbank.ca/drugs/DB01030"
"73","4-[5-(Trans-4-Aminocyclohexylamino)-3-Isopropylpyrazolo[1,5-a]Pyrimidin-7-Ylamino]-N,N-Dimethylbenzenesulfonamide (DB01888)","0.8651","http://www.drugbank.ca/drugs/DB01888"
"74","(2R)-2-{[4-(benzylamino)-8-(1-methylethyl)pyrazolo[1,5-a][1,3,5]triazin-2-yl]amino}butan-1-ol (DB08285)","0.8636","http://www.drugbank.ca/drugs/DB08285"
"75","5-{[1-(2,3-dichlorobenzyl)piperidin-4-yl]methoxy}quinazoline-2,4-diamine (DB07643)","0.8634","http://www.drugbank.ca/drugs/DB07643"
"76","N-(2-METHOXYETHYL)-4-({4-[2-METHYL-1-(1-METHYLETHYL)-1H-IMIDAZOL-5-YL]PYRIMIDIN-2-YL}AMINO)BENZENESULFONAMIDE (DB07790)","0.8634","http://www.drugbank.ca/drugs/DB07790"
"77","1-cyclobutyl-3-(3,4-dimethoxyphenyl)-1H-pyrazolo[3,4-d]pyrimidin-4-amine (DB08053)","0.8625","http://www.drugbank.ca/drugs/DB08053"
"78","Paliperidone (DB01267)","0.8616","http://www.drugbank.ca/drugs/DB01267"
"79","2-butoxy-9-(2,6-difluorobenzyl)-N-(2-morpholin-4-ylethyl)-9H-purin-6-amine (DB07937)","0.8612","http://www.drugbank.ca/drugs/DB07937"
"80","Zolpidem (DB00425)","0.8609","http://www.drugbank.ca/drugs/DB00425"
"81","7-amino-2-tert-butyl-4-{[2-(1H-imidazol-4-yl)ethyl]amino}pyrido[2,3-d]pyrimidine-6-carboxamide (DB07042)","0.8594","http://www.drugbank.ca/drugs/DB07042"
"82","2-{2-[(3,5-dimethylphenyl)amino]pyrimidin-4-yl}-N-[(1S)-2-hydroxy-1-methylethyl]-4-methyl-1,3-thiazole-5-carboxamide (DB07194)","0.8591","http://www.drugbank.ca/drugs/DB07194"
"83","[4-({4-[(5-cyclopropyl-1H-pyrazol-3-yl)amino]-6-(methylamino)pyrimidin-2-yl}amino)phenyl]acetonitrile (DB07168)","0.8564","http://www.drugbank.ca/drugs/DB07168"
"84","Pirenzepine (DB00670)","0.8562","http://www.drugbank.ca/drugs/DB00670"
"85","Vandetanib (DB05294)","0.8561","http://www.drugbank.ca/drugs/DB05294"
"86","2-{4-[4-({4-[2-methyl-1-(1-methylethyl)-1H-imidazol-5-yl]pyrimidin-2-yl}amino)phenyl]piperazin-1-yl}-2-oxoethanol (DB07982)","0.8558","http://www.drugbank.ca/drugs/DB07982"
"87","2-(CYCLOHEXYLMETHYLAMINO)-4-(PHENYLAMINO)PYRAZOLO[1,5-A][1,3,5]TRIAZINE-8-CARBONITRILE (DB08353)","0.8554","http://www.drugbank.ca/drugs/DB08353"
"88","CF-101 (DB05511)","0.8554","http://www.drugbank.ca/drugs/DB05511"
"89","6-(2,4-DIAMINO-6-ETHYLPYRIMIDIN-5-YL)-4-(3-METHOXYPROPYL)-2,2-DIMETHYL-2H-1,4-BENZOXAZIN-3(4H)-ONE (DB07174)","0.8546","http://www.drugbank.ca/drugs/DB07174"
"90","N-cyclohexyl-3-[3-(trifluoromethyl)phenyl][1,2,4]triazolo[4,3-b]pyridazin-6-amine (DB08708)","0.8539","http://www.drugbank.ca/drugs/DB08708"
"91","N-{2-[6-(2,4-DIAMINO-6-ETHYLPYRIMIDIN-5-YL)-2,2-DIMETHYL-3-OXO-2,3-DIHYDRO-4H-1,4-BENZOTHIAZIN-4-YL]ETHYL}ACETAMIDE (DB06899)","0.8536","http://www.drugbank.ca/drugs/DB06899"
"92","Quinine (DB00468)","0.8532","http://www.drugbank.ca/drugs/DB00468"
"93","Quinidine (DB00908)","0.8532","http://www.drugbank.ca/drugs/DB00908"
"94","Etonitazene (DB01462)","0.8517","http://www.drugbank.ca/drugs/DB01462"
"95","N-[2-(1,3-BENZODIOXOL-5-YL)ETHYL]-1-[2-(1H-IMIDAZOL-1-YL)-6-METHYLPYRIMIDIN-4-YL]-D-PROLINAMIDE (DB06916)","0.8514","http://www.drugbank.ca/drugs/DB06916"
"96","4-BROMO-2-FLUORO-N-[(4E)-6-METHOXY-7-[(1-METHYLPIPERIDIN-4-YL)METHOXY]QUINAZOLIN-4(1H)-YLIDENE]ANILINE (DB08764)","0.8513","http://www.drugbank.ca/drugs/DB08764"
"97","N-{2-[6-(2,4-DIAMINO-6-ETHYLPYRIMIDIN-5-YL)-2,2-DIMETHYL-3-OXO-2,3-DIHYDRO-4H-1,4-BENZOXAZIN-4-YL]ETHYL}ACETAMIDE (DB07059)","0.8505","http://www.drugbank.ca/drugs/DB07059"
"98","Cinchocaine (DB00527)","0.8499","http://www.drugbank.ca/drugs/DB00527"
"99","Riboflavin (DB00140)","0.8495","http://www.drugbank.ca/drugs/DB00140"
"100","2-{[(1R,2S)-2-aminocyclohexyl]amino}-4-[(3-methylphenyl)amino]pyrimidine-5-carboxamide (DB08361)","0.8493","http://www.drugbank.ca/drugs/DB08361"
"101","1-(3-HYDROXYPROPYL)-2-[(3-NITROBENZOYL)AMINO]-1H-BENZIMIDAZOL-5-YL PIVALATE (DB08590)","0.8486","http://www.drugbank.ca/drugs/DB08590"
"102","N-{2'-[(4-FLUOROPHENYL)AMINO]-4,4'-BIPYRIDIN-2-YL}-4-METHOXYCYCLOHEXANECARBOXAMIDE (DB08025)","0.8485","http://www.drugbank.ca/drugs/DB08025"
"103","CRA_16847 (DB02063)","0.8484","http://www.drugbank.ca/drugs/DB02063"
"104","1-Allyl-3-Butyl-8-(N-Acetyl-4-Aminobenzyl)-Xanthine (DB03267)","0.8483","http://www.drugbank.ca/drugs/DB03267"
"105","9-Butyl-8-(2,5-Dimethoxy-Benzyl)-9h-Purin-6-Ylamine (DB02359)","0.8480","http://www.drugbank.ca/drugs/DB02359"
"106","4-METHYL-5-{(2E)-2-[(4-MORPHOLIN-4-YLPHENYL)IMINO]-2,5-DIHYDROPYRIMIDIN-4-YL}-1,3-THIAZOL-2-AMINE (DB08219)","0.8474","http://www.drugbank.ca/drugs/DB08219"
"107","(5E,7S)-2-amino-7-(4-fluoro-2-pyridin-3-ylphenyl)-4-methyl-7,8-dihydroquinazolin-5(6H)-one oxime (DB08197)","0.8468","http://www.drugbank.ca/drugs/DB08197"
"108","Dapiprazole (DB00298)","0.8464","http://www.drugbank.ca/drugs/DB00298"
"109","2-({2-[(3R)-3-AMINOPIPERIDIN-1-YL]-4-OXOQUINAZOLIN-3(4H)-YL}METHYL)BENZONITRILE (DB08588)","0.8461","http://www.drugbank.ca/drugs/DB08588"
"110","Pipotiazine (DB01621)","0.8456","http://www.drugbank.ca/drugs/DB01621"
"111","4-{[5-(CYCLOHEXYLAMINO)[1,2,4]TRIAZOLO[1,5-A]PYRIMIDIN-7-YL]AMINO}BENZENESULFONAMIDE (DB07686)","0.8455","http://www.drugbank.ca/drugs/DB07686"
"112","6-(4-{(1S,2S)-2-AMINO-1-[(DIMETHYLAMINO)CARBONYL]-3-[(3S)-3-FLUOROPYRROLIDIN-1-YL]-3-OXOPROPYL}PHENYL)-1H-[1,2,4]TRIAZOLO[1,5-A]PYRIDIN-4-IUM (DB08504)","0.8452","http://www.drugbank.ca/drugs/DB08504"
"113","1-((1R)-1-(HYDROXYMETHYL)-3-{6-[(3-PHENYLPROPANOYL)AMINO]-1H-INDOL-1-YL}PROPYL)-1H-IMIDAZOLE-4-CARBOXAMIDE (DB07783)","0.8444","http://www.drugbank.ca/drugs/DB07783"
"114","N-[(Furan-2-Yl)Carbonyl]-(S)-Leucyl-(R)-[1-Amino-2(1h-Indol-3-Yl)Ethyl]-Phosphonic Acid (DB02046)","0.8442","http://www.drugbank.ca/drugs/DB02046"
"115","8-BENZO[1,3]DIOXOL-,5-YLMETHYL-9-BUTYL-9H- (DB08436)","0.8442","http://www.drugbank.ca/drugs/DB08436"
"116","Mesoridazine (DB00933)","0.8435","http://www.drugbank.ca/drugs/DB00933"
"117","Clonitazene (DB01523)","0.8435","http://www.drugbank.ca/drugs/DB01523"
"118","9-Butyl-8-(2,5-Dimethoxy-Benzyl)-2-Fluoro-9h-Purin-6-Ylamine (DB04054)","0.8435","http://www.drugbank.ca/drugs/DB04054"
"119","Mequitazine (DB01071)","0.8427","http://www.drugbank.ca/drugs/DB01071"
"120","4-{[5-(CYCLOHEXYLOXY)[1,2,4]TRIAZOLO[1,5-A]PYRIMIDIN-7-YL]AMINO}BENZENESULFONAMIDE (DB07688)","0.8425","http://www.drugbank.ca/drugs/DB07688"
"121","Thioridazine (DB00679)","0.8421","http://www.drugbank.ca/drugs/DB00679"
"122","8-(2,5-Dimethoxy-Benzyl)-2-Fluoro-9-Pent-9h-Purin-6-Ylamine (DB03137)","0.8418","http://www.drugbank.ca/drugs/DB03137"
"123","(3S)-1-(1,3-BENZODIOXOL-5-YLMETHYL)-3-[4-(1H-IMIDAZOL-1-YL)PHENOXY]PIPERIDINE (DB07011)","0.8417","http://www.drugbank.ca/drugs/DB07011"
"124","5-Chloro-thiophene-2-carboxylic acid ((3S,4S)-1-{[2-fluoro-4-(2-oxo-2H-pyridin-1-yl)-phenylcarbamoyl]-methyl}-4-hydroxy-pyrrolidin-3-yl)-amide (DB07875)","0.8413","http://www.drugbank.ca/drugs/DB07875"
"125","Almotriptan (DB00918)","0.8407","http://www.drugbank.ca/drugs/DB00918"
"126","Furo[2,3d]Pyrimidine Antifolate (DB02026)","0.8400","http://www.drugbank.ca/drugs/DB02026"
"127","8-Benzo[1,3]Dioxol-,5-Ylmethyl-9-Butyl-2-Fluoro-9h-Purin-6-Ylamine (DB04254)","0.8397","http://www.drugbank.ca/drugs/DB04254"
"128","Rosiglitazone (DB00412)","0.8394","http://www.drugbank.ca/drugs/DB00412"
"129","3-[(1R)-1-(2,6-dichloro-3-fluorophenyl)ethoxy]-5-(1-piperidin-4-yl-1H-pyrazol-4-yl)pyridin-2-amine (DB08700)","0.8392","http://www.drugbank.ca/drugs/DB08700"
"130","Propericiazine (DB01608)","0.8391","http://www.drugbank.ca/drugs/DB01608"
"131","Eletriptan (DB00216)","0.8388","http://www.drugbank.ca/drugs/DB00216"
"132","4-({5-[(4-AMINOCYCLOHEXYL)AMINO][1,2,4]TRIAZOLO[1,5-A]PYRIMIDIN-7-YL}AMINO)BENZENESULFONAMIDE (DB07687)","0.8388","http://www.drugbank.ca/drugs/DB07687"
"133","4-{2-[4-(2-Aminoethyl)Piperazin-1-Yl]Pyridin-4-Yl}-N-(3-Chloro-4-Methylphenyl)Pyrimidin-2-Amine (DB03916)","0.8387","http://www.drugbank.ca/drugs/DB03916"
"134","5-[4-(DIMETHYLAMINO)PHENYL]-6-[(6-MORPHOLIN-4-YLPYRIDIN-3-YL)ETHYNYL]PYRIMIDIN-4-AMINE (DB07280)","0.8378","http://www.drugbank.ca/drugs/DB07280"
"135","(4aS)-5-[(2,4-diaminopteridin-6-yl)methyl]-4a,5-dihydro-2H-dibenzo[b,f]azepin-8-ol (DB08448)","0.8378","http://www.drugbank.ca/drugs/DB08448"
"136","Bortezomib (DB00188)","0.8374","http://www.drugbank.ca/drugs/DB00188"
"137","N-[(1R)-1-(DIHYDROXYBORYL)-3-METHYLBUTYL]-N-(PYRAZIN-2-YLCARBONYL)-L-PHENYLALANINAMIDE (DB07475)","0.8374","http://www.drugbank.ca/drugs/DB07475"
"138","Ergonovine (DB01253)","0.8373","http://www.drugbank.ca/drugs/DB01253"
"139","6-ETHYL-5-[(2S)-1-(3-METHOXYPROPYL)-2-PHENYL-1,2,3,4-TETRAHYDROQUINOLIN-7-YL]PYRIMIDINE-2,4-DIAMINE (DB08099)","0.8371","http://www.drugbank.ca/drugs/DB08099"
"140","5-chloro-N-[(3R)-1-(2-{[2-fluoro-4-(2-oxopyridin-1(2H)-yl)phenyl]amino}-2-oxoethyl)pyrrolidin-3-yl]thiophene-2-carboxamide (DB07872)","0.8370","http://www.drugbank.ca/drugs/DB07872"
"141","N-(3-TERT-BUTYL-1H-PYRAZOL-5-YL)-N'-{4-CHLORO-3-[(PYRIDIN-3-YLOXY)METHYL]PHENYL}UREA (DB08064)","0.8364","http://www.drugbank.ca/drugs/DB08064"
"142","4-{[4-AMINO-6-(CYCLOHEXYLMETHOXY)-5-NITROSOPYRIMIDIN-2-YL]AMINO}BENZAMIDE (DB08572)","0.8361","http://www.drugbank.ca/drugs/DB08572"
"143","Methylergometrine (DB00353)","0.8358","http://www.drugbank.ca/drugs/DB00353"
"144","5-Chloro-1h-Indole-2-Carboxylic Acid [1-(4-Fluorobenzyl)-2-(4-Hydroxypiperidin-1yl)-2-Oxoethyl]Amide (DB03383)","0.8348","http://www.drugbank.ca/drugs/DB03383"
"145","Delavirdine (DB00705)","0.8347","http://www.drugbank.ca/drugs/DB00705"
"146","4-{[5-(CYCLOHEXYLMETHOXY)[1,2,4]TRIAZOLO[1,5-A]PYRIMIDIN-7-YL]AMINO}BENZENESULFONAMIDE (DB07685)","0.8346","http://www.drugbank.ca/drugs/DB07685"
"147","PYRIMIDINE-4,6-DICARBOXYLIC ACID BIS-[(PYRIDIN-3-YLMETHYL)-AMIDE] (DB04761)","0.8344","http://www.drugbank.ca/drugs/DB04761"
"148","1-(CYCLOHEXYLAMINO)-3-(6-METHYL-3,4-DIHYDRO-1H-CARBAZOL-9(2H)-YL)PROPAN-2-OL (DB07061)","0.8339","http://www.drugbank.ca/drugs/DB07061"
"149","CRA_10656 (DB04470)","0.8335","http://www.drugbank.ca/drugs/DB04470"
"150","5-CHLORO-THIOPHENE-2-CARBOXYLIC ACID ((3S,4S)-4-FLUORO- 1-{[2-FLUORO-4-(2-OXO-2H-PYRIDIN-1-YL)-PHENYLCARBAMOYL]-METHYL}-PYRROLIDIN-3-YL)-AMIDE (DB08143)","0.8333","http://www.drugbank.ca/drugs/DB08143"
"151","2-({8-[(3R)-3-AMINOPIPERIDIN-1-YL]-1,3-DIMETHYL-2,6-DIOXO-1,2,3,6-TETRAHYDRO-7H-PURIN-7-YL}METHYL)BENZONITRILE (DB08743)","0.8324","http://www.drugbank.ca/drugs/DB08743"
"152","CRA_10972 (DB02989)","0.8307","http://www.drugbank.ca/drugs/DB02989"
"153","CRA_10950 (DB03494)","0.8307","http://www.drugbank.ca/drugs/DB03494"
"154","6-FLUORO-2-(2-HYDROXY-3-ISOBUTOXY-PHENYL)-1H-BENZOIMIDAZOLE-5-CARBOXAMIDINE (DB06855)","0.8307","http://www.drugbank.ca/drugs/DB06855"
"155","(2R)-N-HYDROXY-2-[(3S)-3-METHYL-3-{4-[(2-METHYLQUINOLIN-4-YL)METHOXY]PHENYL}-2-OXOPYRROLIDIN-1-YL]PROPANAMIDE (DB07145)","0.8304","http://www.drugbank.ca/drugs/DB07145"
"156","2-(6-CHLORO-3-{[2,2-DIFLUORO-2-(2-PYRIDINYL)ETHYL]AMINO}-2-OXO-1(2H)-PYRAZINYL)-N-[(2-FLUORO-6-PYRIDINYL)METHYL]ACETAMIDE (DB07548)","0.8303","http://www.drugbank.ca/drugs/DB07548"
"157","Fenethylline (DB01482)","0.8301","http://www.drugbank.ca/drugs/DB01482"
"158","2-(4-(2-((3-(5-(PYRIDIN-2-YLTHIO)THIAZOL-2-YL)UREIDO)METHYL)-1H-IMIDAZOL-4-YL)PHENOXY)ACETIC ACID (DB08657)","0.8301","http://www.drugbank.ca/drugs/DB08657"
"159","3-(6-Aminopyridin-3-Yl)-N-Methyl-N-[(1-Methyl-1h-Indol-2-Yl)Methyl]Acrylamide (DB01865)","0.8298","http://www.drugbank.ca/drugs/DB01865"
"160","Cysteine-Methylene-Carbamoyl-1,10-Phenanthroline (DB04437)","0.8294","http://www.drugbank.ca/drugs/DB04437"
"161","N-cyclopropyl-4-methyl-3-{2-[(2-morpholin-4-ylethyl)amino]quinazolin-6-yl}benzamide (DB08351)","0.8292","http://www.drugbank.ca/drugs/DB08351"
"162","[5-AMINO-1-(4-FLUOROPHENYL)-1H-PYRAZOL-4-YL][3-(PIPERIDIN-4-YLOXY)PHENYL]METHANONE (DB08423)","0.8288","http://www.drugbank.ca/drugs/DB08423"
"163","Afatinib (DB08916)","0.8284","http://www.drugbank.ca/drugs/DB08916"
"164","4-({4-[(4-methoxypyridin-2-yl)amino]piperidin-1-yl}carbonyl)benzonitrile (DB07002)","0.8284","http://www.drugbank.ca/drugs/DB07002"
"165","CI-1033 (DB05424)","0.8283","http://www.drugbank.ca/drugs/DB05424"
"166","Omeprazole (DB00338)","0.8276","http://www.drugbank.ca/drugs/DB00338"
"167","Esomeprazole (DB00736)","0.8276","http://www.drugbank.ca/drugs/DB00736"
"168","pradefovir mesylate (DB05478)","0.8276","http://www.drugbank.ca/drugs/DB05478"
"169","(2R,3R)-7-(methylsulfonyl)-3-(2,4,5-trifluorophenyl)-1,2,3,4-tetrahydropyrido[1,2-a]benzimidazol-2-amine (DB07193)","0.8272","http://www.drugbank.ca/drugs/DB07193"
"170","Pioglitazone (DB01132)","0.8271","http://www.drugbank.ca/drugs/DB01132"
"171","S-{3-[(4-ANILINOQUINAZOLIN-6-YL)AMINO]-3-OXOPROPYL}-L-CYSTEINE (DB07602)","0.8267","http://www.drugbank.ca/drugs/DB07602"
"172","Trazodone (DB00656)","0.8266","http://www.drugbank.ca/drugs/DB00656"
"173","Alogliptin  (DB06203)","0.8265","http://www.drugbank.ca/drugs/DB06203"
"174","Disopyramide (DB00280)","0.8265","http://www.drugbank.ca/drugs/DB00280"
"175","(3R,4R)-1-{6-[3-(METHYLSULFONYL)PHENYL]PYRIMIDIN-4-YL}-4-(2,4,5-TRIFLUOROPHENYL)PIPERIDIN-3-AMINE (DB08164)","0.8255","http://www.drugbank.ca/drugs/DB08164"
"176","2,4-Diamino-6-[N-(3',5'-Dimethoxybenzyl)-N-Methylamino]Pyrido[2,3-D]Pyrimidine (DB03987)","0.8254","http://www.drugbank.ca/drugs/DB03987"
"177","TC-5619 (DB06090)","0.8254","http://www.drugbank.ca/drugs/DB06090"
"178","N6-(2,5-Dimethoxy-Benzyl)-N6-Methyl-Pyrido[2,3-D]Pyrimidine-2,4,6-Triamine (DB02583)","0.8251","http://www.drugbank.ca/drugs/DB02583"
"179","N-(1-ISOPROPYLPIPERIDIN-4-YL)-1-(3-METHOXYBENZYL)-1H-INDOLE-2-CARBOXAMIDE (DB07973)","0.8249","http://www.drugbank.ca/drugs/DB07973"
"180","5-(3,5-DICHLOROPHENYL)THIO-4-ISOPROPYL-1-(PYRIDIN-4-YL-METHYL)-1H-IMIDAZOL-2-YL-METHYL CARBAMATE (DB08502)","0.8245","http://www.drugbank.ca/drugs/DB08502"
"181","2-(6-CHLORO-3-{[2,2-DIFLUORO-2-(2-PYRIDINYL)ETHYL]AMINO}-2-OXO-1(2H)-PYRAZINYL)-N-[(2-FLUORO-3-METHYL-6-PYRIDINYL)METHYL]ACETAMIDE (DB07549)","0.8238","http://www.drugbank.ca/drugs/DB07549"
"182","N-[5-(1,1-DIOXIDOISOTHIAZOLIDIN-2-YL)-1H-INDAZOL-3-YL]-2-(4-PIPERIDIN-1-YLPHENYL)ACETAMIDE (DB07220)","0.8234","http://www.drugbank.ca/drugs/DB07220"
"183","Glipizide (DB01067)","0.8225","http://www.drugbank.ca/drugs/DB01067"
"184","Dextromoramide (DB01529)","0.8222","http://www.drugbank.ca/drugs/DB01529"
"185","N-[(1S)-2-AMINO-1-(2,4-DICHLOROBENZYL)ETHYL]-5-[2-(METHYLAMINO)PYRIMIDIN-4-YL]THIOPHENE-2-CARBOXAMIDE (DB07235)","0.8222","http://www.drugbank.ca/drugs/DB07235"
"186","1-{2-[(4-CHLOROPHENYL)AMINO]-2-OXOETHYL}-N-(1-ISOPROPYLPIPERIDIN-4-YL)-1H-INDOLE-2-CARBOXAMIDE (DB07974)","0.8217","http://www.drugbank.ca/drugs/DB07974"
"187","Lysergic Acid Diethylamide (DB04829)","0.8214","http://www.drugbank.ca/drugs/DB04829"
"188","FR236913 (DB02830)","0.8212","http://www.drugbank.ca/drugs/DB02830"
"189","Propiomazine (DB00777)","0.8206","http://www.drugbank.ca/drugs/DB00777"
"190","(2R,3R,4S,5R)-2-[6-amino-8-[(3,4-dichlorophenyl)methylamino]purin-9-yl]-5-(hydroxymethyl)oxolane-3,4-diol (DB07045)","0.8198","http://www.drugbank.ca/drugs/DB07045"
"191","Gefitinib (DB00317)","0.8196","http://www.drugbank.ca/drugs/DB00317"
"192","THIENO[3,2-B]PYRIDINE-2-SULFONIC ACID [1-(1-AMINO-ISOQUINOLIN-7-YLMETHYL)-2-OXO-PYRROLDIN-3-YL]-AMIDE (DB07261)","0.8189","http://www.drugbank.ca/drugs/DB07261"
"193","6-(2,5-Dimethoxy-Benzyl)-5-Methyl-Pyrido[2,3-D]Pyrimidine-2,4-Diamine (DB03695)","0.8189","http://www.drugbank.ca/drugs/DB03695"
"194","Quinacrine (DB01103)","0.8188","http://www.drugbank.ca/drugs/DB01103"
"195","N'-(6-aminopyridin-3-yl)-N-(2-cyclopentylethyl)-4-methyl-benzene-1,3-dicarboxamide (DB07537)","0.8171","http://www.drugbank.ca/drugs/DB07537"
"196","Cp403700, (S)-1-{2-[(5-Chloro-1h-Indole-2-Carbonyl)-Amino]-3-Phenyl-Propionyl}-Azetidine-3-Carboxylate (DB03744)","0.8167","http://www.drugbank.ca/drugs/DB03744"
"197","2-(6-CHLORO-3-{[2,2-DIFLUORO-2-(1-OXIDO-2-PYRIDINYL)ETHYL]AMINO}-2-OXO-1(2H)-PYRAZINYL)-N-[(2-FLUOROPHENYL)METHYL]ACETAMIDE (DB07550)","0.8167","http://www.drugbank.ca/drugs/DB07550"
"198","(4R)-N-[4-({[2-(DIMETHYLAMINO)ETHYL]AMINO}CARBONYL)-1,3-THIAZOL-2-YL]-4-METHYL-1-OXO-2,3,4,9-TETRAHYDRO-1H-BETA-CARBOLINE-6-CARBOXAMIDE (DB07406)","0.8166","http://www.drugbank.ca/drugs/DB07406"
"199","8-(6-BROMO-BENZO[1,3]DIOXOL-5-YLSULFANYL)-9-(3-ISOPROPYLAMINO-PROPYL)-ADENINE (DB07877)","0.8161","http://www.drugbank.ca/drugs/DB07877"
"200","4-(4-METHYLPIPERAZIN-1-YL)-N-[5-(2-THIENYLACETYL)-1,5-DIHYDROPYRROLO[3,4-C]PYRAZOL-3-YL]BENZAMIDE (DB07186)","0.8158","http://www.drugbank.ca/drugs/DB07186"
"201","MACITENTAN (DB08932)","0.8155","http://www.drugbank.ca/drugs/DB08932"
"202","1-[(2S)-4-(5-phenyl-1H-pyrazolo[3,4-b]pyridin-4-yl)morpholin-2-yl]methanamine (DB08774)","0.8151","http://www.drugbank.ca/drugs/DB08774"
"203","2-amino-4-[2,4-dichloro-5-(2-pyrrolidin-1-ylethoxy)phenyl]-N-ethylthieno[2,3-d]pyrimidine-6-carboxamide (DB06969)","0.8149","http://www.drugbank.ca/drugs/DB06969"
"204","1-[2-(3-ACETYL-2-HYDROXY-6-METHOXY-PHENYL)-CYCLOPROPYL]-3-(5-CYANO-PYRIDIN-2-YL)-THIOUREA (DB08212)","0.8149","http://www.drugbank.ca/drugs/DB08212"
"205","N-ETHYL-N-ISOPROPYL-3-METHYL-5-{[(2S)-2-(PYRIDIN-4-YLAMINO)PROPYL]OXY}BENZAMIDE (DB07279)","0.8148","http://www.drugbank.ca/drugs/DB07279"
"206","4-(2-{[4-{[3-(4-Chlorophenyl)Propyl]Sulfanyl}-6-(1-Piperazinyl)-1,3,5-Triazin-2-Yl]Amino}Ethyl)Phenol (DB04020)","0.8145","http://www.drugbank.ca/drugs/DB04020"
"207","Bopindolol (DB08807)","0.8138","http://www.drugbank.ca/drugs/DB08807"
"208","[PHENYLALANINYL-PROLINYL]-[2-(PYRIDIN-4-YLAMINO)-ETHYL]-AMINE (DB08422)","0.8136","http://www.drugbank.ca/drugs/DB08422"
"209","Lisuride (DB00589)","0.8122","http://www.drugbank.ca/drugs/DB00589"
"210","6-FLUORO-2-[2-HYDROXY-3-(2-METHYL-CYCLOHEXYLOXY)-PHENYL]-1H-INDOLE-5-CARBOXAMIDINE (DB06856)","0.8116","http://www.drugbank.ca/drugs/DB06856"
"211","Acetophenazine (DB01063)","0.8111","http://www.drugbank.ca/drugs/DB01063"
"212","9-Butyl-8-(3,4,5-Trimethoxybenzyl)-9h-Purin-6-Amine (DB02754)","0.8110","http://www.drugbank.ca/drugs/DB02754"
"213","3-(2-CHLOROPHENYL)-1-(2-{[(1S)-2-HYDROXY-1,2-DIMETHYLPROPYL]AMINO}PYRIMIDIN-4-YL)-1-(4-METHOXYPHENYL)UREA (DB08095)","0.8106","http://www.drugbank.ca/drugs/DB08095"
"214","2-fluoro-6-{[2-({2-methoxy-4-[(methylsulfonyl)methyl]phenyl}amino)-7H-pyrrolo[2,3-d]pyrimidin-4-yl]amino}benzamide (DB07845)","0.8103","http://www.drugbank.ca/drugs/DB07845"
"215","Rivaroxaban (DB06228)","0.8101","http://www.drugbank.ca/drugs/DB06228"
"216","5-chloro-N-({(5S)-2-oxo-3-[4-(3-oxomorpholin-4-yl)phenyl]-1,3-oxazolidin-5-yl}methyl)thiophene-2-carboxamide (DB08477)","0.8101","http://www.drugbank.ca/drugs/DB08477"
"217","1-[1-(3-aminophenyl)-3-tert-butyl-1H-pyrazol-5-yl]-3-phenylurea (DB06883)","0.8101","http://www.drugbank.ca/drugs/DB06883"
"218","Moricizine (DB00680)","0.8099","http://www.drugbank.ca/drugs/DB00680"
"219","2-({4-[(5-CHLORO-1H-INDOL-2-YL)SULFONYL]PIPERAZIN-1-YL}CARBONYL)THIENO[3,2-B]PYRIDINE 4-OXIDE (DB07605)","0.8095","http://www.drugbank.ca/drugs/DB07605"
"220","[4-(3-AMINOMETHYL-PHENYL)-PIPERIDIN-1-YL]-(5-PHENETHYL- PYRIDIN-3-YL)-METHANONE (DB04764)","0.8093","http://www.drugbank.ca/drugs/DB04764"
"221","Temafloxacin (DB01405)","0.8090","http://www.drugbank.ca/drugs/DB01405"
"222","N-[(3z)-5-Tert-Butyl-2-Phenyl-1,2-Dihydro-3h-Pyrazol-3-Ylidene]-N'-(4-Chlorophenyl)Urea (DB01807)","0.8087","http://www.drugbank.ca/drugs/DB01807"
"223","N'-(Pyrrolidino[2,1-B]Isoindolin-4-On-8-Yl)-N-(Pyridin-2-Yl)Urea (DB04186)","0.8086","http://www.drugbank.ca/drugs/DB04186"
"224","Bepridil (DB01244)","0.8085","http://www.drugbank.ca/drugs/DB01244"
"225","5-[4-Tert-Butylphenylsulfanyl]-2,4-Quinazolinediamine (DB01958)","0.8079","http://www.drugbank.ca/drugs/DB01958"
"226","(3R,4S)-1-{6-[3-(METHYLSULFONYL)PHENYL]PYRIMIDIN-4-YL}-4-(2,4,5-TRIFLUOROPHENYL)PYRROLIDIN-3-AMINE (DB07666)","0.8078","http://www.drugbank.ca/drugs/DB07666"
"227","methyl (1R,2S)-2-(hydroxycarbamoyl)-1-{4-[(2-methylquinolin-4-yl)methoxy]benzyl}cyclopropanecarboxylate (DB07147)","0.8071","http://www.drugbank.ca/drugs/DB07147"
"228","Prasugrel (DB06209)","0.8066","http://www.drugbank.ca/drugs/DB06209"
"229","N-{(1s)-4-[Bis(2-Chloroethyl)Amino]-1-Methylbutyl}-N-(6-Chloro-2-Methoxy-9-Acridinyl)Amine (DB02240)","0.8064","http://www.drugbank.ca/drugs/DB02240"
"230","9-Butyl-8-(2-Chloro-3,4,5-Trimethoxy-Benzyl)-9h-Purin-6-Ylamine (DB03504)","0.8064","http://www.drugbank.ca/drugs/DB03504"
"231","(2S)-1-{[5-(1H-INDAZOL-5-YL)PYRIDIN-3-YL]OXY}-3-[(7AS)-7AH-INDOL-3-YL]PROPAN-2-AMINE (DB06977)","0.8063","http://www.drugbank.ca/drugs/DB06977"
"232","8-(2-Chloro-3,4,5-Trimethoxy-Benzyl)-9-Pent-4-Ylnyl-9h-Purin-6-Ylamine (DB04505)","0.8054","http://www.drugbank.ca/drugs/DB04505"
"233","Vilazodone (DB06684)","0.8053","http://www.drugbank.ca/drugs/DB06684"
"234","Sri-9662 (DB03060)","0.8033","http://www.drugbank.ca/drugs/DB03060"
"235","Prazosin (DB00457)","0.8030","http://www.drugbank.ca/drugs/DB00457"
"236","Aceprometazine (DB01615)","0.8030","http://www.drugbank.ca/drugs/DB01615"
"237","Allyl-{6-[3-(4-Bromo-Phenyl)-1-Methyl-1h-Indazol-6-Yl]Oxy}Hexyl)-N-Methylamine (DB03888)","0.8023","http://www.drugbank.ca/drugs/DB03888"
"238","N-{3-[(4-{[3-(TRIFLUOROMETHYL)PHENYL]AMINO}PYRIMIDIN-2-YL)AMINO]PHENYL}CYCLOPROPANECARBOXAMIDE (DB07545)","0.8023","http://www.drugbank.ca/drugs/DB07545"
"239","2,4-Diamino-5-Methyl-6-[(3,4,5-Trimethoxy-N-Methylanilino)Methyl]Pyrido[2,3-D]Pyrimidine (DB02104)","0.8021","http://www.drugbank.ca/drugs/DB02104"
"240","(S)-2-CHLORO-N-(1-(2-(2-HYDROXYETHYLAMINO)-2-OXOETHYL)-2-OXO-1,2,3,4-TETRAHYDROQUINOLIN-3-YL)-6H-THIENO[2,3-B]PYRROLE-5-CARBOXAMIDE (DB07792)","0.8019","http://www.drugbank.ca/drugs/DB07792"
"241","Tazarotene (DB00799)","0.8018","http://www.drugbank.ca/drugs/DB00799"
"242","8-(2-Chloro-3,4,5-Trimethoxy-Benzyl)-2-Fluoro-9-Pent-4-Ylnyl-9h-Purin-6-Ylamine (DB02550)","0.8017","http://www.drugbank.ca/drugs/DB02550"
"243","Alizapride (DB01425)","0.8011","http://www.drugbank.ca/drugs/DB01425"
"244","2-[1-(4-CHLOROBENZOYL)-5-METHOXY-2-METHYL-1H-INDOL-3-YL]-N-[(1R)-1-(HYDROXYMETHYL)PROPYL]ACETAMIDE (DB07981)","0.8010","http://www.drugbank.ca/drugs/DB07981"
"245","2-[1-(4-CHLOROBENZOYL)-5-METHOXY-2-METHYL-1H-INDOL-3-YL]-N-[(1S)-1-(HYDROXYMETHYL)PROPYL]ACETAMIDE (DB07984)","0.8010","http://www.drugbank.ca/drugs/DB07984"
"246","1-(5-{2-[(1-methyl-1H-pyrazolo[4,3-d]pyrimidin-7-yl)amino]ethyl}-1,3-thiazol-2-yl)-3-[3-(trifluoromethyl)phenyl]urea (DB07362)","0.8007","http://www.drugbank.ca/drugs/DB07362"
"247","Thiethylperazine (DB00372)","0.8006","http://www.drugbank.ca/drugs/DB00372"
"248","Loratadine (DB00455)","0.8002","http://www.drugbank.ca/drugs/DB00455"
"249","Irbesartan (DB01029)","0.7996","http://www.drugbank.ca/drugs/DB01029"
"250","RPR131247 (DB02744)","0.7993","http://www.drugbank.ca/drugs/DB02744"
"251","Azelastine (DB00972)","0.7991","http://www.drugbank.ca/drugs/DB00972"
"252","3-[1-(3-Aminopropyl)-1h-Indol-3-Yl]-4-(1-Methyl-1h-Indol-3-Yl)-1h-Pyrrole-2,5-Dione (DB01946)","0.7991","http://www.drugbank.ca/drugs/DB01946"
"253","2,4-Diamino-6-[N-(3',4',5'-Trimethoxybenzyl)-N-Methylamino]Pyrido[2,3-D]Pyrimidine (DB02919)","0.7987","http://www.drugbank.ca/drugs/DB02919"
"254","4-(BENZHYDRYLOXY)-1-[3-(1H-TETRAAZOL-5-YL)PROPYL]PIPERIDINE (DB07917)","0.7986","http://www.drugbank.ca/drugs/DB07917"
"255","1-(2-CYCLOPROPYLETHYL)-3-(1,1-DIOXIDO-2H-1,2,4-BENZOTHIADIAZIN-3-YL)-6-FLUORO-4-HYDROXYQUINOLIN-2(1H)-ONE (DB08278)","0.7984","http://www.drugbank.ca/drugs/DB08278"
"256","N-[2-(1h-Indol-5-Yl)-Butyl]-4-Sulfamoyl-Benzamide (DB03596)","0.7984","http://www.drugbank.ca/drugs/DB03596"
"257","Flibanserin (DB04908)","0.7983","http://www.drugbank.ca/drugs/DB04908"
"258","Acepromazine (DB01614)","0.7971","http://www.drugbank.ca/drugs/DB01614"
"259","5-(4-Morpholin-4-Yl-Phenylsulfanyl)-2,4-Quinazolinediamine (DB02001)","0.7970","http://www.drugbank.ca/drugs/DB02001"
"260","Lobeline (DB05137)","0.7966","http://www.drugbank.ca/drugs/DB05137"
"261","Ziprasidone (DB00246)","0.7963","http://www.drugbank.ca/drugs/DB00246"
"262","Encainide (DB01228)","0.7963","http://www.drugbank.ca/drugs/DB01228"
"263","Anileridine (DB00913)","0.7961","http://www.drugbank.ca/drugs/DB00913"
"264","Rimonabant (DB06155)","0.7947","http://www.drugbank.ca/drugs/DB06155"
"265","[4-(6-Chloro-Naphthalene-2-Sulfonyl)-Piperazin-1-Yl]-(3,4,5,6-Tetrahydro-2h-[1,4']Bipyridinyl-4-Yl)-Methanone (DB01836)","0.7941","http://www.drugbank.ca/drugs/DB01836"
"266","CRA_10433 (DB03173)","0.7939","http://www.drugbank.ca/drugs/DB03173"
"267","Raltegravir (DB06817)","0.7937","http://www.drugbank.ca/drugs/DB06817"
"268","Perphenazine (DB00850)","0.7936","http://www.drugbank.ca/drugs/DB00850"
"269","Tadalafil (DB00820)","0.7933","http://www.drugbank.ca/drugs/DB00820"
"270","1-(2-Phenylethyl)-4-phenyl-4-acetoxypiperidine (DB01562)","0.7924","http://www.drugbank.ca/drugs/DB01562"
"271","Valsartan (DB00177)","0.7923","http://www.drugbank.ca/drugs/DB00177"
"272","CRA_10991 (DB01771)","0.7922","http://www.drugbank.ca/drugs/DB01771"
"273","Oxyphencyclimine (DB00383)","0.7918","http://www.drugbank.ca/drugs/DB00383"
"274","(2Z,3E)-2,3'-BIINDOLE-2',3(1H,1'H)-DIONE 3-{O-[(3R)-3,4-DIHYDROXYBUTYL]OXIME} (DB07766)","0.7916","http://www.drugbank.ca/drugs/DB07766"
"275","7-BENZYL-1,3-DIMETHYL-8-PIPERAZIN-1-YL-3,7-DIHYDRO-PURINE-2,6-DIONE (DB08530)","0.7911","http://www.drugbank.ca/drugs/DB08530"
"276","4-(1-Benzyl-3-Carbamoylmethyl-2-Methyl-1h-Indol-5-Yloxy)-Butyric Acid (DB02936)","0.7905","http://www.drugbank.ca/drugs/DB02936"
"277","Quetiapine (DB01224)","0.7905","http://www.drugbank.ca/drugs/DB01224"
"278","N-{3-[4-hydroxy-1-(3-methylbutyl)-2-oxo-1,2-dihydropyrrolo[1,2-b]pyridazin-3-yl]-1,1-dioxido-2H-1,2,4-benzothiadiazin-7-yl}methanesulfonamide (DB07062)","0.7901","http://www.drugbank.ca/drugs/DB07062"
"279","Ivacaftor (DB08820)","0.7897","http://www.drugbank.ca/drugs/DB08820"
"280","Indacaterol (DB05039)","0.7897","http://www.drugbank.ca/drugs/DB05039"
"281","(2E)-N-{4-[(3-bromophenyl)amino]quinazolin-6-yl}-4-(dimethylamino)but-2-enamide (DB08564)","0.7893","http://www.drugbank.ca/drugs/DB08564"
"282","Prochlorperazine (DB00433)","0.7881","http://www.drugbank.ca/drugs/DB00433"
"283","3-(1,1-dioxido-4H-1,2,4-benzothiadiazin-3-yl)-4-hydroxy-1-(3-methylbutyl)quinolin-2(1H)-one (DB07275)","0.7875","http://www.drugbank.ca/drugs/DB07275"
"284","1-[1'-(3-phenylacryloyl)spiro[1-benzofuran-3,4'-piperidin]-5-yl]methanamine (DB06849)","0.7874","http://www.drugbank.ca/drugs/DB06849"
"285","1-(thiophen-2-ylacetyl)-4-(3-thiophen-2-yl-1,2,4-oxadiazol-5-yl)piperidine (DB08471)","0.7871","http://www.drugbank.ca/drugs/DB08471"
"286","(6S)-1-chloro-3-[(4-fluorobenzyl)oxy]-6-(pyrrolidin-1-ylcarbonyl)pyrrolo[1,2-a]pyrazin-4(6H)-one (DB07148)","0.7871","http://www.drugbank.ca/drugs/DB07148"
"287","3-[3-(2,3-Dihydroxy-Propylamino)-Phenyl]-4-(5-Fluoro-1-Methyl-1h-Indol-3-Yl)-Pyrrole-2,5-Dione (DB01772)","0.7871","http://www.drugbank.ca/drugs/DB01772"
"288","Eprosartan (DB00876)","0.7871","http://www.drugbank.ca/drugs/DB00876"
"289","Pazopanib (DB06589)","0.7869","http://www.drugbank.ca/drugs/DB06589"
"290","N-ethyl-4-{[5-(methoxycarbamoyl)-2-methylphenyl]amino}-5-methylpyrrolo[2,1-f][1,2,4]triazine-6-carboxamide (DB06940)","0.7863","http://www.drugbank.ca/drugs/DB06940"
"291","Pleconaril (DB05105)","0.7858","http://www.drugbank.ca/drugs/DB05105"
"292","1-(6-CYANO-3-PYRIDYLCARBONYL)-5',8'-DIFLUOROSPIRO[PIPERIDINE-4,2'(1'H)-QUINAZOLINE]-4'-AMINE (DB07405)","0.7858","http://www.drugbank.ca/drugs/DB07405"
"293","Azimilide (DB04957)","0.7855","http://www.drugbank.ca/drugs/DB04957"
"294","2-[4-(2H-1,4-BENZOTHIAZINE-3-YL)-PIPERAZINE-1-LY]-1,3-THIAZOLE-4-CARBOXYLIC ACID ETHYLESTER (DB08540)","0.7848","http://www.drugbank.ca/drugs/DB08540"
"295","2-(4-ETHYLPIPERAZIN-1-YL)-4-(PHENYLAMINO)PYRAZOLO[1,5-A][1,3,5]TRIAZINE-8-CARBONITRILE (DB08360)","0.7847","http://www.drugbank.ca/drugs/DB08360"
"296","Doxazosin (DB00590)","0.7835","http://www.drugbank.ca/drugs/DB00590"
"297","2,6-DIMETHYL-1-(3-[3-METHYL-5-ISOXAZOLYL]-PROPANYL)-4-[2N-METHYL-2H-TETRAZOL-5-YL]-PHENOL (DB08713)","0.7834","http://www.drugbank.ca/drugs/DB08713"
"298","4-[(7-OXO-7H-THIAZOLO[5,4-E]INDOL-8-YLMETHYL)-AMINO]-N-PYRIDIN-2-YL-BENZENESULFONAMIDE (DB06844)","0.7833","http://www.drugbank.ca/drugs/DB06844"
"299","1-{5-[2-(thieno[3,2-d]pyrimidin-4-ylamino)ethyl]-1,3-thiazol-2-yl}-3-[3-(trifluoromethyl)phenyl]urea (DB07360)","0.7833","http://www.drugbank.ca/drugs/DB07360"
"300","Dasatinib (DB01254)","0.7816","http://www.drugbank.ca/drugs/DB01254"
"301","3-[3-(4-methylpiperazin-1-yl)-7-(trifluoromethyl)quinoxalin-5-yl]phenol (DB07969)","0.7814","http://www.drugbank.ca/drugs/DB07969"
"302","5-[[(2R)-2-cyclopropyl-7,8-dimethoxy-2H-chromen-5-yl]methyl]pyrimidine-2,4-diamine (DB08741)","0.7812","http://www.drugbank.ca/drugs/DB08741"
"303","6-[3-(4-Morpholinyl)Propyl]-2-(3-Nitrophenyl)-5-Thioxo-5,6,-Dihydro-7h-Thienol[2',3':4,5]Pyrrolo[1,2-C]Imidazol-7-One (DB03507)","0.7811","http://www.drugbank.ca/drugs/DB03507"
"304","(2S)-1-{4-[(4-ANILINO-5-BROMOPYRIMIDIN-2-YL)AMINO]PHENOXY}-3-(DIMETHYLAMINO)PROPAN-2-OL (DB07501)","0.7811","http://www.drugbank.ca/drugs/DB07501"
"305","(2R)-1-{4-[(4-ANILINO-5-BROMOPYRIMIDIN-2-YL)AMINO]PHENOXY}-3-(DIMETHYLAMINO)PROPAN-2-OL (DB07504)","0.7811","http://www.drugbank.ca/drugs/DB07504"
"306","Mirabegron  (DB08893)","0.7804","http://www.drugbank.ca/drugs/DB08893"
"307","FR233623 (DB03220)","0.7794","http://www.drugbank.ca/drugs/DB03220"
"308","N-(3-Phenyl-2-Sulfanylpropanoyl)Phenylalanylalanine (DB02558)","0.7789","http://www.drugbank.ca/drugs/DB02558"
"309","Nefazodone (DB01149)","0.7785","http://www.drugbank.ca/drugs/DB01149"
"310","Trifluoperazine (DB00831)","0.7784","http://www.drugbank.ca/drugs/DB00831"
"311","Beta-hydroxyfentanyl (DB01453)","0.7782","http://www.drugbank.ca/drugs/DB01453"
"312","Glisoxepide (DB01289)","0.7777","http://www.drugbank.ca/drugs/DB01289"
"313","5-ETHYL-3-[(2-METHOXYETHYL)METHYLAMINO]-6-METHYL-4-(3-METHYLBENZYL)PYRIDIN-2(1H)-ONE (DB07018)","0.7777","http://www.drugbank.ca/drugs/DB07018"
"314","[4-({5-(AMINOCARBONYL)-4-[(3-METHYLPHENYL)AMINO]PYRIMIDIN-2-YL}AMINO)PHENYL]ACETIC ACID (DB08513)","0.7772","http://www.drugbank.ca/drugs/DB08513"
"315","Thioproperazine (DB01622)","0.7772","http://www.drugbank.ca/drugs/DB01622"
"316","3-FLUORO-N-1H-INDOL-5-YL-5-MORPHOLIN-4-YLBENZAMIDE (DB08092)","0.7771","http://www.drugbank.ca/drugs/DB08092"
"317","2,4-Diamino-6-[N-(2',5'-Dimethoxybenzyl)-N-Methylamino]Quinazoline (DB02427)","0.7769","http://www.drugbank.ca/drugs/DB02427"
"318","Acetyl-alpha-methylfentanyl (DB01532)","0.7766","http://www.drugbank.ca/drugs/DB01532"
"319","N-(5-CHLORO-BENZO[B]THIOPHEN-3-YLMETHYL)-2-[6-CHLORO-OXO-3-(2-PYRIDIN-2-YL-ETHYLAMINO)-2H-PYRAZIN-1-YL]-ACETAMIDE (DB07165)","0.7762","http://www.drugbank.ca/drugs/DB07165"
"320","Erlotinib (DB00530)","0.7760","http://www.drugbank.ca/drugs/DB00530"
"321","N-(6-{[3-(4-Bromophenyl)-1,2-Benzisothiazol-6-Yl]Oxy}Hexyl)-N-Methylprop-2-En-1-Amine (DB02544)","0.7758","http://www.drugbank.ca/drugs/DB02544"
"322","(4R,2S)-5'-(4-(4-CHLOROBENZYLOXY)PYRROLIDIN-2-YLMETHANESULFONYL)ISOQUINOLINE (DB07583)","0.7754","http://www.drugbank.ca/drugs/DB07583"
"323","(R)-N-(3-Indol-1-Yl-2-Methyl-Propyl)-4-Sulfamoyl-Benzamide (DB02479)","0.7751","http://www.drugbank.ca/drugs/DB02479"
"324","(S)-N-(3-Indol-1-Yl-2-Methyl-Propyl)-4-Sulfamoyl-Benzamide (DB03950)","0.7751","http://www.drugbank.ca/drugs/DB03950"
"325","Fentanyl (DB00813)","0.7751","http://www.drugbank.ca/drugs/DB00813"
"326","1-(1'-{[3-(methylsulfanyl)-2-benzothiophen-1-yl]carbonyl}spiro[1-benzofuran-3,4'-piperidin]-5-yl)methanamine (DB06848)","0.7751","http://www.drugbank.ca/drugs/DB06848"
"327","RWJ-51084 (DB03251)","0.7741","http://www.drugbank.ca/drugs/DB03251"
"328","(2R)-1-[4-({4-[(2,5-DICHLOROPHENYL)AMINO]PYRIMIDIN-2-YL}AMINO)PHENOXY]-3-(DIMETHYLAMINO)PROPAN-2-OL (DB07750)","0.7740","http://www.drugbank.ca/drugs/DB07750"
"329","(2S)-1-[4-({4-[(2,5-DICHLOROPHENYL)AMINO]PYRIMIDIN-2-YL}AMINO)PHENOXY]-3-(DIMETHYLAMINO)PROPAN-2-OL (DB07755)","0.7740","http://www.drugbank.ca/drugs/DB07755"
"330","{4-[2,2-BIS(5-METHYL-1,2,4-OXADIAZOL-3-YL)-3-PHENYLPROPYL]PHENYL}SULFAMIC ACID (DB07127)","0.7739","http://www.drugbank.ca/drugs/DB07127"
"331","Fluvastatin (DB01095)","0.7724","http://www.drugbank.ca/drugs/DB01095"
"332","5-(4-PHENOXYPHENYL)-5-(4-PYRIMIDIN-2-YLPIPERAZIN-1-YL)PYRIMIDINE-2,4,6(2H,3H)-TRIONE (DB07117)","0.7721","http://www.drugbank.ca/drugs/DB07117"
"333","Aminacrine (DB02842)","0.7720","http://www.drugbank.ca/drugs/DB02842"
"334","Mepenzolate (DB04843)","0.7720","http://www.drugbank.ca/drugs/DB04843"
"335","[3-(1-Benzyl-3-Carbamoylmethyl-2-Methyl-1h-Indol-5-Yloxy)-Propyl-]-Phosphonic Acid (DB02504)","0.7710","http://www.drugbank.ca/drugs/DB02504"
"336","6-({5-fluoro-2-[(3,4,5-trimethoxyphenyl)amino]pyrimidin-4-yl}amino)-2,2-dimethyl-2H-pyrido[3,2-b][1,4]oxazin-3(4H)-one (DB07159)","0.7707","http://www.drugbank.ca/drugs/DB07159"
"337","D-phenylalanyl-N-benzyl-L-prolinamide (DB07143)","0.7707","http://www.drugbank.ca/drugs/DB07143"
"338","4-[(1S)-1-(3-fluoro-4-methoxyphenyl)-2-(2-methoxy-5-nitrophenyl)ethyl]-1H-imidazol-2-amine (DB07415)","0.7706","http://www.drugbank.ca/drugs/DB07415"
"339","1-(5-CHLORO-2-METHOXYPHENYL)-3-{6-[2-(DIMETHYLAMINO)-1-METHYLETHOXY]PYRAZIN-2-YL}UREA (DB07228)","0.7703","http://www.drugbank.ca/drugs/DB07228"
"340","2-({5-CHLORO-2-[(2-METHOXY-4-MORPHOLIN-4-YLPHENYL)AMINO]PYRIMIDIN-4-YL}AMINO)-N-METHYLBENZAMIDE (DB07460)","0.7701","http://www.drugbank.ca/drugs/DB07460"
"341","3-[(Acetyl-Methyl-Amino)-Methyl]-4-Amino-N-Methyl-N-(1-Methyl-1h-Indol-2-Ylmethyl)-Benzamide (DB03534)","0.7700","http://www.drugbank.ca/drugs/DB03534"
"342","N-(4-carbamimidoylbenzyl)-1-(3-phenylpropanoyl)-L-prolinamide (DB06942)","0.7690","http://www.drugbank.ca/drugs/DB06942"
"343","(2S)-1-[4-({6-[(2,6-DIFLUOROPHENYL)AMINO]PYRIMIDIN-4-YL}AMINO)PHENOXY]-3-(DIMETHYLAMINO)PROPAN-2-OL (DB07751)","0.7690","http://www.drugbank.ca/drugs/DB07751"
"344","(2R)-1-[4-({6-[(2,6-DIFLUOROPHENYL)AMINO]PYRIMIDIN-4-YL}AMINO)PHENOXY]-3-(DIMETHYLAMINO)PROPAN-2-OL (DB07761)","0.7690","http://www.drugbank.ca/drugs/DB07761"
"345","1-(5-OXO-2,3,5,9B-TETRAHYDRO-1H-PYRROLO[2,1-A]ISOINDOL-9-YL)-3-(5-PYRROLIDIN-2-YL-1H-PYRAZOL-3-YL)-UREA (DB06976)","0.7689","http://www.drugbank.ca/drugs/DB06976"
"346","D-phenylalanyl-N-(3-chlorobenzyl)-L-prolinamide (DB06919)","0.7684","http://www.drugbank.ca/drugs/DB06919"
"347","D-phenylalanyl-N-(3-fluorobenzyl)-L-prolinamide (DB07027)","0.7684","http://www.drugbank.ca/drugs/DB07027"
"348","(1S,6R)-3-{[3-(TRIFLUOROMETHYL)-5,6-DIHYDRO[1,2,4]TRIAZOLO[4,3-A]PYRAZIN-7(8H)-YL]CARBONYL}-6-(2,4,5-TRIFLUOROPHENYL)CYCLOHEX-3-EN-1-AMINE (DB08044)","0.7681","http://www.drugbank.ca/drugs/DB08044"
"349","Amodiaquine (DB00613)","0.7677","http://www.drugbank.ca/drugs/DB00613"
"350","D-phenylalanyl-N-(3-methylbenzyl)-L-prolinamide (DB07133)","0.7666","http://www.drugbank.ca/drugs/DB07133"
"351","1-{(1R,2S)-2-HYDROXY-1-[2-(2-NAPHTHYLOXY)ETHYL]PROPYL}-1H-IMIDAZONE-4-CARBOXAMIDE (DB07785)","0.7661","http://www.drugbank.ca/drugs/DB07785"
"352","N~4~-methyl-N~4~-(3-methyl-1H-indazol-6-yl)-N~2~-(3,4,5-trimethoxyphenyl)pyrimidine-2,4-diamine (DB08042)","0.7660","http://www.drugbank.ca/drugs/DB08042"
"353","N-[2-methyl-5-(methylcarbamoyl)phenyl]-2-{[(1R)-1-methylpropyl]amino}-1,3-thiazole-5-carboxamide (DB06991)","0.7659","http://www.drugbank.ca/drugs/DB06991"
"354","N~4~-(3-methyl-1H-indazol-6-yl)-N~2~-(3,4,5-trimethoxyphenyl)pyrimidine-2,4-diamine (DB08519)","0.7658","http://www.drugbank.ca/drugs/DB08519"
"355","(S)-2-[(R)-3-amino-4-(2-fluorophenyl)butyryl]-1,2,3,4-tetrahydroisoquinoline-3-carboxamide (DB04578)","0.7647","http://www.drugbank.ca/drugs/DB04578"
"356","1-(3-(2,4-DIMETHYLTHIAZOL-5-YL)-4-OXO-2,4-DIHYDROINDENO[1,2-C]PYRAZOL-5-YL)-3-(4-METHYLPIPERAZIN-1-YL)UREA (DB07622)","0.7645","http://www.drugbank.ca/drugs/DB07622"
"357","Darusentan (DB04883)","0.7633","http://www.drugbank.ca/drugs/DB04883"
"358","5-[1-(3,4-Dimethoxy-Benzoyl)-1,2,3,4-Tetrahydro-Quinolin-6-Yl]-6-Methyl-3,6-Dihydro-[1,3,4]Thiadiazin-2-One (DB03944)","0.7632","http://www.drugbank.ca/drugs/DB03944"
"359","(3R,4S)-1-(3,4-DIMETHOXYPHENYL)-3-(3-METHYLPHENYL)PIPERIDIN-4-AMINE (DB07851)","0.7631","http://www.drugbank.ca/drugs/DB07851"
"360","1-{3-[(4-pyridin-2-ylpiperazin-1-yl)sulfonyl]phenyl}-3-(1,3-thiazol-2-yl)urea (DB07817)","0.7625","http://www.drugbank.ca/drugs/DB07817"
"361","D-phenylalanyl-N-{4-[amino(iminio)methyl]benzyl}-L-prolinamide (DB07005)","0.7617","http://www.drugbank.ca/drugs/DB07005"
"362","N-[(1S)-1-{1-[(1R,3E)-1-ACETYLPENT-3-EN-1-YL]-1H-1,2,3-TRIAZOL-4-YL}-1,2-DIMETHYLPROPYL]BENZAMIDE (DB07878)","0.7607","http://www.drugbank.ca/drugs/DB07878"
"363","N~3~-cyclopropyl-N~4~'-(cyclopropylmethyl)-6-methylbiphenyl-3,4'-dicarboxamide (DB07835)","0.7575","http://www.drugbank.ca/drugs/DB07835"
"364","5-hydroxy-4-(7-methoxy-1,1-dioxido-2H-1,2,4-benzothiadiazin-3-yl)-2-(3-methylbutyl)-6-phenylpyridazin-3(2H)-one (DB06974)","0.7573","http://www.drugbank.ca/drugs/DB06974"
"365","PYRIMIDINE-4,6-DICARBOXYLIC ACID BIS-(3-METHYL-BENZYLAMIDE) (DB04759)","0.7569","http://www.drugbank.ca/drugs/DB04759"
"366","Rilpivirine (DB08864)","0.7561","http://www.drugbank.ca/drugs/DB08864"
"367","TMC278 (DB05083)","0.7561","http://www.drugbank.ca/drugs/DB05083"
"368","Trimetrexate (DB01157)","0.7560","http://www.drugbank.ca/drugs/DB01157"
"369","Phenserine (DB04892)","0.7556","http://www.drugbank.ca/drugs/DB04892"
"370","SU4984 (DB02058)","0.7556","http://www.drugbank.ca/drugs/DB02058"
"371","N-METHYL-{4-[2-(7-OXO-6,7-DIHYDRO-8H-[1,3]THIAZOLO[5,4-E]INDOL-8-YLIDENE)HYDRAZINO]PHENYL}METHANESULFONAMIDE (DB08123)","0.7549","http://www.drugbank.ca/drugs/DB08123"
"372","N-[[2-METHYL-4-HYDROXYCARBAMOYL]BUT-4-YL-N]-BENZYL-P-[PHENYL]-P-[METHYL]PHOSPHINAMID (DB08507)","0.7542","http://www.drugbank.ca/drugs/DB08507"
"373","6-methyl-5-[3-methyl-3-(3,4,5-trimethoxyphenyl)but-1-yn-1-yl]pyrimidine-2,4-diamine (DB07153)","0.7538","http://www.drugbank.ca/drugs/DB07153"
"374","2-{[(6-OXO-1,6-DIHYDROPYRIDIN-3-YL)METHYL]AMINO}-N-[4-PROPYL-3-(TRIFLUOROMETHYL)PHENYL]BENZAMIDE (DB07831)","0.7537","http://www.drugbank.ca/drugs/DB07831"
"375","(2s,3r)-3-Amino-2-Hydroxy-5-(Ethylsulfanyl)Pentanoyl-((S)-(-)-(1-Naphthyl)Ethyl)Amide (DB04108)","0.7536","http://www.drugbank.ca/drugs/DB04108"
"376","3-Methylthiofentanyl (DB01439)","0.7527","http://www.drugbank.ca/drugs/DB01439"
"377","Mercaptocarboxylate Inhibitor (DB02706)","0.7523","http://www.drugbank.ca/drugs/DB02706"
"378","Alpha-methylthiofentanyl (DB01470)","0.7517","http://www.drugbank.ca/drugs/DB01470"
"379","N'-(5-CHLORO-1,3-BENZODIOXOL-4-YL)-N-(3-MORPHOLIN-4-YLPHENYL)PYRIMIDINE-2,4-DIAMINE (DB07255)","0.7513","http://www.drugbank.ca/drugs/DB07255"
"380","6-(3-AMINOPROPYL)-4,9-DIMETHYLPYRROLO[3,4-C]CARBAZOLE-1,3(2H,6H)-DIONE (DB07444)","0.7493","http://www.drugbank.ca/drugs/DB07444"
"381","N-(cyclopropylmethyl)-2'-methyl-5'-(5-methyl-1,3,4-oxadiazol-2-yl)biphenyl-4-carboxamide (DB07834)","0.7493","http://www.drugbank.ca/drugs/DB07834"
"382","[N-(3-DIBENZYLCARBAMOYL-OXIRANECARBONYL)-HYDRAZINO]-ACETIC ACID (DB08229)","0.7490","http://www.drugbank.ca/drugs/DB08229"
"383","2,6-DIMETHYL-1-(3-[3-METHYL-5-ISOXAZOLYL]-PROPANYL)-4-[4-METHYL-2H-TETRAZOL-2-YL]-PHENOL (DB08714)","0.7489","http://www.drugbank.ca/drugs/DB08714"
"384","4-CHLORO-6-(4-{4-[4-(METHYLSULFONYL)BENZYL]PIPERAZIN-1-YL}-1H-PYRAZOL-5-YL)BENZENE-1,3-DIOL (DB06957)","0.7488","http://www.drugbank.ca/drugs/DB06957"
"385","1-[2-(S)-AMINO-3-BIPHENYL-4-YL-PROPIONYL]-PYRROLIDINE-2-(S)-CARBONITRILE (DB08024)","0.7484","http://www.drugbank.ca/drugs/DB08024"
"386","[2-(5-MERCAPTO-[1,3,4]THIADIAZOL-2-YLCARBAMOYL)-1-PHENYL-ETHYL]-CARBAMIC ACID BENZYL ESTER (DB07987)","0.7483","http://www.drugbank.ca/drugs/DB07987"
"387","PYRIMIDINE-4,6-DICARBOXYLIC ACID BIS-(4-FLUORO-3-METHYL-BENZYLAMIDE) (DB04760)","0.7478","http://www.drugbank.ca/drugs/DB04760"
"388","Merimepodib (DB04862)","0.7472","http://www.drugbank.ca/drugs/DB04862"
"389","(6-[4-(AMINOMETHYL)-2,6-DIMETHYLPHENOXY]-2-{[4-(AMINOMETHYL)PHENYL]AMINO}-5-BROMOPYRIMIDIN-4-YL)METHANOL (DB06874)","0.7469","http://www.drugbank.ca/drugs/DB06874"
"390","(6R)-2-amino-6-[2-(3'-methoxybiphenyl-3-yl)ethyl]-3,6-dimethyl-5,6-dihydropyrimidin-4(3H)-one (DB07519)","0.7464","http://www.drugbank.ca/drugs/DB07519"
"391","Phenylbutazone (DB00812)","0.7460","http://www.drugbank.ca/drugs/DB00812"
"392","+/-METHYL 4-(AMINOIMINOMETHYL)-BETA-[3- INH (AMINOIMINO)PHENYL]BENZENE PENTANOATE (DB07985)","0.7459","http://www.drugbank.ca/drugs/DB07985"
"393","(3R)-3-[(1,2,3,4-tetrahydroisoquinolin-7-yloxy)methyl]-2,3-dihydrothieno[2,3-f][1,4]oxazepin-5-amine (DB07007)","0.7459","http://www.drugbank.ca/drugs/DB07007"
"394","(2e)-N-Allyl-4-{[3-(4-Bromophenyl)-5-Fluoro-1-Methyl-1h-Indazol-6-Yl]Oxy}-N-Methyl-2-Buten-1-Amine (DB02139)","0.7458","http://www.drugbank.ca/drugs/DB02139"
"395","1-Acetyl-4-(4-{4-[(2-Ethoxyphenyl)Thio]-3-Nitrophenyl}Pyridin-2-Yl)Piperazine (DB02177)","0.7458","http://www.drugbank.ca/drugs/DB02177"
"396","Oxyphenbutazone (DB03585)","0.7451","http://www.drugbank.ca/drugs/DB03585"
"397","Etravirine (DB06414)","0.7443","http://www.drugbank.ca/drugs/DB06414"
"398","4-({6-AMINO-5-BROMO-2-[(4-CYANOPHENYL)AMINO]PYRIMIDIN-4-YL}OXY)-3,5-DIMETHYLBENZONITRILE (DB07191)","0.7443","http://www.drugbank.ca/drugs/DB07191"
"399","Methantheline (DB00940)","0.7441","http://www.drugbank.ca/drugs/DB00940"
"400","2-[2-(4-CHLORO-PHENYLSULFANYL)-ACETYLAMINO]-3-(4-GUANIDINO-PHENYL)-PROPIONAMIDE (DB07105)","0.7440","http://www.drugbank.ca/drugs/DB07105"
"401","4,4'[1,6-Hexanediylbis(Oxy)]Bisbenzenecarboximidamide (DB03808)","0.7417","http://www.drugbank.ca/drugs/DB03808"
"402","N-(2-AMINOETHYL)-2-{3-CHLORO-4-[(4-ISOPROPYLBENZYL)OXY]PHENYL} ACETAMIDE (DB08610)","0.7407","http://www.drugbank.ca/drugs/DB08610"
"403","(4R,5R)-5-AMINO-1-[2-(1,3-BENZODIOXOL-5-YL)ETHYL]-4-(2,4,5-TRIFLUOROPHENYL)PIPERIDIN-2-ONE (DB07830)","0.7399","http://www.drugbank.ca/drugs/DB07830"
"404","1-[3-({[(4-AMINO-5-FLUORO-2-METHYLQUINOLIN-3-YL)METHYL]THIO}METHYL)PHENYL]-2,2,2-TRIFLUOROETHANE-1,1-DIOL (DB07756)","0.7397","http://www.drugbank.ca/drugs/DB07756"
"405","CP-271485 (DB02118)","0.7392","http://www.drugbank.ca/drugs/DB02118"
"406","Tamibarotene (DB04942)","0.7385","http://www.drugbank.ca/drugs/DB04942"
"407","1-[(3S)-5-PHENYL-3-THIOPHEN-2-YL-3H-1,4-BENZODIAZEPIN-2-YL]AZETIDIN-3-OL (DB08698)","0.7384","http://www.drugbank.ca/drugs/DB08698"
"408","Indecainide (DB00192)","0.7366","http://www.drugbank.ca/drugs/DB00192"
"409","Nalpha-(2-Naphthylsulfonylglycyl)-3-Amidino-D,L-Phenylalanine-Isopropylester (DB01737)","0.7362","http://www.drugbank.ca/drugs/DB01737"
"410","GLYCYLALANYL-N-2-NAPHTHYL-L-PROLINEAMIDE (DB07813)","0.7360","http://www.drugbank.ca/drugs/DB07813"
"411","3-({4-[(5-CHLORO-1,3-BENZODIOXOL-4-YL)AMINO]PYRIMIDIN-2-YL}AMINO)BENZAMIDE (DB07256)","0.7359","http://www.drugbank.ca/drugs/DB07256"
"412","1-[4-(AMINOMETHYL)BENZOYL]-5'-FLUORO-1'H-SPIRO[PIPERIDINE-4,2'-QUINAZOLIN]-4'-AMINE (DB08750)","0.7355","http://www.drugbank.ca/drugs/DB08750"
"413","ISOQUINOLINE-5-SULFONIC ACID (2-(2-(4-CHLOROBENZYLOXY)ETHYLAMINO)ETHYL)AMIDE (DB07947)","0.7339","http://www.drugbank.ca/drugs/DB07947"
"414","N-{3-METHYL-5-[2-(PYRIDIN-4-YLAMINO)-ETHOXY]-PHENYL}-BENZENESULFONAMIDE (DB07944)","0.7334","http://www.drugbank.ca/drugs/DB07944"
"415","N-cyclopropyl-2',6-dimethyl-4'-(5-methyl-1,3,4-oxadiazol-2-yl)biphenyl-3-carboxamide (DB07811)","0.7330","http://www.drugbank.ca/drugs/DB07811"
"416","4-({[4-(3-METHYLBENZOYL)PYRIDIN-2-YL]AMINO}METHYL)BENZENECARBOXIMIDAMIDE (DB07809)","0.7322","http://www.drugbank.ca/drugs/DB07809"
"417","Flurazepam (DB00690)","0.7321","http://www.drugbank.ca/drugs/DB00690"
"418","Bis-Benzamidine (DB02081)","0.7314","http://www.drugbank.ca/drugs/DB02081"
"419","Cilostazol (DB01166)","0.7310","http://www.drugbank.ca/drugs/DB01166"
"420","6-[(Z)-AMINO(IMINO)METHYL]-N-[3-(CYCLOPENTYLOXY)PHENYL]-2-NAPHTHAMIDE (DB07076)","0.7304","http://www.drugbank.ca/drugs/DB07076"
"421","5-cyclopropyl-2-(4-fluorophenyl)-6-[(2-hydroxyethyl)(methylsulfonyl)amino]-N-methyl-1-benzofuran-3-carboxamide (DB07238)","0.7298","http://www.drugbank.ca/drugs/DB07238"
"422","N-({4-[(2-aminopyridin-4-yl)oxy]-3-fluorophenyl}carbamoyl)-2-(4-fluorophenyl)acetamide (DB06995)","0.7298","http://www.drugbank.ca/drugs/DB06995"
"423","4-chloro-6-{5-[(2-morpholin-4-ylethyl)amino]-1,2-benzisoxazol-3-yl}benzene-1,3-diol (DB07601)","0.7283","http://www.drugbank.ca/drugs/DB07601"
"424","Pentamidine (DB00738)","0.7278","http://www.drugbank.ca/drugs/DB00738"
"425","(5Z)-5-[(5-ETHYL-2-FURYL)METHYLENE]-2-{[(S)-(4-FLUOROPHENYL)(1H-TETRAZOL-5-YL)METHYL]AMINO}-1,3-THIAZOL-4(5H)-ONE (DB08710)","0.7277","http://www.drugbank.ca/drugs/DB08710"
"426","{4-[(2R)-pyrrolidin-2-ylmethoxy]phenyl}(4-thiophen-3-ylphenyl)methanone (DB07237)","0.7274","http://www.drugbank.ca/drugs/DB07237"
"427","Ketazolam (DB01587)","0.7264","http://www.drugbank.ca/drugs/DB01587"
"428","Alfentanil (DB00802)","0.7262","http://www.drugbank.ca/drugs/DB00802"
"429","N-[2-(4-BROMOCINNAMYLAMINO)ETHYL]-5-ISOQUINOLINE SULFONAMIDE (DB07995)","0.7257","http://www.drugbank.ca/drugs/DB07995"
"430","6-[N-(1-Isopropyl-1,2,3,4-Tetrahydro-7-Isoquinolinyl)Carbamyl]-2-Naphthalenecarboxamidine (DB02705)","0.7256","http://www.drugbank.ca/drugs/DB02705"
"431","WAY-151693 (DB02071)","0.7253","http://www.drugbank.ca/drugs/DB02071"
"432","4-(3,5-DIMETHYLPHENOXY)-5-(FURAN-2-YLMETHYLSULFANYLMETHYL)-3-IODO-6-METHYLPYRIDIN-2(1H)-ONE (DB08457)","0.7241","http://www.drugbank.ca/drugs/DB08457"
"433","N'-(5-chloro-1,3-benzodioxol-4-yl)-N-(3-methylsulfonylphenyl)pyrimidine-2,4-diamine (DB07253)","0.7236","http://www.drugbank.ca/drugs/DB07253"
"434","GW 501516 (DB05416)","0.7229","http://www.drugbank.ca/drugs/DB05416"
"435","N-[4-({[5-(DIMETHYLAMINO)-1-NAPHTHYL]SULFONYL}AMINO)BUTYL]-3-SULFANYLPROPANAMIDE (DB07526)","0.7228","http://www.drugbank.ca/drugs/DB07526"
"436","SR11254 (DB02258)","0.7226","http://www.drugbank.ca/drugs/DB02258"
"437","N-[(2R,3S)-3-AMINO-2-HYDROXY-4-PHENYLBUTYL]-4-METHOXY-2,3,6-TRIMETHYLBENZENESULFONAMIDE (DB07527)","0.7226","http://www.drugbank.ca/drugs/DB07527"
"438","(1-Tert-Butyl-5-Hydroxy-1h-Pyrazol-4-Yl)-(6-Methanesulfonyl-4'-Methoxy-2-Methyl-Biphenyl-3-Yl)-Methanone (DB02850)","0.7221","http://www.drugbank.ca/drugs/DB02850"
"439","(1S,5S,7R)-N~7~-(BIPHENYL-4-YLMETHYL)-N~3~-HYDROXY-6,8-DIOXA-3-AZABICYCLO[3.2.1]OCTANE-3,7-DICARBOXAMIDE (DB07026)","0.7221","http://www.drugbank.ca/drugs/DB07026"
"440","Talampanel (DB04982)","0.7204","http://www.drugbank.ca/drugs/DB04982"
"441","Sulfinpyrazone (DB01138)","0.7195","http://www.drugbank.ca/drugs/DB01138"
"442","3-({4-[(5-chloro-1,3-benzodioxol-4-yl)amino]pyrimidin-2-yl}amino)benzenesulfonamide (DB07252)","0.7192","http://www.drugbank.ca/drugs/DB07252"
"443","SC45647 (DB04778)","0.7185","http://www.drugbank.ca/drugs/DB04778"
"444","N-[3-[[4-[(5-CHLORO-1,3-BENZODIOXOL-4-YL)AMINO]PYRIMIDIN-2-YL]AMINO]PHENYL]METHANESULFONAMIDE (DB07254)","0.7172","http://www.drugbank.ca/drugs/DB07254"
"445","Tamsulosin (DB00706)","0.7168","http://www.drugbank.ca/drugs/DB00706"
"446","(6S)-2-amino-6-(3'-methoxybiphenyl-3-yl)-3,6-dimethyl-5,6-dihydropyrimidin-4(3H)-one (DB07874)","0.7167","http://www.drugbank.ca/drugs/DB07874"
"447","4-(2-HYDROXYBENZYLAMINO)-N-(3-(4-FLUOROPHENOXY)PHENYL)PIPERIDINE-1-SULFONAMIDE (DB04632)","0.7163","http://www.drugbank.ca/drugs/DB04632"
"448","8-bromo-4-(2-chlorophenyl)-N-(2-hydroxyethyl)-6-methyl-1,3-dioxo-1,2,3,6-tetrahydropyrrolo[3,4-e]indole-7-carboxamide (DB08365)","0.7160","http://www.drugbank.ca/drugs/DB08365"
"449","6-[N-(4-Ethyl-1,2,3,4-Tetrahydro-6-Isoquinolinyl)Carbamyl]-2-Naphthalenecarboxamidine (DB02551)","0.7152","http://www.drugbank.ca/drugs/DB02551"
"450","6-[N-(1-Isopropyl-3,4-Dihydro-7-Isoquinolinyl)Carbamyl]-2-Naphthalenecarboxamidine (DB02473)","0.7150","http://www.drugbank.ca/drugs/DB02473"
"451","Zuclopenthixol acetate (DB08919)","0.7149","http://www.drugbank.ca/drugs/DB08919"
"452","4-(3-amino-1H-indazol-5-yl)-N-tert-butylbenzenesulfonamide (DB07162)","0.7141","http://www.drugbank.ca/drugs/DB07162"
"453","(3Z)-6-(4-HYDROXY-3-METHOXYPHENYL)-3-(1H-PYRROL-2-YLMETHYLENE)-1,3-DIHYDRO-2H-INDOL-2-ONE (DB07078)","0.7136","http://www.drugbank.ca/drugs/DB07078"
"454","Methotrimeprazine (DB01403)","0.7136","http://www.drugbank.ca/drugs/DB01403"
"455","4-(2-chlorophenyl)-8-(2-hydroxyethyl)-6-methylpyrrolo[3,4-e]indole-1,3(2H,6H)-dione (DB07257)","0.7134","http://www.drugbank.ca/drugs/DB07257"
"456","N-(4-(2-((3-Chlorophenylmethyl)Amino)Ethyl)Phenyl)-2-Thiophecarboxamidine (DB03449)","0.7132","http://www.drugbank.ca/drugs/DB03449"
"457","Sorafenib (DB00398)","0.7128","http://www.drugbank.ca/drugs/DB00398"
"458","5-[(2-methyl-5-{[3-(trifluoromethyl)phenyl]carbamoyl}phenyl)amino]pyridine-3-carboxamide (DB07970)","0.7125","http://www.drugbank.ca/drugs/DB07970"
"459","1-(3-chloro-4-methylphenyl)-3-{2-[({5-[(dimethylamino)methyl]-2-furyl}methyl)thio]ethyl}urea (DB08027)","0.7111","http://www.drugbank.ca/drugs/DB08027"
"460","Regorafenib (DB08896)","0.7092","http://www.drugbank.ca/drugs/DB08896"
"461","3,6-DIAMINO-5-CYANO-4-(4-ETHOXYPHENYL)THIENO[2,3-B]PYRIDINE-2-CARBOXAMIDE (DB08788)","0.7085","http://www.drugbank.ca/drugs/DB08788"
"462","Camazepam (DB01489)","0.7052","http://www.drugbank.ca/drugs/DB01489"
"463","4-[(4-O-SULFAMOYLBENZYL)(4-CYANOPHENYL)AMINO]-4H-[1,2,4]-TRIAZOLE (DB04601)","0.7039","http://www.drugbank.ca/drugs/DB04601"
"464","N-(P-CYANOPHENYL)-N'-DIPHENYLMETHYL-GUANIDINE-ACETIC ACID (DB07816)","0.7038","http://www.drugbank.ca/drugs/DB07816"
"465","Zuclopenthixol (DB01624)","0.7035","http://www.drugbank.ca/drugs/DB01624"
"466","Regadenoson (DB06213)","0.7030","http://www.drugbank.ca/drugs/DB06213"
"467","Drotaverine (DB06751)","0.7021","http://www.drugbank.ca/drugs/DB06751"
"468","4-[(3-BROMO-4-O-SULFAMOYLBENZYL)(4-CYANOPHENYL)AMINO]-4H-[1,2,4]-TRIAZOLE (DB04600)","0.7009","http://www.drugbank.ca/drugs/DB04600"
"469","{(2Z)-4-AMINO-2-[(4-METHOXYPHENYL)IMINO]-2,3-DIHYDRO-1,3-THIAZOL-5-YL}(4-METHOXYPHENYL)METHANONE (DB07488)","0.7007","http://www.drugbank.ca/drugs/DB07488"
"470","Eszopiclone (DB00402)","0.6979","http://www.drugbank.ca/drugs/DB00402"
"471","Zopiclone (DB01198)","0.6979","http://www.drugbank.ca/drugs/DB01198"
"472","(4R)-4-(3-HYDROXYPHENYL)-N,N,7,8-TETRAMETHYL-3,4-DIHYDROISOQUINOLINE-2(1H)-CARBOXAMIDE (DB07064)","0.6978","http://www.drugbank.ca/drugs/DB07064"
"473","FAMOXADONE (DB07778)","0.6961","http://www.drugbank.ca/drugs/DB07778"
"474","Thiothixene (DB01623)","0.6941","http://www.drugbank.ca/drugs/DB01623"
"475","ZK-805623 (DB04432)","0.6931","http://www.drugbank.ca/drugs/DB04432"
"476","2,5-bis-o-{3-[amino(imino)methyl]phenyl}-1,4:3,6-dianhydro-d-glucitol (DB04790)","0.6896","http://www.drugbank.ca/drugs/DB04790"
"477","2-O-(4'-AMIDINOPHENYL)-5-O-(3''-AMIDINOPHENYL)-1,4:3,6-DIANHYDRO-D-SORBITOL (DB04791)","0.6896","http://www.drugbank.ca/drugs/DB04791"
"478","2,5-O,O-BIS-{4',4''-AMIDINOPHENYL}-1,4:3,6-DIANHYDRO-D-SORBITOL (DB04792)","0.6896","http://www.drugbank.ca/drugs/DB04792"
"479","2-O-(3'-AMIDINOPHENYL)-5-O-(4''-AMIDINOPHENYL}-1,4:3,6-DIANHYDRO-D-SORBITOL (DB04793)","0.6896","http://www.drugbank.ca/drugs/DB04793"
"480","Lucanthone (DB04967)","0.6886","http://www.drugbank.ca/drugs/DB04967"
"481","N-[(2R,3S)-3-AMINO-2-HYDROXY-4-PHENYLBUTYL]NAPHTHALENE-2-SULFONAMIDE (DB07522)","0.6884","http://www.drugbank.ca/drugs/DB07522"
"482","1-[5-methyl-2-(trifluoromethyl)furan-3-yl]-3-[(2Z)-5-(2-{[6-(1H-1,2,4-triazol-3-ylamino)pyrimidin-4-yl]amino}ethyl)-1,3-thiazol-2(3H)-ylidene]urea (DB07789)","0.6871","http://www.drugbank.ca/drugs/DB07789"
"483","Itopride (DB04924)","0.6866","http://www.drugbank.ca/drugs/DB04924"
"484","Papaverine (DB01113)","0.6843","http://www.drugbank.ca/drugs/DB01113"
"485","Elesclomol (DB05719)","0.6823","http://www.drugbank.ca/drugs/DB05719"
"486","N-(TERT-BUTYL)-3,5-DIMETHYL-N'-[(5-METHYL-2,3-DIHYDRO-1,4-BENZODIOXIN-6-YL)CARBONYL]BENZOHYDRAZIDE (DB07929)","0.6809","http://www.drugbank.ca/drugs/DB07929"
"487","Olopatadine (DB00768)","0.6803","http://www.drugbank.ca/drugs/DB00768"
"488","3-HYDROXYPROPYL 3-[({7-[AMINO(IMINO)METHYL]-1-NAPHTHYL}AMINO)CARBONYL]BENZENESULFONATE (DB07022)","0.6757","http://www.drugbank.ca/drugs/DB07022"
"489","N-[amino(imino)methyl]-2-[2-(2-chlorophenyl)-4-(4-propoxyphenyl)-3-thienyl]acetamide (DB07089)","0.6738","http://www.drugbank.ca/drugs/DB07089"
"490","5-AMINO-2-{4-[(4-AMINOPHENYL)SULFANYL]PHENYL}-1H-ISOINDOLE-1,3(2H)-DIONE (DB07971)","0.6721","http://www.drugbank.ca/drugs/DB07971"
"491","N'-(3-CHLORO-4-METHOXY-PHENYL)-N-(3,4,5-TRIMETHOXYPHENYL)-1,3,5-TRIAZINE-2,4-DIAMINE (DB07251)","0.6685","http://www.drugbank.ca/drugs/DB07251"
"492","HCV-086 (DB05884)","0.6685","http://www.drugbank.ca/drugs/DB05884"
"493","1-(2-Amidinophenyl)-3-(Phenoxyphenyl)Urea (DB03337)","0.6624","http://www.drugbank.ca/drugs/DB03337"
"494","6-CARBAMIMIDOYL-4-(3-HYDROXY-2-METHYL-BENZOYLAMINO)-NAPHTHALENE-2-CARBOXYLIC ACID METHYL ESTER (DB07074)","0.6621","http://www.drugbank.ca/drugs/DB07074"
"495","Mitoxantrone (DB01204)","0.6613","http://www.drugbank.ca/drugs/DB01204"
"496","N'-(5-CHLORO-1,3-BENZODIOXOL-4-YL)-N-(3,4,5- TRIMETHOXYPHENYL)PYRIMIDINE-2,4-DIAMINE (DB07250)","0.6604","http://www.drugbank.ca/drugs/DB07250"
"497","Tiagabine (DB00906)","0.6590","http://www.drugbank.ca/drugs/DB00906"
"498","6-[N-(4-(Aminomethyl)Phenyl)Carbamyl]-2-Naphthalenecarboxamidine (DB02398)","0.6554","http://www.drugbank.ca/drugs/DB02398"
"499","N-(7-CARBAMIMIDOYL-NAPHTHALEN-1-YL)-3-HYDROXY-2-METHYL-BENZAMIDE (DB07212)","0.6549","http://www.drugbank.ca/drugs/DB07212"
"500","KW-3902 (DB05360)","0.5702","http://www.drugbank.ca/drugs/DB05360"
