"","DrugBank Compound (Name, ID)","Similarity to ","Link"
"1","5-[(2-methyl-5-{[3-(trifluoromethyl)phenyl]carbamoyl}phenyl)amino]pyridine-3-carboxamide (DB07970)","0.9539","http://www.drugbank.ca/drugs/DB07970"
"2","(2R)-1-(DIMETHYLAMINO)-3-{4-[(6-{[2-FLUORO-5-(TRIFLUOROMETHYL)PHENYL]AMINO}PYRIMIDIN-4-YL)AMINO]PHENOXY}PROPAN-2-OL (DB07054)","0.9429","http://www.drugbank.ca/drugs/DB07054"
"3","6-chloro-N-pyrimidin-5-yl-3-{[3-(trifluoromethyl)phenyl]amino}-1,2-benzisoxazole-7-carboxamide (DB07326)","0.9387","http://www.drugbank.ca/drugs/DB07326"
"4","2-{[(6-OXO-1,6-DIHYDROPYRIDIN-3-YL)METHYL]AMINO}-N-[4-PROPYL-3-(TRIFLUOROMETHYL)PHENYL]BENZAMIDE (DB07831)","0.9357","http://www.drugbank.ca/drugs/DB07831"
"5","N-{3-[(4-{[3-(TRIFLUOROMETHYL)PHENYL]AMINO}PYRIMIDIN-2-YL)AMINO]PHENYL}CYCLOPROPANECARBOXAMIDE (DB07545)","0.9272","http://www.drugbank.ca/drugs/DB07545"
"6","1-(5-{2-[(1-methyl-1H-pyrazolo[4,3-d]pyrimidin-7-yl)amino]ethyl}-1,3-thiazol-2-yl)-3-[3-(trifluoromethyl)phenyl]urea (DB07362)","0.9243","http://www.drugbank.ca/drugs/DB07362"
"7","[4-({5-(AMINOCARBONYL)-4-[(3-METHYLPHENYL)AMINO]PYRIMIDIN-2-YL}AMINO)PHENYL]ACETIC ACID (DB08513)","0.9240","http://www.drugbank.ca/drugs/DB08513"
"8","Sorafenib (DB00398)","0.9202","http://www.drugbank.ca/drugs/DB00398"
"9","Regorafenib (DB08896)","0.9184","http://www.drugbank.ca/drugs/DB08896"
"10","4-[4-(2,4,6-TRIMETHYL-PHENYLAMINO)-PYRIMIDIN-2-YLAMINO]-BENZONITRILE (DB08639)","0.9158","http://www.drugbank.ca/drugs/DB08639"
"11","(4E)-N-(4-fluorophenyl)-4-[(phenylcarbonyl)imino]-4H-pyrazole-3-carboxamide (DB08137)","0.9139","http://www.drugbank.ca/drugs/DB08137"
"12","1-{5-[2-(thieno[3,2-d]pyrimidin-4-ylamino)ethyl]-1,3-thiazol-2-yl}-3-[3-(trifluoromethyl)phenyl]urea (DB07360)","0.9135","http://www.drugbank.ca/drugs/DB07360"
"13","2-({5-CHLORO-2-[(2-METHOXY-4-MORPHOLIN-4-YLPHENYL)AMINO]PYRIMIDIN-4-YL}AMINO)-N-METHYLBENZAMIDE (DB07460)","0.9127","http://www.drugbank.ca/drugs/DB07460"
"14","Rilpivirine (DB08864)","0.9116","http://www.drugbank.ca/drugs/DB08864"
"15","TMC278 (DB05083)","0.9116","http://www.drugbank.ca/drugs/DB05083"
"16","4-{[4-({4-[(E)-2-cyanoethenyl]-2,6-dimethylphenyl}amino)pyrimidin-2-yl]amino}benzonitrile (DB08592)","0.9116","http://www.drugbank.ca/drugs/DB08592"
"17","N-ethyl-4-{[5-(methoxycarbamoyl)-2-methylphenyl]amino}-5-methylpyrrolo[2,1-f][1,2,4]triazine-6-carboxamide (DB06940)","0.9115","http://www.drugbank.ca/drugs/DB06940"
"18","4-(2,4-Dimethyl-Thiazol-5-Yl)-Pyrimidin-2-Yl]-(4-Trifluoromethyl-Phenyl)-Amine (DB02915)","0.9114","http://www.drugbank.ca/drugs/DB02915"
"19","2-({2-[(3-HYDROXYPHENYL)AMINO]PYRIMIDIN-4-YL}AMINO)BENZAMIDE (DB07268)","0.9106","http://www.drugbank.ca/drugs/DB07268"
"20","5-[4-(DIMETHYLAMINO)PHENYL]-6-[(6-MORPHOLIN-4-YLPYRIDIN-3-YL)ETHYNYL]PYRIMIDIN-4-AMINE (DB07280)","0.9067","http://www.drugbank.ca/drugs/DB07280"
"21","4-[[2-[[4-chloro-3-(trifluoromethyl)phenyl]amino]-3H-benzimidazol-5-yl]oxy]-N-methyl-pyridine-2-carboxamide (DB06938)","0.9061","http://www.drugbank.ca/drugs/DB06938"
"22","1-[4-(PYRIDIN-4-YLOXY)PHENYL]-3-[3-(TRIFLUOROMETHYL)PHENYL]UREA (DB08043)","0.9058","http://www.drugbank.ca/drugs/DB08043"
"23","N-(4-chlorophenyl)-2-[(pyridin-4-ylmethyl)amino]benzamide (DB07288)","0.9013","http://www.drugbank.ca/drugs/DB07288"
"24","(2E)-N-{4-[(3-bromophenyl)amino]quinazolin-6-yl}-4-(dimethylamino)but-2-enamide (DB08564)","0.8971","http://www.drugbank.ca/drugs/DB08564"
"25","N-[2-(carbamimidamidooxy)ethyl]-2-{6-cyano-3-[(2,2-difluoro-2-pyridin-2-ylethyl)amino]-2-fluorophenyl}acetamide (DB07665)","0.8957","http://www.drugbank.ca/drugs/DB07665"
"26","(2S)-1-[4-({6-[(2,6-DIFLUOROPHENYL)AMINO]PYRIMIDIN-4-YL}AMINO)PHENOXY]-3-(DIMETHYLAMINO)PROPAN-2-OL (DB07751)","0.8954","http://www.drugbank.ca/drugs/DB07751"
"27","(2R)-1-[4-({6-[(2,6-DIFLUOROPHENYL)AMINO]PYRIMIDIN-4-YL}AMINO)PHENOXY]-3-(DIMETHYLAMINO)PROPAN-2-OL (DB07761)","0.8954","http://www.drugbank.ca/drugs/DB07761"
"28","Flibanserin (DB04908)","0.8951","http://www.drugbank.ca/drugs/DB04908"
"29","4-(4-METHYLPIPERAZIN-1-YL)-N-[5-(2-THIENYLACETYL)-1,5-DIHYDROPYRROLO[3,4-C]PYRAZOL-3-YL]BENZAMIDE (DB07186)","0.8946","http://www.drugbank.ca/drugs/DB07186"
"30","{[(2,6-difluorophenyl)carbonyl]amino}-N-(4-fluorophenyl)-1H-pyrazole-3-carboxamide (DB08138)","0.8946","http://www.drugbank.ca/drugs/DB08138"
"31","N-(M-Trifluoromethylphenyl) Phenoxazine-4,6-Dicarboxylic Acid (DB02698)","0.8938","http://www.drugbank.ca/drugs/DB02698"
"32","3-FLUORO-N-1H-INDOL-5-YL-5-MORPHOLIN-4-YLBENZAMIDE (DB08092)","0.8916","http://www.drugbank.ca/drugs/DB08092"
"33","(2S)-1-{4-[(4-ANILINO-5-BROMOPYRIMIDIN-2-YL)AMINO]PHENOXY}-3-(DIMETHYLAMINO)PROPAN-2-OL (DB07501)","0.8915","http://www.drugbank.ca/drugs/DB07501"
"34","(2R)-1-{4-[(4-ANILINO-5-BROMOPYRIMIDIN-2-YL)AMINO]PHENOXY}-3-(DIMETHYLAMINO)PROPAN-2-OL (DB07504)","0.8915","http://www.drugbank.ca/drugs/DB07504"
"35","S-{3-[(4-ANILINOQUINAZOLIN-6-YL)AMINO]-3-OXOPROPYL}-L-CYSTEINE (DB07602)","0.8897","http://www.drugbank.ca/drugs/DB07602"
"36","1-[1-(3-aminophenyl)-3-tert-butyl-1H-pyrazol-5-yl]-3-phenylurea (DB06883)","0.8892","http://www.drugbank.ca/drugs/DB06883"
"37","Zaleplon (DB00962)","0.8870","http://www.drugbank.ca/drugs/DB00962"
"38","1-ethyl-N-(phenylmethyl)-4-(tetrahydro-2H-pyran-4-ylamino)-1H-pyrazolo[3,4-b]pyridine-5-carboxamide (DB06909)","0.8869","http://www.drugbank.ca/drugs/DB06909"
"39","3-(2-CHLOROPHENYL)-1-(2-{[(1S)-2-HYDROXY-1,2-DIMETHYLPROPYL]AMINO}PYRIMIDIN-4-YL)-1-(4-METHOXYPHENYL)UREA (DB08095)","0.8846","http://www.drugbank.ca/drugs/DB08095"
"40","3-({4-[(5-CHLORO-1,3-BENZODIOXOL-4-YL)AMINO]PYRIMIDIN-2-YL}AMINO)BENZAMIDE (DB07256)","0.8842","http://www.drugbank.ca/drugs/DB07256"
"41","N-[2-({[amino(imino)methyl]amino}oxy)ethyl]-2-{6-chloro-3-[(2,2-difluoro-2-phenylethyl)amino]-2-fluorophenyl}acetamide (DB07946)","0.8841","http://www.drugbank.ca/drugs/DB07946"
"42","(2R)-1-[4-({4-[(2,5-DICHLOROPHENYL)AMINO]PYRIMIDIN-2-YL}AMINO)PHENOXY]-3-(DIMETHYLAMINO)PROPAN-2-OL (DB07750)","0.8835","http://www.drugbank.ca/drugs/DB07750"
"43","(2S)-1-[4-({4-[(2,5-DICHLOROPHENYL)AMINO]PYRIMIDIN-2-YL}AMINO)PHENOXY]-3-(DIMETHYLAMINO)PROPAN-2-OL (DB07755)","0.8835","http://www.drugbank.ca/drugs/DB07755"
"44","4-METHYL-5-{(2E)-2-[(4-MORPHOLIN-4-YLPHENYL)IMINO]-2,5-DIHYDROPYRIMIDIN-4-YL}-1,3-THIAZOL-2-AMINE (DB08219)","0.8832","http://www.drugbank.ca/drugs/DB08219"
"45","2-(6-CHLORO-3-{[2,2-DIFLUORO-2-(1-OXIDO-2-PYRIDINYL)ETHYL]AMINO}-2-OXO-1(2H)-PYRAZINYL)-N-[(2-FLUOROPHENYL)METHYL]ACETAMIDE (DB07550)","0.8828","http://www.drugbank.ca/drugs/DB07550"
"46","Phentolamine (DB00692)","0.8823","http://www.drugbank.ca/drugs/DB00692"
"47","N-(2-chloro-6-methylphenyl)-8-[(3S)-3-methylpiperazin-1-yl]imidazo[1,5-a]quinoxalin-4-amine (DB08057)","0.8795","http://www.drugbank.ca/drugs/DB08057"
"48","Amodiaquine (DB00613)","0.8794","http://www.drugbank.ca/drugs/DB00613"
"49","N~4~-methyl-N~4~-(3-methyl-1H-indazol-6-yl)-N~2~-(3,4,5-trimethoxyphenyl)pyrimidine-2,4-diamine (DB08042)","0.8771","http://www.drugbank.ca/drugs/DB08042"
"50","3-(6-Aminopyridin-3-Yl)-N-Methyl-N-[(1-Methyl-1h-Indol-2-Yl)Methyl]Acrylamide (DB01865)","0.8766","http://www.drugbank.ca/drugs/DB01865"
"51","N,N'-Bis(4-Amino-2-Methylquinolin-6-Yl)Urea (DB04452)","0.8766","http://www.drugbank.ca/drugs/DB04452"
"52","N-(3-TERT-BUTYL-1H-PYRAZOL-5-YL)-N'-{4-CHLORO-3-[(PYRIDIN-3-YLOXY)METHYL]PHENYL}UREA (DB08064)","0.8758","http://www.drugbank.ca/drugs/DB08064"
"53","N'-(5-CHLORO-1,3-BENZODIOXOL-4-YL)-N-(3-MORPHOLIN-4-YLPHENYL)PYRIMIDINE-2,4-DIAMINE (DB07255)","0.8757","http://www.drugbank.ca/drugs/DB07255"
"54","Halazepam (DB00801)","0.8755","http://www.drugbank.ca/drugs/DB00801"
"55","2,4-Diamino-6-[N-(2',5'-Dimethoxybenzyl)-N-Methylamino]Quinazoline (DB02427)","0.8744","http://www.drugbank.ca/drugs/DB02427"
"56","3-[(Acetyl-Methyl-Amino)-Methyl]-4-Amino-N-Methyl-N-(1-Methyl-1h-Indol-2-Ylmethyl)-Benzamide (DB03534)","0.8743","http://www.drugbank.ca/drugs/DB03534"
"57","Furo[2,3d]Pyrimidine Antifolate (DB02026)","0.8740","http://www.drugbank.ca/drugs/DB02026"
"58","FR236913 (DB02830)","0.8737","http://www.drugbank.ca/drugs/DB02830"
"59","2-(3-CHLORO-6-{[2,2-DIFLUORO-2-(1-OXIDOPYRIDIN-2-YL)ETHYL]AMINO}-1-OXIDOPYRIDIN-2-YL)-N-[1-(3-CHLOROPHENYL)ETHYL]ACETAMIDE (DB04722)","0.8736","http://www.drugbank.ca/drugs/DB04722"
"60","2-{2-[(3,5-dimethylphenyl)amino]pyrimidin-4-yl}-N-[(1S)-2-hydroxy-1-methylethyl]-4-methyl-1,3-thiazole-5-carboxamide (DB07194)","0.8734","http://www.drugbank.ca/drugs/DB07194"
"61","2,4-Diamino-6-[N-(3',5'-Dimethoxybenzyl)-N-Methylamino]Pyrido[2,3-D]Pyrimidine (DB03987)","0.8727","http://www.drugbank.ca/drugs/DB03987"
"62","Triflupromazine (DB00508)","0.8723","http://www.drugbank.ca/drugs/DB00508"
"63","N6-(2,5-Dimethoxy-Benzyl)-N6-Methyl-Pyrido[2,3-D]Pyrimidine-2,4,6-Triamine (DB02583)","0.8723","http://www.drugbank.ca/drugs/DB02583"
"64","N'-(Pyrrolidino[2,1-B]Isoindolin-4-On-8-Yl)-N-(Pyridin-2-Yl)Urea (DB04186)","0.8718","http://www.drugbank.ca/drugs/DB04186"
"65","Etravirine (DB06414)","0.8716","http://www.drugbank.ca/drugs/DB06414"
"66","4-({6-AMINO-5-BROMO-2-[(4-CYANOPHENYL)AMINO]PYRIMIDIN-4-YL}OXY)-3,5-DIMETHYLBENZONITRILE (DB07191)","0.8716","http://www.drugbank.ca/drugs/DB07191"
"67","4-{2-[4-(2-Aminoethyl)Piperazin-1-Yl]Pyridin-4-Yl}-N-(3-Chloro-4-Methylphenyl)Pyrimidin-2-Amine (DB03916)","0.8710","http://www.drugbank.ca/drugs/DB03916"
"68","Bepridil (DB01244)","0.8692","http://www.drugbank.ca/drugs/DB01244"
"69","6-ETHYL-5-[(2S)-1-(3-METHOXYPROPYL)-2-PHENYL-1,2,3,4-TETRAHYDROQUINOLIN-7-YL]PYRIMIDINE-2,4-DIAMINE (DB08099)","0.8691","http://www.drugbank.ca/drugs/DB08099"
"70","Quazepam (DB01589)","0.8681","http://www.drugbank.ca/drugs/DB01589"
"71","(2S)-6-(2,4-DIAMINO-6-ETHYLPYRIMIDIN-5-YL)-2-(3,5-DIFLUOROPHENYL)-4-(3-METHOXYPROPYL)-2H-1,4-BENZOXAZIN-3(4H)-ONE (DB07113)","0.8670","http://www.drugbank.ca/drugs/DB07113"
"72","N~4~-(3-methyl-1H-indazol-6-yl)-N~2~-(3,4,5-trimethoxyphenyl)pyrimidine-2,4-diamine (DB08519)","0.8669","http://www.drugbank.ca/drugs/DB08519"
"73","3-[3-(4-methylpiperazin-1-yl)-7-(trifluoromethyl)quinoxalin-5-yl]phenol (DB07969)","0.8661","http://www.drugbank.ca/drugs/DB07969"
"74","Rosiglitazone (DB00412)","0.8660","http://www.drugbank.ca/drugs/DB00412"
"75","5-AMINO-2-{4-[(4-AMINOPHENYL)SULFANYL]PHENYL}-1H-ISOINDOLE-1,3(2H)-DIONE (DB07971)","0.8654","http://www.drugbank.ca/drugs/DB07971"
"76","N-({4-[(2-aminopyridin-4-yl)oxy]-3-fluorophenyl}carbamoyl)-2-(4-fluorophenyl)acetamide (DB06995)","0.8651","http://www.drugbank.ca/drugs/DB06995"
"77","5-{4-[(3,5-DIFLUOROBENZYL)AMINO]PHENYL}-6-ETHYLPYRIMIDINE-2,4-DIAMINE (DB07244)","0.8650","http://www.drugbank.ca/drugs/DB07244"
"78","Mirabegron  (DB08893)","0.8648","http://www.drugbank.ca/drugs/DB08893"
"79","4-({[4-(3-METHYLBENZOYL)PYRIDIN-2-YL]AMINO}METHYL)BENZENECARBOXIMIDAMIDE (DB07809)","0.8645","http://www.drugbank.ca/drugs/DB07809"
"80","Delavirdine (DB00705)","0.8636","http://www.drugbank.ca/drugs/DB00705"
"81","1-(3-chlorophenyl)-3-{5-[2-(thieno[3,2-d]pyrimidin-4-ylamino)ethyl]-1,3-thiazol-2-yl}urea (DB07361)","0.8628","http://www.drugbank.ca/drugs/DB07361"
"82","N-(4-(2-((3-Chlorophenylmethyl)Amino)Ethyl)Phenyl)-2-Thiophecarboxamidine (DB03449)","0.8622","http://www.drugbank.ca/drugs/DB03449"
"83","4-(6-{[(1R)-1-(hydroxymethyl)propyl]amino}imidazo[1,2-b]pyridazin-3-yl)benzoic acid (DB07125)","0.8617","http://www.drugbank.ca/drugs/DB07125"
"84","3,4-DIHYDRO-4-OXO-3-((5-TRIFLUOROMETHYL-2-BENZOTHIAZOLYL)METHYL)-1-PHTHALAZINE ACETIC ACID (DB08772)","0.8614","http://www.drugbank.ca/drugs/DB08772"
"85","2-[(4-ETHYNYL-2-FLUOROPHENYL)AMINO]-3,4-DIFLUORO-N-(2-HYDROXYETHOXY)BENZAMIDE (DB08208)","0.8610","http://www.drugbank.ca/drugs/DB08208"
"86","Clonitazene (DB01523)","0.8607","http://www.drugbank.ca/drugs/DB01523"
"87","5-(4-Morpholin-4-Yl-Phenylsulfanyl)-2,4-Quinazolinediamine (DB02001)","0.8603","http://www.drugbank.ca/drugs/DB02001"
"88","N-[3-[[4-[(5-CHLORO-1,3-BENZODIOXOL-4-YL)AMINO]PYRIMIDIN-2-YL]AMINO]PHENYL]METHANESULFONAMIDE (DB07254)","0.8594","http://www.drugbank.ca/drugs/DB07254"
"89","(6-[4-(AMINOMETHYL)-2,6-DIMETHYLPHENOXY]-2-{[4-(AMINOMETHYL)PHENYL]AMINO}-5-BROMOPYRIMIDIN-4-YL)METHANOL (DB06874)","0.8586","http://www.drugbank.ca/drugs/DB06874"
"90","[5-AMINO-1-(4-FLUOROPHENYL)-1H-PYRAZOL-4-YL][3-(PIPERIDIN-4-YLOXY)PHENYL]METHANONE (DB08423)","0.8584","http://www.drugbank.ca/drugs/DB08423"
"91","(2S)-2-{[3-(3-aminophenyl)imidazo[1,2-b]pyridazin-6-yl]amino}-3-methylbutan-1-ol (DB08004)","0.8583","http://www.drugbank.ca/drugs/DB08004"
"92","Camazepam (DB01489)","0.8581","http://www.drugbank.ca/drugs/DB01489"
"93","PYRIMIDINE-4,6-DICARBOXYLIC ACID BIS-(3-METHYL-BENZYLAMIDE) (DB04759)","0.8567","http://www.drugbank.ca/drugs/DB04759"
"94","2-(methylamino)-N-(4-methyl-1,3-thiazol-2-yl)-5-[(4-methyl-4H-1,2,4-triazol-3-yl)sulfanyl]benzamide (DB08118)","0.8566","http://www.drugbank.ca/drugs/DB08118"
"95","Minaprine (DB00805)","0.8565","http://www.drugbank.ca/drugs/DB00805"
"96","Etonitazene (DB01462)","0.8565","http://www.drugbank.ca/drugs/DB01462"
"97","Cinolazepam (DB01594)","0.8564","http://www.drugbank.ca/drugs/DB01594"
"98","N-[(3z)-5-Tert-Butyl-2-Phenyl-1,2-Dihydro-3h-Pyrazol-3-Ylidene]-N'-(4-Chlorophenyl)Urea (DB01807)","0.8564","http://www.drugbank.ca/drugs/DB01807"
"99","1-[(2S)-4-(5-phenyl-1H-pyrazolo[3,4-b]pyridin-4-yl)morpholin-2-yl]methanamine (DB08774)","0.8558","http://www.drugbank.ca/drugs/DB08774"
"100","8-(2-CHLOROPHENYLAMINO)-2-(2,6-DIFLUOROPHENYLAMINO)-9-ETHYL-9H-PURINE-1,7-DIIUM (DB08096)","0.8555","http://www.drugbank.ca/drugs/DB08096"
"101","5-ETHYL-3-[(2-METHOXYETHYL)METHYLAMINO]-6-METHYL-4-(3-METHYLBENZYL)PYRIDIN-2(1H)-ONE (DB07018)","0.8551","http://www.drugbank.ca/drugs/DB07018"
"102","SC45647 (DB04778)","0.8546","http://www.drugbank.ca/drugs/DB04778"
"103","Pefloxacin (DB00487)","0.8531","http://www.drugbank.ca/drugs/DB00487"
"104","Fluoxetine (DB00472)","0.8528","http://www.drugbank.ca/drugs/DB00472"
"105","(3R)-N-methyl-3-phenyl-3-[4-(trifluoromethyl)phenoxy]propan-1-amine (DB08472)","0.8528","http://www.drugbank.ca/drugs/DB08472"
"106","(3S)-N-methyl-3-phenyl-3-[4-(trifluoromethyl)phenoxy]propan-1-amine (DB08544)","0.8528","http://www.drugbank.ca/drugs/DB08544"
"107","PYRIMIDINE-4,6-DICARBOXYLIC ACID BIS-(4-FLUORO-3-METHYL-BENZYLAMIDE) (DB04760)","0.8525","http://www.drugbank.ca/drugs/DB04760"
"108","1-[2-(4-ETHOXY-3-FLUOROPYRIDIN-2-YL)ETHYL]-3-(5-METHYLPYRIDIN-2-YL)THIOUREA (DB08372)","0.8525","http://www.drugbank.ca/drugs/DB08372"
"109","2-AMINO-N,N-BIS(PHENYLMETHYL)-1,3-OXAZOLE-5-CARBOXAMIDE (DB08315)","0.8512","http://www.drugbank.ca/drugs/DB08315"
"110","N-(5-{3,4-difluoro-2-[(2-fluoro-4-iodophenyl)amino]phenyl}-1,3,4-oxadiazol-2-yl)ethane-1,2-diamine (DB08130)","0.8506","http://www.drugbank.ca/drugs/DB08130"
"111","2-[2-(4-CHLORO-PHENYLSULFANYL)-ACETYLAMINO]-3-(4-GUANIDINO-PHENYL)-PROPIONAMIDE (DB07105)","0.8505","http://www.drugbank.ca/drugs/DB07105"
"112","2,4-Diamino-5-Methyl-6-[(3,4,5-Trimethoxy-N-Methylanilino)Methyl]Pyrido[2,3-D]Pyrimidine (DB02104)","0.8500","http://www.drugbank.ca/drugs/DB02104"
"113","Aminacrine (DB02842)","0.8500","http://www.drugbank.ca/drugs/DB02842"
"114","Dapiprazole (DB00298)","0.8498","http://www.drugbank.ca/drugs/DB00298"
"115","2-({2-[(3R)-3-AMINOPIPERIDIN-1-YL]-4-OXOQUINAZOLIN-3(4H)-YL}METHYL)BENZONITRILE (DB08588)","0.8498","http://www.drugbank.ca/drugs/DB08588"
"116","N-{2-[6-(2,4-DIAMINO-6-ETHYLPYRIMIDIN-5-YL)-2,2-DIMETHYL-3-OXO-2,3-DIHYDRO-4H-1,4-BENZOTHIAZIN-4-YL]ETHYL}ACETAMIDE (DB06899)","0.8497","http://www.drugbank.ca/drugs/DB06899"
"117","Trifluoperazine (DB00831)","0.8496","http://www.drugbank.ca/drugs/DB00831"
"118","3-[3-(2,3-Dihydroxy-Propylamino)-Phenyl]-4-(5-Fluoro-1-Methyl-1h-Indol-3-Yl)-Pyrrole-2,5-Dione (DB01772)","0.8496","http://www.drugbank.ca/drugs/DB01772"
"119","GW 501516 (DB05416)","0.8496","http://www.drugbank.ca/drugs/DB05416"
"120","N-{2-[6-(2,4-DIAMINO-6-ETHYLPYRIMIDIN-5-YL)-2,2-DIMETHYL-3-OXO-2,3-DIHYDRO-4H-1,4-BENZOXAZIN-4-YL]ETHYL}ACETAMIDE (DB07059)","0.8494","http://www.drugbank.ca/drugs/DB07059"
"121","SU4984 (DB02058)","0.8486","http://www.drugbank.ca/drugs/DB02058"
"122","N-[[3-FLUORO-4-ETHOXY-PYRID-2-YL]ETHYL]-N'-[5-NITRILOMETHYL-PYRIDYL]-THIOUREA (DB07781)","0.8483","http://www.drugbank.ca/drugs/DB07781"
"123","Zolpidem (DB00425)","0.8482","http://www.drugbank.ca/drugs/DB00425"
"124","Gefitinib (DB00317)","0.8478","http://www.drugbank.ca/drugs/DB00317"
"125","[4-({4-[(5-cyclopropyl-1H-pyrazol-3-yl)amino]-6-(methylamino)pyrimidin-2-yl}amino)phenyl]acetonitrile (DB07168)","0.8474","http://www.drugbank.ca/drugs/DB07168"
"126","Temafloxacin (DB01405)","0.8474","http://www.drugbank.ca/drugs/DB01405"
"127","Lomefloxacin (DB00978)","0.8473","http://www.drugbank.ca/drugs/DB00978"
"128","Glisoxepide (DB01289)","0.8472","http://www.drugbank.ca/drugs/DB01289"
"129","1-(2-Amidinophenyl)-3-(Phenoxyphenyl)Urea (DB03337)","0.8467","http://www.drugbank.ca/drugs/DB03337"
"130","1-{3-[(4-pyridin-2-ylpiperazin-1-yl)sulfonyl]phenyl}-3-(1,3-thiazol-2-yl)urea (DB07817)","0.8458","http://www.drugbank.ca/drugs/DB07817"
"131","TRW3-(2-AMINO-3-HYDROXY-PROPYL)-6-(N'-CYCLOHEXYL-HYDRAZINO)OCTAHYDRO-INDOL-7-OL (DB08646)","0.8458","http://www.drugbank.ca/drugs/DB08646"
"132","3-({4-[(5-chloro-1,3-benzodioxol-4-yl)amino]pyrimidin-2-yl}amino)benzenesulfonamide (DB07252)","0.8458","http://www.drugbank.ca/drugs/DB07252"
"133","Trimetrexate (DB01157)","0.8457","http://www.drugbank.ca/drugs/DB01157"
"134","[5-AMINO-1-(4-FLUOROPHENYL)-1H-PYRAZOL-4-YL](3-{[(2R)-2,3-DIHYDROXYPROPYL]OXY}PHENYL)METHANONE (DB08424)","0.8456","http://www.drugbank.ca/drugs/DB08424"
"135","Triprolidine (DB00427)","0.8450","http://www.drugbank.ca/drugs/DB00427"
"136","5-Bromo-N[2-(Dimethylamino)Ethyl]-9-Aminoacridine-4-Carboxamide (DB02390)","0.8449","http://www.drugbank.ca/drugs/DB02390"
"137","N-[(1S)-2-AMINO-1-(2,4-DICHLOROBENZYL)ETHYL]-5-[2-(METHYLAMINO)PYRIMIDIN-4-YL]THIOPHENE-2-CARBOXAMIDE (DB07235)","0.8442","http://www.drugbank.ca/drugs/DB07235"
"138","N'-(5-chloro-1,3-benzodioxol-4-yl)-N-(3-methylsulfonylphenyl)pyrimidine-2,4-diamine (DB07253)","0.8438","http://www.drugbank.ca/drugs/DB07253"
"139","Methotrimeprazine (DB01403)","0.8437","http://www.drugbank.ca/drugs/DB01403"
"140","Vandetanib (DB05294)","0.8432","http://www.drugbank.ca/drugs/DB05294"
"141","5-AMINO-3-{[4-(AMINOSULFONYL)PHENYL]AMINO}-N-(2,6-DIFLUOROPHENYL)-1H-1,2,4-TRIAZOLE-1-CARBOTHIOAMIDE (DB07664)","0.8432","http://www.drugbank.ca/drugs/DB07664"
"142","Clozapine (DB00363)","0.8424","http://www.drugbank.ca/drugs/DB00363"
"143","Ziprasidone (DB00246)","0.8421","http://www.drugbank.ca/drugs/DB00246"
"144","1-[3-({[(4-AMINO-5-FLUORO-2-METHYLQUINOLIN-3-YL)METHYL]THIO}METHYL)PHENYL]-2,2,2-TRIFLUOROETHANE-1,1-DIOL (DB07756)","0.8421","http://www.drugbank.ca/drugs/DB07756"
"145","N-ETHYL-N-ISOPROPYL-3-METHYL-5-{[(2S)-2-(PYRIDIN-4-YLAMINO)PROPYL]OXY}BENZAMIDE (DB07279)","0.8420","http://www.drugbank.ca/drugs/DB07279"
"146","5-CHLORO-THIOPHENE-2-CARBOXYLIC ACID ((3S,4S)-4-FLUORO- 1-{[2-FLUORO-4-(2-OXO-2H-PYRIDIN-1-YL)-PHENYLCARBAMOYL]-METHYL}-PYRROLIDIN-3-YL)-AMIDE (DB08143)","0.8418","http://www.drugbank.ca/drugs/DB08143"
"147","Celecoxib (DB00482)","0.8408","http://www.drugbank.ca/drugs/DB00482"
"148","N-((2-aminopyrimidin-5-yl)methyl)-5-(2,6-difluorophenyl)-3-ethylpyrazolo[1,5-a]pyrimidin-7-amine (DB08538)","0.8408","http://www.drugbank.ca/drugs/DB08538"
"149","4-CHLORO-6-(4-{4-[4-(METHYLSULFONYL)BENZYL]PIPERAZIN-1-YL}-1H-PYRAZOL-5-YL)BENZENE-1,3-DIOL (DB06957)","0.8403","http://www.drugbank.ca/drugs/DB06957"
"150","2,4-Diamino-6-[N-(3',4',5'-Trimethoxybenzyl)-N-Methylamino]Pyrido[2,3-D]Pyrimidine (DB02919)","0.8392","http://www.drugbank.ca/drugs/DB02919"
"151","(3R,4S)-1-[6-(6-METHOXYPYRIDIN-3-YL)PYRIMIDIN-4-YL]-4-(2,4,5-TRIFLUOROPHENYL)PYRROLIDIN-3-AMINE (DB08445)","0.8388","http://www.drugbank.ca/drugs/DB08445"
"152","Flurazepam (DB00690)","0.8385","http://www.drugbank.ca/drugs/DB00690"
"153","Olanzapine (DB00334)","0.8384","http://www.drugbank.ca/drugs/DB00334"
"154","5-{[1-(2-fluorobenzyl)piperidin-4-yl]methoxy}quinazoline-2,4-diamine (DB07642)","0.8384","http://www.drugbank.ca/drugs/DB07642"
"155","[2-(5-MERCAPTO-[1,3,4]THIADIAZOL-2-YLCARBAMOYL)-1-PHENYL-ETHYL]-CARBAMIC ACID BENZYL ESTER (DB07987)","0.8384","http://www.drugbank.ca/drugs/DB07987"
"156","Acepromazine (DB01614)","0.8383","http://www.drugbank.ca/drugs/DB01614"
"157","5-chloro-N-[(3R)-1-(2-{[2-fluoro-4-(2-oxopyridin-1(2H)-yl)phenyl]amino}-2-oxoethyl)pyrrolidin-3-yl]thiophene-2-carboxamide (DB07872)","0.8379","http://www.drugbank.ca/drugs/DB07872"
"158","(2Z,3E)-2,3'-BIINDOLE-2',3(1H,1'H)-DIONE 3-{O-[(3R)-3,4-DIHYDROXYBUTYL]OXIME} (DB07766)","0.8379","http://www.drugbank.ca/drugs/DB07766"
"159","3-[(1R)-1-(2,6-dichloro-3-fluorophenyl)ethoxy]-5-(1-piperidin-4-yl-1H-pyrazol-4-yl)pyridin-2-amine (DB08700)","0.8378","http://www.drugbank.ca/drugs/DB08700"
"160","4-({4-[(4-methoxypyridin-2-yl)amino]piperidin-1-yl}carbonyl)benzonitrile (DB07002)","0.8376","http://www.drugbank.ca/drugs/DB07002"
"161","Diampromide (DB01502)","0.8372","http://www.drugbank.ca/drugs/DB01502"
"162","Fluphenazine (DB00623)","0.8367","http://www.drugbank.ca/drugs/DB00623"
"163","6-(2,4-DIAMINO-6-ETHYLPYRIMIDIN-5-YL)-4-(3-METHOXYPROPYL)-2,2-DIMETHYL-2H-1,4-BENZOXAZIN-3(4H)-ONE (DB07174)","0.8366","http://www.drugbank.ca/drugs/DB07174"
"164","Formoterol (DB00983)","0.8357","http://www.drugbank.ca/drugs/DB00983"
"165","Arformoterol (DB01274)","0.8357","http://www.drugbank.ca/drugs/DB01274"
"166","Aceprometazine (DB01615)","0.8355","http://www.drugbank.ca/drugs/DB01615"
"167","(2R)-4-(2-BENZOYL-1,2-DIAZEPAN-1-YL)-4-OXO-1-(2,4,5-TRIFLUOROPHENYL)BUTAN-2-AMINE (DB08051)","0.8354","http://www.drugbank.ca/drugs/DB08051"
"168","N7-BUTYL-N2-(5-CHLORO-2-METHYLPHENYL)-5-METHYL[1,2,4]TRIAZOLO[1,5-A]PYRIMIDINE-2,7-DIAMINE (DB07128)","0.8353","http://www.drugbank.ca/drugs/DB07128"
"169","7-(2,5-dihydropyrrol-1-yl)-6-phenyl-pyrido[6,5-d]pyrimidin-2-amine (DB08146)","0.8353","http://www.drugbank.ca/drugs/DB08146"
"170","1-(3-(2,4-DIMETHYLTHIAZOL-5-YL)-4-OXO-2,4-DIHYDROINDENO[1,2-C]PYRAZOL-5-YL)-3-(4-METHYLPIPERAZIN-1-YL)UREA (DB07622)","0.8335","http://www.drugbank.ca/drugs/DB07622"
"171","8-ethyl-3,10,10-trimethyl-4,5,6,8,10,12-hexahydropyrazolo[4',3':6,7]cyclohepta[1,2-b]pyrrolo[2,3-f]indol-9(1H)-one (DB07266)","0.8334","http://www.drugbank.ca/drugs/DB07266"
"172","Amoxapine (DB00543)","0.8329","http://www.drugbank.ca/drugs/DB00543"
"173","4-[3-Methylsulfanylanilino]-6,7-Dimethoxyquinazoline (DB02984)","0.8329","http://www.drugbank.ca/drugs/DB02984"
"174","Erlotinib (DB00530)","0.8328","http://www.drugbank.ca/drugs/DB00530"
"175","1-Ter-Butyl-3-P-Tolyl-1h-Pyrazolo[3,4-D]Pyrimidin-4-Ylamine (DB01809)","0.8319","http://www.drugbank.ca/drugs/DB01809"
"176","Propiomazine (DB00777)","0.8318","http://www.drugbank.ca/drugs/DB00777"
"177","Hydroxychloroquine (DB01611)","0.8316","http://www.drugbank.ca/drugs/DB01611"
"178","N-cyclohexyl-3-[3-(trifluoromethyl)phenyl][1,2,4]triazolo[4,3-b]pyridazin-6-amine (DB08708)","0.8314","http://www.drugbank.ca/drugs/DB08708"
"179","2-{4-[4-({4-[2-methyl-1-(1-methylethyl)-1H-imidazol-5-yl]pyrimidin-2-yl}amino)phenyl]piperazin-1-yl}-2-oxoethanol (DB07982)","0.8304","http://www.drugbank.ca/drugs/DB07982"
"180","1-[4-(AMINOMETHYL)BENZOYL]-5'-FLUORO-1'H-SPIRO[PIPERIDINE-4,2'-QUINAZOLIN]-4'-AMINE (DB08750)","0.8302","http://www.drugbank.ca/drugs/DB08750"
"181","Quinacrine (DB01103)","0.8302","http://www.drugbank.ca/drugs/DB01103"
"182","Trazodone (DB00656)","0.8300","http://www.drugbank.ca/drugs/DB00656"
"183","4-{[(2,6-difluorophenyl)carbonyl]amino}-N-[(3S)-piperidin-3-yl]-1H-pyrazole-3-carboxamide (DB08141)","0.8297","http://www.drugbank.ca/drugs/DB08141"
"184","Haloxazolam (DB01476)","0.8296","http://www.drugbank.ca/drugs/DB01476"
"185","Loxapine (DB00408)","0.8292","http://www.drugbank.ca/drugs/DB00408"
"186","1-(5-CHLORO-2-METHOXYPHENYL)-3-{6-[2-(DIMETHYLAMINO)-1-METHYLETHOXY]PYRAZIN-2-YL}UREA (DB07228)","0.8290","http://www.drugbank.ca/drugs/DB07228"
"187","5-{[1-(2,3-dichlorobenzyl)piperidin-4-yl]methoxy}quinazoline-2,4-diamine (DB07643)","0.8282","http://www.drugbank.ca/drugs/DB07643"
"188","6-(3-AMINOPHENYL)-N-(TERT-BUTYL)-2-(TRIFLUOROMETHYL)QUINAZOLIN-4-AMINE (DB07612)","0.8281","http://www.drugbank.ca/drugs/DB07612"
"189","[3-(1-Benzyl-3-Carbamoylmethyl-2-Methyl-1h-Indol-5-Yloxy)-Propyl-]-Phosphonic Acid (DB02504)","0.8278","http://www.drugbank.ca/drugs/DB02504"
"190","2-[2-(2-FLUOROPHENYL)PYRIDIN-4-YL]-1,5,6,7-TETRAHYDRO-4H-PYRROLO[3,2-C]PYRIDIN-4-ONE (DB07728)","0.8277","http://www.drugbank.ca/drugs/DB07728"
"191","1-[(3S)-5-PHENYL-3-THIOPHEN-2-YL-3H-1,4-BENZODIAZEPIN-2-YL]AZETIDIN-3-OL (DB08698)","0.8277","http://www.drugbank.ca/drugs/DB08698"
"192","4-(1-Benzyl-3-Carbamoylmethyl-2-Methyl-1h-Indol-5-Yloxy)-Butyric Acid (DB02936)","0.8275","http://www.drugbank.ca/drugs/DB02936"
"193","1-Benzyl-5-Methoxy-2-Methyl-1h-Indol-3-Yl)-Acetic Acid (DB03121)","0.8267","http://www.drugbank.ca/drugs/DB03121"
"194","(3R,4S)-1-[(4-amino-5H-pyrrolo[3,2-d]pyrimidin-7-yl)methyl]-4-[(benzylsulfanyl)methyl]pyrrolidin-3-ol (DB07649)","0.8265","http://www.drugbank.ca/drugs/DB07649"
"195","6-(3-AMINOPROPYL)-4,9-DIMETHYLPYRROLO[3,4-C]CARBAZOLE-1,3(2H,6H)-DIONE (DB07444)","0.8261","http://www.drugbank.ca/drugs/DB07444"
"196","Ridogrel (DB01207)","0.8260","http://www.drugbank.ca/drugs/DB01207"
"197","Rimonabant (DB06155)","0.8259","http://www.drugbank.ca/drugs/DB06155"
"198","1-(6-CYANO-3-PYRIDYLCARBONYL)-5',8'-DIFLUOROSPIRO[PIPERIDINE-4,2'(1'H)-QUINAZOLINE]-4'-AMINE (DB07405)","0.8258","http://www.drugbank.ca/drugs/DB07405"
"199","N-{2'-[(4-FLUOROPHENYL)AMINO]-4,4'-BIPYRIDIN-2-YL}-4-METHOXYCYCLOHEXANECARBOXAMIDE (DB08025)","0.8254","http://www.drugbank.ca/drugs/DB08025"
"200","6-(2,5-Dimethoxy-Benzyl)-5-Methyl-Pyrido[2,3-D]Pyrimidine-2,4-Diamine (DB03695)","0.8252","http://www.drugbank.ca/drugs/DB03695"
"201","RPR131247 (DB02744)","0.8251","http://www.drugbank.ca/drugs/DB02744"
"202","6-[N-(4-Ethyl-1,2,3,4-Tetrahydro-6-Isoquinolinyl)Carbamyl]-2-Naphthalenecarboxamidine (DB02551)","0.8251","http://www.drugbank.ca/drugs/DB02551"
"203","Sri-9662 (DB03060)","0.8249","http://www.drugbank.ca/drugs/DB03060"
"204","2-(6-CHLORO-3-{[2,2-DIFLUORO-2-(2-PYRIDINYL)ETHYL]AMINO}-2-OXO-1(2H)-PYRAZINYL)-N-[(2-FLUORO-3-METHYL-6-PYRIDINYL)METHYL]ACETAMIDE (DB07549)","0.8248","http://www.drugbank.ca/drugs/DB07549"
"205","1-tert-butyl-3-(3-methylbenzyl)-1H-pyrazolo[3,4-d]pyrimidin-4-amine (DB08699)","0.8248","http://www.drugbank.ca/drugs/DB08699"
"206","(3R,4S)-1-{6-[3-(METHYLSULFONYL)PHENYL]PYRIMIDIN-4-YL}-4-(2,4,5-TRIFLUOROPHENYL)PYRROLIDIN-3-AMINE (DB07666)","0.8247","http://www.drugbank.ca/drugs/DB07666"
"207","4-[1-allyl-7-(trifluoromethyl)-1H-indazol-3-yl]benzene-1,3-diol (DB08047)","0.8246","http://www.drugbank.ca/drugs/DB08047"
"208","2-(6-CHLORO-3-{[2,2-DIFLUORO-2-(2-PYRIDINYL)ETHYL]AMINO}-2-OXO-1(2H)-PYRAZINYL)-N-[(2-FLUORO-6-PYRIDINYL)METHYL]ACETAMIDE (DB07548)","0.8245","http://www.drugbank.ca/drugs/DB07548"
"209","IMIDAZOPYRIDAZIN 1 (DB04715)","0.8243","http://www.drugbank.ca/drugs/DB04715"
"210","(R)-N-(3-Indol-1-Yl-2-Methyl-Propyl)-4-Sulfamoyl-Benzamide (DB02479)","0.8243","http://www.drugbank.ca/drugs/DB02479"
"211","Cinchocaine (DB00527)","0.8241","http://www.drugbank.ca/drugs/DB00527"
"212","Quetiapine (DB01224)","0.8237","http://www.drugbank.ca/drugs/DB01224"
"213","Azelastine (DB00972)","0.8235","http://www.drugbank.ca/drugs/DB00972"
"214","3-[(4-AMINO-1-TERT-BUTYL-1H-PYRAZOLO[3,4-D]PYRIMIDIN-3-YL)METHYL]PHENOL (DB08461)","0.8234","http://www.drugbank.ca/drugs/DB08461"
"215","4-{[4-{[(1R,2R)-2-(dimethylamino)cyclopentyl]amino}-5-(trifluoromethyl)pyrimidin-2-yl]amino}-N-methylbenzenesulfonamide (DB08341)","0.8230","http://www.drugbank.ca/drugs/DB08341"
"216","6-[N-(1-Isopropyl-1,2,3,4-Tetrahydro-7-Isoquinolinyl)Carbamyl]-2-Naphthalenecarboxamidine (DB02705)","0.8221","http://www.drugbank.ca/drugs/DB02705"
"217","Methotrexate (DB00563)","0.8213","http://www.drugbank.ca/drugs/DB00563"
"218","Cinacalcet (DB01012)","0.8211","http://www.drugbank.ca/drugs/DB01012"
"219","2-(2,6-DIFLUOROPHENOXY)-N-(2-FLUOROPHENYL)-9-ISOPROPYL-9H-PURIN-8-AMINE (DB08097)","0.8208","http://www.drugbank.ca/drugs/DB08097"
"220","Alogliptin  (DB06203)","0.8207","http://www.drugbank.ca/drugs/DB06203"
"221","(3R,4R)-1-{6-[3-(METHYLSULFONYL)PHENYL]PYRIMIDIN-4-YL}-4-(2,4,5-TRIFLUOROPHENYL)PIPERIDIN-3-AMINE (DB08164)","0.8206","http://www.drugbank.ca/drugs/DB08164"
"222","3,6-DIAMINO-5-CYANO-4-(4-ETHOXYPHENYL)THIENO[2,3-B]PYRIDINE-2-CARBOXAMIDE (DB08788)","0.8203","http://www.drugbank.ca/drugs/DB08788"
"223","Lansoprazole (DB00448)","0.8200","http://www.drugbank.ca/drugs/DB00448"
"224","L-Histidine Beta Naphthylamide (DB01938)","0.8199","http://www.drugbank.ca/drugs/DB01938"
"225","Pagoclone (DB04903)","0.8197","http://www.drugbank.ca/drugs/DB04903"
"226","4-[(3S)-1-AZABICYCLO[2.2.2]OCT-3-YLAMINO]-3-(1H-BENZIMIDAZOL-2-YL)-6-CHLOROQUINOLIN-2(1H)-ONE (DB06852)","0.8197","http://www.drugbank.ca/drugs/DB06852"
"227","(4R)-N-[4-({[2-(DIMETHYLAMINO)ETHYL]AMINO}CARBONYL)-1,3-THIAZOL-2-YL]-4-METHYL-1-OXO-2,3,4,9-TETRAHYDRO-1H-BETA-CARBOLINE-6-CARBOXAMIDE (DB07406)","0.8184","http://www.drugbank.ca/drugs/DB07406"
"228","N-(2-METHOXYETHYL)-4-({4-[2-METHYL-1-(1-METHYLETHYL)-1H-IMIDAZOL-5-YL]PYRIMIDIN-2-YL}AMINO)BENZENESULFONAMIDE (DB07790)","0.8180","http://www.drugbank.ca/drugs/DB07790"
"229","Prazepam (DB01588)","0.8178","http://www.drugbank.ca/drugs/DB01588"
"230","Dasatinib (DB01254)","0.8178","http://www.drugbank.ca/drugs/DB01254"
"231","6-[N-(4-(Aminomethyl)Phenyl)Carbamyl]-2-Naphthalenecarboxamidine (DB02398)","0.8178","http://www.drugbank.ca/drugs/DB02398"
"232","Phenserine (DB04892)","0.8176","http://www.drugbank.ca/drugs/DB04892"
"233","Ezetimibe (DB00973)","0.8174","http://www.drugbank.ca/drugs/DB00973"
"234","2-{4-[5-(4-chlorophenyl)-4-pyrimidin-4-yl-1H-pyrazol-3-yl]piperidin-1-yl}-2-oxoethanol (DB07943)","0.8172","http://www.drugbank.ca/drugs/DB07943"
"235","N-(4-{[(3S)-3-(dimethylamino)pyrrolidin-1-yl]carbonyl}phenyl)-5-fluoro-4-[2-methyl-1-(1-methylethyl)-1H-imidazol-5-yl]pyrimidin-2-amine (DB07936)","0.8163","http://www.drugbank.ca/drugs/DB07936"
"236","6-[N-(1-Isopropyl-3,4-Dihydro-7-Isoquinolinyl)Carbamyl]-2-Naphthalenecarboxamidine (DB02473)","0.8163","http://www.drugbank.ca/drugs/DB02473"
"237","4-[(2-{4-[(CYCLOPROPYLCARBAMOYL)AMINO]-1H-PYRAZOL-3-YL}-1H-BENZIMIDAZOL-6-YL)METHYL]MORPHOLIN-4-IUM (DB08067)","0.8159","http://www.drugbank.ca/drugs/DB08067"
"238","5-[1-(3,4-Dimethoxy-Benzoyl)-1,2,3,4-Tetrahydro-Quinolin-6-Yl]-6-Methyl-3,6-Dihydro-[1,3,4]Thiadiazin-2-One (DB03944)","0.8157","http://www.drugbank.ca/drugs/DB03944"
"239","4-BROMO-2-FLUORO-N-[(4E)-6-METHOXY-7-[(1-METHYLPIPERIDIN-4-YL)METHOXY]QUINAZOLIN-4(1H)-YLIDENE]ANILINE (DB08764)","0.8155","http://www.drugbank.ca/drugs/DB08764"
"240","4-[(3R)-3-{[2-(4-FLUOROPHENYL)-2-OXOETHYL]AMINO}BUTYL]BENZAMIDE (DB08672)","0.8154","http://www.drugbank.ca/drugs/DB08672"
"241","3-({2-[(2-AMINO-6-METHYLPYRIMIDIN-4-YL)ETHYNYL]BENZYL}AMINO)-1,3-OXAZOL-2(3H)-ONE (DB07324)","0.8153","http://www.drugbank.ca/drugs/DB07324"
"242","N-(7-CARBAMIMIDOYL-NAPHTHALEN-1-YL)-3-HYDROXY-2-METHYL-BENZAMIDE (DB07212)","0.8152","http://www.drugbank.ca/drugs/DB07212"
"243","[4-(3-AMINOMETHYL-PHENYL)-PIPERIDIN-1-YL]-(5-PHENETHYL- PYRIDIN-3-YL)-METHANONE (DB04764)","0.8150","http://www.drugbank.ca/drugs/DB04764"
"244","PYRIMIDINE-4,6-DICARBOXYLIC ACID BIS-[(PYRIDIN-3-YLMETHYL)-AMIDE] (DB04761)","0.8148","http://www.drugbank.ca/drugs/DB04761"
"245","Midazolam (DB00683)","0.8145","http://www.drugbank.ca/drugs/DB00683"
"246","Bopindolol (DB08807)","0.8145","http://www.drugbank.ca/drugs/DB08807"
"247","1-TERT-BUTYL-3-(2,5-DIMETHYLBENZYL)-1H-PYRAZOLO[3,4-D]PYRIMIDIN-4-AMINE (DB08035)","0.8144","http://www.drugbank.ca/drugs/DB08035"
"248","(2S)-4-(2,5-DIFLUOROPHENYL)-N,N-DIMETHYL-2-PHENYL-2,5-DIHYDRO-1H-PYRROLE-1-CARBOXAMIDE (DB08246)","0.8143","http://www.drugbank.ca/drugs/DB08246"
"249","CRA_9785 (DB03595)","0.8141","http://www.drugbank.ca/drugs/DB03595"
"250","Flunarizine (DB04841)","0.8141","http://www.drugbank.ca/drugs/DB04841"
"251","(2e)-N-Allyl-4-{[3-(4-Bromophenyl)-5-Fluoro-1-Methyl-1h-Indazol-6-Yl]Oxy}-N-Methyl-2-Buten-1-Amine (DB02139)","0.8137","http://www.drugbank.ca/drugs/DB02139"
"252","4-{[5-chloro-4-(1H-indol-3-yl)pyrimidin-2-yl]amino}-N-ethylpiperidine-1-carboxamide (DB08005)","0.8130","http://www.drugbank.ca/drugs/DB08005"
"253","2,6-DIMETHYL-1-(3-[3-METHYL-5-ISOXAZOLYL]-PROPANYL)-4-[2N-METHYL-2H-TETRAZOL-5-YL]-PHENOL (DB08713)","0.8130","http://www.drugbank.ca/drugs/DB08713"
"254","8-bromo-4-(2-chlorophenyl)-N-(2-hydroxyethyl)-6-methyl-1,3-dioxo-1,2,3,6-tetrahydropyrrolo[3,4-e]indole-7-carboxamide (DB08365)","0.8129","http://www.drugbank.ca/drugs/DB08365"
"255","Aminopterin (DB08878)","0.8125","http://www.drugbank.ca/drugs/DB08878"
"256","(9S)-9-[(8-AMMONIOOCTYL)AMINO]-1,2,3,4,9,10-HEXAHYDROACRIDINIUM (DB04617)","0.8117","http://www.drugbank.ca/drugs/DB04617"
"257","Olomoucine (DB02116)","0.8116","http://www.drugbank.ca/drugs/DB02116"
"258","Allyl-{6-[3-(4-Bromo-Phenyl)-1-Methyl-1h-Indazol-6-Yl]Oxy}Hexyl)-N-Methylamine (DB03888)","0.8115","http://www.drugbank.ca/drugs/DB03888"
"259","Eletriptan (DB00216)","0.8111","http://www.drugbank.ca/drugs/DB00216"
"260","CRA_10950 (DB03494)","0.8109","http://www.drugbank.ca/drugs/DB03494"
"261","6-FLUORO-2-(2-HYDROXY-3-ISOBUTOXY-PHENYL)-1H-BENZOIMIDAZOLE-5-CARBOXAMIDINE (DB06855)","0.8109","http://www.drugbank.ca/drugs/DB06855"
"262","3-({[3,5-DIFLUORO-3'-(TRIFLUOROMETHOXY)BIPHENYL-4-YL]AMINO}CARBONYL)THIOPHENE-2-CARBOXYLIC ACID (DB07977)","0.8108","http://www.drugbank.ca/drugs/DB07977"
"263","Dimetindene (DB08801)","0.8106","http://www.drugbank.ca/drugs/DB08801"
"264","CRA_10656 (DB04470)","0.8104","http://www.drugbank.ca/drugs/DB04470"
"265","ZK-805623 (DB04432)","0.8103","http://www.drugbank.ca/drugs/DB04432"
"266","5-amino-2-methyl-N-[(1R)-1-naphthalen-1-ylethyl]benzamide (DB08656)","0.8102","http://www.drugbank.ca/drugs/DB08656"
"267","Labetalol (DB00598)","0.8096","http://www.drugbank.ca/drugs/DB00598"
"268","Propericiazine (DB01608)","0.8091","http://www.drugbank.ca/drugs/DB01608"
"269","4-(3-{[5-(trifluoromethyl)pyridin-2-yl]oxy}benzyl)piperidine-1-carboxylic acid (DB08400)","0.8091","http://www.drugbank.ca/drugs/DB08400"
"270","Ethopropazine (DB00392)","0.8090","http://www.drugbank.ca/drugs/DB00392"
"271","CRA_16847 (DB02063)","0.8081","http://www.drugbank.ca/drugs/DB02063"
"272","Sertindole (DB06144)","0.8079","http://www.drugbank.ca/drugs/DB06144"
"273","Pleconaril (DB05105)","0.8078","http://www.drugbank.ca/drugs/DB05105"
"274","CRA_10972 (DB02989)","0.8077","http://www.drugbank.ca/drugs/DB02989"
"275","{3-[(4,5,7-TRIFLUORO-1,3-BENZOTHIAZOL-2-YL)METHYL]-1H-INDOL-1-YL}ACETIC ACID (DB07063)","0.8075","http://www.drugbank.ca/drugs/DB07063"
"276","4-(2-chlorophenyl)-8-(2-hydroxyethyl)-6-methylpyrrolo[3,4-e]indole-1,3(2H,6H)-dione (DB07257)","0.8070","http://www.drugbank.ca/drugs/DB07257"
"277","4-[(1S)-1-(3-fluoro-4-methoxyphenyl)-2-(2-methoxy-5-nitrophenyl)ethyl]-1H-imidazol-2-amine (DB07415)","0.8070","http://www.drugbank.ca/drugs/DB07415"
"278","4-{[4-(1-CYCLOPROPYL-2-METHYL-1H-IMIDAZOL-5-YL)PYRIMIDIN-2-YL]AMINO}-N-METHYLBENZENESULFONAMIDE (DB07791)","0.8070","http://www.drugbank.ca/drugs/DB07791"
"279","6-(N-Phenylcarbamyl)-2-Naphthalenecarboxamidine (DB01977)","0.8069","http://www.drugbank.ca/drugs/DB01977"
"280","5-(Aminomethyl)-6-(2,4-Dichlorophenyl)-2-(3,5-Dimethoxyphenyl)Pyrimidin-4-Amine (DB02004)","0.8064","http://www.drugbank.ca/drugs/DB02004"
"281","Imipramine (DB00458)","0.8063","http://www.drugbank.ca/drugs/DB00458"
"282","Lucanthone (DB04967)","0.8062","http://www.drugbank.ca/drugs/DB04967"
"283","Bis(5-Amidino-Benzimidazolyl)Methanone Zinc (DB03443)","0.8060","http://www.drugbank.ca/drugs/DB03443"
"284","Naphthyridine Inhibitor (DB04434)","0.8057","http://www.drugbank.ca/drugs/DB04434"
"285","Trimipramine (DB00726)","0.8055","http://www.drugbank.ca/drugs/DB00726"
"286","2-(3-((4,5,7-trifluorobenzo[d]thiazol-2-yl)methyl)-1H-pyrrolo[2,3-b]pyridin-1-yl)acetic acid (DB08449)","0.8055","http://www.drugbank.ca/drugs/DB08449"
"287","2,6-DIMETHYL-1-(3-[3-METHYL-5-ISOXAZOLYL]-PROPANYL)-4-[2-METHYL-4-ISOXAZOLYL]-PHENOL (DB08715)","0.8049","http://www.drugbank.ca/drugs/DB08715"
"288","ISOQUINOLINE-5-SULFONIC ACID (2-(2-(4-CHLOROBENZYLOXY)ETHYLAMINO)ETHYL)AMIDE (DB07947)","0.8047","http://www.drugbank.ca/drugs/DB07947"
"289","Clomipramine (DB01242)","0.8047","http://www.drugbank.ca/drugs/DB01242"
"290","Phenylbutazone (DB00812)","0.8045","http://www.drugbank.ca/drugs/DB00812"
"291","5-[4-Tert-Butylphenylsulfanyl]-2,4-Quinazolinediamine (DB01958)","0.8045","http://www.drugbank.ca/drugs/DB01958"
"292","Pioglitazone (DB01132)","0.8040","http://www.drugbank.ca/drugs/DB01132"
"293","Sildenafil (DB00203)","0.8036","http://www.drugbank.ca/drugs/DB00203"
"294","6-(4-{(1S,2S)-2-AMINO-1-[(DIMETHYLAMINO)CARBONYL]-3-[(3S)-3-FLUOROPYRROLIDIN-1-YL]-3-OXOPROPYL}PHENYL)-1H-[1,2,4]TRIAZOLO[1,5-A]PYRIDIN-4-IUM (DB08504)","0.8035","http://www.drugbank.ca/drugs/DB08504"
"295","6-[(Z)-AMINO(IMINO)METHYL]-N-[3-(CYCLOPENTYLOXY)PHENYL]-2-NAPHTHAMIDE (DB07076)","0.8034","http://www.drugbank.ca/drugs/DB07076"
"296","N-(3-CYCLOPROPYL-1H-PYRAZOL-5-YL)-2-(2-NAPHTHYL)ACETAMIDE (DB06944)","0.8033","http://www.drugbank.ca/drugs/DB06944"
"297","N-cyclopropyl-2',6-dimethyl-4'-(5-methyl-1,3,4-oxadiazol-2-yl)biphenyl-3-carboxamide (DB07811)","0.8031","http://www.drugbank.ca/drugs/DB07811"
"298","N-(2-AMINOETHYL)-2-{3-CHLORO-4-[(4-ISOPROPYLBENZYL)OXY]PHENYL} ACETAMIDE (DB08610)","0.8030","http://www.drugbank.ca/drugs/DB08610"
"299","Fentanyl (DB00813)","0.8030","http://www.drugbank.ca/drugs/DB00813"
"300","Risperidone (DB00734)","0.8029","http://www.drugbank.ca/drugs/DB00734"
"301","Prazosin (DB00457)","0.8028","http://www.drugbank.ca/drugs/DB00457"
"302","4-chloro-6-{5-[(2-morpholin-4-ylethyl)amino]-1,2-benzisoxazol-3-yl}benzene-1,3-diol (DB07601)","0.8028","http://www.drugbank.ca/drugs/DB07601"
"303","3-(2-AMINO-6-BENZOYLQUINAZOLIN-3(4H)-YL)-N-CYCLOHEXYL-N-METHYLPROPANAMIDE (DB08749)","0.8027","http://www.drugbank.ca/drugs/DB08749"
"304","Acetophenazine (DB01063)","0.8020","http://www.drugbank.ca/drugs/DB01063"
"305","N-{2,2-DIFLUORO-2-[(2R)-PIPERIDIN-2-YL]ETHYL}-2-[2-(1H-1,2,4-TRIAZOL-1-YL)BENZYL][1,3]OXAZOLO[4,5-C]PYRIDIN-4-AMINE (DB04591)","0.8019","http://www.drugbank.ca/drugs/DB04591"
"306","Oxyphenbutazone (DB03585)","0.8017","http://www.drugbank.ca/drugs/DB03585"
"307","SB220025 (DB04338)","0.8012","http://www.drugbank.ca/drugs/DB04338"
"308","(4R)-4-(3-HYDROXYPHENYL)-N,N,7,8-TETRAMETHYL-3,4-DIHYDROISOQUINOLINE-2(1H)-CARBOXAMIDE (DB07064)","0.8008","http://www.drugbank.ca/drugs/DB07064"
"309","Prochlorperazine (DB00433)","0.8008","http://www.drugbank.ca/drugs/DB00433"
"310","Thiethylperazine (DB00372)","0.8002","http://www.drugbank.ca/drugs/DB00372"
"311","5-(3,5-DICHLOROPHENYL)THIO-4-ISOPROPYL-1-(PYRIDIN-4-YL-METHYL)-1H-IMIDAZOL-2-YL-METHYL CARBAMATE (DB08502)","0.8002","http://www.drugbank.ca/drugs/DB08502"
"312","3-[(4-fluorophenyl)sulfanyl]-N-(4-methyl-1,3-thiazol-2-yl)-6-[(4-methyl-4H-1,2,4-triazol-3-yl)sulfanyl]pyridine-2-carboxamide (DB07359)","0.7999","http://www.drugbank.ca/drugs/DB07359"
"313","Folic Acid (DB00158)","0.7996","http://www.drugbank.ca/drugs/DB00158"
"314","6-({5-fluoro-2-[(3,4,5-trimethoxyphenyl)amino]pyrimidin-4-yl}amino)-2,2-dimethyl-2H-pyrido[3,2-b][1,4]oxazin-3(4H)-one (DB07159)","0.7988","http://www.drugbank.ca/drugs/DB07159"
"315","(4R,2S)-5'-(4-(4-CHLOROBENZYLOXY)PYRROLIDIN-2-YLMETHANESULFONYL)ISOQUINOLINE (DB07583)","0.7986","http://www.drugbank.ca/drugs/DB07583"
"316","Diphenylpyraline (DB01146)","0.7986","http://www.drugbank.ca/drugs/DB01146"
"317","Tolnaftate (DB00525)","0.7983","http://www.drugbank.ca/drugs/DB00525"
"318","2-{4-[2-(2-AMINO-4-OXO-4,7-DIHYDRO-3H-PYRROLO[2,3-D]PYRIMIDIN-5-YL)-ETHYL]-BENZOYLAMINO}-3-METHYL-BUTYRIC ACID (DB08131)","0.7983","http://www.drugbank.ca/drugs/DB08131"
"319","Talampanel (DB04982)","0.7982","http://www.drugbank.ca/drugs/DB04982"
"320","FR230513 (DB03572)","0.7980","http://www.drugbank.ca/drugs/DB03572"
"321","N-{(1s)-4-[Bis(2-Chloroethyl)Amino]-1-Methylbutyl}-N-(6-Chloro-2-Methoxy-9-Acridinyl)Amine (DB02240)","0.7979","http://www.drugbank.ca/drugs/DB02240"
"322","4-(4-chlorobenzyl)-1-(7H-pyrrolo[2,3-d]pyrimidin-4-yl)piperidin-4-aminium (DB08150)","0.7976","http://www.drugbank.ca/drugs/DB08150"
"323","Pemetrexed (DB00642)","0.7969","http://www.drugbank.ca/drugs/DB00642"
"324","1-(2-CYCLOPROPYLETHYL)-3-(1,1-DIOXIDO-2H-1,2,4-BENZOTHIADIAZIN-3-YL)-6-FLUORO-4-HYDROXYQUINOLIN-2(1H)-ONE (DB08278)","0.7967","http://www.drugbank.ca/drugs/DB08278"
"325","2-{[(1R,2S)-2-aminocyclohexyl]amino}-4-[(3-methylphenyl)amino]pyrimidine-5-carboxamide (DB08361)","0.7966","http://www.drugbank.ca/drugs/DB08361"
"326","Pirenzepine (DB00670)","0.7966","http://www.drugbank.ca/drugs/DB00670"
"327","(5E,7S)-2-amino-7-(4-fluoro-2-pyridin-3-ylphenyl)-4-methyl-7,8-dihydroquinazolin-5(6H)-one oxime (DB08197)","0.7966","http://www.drugbank.ca/drugs/DB08197"
"328","Econazole (DB01127)","0.7965","http://www.drugbank.ca/drugs/DB01127"
"329","9-(4-Hydroxybutyl)-N2-Phenylguanine (DB02495)","0.7954","http://www.drugbank.ca/drugs/DB02495"
"330","S-[5-(TRIFLUOROMETHYL)-4H-1,2,4-TRIAZOL-3-YL] 5-(PHENYLETHYNYL)FURAN-2-CARBOTHIOATE (DB07743)","0.7948","http://www.drugbank.ca/drugs/DB07743"
"331","(6S)-1-chloro-3-[(4-fluorobenzyl)oxy]-6-(pyrrolidin-1-ylcarbonyl)pyrrolo[1,2-a]pyrazin-4(6H)-one (DB07148)","0.7945","http://www.drugbank.ca/drugs/DB07148"
"332","Indacaterol (DB05039)","0.7942","http://www.drugbank.ca/drugs/DB05039"
"333","METHYL 1-(4-{[(2,4-DIAMINOPTERIDIN-6-YL)METHYL](METHYL)AMINO}BENZOYL)PIPERIDINE-4-CARBOXYLATE (DB07765)","0.7933","http://www.drugbank.ca/drugs/DB07765"
"334","Rabeprazole (DB01129)","0.7930","http://www.drugbank.ca/drugs/DB01129"
"335","IDD552 (DB02834)","0.7927","http://www.drugbank.ca/drugs/DB02834"
"336","FR233623 (DB03220)","0.7923","http://www.drugbank.ca/drugs/DB03220"
"337","[2-(1-Amino-2-Hydroxy-Propyl)-4-(4-Fluoro-1h-Indol-3-Ylmethyl)-5-Hydroxy-Imidazol-1-Yl]-Acetic Acid (DB01674)","0.7919","http://www.drugbank.ca/drugs/DB01674"
"338","(3R)-3-[(1,2,3,4-tetrahydroisoquinolin-7-yloxy)methyl]-2,3-dihydrothieno[2,3-f][1,4]oxazepin-5-amine (DB07007)","0.7916","http://www.drugbank.ca/drugs/DB07007"
"339","(3,3-dimethylpiperidin-1-yl)(6-(3-fluoro-4-methylphenyl)pyridin-2-yl)methanone (DB06992)","0.7908","http://www.drugbank.ca/drugs/DB06992"
"340","(S)-2-[(R)-3-amino-4-(2-fluorophenyl)butyryl]-1,2,3,4-tetrahydroisoquinoline-3-carboxamide (DB04578)","0.7907","http://www.drugbank.ca/drugs/DB04578"
"341","N-(cyclopropylmethyl)-2'-methyl-5'-(5-methyl-1,3,4-oxadiazol-2-yl)biphenyl-4-carboxamide (DB07834)","0.7904","http://www.drugbank.ca/drugs/DB07834"
"342","METHYL 1-(4-{[(2,4-DIAMINOPTERIDIN-6-YL)METHYL]AMINO}BENZOYL)PIPERIDINE-4-CARBOXYLATE (DB07689)","0.7903","http://www.drugbank.ca/drugs/DB07689"
"343","Acetyl-alpha-methylfentanyl (DB01532)","0.7902","http://www.drugbank.ca/drugs/DB01532"
"344","CRA_10655 (DB02526)","0.7902","http://www.drugbank.ca/drugs/DB02526"
"345","Thioproperazine (DB01622)","0.7899","http://www.drugbank.ca/drugs/DB01622"
"346","HCV-086 (DB05884)","0.7896","http://www.drugbank.ca/drugs/DB05884"
"347","N6-METHYL-(R)-ROSCOVITINE, R-2-[6-(BENZYL-METHYL-AMINO)-9-ISOPROPYL-9H-PURIN-2-YLAMINO]-BUTAN-1-OL (DB04776)","0.7896","http://www.drugbank.ca/drugs/DB04776"
"348","Perphenazine (DB00850)","0.7893","http://www.drugbank.ca/drugs/DB00850"
"349","(5Z)-5-[(5-ETHYL-2-FURYL)METHYLENE]-2-{[(S)-(4-FLUOROPHENYL)(1H-TETRAZOL-5-YL)METHYL]AMINO}-1,3-THIAZOL-4(5H)-ONE (DB08710)","0.7890","http://www.drugbank.ca/drugs/DB08710"
"350","(3S)-1-(1,3-BENZODIOXOL-5-YLMETHYL)-3-[4-(1H-IMIDAZOL-1-YL)PHENOXY]PIPERIDINE (DB07011)","0.7890","http://www.drugbank.ca/drugs/DB07011"
"351","(2S)-2-({6-[(3-AMINO-5-CHLOROPHENYL)AMINO]-9-ISOPROPYL-9H-PURIN-2-YL}AMINO)-3-METHYLBUTAN-1-OL (DB07379)","0.7888","http://www.drugbank.ca/drugs/DB07379"
"352","N-(6-{[3-(4-Bromophenyl)-1,2-Benzisothiazol-6-Yl]Oxy}Hexyl)-N-Methylprop-2-En-1-Amine (DB02544)","0.7883","http://www.drugbank.ca/drugs/DB02544"
"353","2,2,2-TRIFLUORO-1-{5-[(3-PHENYL-5,6-DIHYDROIMIDAZO[1,2-A]PYRAZIN-7(8H)-YL)CARBONYL]THIOPHEN-2-YL}ETHANE-1,1-DIOL (DB08613)","0.7882","http://www.drugbank.ca/drugs/DB08613"
"354","4'-[(1R)-1-amino-2-(2,5-difluorophenyl)ethyl]biphenyl-3-carboxamide (DB07181)","0.7879","http://www.drugbank.ca/drugs/DB07181"
"355","Pentamidine (DB00738)","0.7878","http://www.drugbank.ca/drugs/DB00738"
"356","1-cyclobutyl-3-(3,4-dimethoxyphenyl)-1H-pyrazolo[3,4-d]pyrimidin-4-amine (DB08053)","0.7875","http://www.drugbank.ca/drugs/DB08053"
"357","Butoconazole (DB00639)","0.7874","http://www.drugbank.ca/drugs/DB00639"
"358","Ivacaftor (DB08820)","0.7870","http://www.drugbank.ca/drugs/DB08820"
"359","Azimilide (DB04957)","0.7867","http://www.drugbank.ca/drugs/DB04957"
"360","Thioridazine (DB00679)","0.7864","http://www.drugbank.ca/drugs/DB00679"
"361","MACITENTAN (DB08932)","0.7861","http://www.drugbank.ca/drugs/DB08932"
"362","Omeprazole (DB00338)","0.7855","http://www.drugbank.ca/drugs/DB00338"
"363","Esomeprazole (DB00736)","0.7855","http://www.drugbank.ca/drugs/DB00736"
"364","Purvalanol (DB02733)","0.7848","http://www.drugbank.ca/drugs/DB02733"
"365","Mesoridazine (DB00933)","0.7843","http://www.drugbank.ca/drugs/DB00933"
"366","Dapoxetine (DB04884)","0.7835","http://www.drugbank.ca/drugs/DB04884"
"367","(6S)-2-amino-6-(3'-methoxybiphenyl-3-yl)-3,6-dimethyl-5,6-dihydropyrimidin-4(3H)-one (DB07874)","0.7828","http://www.drugbank.ca/drugs/DB07874"
"368","Oxiconazole (DB00239)","0.7823","http://www.drugbank.ca/drugs/DB00239"
"369","1-CYCLOHEXYL-N-{[1-(4-METHYLPHENYL)-1H-INDOL-3-YL]METHYL}METHANAMINE (DB06833)","0.7822","http://www.drugbank.ca/drugs/DB06833"
"370","Valsartan (DB00177)","0.7817","http://www.drugbank.ca/drugs/DB00177"
"371","1-{(1R,2S)-2-HYDROXY-1-[2-(2-NAPHTHYLOXY)ETHYL]PROPYL}-1H-IMIDAZONE-4-CARBOXAMIDE (DB07785)","0.7812","http://www.drugbank.ca/drugs/DB07785"
"372","Domperidone (DB01184)","0.7806","http://www.drugbank.ca/drugs/DB01184"
"373","4,4'[1,6-Hexanediylbis(Oxy)]Bisbenzenecarboximidamide (DB03808)","0.7796","http://www.drugbank.ca/drugs/DB03808"
"374","Pipazethate (DB08796)","0.7795","http://www.drugbank.ca/drugs/DB08796"
"375","OLOMOUCINE II (DB04662)","0.7792","http://www.drugbank.ca/drugs/DB04662"
"376","4-(BENZHYDRYLOXY)-1-[3-(1H-TETRAAZOL-5-YL)PROPYL]PIPERIDINE (DB07917)","0.7792","http://www.drugbank.ca/drugs/DB07917"
"377","N-butyl-3-{[6-(9H-purin-6-ylamino)hexanoyl]amino}benzamide (DB07801)","0.7791","http://www.drugbank.ca/drugs/DB07801"
"378","CRA_10433 (DB03173)","0.7790","http://www.drugbank.ca/drugs/DB03173"
"379","Trovafloxacin (DB00685)","0.7780","http://www.drugbank.ca/drugs/DB00685"
"380","(4aS)-5-[(2,4-diaminopteridin-6-yl)methyl]-4a,5-dihydro-2H-dibenzo[b,f]azepin-8-ol (DB08448)","0.7778","http://www.drugbank.ca/drugs/DB08448"
"381","Cilansetron (DB04885)","0.7776","http://www.drugbank.ca/drugs/DB04885"
"382","Purvalanol A (DB04751)","0.7775","http://www.drugbank.ca/drugs/DB04751"
"383","CRA_10991 (DB01771)","0.7774","http://www.drugbank.ca/drugs/DB01771"
"384","2-(2-HYDROXYETHYLAMINO)-6-(3-CHLOROANILINO)-9-ISOPROPYLPURINE (DB08325)","0.7764","http://www.drugbank.ca/drugs/DB08325"
"385","Miconazole (DB01110)","0.7762","http://www.drugbank.ca/drugs/DB01110"
"386","2-(4-ETHYLPIPERAZIN-1-YL)-4-(PHENYLAMINO)PYRAZOLO[1,5-A][1,3,5]TRIAZINE-8-CARBONITRILE (DB08360)","0.7760","http://www.drugbank.ca/drugs/DB08360"
"387","(3R,4R)-4-(pyrrolidin-1-ylcarbonyl)-1-(quinoxalin-2-ylcarbonyl)pyrrolidin-3-amine (DB07015)","0.7758","http://www.drugbank.ca/drugs/DB07015"
"388","Citalopram (DB00215)","0.7758","http://www.drugbank.ca/drugs/DB00215"
"389","Escitalopram (DB01175)","0.7758","http://www.drugbank.ca/drugs/DB01175"
"390","1-(CYCLOHEXYLAMINO)-3-(6-METHYL-3,4-DIHYDRO-1H-CARBAZOL-9(2H)-YL)PROPAN-2-OL (DB07061)","0.7753","http://www.drugbank.ca/drugs/DB07061"
"391","4-(Fluorophenyl)-1-Cyclopropylmethyl-5-(2-Amino-4-Pyrimidinyl)Imidazole (DB03980)","0.7752","http://www.drugbank.ca/drugs/DB03980"
"392","(2R,3R)-7-(methylsulfonyl)-3-(2,4,5-trifluorophenyl)-1,2,3,4-tetrahydropyrido[1,2-a]benzimidazol-2-amine (DB07193)","0.7750","http://www.drugbank.ca/drugs/DB07193"
"393","1-[4-(4-chlorophenyl)-1-(7H-pyrrolo[2,3-d]pyrimidin-4-yl)piperidin-4-yl]methanamine (DB08148)","0.7734","http://www.drugbank.ca/drugs/DB08148"
"394","2,6-DIMETHYL-1-(3-[3-METHYL-5-ISOXAZOLYL]-PROPANYL)-4-[4-METHYL-2H-TETRAZOL-2-YL]-PHENOL (DB08714)","0.7725","http://www.drugbank.ca/drugs/DB08714"
"395","Fluvastatin (DB01095)","0.7723","http://www.drugbank.ca/drugs/DB01095"
"396","(2s,3r)-3-Amino-2-Hydroxy-5-(Ethylsulfanyl)Pentanoyl-((S)-(-)-(1-Naphthyl)Ethyl)Amide (DB04108)","0.7723","http://www.drugbank.ca/drugs/DB04108"
"397","(6R)-2-amino-6-[2-(3'-methoxybiphenyl-3-yl)ethyl]-3,6-dimethyl-5,6-dihydropyrimidin-4(3H)-one (DB07519)","0.7718","http://www.drugbank.ca/drugs/DB07519"
"398","1-Allyl-3-Butyl-8-(N-Acetyl-4-Aminobenzyl)-Xanthine (DB03267)","0.7716","http://www.drugbank.ca/drugs/DB03267"
"399","1-[2-(S)-AMINO-3-BIPHENYL-4-YL-PROPIONYL]-PYRROLIDINE-2-(S)-CARBONITRILE (DB08024)","0.7712","http://www.drugbank.ca/drugs/DB08024"
"400","1-(2-Phenylethyl)-4-phenyl-4-acetoxypiperidine (DB01562)","0.7697","http://www.drugbank.ca/drugs/DB01562"
"401","4-(4-CHLOROPHENYL)-4-[4-(1H-PYRAZOL-4-YL)PHENYL]PIPERIDINE (DB07859)","0.7694","http://www.drugbank.ca/drugs/DB07859"
"402","+/-METHYL 4-(AMINOIMINOMETHYL)-BETA-[3- INH (AMINOIMINO)PHENYL]BENZENE PENTANOATE (DB07985)","0.7690","http://www.drugbank.ca/drugs/DB07985"
"403","(2R)-2-{[4-(benzylamino)-8-(1-methylethyl)pyrazolo[1,5-a][1,3,5]triazin-2-yl]amino}butan-1-ol (DB08285)","0.7680","http://www.drugbank.ca/drugs/DB08285"
"404","2-[4-(2H-1,4-BENZOTHIAZINE-3-YL)-PIPERAZINE-1-LY]-1,3-THIAZOLE-4-CARBOXYLIC ACID ETHYLESTER (DB08540)","0.7671","http://www.drugbank.ca/drugs/DB08540"
"405","N'-(5-CHLORO-1,3-BENZODIOXOL-4-YL)-N-(3,4,5- TRIMETHOXYPHENYL)PYRIMIDINE-2,4-DIAMINE (DB07250)","0.7670","http://www.drugbank.ca/drugs/DB07250"
"406","Dextromoramide (DB01529)","0.7659","http://www.drugbank.ca/drugs/DB01529"
"407","Ondansetron (DB00904)","0.7652","http://www.drugbank.ca/drugs/DB00904"
"408","Raltegravir (DB06817)","0.7647","http://www.drugbank.ca/drugs/DB06817"
"409","N~6~-cyclohexyl-N~2~-(4-morpholin-4-ylphenyl)-9H-purine-2,6-diamine (DB07340)","0.7647","http://www.drugbank.ca/drugs/DB07340"
"410","(5S)-5-(3-AMINOPROPYL)-3-(2,5-DIFLUOROPHENYL)-N-ETHYL-5-PHENYL-4,5-DIHYDRO-1H-PYRAZOLE-1-CARBOXAMIDE (DB08250)","0.7642","http://www.drugbank.ca/drugs/DB08250"
"411","Piboserod (DB04873)","0.7640","http://www.drugbank.ca/drugs/DB04873"
"412","9-Butyl-8-(3-Methoxybenzyl)-9h-Purin-6-Amine (DB03809)","0.7638","http://www.drugbank.ca/drugs/DB03809"
"413","9-Butyl-8-(4-Methoxybenzyl)-9h-Purin-6-Amine (DB03899)","0.7638","http://www.drugbank.ca/drugs/DB03899"
"414","(2S)-1-{[5-(1H-INDAZOL-5-YL)PYRIDIN-3-YL]OXY}-3-[(7AS)-7AH-INDOL-3-YL]PROPAN-2-AMINE (DB06977)","0.7626","http://www.drugbank.ca/drugs/DB06977"
"415","N'-(3-CHLORO-4-METHOXY-PHENYL)-N-(3,4,5-TRIMETHOXYPHENYL)-1,3,5-TRIAZINE-2,4-DIAMINE (DB07251)","0.7626","http://www.drugbank.ca/drugs/DB07251"
"416","Zuclopenthixol (DB01624)","0.7619","http://www.drugbank.ca/drugs/DB01624"
"417","Allyl-{6-[3-(4-Bromo-Phenyl)-Benzofuran-6-Yloxy]-Hexyl-}-Methyl-Amin (DB02339)","0.7609","http://www.drugbank.ca/drugs/DB02339"
"418","Reboxetine (DB00234)","0.7607","http://www.drugbank.ca/drugs/DB00234"
"419","(7R,8R)-8-(2,4,5-trifluorophenyl)-6,7,8,9-tetrahydroimidazo[1,2-a:4,5-c']dipyridin-7-amine (DB07021)","0.7596","http://www.drugbank.ca/drugs/DB07021"
"420","6-FLUORO-2-[2-HYDROXY-3-(2-METHYL-CYCLOHEXYLOXY)-PHENYL]-1H-INDOLE-5-CARBOXAMIDINE (DB06856)","0.7595","http://www.drugbank.ca/drugs/DB06856"
"421","2-butoxy-9-(2,6-difluorobenzyl)-N-(2-morpholin-4-ylethyl)-9H-purin-6-amine (DB07937)","0.7588","http://www.drugbank.ca/drugs/DB07937"
"422","Doxepin (DB01142)","0.7586","http://www.drugbank.ca/drugs/DB01142"
"423","CRA_11092 (DB03555)","0.7582","http://www.drugbank.ca/drugs/DB03555"
"424","1-[5-methyl-2-(trifluoromethyl)furan-3-yl]-3-[(2Z)-5-(2-{[6-(1H-1,2,4-triazol-3-ylamino)pyrimidin-4-yl]amino}ethyl)-1,3-thiazol-2(3H)-ylidene]urea (DB07789)","0.7569","http://www.drugbank.ca/drugs/DB07789"
"425","6-amino-2-[(2-morpholin-4-ylethyl)amino]-3,7-dihydro-8H-imidazo[4,5-g]quinazolin-8-one (DB07564)","0.7539","http://www.drugbank.ca/drugs/DB07564"
"426","Drotaverine (DB06751)","0.7524","http://www.drugbank.ca/drugs/DB06751"
"427","Irbesartan (DB01029)","0.7511","http://www.drugbank.ca/drugs/DB01029"
"428","Papaverine (DB01113)","0.7511","http://www.drugbank.ca/drugs/DB01113"
"429","O6-(R)-ROSCOVITINE, R-2-(6-BENZYLOXY-9-ISOPROPYL-9H-PURIN-2-YLAMINO)-BUTAN-1-OL (DB04770)","0.7511","http://www.drugbank.ca/drugs/DB04770"
"430","7-BENZYL-1,3-DIMETHYL-8-PIPERAZIN-1-YL-3,7-DIHYDRO-PURINE-2,6-DIONE (DB08530)","0.7509","http://www.drugbank.ca/drugs/DB08530"
"431","(4R,5R)-5-AMINO-1-[2-(1,3-BENZODIOXOL-5-YL)ETHYL]-4-(2,4,5-TRIFLUOROPHENYL)PIPERIDIN-2-ONE (DB07830)","0.7502","http://www.drugbank.ca/drugs/DB07830"
"432","2-({8-[(3R)-3-AMINOPIPERIDIN-1-YL]-1,3-DIMETHYL-2,6-DIOXO-1,2,3,6-TETRAHYDRO-7H-PURIN-7-YL}METHYL)BENZONITRILE (DB08743)","0.7497","http://www.drugbank.ca/drugs/DB08743"
"433","Trans-6-(2-Phenylcyclopropyl)-Naphthalene-2-Carboxamidine (DB03476)","0.7494","http://www.drugbank.ca/drugs/DB03476"
"434","4-{[5-(CYCLOHEXYLAMINO)[1,2,4]TRIAZOLO[1,5-A]PYRIMIDIN-7-YL]AMINO}BENZENESULFONAMIDE (DB07686)","0.7485","http://www.drugbank.ca/drugs/DB07686"
"435","Fenethylline (DB01482)","0.7482","http://www.drugbank.ca/drugs/DB01482"
"436","4-{[4-AMINO-6-(CYCLOHEXYLMETHOXY)-5-NITROSOPYRIMIDIN-2-YL]AMINO}BENZAMIDE (DB08572)","0.7482","http://www.drugbank.ca/drugs/DB08572"
"437","Darusentan (DB04883)","0.7471","http://www.drugbank.ca/drugs/DB04883"
"438","1-[4-(4-chlorobenzyl)-1-(7H-pyrrolo[2,3-d]pyrimidin-4-yl)piperidin-4-yl]methanamine (DB08149)","0.7470","http://www.drugbank.ca/drugs/DB08149"
"439","Diphenidol (DB01231)","0.7454","http://www.drugbank.ca/drugs/DB01231"
"440","Prasugrel (DB06209)","0.7446","http://www.drugbank.ca/drugs/DB06209"
"441","4-({5-[(4-AMINOCYCLOHEXYL)AMINO][1,2,4]TRIAZOLO[1,5-A]PYRIMIDIN-7-YL}AMINO)BENZENESULFONAMIDE (DB07687)","0.7445","http://www.drugbank.ca/drugs/DB07687"
"442","CF-101 (DB05511)","0.7439","http://www.drugbank.ca/drugs/DB05511"
"443","Pantoprazole (DB00213)","0.7424","http://www.drugbank.ca/drugs/DB00213"
"444","9-Butyl-8-(2,5-Dimethoxy-Benzyl)-2-Fluoro-9h-Purin-6-Ylamine (DB04054)","0.7413","http://www.drugbank.ca/drugs/DB04054"
"445","8-(2,5-Dimethoxy-Benzyl)-2-Fluoro-9-Pent-9h-Purin-6-Ylamine (DB03137)","0.7411","http://www.drugbank.ca/drugs/DB03137"
"446","9-Butyl-8-(2,5-Dimethoxy-Benzyl)-9h-Purin-6-Ylamine (DB02359)","0.7409","http://www.drugbank.ca/drugs/DB02359"
"447","Mequitazine (DB01071)","0.7406","http://www.drugbank.ca/drugs/DB01071"
"448","(1S)-1-CYCLOPROPYL-2-[(2S)-4-(2,5-DIFLUOROPHENYL)-2-PHENYL-2,5-DIHYDRO-1H-PYRROL-1-YL]-2-OXOETHANAMINE (DB08244)","0.7406","http://www.drugbank.ca/drugs/DB08244"
"449","8-(2,5-Dimethoxy-Benzyl)-2-Fluoro-9h-Purin-6-Ylamine (DB03093)","0.7391","http://www.drugbank.ca/drugs/DB03093"
"450","Alizapride (DB01425)","0.7383","http://www.drugbank.ca/drugs/DB01425"
"451","TC-5619 (DB06090)","0.7375","http://www.drugbank.ca/drugs/DB06090"
"452","8-Benzo[1,3]Dioxol-,5-Ylmethyl-9-Butyl-2-Fluoro-9h-Purin-6-Ylamine (DB04254)","0.7366","http://www.drugbank.ca/drugs/DB04254"
"453","8-BENZO[1,3]DIOXOL-,5-YLMETHYL-9-BUTYL-9H- (DB08436)","0.7363","http://www.drugbank.ca/drugs/DB08436"
"454","Mercaptocarboxylate Inhibitor (DB02706)","0.7343","http://www.drugbank.ca/drugs/DB02706"
"455","Indecainide (DB00192)","0.7342","http://www.drugbank.ca/drugs/DB00192"
"456","8-(6-BROMO-BENZO[1,3]DIOXOL-5-YLSULFANYL)-9-(3-ISOPROPYLAMINO-PROPYL)-ADENINE (DB07877)","0.7275","http://www.drugbank.ca/drugs/DB07877"
"457","[4-({4-[(5-CYCLOPROPYL-1H-PYRAZOL-3-YL)AMINO]QUINAZOLIN-2-YL}IMINO)CYCLOHEXA-2,5-DIEN-1-YL]ACETONITRILE (DB07853)","0.7258","http://www.drugbank.ca/drugs/DB07853"
"458","Sitagliptin (DB01261)","0.7234","http://www.drugbank.ca/drugs/DB01261"
"459","4-{[5-(CYCLOHEXYLOXY)[1,2,4]TRIAZOLO[1,5-A]PYRIMIDIN-7-YL]AMINO}BENZENESULFONAMIDE (DB07688)","0.7196","http://www.drugbank.ca/drugs/DB07688"
"460","Rotigotine (DB05271)","0.7183","http://www.drugbank.ca/drugs/DB05271"
"461","ONO-6818 (DB03925)","0.7183","http://www.drugbank.ca/drugs/DB03925"
"462","N-[2-(1,3-BENZODIOXOL-5-YL)ETHYL]-1-[2-(1H-IMIDAZOL-1-YL)-6-METHYLPYRIMIDIN-4-YL]-D-PROLINAMIDE (DB06916)","0.7181","http://www.drugbank.ca/drugs/DB06916"
"463","2-(CYCLOHEXYLMETHYLAMINO)-4-(PHENYLAMINO)PYRAZOLO[1,5-A][1,3,5]TRIAZINE-8-CARBONITRILE (DB08353)","0.7143","http://www.drugbank.ca/drugs/DB08353"
"464","Disopyramide (DB00280)","0.7121","http://www.drugbank.ca/drugs/DB00280"
"465","4-(6-CYCLOHEXYLMETHOXY-9H-PURIN-2-YLAMINO)--BENZAMIDE (DB08241)","0.7077","http://www.drugbank.ca/drugs/DB08241"
"466","7-amino-2-tert-butyl-4-(4-pyrimidin-2-ylpiperazin-1-yl)pyrido[2,3-d]pyrimidine-6-carboxamide (DB07043)","0.7064","http://www.drugbank.ca/drugs/DB07043"
"467","Paliperidone (DB01267)","0.7059","http://www.drugbank.ca/drugs/DB01267"
"468","Emedastine (DB01084)","0.7054","http://www.drugbank.ca/drugs/DB01084"
"469","9-Butyl-8-(3,4,5-Trimethoxybenzyl)-9h-Purin-6-Amine (DB02754)","0.7053","http://www.drugbank.ca/drugs/DB02754"
"470","Voriconazole (DB00582)","0.7043","http://www.drugbank.ca/drugs/DB00582"
"471","6-methyl-5-[3-methyl-3-(3,4,5-trimethoxyphenyl)but-1-yn-1-yl]pyrimidine-2,4-diamine (DB07153)","0.7035","http://www.drugbank.ca/drugs/DB07153"
"472","8-(2-Chloro-3,4,5-Trimethoxy-Benzyl)-2-Fluoro-9-Pent-4-Ylnyl-9h-Purin-6-Ylamine (DB02550)","0.7025","http://www.drugbank.ca/drugs/DB02550"
"473","8-(2-Chloro-3,4,5-Trimethoxy-Benzyl)-9-Pent-4-Ylnyl-9h-Purin-6-Ylamine (DB04505)","0.7017","http://www.drugbank.ca/drugs/DB04505"
"474","9-Butyl-8-(2-Chloro-3,4,5-Trimethoxy-Benzyl)-9h-Purin-6-Ylamine (DB03504)","0.7013","http://www.drugbank.ca/drugs/DB03504"
"475","(2R,3R,4S,5R)-2-[6-amino-8-[(3,4-dichlorophenyl)methylamino]purin-9-yl]-5-(hydroxymethyl)oxolane-3,4-diol (DB07045)","0.7011","http://www.drugbank.ca/drugs/DB07045"
"476","Riboflavin (DB00140)","0.6898","http://www.drugbank.ca/drugs/DB00140"
"477","Fluconazole (DB00196)","0.6897","http://www.drugbank.ca/drugs/DB00196"
"478","2-ANILINO-6-CYCLOHEXYLMETHOXYPURINE (DB06948)","0.6852","http://www.drugbank.ca/drugs/DB06948"
"479","4-{[5-(CYCLOHEXYLMETHOXY)[1,2,4]TRIAZOLO[1,5-A]PYRIMIDIN-7-YL]AMINO}BENZENESULFONAMIDE (DB07685)","0.6833","http://www.drugbank.ca/drugs/DB07685"
"480","6-CYCLOHEXYLMETHOXY-2-(3'-CHLOROANILINO) PURINE (DB07203)","0.6823","http://www.drugbank.ca/drugs/DB07203"
"481","7-amino-2-tert-butyl-4-{[2-(1H-imidazol-4-yl)ethyl]amino}pyrido[2,3-d]pyrimidine-6-carboxamide (DB07042)","0.6791","http://www.drugbank.ca/drugs/DB07042"
"482","2-{4-[(4-imidazo[1,2-a]pyridin-3-ylpyrimidin-2-yl)amino]piperidin-1-yl}-N-methylacetamide (DB08026)","0.6789","http://www.drugbank.ca/drugs/DB08026"
"483","6-CYCLOHEXYLMETHYLOXY-2-(4'-HYDROXYANILINO)PURINE (DB08233)","0.6788","http://www.drugbank.ca/drugs/DB08233"
"484","Granisetron (DB00889)","0.6777","http://www.drugbank.ca/drugs/DB00889"
"485","O6-CYCLOHEXYLMETHOXY-2-(4'-SULPHAMOYLANILINO) PURINE (DB07126)","0.6721","http://www.drugbank.ca/drugs/DB07126"
"486","3-(6-CYCLOHEXYLMETHOXY-9H-PURIN-2-YLAMINO)-BENZENESULFONAMIDE (DB08248)","0.6721","http://www.drugbank.ca/drugs/DB08248"
"487","(1S,6R)-3-{[3-(TRIFLUOROMETHYL)-5,6-DIHYDRO[1,2,4]TRIAZOLO[4,3-A]PYRAZIN-7(8H)-YL]CARBONYL}-6-(2,4,5-TRIFLUOROPHENYL)CYCLOHEX-3-EN-1-AMINE (DB08044)","0.6624","http://www.drugbank.ca/drugs/DB08044"
"488","5-[[(2R)-2-cyclopropyl-7,8-dimethoxy-2H-chromen-5-yl]methyl]pyrimidine-2,4-diamine (DB08741)","0.6623","http://www.drugbank.ca/drugs/DB08741"
"489","N-cyclohexyl-4-imidazo[1,2-a]pyridin-3-yl-N-methylpyrimidin-2-amine (DB08023)","0.6477","http://www.drugbank.ca/drugs/DB08023"
"490","1-(thiophen-2-ylacetyl)-4-(3-thiophen-2-yl-1,2,4-oxadiazol-5-yl)piperidine (DB08471)","0.6445","http://www.drugbank.ca/drugs/DB08471"
"491","vapitadine dihydrochloride (DB05738)","0.6428","http://www.drugbank.ca/drugs/DB05738"
"492","(1S,2R,5S)-5-[3-(TRIFLUOROMETHYL)-5,6-DIHYDRO[1,2,4]TRIAZOLO[4,3-A]PYRAZIN-7(8H)-YL]-2-(2,4,5-TRIFLUOROPHENYL)CYCLOHEXANAMINE (DB07072)","0.6373","http://www.drugbank.ca/drugs/DB07072"
"493","Ruxolitinib (DB08877)","0.6231","http://www.drugbank.ca/drugs/DB08877"
"494","3-{(3R,4R)-4-methyl-3-[methyl(7H-pyrrolo[2,3-d]pyrimidin-4-yl)amino]piperidin-1-yl}-3-oxopropanenitrile (DB08183)","0.6126","http://www.drugbank.ca/drugs/DB08183"
"495","Lesopitron (DB04970)","0.5792","http://www.drugbank.ca/drugs/DB04970"
"496","Oxyphencyclimine (DB00383)","0.5759","http://www.drugbank.ca/drugs/DB00383"
"497","Procyclidine (DB00387)","0.5743","http://www.drugbank.ca/drugs/DB00387"
"498","(2-AMINO-3-PHENYL-BICYCLO[2.2.1]HEPT-2-YL)-PHENYL-METHANONE (DB07883)","0.5351","http://www.drugbank.ca/drugs/DB07883"
"499","Regadenoson (DB06213)","0.4922","http://www.drugbank.ca/drugs/DB06213"
"500","Abacavir (DB01048)","0.4215","http://www.drugbank.ca/drugs/DB01048"
