"","DrugBank Compound (Name, ID)","Similarity to ","Link"
"1","Afatinib (DB08916)","1.0000","http://www.drugbank.ca/drugs/DB08916"
"2","CI-1033 (DB05424)","0.9891","http://www.drugbank.ca/drugs/DB05424"
"3","Gefitinib (DB00317)","0.9764","http://www.drugbank.ca/drugs/DB00317"
"4","(2S)-1-[4-({6-[(2,6-DIFLUOROPHENYL)AMINO]PYRIMIDIN-4-YL}AMINO)PHENOXY]-3-(DIMETHYLAMINO)PROPAN-2-OL (DB07751)","0.9690","http://www.drugbank.ca/drugs/DB07751"
"5","(2R)-1-[4-({6-[(2,6-DIFLUOROPHENYL)AMINO]PYRIMIDIN-4-YL}AMINO)PHENOXY]-3-(DIMETHYLAMINO)PROPAN-2-OL (DB07761)","0.9690","http://www.drugbank.ca/drugs/DB07761"
"6","(2R)-1-[4-({4-[(2,5-DICHLOROPHENYL)AMINO]PYRIMIDIN-2-YL}AMINO)PHENOXY]-3-(DIMETHYLAMINO)PROPAN-2-OL (DB07750)","0.9679","http://www.drugbank.ca/drugs/DB07750"
"7","(2S)-1-[4-({4-[(2,5-DICHLOROPHENYL)AMINO]PYRIMIDIN-2-YL}AMINO)PHENOXY]-3-(DIMETHYLAMINO)PROPAN-2-OL (DB07755)","0.9679","http://www.drugbank.ca/drugs/DB07755"
"8","(2S)-1-{4-[(4-ANILINO-5-BROMOPYRIMIDIN-2-YL)AMINO]PHENOXY}-3-(DIMETHYLAMINO)PROPAN-2-OL (DB07501)","0.9656","http://www.drugbank.ca/drugs/DB07501"
"9","(2R)-1-{4-[(4-ANILINO-5-BROMOPYRIMIDIN-2-YL)AMINO]PHENOXY}-3-(DIMETHYLAMINO)PROPAN-2-OL (DB07504)","0.9656","http://www.drugbank.ca/drugs/DB07504"
"10","Vandetanib (DB05294)","0.9632","http://www.drugbank.ca/drugs/DB05294"
"11","(2S)-6-(2,4-DIAMINO-6-ETHYLPYRIMIDIN-5-YL)-2-(3,5-DIFLUOROPHENYL)-4-(3-METHOXYPROPYL)-2H-1,4-BENZOXAZIN-3(4H)-ONE (DB07113)","0.9631","http://www.drugbank.ca/drugs/DB07113"
"12","3-(2-CHLOROPHENYL)-1-(2-{[(1S)-2-HYDROXY-1,2-DIMETHYLPROPYL]AMINO}PYRIMIDIN-4-YL)-1-(4-METHOXYPHENYL)UREA (DB08095)","0.9628","http://www.drugbank.ca/drugs/DB08095"
"13","5-[4-(DIMETHYLAMINO)PHENYL]-6-[(6-MORPHOLIN-4-YLPYRIDIN-3-YL)ETHYNYL]PYRIMIDIN-4-AMINE (DB07280)","0.9595","http://www.drugbank.ca/drugs/DB07280"
"14","2-({5-CHLORO-2-[(2-METHOXY-4-MORPHOLIN-4-YLPHENYL)AMINO]PYRIMIDIN-4-YL}AMINO)-N-METHYLBENZAMIDE (DB07460)","0.9574","http://www.drugbank.ca/drugs/DB07460"
"15","S-{3-[(4-ANILINOQUINAZOLIN-6-YL)AMINO]-3-OXOPROPYL}-L-CYSTEINE (DB07602)","0.9561","http://www.drugbank.ca/drugs/DB07602"
"16","(2R,4R)-N~1~-(4-CHLOROPHENYL)-N~2~-[2-FLUORO-4-(2-OXOPYRIDIN-1(2H)-YL)PHENYL]-4-METHOXYPYRROLIDINE-1,2-DICARBOXAMIDE (DB06920)","0.9553","http://www.drugbank.ca/drugs/DB06920"
"17","Merimepodib (DB04862)","0.9551","http://www.drugbank.ca/drugs/DB04862"
"18","3-FLUORO-5-MORPHOLIN-4-YL-N-[1-(2-PYRIDIN-4-YLETHYL)-1H-INDOL-6-YL]BENZAMIDE (DB08730)","0.9547","http://www.drugbank.ca/drugs/DB08730"
"19","N'-(5-CHLORO-1,3-BENZODIOXOL-4-YL)-N-(3-MORPHOLIN-4-YLPHENYL)PYRIMIDINE-2,4-DIAMINE (DB07255)","0.9546","http://www.drugbank.ca/drugs/DB07255"
"20","6-(2,4-DIAMINO-6-ETHYLPYRIMIDIN-5-YL)-4-(3-METHOXYPROPYL)-2,2-DIMETHYL-2H-1,4-BENZOXAZIN-3(4H)-ONE (DB07174)","0.9540","http://www.drugbank.ca/drugs/DB07174"
"21","(2R)-1-(DIMETHYLAMINO)-3-{4-[(6-{[2-FLUORO-5-(TRIFLUOROMETHYL)PHENYL]AMINO}PYRIMIDIN-4-YL)AMINO]PHENOXY}PROPAN-2-OL (DB07054)","0.9516","http://www.drugbank.ca/drugs/DB07054"
"22","Bosutinib (DB06616)","0.9509","http://www.drugbank.ca/drugs/DB06616"
"23","N-{2-[6-(2,4-DIAMINO-6-ETHYLPYRIMIDIN-5-YL)-2,2-DIMETHYL-3-OXO-2,3-DIHYDRO-4H-1,4-BENZOXAZIN-4-YL]ETHYL}ACETAMIDE (DB07059)","0.9500","http://www.drugbank.ca/drugs/DB07059"
"24","3-FLUORO-5-MORPHOLIN-4-YL-N-[3-(2-PYRIDIN-4-YLETHYL)-1H-INDOL-5-YL]BENZAMIDE (DB08091)","0.9496","http://www.drugbank.ca/drugs/DB08091"
"25","AZD2563 (DB04850)","0.9471","http://www.drugbank.ca/drugs/DB04850"
"26","Quinacrine (DB01103)","0.9459","http://www.drugbank.ca/drugs/DB01103"
"27","4-BROMO-2-FLUORO-N-[(4E)-6-METHOXY-7-[(1-METHYLPIPERIDIN-4-YL)METHOXY]QUINAZOLIN-4(1H)-YLIDENE]ANILINE (DB08764)","0.9447","http://www.drugbank.ca/drugs/DB08764"
"28","5-{[1-(2-fluorobenzyl)piperidin-4-yl]methoxy}quinazoline-2,4-diamine (DB07642)","0.9438","http://www.drugbank.ca/drugs/DB07642"
"29","Erlotinib (DB00530)","0.9435","http://www.drugbank.ca/drugs/DB00530"
"30","Bepridil (DB01244)","0.9431","http://www.drugbank.ca/drugs/DB01244"
"31","4-[4-(1-Amino-1-Methylethyl)Phenyl]-5-Chloro-N-[4-(2-Morpholin-4-Ylethyl)Phenyl]Pyrimidin-2-Amine (DB02491)","0.9416","http://www.drugbank.ca/drugs/DB02491"
"32","5-{[1-(2,3-dichlorobenzyl)piperidin-4-yl]methoxy}quinazoline-2,4-diamine (DB07643)","0.9409","http://www.drugbank.ca/drugs/DB07643"
"33","N-(5-chloro-1,3-benzodioxol-4-yl)-6-methoxy-7-(3-piperidin-1-ylpropoxy)quinazolin-4-amine (DB07249)","0.9383","http://www.drugbank.ca/drugs/DB07249"
"34","(2S)-2-ETHOXY-3-{4-[2-(10H-PHENOXAZIN-10-YL)ETHOXY]PHENYL}PROPANOIC ACID (DB07675)","0.9381","http://www.drugbank.ca/drugs/DB07675"
"35","3-({4-[(5-CHLORO-1,3-BENZODIOXOL-4-YL)AMINO]PYRIMIDIN-2-YL}AMINO)BENZAMIDE (DB07256)","0.9372","http://www.drugbank.ca/drugs/DB07256"
"36","Etonitazene (DB01462)","0.9370","http://www.drugbank.ca/drugs/DB01462"
"37","10-Propargyl-5,8-Dideazafolic Acid (DB03541)","0.9366","http://www.drugbank.ca/drugs/DB03541"
"38","6-ETHYL-5-[(2S)-1-(3-METHOXYPROPYL)-2-PHENYL-1,2,3,4-TETRAHYDROQUINOLIN-7-YL]PYRIMIDINE-2,4-DIAMINE (DB08099)","0.9363","http://www.drugbank.ca/drugs/DB08099"
"39","Diltiazem (DB00343)","0.9357","http://www.drugbank.ca/drugs/DB00343"
"40","N-({4-[(2-aminopyridin-4-yl)oxy]-3-fluorophenyl}carbamoyl)-2-(4-fluorophenyl)acetamide (DB06995)","0.9325","http://www.drugbank.ca/drugs/DB06995"
"41","[4-({5-(AMINOCARBONYL)-4-[(3-METHYLPHENYL)AMINO]PYRIMIDIN-2-YL}AMINO)PHENYL]ACETIC ACID (DB08513)","0.9315","http://www.drugbank.ca/drugs/DB08513"
"42","CP-526423 (DB02089)","0.9306","http://www.drugbank.ca/drugs/DB02089"
"43","N-cyclopropyl-3-{[1-(2,4-difluorophenyl)-7-methyl-6-oxo-6,7-dihydro-1H-pyrazolo[3,4-b]pyridin-4-yl]amino}-4-methylbenzamide (DB08349)","0.9305","http://www.drugbank.ca/drugs/DB08349"
"44","3-[3-(2,3-Dihydroxy-Propylamino)-Phenyl]-4-(5-Fluoro-1-Methyl-1h-Indol-3-Yl)-Pyrrole-2,5-Dione (DB01772)","0.9304","http://www.drugbank.ca/drugs/DB01772"
"45","N-{2'-[(4-FLUOROPHENYL)AMINO]-4,4'-BIPYRIDIN-2-YL}-4-METHOXYCYCLOHEXANECARBOXAMIDE (DB08025)","0.9304","http://www.drugbank.ca/drugs/DB08025"
"46","Moricizine (DB00680)","0.9300","http://www.drugbank.ca/drugs/DB00680"
"47","Bopindolol (DB08807)","0.9289","http://www.drugbank.ca/drugs/DB08807"
"48","1-Acetyl-4-(4-{4-[(2-Ethoxyphenyl)Thio]-3-Nitrophenyl}Pyridin-2-Yl)Piperazine (DB02177)","0.9285","http://www.drugbank.ca/drugs/DB02177"
"49","3-[(1R)-1-(2,6-dichloro-3-fluorophenyl)ethoxy]-5-(1-piperidin-4-yl-1H-pyrazol-4-yl)pyridin-2-amine (DB08700)","0.9281","http://www.drugbank.ca/drugs/DB08700"
"50","Astemizole (DB00637)","0.9273","http://www.drugbank.ca/drugs/DB00637"
"51","(20S)-19,20,21,22-TETRAHYDRO-19-OXO-5H-18,20-ETHANO-12,14-ETHENO-6,10-METHENO-18H-BENZ[D]IMIDAZO[4,3-K][1,6,9,12]OXATRIAZA-CYCLOOCTADECOSINE-9-CARBONITRILE (DB08674)","0.9271","http://www.drugbank.ca/drugs/DB08674"
"52","Clonitazene (DB01523)","0.9269","http://www.drugbank.ca/drugs/DB01523"
"53","Ketoconazole (DB01026)","0.9263","http://www.drugbank.ca/drugs/DB01026"
"54","4-chloro-6-{5-[(2-morpholin-4-ylethyl)amino]-1,2-benzisoxazol-3-yl}benzene-1,3-diol (DB07601)","0.9257","http://www.drugbank.ca/drugs/DB07601"
"55","4-{2-[4-(2-Aminoethyl)Piperazin-1-Yl]Pyridin-4-Yl}-N-(3-Chloro-4-Methylphenyl)Pyrimidin-2-Amine (DB03916)","0.9249","http://www.drugbank.ca/drugs/DB03916"
"56","Quetiapine (DB01224)","0.9249","http://www.drugbank.ca/drugs/DB01224"
"57","N-[3-[[4-[(5-CHLORO-1,3-BENZODIOXOL-4-YL)AMINO]PYRIMIDIN-2-YL]AMINO]PHENYL]METHANESULFONAMIDE (DB07254)","0.9248","http://www.drugbank.ca/drugs/DB07254"
"58","FR236913 (DB02830)","0.9243","http://www.drugbank.ca/drugs/DB02830"
"59","N-[5-(1,1-DIOXIDOISOTHIAZOLIDIN-2-YL)-1H-INDAZOL-3-YL]-2-(4-PIPERIDIN-1-YLPHENYL)ACETAMIDE (DB07220)","0.9237","http://www.drugbank.ca/drugs/DB07220"
"60","Regorafenib (DB08896)","0.9233","http://www.drugbank.ca/drugs/DB08896"
"61","Sorafenib (DB00398)","0.9230","http://www.drugbank.ca/drugs/DB00398"
"62","Allyl-{6-[3-(4-Bromo-Phenyl)-1-Methyl-1h-Indazol-6-Yl]Oxy}Hexyl)-N-Methylamine (DB03888)","0.9229","http://www.drugbank.ca/drugs/DB03888"
"63","ZK-806711 (DB03373)","0.9229","http://www.drugbank.ca/drugs/DB03373"
"64","Temafloxacin (DB01405)","0.9225","http://www.drugbank.ca/drugs/DB01405"
"65","N-(5-{[(2S)-4-amino-2-(3-chlorophenyl)butanoyl]amino}-1H-indazol-3-yl)benzamide (DB07608)","0.9224","http://www.drugbank.ca/drugs/DB07608"
"66","1-ethyl-N-(phenylmethyl)-4-(tetrahydro-2H-pyran-4-ylamino)-1H-pyrazolo[3,4-b]pyridine-5-carboxamide (DB06909)","0.9224","http://www.drugbank.ca/drugs/DB06909"
"67","4-(2-aminoethoxy)-N-(3-chloro-5-piperidin-1-ylphenyl)-3,5-dimethylbenzamide (DB08697)","0.9207","http://www.drugbank.ca/drugs/DB08697"
"68","N-{(1s)-4-[Bis(2-Chloroethyl)Amino]-1-Methylbutyl}-N-(6-Chloro-2-Methoxy-9-Acridinyl)Amine (DB02240)","0.9206","http://www.drugbank.ca/drugs/DB02240"
"69","N-cyclopropyl-4-methyl-3-{2-[(2-morpholin-4-ylethyl)amino]quinazolin-6-yl}benzamide (DB08351)","0.9205","http://www.drugbank.ca/drugs/DB08351"
"70","Vilazodone (DB06684)","0.9200","http://www.drugbank.ca/drugs/DB06684"
"71","1-BENZYL-3-(4-METHOXYPHENYLAMINO)-4-PHENYLPYRROLE-2,5-DIONE (DB08063)","0.9192","http://www.drugbank.ca/drugs/DB08063"
"72","4-(2-aminoethoxy)-N-(3-chloro-2-ethoxy-5-piperidin-1-ylphenyl)-3,5-dimethylbenzamide (DB07626)","0.9192","http://www.drugbank.ca/drugs/DB07626"
"73","N-{2-[6-(2,4-DIAMINO-6-ETHYLPYRIMIDIN-5-YL)-2,2-DIMETHYL-3-OXO-2,3-DIHYDRO-4H-1,4-BENZOTHIAZIN-4-YL]ETHYL}ACETAMIDE (DB06899)","0.9192","http://www.drugbank.ca/drugs/DB06899"
"74","1-((1R)-1-(HYDROXYMETHYL)-3-{6-[(3-PHENYLPROPANOYL)AMINO]-1H-INDOL-1-YL}PROPYL)-1H-IMIDAZOLE-4-CARBOXAMIDE (DB07783)","0.9191","http://www.drugbank.ca/drugs/DB07783"
"75","Fexaramine (DB02545)","0.9188","http://www.drugbank.ca/drugs/DB02545"
"76","Compound 12, N-Acetyl-4-[(Carboxycarbonyl)(2-Carboxyphenyl)Amino]-N-Pentyl-1-Napthylalaniamide (DB01820)","0.9187","http://www.drugbank.ca/drugs/DB01820"
"77","(2e)-N-Allyl-4-{[3-(4-Bromophenyl)-5-Fluoro-1-Methyl-1h-Indazol-6-Yl]Oxy}-N-Methyl-2-Buten-1-Amine (DB02139)","0.9186","http://www.drugbank.ca/drugs/DB02139"
"78","Doxazosin (DB00590)","0.9184","http://www.drugbank.ca/drugs/DB00590"
"79","1-(3-HYDROXYPROPYL)-2-[(3-NITROBENZOYL)AMINO]-1H-BENZIMIDAZOL-5-YL PIVALATE (DB08590)","0.9173","http://www.drugbank.ca/drugs/DB08590"
"80","[5-AMINO-1-(4-FLUOROPHENYL)-1H-PYRAZOL-4-YL][3-(PIPERIDIN-4-YLOXY)PHENYL]METHANONE (DB08423)","0.9172","http://www.drugbank.ca/drugs/DB08423"
"81","5-Chloro-1h-Indole-2-Carboxylic Acid [1-(4-Fluorobenzyl)-2-(4-Hydroxypiperidin-1yl)-2-Oxoethyl]Amide (DB03383)","0.9170","http://www.drugbank.ca/drugs/DB03383"
"82","Trimetrexate (DB01157)","0.9164","http://www.drugbank.ca/drugs/DB01157"
"83","Cisapride (DB00604)","0.9156","http://www.drugbank.ca/drugs/DB00604"
"84","1-{2-[(4-CHLOROPHENYL)AMINO]-2-OXOETHYL}-N-(1-ISOPROPYLPIPERIDIN-4-YL)-1H-INDOLE-2-CARBOXAMIDE (DB07974)","0.9152","http://www.drugbank.ca/drugs/DB07974"
"85","N-{3-[(4-{[3-(TRIFLUOROMETHYL)PHENYL]AMINO}PYRIMIDIN-2-YL)AMINO]PHENYL}CYCLOPROPANECARBOXAMIDE (DB07545)","0.9151","http://www.drugbank.ca/drugs/DB07545"
"86","Aripiprazole (DB01238)","0.9148","http://www.drugbank.ca/drugs/DB01238"
"87","Rbt205 Inhibitor (DB03777)","0.9135","http://www.drugbank.ca/drugs/DB03777"
"88","4-[(3S)-1-AZABICYCLO[2.2.2]OCT-3-YLAMINO]-3-(1H-BENZIMIDAZOL-2-YL)-6-CHLOROQUINOLIN-2(1H)-ONE (DB06852)","0.9132","http://www.drugbank.ca/drugs/DB06852"
"89","1-{2-[3-(2-Chloro-4,5-difluoro-benzoyl)-ureido]-4-fluoro-phenyl}-piperidine-4-carboxylic acid (DB07396)","0.9131","http://www.drugbank.ca/drugs/DB07396"
"90","N-(3-TERT-BUTYL-1H-PYRAZOL-5-YL)-N'-{4-CHLORO-3-[(PYRIDIN-3-YLOXY)METHYL]PHENYL}UREA (DB08064)","0.9127","http://www.drugbank.ca/drugs/DB08064"
"91","(3S)-1-(1,3-BENZODIOXOL-5-YLMETHYL)-3-[4-(1H-IMIDAZOL-1-YL)PHENOXY]PIPERIDINE (DB07011)","0.9123","http://www.drugbank.ca/drugs/DB07011"
"92","2-[1-(4-CHLOROBENZOYL)-5-METHOXY-2-METHYL-1H-INDOL-3-YL]-N-[(1R)-1-(HYDROXYMETHYL)PROPYL]ACETAMIDE (DB07981)","0.9123","http://www.drugbank.ca/drugs/DB07981"
"93","2-[1-(4-CHLOROBENZOYL)-5-METHOXY-2-METHYL-1H-INDOL-3-YL]-N-[(1S)-1-(HYDROXYMETHYL)PROPYL]ACETAMIDE (DB07984)","0.9123","http://www.drugbank.ca/drugs/DB07984"
"94","4-{[5-chloro-4-(1H-indol-3-yl)pyrimidin-2-yl]amino}-N-ethylpiperidine-1-carboxamide (DB08005)","0.9122","http://www.drugbank.ca/drugs/DB08005"
"95","Nefazodone (DB01149)","0.9121","http://www.drugbank.ca/drugs/DB01149"
"96","3-[(Acetyl-Methyl-Amino)-Methyl]-4-Amino-N-Methyl-N-(1-Methyl-1h-Indol-2-Ylmethyl)-Benzamide (DB03534)","0.9118","http://www.drugbank.ca/drugs/DB03534"
"97","(2R)-({4-[AMINO(IMINO)METHYL]PHENYL}AMINO){5-ETHOXY-2-FLUORO-3-[(3R)-TETRAHYDROFURAN-3-YLOXY]PHENYL}ACETICACID (DB04590)","0.9118","http://www.drugbank.ca/drugs/DB04590"
"98","Delavirdine (DB00705)","0.9117","http://www.drugbank.ca/drugs/DB00705"
"99","2-({2-[(3R)-3-AMINOPIPERIDIN-1-YL]-4-OXOQUINAZOLIN-3(4H)-YL}METHYL)BENZONITRILE (DB08588)","0.9114","http://www.drugbank.ca/drugs/DB08588"
"100","Mirabegron  (DB08893)","0.9106","http://www.drugbank.ca/drugs/DB08893"
"101","(4R,2S)-5'-(4-(4-CHLOROBENZYLOXY)PYRROLIDIN-2-YLMETHANESULFONYL)ISOQUINOLINE (DB07583)","0.9105","http://www.drugbank.ca/drugs/DB07583"
"102","[4-(6-Chloro-Naphthalene-2-Sulfonyl)-Piperazin-1-Yl]-(3,4,5,6-Tetrahydro-2h-[1,4']Bipyridinyl-4-Yl)-Methanone (DB01836)","0.9102","http://www.drugbank.ca/drugs/DB01836"
"103","4-CHLORO-6-(4-{4-[4-(METHYLSULFONYL)BENZYL]PIPERAZIN-1-YL}-1H-PYRAZOL-5-YL)BENZENE-1,3-DIOL (DB06957)","0.9100","http://www.drugbank.ca/drugs/DB06957"
"104","(1S,5S,7R)-N~7~-(BIPHENYL-4-YLMETHYL)-N~3~-HYDROXY-6,8-DIOXA-3-AZABICYCLO[3.2.1]OCTANE-3,7-DICARBOXAMIDE (DB07026)","0.9095","http://www.drugbank.ca/drugs/DB07026"
"105","1-(2,6-Dichlorophenyl)-5-(2,4-Difluorophenyl)-7-Piperidin-4-Yl-3,4-Dihydroquinolin-2(1h)-One (DB01948)","0.9085","http://www.drugbank.ca/drugs/DB01948"
"106","(3R,4S)-1-{6-[3-(METHYLSULFONYL)PHENYL]PYRIMIDIN-4-YL}-4-(2,4,5-TRIFLUOROPHENYL)PYRROLIDIN-3-AMINE (DB07666)","0.9085","http://www.drugbank.ca/drugs/DB07666"
"107","(3R,4R)-1-{6-[3-(METHYLSULFONYL)PHENYL]PYRIMIDIN-4-YL}-4-(2,4,5-TRIFLUOROPHENYL)PIPERIDIN-3-AMINE (DB08164)","0.9084","http://www.drugbank.ca/drugs/DB08164"
"108","(13R,15S)-13-METHYL-16-OXA-8,9,12,22,24-PENTAAZAHEXACYCLO[15.6.2.16,9.1,12,15.0,2,7.0,21,25]HEPTACOSA-1(24),2,4,6,17(25),18,20-HEPTAENE-23,26-DIONE (DB06888)","0.9083","http://www.drugbank.ca/drugs/DB06888"
"109","2-{4-[5-(4-chlorophenyl)-4-pyrimidin-4-yl-1H-pyrazol-3-yl]piperidin-1-yl}-2-oxoethanol (DB07943)","0.9082","http://www.drugbank.ca/drugs/DB07943"
"110","2-Hydroxy-5-({1-[(2-Naphthyloxy)Methyl]-3-Oxoprop-1-Enyl}Amino)Tyrosine (DB02511)","0.9082","http://www.drugbank.ca/drugs/DB02511"
"111","Furo[2,3d]Pyrimidine Antifolate (DB02026)","0.9074","http://www.drugbank.ca/drugs/DB02026"
"112","Cp403700, (S)-1-{2-[(5-Chloro-1h-Indole-2-Carbonyl)-Amino]-3-Phenyl-Propionyl}-Azetidine-3-Carboxylate (DB03744)","0.9073","http://www.drugbank.ca/drugs/DB03744"
"113","N-(1-ISOPROPYLPIPERIDIN-4-YL)-1-(3-METHOXYBENZYL)-1H-INDOLE-2-CARBOXAMIDE (DB07973)","0.9064","http://www.drugbank.ca/drugs/DB07973"
"114","Alfuzosin (DB00346)","0.9062","http://www.drugbank.ca/drugs/DB00346"
"115","Terconazole (DB00251)","0.9062","http://www.drugbank.ca/drugs/DB00251"
"116","2-Phenyl-1-[4-(2-Piperidin-1-Yl-Ethoxy)-Phenyl]-1,2,3,4-Tetrahydro-Isoquinolin-6-Ol (DB04471)","0.9057","http://www.drugbank.ca/drugs/DB04471"
"117","1-(5-Carboxypentyl)-5-[(2,6-Dichlorobenzyl)Oxy]-1 H-Indole-2-Carboxylic Acid (DB02316)","0.9055","http://www.drugbank.ca/drugs/DB02316"
"118","OPC-51803 (DB05838)","0.9055","http://www.drugbank.ca/drugs/DB05838"
"119","Gatifloxacin (DB01044)","0.9054","http://www.drugbank.ca/drugs/DB01044"
"120","4-(1-Benzyl-3-Carbamoylmethyl-2-Methyl-1h-Indol-5-Yloxy)-Butyric Acid (DB02936)","0.9053","http://www.drugbank.ca/drugs/DB02936"
"121","6-[3-(4-Morpholinyl)Propyl]-2-(3-Nitrophenyl)-5-Thioxo-5,6,-Dihydro-7h-Thienol[2',3':4,5]Pyrrolo[1,2-C]Imidazol-7-One (DB03507)","0.9050","http://www.drugbank.ca/drugs/DB03507"
"122","2,4-Diamino-5-Methyl-6-[(3,4,5-Trimethoxy-N-Methylanilino)Methyl]Pyrido[2,3-D]Pyrimidine (DB02104)","0.9045","http://www.drugbank.ca/drugs/DB02104"
"123","3-(1H-INDOL-3-YL)-4-(1-{2-[(2S)-1-METHYLPYRROLIDINYL]ETHYL}-1H-INDOL-3-YL)-1H-PYRROLE-2,5-DIONE (DB07456)","0.9044","http://www.drugbank.ca/drugs/DB07456"
"124","3-(1H-INDOL-3-YL)-4-{1-[2-(1-METHYLPYRROLIDIN-2-YL)ETHYL]-1H-INDOL-3-YL}-1H-PYRROLE-2,5-DIONE (DB07458)","0.9044","http://www.drugbank.ca/drugs/DB07458"
"125","5-(5-chloro-2,4-dihydroxyphenyl)-N-ethyl-4-[4-(morpholin-4-ylmethyl)phenyl]isoxazole-3-carboxamide (DB06961)","0.9042","http://www.drugbank.ca/drugs/DB06961"
"126","FAMOXADONE (DB07778)","0.9038","http://www.drugbank.ca/drugs/DB07778"
"127","Ezetimibe (DB00973)","0.9034","http://www.drugbank.ca/drugs/DB00973"
"128","Sertindole (DB06144)","0.9030","http://www.drugbank.ca/drugs/DB06144"
"129","Raltitrexed (DB00293)","0.9024","http://www.drugbank.ca/drugs/DB00293"
"130","Bentiromide (DB00522)","0.9022","http://www.drugbank.ca/drugs/DB00522"
"131","ISOQUINOLINE-5-SULFONIC ACID (2-(2-(4-CHLOROBENZYLOXY)ETHYLAMINO)ETHYL)AMIDE (DB07947)","0.9019","http://www.drugbank.ca/drugs/DB07947"
"132","CRA_10991 (DB01771)","0.9017","http://www.drugbank.ca/drugs/DB01771"
"133","N-[2-({[amino(imino)methyl]amino}oxy)ethyl]-2-{6-chloro-3-[(2,2-difluoro-2-phenylethyl)amino]-2-fluorophenyl}acetamide (DB07946)","0.9015","http://www.drugbank.ca/drugs/DB07946"
"134","2-{5-[3-(7-PROPYL-3-TRIFLUOROMETHYLBENZO[D]ISOXAZOL-6-YLOXY)PROPOXY]INDOL-1-YL}ETHANOIC ACID (DB07053)","0.9011","http://www.drugbank.ca/drugs/DB07053"
"135","6-[(Z)-AMINO(IMINO)METHYL]-N-[3-(CYCLOPENTYLOXY)PHENYL]-2-NAPHTHAMIDE (DB07076)","0.9008","http://www.drugbank.ca/drugs/DB07076"
"136","5-hydroxy-4-(7-methoxy-1,1-dioxido-2H-1,2,4-benzothiadiazin-3-yl)-2-(3-methylbutyl)-6-phenylpyridazin-3(2H)-one (DB06974)","0.9006","http://www.drugbank.ca/drugs/DB06974"
"137","Tolvaptan (DB06212)","0.9004","http://www.drugbank.ca/drugs/DB06212"
"138","5-Chloro-thiophene-2-carboxylic acid ((3S,4S)-1-{[2-fluoro-4-(2-oxo-2H-pyridin-1-yl)-phenylcarbamoyl]-methyl}-4-hydroxy-pyrrolidin-3-yl)-amide (DB07875)","0.9004","http://www.drugbank.ca/drugs/DB07875"
"139","Azelastine (DB00972)","0.9003","http://www.drugbank.ca/drugs/DB00972"
"140","4-(2-HYDROXYBENZYLAMINO)-N-(3-(4-FLUOROPHENOXY)PHENYL)PIPERIDINE-1-SULFONAMIDE (DB04632)","0.8996","http://www.drugbank.ca/drugs/DB04632"
"141","Topotecan (DB01030)","0.8996","http://www.drugbank.ca/drugs/DB01030"
"142","4-(4-METHYLPIPERAZIN-1-YL)-N-[5-(2-THIENYLACETYL)-1,5-DIHYDROPYRROLO[3,4-C]PYRAZOL-3-YL]BENZAMIDE (DB07186)","0.8990","http://www.drugbank.ca/drugs/DB07186"
"143","(S)-2-CHLORO-N-(1-(2-(2-HYDROXYETHYLAMINO)-2-OXOETHYL)-2-OXO-1,2,3,4-TETRAHYDROQUINOLIN-3-YL)-6H-THIENO[2,3-B]PYRROLE-5-CARBOXAMIDE (DB07792)","0.8985","http://www.drugbank.ca/drugs/DB07792"
"144","Fluvastatin (DB01095)","0.8982","http://www.drugbank.ca/drugs/DB01095"
"145","({3-[1-(4-HYDROXY-2-OXO-2H-CHROMEN-3-YL)-PROPYL]-PHENYLCARBAMOYL}-METHYL)-CARBAMIC ACID TERT-BUTYL ESTER (DB08664)","0.8979","http://www.drugbank.ca/drugs/DB08664"
"146","Compound 4-D (DB03742)","0.8976","http://www.drugbank.ca/drugs/DB03742"
"147","(1-Methyl-1h-Imidazol-2-Yl)-(3-Methyl-4-{3-[(Pyridin-3-Ylmethyl)-Amino]-Propoxy}-Benzofuran-2-Yl)-Methanone (DB03062)","0.8976","http://www.drugbank.ca/drugs/DB03062"
"148","Sulfinpyrazone (DB01138)","0.8970","http://www.drugbank.ca/drugs/DB01138"
"149","(20S)-19,20,22,23-TETRAHYDRO-19-OXO-5H,21H-18,20-ETHANO-12,14-ETHENO-6,10-METHENOBENZ[D]IMIDAZO[4,3-L][1,6,9,13]OXATRIAZACYCLONOADECOSINE-9-CARBONITRILE (DB08676)","0.8969","http://www.drugbank.ca/drugs/DB08676"
"150","7-Hydroxystaurosporine (DB01933)","0.8961","http://www.drugbank.ca/drugs/DB01933"
"151","3-[1-(3-Aminopropyl)-1h-Indol-3-Yl]-4-(1-Methyl-1h-Indol-3-Yl)-1h-Pyrrole-2,5-Dione (DB01946)","0.8957","http://www.drugbank.ca/drugs/DB01946"
"152","Flibanserin (DB04908)","0.8955","http://www.drugbank.ca/drugs/DB04908"
"153","2-{[(6-OXO-1,6-DIHYDROPYRIDIN-3-YL)METHYL]AMINO}-N-[4-PROPYL-3-(TRIFLUOROMETHYL)PHENYL]BENZAMIDE (DB07831)","0.8955","http://www.drugbank.ca/drugs/DB07831"
"154","Allyl-{6-[3-(4-Bromo-Phenyl)-Benzofuran-6-Yloxy]-Hexyl-}-Methyl-Amin (DB02339)","0.8952","http://www.drugbank.ca/drugs/DB02339"
"155","Cis-[4,5-Bis-(4-Chlorophenyl)-2-(2-Isopropoxy-4-Methoxyphenyl)-4,5-Dihyd Roimidazol-1-Yl]-Piperazin-1-Yl-Methanone (DB04144)","0.8950","http://www.drugbank.ca/drugs/DB04144"
"156","5-chloro-N-[(3R)-1-(2-{[2-fluoro-4-(2-oxopyridin-1(2H)-yl)phenyl]amino}-2-oxoethyl)pyrrolidin-3-yl]thiophene-2-carboxamide (DB07872)","0.8946","http://www.drugbank.ca/drugs/DB07872"
"157","N-(P-CYANOPHENYL)-N'-DIPHENYLMETHYL-GUANIDINE-ACETIC ACID (DB07816)","0.8944","http://www.drugbank.ca/drugs/DB07816"
"158","Clomifene (DB00882)","0.8937","http://www.drugbank.ca/drugs/DB00882"
"159","Rimonabant (DB06155)","0.8936","http://www.drugbank.ca/drugs/DB06155"
"160","[1-(3-Hydroxy-2-Oxo-1-Phenethyl-Propylcarbamoyl)2-Phenyl-Ethyl]-Carbamic Acid Pyridin-4-Ylmethyl Ester (DB02128)","0.8936","http://www.drugbank.ca/drugs/DB02128"
"161","Encainide (DB01228)","0.8934","http://www.drugbank.ca/drugs/DB01228"
"162","6-({5-fluoro-2-[(3,4,5-trimethoxyphenyl)amino]pyrimidin-4-yl}amino)-2,2-dimethyl-2H-pyrido[3,2-b][1,4]oxazin-3(4H)-one (DB07159)","0.8933","http://www.drugbank.ca/drugs/DB07159"
"163","Mitoxantrone (DB01204)","0.8931","http://www.drugbank.ca/drugs/DB01204"
"164","Prazosin (DB00457)","0.8931","http://www.drugbank.ca/drugs/DB00457"
"165","Lefradafiban (DB04863)","0.8930","http://www.drugbank.ca/drugs/DB04863"
"166","2-METHYL-2-(4-{[({4-METHYL-2-[4-(TRIFLUOROMETHYL)PHENYL]-1,3-THIAZOL-5-YL}CARBONYL)AMINO]METHYL}PHENOXY)PROPANOIC ACID (DB07215)","0.8929","http://www.drugbank.ca/drugs/DB07215"
"167","[1-(1-Benzyl-3-Hydroxy-2-Oxo-Propylcarbamoyl)-2-Phenyl-Ethyl]-Carbamic Acid Benzyl Ester (DB01871)","0.8927","http://www.drugbank.ca/drugs/DB01871"
"168","2-(2-{2-[(BIPHENYL-4-YLMETHYL)-AMINO]-3-MERCAPTO-PENTANOYLAMINO}-ACETYLAMINO)-3-METHYL-BUTYRIC ACID METHYL ESTER (DB08643)","0.8927","http://www.drugbank.ca/drugs/DB08643"
"169","Ranolazine (DB00243)","0.8927","http://www.drugbank.ca/drugs/DB00243"
"170","5-[1-(3,4-Dimethoxy-Benzoyl)-1,2,3,4-Tetrahydro-Quinolin-6-Yl]-6-Methyl-3,6-Dihydro-[1,3,4]Thiadiazin-2-One (DB03944)","0.8927","http://www.drugbank.ca/drugs/DB03944"
"171","Flurazepam (DB00690)","0.8925","http://www.drugbank.ca/drugs/DB00690"
"172","N-[4-CHLORO-3-(PYRIDIN-3-YLOXYMETHYL)-PHENYL]-3-FLUORO- (DB08068)","0.8924","http://www.drugbank.ca/drugs/DB08068"
"173","3-(7-DIAMINOMETHYL-NAPHTHALEN-2-YL)-PROPIONIC ACID ETHYL ESTER (DB07639)","0.8923","http://www.drugbank.ca/drugs/DB07639"
"174","R048-8071 (DB02016)","0.8922","http://www.drugbank.ca/drugs/DB02016"
"175","3-CYCLOHEXYL-1-(2-MORPHOLIN-4-YL-2-OXOETHYL)-2-PHENYL-1H-INDOLE-6-CARBOXYLIC ACID (DB07570)","0.8917","http://www.drugbank.ca/drugs/DB07570"
"176","5-CHLORO-THIOPHENE-2-CARBOXYLIC ACID ((3S,4S)-4-FLUORO- 1-{[2-FLUORO-4-(2-OXO-2H-PYRIDIN-1-YL)-PHENYLCARBAMOYL]-METHYL}-PYRROLIDIN-3-YL)-AMIDE (DB08143)","0.8916","http://www.drugbank.ca/drugs/DB08143"
"177","Br-Coeleneterazine (DB02006)","0.8914","http://www.drugbank.ca/drugs/DB02006"
"178","I-Coeleneterazine (DB04146)","0.8914","http://www.drugbank.ca/drugs/DB04146"
"179","5-[(2-methyl-5-{[3-(trifluoromethyl)phenyl]carbamoyl}phenyl)amino]pyridine-3-carboxamide (DB07970)","0.8914","http://www.drugbank.ca/drugs/DB07970"
"180","Afimoxifene (DB04468)","0.8908","http://www.drugbank.ca/drugs/DB04468"
"181","Iloperidone (DB04946)","0.8905","http://www.drugbank.ca/drugs/DB04946"
"182","Zuclopenthixol acetate (DB08919)","0.8902","http://www.drugbank.ca/drugs/DB08919"
"183","1-[2-(3-Biphenyl)-4-Methylvaleryl)]Amino-3-(2-Pyridylsulfonyl)Amino-2-Propanone (DB04244)","0.8902","http://www.drugbank.ca/drugs/DB04244"
"184","Eletriptan (DB00216)","0.8902","http://www.drugbank.ca/drugs/DB00216"
"185","(2R)-N-HYDROXY-2-[(3S)-3-METHYL-3-{4-[(2-METHYLQUINOLIN-4-YL)METHOXY]PHENYL}-2-OXOPYRROLIDIN-1-YL]PROPANAMIDE (DB07145)","0.8901","http://www.drugbank.ca/drugs/DB07145"
"186","Toremifene (DB00539)","0.8899","http://www.drugbank.ca/drugs/DB00539"
"187","Dimenhydrinate (DB00985)","0.8897","http://www.drugbank.ca/drugs/DB00985"
"188","Drotaverine (DB06751)","0.8891","http://www.drugbank.ca/drugs/DB06751"
"189","Valsartan (DB00177)","0.8888","http://www.drugbank.ca/drugs/DB00177"
"190","PHENYLALANYLAMINODI(ETHYLOXY)ETHYL BENZENESULFONAMIDEAMINOCARBONYLBENZENESULFONAMIDE (DB07710)","0.8888","http://www.drugbank.ca/drugs/DB07710"
"191","7-[3-(4-FLUORO-PHENYL)-1-ISOPROPYL-1H-INDOL-2-YL]-3,5-DIHYDROXY-HEPTANOIC ACID (DB06846)","0.8887","http://www.drugbank.ca/drugs/DB06846"
"192","1-(2-Fluorobenzyl)-3-Butyl-8-(N-Acetyl-4-Aminobenzyl)-Xanthine (DB02008)","0.8883","http://www.drugbank.ca/drugs/DB02008"
"193","Tadalafil (DB00820)","0.8881","http://www.drugbank.ca/drugs/DB00820"
"194","Trazodone (DB00656)","0.8880","http://www.drugbank.ca/drugs/DB00656"
"195","Eltrombopag (DB06210)","0.8879","http://www.drugbank.ca/drugs/DB06210"
"196","6-FLUORO-2-[2-HYDROXY-3-(2-METHYL-CYCLOHEXYLOXY)-PHENYL]-1H-INDOLE-5-CARBOXAMIDINE (DB06856)","0.8872","http://www.drugbank.ca/drugs/DB06856"
"197","2-(3-CHLORO-6-{[2,2-DIFLUORO-2-(1-OXIDOPYRIDIN-2-YL)ETHYL]AMINO}-1-OXIDOPYRIDIN-2-YL)-N-[1-(3-CHLOROPHENYL)ETHYL]ACETAMIDE (DB04722)","0.8872","http://www.drugbank.ca/drugs/DB04722"
"198","Pipazethate (DB08796)","0.8870","http://www.drugbank.ca/drugs/DB08796"
"199","Flavoxate (DB01148)","0.8868","http://www.drugbank.ca/drugs/DB01148"
"200","N-Alpha-(2-Naphthylsulfonyl)-N(3-Amidino-L-Phenylalaninyl)Isopipecolinic Acid Methyl Ester (DB01745)","0.8863","http://www.drugbank.ca/drugs/DB01745"
"201","Beta-hydroxyfentanyl (DB01453)","0.8849","http://www.drugbank.ca/drugs/DB01453"
"202","Pagoclone (DB04903)","0.8847","http://www.drugbank.ca/drugs/DB04903"
"203","Grepafloxacin (DB00365)","0.8844","http://www.drugbank.ca/drugs/DB00365"
"204","Benazepril (DB00542)","0.8843","http://www.drugbank.ca/drugs/DB00542"
"205","1-(2-CYCLOPROPYLETHYL)-3-(1,1-DIOXIDO-2H-1,2,4-BENZOTHIADIAZIN-3-YL)-6-FLUORO-4-HYDROXYQUINOLIN-2(1H)-ONE (DB08278)","0.8843","http://www.drugbank.ca/drugs/DB08278"
"206","6-(4-{(1S,2S)-2-AMINO-1-[(DIMETHYLAMINO)CARBONYL]-3-[(3S)-3-FLUOROPYRROLIDIN-1-YL]-3-OXOPROPYL}PHENYL)-1H-[1,2,4]TRIAZOLO[1,5-A]PYRIDIN-4-IUM (DB08504)","0.8842","http://www.drugbank.ca/drugs/DB08504"
"207","(2S)-1-{[5-(1H-INDAZOL-5-YL)PYRIDIN-3-YL]OXY}-3-[(7AS)-7AH-INDOL-3-YL]PROPAN-2-AMINE (DB06977)","0.8841","http://www.drugbank.ca/drugs/DB06977"
"208","1-[4-(Octahydro-Pyrido[1,2-a]Pyrazin-2-Yl)-Phenyl]-2-Phenyl-1,2,3,4-Tetrahydro-Isoquinolin-6-Ol (DB03802)","0.8830","http://www.drugbank.ca/drugs/DB03802"
"209","Sparfloxacin (DB01208)","0.8827","http://www.drugbank.ca/drugs/DB01208"
"210","4-(2-{[4-{[3-(4-Chlorophenyl)Propyl]Sulfanyl}-6-(1-Piperazinyl)-1,3,5-Triazin-2-Yl]Amino}Ethyl)Phenol (DB04020)","0.8821","http://www.drugbank.ca/drugs/DB04020"
"211","N-Alpha-(2-Naphthylsulfonyl)-N(3-Amidino-L-Phenylalaninyl)-4-Acetyl-Piperazine (DB04125)","0.8818","http://www.drugbank.ca/drugs/DB04125"
"212","N-Alpha-(2-Naphthylsulfonyl)-N-(3-Amidino-L-Phenylalaninyl)-D-Pipecolinic Acid (DB04238)","0.8817","http://www.drugbank.ca/drugs/DB04238"
"213","(2-Sulfanyl-3-Phenylpropanoyl)-Phe-Tyr (DB03949)","0.8817","http://www.drugbank.ca/drugs/DB03949"
"214","Balanol Analog 2 (DB01940)","0.8810","http://www.drugbank.ca/drugs/DB01940"
"215","N-(5-CHLORO-BENZO[B]THIOPHEN-3-YLMETHYL)-2-[6-CHLORO-OXO-3-(2-PYRIDIN-2-YL-ETHYLAMINO)-2H-PYRAZIN-1-YL]-ACETAMIDE (DB07165)","0.8806","http://www.drugbank.ca/drugs/DB07165"
"216","4-[(1S)-1-(3-fluoro-4-methoxyphenyl)-2-(2-methoxy-5-nitrophenyl)ethyl]-1H-imidazol-2-amine (DB07415)","0.8805","http://www.drugbank.ca/drugs/DB07415"
"217","Terazosin (DB01162)","0.8799","http://www.drugbank.ca/drugs/DB01162"
"218","Flunarizine (DB04841)","0.8798","http://www.drugbank.ca/drugs/DB04841"
"219","6-[N-(1-Isopropyl-1,2,3,4-Tetrahydro-7-Isoquinolinyl)Carbamyl]-2-Naphthalenecarboxamidine (DB02705)","0.8793","http://www.drugbank.ca/drugs/DB02705"
"220","6-[N-(4-Ethyl-1,2,3,4-Tetrahydro-6-Isoquinolinyl)Carbamyl]-2-Naphthalenecarboxamidine (DB02551)","0.8793","http://www.drugbank.ca/drugs/DB02551"
"221","Perphenazine (DB00850)","0.8790","http://www.drugbank.ca/drugs/DB00850"
"222","5-(4-METHYL-BENZOYLAMINO)-BIPHENYL-3,4'-DICARBOXYLIC ACID 3-DIMETHYLAMIDE-4'-HYDROXYAMIDE (DB07586)","0.8788","http://www.drugbank.ca/drugs/DB07586"
"223","Zuclopenthixol (DB01624)","0.8788","http://www.drugbank.ca/drugs/DB01624"
"224","8-bromo-4-(2-chlorophenyl)-N-(2-hydroxyethyl)-6-methyl-1,3-dioxo-1,2,3,6-tetrahydropyrrolo[3,4-e]indole-7-carboxamide (DB08365)","0.8785","http://www.drugbank.ca/drugs/DB08365"
"225","1-{3-[(4-pyridin-2-ylpiperazin-1-yl)sulfonyl]phenyl}-3-(1,3-thiazol-2-yl)urea (DB07817)","0.8785","http://www.drugbank.ca/drugs/DB07817"
"226","1-[(3S)-5-PHENYL-3-THIOPHEN-2-YL-3H-1,4-BENZODIAZEPIN-2-YL]AZETIDIN-3-OL (DB08698)","0.8784","http://www.drugbank.ca/drugs/DB08698"
"227","[3,5-Dibromo-4-(4-Hydroxy-3-Phenethylcarbamoyl-Phenoxy)-Phenyl]-Acetic Acid (DB02106)","0.8783","http://www.drugbank.ca/drugs/DB02106"
"228","Morpholine-4-Carboxylic Acid [1-(2-Benzylsulfanyl-1-Formyl-Ethylcarbamoyl)-2-Phenyl-Ethyl]-Amide (DB03984)","0.8782","http://www.drugbank.ca/drugs/DB03984"
"229","(10R)-10-Formyl-5,8,10-Trideazafolic Acid (DB04264)","0.8782","http://www.drugbank.ca/drugs/DB04264"
"230","RPR128515 (DB04424)","0.8779","http://www.drugbank.ca/drugs/DB04424"
"231","5-cyclopropyl-2-(4-fluorophenyl)-6-[(2-hydroxyethyl)(methylsulfonyl)amino]-N-methyl-1-benzofuran-3-carboxamide (DB07238)","0.8775","http://www.drugbank.ca/drugs/DB07238"
"232","3-(2-AMINO-6-BENZOYLQUINAZOLIN-3(4H)-YL)-N-CYCLOHEXYL-N-METHYLPROPANAMIDE (DB08749)","0.8774","http://www.drugbank.ca/drugs/DB08749"
"233","Azimilide (DB04957)","0.8763","http://www.drugbank.ca/drugs/DB04957"
"234","CRA_11092 (DB03555)","0.8761","http://www.drugbank.ca/drugs/DB03555"
"235","Amiodarone (DB01118)","0.8753","http://www.drugbank.ca/drugs/DB01118"
"236","Asimadoline (DB05104)","0.8746","http://www.drugbank.ca/drugs/DB05104"
"237","2-{4-[4-({4-[2-methyl-1-(1-methylethyl)-1H-imidazol-5-yl]pyrimidin-2-yl}amino)phenyl]piperazin-1-yl}-2-oxoethanol (DB07982)","0.8744","http://www.drugbank.ca/drugs/DB07982"
"238","Acetophenazine (DB01063)","0.8741","http://www.drugbank.ca/drugs/DB01063"
"239","N'-(3-CHLORO-4-METHOXY-PHENYL)-N-(3,4,5-TRIMETHOXYPHENYL)-1,3,5-TRIAZINE-2,4-DIAMINE (DB07251)","0.8735","http://www.drugbank.ca/drugs/DB07251"
"240","2-[2-ETHANESULFONYLAMINO-3-(1H-INDOL-3-YL)-PROPIONYLAMINO]-PENTANEDIOIC ACID 5-AMIDE 1-(4-CARBAMIM IDOYL-BENZYLAMIDE) (DB04758)","0.8733","http://www.drugbank.ca/drugs/DB04758"
"241","Pitavastatin (DB08860)","0.8733","http://www.drugbank.ca/drugs/DB08860"
"242","(10S)-10-Formyl-5,8,10-Trideazafolic Acid (DB02540)","0.8732","http://www.drugbank.ca/drugs/DB02540"
"243","Fluspirilene (DB04842)","0.8731","http://www.drugbank.ca/drugs/DB04842"
"244","6-[N-(1-Isopropyl-3,4-Dihydro-7-Isoquinolinyl)Carbamyl]-2-Naphthalenecarboxamidine (DB02473)","0.8727","http://www.drugbank.ca/drugs/DB02473"
"245","Bepotastine (DB04890)","0.8717","http://www.drugbank.ca/drugs/DB04890"
"246","N-(2-METHOXYETHYL)-4-({4-[2-METHYL-1-(1-METHYLETHYL)-1H-IMIDAZOL-5-YL]PYRIMIDIN-2-YL}AMINO)BENZENESULFONAMIDE (DB07790)","0.8713","http://www.drugbank.ca/drugs/DB07790"
"247","4-(BENZHYDRYLOXY)-1-[3-(1H-TETRAAZOL-5-YL)PROPYL]PIPERIDINE (DB07917)","0.8708","http://www.drugbank.ca/drugs/DB07917"
"248","Bitolterol (DB00901)","0.8706","http://www.drugbank.ca/drugs/DB00901"
"249","N'-(5-CHLORO-1,3-BENZODIOXOL-4-YL)-N-(3,4,5- TRIMETHOXYPHENYL)PYRIMIDINE-2,4-DIAMINE (DB07250)","0.8706","http://www.drugbank.ca/drugs/DB07250"
"250","(2s)-2-[(2,4-Dichloro-Benzoyl)-(3-Trifluoromethyl-Benzyl)-Amino]-3-Phenyl-Propionic Acid (DB03605)","0.8705","http://www.drugbank.ca/drugs/DB03605"
"251","1S,3AS,8AS-TRIMETHYL-1-OXIDO-1,2,3,3A,8,8A-HEXAHYDROPYRROLO[2,3-B]INDOL-5-YL 2-ETHYLPHENYLCARBAMATE (DB07846)","0.8705","http://www.drugbank.ca/drugs/DB07846"
"252","4-[[(1E)-2-(4-CHLOROPHENYL)ETHENYL]SULFONYL]-1-[[1-(4-PYRIDINYL)-4-PIPERIDINYL]METHYL]PIPERAZINONE (DB08745)","0.8702","http://www.drugbank.ca/drugs/DB08745"
"253","Thiothixene (DB01623)","0.8695","http://www.drugbank.ca/drugs/DB01623"
"254","Carphenazine (DB01038)","0.8694","http://www.drugbank.ca/drugs/DB01038"
"255","(9r,10r)-9-(S-Glutathionyl)-10-Hydroxy-9,10-Dihydrophenanthrene (DB01834)","0.8692","http://www.drugbank.ca/drugs/DB01834"
"256","Sildenafil (DB00203)","0.8688","http://www.drugbank.ca/drugs/DB00203"
"257","Ospemifene (DB04938)","0.8686","http://www.drugbank.ca/drugs/DB04938"
"258","N-((1R,2S)-2-(5-CHLORO-1H-INDOLE-2-CARBOXAMIDO)CYCLOHEXYL)-5-METHYL-4,5,6,7-TETRAHYDROTHIAZOLO[5,4-C]PYRIDINE-2-CARBOXAMIDE (DB07629)","0.8686","http://www.drugbank.ca/drugs/DB07629"
"259","N-((1R,2R)-2-(5-CHLORO-1H-INDOLE-2-CARBOXAMIDO)CYCLOHEXYL)-5-METHYL-4,5,6,7-TETRAHYDROTHIAZOLO[5,4-C]PYRIDINE-2-CARBOXAMIDE (DB07630)","0.8686","http://www.drugbank.ca/drugs/DB07630"
"260","N-[(Furan-2-Yl)Carbonyl]-(S)-Leucyl-(R)-[1-Amino-2(1h-Indol-3-Yl)Ethyl]-Phosphonic Acid (DB02046)","0.8679","http://www.drugbank.ca/drugs/DB02046"
"261","Halofantrine (DB01218)","0.8672","http://www.drugbank.ca/drugs/DB01218"
"262","2-(6-CHLORO-3-{[2,2-DIFLUORO-2-(1-OXIDO-2-PYRIDINYL)ETHYL]AMINO}-2-OXO-1(2H)-PYRAZINYL)-N-[(2-FLUOROPHENYL)METHYL]ACETAMIDE (DB07550)","0.8671","http://www.drugbank.ca/drugs/DB07550"
"263","Cetirizine (DB00341)","0.8669","http://www.drugbank.ca/drugs/DB00341"
"264","Darusentan (DB04883)","0.8669","http://www.drugbank.ca/drugs/DB04883"
"265","Beta-hydroxy-3-methylfentanyl (DB01570)","0.8668","http://www.drugbank.ca/drugs/DB01570"
"266","1-(1'-{[3-(methylsulfanyl)-2-benzothiophen-1-yl]carbonyl}spiro[1-benzofuran-3,4'-piperidin]-5-yl)methanamine (DB06848)","0.8667","http://www.drugbank.ca/drugs/DB06848"
"267","Hydroxyzine (DB00557)","0.8666","http://www.drugbank.ca/drugs/DB00557"
"268","[(1-{2[(4-Carbamimidoyl-Phenylamino)-Methyl]-1-Methyl-1h-Benzoimidazol-5-Yl}-Cyclopropyl)-Pyridin-2-Yl-Methyleneaminooxy]-Acetic Acid Ethyl Ester (DB04107)","0.8662","http://www.drugbank.ca/drugs/DB04107"
"269","ZK-805623 (DB04432)","0.8661","http://www.drugbank.ca/drugs/DB04432"
"270","Risperidone (DB00734)","0.8660","http://www.drugbank.ca/drugs/DB00734"
"271","N-(2-AMINOETHYL)-N~2~-{(1S)-1-[4'-(AMINOSULFONYL)BIPHENYL-4-YL]-2,2,2-TRIFLUOROETHYL}-L-LEUCINAMIDE (DB08270)","0.8659","http://www.drugbank.ca/drugs/DB08270"
"272","Besifloxacin (DB06771)","0.8657","http://www.drugbank.ca/drugs/DB06771"
"273","Carfentanil (DB01535)","0.8654","http://www.drugbank.ca/drugs/DB01535"
"274","Meclizine (DB00737)","0.8649","http://www.drugbank.ca/drugs/DB00737"
"275","(1-Tert-Butyl-5-Hydroxy-1h-Pyrazol-4-Yl)-(6-Methanesulfonyl-4'-Methoxy-2-Methyl-Biphenyl-3-Yl)-Methanone (DB02850)","0.8649","http://www.drugbank.ca/drugs/DB02850"
"276","3-{6-[(8-HYDROXY-QUINOLINE-2-CARBONYL)-AMINO]-2-THIOPHEN-2-YL-HEXANOYLAMINO}-4-OXO-BUTYRI ACID (DB07916)","0.8645","http://www.drugbank.ca/drugs/DB07916"
"277","Enzalutamide  (DB08899)","0.8644","http://www.drugbank.ca/drugs/DB08899"
"278","N-(R-Carboxy-Ethyl)-Alpha-(S)-(2-Phenylethyl)Glycyl-L-Arginine-N-Phenylamide (DB02747)","0.8642","http://www.drugbank.ca/drugs/DB02747"
"279","Thioproperazine (DB01622)","0.8637","http://www.drugbank.ca/drugs/DB01622"
"280","(3r)-4-(P-Toluenesulfonyl)-1,4-Thiazane-3-Carboxylicacid-L-Phenylalanine Ethyl Ester (DB01712)","0.8633","http://www.drugbank.ca/drugs/DB01712"
"281","Domperidone (DB01184)","0.8632","http://www.drugbank.ca/drugs/DB01184"
"282","Colchicine (DB01394)","0.8626","http://www.drugbank.ca/drugs/DB01394"
"283","3-Methylfentanyl (DB01571)","0.8622","http://www.drugbank.ca/drugs/DB01571"
"284","Rosuvastatin (DB01098)","0.8620","http://www.drugbank.ca/drugs/DB01098"
"285","Alpha-methylfentanyl (DB01557)","0.8618","http://www.drugbank.ca/drugs/DB01557"
"286","Trovafloxacin (DB00685)","0.8612","http://www.drugbank.ca/drugs/DB00685"
"287","Pirenzepine (DB00670)","0.8608","http://www.drugbank.ca/drugs/DB00670"
"288","N~2~-[(BENZYLOXY)CARBONYL]-N-[(1S,2S)-2-HYDROXY-1-(4-HYDROXYBENZYL)PROPYL]-L-LEUCINAMIDE (DB07571)","0.8607","http://www.drugbank.ca/drugs/DB07571"
"289","Saprisartan (DB01347)","0.8602","http://www.drugbank.ca/drugs/DB01347"
"290","(S)-5-(4-Benzyloxy-Phenyl)-4-(7-Phenyl-Heptanoylamino)-Pentanoic Acid (DB04287)","0.8600","http://www.drugbank.ca/drugs/DB04287"
"291","1-[4-(AMINOMETHYL)BENZOYL]-5'-FLUORO-1'H-SPIRO[PIPERIDINE-4,2'-QUINAZOLIN]-4'-AMINE (DB08750)","0.8600","http://www.drugbank.ca/drugs/DB08750"
"292","5-(4-PHENOXYPHENYL)-5-(4-PYRIMIDIN-2-YLPIPERAZIN-1-YL)PYRIMIDINE-2,4,6(2H,3H)-TRIONE (DB07117)","0.8596","http://www.drugbank.ca/drugs/DB07117"
"293","4-chloro-N-(3-methoxypropyl)-N-[(3S)-1-(2-phenylethyl)piperidin-3-yl]benzamide (DB08344)","0.8585","http://www.drugbank.ca/drugs/DB08344"
"294","N-ethyl-4-{[5-(methoxycarbamoyl)-2-methylphenyl]amino}-5-methylpyrrolo[2,1-f][1,2,4]triazine-6-carboxamide (DB06940)","0.8582","http://www.drugbank.ca/drugs/DB06940"
"295","5-(3,5-DICHLOROPHENYL)THIO-4-ISOPROPYL-1-(PYRIDIN-4-YL-METHYL)-1H-IMIDAZOL-2-YL-METHYL CARBAMATE (DB08502)","0.8582","http://www.drugbank.ca/drugs/DB08502"
"296","Benzethidine (DB01518)","0.8579","http://www.drugbank.ca/drugs/DB01518"
"297","Fluphenazine (DB00623)","0.8579","http://www.drugbank.ca/drugs/DB00623"
"298","Pipotiazine (DB01621)","0.8576","http://www.drugbank.ca/drugs/DB01621"
"299","N-(4-{[(3S)-3-(dimethylamino)pyrrolidin-1-yl]carbonyl}phenyl)-5-fluoro-4-[2-methyl-1-(1-methylethyl)-1H-imidazol-5-yl]pyrimidin-2-amine (DB07936)","0.8575","http://www.drugbank.ca/drugs/DB07936"
"300","Chlorotrianisene (DB00269)","0.8573","http://www.drugbank.ca/drugs/DB00269"
"301","BNP 1350 (DB05806)","0.8571","http://www.drugbank.ca/drugs/DB05806"
"302","Tl-3-093 (DB01891)","0.8569","http://www.drugbank.ca/drugs/DB01891"
"303","D-phenylalanyl-N-(3-chlorobenzyl)-L-prolinamide (DB06919)","0.8566","http://www.drugbank.ca/drugs/DB06919"
"304","D-phenylalanyl-N-(3-fluorobenzyl)-L-prolinamide (DB07027)","0.8566","http://www.drugbank.ca/drugs/DB07027"
"305","Irbesartan (DB01029)","0.8564","http://www.drugbank.ca/drugs/DB01029"
"306","[4-R-(4-ALPHA,6-BETA,7-BETA]-HEXAHYDRO-5,6-DI(HYDROXY)-1,3-DI(ALLYL)-4,7-BISPHENYLMETHYL)-2H-1,3-DIAZEPINONE (DB06910)","0.8564","http://www.drugbank.ca/drugs/DB06910"
"307","4-[(2-{4-[(CYCLOPROPYLCARBAMOYL)AMINO]-1H-PYRAZOL-3-YL}-1H-BENZIMIDAZOL-6-YL)METHYL]MORPHOLIN-4-IUM (DB08067)","0.8562","http://www.drugbank.ca/drugs/DB08067"
"308","5-CHLORO-N-((1R,2S)-2-(4-(2-OXOPYRIDIN-1(2H)-YL)BENZAMIDO) CYCLOPENTYL)THIOPHENE-2-CARBOXAMIDE (DB08174)","0.8561","http://www.drugbank.ca/drugs/DB08174"
"309","N-{(1S,2R)-2-hydroxy-1-[(hydroxyamino)carbonyl]propyl}-4-{[4-(morpholin-4-ylmethyl)phenyl]ethynyl}benzamide (DB07536)","0.8540","http://www.drugbank.ca/drugs/DB07536"
"310","Buclizine (DB00354)","0.8533","http://www.drugbank.ca/drugs/DB00354"
"311","PYRIMIDINE-4,6-DICARBOXYLIC ACID BIS-(4-FLUORO-3-METHYL-BENZYLAMIDE) (DB04760)","0.8529","http://www.drugbank.ca/drugs/DB04760"
"312","PYRIMIDINE-4,6-DICARBOXYLIC ACID BIS-(3-METHYL-BENZYLAMIDE) (DB04759)","0.8527","http://www.drugbank.ca/drugs/DB04759"
"313","(METHYLPYRIDAZINE PIPERIDINE ETHYLOXYPHENYL)ETHYLACETATE (DB08012)","0.8526","http://www.drugbank.ca/drugs/DB08012"
"314","Loratadine (DB00455)","0.8524","http://www.drugbank.ca/drugs/DB00455"
"315","Glyburide (DB01016)","0.8519","http://www.drugbank.ca/drugs/DB01016"
"316","(2S)-4-(2,5-DIFLUOROPHENYL)-N-METHYL-2-PHENYL-N-PIPERIDIN-4-YL-2,5-DIHYDRO-1H-PYRROLE-1-CARBOXAMIDE (DB08239)","0.8518","http://www.drugbank.ca/drugs/DB08239"
"317","Anileridine (DB00913)","0.8517","http://www.drugbank.ca/drugs/DB00913"
"318","Cyclopropyl-{4-[5-(3,4-Dichlorophenyl)-2-[(1-Methyl)-Piperidin]-4-Yl-3-Propyl-3h-Imidazol-4-Yl]-Pyrimidin-2-Yl}Amine (DB03084)","0.8516","http://www.drugbank.ca/drugs/DB03084"
"319","Nicergoline (DB00699)","0.8512","http://www.drugbank.ca/drugs/DB00699"
"320","Ivacaftor (DB08820)","0.8512","http://www.drugbank.ca/drugs/DB08820"
"321","Canagliflozin (DB08907)","0.8506","http://www.drugbank.ca/drugs/DB08907"
"322","1-[1'-(3-phenylacryloyl)spiro[1-benzofuran-3,4'-piperidin]-5-yl]methanamine (DB06849)","0.8506","http://www.drugbank.ca/drugs/DB06849"
"323","Amperozide (DB08927)","0.8506","http://www.drugbank.ca/drugs/DB08927"
"324","Propantheline (DB00782)","0.8505","http://www.drugbank.ca/drugs/DB00782"
"325","[4-(3-AMINOMETHYL-PHENYL)-PIPERIDIN-1-YL]-(5-PHENETHYL- PYRIDIN-3-YL)-METHANONE (DB04764)","0.8504","http://www.drugbank.ca/drugs/DB04764"
"326","Avanafil (DB06237)","0.8504","http://www.drugbank.ca/drugs/DB06237"
"327","Haloperidol (DB00502)","0.8503","http://www.drugbank.ca/drugs/DB00502"
"328","Repaglinide (DB00912)","0.8502","http://www.drugbank.ca/drugs/DB00912"
"329","Dextromoramide (DB01529)","0.8498","http://www.drugbank.ca/drugs/DB01529"
"330","Dioxaphetyl butyrate (DB01475)","0.8492","http://www.drugbank.ca/drugs/DB01475"
"331","N-({(2S)-1-[(3R)-3-AMINO-4-(2-FLUOROPHENYL)BUTANOYL]PYRROLIDIN-2-YL}METHYL)BENZAMIDE (DB07779)","0.8484","http://www.drugbank.ca/drugs/DB07779"
"332","Indacaterol (DB05039)","0.8481","http://www.drugbank.ca/drugs/DB05039"
"333","N~2~-1,3-BENZOXAZOL-2-YL-3-CYCLOHEXYL-N-{2-[(4-METHOXYPHENYL)AMINO]ETHYL}-L-ALANINAMIDE (DB07839)","0.8476","http://www.drugbank.ca/drugs/DB07839"
"334","Dolutegravir (DB08930)","0.8474","http://www.drugbank.ca/drugs/DB08930"
"335","(11R)-10-acetyl-11-(2,4-dichlorophenyl)-6-hydroxy-3,3-dimethyl-2,3,4,5,10,11-hexahydro-1H-dibenzo[b,e][1,4]diazepin-1-one (DB08747)","0.8467","http://www.drugbank.ca/drugs/DB08747"
"336","Methotrexate (DB00563)","0.8455","http://www.drugbank.ca/drugs/DB00563"
"337","(2R,4S)-2-[(R)-BENZYLCARBAMOYL-PHENYLACETYL-METHYL]-5,5-DIMETHYL-THIAZOLIDINE-4-CARBOXYLIC ACID (DB07806)","0.8454","http://www.drugbank.ca/drugs/DB07806"
"338","N-(4-carbamimidoylbenzyl)-1-(3-phenylpropanoyl)-L-prolinamide (DB06942)","0.8447","http://www.drugbank.ca/drugs/DB06942"
"339","Piboserod (DB04873)","0.8442","http://www.drugbank.ca/drugs/DB04873"
"340","K201 (DB02929)","0.8434","http://www.drugbank.ca/drugs/DB02929"
"341","(5-(aminomethyl)-2H-spiro[benzofuran-3,4'-piperidine]-1'-yl)(5-(phenylethynyl)furan-2-yl)methanone (DB06962)","0.8432","http://www.drugbank.ca/drugs/DB06962"
"342","(4R)-N-[4-({[2-(DIMETHYLAMINO)ETHYL]AMINO}CARBONYL)-1,3-THIAZOL-2-YL]-4-METHYL-1-OXO-2,3,4,9-TETRAHYDRO-1H-BETA-CARBOLINE-6-CARBOXAMIDE (DB07406)","0.8431","http://www.drugbank.ca/drugs/DB07406"
"343","Pemetrexed (DB00642)","0.8430","http://www.drugbank.ca/drugs/DB00642"
"344","2,5-bis-o-{3-[amino(imino)methyl]phenyl}-1,4:3,6-dianhydro-d-glucitol (DB04790)","0.8425","http://www.drugbank.ca/drugs/DB04790"
"345","2-O-(4'-AMIDINOPHENYL)-5-O-(3''-AMIDINOPHENYL)-1,4:3,6-DIANHYDRO-D-SORBITOL (DB04791)","0.8425","http://www.drugbank.ca/drugs/DB04791"
"346","2,5-O,O-BIS-{4',4''-AMIDINOPHENYL}-1,4:3,6-DIANHYDRO-D-SORBITOL (DB04792)","0.8425","http://www.drugbank.ca/drugs/DB04792"
"347","2-O-(3'-AMIDINOPHENYL)-5-O-(4''-AMIDINOPHENYL}-1,4:3,6-DIANHYDRO-D-SORBITOL (DB04793)","0.8425","http://www.drugbank.ca/drugs/DB04793"
"348","[PHENYLALANINYL-PROLINYL]-[2-(PYRIDIN-4-YLAMINO)-ETHYL]-AMINE (DB08422)","0.8422","http://www.drugbank.ca/drugs/DB08422"
"349","Udenafil (DB06267)","0.8422","http://www.drugbank.ca/drugs/DB06267"
"350","D-phenylalanyl-N-(3-methylbenzyl)-L-prolinamide (DB07133)","0.8419","http://www.drugbank.ca/drugs/DB07133"
"351","1-[[(1E)-2-(4-CHLOROPHENYL)ETHENYL]SULFONYL]-4-[[1-(4-PYRIDINYL)-4-PIPERIDINYL]METHYL]PIPERAZINE (DB08746)","0.8410","http://www.drugbank.ca/drugs/DB08746"
"352","2-butoxy-9-(2,6-difluorobenzyl)-N-(2-morpholin-4-ylethyl)-9H-purin-6-amine (DB07937)","0.8405","http://www.drugbank.ca/drugs/DB07937"
"353","N~3~-cyclopropyl-N~4~'-(cyclopropylmethyl)-6-methylbiphenyl-3,4'-dicarboxamide (DB07835)","0.8399","http://www.drugbank.ca/drugs/DB07835"
"354","Clidinium (DB00771)","0.8397","http://www.drugbank.ca/drugs/DB00771"
"355","Almitrine (DB01430)","0.8396","http://www.drugbank.ca/drugs/DB01430"
"356","N1-(1-Dimethylcarbamoyl-2-Phenyl-Ethyl)-2-Oxo-N4-(2-Pyridin-2-Yl-Ethyl)-Succinamide (DB02140)","0.8394","http://www.drugbank.ca/drugs/DB02140"
"357","N-(1-Carboxy-3-Phenylpropyl)Phenylalanyl-Alpha-Asparagine (DB02307)","0.8393","http://www.drugbank.ca/drugs/DB02307"
"358","Vardenafil (DB00862)","0.8392","http://www.drugbank.ca/drugs/DB00862"
"359","2-{4-[2-(2-AMINO-4-OXO-4,7-DIHYDRO-3H-PYRROLO[2,3-D]PYRIMIDIN-5-YL)-ETHYL]-BENZOYLAMINO}-3-METHYL-BUTYRIC ACID (DB08131)","0.8392","http://www.drugbank.ca/drugs/DB08131"
"360","Quinapril (DB00881)","0.8392","http://www.drugbank.ca/drugs/DB00881"
"361","N-({(3R,4R)-4-[(benzyloxy)methyl]pyrrolidin-3-yl}methyl)-N-(2-methylpropyl)benzenesulfonamide (DB07505)","0.8390","http://www.drugbank.ca/drugs/DB07505"
"362","Aminopterin (DB08878)","0.8386","http://www.drugbank.ca/drugs/DB08878"
"363","Loperamide (DB00836)","0.8383","http://www.drugbank.ca/drugs/DB00836"
"364","CF-101 (DB05511)","0.8378","http://www.drugbank.ca/drugs/DB05511"
"365","(5S)-5-(3-AMINOPROPYL)-3-(2,5-DIFLUOROPHENYL)-N-ETHYL-5-PHENYL-4,5-DIHYDRO-1H-PYRAZOLE-1-CARBOXAMIDE (DB08250)","0.8378","http://www.drugbank.ca/drugs/DB08250"
"366","Purvalanol (DB02733)","0.8377","http://www.drugbank.ca/drugs/DB02733"
"367","Dasatinib (DB01254)","0.8370","http://www.drugbank.ca/drugs/DB01254"
"368","N-({(2S)-1-[(3R)-3-amino-4-(3-chlorophenyl)butanoyl]pyrrolidin-2-yl}methyl)-3-(methylsulfonyl)benzamide (DB08429)","0.8366","http://www.drugbank.ca/drugs/DB08429"
"369","(6S)-1-chloro-3-[(4-fluorobenzyl)oxy]-6-(pyrrolidin-1-ylcarbonyl)pyrrolo[1,2-a]pyrazin-4(6H)-one (DB07148)","0.8364","http://www.drugbank.ca/drugs/DB07148"
"370","(R)-N-[2-[1-(Aminoiminomethyl)-3-Piperidinyl]-1-Oxoethyl]-4-(Phenylethynyl)-L-Phenylalanine Methylester (DB03453)","0.8362","http://www.drugbank.ca/drugs/DB03453"
"371","OPC-28326 (DB05461)","0.8361","http://www.drugbank.ca/drugs/DB05461"
"372","D-phenylalanyl-N-{4-[amino(iminio)methyl]benzyl}-L-prolinamide (DB07005)","0.8359","http://www.drugbank.ca/drugs/DB07005"
"373","Salmeterol (DB00938)","0.8356","http://www.drugbank.ca/drugs/DB00938"
"374","1-{7-cyclohexyl-6-[4-(4-methylpiperazin-1-yl)benzyl]-7H-pyrrolo[2,3-d]pyrimidin-2-yl}methanamine (DB07563)","0.8355","http://www.drugbank.ca/drugs/DB07563"
"375","Flucloxacillin (DB00301)","0.8343","http://www.drugbank.ca/drugs/DB00301"
"376","Cerivastatin (DB00439)","0.8331","http://www.drugbank.ca/drugs/DB00439"
"377","N~6~-cyclohexyl-N~2~-(4-morpholin-4-ylphenyl)-9H-purine-2,6-diamine (DB07340)","0.8326","http://www.drugbank.ca/drugs/DB07340"
"378","METHYL 1-(4-{[(2,4-DIAMINOPTERIDIN-6-YL)METHYL](METHYL)AMINO}BENZOYL)PIPERIDINE-4-CARBOXYLATE (DB07765)","0.8322","http://www.drugbank.ca/drugs/DB07765"
"379","METHYL 1-(4-{[(2,4-DIAMINOPTERIDIN-6-YL)METHYL]AMINO}BENZOYL)PIPERIDINE-4-CARBOXYLATE (DB07689)","0.8317","http://www.drugbank.ca/drugs/DB07689"
"380","PUROMYCIN (DB08437)","0.8317","http://www.drugbank.ca/drugs/DB08437"
"381","N-{3-[5-(6-Amino-Purin-9-Yl)-3,4-Dihydroxy-Tetrahydro-Furan-2-Yl]-Allyl}-2,3-Dihydroxy-5-Nitro-Benzamide (DB03907)","0.8317","http://www.drugbank.ca/drugs/DB03907"
"382","(METHYLPYRIDAZINE PIPERIDINE PROPYLOXYPHENYL)ETHYLACETATE (DB08013)","0.8309","http://www.drugbank.ca/drugs/DB08013"
"383","Moxifloxacin (DB00218)","0.8307","http://www.drugbank.ca/drugs/DB00218"
"384","(4R,5R)-5-AMINO-1-[2-(1,3-BENZODIOXOL-5-YL)ETHYL]-4-(2,4,5-TRIFLUOROPHENYL)PIPERIDIN-2-ONE (DB07830)","0.8293","http://www.drugbank.ca/drugs/DB07830"
"385","Fesoterodine (DB06702)","0.8268","http://www.drugbank.ca/drugs/DB06702"
"386","2-(4-(AMINOMETHYL)PIPERIDIN-1-YL)-N-(3_CYCLOHEXYL-4-OXO-2,4-DIHYDROINDENO[1,2-C]PYRAZOL-5-YL)ACETAMIDE (DB07618)","0.8264","http://www.drugbank.ca/drugs/DB07618"
"387","1-{[1-(2-AMINO-3-PHENYL-PROPIONYL)-PYRROLIDINE-2-CARBONYL]-AMINO}-2-(3-CYANO-PHENYL)-ETHANEBORONIC ACID (DB08420)","0.8263","http://www.drugbank.ca/drugs/DB08420"
"388","TC-5619 (DB06090)","0.8252","http://www.drugbank.ca/drugs/DB06090"
"389","Atovaquone (DB01117)","0.8240","http://www.drugbank.ca/drugs/DB01117"
"390","(2S)-4-(2,5-difluorophenyl)-N-[(3R,4S)-3-fluoro-1-methylpiperidin-4-yl]-2-(hydroxymethyl)-N-methyl-2-phenyl-2,5-dihydro-1H-pyrrole-1-carboxamide (DB08037)","0.8238","http://www.drugbank.ca/drugs/DB08037"
"391","Sunitinib (DB01268)","0.8222","http://www.drugbank.ca/drugs/DB01268"
"392","5-[(E)-(5-CHLORO-2-OXO-1,2-DIHYDRO-3H-INDOL-3-YLIDENE)METHYL]-N-[2-(DIETHYLAMINO)ETHYL]-2,4-DIMETHYL-1H-PYRROLE-3-CARBOXAMIDE (DB08009)","0.8222","http://www.drugbank.ca/drugs/DB08009"
"393","Tryptophanyl-5'amp (DB01831)","0.8222","http://www.drugbank.ca/drugs/DB01831"
"394","methyl (1R,2S)-2-(hydroxycarbamoyl)-1-{4-[(2-methylquinolin-4-yl)methoxy]benzyl}cyclopropanecarboxylate (DB07147)","0.8221","http://www.drugbank.ca/drugs/DB07147"
"395","1-[2-HYDROXY-3-(4-CYCLOHEXYL-PHENOXY)-PROPYL]-4-(2-PYRIDYL)-PIPERAZINE (DB08543)","0.8219","http://www.drugbank.ca/drugs/DB08543"
"396","Benzofuran-2-Carboxylic Acid {(S)-3-Methyl-1-[3-Oxo-1-(Pyridin-2-Ylsulfonyl)Azepan-4-Ylcarbamoyl]Butyl}Amide (DB03642)","0.8217","http://www.drugbank.ca/drugs/DB03642"
"397","(4aS)-5-[(2,4-diaminopteridin-6-yl)methyl]-4a,5-dihydro-2H-dibenzo[b,f]azepin-8-ol (DB08448)","0.8209","http://www.drugbank.ca/drugs/DB08448"
"398","N-butyl-3-{[6-(9H-purin-6-ylamino)hexanoyl]amino}benzamide (DB07801)","0.8200","http://www.drugbank.ca/drugs/DB07801"
"399","Darifenacin (DB00496)","0.8194","http://www.drugbank.ca/drugs/DB00496"
"400","Trimethaphan (DB01116)","0.8192","http://www.drugbank.ca/drugs/DB01116"
"401","beta-phenyl-D-phenylalanyl-N-propyl-L-prolinamide (DB07083)","0.8173","http://www.drugbank.ca/drugs/DB07083"
"402","(2R,3R,4S,5R)-2-[6-amino-8-[(3,4-dichlorophenyl)methylamino]purin-9-yl]-5-(hydroxymethyl)oxolane-3,4-diol (DB07045)","0.8152","http://www.drugbank.ca/drugs/DB07045"
"403","Methysergide (DB00247)","0.8115","http://www.drugbank.ca/drugs/DB00247"
"404","Troglitazone (DB00197)","0.8113","http://www.drugbank.ca/drugs/DB00197"
"405","(5R)-5-(4-{[(2R)-6-HYDROXY-2,5,7,8-TETRAMETHYL-3,4-DIHYDRO-2H-CHROMEN-2-YL]METHOXY}BENZYL)-1,3-THIAZOLIDINE-2,4-DIONE (DB08607)","0.8113","http://www.drugbank.ca/drugs/DB08607"
"406","6-CARBAMIMIDOYL-2-[2-HYDROXY-5-(3-METHOXY-PHENYL)-INDAN-1-YL]-HEXANOIC ACID (DB06866)","0.8091","http://www.drugbank.ca/drugs/DB06866"
"407","(METHYLPYRIDAZINE PIPERIDINE BUTYLOXYPHENYL)ETHYLACETATE (DB08014)","0.8088","http://www.drugbank.ca/drugs/DB08014"
"408","1-Allyl-3-Butyl-8-(N-Acetyl-4-Aminobenzyl)-Xanthine (DB03267)","0.8078","http://www.drugbank.ca/drugs/DB03267"
"409","Cyclohexyl-{4-[5-(3,4-Dichlorophenyl)-2-Piperidin-4-Yl-3-Propyl-3h-Imidazol-4-Yl]-Pyrimidin-2-Yl}Amine (DB02388)","0.8066","http://www.drugbank.ca/drugs/DB02388"
"410","Methyl-[4-(4-Piperidine-1-Ylmethyl-Phenyl)-Cyclohexyl]-Carbaminic Acid-(4-Chlorophenyl)-Ester (DB03748)","0.8061","http://www.drugbank.ca/drugs/DB03748"
"411","Diphenoxylate (DB01081)","0.8047","http://www.drugbank.ca/drugs/DB01081"
"412","N-{3-[(7ar,12as,12bs)-7-Oxo-1,3,4,6,7,7a,12a,12b-Octahydroindolo[2,3-a]Quinolizin-12(2h)-Yl]Propyl}Propane-2-Sulfonamide (DB01967)","0.8038","http://www.drugbank.ca/drugs/DB01967"
"413","6-CARBAMIMIDOYL-2-[2-HYDROXY-6-(4-HYDROXY-PHENYL)-INDAN-1-YL]-HEXANOIC ACID (DB06865)","0.8037","http://www.drugbank.ca/drugs/DB06865"
"414","pradefovir mesylate (DB05478)","0.8031","http://www.drugbank.ca/drugs/DB05478"
"415","Aprepitant (DB00673)","0.8022","http://www.drugbank.ca/drugs/DB00673"
"416","4-[5-(Trans-4-Aminocyclohexylamino)-3-Isopropylpyrazolo[1,5-a]Pyrimidin-7-Ylamino]-N,N-Dimethylbenzenesulfonamide (DB01888)","0.8001","http://www.drugbank.ca/drugs/DB01888"
"417","N-[2-(1,3-BENZODIOXOL-5-YL)ETHYL]-1-[2-(1H-IMIDAZOL-1-YL)-6-METHYLPYRIMIDIN-4-YL]-D-PROLINAMIDE (DB06916)","0.7998","http://www.drugbank.ca/drugs/DB06916"
"418","Zanapezil (DB04859)","0.7978","http://www.drugbank.ca/drugs/DB04859"
"419","(5r)-6-(4-{[2-(3-Iodobenzyl)-3-Oxocyclohex-1-En-1-Yl]Amino}Phenyl)-5-Methyl-4,5-Dihydropyridazin-3(2h)-One (DB01640)","0.7972","http://www.drugbank.ca/drugs/DB01640"
"420","Difenoxin (DB01501)","0.7969","http://www.drugbank.ca/drugs/DB01501"
"421","ONO-6818 (DB03925)","0.7968","http://www.drugbank.ca/drugs/DB03925"
"422","N'-(6-aminopyridin-3-yl)-N-(2-cyclopentylethyl)-4-methyl-benzene-1,3-dicarboxamide (DB07537)","0.7966","http://www.drugbank.ca/drugs/DB07537"
"423","Sufentanil (DB00708)","0.7957","http://www.drugbank.ca/drugs/DB00708"
"424","9-Butyl-8-(2-Chloro-3,4,5-Trimethoxy-Benzyl)-9h-Purin-6-Ylamine (DB03504)","0.7954","http://www.drugbank.ca/drugs/DB03504"
"425","8-(2-Chloro-3,4,5-Trimethoxy-Benzyl)-9-Pent-4-Ylnyl-9h-Purin-6-Ylamine (DB04505)","0.7950","http://www.drugbank.ca/drugs/DB04505"
"426","Doxapram (DB00561)","0.7933","http://www.drugbank.ca/drugs/DB00561"
"427","9-Butyl-8-(3,4,5-Trimethoxybenzyl)-9h-Purin-6-Amine (DB02754)","0.7930","http://www.drugbank.ca/drugs/DB02754"
"428","Raltegravir (DB06817)","0.7927","http://www.drugbank.ca/drugs/DB06817"
"429","8-(2-Chloro-3,4,5-Trimethoxy-Benzyl)-2-Fluoro-9-Pent-4-Ylnyl-9h-Purin-6-Ylamine (DB02550)","0.7925","http://www.drugbank.ca/drugs/DB02550"
"430","Gemifloxacin (DB01155)","0.7917","http://www.drugbank.ca/drugs/DB01155"
"431","6-Phenyl-4(R)-(7-Phenyl-Heptanoylamino)-Hexanoic Acid (DB03471)","0.7897","http://www.drugbank.ca/drugs/DB03471"
"432","Eprosartan (DB00876)","0.7897","http://www.drugbank.ca/drugs/DB00876"
"433","Tofisopam (DB08811)","0.7890","http://www.drugbank.ca/drugs/DB08811"
"434","Aclidinium (DB08897)","0.7878","http://www.drugbank.ca/drugs/DB08897"
"435","(3-EXO)-3-(10,11-DIHYDRO-5H-DIBENZO[A,D][7]ANNULEN-5-YLOXY)-8,8-DIMETHYL-8-AZONIABICYCLO[3.2.1]OCTANE (DB07494)","0.7878","http://www.drugbank.ca/drugs/DB07494"
"436","N-(TERT-BUTYL)-3,5-DIMETHYL-N'-[(5-METHYL-2,3-DIHYDRO-1,4-BENZODIOXIN-6-YL)CARBONYL]BENZOHYDRAZIDE (DB07929)","0.7876","http://www.drugbank.ca/drugs/DB07929"
"437","Mibefradil (DB01388)","0.7858","http://www.drugbank.ca/drugs/DB01388"
"438","Paliperidone (DB01267)","0.7843","http://www.drugbank.ca/drugs/DB01267"
"439","BMS184394 (DB03466)","0.7836","http://www.drugbank.ca/drugs/DB03466"
"440","SR11254 (DB02258)","0.7816","http://www.drugbank.ca/drugs/DB02258"
"441","Donepezil (DB00843)","0.7813","http://www.drugbank.ca/drugs/DB00843"
"442","1-BENZYL-4-[(5,6-DIMETHOXY-1-INDANON-2-YL)METHYL]PIPERIDINE (DB07701)","0.7813","http://www.drugbank.ca/drugs/DB07701"
"443","CD564 (DB02741)","0.7804","http://www.drugbank.ca/drugs/DB02741"
"444","4-(6-CYCLOHEXYLMETHOXY-9H-PURIN-2-YLAMINO)--BENZAMIDE (DB08241)","0.7801","http://www.drugbank.ca/drugs/DB08241"
"445","Linagliptin  (DB08882)","0.7792","http://www.drugbank.ca/drugs/DB08882"
"446","2-(6-CHLORO-3-{[2,2-DIFLUORO-2-(2-PYRIDINYL)ETHYL]AMINO}-2-OXO-1(2H)-PYRAZINYL)-N-[(2-FLUORO-6-PYRIDINYL)METHYL]ACETAMIDE (DB07548)","0.7780","http://www.drugbank.ca/drugs/DB07548"
"447","Brodimoprim-4,6-Dicarboxylate (DB02809)","0.7745","http://www.drugbank.ca/drugs/DB02809"
"448","2-({8-[(3R)-3-AMINOPIPERIDIN-1-YL]-1,3-DIMETHYL-2,6-DIOXO-1,2,3,6-TETRAHYDRO-7H-PURIN-7-YL}METHYL)BENZONITRILE (DB08743)","0.7714","http://www.drugbank.ca/drugs/DB08743"
"449","Trospium (DB00209)","0.7704","http://www.drugbank.ca/drugs/DB00209"
"450","N-[4-(1-BENZOYLPIPERIDIN-4-YL)BUTYL]-3-PYRIDIN-3-YLPROPANAMIDE (DB07656)","0.7695","http://www.drugbank.ca/drugs/DB07656"
"451","3-({2-[(4-{[6-(CYCLOHEXYLMETHOXY)-9H-PURIN-2-YL]AMINO}PHENYL)SULFONYL]ETHYL}AMINO)PROPAN-1-OL (DB08309)","0.7681","http://www.drugbank.ca/drugs/DB08309"
"452","4-{[5-(CYCLOHEXYLMETHOXY)[1,2,4]TRIAZOLO[1,5-A]PYRIMIDIN-7-YL]AMINO}BENZENESULFONAMIDE (DB07685)","0.7678","http://www.drugbank.ca/drugs/DB07685"
"453","1-(5-OXO-2,3,5,9B-TETRAHYDRO-1H-PYRROLO[2,1-A]ISOINDOL-9-YL)-3-(5-PYRROLIDIN-2-YL-1H-PYRAZOL-3-YL)-UREA (DB06976)","0.7676","http://www.drugbank.ca/drugs/DB06976"
"454","O6-CYCLOHEXYLMETHOXY-2-(4'-SULPHAMOYLANILINO) PURINE (DB07126)","0.7666","http://www.drugbank.ca/drugs/DB07126"
"455","3-(6-CYCLOHEXYLMETHOXY-9H-PURIN-2-YLAMINO)-BENZENESULFONAMIDE (DB08248)","0.7666","http://www.drugbank.ca/drugs/DB08248"
"456","2-(6-CHLORO-3-{[2,2-DIFLUORO-2-(2-PYRIDINYL)ETHYL]AMINO}-2-OXO-1(2H)-PYRAZINYL)-N-[(2-FLUORO-3-METHYL-6-PYRIDINYL)METHYL]ACETAMIDE (DB07549)","0.7664","http://www.drugbank.ca/drugs/DB07549"
"457","5-(7-(6-CHLORO-4-(5-HYDRO-4-METHYL-2-OXAZOLYL)PHENOXY)HEPTYL)-3-METHYL ISOXAZOLE (DB08722)","0.7660","http://www.drugbank.ca/drugs/DB08722"
"458","Alvimopan (DB06274)","0.7622","http://www.drugbank.ca/drugs/DB06274"
"459","5-[[(2R)-2-cyclopropyl-7,8-dimethoxy-2H-chromen-5-yl]methyl]pyrimidine-2,4-diamine (DB08741)","0.7621","http://www.drugbank.ca/drugs/DB08741"
"460","(1S,2S,5S)2-(4-GLUTARIDYLBENZYL)-5-PHENYL-1-CYCLOHEXANOL (DB07909)","0.7608","http://www.drugbank.ca/drugs/DB07909"
"461","(11S)-8-CHLORO-11-[1-(METHYLSULFONYL)PIPERIDIN-4-YL]-6-PIPERAZIN-1-YL-11H-BENZO[5,6]CYCLOHEPTA[1,2-B]PYRIDINE (DB07216)","0.7581","http://www.drugbank.ca/drugs/DB07216"
"462","LY249543 (DB04322)","0.7575","http://www.drugbank.ca/drugs/DB04322"
"463","Pralatrexate (DB06813)","0.7572","http://www.drugbank.ca/drugs/DB06813"
"464","(3ASR,4RS,8ASR,8BRS)-4-(2-(4-FLUOROBENZYL)-1,3-DIOXODEACAHYDROPYRROLO[3,4-A] PYRROLIZIN-4-YL)BENZAMIDINE (DB07796)","0.7541","http://www.drugbank.ca/drugs/DB07796"
"465","N-[(5R,14R)-5-AMINO-5,14-DIMETHYL-4-OXO-3-OXA-18-AZATRICYCLO[15.3.1.1~7,11~]DOCOSA-1(21),7(22),8,10,17,19-HEXAEN-19-YL]-N-METHYLMETHANESULFONAMIDE (DB07019)","0.7530","http://www.drugbank.ca/drugs/DB07019"
"466","5,10-Dideazatetrahydrofolic Acid (DB03625)","0.7524","http://www.drugbank.ca/drugs/DB03625"
"467","Dipipanone (DB01491)","0.7490","http://www.drugbank.ca/drugs/DB01491"
"468","4-[(3AS,4R,7R,8AS,8BR)-2-(1,3-BENZODIOXOL-5-YLMETHYL)-7-HYDROXY-1,3-DIOXODECAHYDROPYRROLO[3,4-A]PYRROLIZIN-4-YL]BENZENECARBOXIMIDAMIDE (DB08546)","0.7478","http://www.drugbank.ca/drugs/DB08546"
"469","Tamibarotene (DB04942)","0.7473","http://www.drugbank.ca/drugs/DB04942"
"470","Glipizide (DB01067)","0.7433","http://www.drugbank.ca/drugs/DB01067"
"471","5-(7-(5-HYDRO-4-ETHYL-2-OXAZOLYL)PHENOXY)HEPTYL)-3-METHYL ISOXAZOLE (DB08725)","0.7415","http://www.drugbank.ca/drugs/DB08725"
"472","R-3-FLUORO-4-[2-HYDROXY-2-(5,5,8,8-TETRAMETHYL-5,6,7,8,-TETRAHYDRO-NAPHTALEN-2-YL)-ACETYLAMINO]-BENZOIC ACID (DB07031)","0.7378","http://www.drugbank.ca/drugs/DB07031"
"473","3-FLUORO-4-[2-HYDROXY-2-(5,5,8,8-TETRAMETHYL-5,6,7,8,-TETRAHYDRO-NAPHTALEN-2-YL)-ACETYLAMINO]-BENZOIC ACID (DB07294)","0.7378","http://www.drugbank.ca/drugs/DB07294"
"474","Adapalene (DB00210)","0.7373","http://www.drugbank.ca/drugs/DB00210"
"475","Benzylmorphine (DB01573)","0.7364","http://www.drugbank.ca/drugs/DB01573"
"476","Alfentanil (DB00802)","0.7345","http://www.drugbank.ca/drugs/DB00802"
"477","7-amino-2-tert-butyl-4-(4-pyrimidin-2-ylpiperazin-1-yl)pyrido[2,3-d]pyrimidine-6-carboxamide (DB07043)","0.7298","http://www.drugbank.ca/drugs/DB07043"
"478","Glimepiride (DB00222)","0.7261","http://www.drugbank.ca/drugs/DB00222"
"479","5-[[(2R)-2-cyclopropyl-7,8-dimethoxy-chroman-5-yl]methyl]pyrimidine-2,4-diamine (DB07938)","0.7215","http://www.drugbank.ca/drugs/DB07938"
"480","Ticagrelor (DB08816)","0.7143","http://www.drugbank.ca/drugs/DB08816"
"481","N-[3-(Dimethylamino)Propyl]-2-({[4-({[4-(Formylamino)-1-Methyl-1h-Pyrrol-2-Yl]Carbonyl}Amino)-1-Methyl-1h-Pyrrol-2-Yl]Carbonyl}Amino)-5-Isopropyl-1,3-Thiazole-4-Carboxamide (DB02295)","0.7036","http://www.drugbank.ca/drugs/DB02295"
"482","Batimastat (DB03880)","0.7010","http://www.drugbank.ca/drugs/DB03880"
"483","Bis-Benzamidine (DB02081)","0.6971","http://www.drugbank.ca/drugs/DB02081"
"484","4-[3-Oxo-3-(5,5,8,8-Tetramethyl-5,6,7,8-Tetrahydro-Naphthalen-2-Yl)-Propenyl]-Benzoic Acid (DB02466)","0.6947","http://www.drugbank.ca/drugs/DB02466"
"485","2-[Trans-(4-Aminocyclohexyl)Amino]-6-(Benzyl-Amino)-9-Cyclopentylpurine (DB04288)","0.6937","http://www.drugbank.ca/drugs/DB04288"
"486","(1S,6R)-3-{[3-(TRIFLUOROMETHYL)-5,6-DIHYDRO[1,2,4]TRIAZOLO[4,3-A]PYRAZIN-7(8H)-YL]CARBONYL}-6-(2,4,5-TRIFLUOROPHENYL)CYCLOHEX-3-EN-1-AMINE (DB08044)","0.6931","http://www.drugbank.ca/drugs/DB08044"
"487","N-cyclopropyl-N-(trans-4-pyridin-3-ylcyclohexyl)-4-[(1S)-2,2,2-trifluoro-1-hydroxy-1-methylethyl]benzamide (DB07619)","0.6837","http://www.drugbank.ca/drugs/DB07619"
"488","Bexarotene (DB00307)","0.6731","http://www.drugbank.ca/drugs/DB00307"
"489","Cilostazol (DB01166)","0.6724","http://www.drugbank.ca/drugs/DB01166"
"490","Yohimbine (DB01392)","0.6721","http://www.drugbank.ca/drugs/DB01392"
"491","Eszopiclone (DB00402)","0.6682","http://www.drugbank.ca/drugs/DB00402"
"492","Zopiclone (DB01198)","0.6682","http://www.drugbank.ca/drugs/DB01198"
"493","Levocabastine (DB01106)","0.6480","http://www.drugbank.ca/drugs/DB01106"
"494","[1-(4-Fluorobenzyl)Cyclobutyl]Methyl (1s)-1-[Oxo(1h-Pyrazol-5-Ylamino)Acetyl]Pentylcarbamate (DB01858)","0.6422","http://www.drugbank.ca/drugs/DB01858"
"495","(2S,3S)-3-{3-[2-chloro-4-(methylsulfonyl)phenyl]-1,2,4-oxadiazol-5-yl}-1-cyclopentylidene-4-cyclopropyl-1-fluorobutan-2-amine (DB06994)","0.6118","http://www.drugbank.ca/drugs/DB06994"
"496","Cinalukast (DB00587)","0.6006","http://www.drugbank.ca/drugs/DB00587"
"497","6-[1-(3,5,5,8,8-Pentamethyl-5,6,7,8-Tetrahydronaphthalen-2-Yl)Cyclopropyl]Pyridine-3-Carboxylic Acid (DB01941)","0.5368","http://www.drugbank.ca/drugs/DB01941"
"498","Myxothiazol (DB04741)","0.4840","http://www.drugbank.ca/drugs/DB04741"
"499","(2S,3S)-3-AMINO-4-[(3S)-3-FLUOROPYRROLIDIN-1-YL]-N,N-DIMETHYL-4-OXO-2-(TRANS-4-[1,2,4]TRIAZOLO[1,5-A]PYRIDIN-5-YLCYCLOHEXYL)BUTANAMIDE (DB07135)","0.4838","http://www.drugbank.ca/drugs/DB07135"
"500","KW-3902 (DB05360)","0.2941","http://www.drugbank.ca/drugs/DB05360"
