"","DrugBank Compound (Name, ID)","Similarity to ","Link"
"1","PUROMYCIN (DB08437)","0.9397","http://www.drugbank.ca/drugs/DB08437"
"2","2-[Trans-(4-Aminocyclohexyl)Amino]-6-(Benzyl-Amino)-9-Cyclopentylpurine (DB04288)","0.9360","http://www.drugbank.ca/drugs/DB04288"
"3","6-CYCLOHEXYLMETHYLOXY-2-(4'-HYDROXYANILINO)PURINE (DB08233)","0.9337","http://www.drugbank.ca/drugs/DB08233"
"4","3-({2-[(4-{[6-(CYCLOHEXYLMETHOXY)-9H-PURIN-2-YL]AMINO}PHENYL)SULFONYL]ETHYL}AMINO)PROPAN-1-OL (DB08309)","0.9317","http://www.drugbank.ca/drugs/DB08309"
"5","N~6~-cyclohexyl-N~2~-(4-morpholin-4-ylphenyl)-9H-purine-2,6-diamine (DB07340)","0.9314","http://www.drugbank.ca/drugs/DB07340"
"6","4-(6-CYCLOHEXYLMETHOXY-9H-PURIN-2-YLAMINO)--BENZAMIDE (DB08241)","0.9291","http://www.drugbank.ca/drugs/DB08241"
"7","Purvalanol A (DB04751)","0.9281","http://www.drugbank.ca/drugs/DB04751"
"8","N-butyl-3-{[6-(9H-purin-6-ylamino)hexanoyl]amino}benzamide (DB07801)","0.9267","http://www.drugbank.ca/drugs/DB07801"
"9","Purvalanol (DB02733)","0.9262","http://www.drugbank.ca/drugs/DB02733"
"10","(2S)-2-({6-[(3-AMINO-5-CHLOROPHENYL)AMINO]-9-ISOPROPYL-9H-PURIN-2-YL}AMINO)-3-METHYLBUTAN-1-OL (DB07379)","0.9202","http://www.drugbank.ca/drugs/DB07379"
"11","OLOMOUCINE II (DB04662)","0.9180","http://www.drugbank.ca/drugs/DB04662"
"12","METHYL 1-(4-{[(2,4-DIAMINOPTERIDIN-6-YL)METHYL]AMINO}BENZOYL)PIPERIDINE-4-CARBOXYLATE (DB07689)","0.9124","http://www.drugbank.ca/drugs/DB07689"
"13","O6-(R)-ROSCOVITINE, R-2-(6-BENZYLOXY-9-ISOPROPYL-9H-PURIN-2-YLAMINO)-BUTAN-1-OL (DB04770)","0.9121","http://www.drugbank.ca/drugs/DB04770"
"14","N-1,2,3,4-Tetrahydronaphth-1-Yl-2'-[3,5-Dimethoxybenzamido]-2'-Deoxy-Adenosine (DB04477)","0.9101","http://www.drugbank.ca/drugs/DB04477"
"15","N6-METHYL-(R)-ROSCOVITINE, R-2-[6-(BENZYL-METHYL-AMINO)-9-ISOPROPYL-9H-PURIN-2-YLAMINO]-BUTAN-1-OL (DB04776)","0.9089","http://www.drugbank.ca/drugs/DB04776"
"16","O6-CYCLOHEXYLMETHOXY-2-(4'-SULPHAMOYLANILINO) PURINE (DB07126)","0.9088","http://www.drugbank.ca/drugs/DB07126"
"17","3-(6-CYCLOHEXYLMETHOXY-9H-PURIN-2-YLAMINO)-BENZENESULFONAMIDE (DB08248)","0.9088","http://www.drugbank.ca/drugs/DB08248"
"18","METHYL 1-(4-{[(2,4-DIAMINOPTERIDIN-6-YL)METHYL](METHYL)AMINO}BENZOYL)PIPERIDINE-4-CARBOXYLATE (DB07765)","0.9072","http://www.drugbank.ca/drugs/DB07765"
"19","Cyclohexyl-{4-[5-(3,4-Dichlorophenyl)-2-Piperidin-4-Yl-3-Propyl-3h-Imidazol-4-Yl]-Pyrimidin-2-Yl}Amine (DB02388)","0.9069","http://www.drugbank.ca/drugs/DB02388"
"20","1-{7-cyclohexyl-6-[4-(4-methylpiperazin-1-yl)benzyl]-7H-pyrrolo[2,3-d]pyrimidin-2-yl}methanamine (DB07563)","0.9067","http://www.drugbank.ca/drugs/DB07563"
"21","N-[2-(1,3-BENZODIOXOL-5-YL)ETHYL]-1-[2-(1H-IMIDAZOL-1-YL)-6-METHYLPYRIMIDIN-4-YL]-D-PROLINAMIDE (DB06916)","0.9050","http://www.drugbank.ca/drugs/DB06916"
"22","Cyclopropyl-{4-[5-(3,4-Dichlorophenyl)-2-[(1-Methyl)-Piperidin]-4-Yl-3-Propyl-3h-Imidazol-4-Yl]-Pyrimidin-2-Yl}Amine (DB03084)","0.9041","http://www.drugbank.ca/drugs/DB03084"
"23","Udenafil (DB06267)","0.9035","http://www.drugbank.ca/drugs/DB06267"
"24","Alfuzosin (DB00346)","0.9016","http://www.drugbank.ca/drugs/DB00346"
"25","2-({8-[(3R)-3-AMINOPIPERIDIN-1-YL]-1,3-DIMETHYL-2,6-DIOXO-1,2,3,6-TETRAHYDRO-7H-PURIN-7-YL}METHYL)BENZONITRILE (DB08743)","0.8983","http://www.drugbank.ca/drugs/DB08743"
"26","Pralatrexate (DB06813)","0.8968","http://www.drugbank.ca/drugs/DB06813"
"27","Linagliptin  (DB08882)","0.8951","http://www.drugbank.ca/drugs/DB08882"
"28","4-{[4-AMINO-6-(CYCLOHEXYLMETHOXY)-5-NITROSOPYRIMIDIN-2-YL]AMINO}BENZAMIDE (DB08572)","0.8942","http://www.drugbank.ca/drugs/DB08572"
"29","1-Allyl-3-Butyl-8-(N-Acetyl-4-Aminobenzyl)-Xanthine (DB03267)","0.8914","http://www.drugbank.ca/drugs/DB03267"
"30","Moxifloxacin (DB00218)","0.8892","http://www.drugbank.ca/drugs/DB00218"
"31","1-[2-HYDROXY-3-(4-CYCLOHEXYL-PHENOXY)-PROPYL]-4-(2-PYRIDYL)-PIPERAZINE (DB08543)","0.8866","http://www.drugbank.ca/drugs/DB08543"
"32","CF-101 (DB05511)","0.8825","http://www.drugbank.ca/drugs/DB05511"
"33","2-butoxy-9-(2,6-difluorobenzyl)-N-(2-morpholin-4-ylethyl)-9H-purin-6-amine (DB07937)","0.8820","http://www.drugbank.ca/drugs/DB07937"
"34","LY249543 (DB04322)","0.8819","http://www.drugbank.ca/drugs/DB04322"
"35","ONO-6818 (DB03925)","0.8797","http://www.drugbank.ca/drugs/DB03925"
"36","Avanafil (DB06237)","0.8797","http://www.drugbank.ca/drugs/DB06237"
"37","4-{[5-(CYCLOHEXYLMETHOXY)[1,2,4]TRIAZOLO[1,5-A]PYRIMIDIN-7-YL]AMINO}BENZENESULFONAMIDE (DB07685)","0.8796","http://www.drugbank.ca/drugs/DB07685"
"38","Paliperidone (DB01267)","0.8793","http://www.drugbank.ca/drugs/DB01267"
"39","(METHYLPYRIDAZINE PIPERIDINE BUTYLOXYPHENYL)ETHYLACETATE (DB08014)","0.8792","http://www.drugbank.ca/drugs/DB08014"
"40","(METHYLPYRIDAZINE PIPERIDINE PROPYLOXYPHENYL)ETHYLACETATE (DB08013)","0.8791","http://www.drugbank.ca/drugs/DB08013"
"41","N-{3-[5-(6-Amino-Purin-9-Yl)-3,4-Dihydroxy-Tetrahydro-Furan-2-Yl]-Allyl}-2,3-Dihydroxy-5-Nitro-Benzamide (DB03907)","0.8791","http://www.drugbank.ca/drugs/DB03907"
"42","Ticagrelor (DB08816)","0.8784","http://www.drugbank.ca/drugs/DB08816"
"43","Tyrosyladenylate (DB03325)","0.8769","http://www.drugbank.ca/drugs/DB03325"
"44","Methotrexate (DB00563)","0.8766","http://www.drugbank.ca/drugs/DB00563"
"45","5,10-Dideazatetrahydrofolic Acid (DB03625)","0.8763","http://www.drugbank.ca/drugs/DB03625"
"46","(METHYLPYRIDAZINE PIPERIDINE ETHYLOXYPHENYL)ETHYLACETATE (DB08012)","0.8763","http://www.drugbank.ca/drugs/DB08012"
"47","9-Butyl-8-(3,4,5-Trimethoxybenzyl)-9h-Purin-6-Amine (DB02754)","0.8758","http://www.drugbank.ca/drugs/DB02754"
"48","4-[5-(Trans-4-Aminocyclohexylamino)-3-Isopropylpyrazolo[1,5-a]Pyrimidin-7-Ylamino]-N,N-Dimethylbenzenesulfonamide (DB01888)","0.8757","http://www.drugbank.ca/drugs/DB01888"
"49","N-(4-{[(3S)-3-(dimethylamino)pyrrolidin-1-yl]carbonyl}phenyl)-5-fluoro-4-[2-methyl-1-(1-methylethyl)-1H-imidazol-5-yl]pyrimidin-2-amine (DB07936)","0.8750","http://www.drugbank.ca/drugs/DB07936"
"50","4-{[5-(CYCLOHEXYLOXY)[1,2,4]TRIAZOLO[1,5-A]PYRIMIDIN-7-YL]AMINO}BENZENESULFONAMIDE (DB07688)","0.8741","http://www.drugbank.ca/drugs/DB07688"
"51","Aminopterin (DB08878)","0.8737","http://www.drugbank.ca/drugs/DB08878"
"52","(20S)-19,20,22,23-TETRAHYDRO-19-OXO-5H,21H-18,20-ETHANO-12,14-ETHENO-6,10-METHENOBENZ[D]IMIDAZO[4,3-L][1,6,9,13]OXATRIAZACYCLONOADECOSINE-9-CARBONITRILE (DB08676)","0.8730","http://www.drugbank.ca/drugs/DB08676"
"53","Brodimoprim-4,6-Dicarboxylate (DB02809)","0.8725","http://www.drugbank.ca/drugs/DB02809"
"54","N~2~-1,3-BENZOXAZOL-2-YL-3-CYCLOHEXYL-N-{2-[(4-METHOXYPHENYL)AMINO]ETHYL}-L-ALANINAMIDE (DB07839)","0.8719","http://www.drugbank.ca/drugs/DB07839"
"55","9-Butyl-8-(2-Chloro-3,4,5-Trimethoxy-Benzyl)-9h-Purin-6-Ylamine (DB03504)","0.8708","http://www.drugbank.ca/drugs/DB03504"
"56","8-(2-Chloro-3,4,5-Trimethoxy-Benzyl)-9-Pent-4-Ylnyl-9h-Purin-6-Ylamine (DB04505)","0.8705","http://www.drugbank.ca/drugs/DB04505"
"57","Mibefradil (DB01388)","0.8688","http://www.drugbank.ca/drugs/DB01388"
"58","4-[[(1E)-2-(4-CHLOROPHENYL)ETHENYL]SULFONYL]-1-[[1-(4-PYRIDINYL)-4-PIPERIDINYL]METHYL]PIPERAZINONE (DB08745)","0.8683","http://www.drugbank.ca/drugs/DB08745"
"59","Terazosin (DB01162)","0.8678","http://www.drugbank.ca/drugs/DB01162"
"60","8-(2-Chloro-3,4,5-Trimethoxy-Benzyl)-2-Fluoro-9-Pent-4-Ylnyl-9h-Purin-6-Ylamine (DB02550)","0.8666","http://www.drugbank.ca/drugs/DB02550"
"61","Domperidone (DB01184)","0.8663","http://www.drugbank.ca/drugs/DB01184"
"62","5-METHYL-3-(9-OXO-1,8-DIAZA-TRICYCLO[10.6.1.013,18]NONADECA-12(19),13,15,17-TETRAEN-10-YLCARBAMOYL)-HEXANOIC ACID (DB08493)","0.8617","http://www.drugbank.ca/drugs/DB08493"
"63","N-[4-CHLORO-3-(PYRIDIN-3-YLOXYMETHYL)-PHENYL]-3-FLUORO- (DB08068)","0.8607","http://www.drugbank.ca/drugs/DB08068"
"64","(3R,4S)-1-[(4-amino-5H-pyrrolo[3,2-d]pyrimidin-7-yl)methyl]-4-[(benzylsulfanyl)methyl]pyrrolidin-3-ol (DB07649)","0.8602","http://www.drugbank.ca/drugs/DB07649"
"65","Piboserod (DB04873)","0.8595","http://www.drugbank.ca/drugs/DB04873"
"66","Glipizide (DB01067)","0.8589","http://www.drugbank.ca/drugs/DB01067"
"67","5-[[(2R)-2-cyclopropyl-7,8-dimethoxy-2H-chromen-5-yl]methyl]pyrimidine-2,4-diamine (DB08741)","0.8587","http://www.drugbank.ca/drugs/DB08741"
"68","MLN-518 (DB05465)","0.8585","http://www.drugbank.ca/drugs/DB05465"
"69","N-[4-(1-BENZOYLPIPERIDIN-4-YL)BUTYL]-3-PYRIDIN-3-YLPROPANAMIDE (DB07656)","0.8581","http://www.drugbank.ca/drugs/DB07656"
"70","N4-HYDROXY-2-ISOBUTYL-N1-(9-OXO-1,8-DIAZA-TRICYCLO[10.6.1.013,18]NONADECA-12(19),13,15,17-TETRAEN-10-YL)-SUCCINAMIDE (DB08489)","0.8581","http://www.drugbank.ca/drugs/DB08489"
"71","4-[(2-{4-[(CYCLOPROPYLCARBAMOYL)AMINO]-1H-PYRAZOL-3-YL}-1H-BENZIMIDAZOL-6-YL)METHYL]MORPHOLIN-4-IUM (DB08067)","0.8575","http://www.drugbank.ca/drugs/DB08067"
"72","5-[[(2R)-2-cyclopropyl-7,8-dimethoxy-chroman-5-yl]methyl]pyrimidine-2,4-diamine (DB07938)","0.8570","http://www.drugbank.ca/drugs/DB07938"
"73","(2R)-2-{[4-(benzylamino)-8-(1-methylethyl)pyrazolo[1,5-a][1,3,5]triazin-2-yl]amino}butan-1-ol (DB08285)","0.8567","http://www.drugbank.ca/drugs/DB08285"
"74","3-(2-AMINO-6-BENZOYLQUINAZOLIN-3(4H)-YL)-N-CYCLOHEXYL-N-METHYLPROPANAMIDE (DB08749)","0.8528","http://www.drugbank.ca/drugs/DB08749"
"75","Nicergoline (DB00699)","0.8516","http://www.drugbank.ca/drugs/DB00699"
"76","Tetrahydrofolic acid (DB00116)","0.8506","http://www.drugbank.ca/drugs/DB00116"
"77","[(1-{2[(4-Carbamimidoyl-Phenylamino)-Methyl]-1-Methyl-1h-Benzoimidazol-5-Yl}-Cyclopropyl)-Pyridin-2-Yl-Methyleneaminooxy]-Acetic Acid Ethyl Ester (DB04107)","0.8499","http://www.drugbank.ca/drugs/DB04107"
"78","[4-({4-[(5-CYCLOPROPYL-1H-PYRAZOL-3-YL)AMINO]QUINAZOLIN-2-YL}IMINO)CYCLOHEXA-2,5-DIEN-1-YL]ACETONITRILE (DB07853)","0.8493","http://www.drugbank.ca/drugs/DB07853"
"79","2-{4-[2-(2-AMINO-4-OXO-4,7-DIHYDRO-3H-PYRROLO[2,3-D]PYRIMIDIN-5-YL)-ETHYL]-BENZOYLAMINO}-3-METHYL-BUTYRIC ACID (DB08131)","0.8492","http://www.drugbank.ca/drugs/DB08131"
"80","N-((1R,2S)-2-(5-CHLORO-1H-INDOLE-2-CARBOXAMIDO)CYCLOHEXYL)-5-METHYL-4,5,6,7-TETRAHYDROTHIAZOLO[5,4-C]PYRIDINE-2-CARBOXAMIDE (DB07629)","0.8486","http://www.drugbank.ca/drugs/DB07629"
"81","N-((1R,2R)-2-(5-CHLORO-1H-INDOLE-2-CARBOXAMIDO)CYCLOHEXYL)-5-METHYL-4,5,6,7-TETRAHYDROTHIAZOLO[5,4-C]PYRIDINE-2-CARBOXAMIDE (DB07630)","0.8486","http://www.drugbank.ca/drugs/DB07630"
"82","Pipazethate (DB08796)","0.8480","http://www.drugbank.ca/drugs/DB08796"
"83","Risperidone (DB00734)","0.8461","http://www.drugbank.ca/drugs/DB00734"
"84","1-(3-HYDROXYPROPYL)-2-[(3-NITROBENZOYL)AMINO]-1H-BENZIMIDAZOL-5-YL PIVALATE (DB08590)","0.8456","http://www.drugbank.ca/drugs/DB08590"
"85","(2R,3R,4S,5R)-2-[6-amino-8-[(3,4-dichlorophenyl)methylamino]purin-9-yl]-5-(hydroxymethyl)oxolane-3,4-diol (DB07045)","0.8443","http://www.drugbank.ca/drugs/DB07045"
"86","Pagoclone (DB04903)","0.8438","http://www.drugbank.ca/drugs/DB04903"
"87","6-(2,4-DIAMINO-6-ETHYLPYRIMIDIN-5-YL)-4-(3-METHOXYPROPYL)-2,2-DIMETHYL-2H-1,4-BENZOXAZIN-3(4H)-ONE (DB07174)","0.8432","http://www.drugbank.ca/drugs/DB07174"
"88","2-{4-[4-({4-[2-methyl-1-(1-methylethyl)-1H-imidazol-5-yl]pyrimidin-2-yl}amino)phenyl]piperazin-1-yl}-2-oxoethanol (DB07982)","0.8429","http://www.drugbank.ca/drugs/DB07982"
"89","4-{[4-{[(1R,2R)-2-(dimethylamino)cyclopentyl]amino}-5-(trifluoromethyl)pyrimidin-2-yl]amino}-N-methylbenzenesulfonamide (DB08341)","0.8427","http://www.drugbank.ca/drugs/DB08341"
"90","Vandetanib (DB05294)","0.8416","http://www.drugbank.ca/drugs/DB05294"
"91","(3S)-1-(1,3-BENZODIOXOL-5-YLMETHYL)-3-[4-(1H-IMIDAZOL-1-YL)PHENOXY]PIPERIDINE (DB07011)","0.8413","http://www.drugbank.ca/drugs/DB07011"
"92","Cilostazol (DB01166)","0.8410","http://www.drugbank.ca/drugs/DB01166"
"93","Oxyphencyclimine (DB00383)","0.8407","http://www.drugbank.ca/drugs/DB00383"
"94","Tryptophanyl-5'amp (DB01831)","0.8407","http://www.drugbank.ca/drugs/DB01831"
"95","Bepotastine (DB04890)","0.8405","http://www.drugbank.ca/drugs/DB04890"
"96","Pemetrexed (DB00642)","0.8396","http://www.drugbank.ca/drugs/DB00642"
"97","(4aS)-5-[(2,4-diaminopteridin-6-yl)methyl]-4a,5-dihydro-2H-dibenzo[b,f]azepin-8-ol (DB08448)","0.8393","http://www.drugbank.ca/drugs/DB08448"
"98","Vardenafil (DB00862)","0.8386","http://www.drugbank.ca/drugs/DB00862"
"99","Trovafloxacin (DB00685)","0.8376","http://www.drugbank.ca/drugs/DB00685"
"100","3-{6-[(8-HYDROXY-QUINOLINE-2-CARBONYL)-AMINO]-2-THIOPHEN-2-YL-HEXANOYLAMINO}-4-OXO-BUTYRI ACID (DB07916)","0.8372","http://www.drugbank.ca/drugs/DB07916"
"101","Methyl-[4-(4-Piperidine-1-Ylmethyl-Phenyl)-Cyclohexyl]-Carbaminic Acid-(4-Chlorophenyl)-Ester (DB03748)","0.8370","http://www.drugbank.ca/drugs/DB03748"
"102","5-Methyl-5,6,7,8-Tetrahydrofolic Acid (DB04375)","0.8368","http://www.drugbank.ca/drugs/DB04375"
"103","5-methyltetrahydrofolate (DB04789)","0.8368","http://www.drugbank.ca/drugs/DB04789"
"104","N'-(6-aminopyridin-3-yl)-N-(2-cyclopentylethyl)-4-methyl-benzene-1,3-dicarboxamide (DB07537)","0.8366","http://www.drugbank.ca/drugs/DB07537"
"105","Pipotiazine (DB01621)","0.8364","http://www.drugbank.ca/drugs/DB01621"
"106","CRA_11092 (DB03555)","0.8361","http://www.drugbank.ca/drugs/DB03555"
"107","Glimepiride (DB00222)","0.8361","http://www.drugbank.ca/drugs/DB00222"
"108","5-{[1-(2-fluorobenzyl)piperidin-4-yl]methoxy}quinazoline-2,4-diamine (DB07642)","0.8356","http://www.drugbank.ca/drugs/DB07642"
"109","5'-S-[2-(decylamino)ethyl]-5'-thioadenosine (DB07413)","0.8352","http://www.drugbank.ca/drugs/DB07413"
"110","N-{2-[6-(2,4-DIAMINO-6-ETHYLPYRIMIDIN-5-YL)-2,2-DIMETHYL-3-OXO-2,3-DIHYDRO-4H-1,4-BENZOXAZIN-4-YL]ETHYL}ACETAMIDE (DB07059)","0.8350","http://www.drugbank.ca/drugs/DB07059"
"111","N-{3-[(7ar,12as,12bs)-7-Oxo-1,3,4,6,7,7a,12a,12b-Octahydroindolo[2,3-a]Quinolizin-12(2h)-Yl]Propyl}Propane-2-Sulfonamide (DB01967)","0.8350","http://www.drugbank.ca/drugs/DB01967"
"112","Cp-Coeleneterazine (DB03960)","0.8347","http://www.drugbank.ca/drugs/DB03960"
"113","2-{4-[(4-imidazo[1,2-a]pyridin-3-ylpyrimidin-2-yl)amino]piperidin-1-yl}-N-methylacetamide (DB08026)","0.8346","http://www.drugbank.ca/drugs/DB08026"
"114","Methysergide (DB00247)","0.8345","http://www.drugbank.ca/drugs/DB00247"
"115","N-(5-chloro-1,3-benzodioxol-4-yl)-6-methoxy-7-(3-piperidin-1-ylpropoxy)quinazolin-4-amine (DB07249)","0.8326","http://www.drugbank.ca/drugs/DB07249"
"116","1-ethyl-N-(phenylmethyl)-4-(tetrahydro-2H-pyran-4-ylamino)-1H-pyrazolo[3,4-b]pyridine-5-carboxamide (DB06909)","0.8314","http://www.drugbank.ca/drugs/DB06909"
"117","SP2456 (DB03957)","0.8312","http://www.drugbank.ca/drugs/DB03957"
"118","Sildenafil (DB00203)","0.8307","http://www.drugbank.ca/drugs/DB00203"
"119","4-BROMO-2-FLUORO-N-[(4E)-6-METHOXY-7-[(1-METHYLPIPERIDIN-4-YL)METHOXY]QUINAZOLIN-4(1H)-YLIDENE]ANILINE (DB08764)","0.8303","http://www.drugbank.ca/drugs/DB08764"
"120","Leucovorin (DB00650)","0.8296","http://www.drugbank.ca/drugs/DB00650"
"121","OPC-51803 (DB05838)","0.8294","http://www.drugbank.ca/drugs/DB05838"
"122","7-BENZYL-1,3-DIMETHYL-8-PIPERAZIN-1-YL-3,7-DIHYDRO-PURINE-2,6-DIONE (DB08530)","0.8287","http://www.drugbank.ca/drugs/DB08530"
"123","7-amino-2-tert-butyl-4-(4-pyrimidin-2-ylpiperazin-1-yl)pyrido[2,3-d]pyrimidine-6-carboxamide (DB07043)","0.8286","http://www.drugbank.ca/drugs/DB07043"
"124","Repaglinide (DB00912)","0.8285","http://www.drugbank.ca/drugs/DB00912"
"125","5-{[1-(2,3-dichlorobenzyl)piperidin-4-yl]methoxy}quinazoline-2,4-diamine (DB07643)","0.8284","http://www.drugbank.ca/drugs/DB07643"
"126","Raltitrexed (DB00293)","0.8271","http://www.drugbank.ca/drugs/DB00293"
"127","Yohimbine (DB01392)","0.8260","http://www.drugbank.ca/drugs/DB01392"
"128","Verapamil (DB00661)","0.8257","http://www.drugbank.ca/drugs/DB00661"
"129","5'-{[4-(aminooxy)butyl](methyl)amino}-5'-deoxy-8-ethenyladenosine (DB08163)","0.8251","http://www.drugbank.ca/drugs/DB08163"
"130","Sparfloxacin (DB01208)","0.8249","http://www.drugbank.ca/drugs/DB01208"
"131","5-(7-(5-HYDRO-4-ETHYL-2-OXAZOLYL)PHENOXY)HEPTYL)-3-METHYL ISOXAZOLE (DB08725)","0.8238","http://www.drugbank.ca/drugs/DB08725"
"132","TC-5619 (DB06090)","0.8238","http://www.drugbank.ca/drugs/DB06090"
"133","S-Adenosyl-1,8-Diamino-3-Thiooctane (DB02844)","0.8236","http://www.drugbank.ca/drugs/DB02844"
"134","Donepezil (DB00843)","0.8236","http://www.drugbank.ca/drugs/DB00843"
"135","1-BENZYL-4-[(5,6-DIMETHOXY-1-INDANON-2-YL)METHYL]PIPERIDINE (DB07701)","0.8236","http://www.drugbank.ca/drugs/DB07701"
"136","Alvimopan (DB06274)","0.8236","http://www.drugbank.ca/drugs/DB06274"
"137","(2s,4r)-1-Acetyl-N-[(1s)-4-[(Aminoiminomethyl)Amino]-1-(2-Benzothiazolylcarbonyl)Butyl]-4-Hydroxy-2-Pyrrolidinecarboxamide (DB02812)","0.8231","http://www.drugbank.ca/drugs/DB02812"
"138","5,10-Methylene-6-Hydrofolic Acid (DB02301)","0.8227","http://www.drugbank.ca/drugs/DB02301"
"139","Benzofuran-2-Carboxylic Acid {(S)-3-Methyl-1-[3-Oxo-1-(Pyridin-2-Ylsulfonyl)Azepan-4-Ylcarbamoyl]Butyl}Amide (DB03642)","0.8225","http://www.drugbank.ca/drugs/DB03642"
"140","N-[(5R,14R)-5-AMINO-5,14-DIMETHYL-4-OXO-3-OXA-18-AZATRICYCLO[15.3.1.1~7,11~]DOCOSA-1(21),7(22),8,10,17,19-HEXAEN-19-YL]-N-METHYLMETHANESULFONAMIDE (DB07019)","0.8218","http://www.drugbank.ca/drugs/DB07019"
"141","N-(2-METHOXYETHYL)-4-({4-[2-METHYL-1-(1-METHYLETHYL)-1H-IMIDAZOL-5-YL]PYRIMIDIN-2-YL}AMINO)BENZENESULFONAMIDE (DB07790)","0.8215","http://www.drugbank.ca/drugs/DB07790"
"142","N-{(1S,2R)-1-BENZYL-3-[(CYCLOPROPYLMETHYL)(2-FURYLSULFONYL)AMINO]-2-HYDROXYPROPYL}-N'-METHYLSUCCINAMIDE (DB08223)","0.8212","http://www.drugbank.ca/drugs/DB08223"
"143","Furo[2,3d]Pyrimidine Antifolate (DB02026)","0.8209","http://www.drugbank.ca/drugs/DB02026"
"144","[PHENYLALANINYL-PROLINYL]-[2-(PYRIDIN-4-YLAMINO)-ETHYL]-AMINE (DB08422)","0.8208","http://www.drugbank.ca/drugs/DB08422"
"145","[1-(4-Fluorobenzyl)Cyclobutyl]Methyl (1s)-1-[Oxo(1h-Pyrazol-5-Ylamino)Acetyl]Pentylcarbamate (DB01858)","0.8197","http://www.drugbank.ca/drugs/DB01858"
"146","5-(7-(5-HYDRO-4-METHYL-2-OXAZOLYL)PHENOXY)HEPTYL)-3-METHYL ISOXAZOLE (DB08727)","0.8192","http://www.drugbank.ca/drugs/DB08727"
"147","N~2~-[(BENZYLOXY)CARBONYL]-N-[(1S,2S)-2-HYDROXY-1-(4-HYDROXYBENZYL)PROPYL]-L-LEUCINAMIDE (DB07571)","0.8188","http://www.drugbank.ca/drugs/DB07571"
"148","Cabergoline (DB00248)","0.8184","http://www.drugbank.ca/drugs/DB00248"
"149","1-((1R)-1-(HYDROXYMETHYL)-3-{6-[(3-PHENYLPROPANOYL)AMINO]-1H-INDOL-1-YL}PROPYL)-1H-IMIDAZOLE-4-CARBOXAMIDE (DB07783)","0.8169","http://www.drugbank.ca/drugs/DB07783"
"150","Zanapezil (DB04859)","0.8168","http://www.drugbank.ca/drugs/DB04859"
"151","Aclidinium (DB08897)","0.8165","http://www.drugbank.ca/drugs/DB08897"
"152","1-[[(1E)-2-(4-CHLOROPHENYL)ETHENYL]SULFONYL]-4-[[1-(4-PYRIDINYL)-4-PIPERIDINYL]METHYL]PIPERAZINE (DB08746)","0.8163","http://www.drugbank.ca/drugs/DB08746"
"153","Alfentanil (DB00802)","0.8160","http://www.drugbank.ca/drugs/DB00802"
"154","K201 (DB02929)","0.8158","http://www.drugbank.ca/drugs/DB02929"
"155","5-(7-(6-CHLORO-4-(5-HYDRO-4-METHYL-2-OXAZOLYL)PHENOXY)HEPTYL)-3-METHYL ISOXAZOLE (DB08722)","0.8152","http://www.drugbank.ca/drugs/DB08722"
"156","2-(4-(AMINOMETHYL)PIPERIDIN-1-YL)-N-(3_CYCLOHEXYL-4-OXO-2,4-DIHYDROINDENO[1,2-C]PYRAZOL-5-YL)ACETAMIDE (DB07618)","0.8149","http://www.drugbank.ca/drugs/DB07618"
"157","6-(4-{(1S,2S)-2-AMINO-1-[(DIMETHYLAMINO)CARBONYL]-3-[(3S)-3-FLUOROPYRROLIDIN-1-YL]-3-OXOPROPYL}PHENYL)-1H-[1,2,4]TRIAZOLO[1,5-A]PYRIDIN-4-IUM (DB08504)","0.8145","http://www.drugbank.ca/drugs/DB08504"
"158","(11R)-10-acetyl-11-(2,4-dichlorophenyl)-6-hydroxy-3,3-dimethyl-2,3,4,5,10,11-hexahydro-1H-dibenzo[b,e][1,4]diazepin-1-one (DB08747)","0.8144","http://www.drugbank.ca/drugs/DB08747"
"159","6-({5-fluoro-2-[(3,4,5-trimethoxyphenyl)amino]pyrimidin-4-yl}amino)-2,2-dimethyl-2H-pyrido[3,2-b][1,4]oxazin-3(4H)-one (DB07159)","0.8144","http://www.drugbank.ca/drugs/DB07159"
"160","Encainide (DB01228)","0.8138","http://www.drugbank.ca/drugs/DB01228"
"161","Benzylmorphine (DB01573)","0.8131","http://www.drugbank.ca/drugs/DB01573"
"162","Batimastat (DB03880)","0.8125","http://www.drugbank.ca/drugs/DB03880"
"163","Nefazodone (DB01149)","0.8123","http://www.drugbank.ca/drugs/DB01149"
"164","(R)-N-[2-[1-(Aminoiminomethyl)-3-Piperidinyl]-1-Oxoethyl]-4-(Phenylethynyl)-L-Phenylalanine Methylester (DB03453)","0.8114","http://www.drugbank.ca/drugs/DB03453"
"165","Sufentanil (DB00708)","0.8108","http://www.drugbank.ca/drugs/DB00708"
"166","N-{2'-[(4-FLUOROPHENYL)AMINO]-4,4'-BIPYRIDIN-2-YL}-4-METHOXYCYCLOHEXANECARBOXAMIDE (DB08025)","0.8108","http://www.drugbank.ca/drugs/DB08025"
"167","Etonitazene (DB01462)","0.8106","http://www.drugbank.ca/drugs/DB01462"
"168","(11S)-8-CHLORO-11-[1-(METHYLSULFONYL)PIPERIDIN-4-YL]-6-PIPERAZIN-1-YL-11H-BENZO[5,6]CYCLOHEPTA[1,2-B]PYRIDINE (DB07216)","0.8102","http://www.drugbank.ca/drugs/DB07216"
"169","3-(2-CHLOROPHENYL)-1-(2-{[(1S)-2-HYDROXY-1,2-DIMETHYLPROPYL]AMINO}PYRIMIDIN-4-YL)-1-(4-METHOXYPHENYL)UREA (DB08095)","0.8097","http://www.drugbank.ca/drugs/DB08095"
"170","N-(R-Carboxy-Ethyl)-Alpha-(S)-(2-Phenylethyl)Glycyl-L-Arginine-N-Phenylamide (DB02747)","0.8096","http://www.drugbank.ca/drugs/DB02747"
"171","N1-(1-Dimethylcarbamoyl-2-Phenyl-Ethyl)-2-Oxo-N4-(2-Pyridin-2-Yl-Ethyl)-Succinamide (DB02140)","0.8093","http://www.drugbank.ca/drugs/DB02140"
"172","4-(2-{[4-{[3-(4-Chlorophenyl)Propyl]Sulfanyl}-6-(1-Piperazinyl)-1,3,5-Triazin-2-Yl]Amino}Ethyl)Phenol (DB04020)","0.8084","http://www.drugbank.ca/drugs/DB04020"
"173","BMS068645 (DB05009)","0.8081","http://www.drugbank.ca/drugs/DB05009"
"174","N-cyclopropyl-N-(trans-4-pyridin-3-ylcyclohexyl)-4-[(1S)-2,2,2-trifluoro-1-hydroxy-1-methylethyl]benzamide (DB07619)","0.8078","http://www.drugbank.ca/drugs/DB07619"
"175","Eprosartan (DB00876)","0.8074","http://www.drugbank.ca/drugs/DB00876"
"176","6-Phenyl-4(R)-(7-Phenyl-Heptanoylamino)-Hexanoic Acid (DB03471)","0.8061","http://www.drugbank.ca/drugs/DB03471"
"177","Dextromoramide (DB01529)","0.8053","http://www.drugbank.ca/drugs/DB01529"
"178","Lobeline (DB05137)","0.8052","http://www.drugbank.ca/drugs/DB05137"
"179","Iloperidone (DB04946)","0.8049","http://www.drugbank.ca/drugs/DB04946"
"180","(10R)-10-Formyl-5,8,10-Trideazafolic Acid (DB04264)","0.8046","http://www.drugbank.ca/drugs/DB04264"
"181","Trazodone (DB00656)","0.8044","http://www.drugbank.ca/drugs/DB00656"
"182","Binodenoson (DB04853)","0.8036","http://www.drugbank.ca/drugs/DB04853"
"183","Carfentanil (DB01535)","0.8012","http://www.drugbank.ca/drugs/DB01535"
"184","Ketoconazole (DB01026)","0.8010","http://www.drugbank.ca/drugs/DB01026"
"185","Anileridine (DB00913)","0.8008","http://www.drugbank.ca/drugs/DB00913"
"186","Benzethidine (DB01518)","0.8007","http://www.drugbank.ca/drugs/DB01518"
"187","Benazepril (DB00542)","0.8007","http://www.drugbank.ca/drugs/DB00542"
"188","Cisapride (DB00604)","0.8007","http://www.drugbank.ca/drugs/DB00604"
"189","N-{2-[6-(2,4-DIAMINO-6-ETHYLPYRIMIDIN-5-YL)-2,2-DIMETHYL-3-OXO-2,3-DIHYDRO-4H-1,4-BENZOTHIAZIN-4-YL]ETHYL}ACETAMIDE (DB06899)","0.8006","http://www.drugbank.ca/drugs/DB06899"
"190","1-[1'-(3-phenylacryloyl)spiro[1-benzofuran-3,4'-piperidin]-5-yl]methanamine (DB06849)","0.8004","http://www.drugbank.ca/drugs/DB06849"
"191","10-Propargyl-5,8-Dideazafolic Acid (DB03541)","0.8004","http://www.drugbank.ca/drugs/DB03541"
"192","Glyburide (DB01016)","0.8001","http://www.drugbank.ca/drugs/DB01016"
"193","Amprenavir (DB00701)","0.7993","http://www.drugbank.ca/drugs/DB00701"
"194","N-BENZYLOXYCARBONYL-ALA-PRO-3-AMINO-4-PHENYL-BUTAN-2-OL (DB06886)","0.7988","http://www.drugbank.ca/drugs/DB06886"
"195","3-CYCLOHEXYL-1-(2-MORPHOLIN-4-YL-2-OXOETHYL)-2-PHENYL-1H-INDOLE-6-CARBOXYLIC ACID (DB07570)","0.7980","http://www.drugbank.ca/drugs/DB07570"
"196","Tl-3-093 (DB01891)","0.7979","http://www.drugbank.ca/drugs/DB01891"
"197","N-ETHYL-N-ISOPROPYL-3-METHYL-5-{[(2S)-2-(PYRIDIN-4-YLAMINO)PROPYL]OXY}BENZAMIDE (DB07279)","0.7977","http://www.drugbank.ca/drugs/DB07279"
"198","N-(1-ISOPROPYLPIPERIDIN-4-YL)-1-(3-METHOXYBENZYL)-1H-INDOLE-2-CARBOXAMIDE (DB07973)","0.7976","http://www.drugbank.ca/drugs/DB07973"
"199","2-({2-[(3R)-3-AMINOPIPERIDIN-1-YL]-4-OXOQUINAZOLIN-3(4H)-YL}METHYL)BENZONITRILE (DB08588)","0.7975","http://www.drugbank.ca/drugs/DB08588"
"200","1-(5-OXO-2,3,5,9B-TETRAHYDRO-1H-PYRROLO[2,1-A]ISOINDOL-9-YL)-3-(5-PYRROLIDIN-2-YL-1H-PYRAZOL-3-YL)-UREA (DB06976)","0.7963","http://www.drugbank.ca/drugs/DB06976"
"201","Trospium (DB00209)","0.7957","http://www.drugbank.ca/drugs/DB00209"
"202","Beta-hydroxy-3-methylfentanyl (DB01570)","0.7956","http://www.drugbank.ca/drugs/DB01570"
"203","(2S,3S)-3-AMINO-4-[(3S)-3-FLUOROPYRROLIDIN-1-YL]-N,N-DIMETHYL-4-OXO-2-(TRANS-4-[1,2,4]TRIAZOLO[1,5-A]PYRIDIN-5-YLCYCLOHEXYL)BUTANAMIDE (DB07135)","0.7956","http://www.drugbank.ca/drugs/DB07135"
"204","N-(3-TERT-BUTYL-1H-PYRAZOL-5-YL)-N'-{4-CHLORO-3-[(PYRIDIN-3-YLOXY)METHYL]PHENYL}UREA (DB08064)","0.7955","http://www.drugbank.ca/drugs/DB08064"
"205","Azimilide (DB04957)","0.7953","http://www.drugbank.ca/drugs/DB04957"
"206","Afatinib (DB08916)","0.7952","http://www.drugbank.ca/drugs/DB08916"
"207","N-({(3R,4R)-4-[(benzyloxy)methyl]pyrrolidin-3-yl}methyl)-N-(2-methylpropyl)benzenesulfonamide (DB07505)","0.7945","http://www.drugbank.ca/drugs/DB07505"
"208","4-{[5-chloro-4-(1H-indol-3-yl)pyrimidin-2-yl]amino}-N-ethylpiperidine-1-carboxamide (DB08005)","0.7945","http://www.drugbank.ca/drugs/DB08005"
"209","4-Amino-N-{4-[2-(2,6-Dimethyl-Phenoxy)-Acetylamino]-3-Hydroxy-1-Isobutyl-5-Phenyl-Pentyl}-Benzamide (DB04373)","0.7944","http://www.drugbank.ca/drugs/DB04373"
"210","3-Amino-N-{4-[2-(2,6-Dimethyl-Phenoxy)-Acetylamino]-3-Hydroxy-1-Isobutyl-5-Phenyl-Pentyl}-Benzamide (DB04378)","0.7944","http://www.drugbank.ca/drugs/DB04378"
"211","Nebivolol (DB04861)","0.7942","http://www.drugbank.ca/drugs/DB04861"
"212","Salmeterol (DB00938)","0.7941","http://www.drugbank.ca/drugs/DB00938"
"213","Doxapram (DB00561)","0.7940","http://www.drugbank.ca/drugs/DB00561"
"214","Mant-Adp (DB03126)","0.7938","http://www.drugbank.ca/drugs/DB03126"
"215","methyl (1R,2S)-2-(hydroxycarbamoyl)-1-{4-[(2-methylquinolin-4-yl)methoxy]benzyl}cyclopropanecarboxylate (DB07147)","0.7930","http://www.drugbank.ca/drugs/DB07147"
"216","Dronedarone (DB04855)","0.7926","http://www.drugbank.ca/drugs/DB04855"
"217","3-Methylfentanyl (DB01571)","0.7924","http://www.drugbank.ca/drugs/DB01571"
"218","Raltegravir (DB06817)","0.7921","http://www.drugbank.ca/drugs/DB06817"
"219","Clidinium (DB00771)","0.7921","http://www.drugbank.ca/drugs/DB00771"
"220","Sertindole (DB06144)","0.7913","http://www.drugbank.ca/drugs/DB06144"
"221","[1-(3-Hydroxy-2-Oxo-1-Phenethyl-Propylcarbamoyl)2-Phenyl-Ethyl]-Carbamic Acid Pyridin-4-Ylmethyl Ester (DB02128)","0.7912","http://www.drugbank.ca/drugs/DB02128"
"222","N-[2-(2,4-diaminopyrido[2,3-d]pyrimidin-7-yl)-2-methylpropyl]-4-phenoxybenzamide (DB07041)","0.7897","http://www.drugbank.ca/drugs/DB07041"
"223","(2S,3S)-3-AMINO-4-(3,3-DIFLUOROPYRROLIDIN-1-YL)-N,N-DIMETHYL-4-OXO-2-(TRANS-4-[1,2,4]TRIAZOLO[1,5-A]PYRIDIN-6-YLCYCLOHEXYL)BUTANAMIDE (DB07092)","0.7897","http://www.drugbank.ca/drugs/DB07092"
"224","Dimenhydrinate (DB00985)","0.7896","http://www.drugbank.ca/drugs/DB00985"
"225","2-(6-CHLORO-3-{[2,2-DIFLUORO-2-(2-PYRIDINYL)ETHYL]AMINO}-2-OXO-1(2H)-PYRAZINYL)-N-[(2-FLUORO-3-METHYL-6-PYRIDINYL)METHYL]ACETAMIDE (DB07549)","0.7894","http://www.drugbank.ca/drugs/DB07549"
"226","(2S,4S,5R)-1-(4-TERT-BUTYLBENZOYL)-2-ISOBUTYL-5-(1,3-THIAZOL-2-YL)PYRROLIDINE-2,4-DICARBOXYLIC ACID (DB07199)","0.7889","http://www.drugbank.ca/drugs/DB07199"
"227","(5r)-6-(4-{[2-(3-Iodobenzyl)-3-Oxocyclohex-1-En-1-Yl]Amino}Phenyl)-5-Methyl-4,5-Dihydropyridazin-3(2h)-One (DB01640)","0.7889","http://www.drugbank.ca/drugs/DB01640"
"228","(2R)-N-HYDROXY-2-[(3S)-3-METHYL-3-{4-[(2-METHYLQUINOLIN-4-YL)METHOXY]PHENYL}-2-OXOPYRROLIDIN-1-YL]PROPANAMIDE (DB07145)","0.7888","http://www.drugbank.ca/drugs/DB07145"
"229","Terconazole (DB00251)","0.7885","http://www.drugbank.ca/drugs/DB00251"
"230","1-{2-[(4-CHLOROPHENYL)AMINO]-2-OXOETHYL}-N-(1-ISOPROPYLPIPERIDIN-4-YL)-1H-INDOLE-2-CARBOXAMIDE (DB07974)","0.7883","http://www.drugbank.ca/drugs/DB07974"
"231","5-Chloro-thiophene-2-carboxylic acid ((3S,4S)-1-{[2-fluoro-4-(2-oxo-2H-pyridin-1-yl)-phenylcarbamoyl]-methyl}-4-hydroxy-pyrrolidin-3-yl)-amide (DB07875)","0.7880","http://www.drugbank.ca/drugs/DB07875"
"232","3-[(1R)-1-(2,6-dichloro-3-fluorophenyl)ethoxy]-5-(1-piperidin-4-yl-1H-pyrazol-4-yl)pyridin-2-amine (DB08700)","0.7879","http://www.drugbank.ca/drugs/DB08700"
"233","(3-EXO)-3-(10,11-DIHYDRO-5H-DIBENZO[A,D][7]ANNULEN-5-YLOXY)-8,8-DIMETHYL-8-AZONIABICYCLO[3.2.1]OCTANE (DB07494)","0.7879","http://www.drugbank.ca/drugs/DB07494"
"234","FR236913 (DB02830)","0.7875","http://www.drugbank.ca/drugs/DB02830"
"235","N-{3-[(4-{[3-(TRIFLUOROMETHYL)PHENYL]AMINO}PYRIMIDIN-2-YL)AMINO]PHENYL}CYCLOPROPANECARBOXAMIDE (DB07545)","0.7874","http://www.drugbank.ca/drugs/DB07545"
"236","4-(2-aminoethoxy)-N-(3-chloro-2-ethoxy-5-piperidin-1-ylphenyl)-3,5-dimethylbenzamide (DB07626)","0.7874","http://www.drugbank.ca/drugs/DB07626"
"237","[4-R-(4-ALPHA,6-BETA,7-BETA]-HEXAHYDRO-5,6-DI(HYDROXY)-1,3-DI(ALLYL)-4,7-BISPHENYLMETHYL)-2H-1,3-DIAZEPINONE (DB06910)","0.7873","http://www.drugbank.ca/drugs/DB06910"
"238","Cinalukast (DB00587)","0.7872","http://www.drugbank.ca/drugs/DB00587"
"239","1S,3AS,8AS-TRIMETHYL-1-OXIDO-1,2,3,3A,8,8A-HEXAHYDROPYRROLO[2,3-B]INDOL-5-YL 2-ETHYLPHENYLCARBAMATE (DB07846)","0.7868","http://www.drugbank.ca/drugs/DB07846"
"240","(1-Methyl-1h-Imidazol-2-Yl)-(3-Methyl-4-{3-[(Pyridin-3-Ylmethyl)-Amino]-Propoxy}-Benzofuran-2-Yl)-Methanone (DB03062)","0.7866","http://www.drugbank.ca/drugs/DB03062"
"241","N-(1-Carboxy-3-Phenylpropyl)Phenylalanyl-Alpha-Asparagine (DB02307)","0.7858","http://www.drugbank.ca/drugs/DB02307"
"242","CI-1033 (DB05424)","0.7857","http://www.drugbank.ca/drugs/DB05424"
"243","Fesoterodine (DB06702)","0.7856","http://www.drugbank.ca/drugs/DB06702"
"244","4-(BENZHYDRYLOXY)-1-[3-(1H-TETRAAZOL-5-YL)PROPYL]PIPERIDINE (DB07917)","0.7846","http://www.drugbank.ca/drugs/DB07917"
"245","Dipipanone (DB01491)","0.7845","http://www.drugbank.ca/drugs/DB01491"
"246","Silodosin (DB06207)","0.7840","http://www.drugbank.ca/drugs/DB06207"
"247","5-chloro-N-[(3R)-1-(2-{[2-fluoro-4-(2-oxopyridin-1(2H)-yl)phenyl]amino}-2-oxoethyl)pyrrolidin-3-yl]thiophene-2-carboxamide (DB07872)","0.7839","http://www.drugbank.ca/drugs/DB07872"
"248","Doxazosin (DB00590)","0.7838","http://www.drugbank.ca/drugs/DB00590"
"249","N-[3-(Dimethylamino)Propyl]-2-({[4-({[4-(Formylamino)-1-Methyl-1h-Pyrrol-2-Yl]Carbonyl}Amino)-1-Methyl-1h-Pyrrol-2-Yl]Carbonyl}Amino)-5-Isopropyl-1,3-Thiazole-4-Carboxamide (DB02295)","0.7837","http://www.drugbank.ca/drugs/DB02295"
"250","(3ASR,4RS,8ASR,8BRS)-4-(2-(4-FLUOROBENZYL)-1,3-DIOXODEACAHYDROPYRROLO[3,4-A] PYRROLIZIN-4-YL)BENZAMIDINE (DB07796)","0.7830","http://www.drugbank.ca/drugs/DB07796"
"251","Alpha-methylfentanyl (DB01557)","0.7828","http://www.drugbank.ca/drugs/DB01557"
"252","Phenserine (DB04892)","0.7826","http://www.drugbank.ca/drugs/DB04892"
"253","(1S,2S,5S)2-(4-GLUTARIDYLBENZYL)-5-PHENYL-1-CYCLOHEXANOL (DB07909)","0.7818","http://www.drugbank.ca/drugs/DB07909"
"254","Dipyridamole (DB00975)","0.7814","http://www.drugbank.ca/drugs/DB00975"
"255","Levomethadyl Acetate (DB01227)","0.7814","http://www.drugbank.ca/drugs/DB01227"
"256","Methadyl Acetate (DB01433)","0.7814","http://www.drugbank.ca/drugs/DB01433"
"257","Betacetylmethadol (DB01522)","0.7814","http://www.drugbank.ca/drugs/DB01522"
"258","Alphacetylmethadol (DB01555)","0.7814","http://www.drugbank.ca/drugs/DB01555"
"259","1-(CYCLOHEXYLAMINO)-3-(6-METHYL-3,4-DIHYDRO-1H-CARBAZOL-9(2H)-YL)PROPAN-2-OL (DB07061)","0.7813","http://www.drugbank.ca/drugs/DB07061"
"260","(5-(aminomethyl)-2H-spiro[benzofuran-3,4'-piperidine]-1'-yl)(5-(phenylethynyl)furan-2-yl)methanone (DB06962)","0.7811","http://www.drugbank.ca/drugs/DB06962"
"261","Aripiprazole (DB01238)","0.7808","http://www.drugbank.ca/drugs/DB01238"
"262","beta-phenyl-D-phenylalanyl-N-propyl-L-prolinamide (DB07083)","0.7808","http://www.drugbank.ca/drugs/DB07083"
"263","N-({(2S)-1-[(3R)-3-AMINO-4-(2-FLUOROPHENYL)BUTANOYL]PYRROLIDIN-2-YL}METHYL)BENZAMIDE (DB07779)","0.7807","http://www.drugbank.ca/drugs/DB07779"
"264","Gefitinib (DB00317)","0.7806","http://www.drugbank.ca/drugs/DB00317"
"265","4-(1R,3AS,4R,8AS,8BR)-[1-DIFLUOROMETHYL-2-(4-FLUOROBENZYL)-3-OXODECAHYDROPYRROLO[3,4-A]PYRROLIZIN-4-YL]BENZAMIDINE (DB07741)","0.7806","http://www.drugbank.ca/drugs/DB07741"
"266","5-CHLORO-THIOPHENE-2-CARBOXYLIC ACID ((3S,4S)-4-FLUORO- 1-{[2-FLUORO-4-(2-OXO-2H-PYRIDIN-1-YL)-PHENYLCARBAMOYL]-METHYL}-PYRROLIDIN-3-YL)-AMIDE (DB08143)","0.7805","http://www.drugbank.ca/drugs/DB08143"
"267","3-(1H-INDOL-3-YL)-4-(1-{2-[(2S)-1-METHYLPYRROLIDINYL]ETHYL}-1H-INDOL-3-YL)-1H-PYRROLE-2,5-DIONE (DB07456)","0.7803","http://www.drugbank.ca/drugs/DB07456"
"268","3-(1H-INDOL-3-YL)-4-{1-[2-(1-METHYLPYRROLIDIN-2-YL)ETHYL]-1H-INDOL-3-YL}-1H-PYRROLE-2,5-DIONE (DB07458)","0.7803","http://www.drugbank.ca/drugs/DB07458"
"269","Temocapril (DB08836)","0.7801","http://www.drugbank.ca/drugs/DB08836"
"270","Prazosin (DB00457)","0.7797","http://www.drugbank.ca/drugs/DB00457"
"271","4-[(3AS,4R,7R,8AS,8BR)-2-(1,3-BENZODIOXOL-5-YLMETHYL)-7-HYDROXY-1,3-DIOXODECAHYDROPYRROLO[3,4-A]PYRROLIZIN-4-YL]BENZENECARBOXIMIDAMIDE (DB08546)","0.7794","http://www.drugbank.ca/drugs/DB08546"
"272","5-Chloro-1h-Indole-2-Carboxylic Acid [1-(4-Fluorobenzyl)-2-(4-Hydroxypiperidin-1yl)-2-Oxoethyl]Amide (DB03383)","0.7786","http://www.drugbank.ca/drugs/DB03383"
"273","Bepridil (DB01244)","0.7782","http://www.drugbank.ca/drugs/DB01244"
"274","[5-AMINO-1-(4-FLUOROPHENYL)-1H-PYRAZOL-4-YL][3-(PIPERIDIN-4-YLOXY)PHENYL]METHANONE (DB08423)","0.7778","http://www.drugbank.ca/drugs/DB08423"
"275","(2S,3S)-3-{3-[2-chloro-4-(methylsulfonyl)phenyl]-1,2,4-oxadiazol-5-yl}-1-cyclopentylidene-4-cyclopropyl-1-fluorobutan-2-amine (DB06994)","0.7775","http://www.drugbank.ca/drugs/DB06994"
"276","Fluspirilene (DB04842)","0.7773","http://www.drugbank.ca/drugs/DB04842"
"277","(2R,4R)-N~1~-(4-CHLOROPHENYL)-N~2~-[2-FLUORO-4-(2-OXOPYRIDIN-1(2H)-YL)PHENYL]-4-METHOXYPYRROLIDINE-1,2-DICARBOXAMIDE (DB06920)","0.7772","http://www.drugbank.ca/drugs/DB06920"
"278","6-ETHYL-5-[(2S)-1-(3-METHOXYPROPYL)-2-PHENYL-1,2,3,4-TETRAHYDROQUINOLIN-7-YL]PYRIMIDINE-2,4-DIAMINE (DB08099)","0.7770","http://www.drugbank.ca/drugs/DB08099"
"279","Levocabastine (DB01106)","0.7769","http://www.drugbank.ca/drugs/DB01106"
"280","2,4-Diamino-5-Methyl-6-[(3,4,5-Trimethoxy-N-Methylanilino)Methyl]Pyrido[2,3-D]Pyrimidine (DB02104)","0.7765","http://www.drugbank.ca/drugs/DB02104"
"281","Beta-hydroxyfentanyl (DB01453)","0.7762","http://www.drugbank.ca/drugs/DB01453"
"282","Quinapril (DB00881)","0.7762","http://www.drugbank.ca/drugs/DB00881"
"283","Clonitazene (DB01523)","0.7753","http://www.drugbank.ca/drugs/DB01523"
"284","N-[5-(1,1-DIOXIDOISOTHIAZOLIDIN-2-YL)-1H-INDAZOL-3-YL]-2-(4-PIPERIDIN-1-YLPHENYL)ACETAMIDE (DB07220)","0.7750","http://www.drugbank.ca/drugs/DB07220"
"285","Dasatinib (DB01254)","0.7748","http://www.drugbank.ca/drugs/DB01254"
"286","N-[1-(AMINOMETHYL)CYCLOPROPYL]-3-(BENZYLSULFONYL)-N~2~-[(1S)-2,2,2-TRIFLUORO-1-(4-HYDROXYPHENYL)ETHYL]-L-ALANINAMIDE (DB07589)","0.7745","http://www.drugbank.ca/drugs/DB07589"
"287","Fentanyl (DB00813)","0.7729","http://www.drugbank.ca/drugs/DB00813"
"288","Acetyl-alpha-methylfentanyl (DB01532)","0.7722","http://www.drugbank.ca/drugs/DB01532"
"289","Mycophenolate mofetil (DB00688)","0.7718","http://www.drugbank.ca/drugs/DB00688"
"290","4-[4-(1-Amino-1-Methylethyl)Phenyl]-5-Chloro-N-[4-(2-Morpholin-4-Ylethyl)Phenyl]Pyrimidin-2-Amine (DB02491)","0.7715","http://www.drugbank.ca/drugs/DB02491"
"291","N-({(2S)-1-[(3R)-3-amino-4-(3-chlorophenyl)butanoyl]pyrrolidin-2-yl}methyl)-3-(methylsulfonyl)benzamide (DB08429)","0.7714","http://www.drugbank.ca/drugs/DB08429"
"292","2-[2-ETHANESULFONYLAMINO-3-(1H-INDOL-3-YL)-PROPIONYLAMINO]-PENTANEDIOIC ACID 5-AMIDE 1-(4-CARBAMIM IDOYL-BENZYLAMIDE) (DB04758)","0.7713","http://www.drugbank.ca/drugs/DB04758"
"293","Nicardipine (DB00622)","0.7712","http://www.drugbank.ca/drugs/DB00622"
"294","2,4-Diamino-6-[N-(3',4',5'-Trimethoxybenzyl)-N-Methylamino]Pyrido[2,3-D]Pyrimidine (DB02919)","0.7709","http://www.drugbank.ca/drugs/DB02919"
"295","(4R)-N-[4-({[2-(DIMETHYLAMINO)ETHYL]AMINO}CARBONYL)-1,3-THIAZOL-2-YL]-4-METHYL-1-OXO-2,3,4,9-TETRAHYDRO-1H-BETA-CARBOLINE-6-CARBOXAMIDE (DB07406)","0.7704","http://www.drugbank.ca/drugs/DB07406"
"296","5-(4-PHENOXYPHENYL)-5-(4-PYRIMIDIN-2-YLPIPERAZIN-1-YL)PYRIMIDINE-2,4,6(2H,3H)-TRIONE (DB07117)","0.7703","http://www.drugbank.ca/drugs/DB07117"
"297","4-chloro-N-(3-methoxypropyl)-N-[(3S)-1-(2-phenylethyl)piperidin-3-yl]benzamide (DB08344)","0.7697","http://www.drugbank.ca/drugs/DB08344"
"298","Irbesartan (DB01029)","0.7694","http://www.drugbank.ca/drugs/DB01029"
"299","6-CHLORO-1-(2-{[(5-CHLORO-1-BENZOTHIEN-3-YL)METHYL]AMINO}ETHYL)-3-[(2-PYRIDIN-2-YLETHYL)AMINO]-1,4-DIHYDROPYRAZIN-2-OL (DB07521)","0.7688","http://www.drugbank.ca/drugs/DB07521"
"300","4-(2-aminoethoxy)-N-(3-chloro-5-piperidin-1-ylphenyl)-3,5-dimethylbenzamide (DB08697)","0.7682","http://www.drugbank.ca/drugs/DB08697"
"301","Moricizine (DB00680)","0.7681","http://www.drugbank.ca/drugs/DB00680"
"302","(4aS,4bR,10bS,12aS)-12a-methyl-1,3-dioxo-2-(pyridin-3-ylmethyl)-1,2,3,4,4a,4b,5,6,10b,11,12,12a-dodecahydronaphtho[2,1-f]isoquinolin-8-yl sulfamate (DB08418)","0.7680","http://www.drugbank.ca/drugs/DB08418"
"303","Fexofenadine (DB00950)","0.7671","http://www.drugbank.ca/drugs/DB00950"
"304","[4-(3-AMINOMETHYL-PHENYL)-PIPERIDIN-1-YL]-(5-PHENETHYL- PYRIDIN-3-YL)-METHANONE (DB04764)","0.7663","http://www.drugbank.ca/drugs/DB04764"
"305","Terfenadine (DB00342)","0.7663","http://www.drugbank.ca/drugs/DB00342"
"306","4-(4-CHLORO-PHENYL)-1-{3-[2-(4-FLUORO-PHENYL)-[1,3]DITHIOLAN-2-YL]-PROPYL}-PIPERIDIN-4-OL (DB08622)","0.7660","http://www.drugbank.ca/drugs/DB08622"
"307","4-(4-METHYLPIPERAZIN-1-YL)-N-[5-(2-THIENYLACETYL)-1,5-DIHYDROPYRROLO[3,4-C]PYRAZOL-3-YL]BENZAMIDE (DB07186)","0.7657","http://www.drugbank.ca/drugs/DB07186"
"308","1-{[1-(2-AMINO-3-PHENYL-PROPIONYL)-PYRROLIDINE-2-CARBONYL]-AMINO}-2-(3-CYANO-PHENYL)-ETHANEBORONIC ACID (DB08420)","0.7655","http://www.drugbank.ca/drugs/DB08420"
"309","Acetophenazine (DB01063)","0.7653","http://www.drugbank.ca/drugs/DB01063"
"310","(2R,4S)-2-[(R)-BENZYLCARBAMOYL-PHENYLACETYL-METHYL]-5,5-DIMETHYL-THIAZOLIDINE-4-CARBOXYLIC ACID (DB07806)","0.7644","http://www.drugbank.ca/drugs/DB07806"
"311","OPC-28326 (DB05461)","0.7622","http://www.drugbank.ca/drugs/DB05461"
"312","D-phenylalanyl-N-(3-methylbenzyl)-L-prolinamide (DB07133)","0.7616","http://www.drugbank.ca/drugs/DB07133"
"313","DIETHYL (1R,2S,3R,4S)-5,6-BIS(4-HYDROXYPHENYL)-7-OXABICYCLO[2.2.1]HEPT-5-ENE-2,3-DICARBOXYLATE (DB08320)","0.7615","http://www.drugbank.ca/drugs/DB08320"
"314","6-FLUORO-2-[2-HYDROXY-3-(2-METHYL-CYCLOHEXYLOXY)-PHENYL]-1H-INDOLE-5-CARBOXAMIDINE (DB06856)","0.7613","http://www.drugbank.ca/drugs/DB06856"
"315","(2e,3s)-3-Hydroxy-5'-[(4-Hydroxypiperidin-1-Yl)Sulfonyl]-3-Methyl-1,3-Dihydro-2,3'-Biindol-2'(1'h)-One (DB03583)","0.7609","http://www.drugbank.ca/drugs/DB03583"
"316","N-(4-carbamimidoylbenzyl)-1-(3-phenylpropanoyl)-L-prolinamide (DB06942)","0.7608","http://www.drugbank.ca/drugs/DB06942"
"317","N-cyclopropyl-4-methyl-3-{2-[(2-morpholin-4-ylethyl)amino]quinazolin-6-yl}benzamide (DB08351)","0.7602","http://www.drugbank.ca/drugs/DB08351"
"318","1,2-Hydro-1-Oxy-3,4-Hydro-3-(1-Methoxy-2-Oxy-3,4-Dihydroxypentyl)-8,9-Dihydroxy-7-(Sec-Butyl)-Anthracene (DB04240)","0.7598","http://www.drugbank.ca/drugs/DB04240"
"319","D-phenylalanyl-N-{4-[amino(iminio)methyl]benzyl}-L-prolinamide (DB07005)","0.7596","http://www.drugbank.ca/drugs/DB07005"
"320","6-CARBAMIMIDOYL-2-[2-HYDROXY-5-(3-METHOXY-PHENYL)-INDAN-1-YL]-HEXANOIC ACID (DB06866)","0.7593","http://www.drugbank.ca/drugs/DB06866"
"321","Cefpiramide (DB00430)","0.7592","http://www.drugbank.ca/drugs/DB00430"
"322","Darifenacin (DB00496)","0.7590","http://www.drugbank.ca/drugs/DB00496"
"323","4-{2-[4-(2-Aminoethyl)Piperazin-1-Yl]Pyridin-4-Yl}-N-(3-Chloro-4-Methylphenyl)Pyrimidin-2-Amine (DB03916)","0.7588","http://www.drugbank.ca/drugs/DB03916"
"324","1-(1'-{[3-(methylsulfanyl)-2-benzothiophen-1-yl]carbonyl}spiro[1-benzofuran-3,4'-piperidin]-5-yl)methanamine (DB06848)","0.7586","http://www.drugbank.ca/drugs/DB06848"
"325","(S)-2-CHLORO-N-(1-(2-(2-HYDROXYETHYLAMINO)-2-OXOETHYL)-2-OXO-1,2,3,4-TETRAHYDROQUINOLIN-3-YL)-6H-THIENO[2,3-B]PYRROLE-5-CARBOXAMIDE (DB07792)","0.7585","http://www.drugbank.ca/drugs/DB07792"
"326","Cerivastatin (DB00439)","0.7585","http://www.drugbank.ca/drugs/DB00439"
"327","Cp403700, (S)-1-{2-[(5-Chloro-1h-Indole-2-Carbonyl)-Amino]-3-Phenyl-Propionyl}-Azetidine-3-Carboxylate (DB03744)","0.7580","http://www.drugbank.ca/drugs/DB03744"
"328","Troglitazone (DB00197)","0.7577","http://www.drugbank.ca/drugs/DB00197"
"329","(5R)-5-(4-{[(2R)-6-HYDROXY-2,5,7,8-TETRAMETHYL-3,4-DIHYDRO-2H-CHROMEN-2-YL]METHOXY}BENZYL)-1,3-THIAZOLIDINE-2,4-DIONE (DB08607)","0.7577","http://www.drugbank.ca/drugs/DB08607"
"330","Diphenoxylate (DB01081)","0.7569","http://www.drugbank.ca/drugs/DB01081"
"331","(2S)-1-{4-[(4-ANILINO-5-BROMOPYRIMIDIN-2-YL)AMINO]PHENOXY}-3-(DIMETHYLAMINO)PROPAN-2-OL (DB07501)","0.7569","http://www.drugbank.ca/drugs/DB07501"
"332","(2R)-1-{4-[(4-ANILINO-5-BROMOPYRIMIDIN-2-YL)AMINO]PHENOXY}-3-(DIMETHYLAMINO)PROPAN-2-OL (DB07504)","0.7569","http://www.drugbank.ca/drugs/DB07504"
"333","Loperamide (DB00836)","0.7565","http://www.drugbank.ca/drugs/DB00836"
"334","5-[4-(DIMETHYLAMINO)PHENYL]-6-[(6-MORPHOLIN-4-YLPYRIDIN-3-YL)ETHYNYL]PYRIMIDIN-4-AMINE (DB07280)","0.7561","http://www.drugbank.ca/drugs/DB07280"
"335","(2S)-6-(2,4-DIAMINO-6-ETHYLPYRIMIDIN-5-YL)-2-(3,5-DIFLUOROPHENYL)-4-(3-METHOXYPROPYL)-2H-1,4-BENZOXAZIN-3(4H)-ONE (DB07113)","0.7558","http://www.drugbank.ca/drugs/DB07113"
"336","Bis-Benzamidine (DB02081)","0.7552","http://www.drugbank.ca/drugs/DB02081"
"337","N-(4-MORPHOLINE)CARBONYL-B-(1-NAPHTHYL)-L-ALANINE-L-LEUCINE BORONIC ACID (DB04732)","0.7550","http://www.drugbank.ca/drugs/DB04732"
"338","ZK-806711 (DB03373)","0.7545","http://www.drugbank.ca/drugs/DB03373"
"339","Delavirdine (DB00705)","0.7545","http://www.drugbank.ca/drugs/DB00705"
"340","Bopindolol (DB08807)","0.7539","http://www.drugbank.ca/drugs/DB08807"
"341","2-[1-(4-CHLOROBENZOYL)-5-METHOXY-2-METHYL-1H-INDOL-3-YL]-N-[(1R)-1-(HYDROXYMETHYL)PROPYL]ACETAMIDE (DB07981)","0.7534","http://www.drugbank.ca/drugs/DB07981"
"342","2-[1-(4-CHLOROBENZOYL)-5-METHOXY-2-METHYL-1H-INDOL-3-YL]-N-[(1S)-1-(HYDROXYMETHYL)PROPYL]ACETAMIDE (DB07984)","0.7534","http://www.drugbank.ca/drugs/DB07984"
"343","Bosutinib (DB06616)","0.7530","http://www.drugbank.ca/drugs/DB06616"
"344","2-({5-CHLORO-2-[(2-METHOXY-4-MORPHOLIN-4-YLPHENYL)AMINO]PYRIMIDIN-4-YL}AMINO)-N-METHYLBENZAMIDE (DB07460)","0.7523","http://www.drugbank.ca/drugs/DB07460"
"345","[4-(6-Chloro-Naphthalene-2-Sulfonyl)-Piperazin-1-Yl]-(3,4,5,6-Tetrahydro-2h-[1,4']Bipyridinyl-4-Yl)-Methanone (DB01836)","0.7523","http://www.drugbank.ca/drugs/DB01836"
"346","Mepenzolate (DB04843)","0.7522","http://www.drugbank.ca/drugs/DB04843"
"347","Dioxaphetyl butyrate (DB01475)","0.7519","http://www.drugbank.ca/drugs/DB01475"
"348","Diltiazem (DB00343)","0.7510","http://www.drugbank.ca/drugs/DB00343"
"349","2-Phenyl-1-[4-(2-Piperidin-1-Yl-Ethoxy)-Phenyl]-1,2,3,4-Tetrahydro-Isoquinolin-6-Ol (DB04471)","0.7509","http://www.drugbank.ca/drugs/DB04471"
"350","6-CARBAMIMIDOYL-2-[2-HYDROXY-6-(4-HYDROXY-PHENYL)-INDAN-1-YL]-HEXANOIC ACID (DB06865)","0.7506","http://www.drugbank.ca/drugs/DB06865"
"351","Topotecan (DB01030)","0.7502","http://www.drugbank.ca/drugs/DB01030"
"352","(2R)-1-[4-({4-[(2,5-DICHLOROPHENYL)AMINO]PYRIMIDIN-2-YL}AMINO)PHENOXY]-3-(DIMETHYLAMINO)PROPAN-2-OL (DB07750)","0.7500","http://www.drugbank.ca/drugs/DB07750"
"353","(2S)-1-[4-({4-[(2,5-DICHLOROPHENYL)AMINO]PYRIMIDIN-2-YL}AMINO)PHENOXY]-3-(DIMETHYLAMINO)PROPAN-2-OL (DB07755)","0.7500","http://www.drugbank.ca/drugs/DB07755"
"354","Isopropamide (DB01625)","0.7491","http://www.drugbank.ca/drugs/DB01625"
"355","Flibanserin (DB04908)","0.7490","http://www.drugbank.ca/drugs/DB04908"
"356","Compound 4-D (DB03742)","0.7489","http://www.drugbank.ca/drugs/DB03742"
"357","1-(5-Tert-Butyl-2-P-Tolyl-2h-Pyrazol-3-Yl)-3-[4-(2-Morpholin-4-Yl-Ethoxy)-Naphthalen-1-Yl]-Urea (DB03044)","0.7488","http://www.drugbank.ca/drugs/DB03044"
"358","Azelastine (DB00972)","0.7482","http://www.drugbank.ca/drugs/DB00972"
"359","Morpholine-4-Carboxylic Acid [1-(2-Benzylsulfanyl-1-Formyl-Ethylcarbamoyl)-2-Phenyl-Ethyl]-Amide (DB03984)","0.7482","http://www.drugbank.ca/drugs/DB03984"
"360","Ranolazine (DB00243)","0.7482","http://www.drugbank.ca/drugs/DB00243"
"361","1-[4-(Octahydro-Pyrido[1,2-a]Pyrazin-2-Yl)-Phenyl]-2-Phenyl-1,2,3,4-Tetrahydro-Isoquinolin-6-Ol (DB03802)","0.7481","http://www.drugbank.ca/drugs/DB03802"
"362","Eletriptan (DB00216)","0.7480","http://www.drugbank.ca/drugs/DB00216"
"363","(2R)-({4-[AMINO(IMINO)METHYL]PHENYL}AMINO){5-ETHOXY-2-FLUORO-3-[(3R)-TETRAHYDROFURAN-3-YLOXY]PHENYL}ACETICACID (DB04590)","0.7477","http://www.drugbank.ca/drugs/DB04590"
"364","Quinacrine (DB01103)","0.7474","http://www.drugbank.ca/drugs/DB01103"
"365","Propantheline (DB00782)","0.7473","http://www.drugbank.ca/drugs/DB00782"
"366","2-(3-CHLORO-6-{[2,2-DIFLUORO-2-(1-OXIDOPYRIDIN-2-YL)ETHYL]AMINO}-1-OXIDOPYRIDIN-2-YL)-N-[1-(3-CHLOROPHENYL)ETHYL]ACETAMIDE (DB04722)","0.7472","http://www.drugbank.ca/drugs/DB04722"
"367","(2S)-4-(2,5-difluorophenyl)-N-[(3R,4S)-3-fluoro-1-methylpiperidin-4-yl]-2-(hydroxymethyl)-N-methyl-2-phenyl-2,5-dihydro-1H-pyrrole-1-carboxamide (DB08037)","0.7462","http://www.drugbank.ca/drugs/DB08037"
"368","Amperozide (DB08927)","0.7460","http://www.drugbank.ca/drugs/DB08927"
"369","Difenoxin (DB01501)","0.7452","http://www.drugbank.ca/drugs/DB01501"
"370","(2S)-1-[4-({6-[(2,6-DIFLUOROPHENYL)AMINO]PYRIMIDIN-4-YL}AMINO)PHENOXY]-3-(DIMETHYLAMINO)PROPAN-2-OL (DB07751)","0.7451","http://www.drugbank.ca/drugs/DB07751"
"371","(2R)-1-[4-({6-[(2,6-DIFLUOROPHENYL)AMINO]PYRIMIDIN-4-YL}AMINO)PHENOXY]-3-(DIMETHYLAMINO)PROPAN-2-OL (DB07761)","0.7451","http://www.drugbank.ca/drugs/DB07761"
"372","Lefradafiban (DB04863)","0.7446","http://www.drugbank.ca/drugs/DB04863"
"373","Tadalafil (DB00820)","0.7445","http://www.drugbank.ca/drugs/DB00820"
"374","Podofilox (DB01179)","0.7442","http://www.drugbank.ca/drugs/DB01179"
"375","(2S)-4-(2,5-DIFLUOROPHENYL)-N-METHYL-2-PHENYL-N-PIPERIDIN-4-YL-2,5-DIHYDRO-1H-PYRROLE-1-CARBOXAMIDE (DB08239)","0.7437","http://www.drugbank.ca/drugs/DB08239"
"376","Almitrine (DB01430)","0.7437","http://www.drugbank.ca/drugs/DB01430"
"377","N'-(5-CHLORO-1,3-BENZODIOXOL-4-YL)-N-(3-MORPHOLIN-4-YLPHENYL)PYRIMIDINE-2,4-DIAMINE (DB07255)","0.7437","http://www.drugbank.ca/drugs/DB07255"
"378","(2R)-1-(DIMETHYLAMINO)-3-{4-[(6-{[2-FLUORO-5-(TRIFLUOROMETHYL)PHENYL]AMINO}PYRIMIDIN-4-YL)AMINO]PHENOXY}PROPAN-2-OL (DB07054)","0.7430","http://www.drugbank.ca/drugs/DB07054"
"379","Ezetimibe (DB00973)","0.7426","http://www.drugbank.ca/drugs/DB00973"
"380","Thiethylperazine (DB00372)","0.7426","http://www.drugbank.ca/drugs/DB00372"
"381","Mirabegron  (DB08893)","0.7412","http://www.drugbank.ca/drugs/DB08893"
"382","Perphenazine (DB00850)","0.7412","http://www.drugbank.ca/drugs/DB00850"
"383","S-{3-[(4-ANILINOQUINAZOLIN-6-YL)AMINO]-3-OXOPROPYL}-L-CYSTEINE (DB07602)","0.7406","http://www.drugbank.ca/drugs/DB07602"
"384","N~3~-cyclopropyl-N~4~'-(cyclopropylmethyl)-6-methylbiphenyl-3,4'-dicarboxamide (DB07835)","0.7404","http://www.drugbank.ca/drugs/DB07835"
"385","4-(1-Benzyl-3-Carbamoylmethyl-2-Methyl-1h-Indol-5-Yloxy)-Butyric Acid (DB02936)","0.7398","http://www.drugbank.ca/drugs/DB02936"
"386","(2S)-1-{[5-(1H-INDAZOL-5-YL)PYRIDIN-3-YL]OXY}-3-[(7AS)-7AH-INDOL-3-YL]PROPAN-2-AMINE (DB06977)","0.7393","http://www.drugbank.ca/drugs/DB06977"
"387","Tamibarotene (DB04942)","0.7391","http://www.drugbank.ca/drugs/DB04942"
"388","R-3-FLUORO-4-[2-HYDROXY-2-(5,5,8,8-TETRAMETHYL-5,6,7,8,-TETRAHYDRO-NAPHTALEN-2-YL)-ACETYLAMINO]-BENZOIC ACID (DB07031)","0.7380","http://www.drugbank.ca/drugs/DB07031"
"389","3-FLUORO-4-[2-HYDROXY-2-(5,5,8,8-TETRAMETHYL-5,6,7,8,-TETRAHYDRO-NAPHTALEN-2-YL)-ACETYLAMINO]-BENZOIC ACID (DB07294)","0.7380","http://www.drugbank.ca/drugs/DB07294"
"390","Allyl-{6-[3-(4-Bromo-Phenyl)-1-Methyl-1h-Indazol-6-Yl]Oxy}Hexyl)-N-Methylamine (DB03888)","0.7377","http://www.drugbank.ca/drugs/DB03888"
"391","Trimethaphan (DB01116)","0.7363","http://www.drugbank.ca/drugs/DB01116"
"392","Vilazodone (DB06684)","0.7344","http://www.drugbank.ca/drugs/DB06684"
"393","Valsartan (DB00177)","0.7344","http://www.drugbank.ca/drugs/DB00177"
"394","Methantheline (DB00940)","0.7340","http://www.drugbank.ca/drugs/DB00940"
"395","Fluphenazine (DB00623)","0.7339","http://www.drugbank.ca/drugs/DB00623"
"396","(20S)-19,20,21,22-TETRAHYDRO-19-OXO-5H-18,20-ETHANO-12,14-ETHENO-6,10-METHENO-18H-BENZ[D]IMIDAZO[4,3-K][1,6,9,12]OXATRIAZA-CYCLOOCTADECOSINE-9-CARBONITRILE (DB08674)","0.7337","http://www.drugbank.ca/drugs/DB08674"
"397","({3-[1-(4-HYDROXY-2-OXO-2H-CHROMEN-3-YL)-PROPYL]-PHENYLCARBAMOYL}-METHYL)-CARBAMIC ACID TERT-BUTYL ESTER (DB08664)","0.7337","http://www.drugbank.ca/drugs/DB08664"
"398","Sunitinib (DB01268)","0.7335","http://www.drugbank.ca/drugs/DB01268"
"399","5-[(E)-(5-CHLORO-2-OXO-1,2-DIHYDRO-3H-INDOL-3-YLIDENE)METHYL]-N-[2-(DIETHYLAMINO)ETHYL]-2,4-DIMETHYL-1H-PYRROLE-3-CARBOXAMIDE (DB08009)","0.7335","http://www.drugbank.ca/drugs/DB08009"
"400","6-[3-(4-Morpholinyl)Propyl]-2-(3-Nitrophenyl)-5-Thioxo-5,6,-Dihydro-7h-Thienol[2',3':4,5]Pyrrolo[1,2-C]Imidazol-7-One (DB03507)","0.7317","http://www.drugbank.ca/drugs/DB03507"
"401","1-[4-(AMINOMETHYL)BENZOYL]-5'-FLUORO-1'H-SPIRO[PIPERIDINE-4,2'-QUINAZOLIN]-4'-AMINE (DB08750)","0.7311","http://www.drugbank.ca/drugs/DB08750"
"402","N-ethyl-4-{[5-(methoxycarbamoyl)-2-methylphenyl]amino}-5-methylpyrrolo[2,1-f][1,2,4]triazine-6-carboxamide (DB06940)","0.7309","http://www.drugbank.ca/drugs/DB06940"
"403","N-{(1s)-4-[Bis(2-Chloroethyl)Amino]-1-Methylbutyl}-N-(6-Chloro-2-Methoxy-9-Acridinyl)Amine (DB02240)","0.7309","http://www.drugbank.ca/drugs/DB02240"
"404","Ivacaftor (DB08820)","0.7299","http://www.drugbank.ca/drugs/DB08820"
"405","7-[3-(4-FLUORO-PHENYL)-1-ISOPROPYL-1H-INDOL-2-YL]-3,5-DIHYDROXY-HEPTANOIC ACID (DB06846)","0.7296","http://www.drugbank.ca/drugs/DB06846"
"406","Cis-[4,5-Bis-(4-Chlorophenyl)-2-(2-Isopropoxy-4-Methoxyphenyl)-4,5-Dihyd Roimidazol-1-Yl]-Piperazin-1-Yl-Methanone (DB04144)","0.7291","http://www.drugbank.ca/drugs/DB04144"
"407","2-{5-[3-(7-PROPYL-3-TRIFLUOROMETHYLBENZO[D]ISOXAZOL-6-YLOXY)PROPOXY]INDOL-1-YL}ETHANOIC ACID (DB07053)","0.7288","http://www.drugbank.ca/drugs/DB07053"
"408","PHENYLALANYLAMINODI(ETHYLOXY)ETHYL BENZENESULFONAMIDEAMINOCARBONYLBENZENESULFONAMIDE (DB07710)","0.7286","http://www.drugbank.ca/drugs/DB07710"
"409","Erlotinib (DB00530)","0.7280","http://www.drugbank.ca/drugs/DB00530"
"410","Mifepristone (DB00834)","0.7278","http://www.drugbank.ca/drugs/DB00834"
"411","Thioproperazine (DB01622)","0.7277","http://www.drugbank.ca/drugs/DB01622"
"412","Balanol Analog 2 (DB01940)","0.7275","http://www.drugbank.ca/drugs/DB01940"
"413","Merimepodib (DB04862)","0.7274","http://www.drugbank.ca/drugs/DB04862"
"414","(4R,5R)-5-AMINO-1-[2-(1,3-BENZODIOXOL-5-YL)ETHYL]-4-(2,4,5-TRIFLUOROPHENYL)PIPERIDIN-2-ONE (DB07830)","0.7272","http://www.drugbank.ca/drugs/DB07830"
"415","2-(2-{2-[(BIPHENYL-4-YLMETHYL)-AMINO]-3-MERCAPTO-PENTANOYLAMINO}-ACETYLAMINO)-3-METHYL-BUTYRIC ACID METHYL ESTER (DB08643)","0.7262","http://www.drugbank.ca/drugs/DB08643"
"416","Darusentan (DB04883)","0.7259","http://www.drugbank.ca/drugs/DB04883"
"417","N-{(1S,2R)-2-hydroxy-1-[(hydroxyamino)carbonyl]propyl}-4-{[4-(morpholin-4-ylmethyl)phenyl]ethynyl}benzamide (DB07536)","0.7257","http://www.drugbank.ca/drugs/DB07536"
"418","Indacaterol (DB05039)","0.7249","http://www.drugbank.ca/drugs/DB05039"
"419","(9r,10r)-9-(S-Glutathionyl)-10-Hydroxy-9,10-Dihydrophenanthrene (DB01834)","0.7248","http://www.drugbank.ca/drugs/DB01834"
"420","(9s,10s)-9-(S-Glutathionyl)-10-Hydroxy-9,10-Dihydrophenanthrene (DB04187)","0.7248","http://www.drugbank.ca/drugs/DB04187"
"421","N-(5-CHLORO-BENZO[B]THIOPHEN-3-YLMETHYL)-2-[6-CHLORO-OXO-3-(2-PYRIDIN-2-YL-ETHYLAMINO)-2H-PYRAZIN-1-YL]-ACETAMIDE (DB07165)","0.7246","http://www.drugbank.ca/drugs/DB07165"
"422","N~4~-methyl-N~4~-(3-methyl-1H-indazol-6-yl)-N~2~-(3,4,5-trimethoxyphenyl)pyrimidine-2,4-diamine (DB08042)","0.7243","http://www.drugbank.ca/drugs/DB08042"
"423","N-Alpha-(2-Naphthylsulfonyl)-N(3-Amidino-L-Phenylalaninyl)Isopipecolinic Acid Methyl Ester (DB01745)","0.7243","http://www.drugbank.ca/drugs/DB01745"
"424","Ponatinib  (DB08901)","0.7238","http://www.drugbank.ca/drugs/DB08901"
"425","3-[3-(2,3-Dihydroxy-Propylamino)-Phenyl]-4-(5-Fluoro-1-Methyl-1h-Indol-3-Yl)-Pyrrole-2,5-Dione (DB01772)","0.7234","http://www.drugbank.ca/drugs/DB01772"
"426","Amiodarone (DB01118)","0.7232","http://www.drugbank.ca/drugs/DB01118"
"427","Tofisopam (DB08811)","0.7224","http://www.drugbank.ca/drugs/DB08811"
"428","Pitavastatin (DB08860)","0.7190","http://www.drugbank.ca/drugs/DB08860"
"429","1-{3-[(4-pyridin-2-ylpiperazin-1-yl)sulfonyl]phenyl}-3-(1,3-thiazol-2-yl)urea (DB07817)","0.7184","http://www.drugbank.ca/drugs/DB07817"
"430","Adapalene (DB00210)","0.7176","http://www.drugbank.ca/drugs/DB00210"
"431","BNP 1350 (DB05806)","0.7168","http://www.drugbank.ca/drugs/DB05806"
"432","Trimetrexate (DB01157)","0.7167","http://www.drugbank.ca/drugs/DB01157"
"433","Asimadoline (DB05104)","0.7154","http://www.drugbank.ca/drugs/DB05104"
"434","Br-Coeleneterazine (DB02006)","0.7152","http://www.drugbank.ca/drugs/DB02006"
"435","I-Coeleneterazine (DB04146)","0.7152","http://www.drugbank.ca/drugs/DB04146"
"436","Carphenazine (DB01038)","0.7127","http://www.drugbank.ca/drugs/DB01038"
"437","Olmesartan (DB00275)","0.7127","http://www.drugbank.ca/drugs/DB00275"
"438","Quetiapine (DB01224)","0.7113","http://www.drugbank.ca/drugs/DB01224"
"439","2,5-bis-o-{3-[amino(imino)methyl]phenyl}-1,4:3,6-dianhydro-d-glucitol (DB04790)","0.7110","http://www.drugbank.ca/drugs/DB04790"
"440","2-O-(4'-AMIDINOPHENYL)-5-O-(3''-AMIDINOPHENYL)-1,4:3,6-DIANHYDRO-D-SORBITOL (DB04791)","0.7110","http://www.drugbank.ca/drugs/DB04791"
"441","2,5-O,O-BIS-{4',4''-AMIDINOPHENYL}-1,4:3,6-DIANHYDRO-D-SORBITOL (DB04792)","0.7110","http://www.drugbank.ca/drugs/DB04792"
"442","2-O-(3'-AMIDINOPHENYL)-5-O-(4''-AMIDINOPHENYL}-1,4:3,6-DIANHYDRO-D-SORBITOL (DB04793)","0.7110","http://www.drugbank.ca/drugs/DB04793"
"443","N-Alpha-(2-Naphthylsulfonyl)-N-(3-Amidino-L-Phenylalaninyl)-D-Pipecolinic Acid (DB04238)","0.7102","http://www.drugbank.ca/drugs/DB04238"
"444","Idarubicin (DB01177)","0.7089","http://www.drugbank.ca/drugs/DB01177"
"445","Nabilone (DB00486)","0.7085","http://www.drugbank.ca/drugs/DB00486"
"446","4-(2-HYDROXYBENZYLAMINO)-N-(3-(4-FLUOROPHENOXY)PHENYL)PIPERIDINE-1-SULFONAMIDE (DB04632)","0.7079","http://www.drugbank.ca/drugs/DB04632"
"447","N-(2-AMINOETHYL)-N~2~-{(1S)-1-[4'-(AMINOSULFONYL)BIPHENYL-4-YL]-2,2,2-TRIFLUOROETHYL}-L-LEUCINAMIDE (DB08270)","0.7071","http://www.drugbank.ca/drugs/DB08270"
"448","3-(7-DIAMINOMETHYL-NAPHTHALEN-2-YL)-PROPIONIC ACID ETHYL ESTER (DB07639)","0.7065","http://www.drugbank.ca/drugs/DB07639"
"449","Fluvastatin (DB01095)","0.7057","http://www.drugbank.ca/drugs/DB01095"
"450","KW-3902 (DB05360)","0.7044","http://www.drugbank.ca/drugs/DB05360"
"451","(2S)-2-ETHOXY-3-{4-[2-(10H-PHENOXAZIN-10-YL)ETHOXY]PHENYL}PROPANOIC ACID (DB07675)","0.7039","http://www.drugbank.ca/drugs/DB07675"
"452","4-(2-aminoethoxy)-N-(2,5-diethoxyphenyl)-3,5-dimethylbenzamide (DB07625)","0.7034","http://www.drugbank.ca/drugs/DB07625"
"453","7-Hydroxystaurosporine (DB01933)","0.7033","http://www.drugbank.ca/drugs/DB01933"
"454","5-[1-(3,4-Dimethoxy-Benzoyl)-1,2,3,4-Tetrahydro-Quinolin-6-Yl]-6-Methyl-3,6-Dihydro-[1,3,4]Thiadiazin-2-One (DB03944)","0.7024","http://www.drugbank.ca/drugs/DB03944"
"455","Eszopiclone (DB00402)","0.6986","http://www.drugbank.ca/drugs/DB00402"
"456","Zopiclone (DB01198)","0.6986","http://www.drugbank.ca/drugs/DB01198"
"457","(4R,2S)-5'-(4-(4-CHLOROBENZYLOXY)PYRROLIDIN-2-YLMETHANESULFONYL)ISOQUINOLINE (DB07583)","0.6971","http://www.drugbank.ca/drugs/DB07583"
"458","Bitolterol (DB00901)","0.6953","http://www.drugbank.ca/drugs/DB00901"
"459","3-[(Acetyl-Methyl-Amino)-Methyl]-4-Amino-N-Methyl-N-(1-Methyl-1h-Indol-2-Ylmethyl)-Benzamide (DB03534)","0.6952","http://www.drugbank.ca/drugs/DB03534"
"460","Trimethobenzamide (DB00662)","0.6936","http://www.drugbank.ca/drugs/DB00662"
"461","6-[1-(3,5,5,8,8-Pentamethyl-5,6,7,8-Tetrahydronaphthalen-2-Yl)Cyclopropyl]Pyridine-3-Carboxylic Acid (DB01941)","0.6927","http://www.drugbank.ca/drugs/DB01941"
"462","Cetirizine (DB00341)","0.6923","http://www.drugbank.ca/drugs/DB00341"
"463","Hydroxyzine (DB00557)","0.6921","http://www.drugbank.ca/drugs/DB00557"
"464","N'-(5-CHLORO-1,3-BENZODIOXOL-4-YL)-N-(3,4,5- TRIMETHOXYPHENYL)PYRIMIDINE-2,4-DIAMINE (DB07250)","0.6916","http://www.drugbank.ca/drugs/DB07250"
"465","6-[(Z)-AMINO(IMINO)METHYL]-N-[3-(CYCLOPENTYLOXY)PHENYL]-2-NAPHTHAMIDE (DB07076)","0.6905","http://www.drugbank.ca/drugs/DB07076"
"466","CP-526423 (DB02089)","0.6899","http://www.drugbank.ca/drugs/DB02089"
"467","Tolvaptan (DB06212)","0.6870","http://www.drugbank.ca/drugs/DB06212"
"468","Bexarotene (DB00307)","0.6866","http://www.drugbank.ca/drugs/DB00307"
"469","1-Acetyl-4-(4-{4-[(2-Ethoxyphenyl)Thio]-3-Nitrophenyl}Pyridin-2-Yl)Piperazine (DB02177)","0.6817","http://www.drugbank.ca/drugs/DB02177"
"470","BMS184394 (DB03466)","0.6801","http://www.drugbank.ca/drugs/DB03466"
"471","SR11254 (DB02258)","0.6794","http://www.drugbank.ca/drugs/DB02258"
"472","Colchicine (DB01394)","0.6792","http://www.drugbank.ca/drugs/DB01394"
"473","Myxothiazol (DB04741)","0.6790","http://www.drugbank.ca/drugs/DB04741"
"474","Allyl-{6-[3-(4-Bromo-Phenyl)-Benzofuran-6-Yloxy]-Hexyl-}-Methyl-Amin (DB02339)","0.6777","http://www.drugbank.ca/drugs/DB02339"
"475","CD564 (DB02741)","0.6773","http://www.drugbank.ca/drugs/DB02741"
"476","Afimoxifene (DB04468)","0.6767","http://www.drugbank.ca/drugs/DB04468"
"477","Canagliflozin (DB08907)","0.6763","http://www.drugbank.ca/drugs/DB08907"
"478","Aprepitant (DB00673)","0.6747","http://www.drugbank.ca/drugs/DB00673"
"479","RPR128515 (DB04424)","0.6743","http://www.drugbank.ca/drugs/DB04424"
"480","4-CHLORO-6-(4-{4-[4-(METHYLSULFONYL)BENZYL]PIPERAZIN-1-YL}-1H-PYRAZOL-5-YL)BENZENE-1,3-DIOL (DB06957)","0.6741","http://www.drugbank.ca/drugs/DB06957"
"481","(1S,5S,7R)-N~7~-(BIPHENYL-4-YLMETHYL)-N~3~-HYDROXY-6,8-DIOXA-3-AZABICYCLO[3.2.1]OCTANE-3,7-DICARBOXAMIDE (DB07026)","0.6740","http://www.drugbank.ca/drugs/DB07026"
"482","Sorafenib (DB00398)","0.6729","http://www.drugbank.ca/drugs/DB00398"
"483","Drotaverine (DB06751)","0.6728","http://www.drugbank.ca/drugs/DB06751"
"484","6-[N-(1-Isopropyl-1,2,3,4-Tetrahydro-7-Isoquinolinyl)Carbamyl]-2-Naphthalenecarboxamidine (DB02705)","0.6708","http://www.drugbank.ca/drugs/DB02705"
"485","Regorafenib (DB08896)","0.6695","http://www.drugbank.ca/drugs/DB08896"
"486","Flavoxate (DB01148)","0.6694","http://www.drugbank.ca/drugs/DB01148"
"487","(1-Tert-Butyl-5-Hydroxy-1h-Pyrazol-4-Yl)-(6-Methanesulfonyl-4'-Methoxy-2-Methyl-Biphenyl-3-Yl)-Methanone (DB02850)","0.6692","http://www.drugbank.ca/drugs/DB02850"
"488","N-Alpha-(2-Naphthylsulfonyl)-N(3-Amidino-L-Phenylalaninyl)-4-Acetyl-Piperazine (DB04125)","0.6668","http://www.drugbank.ca/drugs/DB04125"
"489","1-BENZYL-3-(4-METHOXYPHENYLAMINO)-4-PHENYLPYRROLE-2,5-DIONE (DB08063)","0.6652","http://www.drugbank.ca/drugs/DB08063"
"490","Zuclopenthixol acetate (DB08919)","0.6626","http://www.drugbank.ca/drugs/DB08919"
"491","6-[N-(1-Isopropyl-3,4-Dihydro-7-Isoquinolinyl)Carbamyl]-2-Naphthalenecarboxamidine (DB02473)","0.6557","http://www.drugbank.ca/drugs/DB02473"
"492","Halofantrine (DB01218)","0.6543","http://www.drugbank.ca/drugs/DB01218"
"493","6-[N-(4-Ethyl-1,2,3,4-Tetrahydro-6-Isoquinolinyl)Carbamyl]-2-Naphthalenecarboxamidine (DB02551)","0.6541","http://www.drugbank.ca/drugs/DB02551"
"494","5-(5-chloro-2,4-dihydroxyphenyl)-N-ethyl-4-[4-(morpholin-4-ylmethyl)phenyl]isoxazole-3-carboxamide (DB06961)","0.6482","http://www.drugbank.ca/drugs/DB06961"
"495","Zuclopenthixol (DB01624)","0.6438","http://www.drugbank.ca/drugs/DB01624"
"496","N-(TERT-BUTYL)-3,5-DIMETHYL-N'-[(5-METHYL-2,3-DIHYDRO-1,4-BENZODIOXIN-6-YL)CARBONYL]BENZOHYDRAZIDE (DB07929)","0.6437","http://www.drugbank.ca/drugs/DB07929"
"497","Ambenonium (DB01122)","0.6406","http://www.drugbank.ca/drugs/DB01122"
"498","Thiothixene (DB01623)","0.6368","http://www.drugbank.ca/drugs/DB01623"
"499","Eltrombopag (DB06210)","0.6267","http://www.drugbank.ca/drugs/DB06210"
"500","Mitoxantrone (DB01204)","0.6115","http://www.drugbank.ca/drugs/DB01204"
