"","DrugBank Compound (Name, ID)","Similarity to ","Link"
"1","Vandetanib (DB05294)","1.0000","http://www.drugbank.ca/drugs/DB05294"
"2","4-BROMO-2-FLUORO-N-[(4E)-6-METHOXY-7-[(1-METHYLPIPERIDIN-4-YL)METHOXY]QUINAZOLIN-4(1H)-YLIDENE]ANILINE (DB08764)","0.9902","http://www.drugbank.ca/drugs/DB08764"
"3","5-{[1-(2-fluorobenzyl)piperidin-4-yl]methoxy}quinazoline-2,4-diamine (DB07642)","0.9784","http://www.drugbank.ca/drugs/DB07642"
"4","Gefitinib (DB00317)","0.9685","http://www.drugbank.ca/drugs/DB00317"
"5","N-(5-chloro-1,3-benzodioxol-4-yl)-6-methoxy-7-(3-piperidin-1-ylpropoxy)quinazolin-4-amine (DB07249)","0.9678","http://www.drugbank.ca/drugs/DB07249"
"6","5-{[1-(2,3-dichlorobenzyl)piperidin-4-yl]methoxy}quinazoline-2,4-diamine (DB07643)","0.9646","http://www.drugbank.ca/drugs/DB07643"
"7","Afatinib (DB08916)","0.9632","http://www.drugbank.ca/drugs/DB08916"
"8","N-{2'-[(4-FLUOROPHENYL)AMINO]-4,4'-BIPYRIDIN-2-YL}-4-METHOXYCYCLOHEXANECARBOXAMIDE (DB08025)","0.9606","http://www.drugbank.ca/drugs/DB08025"
"9","Quinacrine (DB01103)","0.9600","http://www.drugbank.ca/drugs/DB01103"
"10","(2S)-6-(2,4-DIAMINO-6-ETHYLPYRIMIDIN-5-YL)-2-(3,5-DIFLUOROPHENYL)-4-(3-METHOXYPROPYL)-2H-1,4-BENZOXAZIN-3(4H)-ONE (DB07113)","0.9590","http://www.drugbank.ca/drugs/DB07113"
"11","CI-1033 (DB05424)","0.9578","http://www.drugbank.ca/drugs/DB05424"
"12","Astemizole (DB00637)","0.9548","http://www.drugbank.ca/drugs/DB00637"
"13","Allyl-{6-[3-(4-Bromo-Phenyl)-1-Methyl-1h-Indazol-6-Yl]Oxy}Hexyl)-N-Methylamine (DB03888)","0.9515","http://www.drugbank.ca/drugs/DB03888"
"14","3-(2-CHLOROPHENYL)-1-(2-{[(1S)-2-HYDROXY-1,2-DIMETHYLPROPYL]AMINO}PYRIMIDIN-4-YL)-1-(4-METHOXYPHENYL)UREA (DB08095)","0.9512","http://www.drugbank.ca/drugs/DB08095"
"15","Sitamaquine (DB04909)","0.9512","http://www.drugbank.ca/drugs/DB04909"
"16","(3S)-1-(1,3-BENZODIOXOL-5-YLMETHYL)-3-[4-(1H-IMIDAZOL-1-YL)PHENOXY]PIPERIDINE (DB07011)","0.9489","http://www.drugbank.ca/drugs/DB07011"
"17","6-(2,4-DIAMINO-6-ETHYLPYRIMIDIN-5-YL)-4-(3-METHOXYPROPYL)-2,2-DIMETHYL-2H-1,4-BENZOXAZIN-3(4H)-ONE (DB07174)","0.9488","http://www.drugbank.ca/drugs/DB07174"
"18","N-(6-{[3-(4-Bromophenyl)-1,2-Benzisothiazol-6-Yl]Oxy}Hexyl)-N-Methylprop-2-En-1-Amine (DB02544)","0.9479","http://www.drugbank.ca/drugs/DB02544"
"19","(2S)-1-{4-[(4-ANILINO-5-BROMOPYRIMIDIN-2-YL)AMINO]PHENOXY}-3-(DIMETHYLAMINO)PROPAN-2-OL (DB07501)","0.9477","http://www.drugbank.ca/drugs/DB07501"
"20","(2R)-1-{4-[(4-ANILINO-5-BROMOPYRIMIDIN-2-YL)AMINO]PHENOXY}-3-(DIMETHYLAMINO)PROPAN-2-OL (DB07504)","0.9477","http://www.drugbank.ca/drugs/DB07504"
"21","2,4-Diamino-6-[N-(2',5'-Dimethoxybenzyl)-N-Methylamino]Quinazoline (DB02427)","0.9474","http://www.drugbank.ca/drugs/DB02427"
"22","6-ETHYL-5-[(2S)-1-(3-METHOXYPROPYL)-2-PHENYL-1,2,3,4-TETRAHYDROQUINOLIN-7-YL]PYRIMIDINE-2,4-DIAMINE (DB08099)","0.9473","http://www.drugbank.ca/drugs/DB08099"
"23","(2S)-1-[4-({6-[(2,6-DIFLUOROPHENYL)AMINO]PYRIMIDIN-4-YL}AMINO)PHENOXY]-3-(DIMETHYLAMINO)PROPAN-2-OL (DB07751)","0.9462","http://www.drugbank.ca/drugs/DB07751"
"24","(2R)-1-[4-({6-[(2,6-DIFLUOROPHENYL)AMINO]PYRIMIDIN-4-YL}AMINO)PHENOXY]-3-(DIMETHYLAMINO)PROPAN-2-OL (DB07761)","0.9462","http://www.drugbank.ca/drugs/DB07761"
"25","CRA_10655 (DB02526)","0.9457","http://www.drugbank.ca/drugs/DB02526"
"26","(9S)-9-[(8-AMMONIOOCTYL)AMINO]-1,2,3,4,9,10-HEXAHYDROACRIDINIUM (DB04617)","0.9455","http://www.drugbank.ca/drugs/DB04617"
"27","6,7-DIMETHOXY-4-[(3R)-3-(QUINOXALIN-2-YLOXY)PYRROLIDIN-1-YL]QUINAZOLINE (DB08391)","0.9442","http://www.drugbank.ca/drugs/DB08391"
"28","(3R,4S)-1-[6-(6-METHOXYPYRIDIN-3-YL)PYRIMIDIN-4-YL]-4-(2,4,5-TRIFLUOROPHENYL)PYRROLIDIN-3-AMINE (DB08445)","0.9441","http://www.drugbank.ca/drugs/DB08445"
"29","(2R,4R)-N~1~-(4-CHLOROPHENYL)-N~2~-[2-FLUORO-4-(2-OXOPYRIDIN-1(2H)-YL)PHENYL]-4-METHOXYPYRROLIDINE-1,2-DICARBOXAMIDE (DB06920)","0.9433","http://www.drugbank.ca/drugs/DB06920"
"30","(3R,4S)-1-(3,4-DIMETHOXYPHENYL)-3-(3-METHYLPHENYL)PIPERIDIN-4-AMINE (DB07851)","0.9422","http://www.drugbank.ca/drugs/DB07851"
"31","6-FLUORO-2-[2-HYDROXY-3-(2-METHYL-CYCLOHEXYLOXY)-PHENYL]-1H-INDOLE-5-CARBOXAMIDINE (DB06856)","0.9421","http://www.drugbank.ca/drugs/DB06856"
"32","N-{(1s)-4-[Bis(2-Chloroethyl)Amino]-1-Methylbutyl}-N-(6-Chloro-2-Methoxy-9-Acridinyl)Amine (DB02240)","0.9413","http://www.drugbank.ca/drugs/DB02240"
"33","Bepridil (DB01244)","0.9412","http://www.drugbank.ca/drugs/DB01244"
"34","Bopindolol (DB08807)","0.9408","http://www.drugbank.ca/drugs/DB08807"
"35","CRA_10433 (DB03173)","0.9406","http://www.drugbank.ca/drugs/DB03173"
"36","3-FLUORO-5-MORPHOLIN-4-YL-N-[3-(2-PYRIDIN-4-YLETHYL)-1H-INDOL-5-YL]BENZAMIDE (DB08091)","0.9403","http://www.drugbank.ca/drugs/DB08091"
"37","3-[(1R)-1-(2,6-dichloro-3-fluorophenyl)ethoxy]-5-(1-piperidin-4-yl-1H-pyrazol-4-yl)pyridin-2-amine (DB08700)","0.9401","http://www.drugbank.ca/drugs/DB08700"
"38","3-FLUORO-5-MORPHOLIN-4-YL-N-[1-(2-PYRIDIN-4-YLETHYL)-1H-INDOL-6-YL]BENZAMIDE (DB08730)","0.9398","http://www.drugbank.ca/drugs/DB08730"
"39","1-cyclobutyl-3-(3,4-dimethoxyphenyl)-1H-pyrazolo[3,4-d]pyrimidin-4-amine (DB08053)","0.9398","http://www.drugbank.ca/drugs/DB08053"
"40","Iloperidone (DB04946)","0.9397","http://www.drugbank.ca/drugs/DB04946"
"41","S-{3-[(4-ANILINOQUINAZOLIN-6-YL)AMINO]-3-OXOPROPYL}-L-CYSTEINE (DB07602)","0.9394","http://www.drugbank.ca/drugs/DB07602"
"42","4-[4-(1-Amino-1-Methylethyl)Phenyl]-5-Chloro-N-[4-(2-Morpholin-4-Ylethyl)Phenyl]Pyrimidin-2-Amine (DB02491)","0.9393","http://www.drugbank.ca/drugs/DB02491"
"43","N-{2-[6-(2,4-DIAMINO-6-ETHYLPYRIMIDIN-5-YL)-2,2-DIMETHYL-3-OXO-2,3-DIHYDRO-4H-1,4-BENZOXAZIN-4-YL]ETHYL}ACETAMIDE (DB07059)","0.9390","http://www.drugbank.ca/drugs/DB07059"
"44","Ezetimibe (DB00973)","0.9389","http://www.drugbank.ca/drugs/DB00973"
"45","CRA_10991 (DB01771)","0.9386","http://www.drugbank.ca/drugs/DB01771"
"46","Etonitazene (DB01462)","0.9384","http://www.drugbank.ca/drugs/DB01462"
"47","[5-AMINO-1-(4-FLUOROPHENYL)-1H-PYRAZOL-4-YL][3-(PIPERIDIN-4-YLOXY)PHENYL]METHANONE (DB08423)","0.9383","http://www.drugbank.ca/drugs/DB08423"
"48","(3R,4R)-1-{6-[3-(METHYLSULFONYL)PHENYL]PYRIMIDIN-4-YL}-4-(2,4,5-TRIFLUOROPHENYL)PIPERIDIN-3-AMINE (DB08164)","0.9381","http://www.drugbank.ca/drugs/DB08164"
"49","Merimepodib (DB04862)","0.9372","http://www.drugbank.ca/drugs/DB04862"
"50","CRA_11092 (DB03555)","0.9371","http://www.drugbank.ca/drugs/DB03555"
"51","N-({4-[(2-aminopyridin-4-yl)oxy]-3-fluorophenyl}carbamoyl)-2-(4-fluorophenyl)acetamide (DB06995)","0.9368","http://www.drugbank.ca/drugs/DB06995"
"52","Amodiaquine (DB00613)","0.9362","http://www.drugbank.ca/drugs/DB00613"
"53","(2R)-1-[4-({4-[(2,5-DICHLOROPHENYL)AMINO]PYRIMIDIN-2-YL}AMINO)PHENOXY]-3-(DIMETHYLAMINO)PROPAN-2-OL (DB07750)","0.9359","http://www.drugbank.ca/drugs/DB07750"
"54","(2S)-1-[4-({4-[(2,5-DICHLOROPHENYL)AMINO]PYRIMIDIN-2-YL}AMINO)PHENOXY]-3-(DIMETHYLAMINO)PROPAN-2-OL (DB07755)","0.9359","http://www.drugbank.ca/drugs/DB07755"
"55","(2S)-2-ETHOXY-3-{4-[2-(10H-PHENOXAZIN-10-YL)ETHOXY]PHENYL}PROPANOIC ACID (DB07675)","0.9359","http://www.drugbank.ca/drugs/DB07675"
"56","CRA_10950 (DB03494)","0.9358","http://www.drugbank.ca/drugs/DB03494"
"57","6-FLUORO-2-(2-HYDROXY-3-ISOBUTOXY-PHENYL)-1H-BENZOIMIDAZOLE-5-CARBOXAMIDINE (DB06855)","0.9358","http://www.drugbank.ca/drugs/DB06855"
"58","5-Chloro-1h-Indole-2-Carboxylic Acid [1-(4-Fluorobenzyl)-2-(4-Hydroxypiperidin-1yl)-2-Oxoethyl]Amide (DB03383)","0.9346","http://www.drugbank.ca/drugs/DB03383"
"59","3-FLUORO-N-1H-INDOL-5-YL-5-MORPHOLIN-4-YLBENZAMIDE (DB08092)","0.9346","http://www.drugbank.ca/drugs/DB08092"
"60","2-{4-[5-(4-chlorophenyl)-4-pyrimidin-4-yl-1H-pyrazol-3-yl]piperidin-1-yl}-2-oxoethanol (DB07943)","0.9345","http://www.drugbank.ca/drugs/DB07943"
"61","N-(1-ISOPROPYLPIPERIDIN-4-YL)-1-(3-METHOXYBENZYL)-1H-INDOLE-2-CARBOXAMIDE (DB07973)","0.9343","http://www.drugbank.ca/drugs/DB07973"
"62","10-Propargyl-5,8-Dideazafolic Acid (DB03541)","0.9340","http://www.drugbank.ca/drugs/DB03541"
"63","Erlotinib (DB00530)","0.9340","http://www.drugbank.ca/drugs/DB00530"
"64","1-(3-HYDROXYPROPYL)-2-[(3-NITROBENZOYL)AMINO]-1H-BENZIMIDAZOL-5-YL PIVALATE (DB08590)","0.9335","http://www.drugbank.ca/drugs/DB08590"
"65","CRA_10656 (DB04470)","0.9333","http://www.drugbank.ca/drugs/DB04470"
"66","(2E)-N-{4-[(3-bromophenyl)amino]quinazolin-6-yl}-4-(dimethylamino)but-2-enamide (DB08564)","0.9331","http://www.drugbank.ca/drugs/DB08564"
"67","Encainide (DB01228)","0.9329","http://www.drugbank.ca/drugs/DB01228"
"68","N-cyclopropyl-4-methyl-3-{2-[(2-morpholin-4-ylethyl)amino]quinazolin-6-yl}benzamide (DB08351)","0.9329","http://www.drugbank.ca/drugs/DB08351"
"69","4-(2-HYDROXYBENZYLAMINO)-N-(3-(4-FLUOROPHENOXY)PHENYL)PIPERIDINE-1-SULFONAMIDE (DB04632)","0.9314","http://www.drugbank.ca/drugs/DB04632"
"70","5-[4-(DIMETHYLAMINO)PHENYL]-6-[(6-MORPHOLIN-4-YLPYRIDIN-3-YL)ETHYNYL]PYRIMIDIN-4-AMINE (DB07280)","0.9313","http://www.drugbank.ca/drugs/DB07280"
"71","2-({2-[(3R)-3-AMINOPIPERIDIN-1-YL]-4-OXOQUINAZOLIN-3(4H)-YL}METHYL)BENZONITRILE (DB08588)","0.9311","http://www.drugbank.ca/drugs/DB08588"
"72","Trimetrexate (DB01157)","0.9311","http://www.drugbank.ca/drugs/DB01157"
"73","(3R,4S)-1-{6-[3-(METHYLSULFONYL)PHENYL]PYRIMIDIN-4-YL}-4-(2,4,5-TRIFLUOROPHENYL)PYRROLIDIN-3-AMINE (DB07666)","0.9308","http://www.drugbank.ca/drugs/DB07666"
"74","Doxazosin (DB00590)","0.9307","http://www.drugbank.ca/drugs/DB00590"
"75","N~4~-methyl-N~4~-(3-methyl-1H-indazol-6-yl)-N~2~-(3,4,5-trimethoxyphenyl)pyrimidine-2,4-diamine (DB08042)","0.9303","http://www.drugbank.ca/drugs/DB08042"
"76","CRA_10972 (DB02989)","0.9302","http://www.drugbank.ca/drugs/DB02989"
"77","1-(2-CYCLOPROPYLETHYL)-3-(1,1-DIOXIDO-2H-1,2,4-BENZOTHIADIAZIN-3-YL)-6-FLUORO-4-HYDROXYQUINOLIN-2(1H)-ONE (DB08278)","0.9293","http://www.drugbank.ca/drugs/DB08278"
"78","(6R)-2-amino-6-[2-(3'-methoxybiphenyl-3-yl)ethyl]-3,6-dimethyl-5,6-dihydropyrimidin-4(3H)-one (DB07519)","0.9293","http://www.drugbank.ca/drugs/DB07519"
"79","Paroxetine (DB00715)","0.9291","http://www.drugbank.ca/drugs/DB00715"
"80","(3,3-dimethylpiperidin-1-yl)(6-(3-fluoro-4-methylphenyl)pyridin-2-yl)methanone (DB06992)","0.9291","http://www.drugbank.ca/drugs/DB06992"
"81","AZD2563 (DB04850)","0.9287","http://www.drugbank.ca/drugs/DB04850"
"82","(2R)-N-HYDROXY-2-[(3S)-3-METHYL-3-{4-[(2-METHYLQUINOLIN-4-YL)METHOXY]PHENYL}-2-OXOPYRROLIDIN-1-YL]PROPANAMIDE (DB07145)","0.9285","http://www.drugbank.ca/drugs/DB07145"
"83","(2R)-1-(DIMETHYLAMINO)-3-{4-[(6-{[2-FLUORO-5-(TRIFLUOROMETHYL)PHENYL]AMINO}PYRIMIDIN-4-YL)AMINO]PHENOXY}PROPAN-2-OL (DB07054)","0.9285","http://www.drugbank.ca/drugs/DB07054"
"84","1-{(1R,2S)-2-HYDROXY-1-[2-(2-NAPHTHYLOXY)ETHYL]PROPYL}-1H-IMIDAZONE-4-CARBOXAMIDE (DB07785)","0.9279","http://www.drugbank.ca/drugs/DB07785"
"85","1-(CYCLOHEXYLAMINO)-3-(6-METHYL-3,4-DIHYDRO-1H-CARBAZOL-9(2H)-YL)PROPAN-2-OL (DB07061)","0.9277","http://www.drugbank.ca/drugs/DB07061"
"86","2-Phenyl-1-[4-(2-Piperidin-1-Yl-Ethoxy)-Phenyl]-1,2,3,4-Tetrahydro-Isoquinolin-6-Ol (DB04471)","0.9276","http://www.drugbank.ca/drugs/DB04471"
"87","N'-(5-CHLORO-1,3-BENZODIOXOL-4-YL)-N-(3-MORPHOLIN-4-YLPHENYL)PYRIMIDINE-2,4-DIAMINE (DB07255)","0.9267","http://www.drugbank.ca/drugs/DB07255"
"88","3-CYCLOHEXYL-1-(2-MORPHOLIN-4-YL-2-OXOETHYL)-2-PHENYL-1H-INDOLE-6-CARBOXYLIC ACID (DB07570)","0.9267","http://www.drugbank.ca/drugs/DB07570"
"89","OPC-51803 (DB05838)","0.9267","http://www.drugbank.ca/drugs/DB05838"
"90","2-[1-(4-CHLOROBENZOYL)-5-METHOXY-2-METHYL-1H-INDOL-3-YL]-N-[(1R)-1-(HYDROXYMETHYL)PROPYL]ACETAMIDE (DB07981)","0.9265","http://www.drugbank.ca/drugs/DB07981"
"91","2-[1-(4-CHLOROBENZOYL)-5-METHOXY-2-METHYL-1H-INDOL-3-YL]-N-[(1S)-1-(HYDROXYMETHYL)PROPYL]ACETAMIDE (DB07984)","0.9265","http://www.drugbank.ca/drugs/DB07984"
"92","Vilazodone (DB06684)","0.9263","http://www.drugbank.ca/drugs/DB06684"
"93","Azelastine (DB00972)","0.9263","http://www.drugbank.ca/drugs/DB00972"
"94","R048-8071 (DB02016)","0.9262","http://www.drugbank.ca/drugs/DB02016"
"95","N-[5-(1,1-DIOXIDOISOTHIAZOLIDIN-2-YL)-1H-INDAZOL-3-YL]-2-(4-PIPERIDIN-1-YLPHENYL)ACETAMIDE (DB07220)","0.9258","http://www.drugbank.ca/drugs/DB07220"
"96","2,4-Diamino-6-[N-(3',5'-Dimethoxybenzyl)-N-Methylamino]Pyrido[2,3-D]Pyrimidine (DB03987)","0.9254","http://www.drugbank.ca/drugs/DB03987"
"97","N6-(2,5-Dimethoxy-Benzyl)-N6-Methyl-Pyrido[2,3-D]Pyrimidine-2,4,6-Triamine (DB02583)","0.9250","http://www.drugbank.ca/drugs/DB02583"
"98","6-[(Z)-AMINO(IMINO)METHYL]-N-[3-(CYCLOPENTYLOXY)PHENYL]-2-NAPHTHAMIDE (DB07076)","0.9249","http://www.drugbank.ca/drugs/DB07076"
"99","Aminacrine (DB02842)","0.9243","http://www.drugbank.ca/drugs/DB02842"
"100","Diltiazem (DB00343)","0.9240","http://www.drugbank.ca/drugs/DB00343"
"101","[4-(6-Chloro-Naphthalene-2-Sulfonyl)-Piperazin-1-Yl]-(3,4,5,6-Tetrahydro-2h-[1,4']Bipyridinyl-4-Yl)-Methanone (DB01836)","0.9239","http://www.drugbank.ca/drugs/DB01836"
"102","4-{[5-chloro-4-(1H-indol-3-yl)pyrimidin-2-yl]amino}-N-ethylpiperidine-1-carboxamide (DB08005)","0.9236","http://www.drugbank.ca/drugs/DB08005"
"103","Allyl-{6-[3-(4-Bromo-Phenyl)-Benzofuran-6-Yloxy]-Hexyl-}-Methyl-Amin (DB02339)","0.9235","http://www.drugbank.ca/drugs/DB02339"
"104","1-Acetyl-4-(4-{4-[(2-Ethoxyphenyl)Thio]-3-Nitrophenyl}Pyridin-2-Yl)Piperazine (DB02177)","0.9234","http://www.drugbank.ca/drugs/DB02177"
"105","Cinchocaine (DB00527)","0.9231","http://www.drugbank.ca/drugs/DB00527"
"106","Eletriptan (DB00216)","0.9227","http://www.drugbank.ca/drugs/DB00216"
"107","N-{3-[(4-{[3-(TRIFLUOROMETHYL)PHENYL]AMINO}PYRIMIDIN-2-YL)AMINO]PHENYL}CYCLOPROPANECARBOXAMIDE (DB07545)","0.9227","http://www.drugbank.ca/drugs/DB07545"
"108","Pagoclone (DB04903)","0.9225","http://www.drugbank.ca/drugs/DB04903"
"109","1-{2-[(4-CHLOROPHENYL)AMINO]-2-OXOETHYL}-N-(1-ISOPROPYLPIPERIDIN-4-YL)-1H-INDOLE-2-CARBOXAMIDE (DB07974)","0.9221","http://www.drugbank.ca/drugs/DB07974"
"110","4-chloro-6-{5-[(2-morpholin-4-ylethyl)amino]-1,2-benzisoxazol-3-yl}benzene-1,3-diol (DB07601)","0.9220","http://www.drugbank.ca/drugs/DB07601"
"111","1-(5-Carboxypentyl)-5-[(2,6-Dichlorobenzyl)Oxy]-1 H-Indole-2-Carboxylic Acid (DB02316)","0.9219","http://www.drugbank.ca/drugs/DB02316"
"112","(2e)-N-Allyl-4-{[3-(4-Bromophenyl)-5-Fluoro-1-Methyl-1h-Indazol-6-Yl]Oxy}-N-Methyl-2-Buten-1-Amine (DB02139)","0.9219","http://www.drugbank.ca/drugs/DB02139"
"113","Sertindole (DB06144)","0.9217","http://www.drugbank.ca/drugs/DB06144"
"114","4-(1-Benzyl-3-Carbamoylmethyl-2-Methyl-1h-Indol-5-Yloxy)-Butyric Acid (DB02936)","0.9216","http://www.drugbank.ca/drugs/DB02936"
"115","1-(2,6-Dichlorophenyl)-5-(2,4-Difluorophenyl)-7-Piperidin-4-Yl-3,4-Dihydroquinolin-2(1h)-One (DB01948)","0.9215","http://www.drugbank.ca/drugs/DB01948"
"116","1-ethyl-N-(phenylmethyl)-4-(tetrahydro-2H-pyran-4-ylamino)-1H-pyrazolo[3,4-b]pyridine-5-carboxamide (DB06909)","0.9215","http://www.drugbank.ca/drugs/DB06909"
"117","Valsartan (DB00177)","0.9213","http://www.drugbank.ca/drugs/DB00177"
"118","Cp403700, (S)-1-{2-[(5-Chloro-1h-Indole-2-Carbonyl)-Amino]-3-Phenyl-Propionyl}-Azetidine-3-Carboxylate (DB03744)","0.9213","http://www.drugbank.ca/drugs/DB03744"
"119","1-[1-(3-aminophenyl)-3-tert-butyl-1H-pyrazol-5-yl]-3-phenylurea (DB06883)","0.9213","http://www.drugbank.ca/drugs/DB06883"
"120","3-(1H-INDOL-3-YL)-4-(1-{2-[(2S)-1-METHYLPYRROLIDINYL]ETHYL}-1H-INDOL-3-YL)-1H-PYRROLE-2,5-DIONE (DB07456)","0.9212","http://www.drugbank.ca/drugs/DB07456"
"121","3-(1H-INDOL-3-YL)-4-{1-[2-(1-METHYLPYRROLIDIN-2-YL)ETHYL]-1H-INDOL-3-YL}-1H-PYRROLE-2,5-DIONE (DB07458)","0.9212","http://www.drugbank.ca/drugs/DB07458"
"122","2-{5-[3-(7-PROPYL-3-TRIFLUOROMETHYLBENZO[D]ISOXAZOL-6-YLOXY)PROPOXY]INDOL-1-YL}ETHANOIC ACID (DB07053)","0.9209","http://www.drugbank.ca/drugs/DB07053"
"123","5-(4-Morpholin-4-Yl-Phenylsulfanyl)-2,4-Quinazolinediamine (DB02001)","0.9206","http://www.drugbank.ca/drugs/DB02001"
"124","3-(2-AMINO-6-BENZOYLQUINAZOLIN-3(4H)-YL)-N-CYCLOHEXYL-N-METHYLPROPANAMIDE (DB08749)","0.9204","http://www.drugbank.ca/drugs/DB08749"
"125","(4R,2S)-5'-(4-(4-CHLOROBENZYLOXY)PYRROLIDIN-2-YLMETHANESULFONYL)ISOQUINOLINE (DB07583)","0.9201","http://www.drugbank.ca/drugs/DB07583"
"126","Ziprasidone (DB00246)","0.9195","http://www.drugbank.ca/drugs/DB00246"
"127","Temafloxacin (DB01405)","0.9194","http://www.drugbank.ca/drugs/DB01405"
"128","Clonitazene (DB01523)","0.9192","http://www.drugbank.ca/drugs/DB01523"
"129","2-Hydroxy-5-({1-[(2-Naphthyloxy)Methyl]-3-Oxoprop-1-Enyl}Amino)Tyrosine (DB02511)","0.9191","http://www.drugbank.ca/drugs/DB02511"
"130","2-({5-CHLORO-2-[(2-METHOXY-4-MORPHOLIN-4-YLPHENYL)AMINO]PYRIMIDIN-4-YL}AMINO)-N-METHYLBENZAMIDE (DB07460)","0.9188","http://www.drugbank.ca/drugs/DB07460"
"131","5-[(3S)-3-(2-methoxybiphenyl-4-yl)but-1-yn-1-yl]-6-methylpyrimidine-2,4-diamine (DB06847)","0.9187","http://www.drugbank.ca/drugs/DB06847"
"132","[1-(3-Hydroxy-2-Oxo-1-Phenethyl-Propylcarbamoyl)2-Phenyl-Ethyl]-Carbamic Acid Pyridin-4-Ylmethyl Ester (DB02128)","0.9184","http://www.drugbank.ca/drugs/DB02128"
"133","5-[(3R)-3-(5-methoxybiphenyl-3-yl)but-1-yn-1-yl]-6-methylpyrimidine-2,4-diamine (DB07140)","0.9177","http://www.drugbank.ca/drugs/DB07140"
"134","7-[3-(4-FLUORO-PHENYL)-1-ISOPROPYL-1H-INDOL-2-YL]-3,5-DIHYDROXY-HEPTANOIC ACID (DB06846)","0.9177","http://www.drugbank.ca/drugs/DB06846"
"135","5-[1-(3,4-Dimethoxy-Benzoyl)-1,2,3,4-Tetrahydro-Quinolin-6-Yl]-6-Methyl-3,6-Dihydro-[1,3,4]Thiadiazin-2-One (DB03944)","0.9175","http://www.drugbank.ca/drugs/DB03944"
"136","8-ethyl-3,10,10-trimethyl-4,5,6,8,10,12-hexahydropyrazolo[4',3':6,7]cyclohepta[1,2-b]pyrrolo[2,3-f]indol-9(1H)-one (DB07266)","0.9174","http://www.drugbank.ca/drugs/DB07266"
"137","4-({4-[(4-methoxypyridin-2-yl)amino]piperidin-1-yl}carbonyl)benzonitrile (DB07002)","0.9171","http://www.drugbank.ca/drugs/DB07002"
"138","4-(2-aminoethoxy)-N-(3-chloro-5-piperidin-1-ylphenyl)-3,5-dimethylbenzamide (DB08697)","0.9168","http://www.drugbank.ca/drugs/DB08697"
"139","1-CYCLOHEXYL-N-{[1-(4-METHYLPHENYL)-1H-INDOL-3-YL]METHYL}METHANAMINE (DB06833)","0.9166","http://www.drugbank.ca/drugs/DB06833"
"140","Phenserine (DB04892)","0.9166","http://www.drugbank.ca/drugs/DB04892"
"141","5-Bromo-N[2-(Dimethylamino)Ethyl]-9-Aminoacridine-4-Carboxamide (DB02390)","0.9160","http://www.drugbank.ca/drugs/DB02390"
"142","2,4-Diamino-6-[N-(3',4',5'-Trimethoxybenzyl)-N-Methylamino]Pyrido[2,3-D]Pyrimidine (DB02919)","0.9158","http://www.drugbank.ca/drugs/DB02919"
"143","Propericiazine (DB01608)","0.9158","http://www.drugbank.ca/drugs/DB01608"
"144","4-[(1S)-1-(3-fluoro-4-methoxyphenyl)-2-(2-methoxy-5-nitrophenyl)ethyl]-1H-imidazol-2-amine (DB07415)","0.9156","http://www.drugbank.ca/drugs/DB07415"
"145","3-[3-(2,3-Dihydroxy-Propylamino)-Phenyl]-4-(5-Fluoro-1-Methyl-1h-Indol-3-Yl)-Pyrrole-2,5-Dione (DB01772)","0.9149","http://www.drugbank.ca/drugs/DB01772"
"146","FAMOXADONE (DB07778)","0.9149","http://www.drugbank.ca/drugs/DB07778"
"147","Thioridazine (DB00679)","0.9147","http://www.drugbank.ca/drugs/DB00679"
"148","{4-[(2R)-pyrrolidin-2-ylmethoxy]phenyl}(4-thiophen-3-ylphenyl)methanone (DB07237)","0.9143","http://www.drugbank.ca/drugs/DB07237"
"149","Fluvastatin (DB01095)","0.9142","http://www.drugbank.ca/drugs/DB01095"
"150","3-(7-DIAMINOMETHYL-NAPHTHALEN-2-YL)-PROPIONIC ACID ETHYL ESTER (DB07639)","0.9138","http://www.drugbank.ca/drugs/DB07639"
"151","N-(3-TERT-BUTYL-1H-PYRAZOL-5-YL)-N'-{4-CHLORO-3-[(PYRIDIN-3-YLOXY)METHYL]PHENYL}UREA (DB08064)","0.9137","http://www.drugbank.ca/drugs/DB08064"
"152","6-(3-AMINOPHENYL)-N-(TERT-BUTYL)-2-(TRIFLUOROMETHYL)QUINAZOLIN-4-AMINE (DB07612)","0.9131","http://www.drugbank.ca/drugs/DB07612"
"153","Br-Coeleneterazine (DB02006)","0.9126","http://www.drugbank.ca/drugs/DB02006"
"154","Mesoridazine (DB00933)","0.9124","http://www.drugbank.ca/drugs/DB00933"
"155","4,4'[1,6-Hexanediylbis(Oxy)]Bisbenzenecarboximidamide (DB03808)","0.9124","http://www.drugbank.ca/drugs/DB03808"
"156","N-{2-[6-(2,4-DIAMINO-6-ETHYLPYRIMIDIN-5-YL)-2,2-DIMETHYL-3-OXO-2,3-DIHYDRO-4H-1,4-BENZOTHIAZIN-4-YL]ETHYL}ACETAMIDE (DB06899)","0.9122","http://www.drugbank.ca/drugs/DB06899"
"157","Regorafenib (DB08896)","0.9122","http://www.drugbank.ca/drugs/DB08896"
"158","Tadalafil (DB00820)","0.9120","http://www.drugbank.ca/drugs/DB00820"
"159","Dapoxetine (DB04884)","0.9120","http://www.drugbank.ca/drugs/DB04884"
"160","2,4-Diamino-5-Methyl-6-[(3,4,5-Trimethoxy-N-Methylanilino)Methyl]Pyrido[2,3-D]Pyrimidine (DB02104)","0.9120","http://www.drugbank.ca/drugs/DB02104"
"161","Trovafloxacin (DB00685)","0.9118","http://www.drugbank.ca/drugs/DB00685"
"162","1-(1'-{[3-(methylsulfanyl)-2-benzothiophen-1-yl]carbonyl}spiro[1-benzofuran-3,4'-piperidin]-5-yl)methanamine (DB06848)","0.9117","http://www.drugbank.ca/drugs/DB06848"
"163","FR233623 (DB03220)","0.9117","http://www.drugbank.ca/drugs/DB03220"
"164","Rbt205 Inhibitor (DB03777)","0.9116","http://www.drugbank.ca/drugs/DB03777"
"165","5-[(3R)-3-(5-methoxy-4'-methylbiphenyl-3-yl)but-1-yn-1-yl]-6-methylpyrimidine-2,4-diamine (DB07141)","0.9115","http://www.drugbank.ca/drugs/DB07141"
"166","6-(4-{(1S,2S)-2-AMINO-1-[(DIMETHYLAMINO)CARBONYL]-3-[(3S)-3-FLUOROPYRROLIDIN-1-YL]-3-OXOPROPYL}PHENYL)-1H-[1,2,4]TRIAZOLO[1,5-A]PYRIDIN-4-IUM (DB08504)","0.9114","http://www.drugbank.ca/drugs/DB08504"
"167","Sorafenib (DB00398)","0.9112","http://www.drugbank.ca/drugs/DB00398"
"168","Moricizine (DB00680)","0.9109","http://www.drugbank.ca/drugs/DB00680"
"169","CP-526423 (DB02089)","0.9108","http://www.drugbank.ca/drugs/DB02089"
"170","N~2~-1,3-BENZOXAZOL-2-YL-3-CYCLOHEXYL-N-{2-[(4-METHOXYPHENYL)AMINO]ETHYL}-L-ALANINAMIDE (DB07839)","0.9107","http://www.drugbank.ca/drugs/DB07839"
"171","Pitavastatin (DB08860)","0.9106","http://www.drugbank.ca/drugs/DB08860"
"172","4-(6-{[(4-METHYLCYCLOHEXYL)AMINO]METHYL}-1,4-DIHYDROINDENO[1,2-C]PYRAZOL-3-YL)BENZOIC ACID (DB07320)","0.9104","http://www.drugbank.ca/drugs/DB07320"
"173","(2R)-({4-[AMINO(IMINO)METHYL]PHENYL}AMINO){5-ETHOXY-2-FLUORO-3-[(3R)-TETRAHYDROFURAN-3-YLOXY]PHENYL}ACETICACID (DB04590)","0.9103","http://www.drugbank.ca/drugs/DB04590"
"174","Mirabegron  (DB08893)","0.9103","http://www.drugbank.ca/drugs/DB08893"
"175","[3-(1-Benzyl-3-Carbamoylmethyl-2-Methyl-1h-Indol-5-Yloxy)-Propyl-]-Phosphonic Acid (DB02504)","0.9097","http://www.drugbank.ca/drugs/DB02504"
"176","Topotecan (DB01030)","0.9096","http://www.drugbank.ca/drugs/DB01030"
"177","Irbesartan (DB01029)","0.9095","http://www.drugbank.ca/drugs/DB01029"
"178","Quetiapine (DB01224)","0.9093","http://www.drugbank.ca/drugs/DB01224"
"179","1-(2-Amidinophenyl)-3-(Phenoxyphenyl)Urea (DB03337)","0.9093","http://www.drugbank.ca/drugs/DB03337"
"180","[3,5-Dibromo-4-(4-Hydroxy-3-Phenethylcarbamoyl-Phenoxy)-Phenyl]-Acetic Acid (DB02106)","0.9090","http://www.drugbank.ca/drugs/DB02106"
"181","(1-Methyl-1h-Imidazol-2-Yl)-(3-Methyl-4-{3-[(Pyridin-3-Ylmethyl)-Amino]-Propoxy}-Benzofuran-2-Yl)-Methanone (DB03062)","0.9089","http://www.drugbank.ca/drugs/DB03062"
"182","3-[3-(4-methylpiperazin-1-yl)-7-(trifluoromethyl)quinoxalin-5-yl]phenol (DB07969)","0.9086","http://www.drugbank.ca/drugs/DB07969"
"183","I-Coeleneterazine (DB04146)","0.9084","http://www.drugbank.ca/drugs/DB04146"
"184","4-CHLORO-6-(4-{4-[4-(METHYLSULFONYL)BENZYL]PIPERAZIN-1-YL}-1H-PYRAZOL-5-YL)BENZENE-1,3-DIOL (DB06957)","0.9081","http://www.drugbank.ca/drugs/DB06957"
"185","Drotaverine (DB06751)","0.9077","http://www.drugbank.ca/drugs/DB06751"
"186","3-{6-[(8-HYDROXY-QUINOLINE-2-CARBONYL)-AMINO]-2-THIOPHEN-2-YL-HEXANOYLAMINO}-4-OXO-BUTYRI ACID (DB07916)","0.9074","http://www.drugbank.ca/drugs/DB07916"
"187","(10R)-10-Formyl-5,8,10-Trideazafolic Acid (DB04264)","0.9066","http://www.drugbank.ca/drugs/DB04264"
"188","131-I-TM-601 (DB05462)","0.9062","http://www.drugbank.ca/drugs/DB05462"
"189","Colchicine (DB01394)","0.9061","http://www.drugbank.ca/drugs/DB01394"
"190","5-(5-chloro-2,4-dihydroxyphenyl)-N-ethyl-4-[4-(morpholin-4-ylmethyl)phenyl]isoxazole-3-carboxamide (DB06961)","0.9056","http://www.drugbank.ca/drugs/DB06961"
"191","N-(cyclopropylmethyl)-2'-methyl-5'-(5-methyl-1,3,4-oxadiazol-2-yl)biphenyl-4-carboxamide (DB07834)","0.9053","http://www.drugbank.ca/drugs/DB07834"
"192","2-MERCAPTO-N-[1,2,3,10-TETRAMETHOXY-9-OXO-5,6,7,9-TETRAHYDRO-BENZO[A]HEPTALEN-7-YL]ACETAMIDE (DB07574)","0.9053","http://www.drugbank.ca/drugs/DB07574"
"193","Risperidone (DB00734)","0.9040","http://www.drugbank.ca/drugs/DB00734"
"194","Nefazodone (DB01149)","0.9036","http://www.drugbank.ca/drugs/DB01149"
"195","4-{2-[4-(2-Aminoethyl)Piperazin-1-Yl]Pyridin-4-Yl}-N-(3-Chloro-4-Methylphenyl)Pyrimidin-2-Amine (DB03916)","0.9036","http://www.drugbank.ca/drugs/DB03916"
"196","N-((1R,2S)-2-(5-CHLORO-1H-INDOLE-2-CARBOXAMIDO)CYCLOHEXYL)-5-METHYL-4,5,6,7-TETRAHYDROTHIAZOLO[5,4-C]PYRIDINE-2-CARBOXAMIDE (DB07629)","0.9034","http://www.drugbank.ca/drugs/DB07629"
"197","N-((1R,2R)-2-(5-CHLORO-1H-INDOLE-2-CARBOXAMIDO)CYCLOHEXYL)-5-METHYL-4,5,6,7-TETRAHYDROTHIAZOLO[5,4-C]PYRIDINE-2-CARBOXAMIDE (DB07630)","0.9034","http://www.drugbank.ca/drugs/DB07630"
"198","Afimoxifene (DB04468)","0.9026","http://www.drugbank.ca/drugs/DB04468"
"199","1-(2-Phenylethyl)-4-phenyl-4-acetoxypiperidine (DB01562)","0.9021","http://www.drugbank.ca/drugs/DB01562"
"200","5-[(3R)-3-(5-methoxy-3',5'-dimethylbiphenyl-3-yl)but-1-yn-1-yl]-6-methylpyrimidine-2,4-diamine (DB07142)","0.9019","http://www.drugbank.ca/drugs/DB07142"
"201","Mequitazine (DB01071)","0.9017","http://www.drugbank.ca/drugs/DB01071"
"202","Raltitrexed (DB00293)","0.9010","http://www.drugbank.ca/drugs/DB00293"
"203","3-[1-(3-AMINOPROPYL)-1H-INDOL-3-YL]-4-(1H-INDOL-3-YL)-1H-PYRROLE-2,5-DIONE (DB07457)","0.9009","http://www.drugbank.ca/drugs/DB07457"
"204","Papaverine (DB01113)","0.9008","http://www.drugbank.ca/drugs/DB01113"
"205","RPR128515 (DB04424)","0.8999","http://www.drugbank.ca/drugs/DB04424"
"206","(5E,7S)-2-amino-7-(4-fluoro-2-pyridin-3-ylphenyl)-4-methyl-7,8-dihydroquinazolin-5(6H)-one oxime (DB08197)","0.8997","http://www.drugbank.ca/drugs/DB08197"
"207","5-cyclopropyl-2-(4-fluorophenyl)-6-[(2-hydroxyethyl)(methylsulfonyl)amino]-N-methyl-1-benzofuran-3-carboxamide (DB07238)","0.8996","http://www.drugbank.ca/drugs/DB07238"
"208","Pipotiazine (DB01621)","0.8995","http://www.drugbank.ca/drugs/DB01621"
"209","N-[(Furan-2-Yl)Carbonyl]-(S)-Leucyl-(R)-[1-Amino-2(1h-Indol-3-Yl)Ethyl]-Phosphonic Acid (DB02046)","0.8995","http://www.drugbank.ca/drugs/DB02046"
"210","Beta-hydroxyfentanyl (DB01453)","0.8994","http://www.drugbank.ca/drugs/DB01453"
"211","Rimonabant (DB06155)","0.8994","http://www.drugbank.ca/drugs/DB06155"
"212","3-[(Acetyl-Methyl-Amino)-Methyl]-4-Amino-N-Methyl-N-(1-Methyl-1h-Indol-2-Ylmethyl)-Benzamide (DB03534)","0.8991","http://www.drugbank.ca/drugs/DB03534"
"213","Grepafloxacin (DB00365)","0.8989","http://www.drugbank.ca/drugs/DB00365"
"214","Methantheline (DB00940)","0.8986","http://www.drugbank.ca/drugs/DB00940"
"215","6-({5-fluoro-2-[(3,4,5-trimethoxyphenyl)amino]pyrimidin-4-yl}amino)-2,2-dimethyl-2H-pyrido[3,2-b][1,4]oxazin-3(4H)-one (DB07159)","0.8986","http://www.drugbank.ca/drugs/DB07159"
"216","Fentanyl (DB00813)","0.8985","http://www.drugbank.ca/drugs/DB00813"
"217","(3R,4S)-1-[(4-amino-5H-pyrrolo[3,2-d]pyrimidin-7-yl)methyl]-4-[(benzylsulfanyl)methyl]pyrrolidin-3-ol (DB07649)","0.8984","http://www.drugbank.ca/drugs/DB07649"
"218","(10S)-10-Formyl-5,8,10-Trideazafolic Acid (DB02540)","0.8978","http://www.drugbank.ca/drugs/DB02540"
"219","Amiodarone (DB01118)","0.8978","http://www.drugbank.ca/drugs/DB01118"
"220","(1S,5S,7R)-N~7~-(BIPHENYL-4-YLMETHYL)-N~3~-HYDROXY-6,8-DIOXA-3-AZABICYCLO[3.2.1]OCTANE-3,7-DICARBOXAMIDE (DB07026)","0.8973","http://www.drugbank.ca/drugs/DB07026"
"221","(2S)-1-{[5-(1H-INDAZOL-5-YL)PYRIDIN-3-YL]OXY}-3-[(7AS)-7AH-INDOL-3-YL]PROPAN-2-AMINE (DB06977)","0.8972","http://www.drugbank.ca/drugs/DB06977"
"222","3-{3-bromo-4-[(2,4-difluorobenzyl)oxy]-6-methyl-2-oxopyridin-1(2H)-yl}-N,4-dimethylbenzamide (DB07941)","0.8972","http://www.drugbank.ca/drugs/DB07941"
"223","1-(3-(2,4-DIMETHYLTHIAZOL-5-YL)-4-OXO-2,4-DIHYDROINDENO[1,2-C]PYRAZOL-5-YL)-3-(4-METHYLPIPERAZIN-1-YL)UREA (DB07622)","0.8971","http://www.drugbank.ca/drugs/DB07622"
"224","6-[N-(1-Isopropyl-1,2,3,4-Tetrahydro-7-Isoquinolinyl)Carbamyl]-2-Naphthalenecarboxamidine (DB02705)","0.8971","http://www.drugbank.ca/drugs/DB02705"
"225","Prazosin (DB00457)","0.8966","http://www.drugbank.ca/drugs/DB00457"
"226","METHYL (2Z)-2-(2-{[6-(2-CYANOPHENOXY)PYRIMIDIN-4-YL]OXY}PHENYL)-3-METHOXYACRYLATE (DB07401)","0.8965","http://www.drugbank.ca/drugs/DB07401"
"227","1S,3AS,8AS-TRIMETHYL-1-OXIDO-1,2,3,3A,8,8A-HEXAHYDROPYRROLO[2,3-B]INDOL-5-YL 2-ETHYLPHENYLCARBAMATE (DB07846)","0.8965","http://www.drugbank.ca/drugs/DB07846"
"228","3-[1-(3-Aminopropyl)-1h-Indol-3-Yl]-4-(1-Methyl-1h-Indol-3-Yl)-1h-Pyrrole-2,5-Dione (DB01946)","0.8964","http://www.drugbank.ca/drugs/DB01946"
"229","5-[(3R)-3-(5-methoxy-2',6'-dimethylbiphenyl-3-yl)but-1-yn-1-yl]-6-methylpyrimidine-2,4-diamine (DB07144)","0.8962","http://www.drugbank.ca/drugs/DB07144"
"230","ISOQUINOLINE-5-SULFONIC ACID (2-(2-(4-CHLOROBENZYLOXY)ETHYLAMINO)ETHYL)AMIDE (DB07947)","0.8961","http://www.drugbank.ca/drugs/DB07947"
"231","N-ETHYL-N-ISOPROPYL-3-METHYL-5-{[(2S)-2-(PYRIDIN-4-YLAMINO)PROPYL]OXY}BENZAMIDE (DB07279)","0.8958","http://www.drugbank.ca/drugs/DB07279"
"232","2-METHYL-2-(4-{[({4-METHYL-2-[4-(TRIFLUOROMETHYL)PHENYL]-1,3-THIAZOL-5-YL}CARBONYL)AMINO]METHYL}PHENOXY)PROPANOIC ACID (DB07215)","0.8957","http://www.drugbank.ca/drugs/DB07215"
"233","N-(2-AMINOETHYL)-N~2~-{(1S)-1-[4'-(AMINOSULFONYL)BIPHENYL-4-YL]-2,2,2-TRIFLUOROETHYL}-L-LEUCINAMIDE (DB08270)","0.8951","http://www.drugbank.ca/drugs/DB08270"
"234","Dextropropoxyphene (DB00647)","0.8948","http://www.drugbank.ca/drugs/DB00647"
"235","Furo[2,3d]Pyrimidine Antifolate (DB02026)","0.8946","http://www.drugbank.ca/drugs/DB02026"
"236","1-(5-BROMO-PYRIDIN-2-YL)-3-[2-(6-FLUORO-2-HYDROXY-3-PROPIONYL-PHENYL)-CYCLOPROPYL]-UREA (DB07451)","0.8945","http://www.drugbank.ca/drugs/DB07451"
"237","1-[1'-(3-phenylacryloyl)spiro[1-benzofuran-3,4'-piperidin]-5-yl]methanamine (DB06849)","0.8940","http://www.drugbank.ca/drugs/DB06849"
"238","Dextromoramide (DB01529)","0.8938","http://www.drugbank.ca/drugs/DB01529"
"239","6-[N-(4-Ethyl-1,2,3,4-Tetrahydro-6-Isoquinolinyl)Carbamyl]-2-Naphthalenecarboxamidine (DB02551)","0.8937","http://www.drugbank.ca/drugs/DB02551"
"240","Asimadoline (DB05104)","0.8936","http://www.drugbank.ca/drugs/DB05104"
"241","Etravirine (DB06414)","0.8936","http://www.drugbank.ca/drugs/DB06414"
"242","4-({6-AMINO-5-BROMO-2-[(4-CYANOPHENYL)AMINO]PYRIMIDIN-4-YL}OXY)-3,5-DIMETHYLBENZONITRILE (DB07191)","0.8936","http://www.drugbank.ca/drugs/DB07191"
"243","Cyclopropyl-{4-[5-(3,4-Dichlorophenyl)-2-[(1-Methyl)-Piperidin]-4-Yl-3-Propyl-3h-Imidazol-4-Yl]-Pyrimidin-2-Yl}Amine (DB03084)","0.8932","http://www.drugbank.ca/drugs/DB03084"
"244","Benzethidine (DB01518)","0.8929","http://www.drugbank.ca/drugs/DB01518"
"245","Tolvaptan (DB06212)","0.8928","http://www.drugbank.ca/drugs/DB06212"
"246","Anileridine (DB00913)","0.8928","http://www.drugbank.ca/drugs/DB00913"
"247","Beta-hydroxy-3-methylfentanyl (DB01570)","0.8928","http://www.drugbank.ca/drugs/DB01570"
"248","Pipazethate (DB08796)","0.8928","http://www.drugbank.ca/drugs/DB08796"
"249","4-(2-aminoethoxy)-N-(2,5-diethoxyphenyl)-3,5-dimethylbenzamide (DB07625)","0.8926","http://www.drugbank.ca/drugs/DB07625"
"250","6-[3-(4-Morpholinyl)Propyl]-2-(3-Nitrophenyl)-5-Thioxo-5,6,-Dihydro-7h-Thienol[2',3':4,5]Pyrrolo[1,2-C]Imidazol-7-One (DB03507)","0.8926","http://www.drugbank.ca/drugs/DB03507"
"251","Nicergoline (DB00699)","0.8924","http://www.drugbank.ca/drugs/DB00699"
"252","(2R)-4-(2-BENZOYL-1,2-DIAZEPAN-1-YL)-4-OXO-1-(2,4,5-TRIFLUOROPHENYL)BUTAN-2-AMINE (DB08051)","0.8922","http://www.drugbank.ca/drugs/DB08051"
"253","Aprindine (DB01429)","0.8921","http://www.drugbank.ca/drugs/DB01429"
"254","Delavirdine (DB00705)","0.8921","http://www.drugbank.ca/drugs/DB00705"
"255","4-(BENZHYDRYLOXY)-1-[3-(1H-TETRAAZOL-5-YL)PROPYL]PIPERIDINE (DB07917)","0.8920","http://www.drugbank.ca/drugs/DB07917"
"256","methyl (1R,2S)-2-(hydroxycarbamoyl)-1-{4-[(2-methylquinolin-4-yl)methoxy]benzyl}cyclopropanecarboxylate (DB07147)","0.8919","http://www.drugbank.ca/drugs/DB07147"
"257","3-Methylfentanyl (DB01571)","0.8917","http://www.drugbank.ca/drugs/DB01571"
"258","Allyl-{4-[3-(4-Bromo-Phenyl)-Benzofuran-6-Yloxy]-but-2-Enyl}-Methyl-Amine (DB03771)","0.8914","http://www.drugbank.ca/drugs/DB03771"
"259","Haloperidol (DB00502)","0.8913","http://www.drugbank.ca/drugs/DB00502"
"260","5-Chloro-thiophene-2-carboxylic acid ((3S,4S)-1-{[2-fluoro-4-(2-oxo-2H-pyridin-1-yl)-phenylcarbamoyl]-methyl}-4-hydroxy-pyrrolidin-3-yl)-amide (DB07875)","0.8913","http://www.drugbank.ca/drugs/DB07875"
"261","2-{[(6-OXO-1,6-DIHYDROPYRIDIN-3-YL)METHYL]AMINO}-N-[4-PROPYL-3-(TRIFLUOROMETHYL)PHENYL]BENZAMIDE (DB07831)","0.8911","http://www.drugbank.ca/drugs/DB07831"
"262","Acetyl-alpha-methylfentanyl (DB01532)","0.8910","http://www.drugbank.ca/drugs/DB01532"
"263","N-(P-CYANOPHENYL)-N'-DIPHENYLMETHYL-GUANIDINE-ACETIC ACID (DB07816)","0.8910","http://www.drugbank.ca/drugs/DB07816"
"264","(METHYLPYRIDAZINE PIPERIDINE ETHYLOXYPHENYL)ETHYLACETATE (DB08012)","0.8908","http://www.drugbank.ca/drugs/DB08012"
"265","SU4984 (DB02058)","0.8905","http://www.drugbank.ca/drugs/DB02058"
"266","N-cyclopropyl-2',6-dimethyl-4'-(5-methyl-1,3,4-oxadiazol-2-yl)biphenyl-3-carboxamide (DB07811)","0.8904","http://www.drugbank.ca/drugs/DB07811"
"267","4-(2-{[4-{[3-(4-Chlorophenyl)Propyl]Sulfanyl}-6-(1-Piperazinyl)-1,3,5-Triazin-2-Yl]Amino}Ethyl)Phenol (DB04020)","0.8904","http://www.drugbank.ca/drugs/DB04020"
"268","Carfentanil (DB01535)","0.8903","http://www.drugbank.ca/drugs/DB01535"
"269","Mitoxantrone (DB01204)","0.8902","http://www.drugbank.ca/drugs/DB01204"
"270","N-[amino(imino)methyl]-2-[2-(2-chlorophenyl)-4-(4-propoxyphenyl)-3-thienyl]acetamide (DB07089)","0.8902","http://www.drugbank.ca/drugs/DB07089"
"271","ZK-805623 (DB04432)","0.8900","http://www.drugbank.ca/drugs/DB04432"
"272","Butenafine (DB01091)","0.8898","http://www.drugbank.ca/drugs/DB01091"
"273","5-chloro-N-[(3R)-1-(2-{[2-fluoro-4-(2-oxopyridin-1(2H)-yl)phenyl]amino}-2-oxoethyl)pyrrolidin-3-yl]thiophene-2-carboxamide (DB07872)","0.8898","http://www.drugbank.ca/drugs/DB07872"
"274","Piboserod (DB04873)","0.8895","http://www.drugbank.ca/drugs/DB04873"
"275","6-[N-(1-Isopropyl-3,4-Dihydro-7-Isoquinolinyl)Carbamyl]-2-Naphthalenecarboxamidine (DB02473)","0.8891","http://www.drugbank.ca/drugs/DB02473"
"276","Benzatropine (DB00245)","0.8890","http://www.drugbank.ca/drugs/DB00245"
"277","5-CHLORO-N-((1R,2S)-2-(4-(2-OXOPYRIDIN-1(2H)-YL)BENZAMIDO) CYCLOPENTYL)THIOPHENE-2-CARBOXAMIDE (DB08174)","0.8888","http://www.drugbank.ca/drugs/DB08174"
"278","N~3~-cyclopropyl-N~4~'-(cyclopropylmethyl)-6-methylbiphenyl-3,4'-dicarboxamide (DB07835)","0.8888","http://www.drugbank.ca/drugs/DB07835"
"279","6-(2,5-Dimethoxy-Benzyl)-5-Methyl-Pyrido[2,3-D]Pyrimidine-2,4-Diamine (DB03695)","0.8885","http://www.drugbank.ca/drugs/DB03695"
"280","(1-Tert-Butyl-5-Hydroxy-1h-Pyrazol-4-Yl)-(6-Methanesulfonyl-4'-Methoxy-2-Methyl-Biphenyl-3-Yl)-Methanone (DB02850)","0.8882","http://www.drugbank.ca/drugs/DB02850"
"281","1-[4-(4-chlorobenzyl)-1-(7H-pyrrolo[2,3-d]pyrimidin-4-yl)piperidin-4-yl]methanamine (DB08149)","0.8875","http://www.drugbank.ca/drugs/DB08149"
"282","2-(4-(AMINOMETHYL)PIPERIDIN-1-YL)-N-(3_CYCLOHEXYL-4-OXO-2,4-DIHYDROINDENO[1,2-C]PYRAZOL-5-YL)ACETAMIDE (DB07618)","0.8875","http://www.drugbank.ca/drugs/DB07618"
"283","Trimethobenzamide (DB00662)","0.8874","http://www.drugbank.ca/drugs/DB00662"
"284","GLYCYLALANYL-N-2-NAPHTHYL-L-PROLINEAMIDE (DB07813)","0.8874","http://www.drugbank.ca/drugs/DB07813"
"285","5-CHLORO-THIOPHENE-2-CARBOXYLIC ACID ((3S,4S)-4-FLUORO- 1-{[2-FLUORO-4-(2-OXO-2H-PYRIDIN-1-YL)-PHENYLCARBAMOYL]-METHYL}-PYRROLIDIN-3-YL)-AMIDE (DB08143)","0.8868","http://www.drugbank.ca/drugs/DB08143"
"286","Alpha-methylfentanyl (DB01557)","0.8868","http://www.drugbank.ca/drugs/DB01557"
"287","(5-(aminomethyl)-2H-spiro[benzofuran-3,4'-piperidine]-1'-yl)(5-(phenylethynyl)furan-2-yl)methanone (DB06962)","0.8865","http://www.drugbank.ca/drugs/DB06962"
"288","4-[[(1E)-2-(4-CHLOROPHENYL)ETHENYL]SULFONYL]-1-[[1-(4-PYRIDINYL)-4-PIPERIDINYL]METHYL]PIPERAZINONE (DB08745)","0.8864","http://www.drugbank.ca/drugs/DB08745"
"289","[4-(3-AMINOMETHYL-PHENYL)-PIPERIDIN-1-YL]-(5-PHENETHYL- PYRIDIN-3-YL)-METHANONE (DB04764)","0.8862","http://www.drugbank.ca/drugs/DB04764"
"290","Clemastine (DB00283)","0.8862","http://www.drugbank.ca/drugs/DB00283"
"291","Mepenzolate (DB04843)","0.8860","http://www.drugbank.ca/drugs/DB04843"
"292","SC45647 (DB04778)","0.8860","http://www.drugbank.ca/drugs/DB04778"
"293","Quinine (DB00468)","0.8855","http://www.drugbank.ca/drugs/DB00468"
"294","Quinidine (DB00908)","0.8855","http://www.drugbank.ca/drugs/DB00908"
"295","(6-[4-(AMINOMETHYL)-2,6-DIMETHYLPHENOXY]-2-{[4-(AMINOMETHYL)PHENYL]AMINO}-5-BROMOPYRIMIDIN-4-YL)METHANOL (DB06874)","0.8852","http://www.drugbank.ca/drugs/DB06874"
"296","Ivacaftor (DB08820)","0.8848","http://www.drugbank.ca/drugs/DB08820"
"297","D-phenylalanyl-N-(3-fluorobenzyl)-L-prolinamide (DB07027)","0.8848","http://www.drugbank.ca/drugs/DB07027"
"298","1-[(3S)-5-PHENYL-3-THIOPHEN-2-YL-3H-1,4-BENZODIAZEPIN-2-YL]AZETIDIN-3-OL (DB08698)","0.8847","http://www.drugbank.ca/drugs/DB08698"
"299","[2-(1-Amino-2-Hydroxy-Propyl)-4-(4-Fluoro-1h-Indol-3-Ylmethyl)-5-Hydroxy-Imidazol-1-Yl]-Acetic Acid (DB01674)","0.8844","http://www.drugbank.ca/drugs/DB01674"
"300","N-({(3R,4R)-4-[(benzyloxy)methyl]pyrrolidin-3-yl}methyl)-N-(2-methylpropyl)benzenesulfonamide (DB07505)","0.8842","http://www.drugbank.ca/drugs/DB07505"
"301","N'-(5-CHLORO-1,3-BENZODIOXOL-4-YL)-N-(3,4,5- TRIMETHOXYPHENYL)PYRIMIDINE-2,4-DIAMINE (DB07250)","0.8840","http://www.drugbank.ca/drugs/DB07250"
"302","TC-5619 (DB06090)","0.8840","http://www.drugbank.ca/drugs/DB06090"
"303","(S)-2-CHLORO-N-(1-(2-(2-HYDROXYETHYLAMINO)-2-OXOETHYL)-2-OXO-1,2,3,4-TETRAHYDROQUINOLIN-3-YL)-6H-THIENO[2,3-B]PYRROLE-5-CARBOXAMIDE (DB07792)","0.8839","http://www.drugbank.ca/drugs/DB07792"
"304","2-(3-CHLORO-6-{[2,2-DIFLUORO-2-(1-OXIDOPYRIDIN-2-YL)ETHYL]AMINO}-1-OXIDOPYRIDIN-2-YL)-N-[1-(3-CHLOROPHENYL)ETHYL]ACETAMIDE (DB04722)","0.8838","http://www.drugbank.ca/drugs/DB04722"
"305","Diphenidol (DB01231)","0.8836","http://www.drugbank.ca/drugs/DB01231"
"306","Bepotastine (DB04890)","0.8836","http://www.drugbank.ca/drugs/DB04890"
"307","N-({(2S)-1-[(3R)-3-AMINO-4-(2-FLUOROPHENYL)BUTANOYL]PYRROLIDIN-2-YL}METHYL)BENZAMIDE (DB07779)","0.8835","http://www.drugbank.ca/drugs/DB07779"
"308","Zuclopenthixol acetate (DB08919)","0.8833","http://www.drugbank.ca/drugs/DB08919"
"309","(5S)-5-(3-AMINOPROPYL)-3-(2,5-DIFLUOROPHENYL)-N-ETHYL-5-PHENYL-4,5-DIHYDRO-1H-PYRAZOLE-1-CARBOXAMIDE (DB08250)","0.8830","http://www.drugbank.ca/drugs/DB08250"
"310","N'-(3-CHLORO-4-METHOXY-PHENYL)-N-(3,4,5-TRIMETHOXYPHENYL)-1,3,5-TRIAZINE-2,4-DIAMINE (DB07251)","0.8830","http://www.drugbank.ca/drugs/DB07251"
"311","Domperidone (DB01184)","0.8830","http://www.drugbank.ca/drugs/DB01184"
"312","Flibanserin (DB04908)","0.8827","http://www.drugbank.ca/drugs/DB04908"
"313","2-[({4-[2-(trifluoromethyl)phenyl]piperidin-1-yl}carbonyl)amino]benzoic acid (DB06985)","0.8826","http://www.drugbank.ca/drugs/DB06985"
"314","D-phenylalanyl-N-benzyl-L-prolinamide (DB07143)","0.8818","http://www.drugbank.ca/drugs/DB07143"
"315","Flunarizine (DB04841)","0.8814","http://www.drugbank.ca/drugs/DB04841"
"316","(2R)-1-[(4-tert-butylphenyl)sulfonyl]-2-methyl-4-(4-nitrophenyl)piperazine (DB07049)","0.8812","http://www.drugbank.ca/drugs/DB07049"
"317","Prochlorperazine (DB00433)","0.8811","http://www.drugbank.ca/drugs/DB00433"
"318","Lobeline (DB05137)","0.8805","http://www.drugbank.ca/drugs/DB05137"
"319","Sri-9662 (DB03060)","0.8804","http://www.drugbank.ca/drugs/DB03060"
"320","(S)-2-[(R)-3-amino-4-(2-fluorophenyl)butyryl]-1,2,3,4-tetrahydroisoquinoline-3-carboxamide (DB04578)","0.8800","http://www.drugbank.ca/drugs/DB04578"
"321","2-[({2-[(1Z)-3-(DIMETHYLAMINO)PROP-1-ENYL]-4-FLUOROPHENYL}SULFONYL)AMINO]-5,6,7,8-TETRAHYDRONAPHTHALENE-1-CARBOXYLIC ACID (DB07323)","0.8799","http://www.drugbank.ca/drugs/DB07323"
"322","Thiethylperazine (DB00372)","0.8798","http://www.drugbank.ca/drugs/DB00372"
"323","D-phenylalanyl-N-(3-chlorobenzyl)-L-prolinamide (DB06919)","0.8792","http://www.drugbank.ca/drugs/DB06919"
"324","(1S)-1-CYCLOPROPYL-2-[(2S)-4-(2,5-DIFLUOROPHENYL)-2-PHENYL-2,5-DIHYDRO-1H-PYRROL-1-YL]-2-OXOETHANAMINE (DB08244)","0.8790","http://www.drugbank.ca/drugs/DB08244"
"325","Indacaterol (DB05039)","0.8789","http://www.drugbank.ca/drugs/DB05039"
"326","Sildenafil (DB00203)","0.8781","http://www.drugbank.ca/drugs/DB00203"
"327","Zuclopenthixol (DB01624)","0.8776","http://www.drugbank.ca/drugs/DB01624"
"328","6-CARBAMIMIDOYL-2-[2-HYDROXY-5-(3-METHOXY-PHENYL)-INDAN-1-YL]-HEXANOIC ACID (DB06866)","0.8771","http://www.drugbank.ca/drugs/DB06866"
"329","4-(4-METHYLPIPERAZIN-1-YL)-N-[5-(2-THIENYLACETYL)-1,5-DIHYDROPYRROLO[3,4-C]PYRAZOL-3-YL]BENZAMIDE (DB07186)","0.8770","http://www.drugbank.ca/drugs/DB07186"
"330","Acetophenazine (DB01063)","0.8769","http://www.drugbank.ca/drugs/DB01063"
"331","Darifenacin (DB00496)","0.8765","http://www.drugbank.ca/drugs/DB00496"
"332","Azimilide (DB04957)","0.8764","http://www.drugbank.ca/drugs/DB04957"
"333","Cinacalcet (DB01012)","0.8763","http://www.drugbank.ca/drugs/DB01012"
"334","8-bromo-4-(2-chlorophenyl)-N-(2-hydroxyethyl)-6-methyl-1,3-dioxo-1,2,3,6-tetrahydropyrrolo[3,4-e]indole-7-carboxamide (DB08365)","0.8759","http://www.drugbank.ca/drugs/DB08365"
"335","Perphenazine (DB00850)","0.8754","http://www.drugbank.ca/drugs/DB00850"
"336","6-CARBAMIMIDOYL-4-(3-HYDROXY-2-METHYL-BENZOYLAMINO)-NAPHTHALENE-2-CARBOXYLIC ACID METHYL ESTER (DB07074)","0.8752","http://www.drugbank.ca/drugs/DB07074"
"337","Dapiprazole (DB00298)","0.8752","http://www.drugbank.ca/drugs/DB00298"
"338","(METHYLPYRIDAZINE PIPERIDINE PROPYLOXYPHENYL)ETHYLACETATE (DB08013)","0.8752","http://www.drugbank.ca/drugs/DB08013"
"339","Tolterodine (DB01036)","0.8751","http://www.drugbank.ca/drugs/DB01036"
"340","Flurazepam (DB00690)","0.8745","http://www.drugbank.ca/drugs/DB00690"
"341","Darusentan (DB04883)","0.8744","http://www.drugbank.ca/drugs/DB04883"
"342","Propantheline (DB00782)","0.8738","http://www.drugbank.ca/drugs/DB00782"
"343","RB106 (DB02669)","0.8736","http://www.drugbank.ca/drugs/DB02669"
"344","N-{(3S,4S)-4-[(6-AMINO-4-METHYLPYRIDIN-2-YL)METHYL]PYRROLIDIN-3-YL}-N'-(4-CHLOROBENZYL)ETHANE-1,2-DIAMINE (DB08018)","0.8730","http://www.drugbank.ca/drugs/DB08018"
"345","N-{(3R,4S)-4-[(6-amino-4-methylpyridin-2-yl)methyl]pyrrolidin-3-yl}-N'-(3-chlorobenzyl)ethane-1,2-diamine (DB08019)","0.8730","http://www.drugbank.ca/drugs/DB08019"
"346","5-(4-PHENOXYPHENYL)-5-(4-PYRIMIDIN-2-YLPIPERAZIN-1-YL)PYRIMIDINE-2,4,6(2H,3H)-TRIONE (DB07117)","0.8728","http://www.drugbank.ca/drugs/DB07117"
"347","4-((3r,4s,5r)-4-Amino-3,5-Dihydroxy-Hex-1-Ynyl)-5-Fluoro-3-[1-(3-Methoxy-1h-Pyrrol-2-Yl)-Meth-(Z)-Ylidene]-1,3-Dihydro-Indol-2-One (DB03737)","0.8727","http://www.drugbank.ca/drugs/DB03737"
"348","Clidinium (DB00771)","0.8725","http://www.drugbank.ca/drugs/DB00771"
"349","(2s)-2-[(2,4-Dichloro-Benzoyl)-(3-Trifluoromethyl-Benzyl)-Amino]-3-Phenyl-Propionic Acid (DB03605)","0.8718","http://www.drugbank.ca/drugs/DB03605"
"350","1-[3-({[(4-AMINO-5-FLUORO-2-METHYLQUINOLIN-3-YL)METHYL]THIO}METHYL)PHENYL]-2,2,2-TRIFLUOROETHANE-1,1-DIOL (DB07756)","0.8710","http://www.drugbank.ca/drugs/DB07756"
"351","1-[4-(AMINOMETHYL)BENZOYL]-5'-FLUORO-1'H-SPIRO[PIPERIDINE-4,2'-QUINAZOLIN]-4'-AMINE (DB08750)","0.8710","http://www.drugbank.ca/drugs/DB08750"
"352","1-[2-HYDROXY-3-(4-CYCLOHEXYL-PHENOXY)-PROPYL]-4-(2-PYRIDYL)-PIPERAZINE (DB08543)","0.8707","http://www.drugbank.ca/drugs/DB08543"
"353","6-CARBAMIMIDOYL-2-[2-HYDROXY-6-(4-HYDROXY-PHENYL)-INDAN-1-YL]-HEXANOIC ACID (DB06865)","0.8706","http://www.drugbank.ca/drugs/DB06865"
"354","GW 501516 (DB05416)","0.8704","http://www.drugbank.ca/drugs/DB05416"
"355","N-(4-carbamimidoylbenzyl)-1-(3-phenylpropanoyl)-L-prolinamide (DB06942)","0.8704","http://www.drugbank.ca/drugs/DB06942"
"356","5-[(2-methyl-5-{[3-(trifluoromethyl)phenyl]carbamoyl}phenyl)amino]pyridine-3-carboxamide (DB07970)","0.8701","http://www.drugbank.ca/drugs/DB07970"
"357","N-(5-CHLORO-BENZO[B]THIOPHEN-3-YLMETHYL)-2-[6-CHLORO-OXO-3-(2-PYRIDIN-2-YL-ETHYLAMINO)-2H-PYRAZIN-1-YL]-ACETAMIDE (DB07165)","0.8701","http://www.drugbank.ca/drugs/DB07165"
"358","Trazodone (DB00656)","0.8699","http://www.drugbank.ca/drugs/DB00656"
"359","Dioxaphetyl butyrate (DB01475)","0.8698","http://www.drugbank.ca/drugs/DB01475"
"360","Buclizine (DB00354)","0.8697","http://www.drugbank.ca/drugs/DB00354"
"361","Amperozide (DB08927)","0.8695","http://www.drugbank.ca/drugs/DB08927"
"362","Thiothixene (DB01623)","0.8695","http://www.drugbank.ca/drugs/DB01623"
"363","D-phenylalanyl-N-(3-methylbenzyl)-L-prolinamide (DB07133)","0.8689","http://www.drugbank.ca/drugs/DB07133"
"364","(4R,5R)-5-AMINO-1-[2-(1,3-BENZODIOXOL-5-YL)ETHYL]-4-(2,4,5-TRIFLUOROPHENYL)PIPERIDIN-2-ONE (DB07830)","0.8679","http://www.drugbank.ca/drugs/DB07830"
"365","Meclizine (DB00737)","0.8668","http://www.drugbank.ca/drugs/DB00737"
"366","Trifluoperazine (DB00831)","0.8648","http://www.drugbank.ca/drugs/DB00831"
"367","1-{7-cyclohexyl-6-[4-(4-methylpiperazin-1-yl)benzyl]-7H-pyrrolo[2,3-d]pyrimidin-2-yl}methanamine (DB07563)","0.8641","http://www.drugbank.ca/drugs/DB07563"
"368","2-{2-[(3,5-dimethylphenyl)amino]pyrimidin-4-yl}-N-[(1S)-2-hydroxy-1-methylethyl]-4-methyl-1,3-thiazole-5-carboxamide (DB07194)","0.8641","http://www.drugbank.ca/drugs/DB07194"
"369","(2S)-4-(2,5-DIFLUOROPHENYL)-N-METHYL-2-PHENYL-N-PIPERIDIN-4-YL-2,5-DIHYDRO-1H-PYRROLE-1-CARBOXAMIDE (DB08239)","0.8632","http://www.drugbank.ca/drugs/DB08239"
"370","N-cyclohexyl-3-[3-(trifluoromethyl)phenyl][1,2,4]triazolo[4,3-b]pyridazin-6-amine (DB08708)","0.8627","http://www.drugbank.ca/drugs/DB08708"
"371","N-{2,2-DIFLUORO-2-[(2R)-PIPERIDIN-2-YL]ETHYL}-2-[2-(1H-1,2,4-TRIAZOL-1-YL)BENZYL][1,3]OXAZOLO[4,5-C]PYRIDIN-4-AMINE (DB04591)","0.8622","http://www.drugbank.ca/drugs/DB04591"
"372","Thioproperazine (DB01622)","0.8617","http://www.drugbank.ca/drugs/DB01622"
"373","4-({[4-(3-METHYLBENZOYL)PYRIDIN-2-YL]AMINO}METHYL)BENZENECARBOXIMIDAMIDE (DB07809)","0.8613","http://www.drugbank.ca/drugs/DB07809"
"374","[{2-bromo-4-[(2R)-3-oxo-2,3-diphenylpropyl]phenyl}(difluoro)methyl]phosphonic acid (DB07263)","0.8610","http://www.drugbank.ca/drugs/DB07263"
"375","D-phenylalanyl-N-{4-[amino(iminio)methyl]benzyl}-L-prolinamide (DB07005)","0.8610","http://www.drugbank.ca/drugs/DB07005"
"376","Citalopram (DB00215)","0.8601","http://www.drugbank.ca/drugs/DB00215"
"377","Escitalopram (DB01175)","0.8601","http://www.drugbank.ca/drugs/DB01175"
"378","Fluphenazine (DB00623)","0.8594","http://www.drugbank.ca/drugs/DB00623"
"379","[PHENYLALANINYL-PROLINYL]-[2-(PYRIDIN-4-YLAMINO)-ETHYL]-AMINE (DB08422)","0.8594","http://www.drugbank.ca/drugs/DB08422"
"380","2-(6-CHLORO-3-{[2,2-DIFLUORO-2-(1-OXIDO-2-PYRIDINYL)ETHYL]AMINO}-2-OXO-1(2H)-PYRAZINYL)-N-[(2-FLUOROPHENYL)METHYL]ACETAMIDE (DB07550)","0.8590","http://www.drugbank.ca/drugs/DB07550"
"381","Levomethadyl Acetate (DB01227)","0.8587","http://www.drugbank.ca/drugs/DB01227"
"382","Methadyl Acetate (DB01433)","0.8587","http://www.drugbank.ca/drugs/DB01433"
"383","Betacetylmethadol (DB01522)","0.8587","http://www.drugbank.ca/drugs/DB01522"
"384","Alphacetylmethadol (DB01555)","0.8587","http://www.drugbank.ca/drugs/DB01555"
"385","(METHYLPYRIDAZINE PIPERIDINE BUTYLOXYPHENYL)ETHYLACETATE (DB08014)","0.8585","http://www.drugbank.ca/drugs/DB08014"
"386","beta-phenyl-D-phenylalanyl-N-propyl-L-prolinamide (DB07083)","0.8579","http://www.drugbank.ca/drugs/DB07083"
"387","N-(2-METHOXYETHYL)-4-({4-[2-METHYL-1-(1-METHYLETHYL)-1H-IMIDAZOL-5-YL]PYRIMIDIN-2-YL}AMINO)BENZENESULFONAMIDE (DB07790)","0.8579","http://www.drugbank.ca/drugs/DB07790"
"388","4-[(2-{4-[(CYCLOPROPYLCARBAMOYL)AMINO]-1H-PYRAZOL-3-YL}-1H-BENZIMIDAZOL-6-YL)METHYL]MORPHOLIN-4-IUM (DB08067)","0.8574","http://www.drugbank.ca/drugs/DB08067"
"389","Avanafil (DB06237)","0.8562","http://www.drugbank.ca/drugs/DB06237"
"390","Canagliflozin (DB08907)","0.8560","http://www.drugbank.ca/drugs/DB08907"
"391","Loratadine (DB00455)","0.8559","http://www.drugbank.ca/drugs/DB00455"
"392","Difenoxin (DB01501)","0.8557","http://www.drugbank.ca/drugs/DB01501"
"393","Tofisopam (DB08811)","0.8547","http://www.drugbank.ca/drugs/DB08811"
"394","N-(4-{[(3S)-3-(dimethylamino)pyrrolidin-1-yl]carbonyl}phenyl)-5-fluoro-4-[2-methyl-1-(1-methylethyl)-1H-imidazol-5-yl]pyrimidin-2-amine (DB07936)","0.8547","http://www.drugbank.ca/drugs/DB07936"
"395","Hydroxyzine (DB00557)","0.8546","http://www.drugbank.ca/drugs/DB00557"
"396","Pirenzepine (DB00670)","0.8540","http://www.drugbank.ca/drugs/DB00670"
"397","N1-(1-Dimethylcarbamoyl-2-Phenyl-Ethyl)-2-Oxo-N4-(2-Pyridin-2-Yl-Ethyl)-Succinamide (DB02140)","0.8535","http://www.drugbank.ca/drugs/DB02140"
"398","Cetirizine (DB00341)","0.8535","http://www.drugbank.ca/drugs/DB00341"
"399","Carphenazine (DB01038)","0.8525","http://www.drugbank.ca/drugs/DB01038"
"400","5-(3,5-DICHLOROPHENYL)THIO-4-ISOPROPYL-1-(PYRIDIN-4-YL-METHYL)-1H-IMIDAZOL-2-YL-METHYL CARBAMATE (DB08502)","0.8512","http://www.drugbank.ca/drugs/DB08502"
"401","Vardenafil (DB00862)","0.8497","http://www.drugbank.ca/drugs/DB00862"
"402","9-Butyl-8-(2,5-Dimethoxy-Benzyl)-9h-Purin-6-Ylamine (DB02359)","0.8492","http://www.drugbank.ca/drugs/DB02359"
"403","PYRIMIDINE-4,6-DICARBOXYLIC ACID BIS-(4-FLUORO-3-METHYL-BENZYLAMIDE) (DB04760)","0.8488","http://www.drugbank.ca/drugs/DB04760"
"404","PYRIMIDINE-4,6-DICARBOXYLIC ACID BIS-(3-METHYL-BENZYLAMIDE) (DB04759)","0.8484","http://www.drugbank.ca/drugs/DB04759"
"405","Methylergometrine (DB00353)","0.8473","http://www.drugbank.ca/drugs/DB00353"
"406","Trimethaphan (DB01116)","0.8471","http://www.drugbank.ca/drugs/DB01116"
"407","8-BENZO[1,3]DIOXOL-,5-YLMETHYL-9-BUTYL-9H- (DB08436)","0.8471","http://www.drugbank.ca/drugs/DB08436"
"408","Purvalanol A (DB04751)","0.8470","http://www.drugbank.ca/drugs/DB04751"
"409","2-{4-[4-({4-[2-methyl-1-(1-methylethyl)-1H-imidazol-5-yl]pyrimidin-2-yl}amino)phenyl]piperazin-1-yl}-2-oxoethanol (DB07982)","0.8461","http://www.drugbank.ca/drugs/DB07982"
"410","9-Butyl-8-(2,5-Dimethoxy-Benzyl)-2-Fluoro-9h-Purin-6-Ylamine (DB04054)","0.8459","http://www.drugbank.ca/drugs/DB04054"
"411","OLOMOUCINE II (DB04662)","0.8447","http://www.drugbank.ca/drugs/DB04662"
"412","6-CYCLOHEXYLMETHYLOXY-2-(4'-HYDROXYANILINO)PURINE (DB08233)","0.8445","http://www.drugbank.ca/drugs/DB08233"
"413","Methysergide (DB00247)","0.8441","http://www.drugbank.ca/drugs/DB00247"
"414","8-(2,5-Dimethoxy-Benzyl)-2-Fluoro-9-Pent-9h-Purin-6-Ylamine (DB03137)","0.8440","http://www.drugbank.ca/drugs/DB03137"
"415","N'-(6-aminopyridin-3-yl)-N-(2-cyclopentylethyl)-4-methyl-benzene-1,3-dicarboxamide (DB07537)","0.8437","http://www.drugbank.ca/drugs/DB07537"
"416","8-Benzo[1,3]Dioxol-,5-Ylmethyl-9-Butyl-2-Fluoro-9h-Purin-6-Ylamine (DB04254)","0.8437","http://www.drugbank.ca/drugs/DB04254"
"417","Doxapram (DB00561)","0.8435","http://www.drugbank.ca/drugs/DB00561"
"418","N~6~-cyclohexyl-N~2~-(4-morpholin-4-ylphenyl)-9H-purine-2,6-diamine (DB07340)","0.8428","http://www.drugbank.ca/drugs/DB07340"
"419","O6-(R)-ROSCOVITINE, R-2-(6-BENZYLOXY-9-ISOPROPYL-9H-PURIN-2-YLAMINO)-BUTAN-1-OL (DB04770)","0.8424","http://www.drugbank.ca/drugs/DB04770"
"420","Amineptine (DB04836)","0.8422","http://www.drugbank.ca/drugs/DB04836"
"421","(2S)-2-({6-[(3-AMINO-5-CHLOROPHENYL)AMINO]-9-ISOPROPYL-9H-PURIN-2-YL}AMINO)-3-METHYLBUTAN-1-OL (DB07379)","0.8421","http://www.drugbank.ca/drugs/DB07379"
"422","METHYL 1-(4-{[(2,4-DIAMINOPTERIDIN-6-YL)METHYL]AMINO}BENZOYL)PIPERIDINE-4-CARBOXYLATE (DB07689)","0.8407","http://www.drugbank.ca/drugs/DB07689"
"423","Pleconaril (DB05105)","0.8403","http://www.drugbank.ca/drugs/DB05105"
"424","2,5-bis-o-{3-[amino(imino)methyl]phenyl}-1,4:3,6-dianhydro-d-glucitol (DB04790)","0.8388","http://www.drugbank.ca/drugs/DB04790"
"425","2-O-(4'-AMIDINOPHENYL)-5-O-(3''-AMIDINOPHENYL)-1,4:3,6-DIANHYDRO-D-SORBITOL (DB04791)","0.8388","http://www.drugbank.ca/drugs/DB04791"
"426","2,5-O,O-BIS-{4',4''-AMIDINOPHENYL}-1,4:3,6-DIANHYDRO-D-SORBITOL (DB04792)","0.8388","http://www.drugbank.ca/drugs/DB04792"
"427","2-O-(3'-AMIDINOPHENYL)-5-O-(4''-AMIDINOPHENYL}-1,4:3,6-DIANHYDRO-D-SORBITOL (DB04793)","0.8388","http://www.drugbank.ca/drugs/DB04793"
"428","ONO-6818 (DB03925)","0.8384","http://www.drugbank.ca/drugs/DB03925"
"429","2-ANILINO-6-CYCLOHEXYLMETHOXYPURINE (DB06948)","0.8381","http://www.drugbank.ca/drugs/DB06948"
"430","N-butyl-3-{[6-(9H-purin-6-ylamino)hexanoyl]amino}benzamide (DB07801)","0.8380","http://www.drugbank.ca/drugs/DB07801"
"431","(4R)-N-[4-({[2-(DIMETHYLAMINO)ETHYL]AMINO}CARBONYL)-1,3-THIAZOL-2-YL]-4-METHYL-1-OXO-2,3,4,9-TETRAHYDRO-1H-BETA-CARBOLINE-6-CARBOXAMIDE (DB07406)","0.8375","http://www.drugbank.ca/drugs/DB07406"
"432","Purvalanol (DB02733)","0.8370","http://www.drugbank.ca/drugs/DB02733"
"433","9-Butyl-8-(3,4,5-Trimethoxybenzyl)-9h-Purin-6-Amine (DB02754)","0.8367","http://www.drugbank.ca/drugs/DB02754"
"434","Isopropamide (DB01625)","0.8362","http://www.drugbank.ca/drugs/DB01625"
"435","Lisuride (DB00589)","0.8356","http://www.drugbank.ca/drugs/DB00589"
"436","4-[5-(Trans-4-Aminocyclohexylamino)-3-Isopropylpyrazolo[1,5-a]Pyrimidin-7-Ylamino]-N,N-Dimethylbenzenesulfonamide (DB01888)","0.8354","http://www.drugbank.ca/drugs/DB01888"
"437","METHYL 1-(4-{[(2,4-DIAMINOPTERIDIN-6-YL)METHYL](METHYL)AMINO}BENZOYL)PIPERIDINE-4-CARBOXYLATE (DB07765)","0.8353","http://www.drugbank.ca/drugs/DB07765"
"438","SR11254 (DB02258)","0.8350","http://www.drugbank.ca/drugs/DB02258"
"439","BMS184394 (DB03466)","0.8350","http://www.drugbank.ca/drugs/DB03466"
"440","Paliperidone (DB01267)","0.8349","http://www.drugbank.ca/drugs/DB01267"
"441","Disopyramide (DB00280)","0.8346","http://www.drugbank.ca/drugs/DB00280"
"442","PUROMYCIN (DB08437)","0.8346","http://www.drugbank.ca/drugs/DB08437"
"443","6-CYCLOHEXYLMETHOXY-2-(3'-CHLOROANILINO) PURINE (DB07203)","0.8346","http://www.drugbank.ca/drugs/DB07203"
"444","N6-METHYL-(R)-ROSCOVITINE, R-2-[6-(BENZYL-METHYL-AMINO)-9-ISOPROPYL-9H-PURIN-2-YLAMINO]-BUTAN-1-OL (DB04776)","0.8345","http://www.drugbank.ca/drugs/DB04776"
"445","N-ethyl-4-{[5-(methoxycarbamoyl)-2-methylphenyl]amino}-5-methylpyrrolo[2,1-f][1,2,4]triazine-6-carboxamide (DB06940)","0.8343","http://www.drugbank.ca/drugs/DB06940"
"446","(3-EXO)-3-(10,11-DIHYDRO-5H-DIBENZO[A,D][7]ANNULEN-5-YLOXY)-8,8-DIMETHYL-8-AZONIABICYCLO[3.2.1]OCTANE (DB07494)","0.8334","http://www.drugbank.ca/drugs/DB07494"
"447","(4R)-4-(3-HYDROXYPHENYL)-N,N,7,8-TETRAMETHYL-3,4-DIHYDROISOQUINOLINE-2(1H)-CARBOXAMIDE (DB07064)","0.8324","http://www.drugbank.ca/drugs/DB07064"
"448","6-methyl-5-[3-methyl-3-(3,4,5-trimethoxyphenyl)but-1-yn-1-yl]pyrimidine-2,4-diamine (DB07153)","0.8320","http://www.drugbank.ca/drugs/DB07153"
"449","9-Butyl-8-(2-Chloro-3,4,5-Trimethoxy-Benzyl)-9h-Purin-6-Ylamine (DB03504)","0.8320","http://www.drugbank.ca/drugs/DB03504"
"450","[4-({4-[(5-CYCLOPROPYL-1H-PYRAZOL-3-YL)AMINO]QUINAZOLIN-2-YL}IMINO)CYCLOHEXA-2,5-DIEN-1-YL]ACETONITRILE (DB07853)","0.8318","http://www.drugbank.ca/drugs/DB07853"
"451","Methotrexate (DB00563)","0.8318","http://www.drugbank.ca/drugs/DB00563"
"452","N-[2-(1,3-BENZODIOXOL-5-YL)ETHYL]-1-[2-(1H-IMIDAZOL-1-YL)-6-METHYLPYRIMIDIN-4-YL]-D-PROLINAMIDE (DB06916)","0.8313","http://www.drugbank.ca/drugs/DB06916"
"453","N-[4-(1-BENZOYLPIPERIDIN-4-YL)BUTYL]-3-PYRIDIN-3-YLPROPANAMIDE (DB07656)","0.8307","http://www.drugbank.ca/drugs/DB07656"
"454","8-(2-Chloro-3,4,5-Trimethoxy-Benzyl)-9-Pent-4-Ylnyl-9h-Purin-6-Ylamine (DB04505)","0.8306","http://www.drugbank.ca/drugs/DB04505"
"455","4-(6-CYCLOHEXYLMETHOXY-9H-PURIN-2-YLAMINO)--BENZAMIDE (DB08241)","0.8304","http://www.drugbank.ca/drugs/DB08241"
"456","5-[[(2R)-2-cyclopropyl-7,8-dimethoxy-2H-chromen-5-yl]methyl]pyrimidine-2,4-diamine (DB08741)","0.8288","http://www.drugbank.ca/drugs/DB08741"
"457","8-(2-Chloro-3,4,5-Trimethoxy-Benzyl)-2-Fluoro-9-Pent-4-Ylnyl-9h-Purin-6-Ylamine (DB02550)","0.8279","http://www.drugbank.ca/drugs/DB02550"
"458","2-butoxy-9-(2,6-difluorobenzyl)-N-(2-morpholin-4-ylethyl)-9H-purin-6-amine (DB07937)","0.8276","http://www.drugbank.ca/drugs/DB07937"
"459","(2R)-2-{[4-(benzylamino)-8-(1-methylethyl)pyrazolo[1,5-a][1,3,5]triazin-2-yl]amino}butan-1-ol (DB08285)","0.8252","http://www.drugbank.ca/drugs/DB08285"
"460","(1S,2S,5S)2-(4-GLUTARIDYLBENZYL)-5-PHENYL-1-CYCLOHEXANOL (DB07909)","0.8242","http://www.drugbank.ca/drugs/DB07909"
"461","Sufentanil (DB00708)","0.8229","http://www.drugbank.ca/drugs/DB00708"
"462","3-Methylthiofentanyl (DB01439)","0.8212","http://www.drugbank.ca/drugs/DB01439"
"463","Dipipanone (DB01491)","0.8209","http://www.drugbank.ca/drugs/DB01491"
"464","CF-101 (DB05511)","0.8180","http://www.drugbank.ca/drugs/DB05511"
"465","Alpha-methylthiofentanyl (DB01470)","0.8152","http://www.drugbank.ca/drugs/DB01470"
"466","(3ASR,4RS,8ASR,8BRS)-4-(2-(4-FLUOROBENZYL)-1,3-DIOXODEACAHYDROPYRROLO[3,4-A] PYRROLIZIN-4-YL)BENZAMIDINE (DB07796)","0.8151","http://www.drugbank.ca/drugs/DB07796"
"467","3-({2-[(4-{[6-(CYCLOHEXYLMETHOXY)-9H-PURIN-2-YL]AMINO}PHENYL)SULFONYL]ETHYL}AMINO)PROPAN-1-OL (DB08309)","0.8149","http://www.drugbank.ca/drugs/DB08309"
"468","5-(7-(5-HYDRO-4-METHYL-2-OXAZOLYL)PHENOXY)HEPTYL)-3-METHYL ISOXAZOLE (DB08727)","0.8081","http://www.drugbank.ca/drugs/DB08727"
"469","Eprosartan (DB00876)","0.8045","http://www.drugbank.ca/drugs/DB00876"
"470","5-[[(2R)-2-cyclopropyl-7,8-dimethoxy-chroman-5-yl]methyl]pyrimidine-2,4-diamine (DB07938)","0.8039","http://www.drugbank.ca/drugs/DB07938"
"471","(4aS)-5-[(2,4-diaminopteridin-6-yl)methyl]-4a,5-dihydro-2H-dibenzo[b,f]azepin-8-ol (DB08448)","0.8039","http://www.drugbank.ca/drugs/DB08448"
"472","4-[(3AS,4R,7R,8AS,8BR)-2-(1,3-BENZODIOXOL-5-YLMETHYL)-7-HYDROXY-1,3-DIOXODECAHYDROPYRROLO[3,4-A]PYRROLIZIN-4-YL]BENZENECARBOXIMIDAMIDE (DB08546)","0.8034","http://www.drugbank.ca/drugs/DB08546"
"473","Tamibarotene (DB04942)","0.8024","http://www.drugbank.ca/drugs/DB04942"
"474","1-Allyl-3-Butyl-8-(N-Acetyl-4-Aminobenzyl)-Xanthine (DB03267)","0.8023","http://www.drugbank.ca/drugs/DB03267"
"475","2-[4-(2H-1,4-BENZOTHIAZINE-3-YL)-PIPERAZINE-1-LY]-1,3-THIAZOLE-4-CARBOXYLIC ACID ETHYLESTER (DB08540)","0.8015","http://www.drugbank.ca/drugs/DB08540"
"476","9-CYCLOPENTYL-6-[2-(3-IMIDAZOL-1-YL-PROPOXY)-PHENYLAMINO]-9H-PURINE-2-CARBONITRILE (DB07967)","0.8009","http://www.drugbank.ca/drugs/DB07967"
"477","Sunitinib (DB01268)","0.7959","http://www.drugbank.ca/drugs/DB01268"
"478","Raltegravir (DB06817)","0.7951","http://www.drugbank.ca/drugs/DB06817"
"479","N-(TERT-BUTYL)-3,5-DIMETHYL-N'-[(5-METHYL-2,3-DIHYDRO-1,4-BENZODIOXIN-6-YL)CARBONYL]BENZOHYDRAZIDE (DB07929)","0.7946","http://www.drugbank.ca/drugs/DB07929"
"480","Dasatinib (DB01254)","0.7941","http://www.drugbank.ca/drugs/DB01254"
"481","5-(7-(5-HYDRO-4-ETHYL-2-OXAZOLYL)PHENOXY)HEPTYL)-3-METHYL ISOXAZOLE (DB08725)","0.7936","http://www.drugbank.ca/drugs/DB08725"
"482","Pralatrexate (DB06813)","0.7925","http://www.drugbank.ca/drugs/DB06813"
"483","R-3-FLUORO-4-[2-HYDROXY-2-(5,5,8,8-TETRAMETHYL-5,6,7,8,-TETRAHYDRO-NAPHTALEN-2-YL)-ACETYLAMINO]-BENZOIC ACID (DB07031)","0.7917","http://www.drugbank.ca/drugs/DB07031"
"484","3-FLUORO-4-[2-HYDROXY-2-(5,5,8,8-TETRAMETHYL-5,6,7,8,-TETRAHYDRO-NAPHTALEN-2-YL)-ACETYLAMINO]-BENZOIC ACID (DB07294)","0.7917","http://www.drugbank.ca/drugs/DB07294"
"485","5-[(E)-(5-CHLORO-2-OXO-1,2-DIHYDRO-3H-INDOL-3-YLIDENE)METHYL]-N-[2-(DIETHYLAMINO)ETHYL]-2,4-DIMETHYL-1H-PYRROLE-3-CARBOXAMIDE (DB08009)","0.7896","http://www.drugbank.ca/drugs/DB08009"
"486","2-({8-[(3R)-3-AMINOPIPERIDIN-1-YL]-1,3-DIMETHYL-2,6-DIOXO-1,2,3,6-TETRAHYDRO-7H-PURIN-7-YL}METHYL)BENZONITRILE (DB08743)","0.7841","http://www.drugbank.ca/drugs/DB08743"
"487","(2R,3R,4S,5R)-2-[6-amino-8-[(3,4-dichlorophenyl)methylamino]purin-9-yl]-5-(hydroxymethyl)oxolane-3,4-diol (DB07045)","0.7834","http://www.drugbank.ca/drugs/DB07045"
"488","Bis-Benzamidine (DB02081)","0.7769","http://www.drugbank.ca/drugs/DB02081"
"489","2-(6-CHLORO-3-{[2,2-DIFLUORO-2-(2-PYRIDINYL)ETHYL]AMINO}-2-OXO-1(2H)-PYRAZINYL)-N-[(2-FLUORO-6-PYRIDINYL)METHYL]ACETAMIDE (DB07548)","0.7685","http://www.drugbank.ca/drugs/DB07548"
"490","2-[Trans-(4-Aminocyclohexyl)Amino]-6-(Benzyl-Amino)-9-Cyclopentylpurine (DB04288)","0.7640","http://www.drugbank.ca/drugs/DB04288"
"491","2-(6-CHLORO-3-{[2,2-DIFLUORO-2-(2-PYRIDINYL)ETHYL]AMINO}-2-OXO-1(2H)-PYRAZINYL)-N-[(2-FLUORO-3-METHYL-6-PYRIDINYL)METHYL]ACETAMIDE (DB07549)","0.7569","http://www.drugbank.ca/drugs/DB07549"
"492","N-[(1S)-1-{1-[(1R,3E)-1-ACETYLPENT-3-EN-1-YL]-1H-1,2,3-TRIAZOL-4-YL}-1,2-DIMETHYLPROPYL]BENZAMIDE (DB07878)","0.7561","http://www.drugbank.ca/drugs/DB07878"
"493","Oxyphencyclimine (DB00383)","0.7544","http://www.drugbank.ca/drugs/DB00383"
"494","2-{4-[(4-imidazo[1,2-a]pyridin-3-ylpyrimidin-2-yl)amino]piperidin-1-yl}-N-methylacetamide (DB08026)","0.7440","http://www.drugbank.ca/drugs/DB08026"
"495","Cilostazol (DB01166)","0.7422","http://www.drugbank.ca/drugs/DB01166"
"496","(1S,6R)-3-{[3-(TRIFLUOROMETHYL)-5,6-DIHYDRO[1,2,4]TRIAZOLO[4,3-A]PYRAZIN-7(8H)-YL]CARBONYL}-6-(2,4,5-TRIFLUOROPHENYL)CYCLOHEX-3-EN-1-AMINE (DB08044)","0.7365","http://www.drugbank.ca/drugs/DB08044"
"497","(1S,2R,5S)-5-[3-(TRIFLUOROMETHYL)-5,6-DIHYDRO[1,2,4]TRIAZOLO[4,3-A]PYRAZIN-7(8H)-YL]-2-(2,4,5-TRIFLUOROPHENYL)CYCLOHEXANAMINE (DB07072)","0.7307","http://www.drugbank.ca/drugs/DB07072"
"498","7-amino-2-tert-butyl-4-(4-pyrimidin-2-ylpiperazin-1-yl)pyrido[2,3-d]pyrimidine-6-carboxamide (DB07043)","0.7293","http://www.drugbank.ca/drugs/DB07043"
"499","6-[1-(3,5,5,8,8-Pentamethyl-5,6,7,8-Tetrahydronaphthalen-2-Yl)Cyclopropyl]Pyridine-3-Carboxylic Acid (DB01941)","0.6242","http://www.drugbank.ca/drugs/DB01941"
"500","KW-3902 (DB05360)","0.4084","http://www.drugbank.ca/drugs/DB05360"
