"","DrugBank Compound (Name, ID)","Similarity to ","Link"
"1","1-[2-(S)-AMINO-3-BIPHENYL-4-YL-PROPIONYL]-PYRROLIDINE-2-(S)-CARBONITRILE (DB08024)","0.9762","http://www.drugbank.ca/drugs/DB08024"
"2","2-(2-{2-[(BIPHENYL-4-YLMETHYL)-AMINO]-3-MERCAPTO-PENTANOYLAMINO}-ACETYLAMINO)-3-METHYL-BUTYRIC ACID METHYL ESTER (DB08643)","0.9713","http://www.drugbank.ca/drugs/DB08643"
"3","(2s,3r)-3-Amino-2-Hydroxy-5-(Ethylsulfanyl)Pentanoyl-((S)-(-)-(1-Naphthyl)Ethyl)Amide (DB04108)","0.9702","http://www.drugbank.ca/drugs/DB04108"
"4","N-[4-({[5-(DIMETHYLAMINO)-1-NAPHTHYL]SULFONYL}AMINO)BUTYL]-3-SULFANYLPROPANAMIDE (DB07526)","0.9701","http://www.drugbank.ca/drugs/DB07526"
"5","4-[(7R,7AS)-7-HYDROXY-1,3-DIOXOTETRAHYDRO-1H-PYRROLO[1,2-C]IMIDAZOL-2(3H)-YL]-1-NAPHTHONITRILE (DB08087)","0.9689","http://www.drugbank.ca/drugs/DB08087"
"6","6-[N-(1-Isopropyl-1,2,3,4-Tetrahydro-7-Isoquinolinyl)Carbamyl]-2-Naphthalenecarboxamidine (DB02705)","0.9641","http://www.drugbank.ca/drugs/DB02705"
"7","(6S)-2-amino-6-(3'-methoxybiphenyl-3-yl)-3,6-dimethyl-5,6-dihydropyrimidin-4(3H)-one (DB07874)","0.9626","http://www.drugbank.ca/drugs/DB07874"
"8","6-[N-(4-Ethyl-1,2,3,4-Tetrahydro-6-Isoquinolinyl)Carbamyl]-2-Naphthalenecarboxamidine (DB02551)","0.9622","http://www.drugbank.ca/drugs/DB02551"
"9","1-Menaphthyl Glutathione Conjugate (DB03885)","0.9621","http://www.drugbank.ca/drugs/DB03885"
"10","(6R)-2-amino-6-[2-(3'-methoxybiphenyl-3-yl)ethyl]-3,6-dimethyl-5,6-dihydropyrimidin-4(3H)-one (DB07519)","0.9619","http://www.drugbank.ca/drugs/DB07519"
"11","Quinacrine (DB01103)","0.9619","http://www.drugbank.ca/drugs/DB01103"
"12","2-[2-(4-CHLORO-PHENYLSULFANYL)-ACETYLAMINO]-3-(4-GUANIDINO-PHENYL)-PROPIONAMIDE (DB07105)","0.9615","http://www.drugbank.ca/drugs/DB07105"
"13","Dansyllysine (DB04676)","0.9607","http://www.drugbank.ca/drugs/DB04676"
"14","(2Z)-N-biphenyl-4-yl-2-cyano-3-cyclopropyl-3-hydroxyprop-2-enamide (DB08169)","0.9598","http://www.drugbank.ca/drugs/DB08169"
"15","N-[3-[(1-Aminoethyl)(Hydroxy)Phosphoryl]-2-(1,1'-Biphenyl-4-Ylmethyl)Propanoyl]Alanine (DB02062)","0.9595","http://www.drugbank.ca/drugs/DB02062"
"16","6-[(Z)-AMINO(IMINO)METHYL]-N-[3-(CYCLOPENTYLOXY)PHENYL]-2-NAPHTHAMIDE (DB07076)","0.9592","http://www.drugbank.ca/drugs/DB07076"
"17","GLYCYLALANYL-N-2-NAPHTHYL-L-PROLINEAMIDE (DB07813)","0.9583","http://www.drugbank.ca/drugs/DB07813"
"18","(2Z)-2-cyano-N-(3'-ethoxybiphenyl-4-yl)-3-hydroxybut-2-enamide (DB07561)","0.9582","http://www.drugbank.ca/drugs/DB07561"
"19","Azelastine (DB00972)","0.9537","http://www.drugbank.ca/drugs/DB00972"
"20","6-[N-(1-Isopropyl-3,4-Dihydro-7-Isoquinolinyl)Carbamyl]-2-Naphthalenecarboxamidine (DB02473)","0.9533","http://www.drugbank.ca/drugs/DB02473"
"21","4-(4-STYRYL-PHENYLCARBAMOYL)-BUTYRIC ACID (DB08562)","0.9529","http://www.drugbank.ca/drugs/DB08562"
"22","N-(2-AMINOETHYL)-N~2~-{(1S)-1-[4'-(AMINOSULFONYL)BIPHENYL-4-YL]-2,2,2-TRIFLUOROETHYL}-L-LEUCINAMIDE (DB08270)","0.9524","http://www.drugbank.ca/drugs/DB08270"
"23","N-(TRANS-4'-NITRO-4-STILBENYL)-N-METHYL-5-AMINO-PENTANOIC ACID (DB08635)","0.9523","http://www.drugbank.ca/drugs/DB08635"
"24","Diampromide (DB01502)","0.9516","http://www.drugbank.ca/drugs/DB01502"
"25","(2S)-2-amino-5-oxo-5-[(4-phenylmethoxyphenyl)amino]pentanoic acid (DB07102)","0.9514","http://www.drugbank.ca/drugs/DB07102"
"26","(1S,5S,7R)-N~7~-(BIPHENYL-4-YLMETHYL)-N~3~-HYDROXY-6,8-DIOXA-3-AZABICYCLO[3.2.1]OCTANE-3,7-DICARBOXAMIDE (DB07026)","0.9500","http://www.drugbank.ca/drugs/DB07026"
"27","3-FLUORO-N-1H-INDOL-5-YL-5-MORPHOLIN-4-YLBENZAMIDE (DB08092)","0.9495","http://www.drugbank.ca/drugs/DB08092"
"28","Nafcillin (DB00607)","0.9493","http://www.drugbank.ca/drugs/DB00607"
"29","Indirubin-3'-Monoxime (DB02052)","0.9489","http://www.drugbank.ca/drugs/DB02052"
"30","5-Chloro-1h-Indole-2-Carboxylic Acid [1-(4-Fluorobenzyl)-2-(4-Hydroxypiperidin-1yl)-2-Oxoethyl]Amide (DB03383)","0.9487","http://www.drugbank.ca/drugs/DB03383"
"31","3-HYDROXYPROPYL 3-[({7-[AMINO(IMINO)METHYL]-1-NAPHTHYL}AMINO)CARBONYL]BENZENESULFONATE (DB07022)","0.9482","http://www.drugbank.ca/drugs/DB07022"
"32","Cp403700, (S)-1-{2-[(5-Chloro-1h-Indole-2-Carbonyl)-Amino]-3-Phenyl-Propionyl}-Azetidine-3-Carboxylate (DB03744)","0.9478","http://www.drugbank.ca/drugs/DB03744"
"33","(3r)-3-{[(Benzyloxy)Carbonyl]Amino}-2-Oxo-4-Phenylbutane-1-Diazonium (DB02766)","0.9470","http://www.drugbank.ca/drugs/DB02766"
"34","3-[3-(2,3-Dihydroxy-Propylamino)-Phenyl]-4-(5-Fluoro-1-Methyl-1h-Indol-3-Yl)-Pyrrole-2,5-Dione (DB01772)","0.9466","http://www.drugbank.ca/drugs/DB01772"
"35","(4R,2S)-5'-(4-(4-CHLOROBENZYLOXY)PYRROLIDIN-2-YLMETHANESULFONYL)ISOQUINOLINE (DB07583)","0.9464","http://www.drugbank.ca/drugs/DB07583"
"36","Sulfinpyrazone (DB01138)","0.9463","http://www.drugbank.ca/drugs/DB01138"
"37","(3e)-6'-Bromo-2,3'-Biindole-2',3(1h,1'h)-Dione 3-Oxime (DB03444)","0.9452","http://www.drugbank.ca/drugs/DB03444"
"38","Lefradafiban (DB04863)","0.9441","http://www.drugbank.ca/drugs/DB04863"
"39","Phentolamine (DB00692)","0.9439","http://www.drugbank.ca/drugs/DB00692"
"40","(3aS)-3a-hydroxy-1-phenyl-1,2,3,3a-tetrahydro-4H-pyrrolo[2,3-b]quinolin-4-one (DB07470)","0.9437","http://www.drugbank.ca/drugs/DB07470"
"41","5-cyclopropyl-2-(4-fluorophenyl)-6-[(2-hydroxyethyl)(methylsulfonyl)amino]-N-methyl-1-benzofuran-3-carboxamide (DB07238)","0.9431","http://www.drugbank.ca/drugs/DB07238"
"42","Cinolazepam (DB01594)","0.9428","http://www.drugbank.ca/drugs/DB01594"
"43","Zuclopenthixol (DB01624)","0.9425","http://www.drugbank.ca/drugs/DB01624"
"44","Zuclopenthixol acetate (DB08919)","0.9422","http://www.drugbank.ca/drugs/DB08919"
"45","N-[2-(4-BROMOCINNAMYLAMINO)ETHYL]-5-ISOQUINOLINE SULFONAMIDE (DB07995)","0.9413","http://www.drugbank.ca/drugs/DB07995"
"46","N-(1-ISOPROPYLPIPERIDIN-4-YL)-1-(3-METHOXYBENZYL)-1H-INDOLE-2-CARBOXAMIDE (DB07973)","0.9412","http://www.drugbank.ca/drugs/DB07973"
"47","6-CARBAMIMIDOYL-4-(3-HYDROXY-2-METHYL-BENZOYLAMINO)-NAPHTHALENE-2-CARBOXYLIC ACID METHYL ESTER (DB07074)","0.9404","http://www.drugbank.ca/drugs/DB07074"
"48","(2Z,3E)-2,3'-BIINDOLE-2',3(1H,1'H)-DIONE 3-{O-[(3R)-3,4-DIHYDROXYBUTYL]OXIME} (DB07766)","0.9403","http://www.drugbank.ca/drugs/DB07766"
"49","Eletriptan (DB00216)","0.9403","http://www.drugbank.ca/drugs/DB00216"
"50","N-(biphenyl-4-ylsulfonyl)-D-leucine (DB07446)","0.9402","http://www.drugbank.ca/drugs/DB07446"
"51","(S)-blebbistatin (DB01944)","0.9393","http://www.drugbank.ca/drugs/DB01944"
"52","(3aS)-3a-hydroxy-7-methyl-1-phenyl-1,2,3,3a-tetrahydro-4H-pyrrolo[2,3-b]quinolin-4-one (DB07469)","0.9393","http://www.drugbank.ca/drugs/DB07469"
"53","N~3~-cyclopropyl-N~4~'-(cyclopropylmethyl)-6-methylbiphenyl-3,4'-dicarboxamide (DB07835)","0.9388","http://www.drugbank.ca/drugs/DB07835"
"54","(3aS)-3a-hydroxy-5-methyl-1-phenyl-1,2,3,3a-tetrahydro-4H-pyrrolo[2,3-b]quinolin-4-one (DB07468)","0.9386","http://www.drugbank.ca/drugs/DB07468"
"55","3-[(Acetyl-Methyl-Amino)-Methyl]-4-Amino-N-Methyl-N-(1-Methyl-1h-Indol-2-Ylmethyl)-Benzamide (DB03534)","0.9384","http://www.drugbank.ca/drugs/DB03534"
"56","Formoterol (DB00983)","0.9381","http://www.drugbank.ca/drugs/DB00983"
"57","Arformoterol (DB01274)","0.9381","http://www.drugbank.ca/drugs/DB01274"
"58","BENZOYL-TYROSINE-ALANINE-METHYL KETONE (DB08775)","0.9381","http://www.drugbank.ca/drugs/DB08775"
"59","8-bromo-4-(2-chlorophenyl)-N-(2-hydroxyethyl)-6-methyl-1,3-dioxo-1,2,3,6-tetrahydropyrrolo[3,4-e]indole-7-carboxamide (DB08365)","0.9380","http://www.drugbank.ca/drugs/DB08365"
"60","5-AMINO-2-{4-[(4-AMINOPHENYL)SULFANYL]PHENYL}-1H-ISOINDOLE-1,3(2H)-DIONE (DB07971)","0.9380","http://www.drugbank.ca/drugs/DB07971"
"61","[4-(4-PHENYL-PIPERIDIN-1-YL)-BENZENESULFONYLAMINO]-ACETIC ACID (DB07986)","0.9379","http://www.drugbank.ca/drugs/DB07986"
"62","(R)-N-(3-Indol-1-Yl-2-Methyl-Propyl)-4-Sulfamoyl-Benzamide (DB02479)","0.9375","http://www.drugbank.ca/drugs/DB02479"
"63","(S)-N-(3-Indol-1-Yl-2-Methyl-Propyl)-4-Sulfamoyl-Benzamide (DB03950)","0.9375","http://www.drugbank.ca/drugs/DB03950"
"64","Mirabegron  (DB08893)","0.9369","http://www.drugbank.ca/drugs/DB08893"
"65","S-{3-[(4-ANILINOQUINAZOLIN-6-YL)AMINO]-3-OXOPROPYL}-L-CYSTEINE (DB07602)","0.9363","http://www.drugbank.ca/drugs/DB07602"
"66","[(4R)-4-(3-HYDROXYPHENYL)-1,6-DIMETHYL-2-THIOXO-1,2,3,4-TETRAHYDROPYRIMIDIN-5-YL](PHENYL)METHANONE (DB08198)","0.9358","http://www.drugbank.ca/drugs/DB08198"
"67","Diltiazem (DB00343)","0.9357","http://www.drugbank.ca/drugs/DB00343"
"68","N-(3-Phenyl-2-Sulfanylpropanoyl)Phenylalanylalanine (DB02558)","0.9356","http://www.drugbank.ca/drugs/DB02558"
"69","N-[2-(1h-Indol-5-Yl)-Butyl]-4-Sulfamoyl-Benzamide (DB03596)","0.9354","http://www.drugbank.ca/drugs/DB03596"
"70","1-(CYCLOHEXYLAMINO)-3-(6-METHYL-3,4-DIHYDRO-1H-CARBAZOL-9(2H)-YL)PROPAN-2-OL (DB07061)","0.9352","http://www.drugbank.ca/drugs/DB07061"
"71","[1-(1-Methyl-4,5-Dioxo-Pent-2-Enylcarbamoyl)-2-Phenyl-Ethyl]-Carbamic Acid Benzyl Ester (DB01810)","0.9352","http://www.drugbank.ca/drugs/DB01810"
"72","(3S,6S)-3,6-bis(4-hydroxybenzyl)piperazine-2,5-dione (DB08761)","0.9349","http://www.drugbank.ca/drugs/DB08761"
"73","Encainide (DB01228)","0.9346","http://www.drugbank.ca/drugs/DB01228"
"74","2-[1-(4-CHLOROBENZOYL)-5-METHOXY-2-METHYL-1H-INDOL-3-YL]-N-[(1R)-1-(HYDROXYMETHYL)PROPYL]ACETAMIDE (DB07981)","0.9345","http://www.drugbank.ca/drugs/DB07981"
"75","2-[1-(4-CHLOROBENZOYL)-5-METHOXY-2-METHYL-1H-INDOL-3-YL]-N-[(1S)-1-(HYDROXYMETHYL)PROPYL]ACETAMIDE (DB07984)","0.9345","http://www.drugbank.ca/drugs/DB07984"
"76","4-(2-aminoethoxy)-N-(3-chloro-5-piperidin-1-ylphenyl)-3,5-dimethylbenzamide (DB08697)","0.9344","http://www.drugbank.ca/drugs/DB08697"
"77","[N-(3-DIBENZYLCARBAMOYL-OXIRANECARBONYL)-HYDRAZINO]-ACETIC ACID (DB08229)","0.9344","http://www.drugbank.ca/drugs/DB08229"
"78","3-(1,1-dioxido-4H-1,2,4-benzothiadiazin-3-yl)-4-hydroxy-1-(3-methylbutyl)quinolin-2(1H)-one (DB07275)","0.9344","http://www.drugbank.ca/drugs/DB07275"
"79","O-[2-(1,3-dioxo-1,3-dihydro-2H-isoindol-2-yl)ethyl] (4-bromophenyl)thiocarbamate (DB08281)","0.9343","http://www.drugbank.ca/drugs/DB08281"
"80","O-[2-(1,3-dioxo-1,3-dihydro-2H-isoindol-2-yl)ethyl] (4-chlorophenyl)thiocarbamate (DB08282)","0.9343","http://www.drugbank.ca/drugs/DB08282"
"81","O-[2-(1,3-dioxo-1,3-dihydro-2H-isoindol-2-yl)ethyl] (4-iodophenyl)thiocarbamate (DB08284)","0.9343","http://www.drugbank.ca/drugs/DB08284"
"82","Thiothixene (DB01623)","0.9339","http://www.drugbank.ca/drugs/DB01623"
"83","ISOQUINOLINE-5-SULFONIC ACID (2-(2-(4-CHLOROBENZYLOXY)ETHYLAMINO)ETHYL)AMIDE (DB07947)","0.9338","http://www.drugbank.ca/drugs/DB07947"
"84","N-[5-(1,1-DIOXIDOISOTHIAZOLIDIN-2-YL)-1H-INDAZOL-3-YL]-2-(4-PIPERIDIN-1-YLPHENYL)ACETAMIDE (DB07220)","0.9337","http://www.drugbank.ca/drugs/DB07220"
"85","Prazepam (DB01588)","0.9336","http://www.drugbank.ca/drugs/DB01588"
"86","Hydroxychloroquine (DB01611)","0.9335","http://www.drugbank.ca/drugs/DB01611"
"87","Fentanyl (DB00813)","0.9334","http://www.drugbank.ca/drugs/DB00813"
"88","SU4984 (DB02058)","0.9326","http://www.drugbank.ca/drugs/DB02058"
"89","(4-BROMOPHENYL)[4-({(2E)-4-[CYCLOPROPYL(METHYL)AMINO]BUT-2-ENYL}OXY)PHENYL]METHANONE (DB08458)","0.9318","http://www.drugbank.ca/drugs/DB08458"
"90","1-METHYL-5-(2-PHENOXYMETHYL-PYRROLIDINE-1-SULFONYL)-1H-INDOLE-2,3-DIONE (DB08213)","0.9311","http://www.drugbank.ca/drugs/DB08213"
"91","(3R)-METHYLCARBAMOYL-7-SULFOAMINO-3,4-DIHYDRO-1H-ISOQUINOLINE-2-CARBOXYLIC ACID BENZYL ESTER (DB08549)","0.9308","http://www.drugbank.ca/drugs/DB08549"
"92","Beta-hydroxyfentanyl (DB01453)","0.9307","http://www.drugbank.ca/drugs/DB01453"
"93","6-CHLORO-N-{(3S)-1-[(1S)-1-METHYL-2-(4-MORPHOLINYL)-2-OXO ETHYL]-2-OXO-3-PYRROLIDINYL}-2-NAPHTHALENESULFONAMIDE (DB07847)","0.9306","http://www.drugbank.ca/drugs/DB07847"
"94","NALPHA-[(BENZYLOXY)CARBONYL]-N-[(1R)-4-HYDROXY-1-METHYL-2-OXOBUTYL]-L-PHENYLALANINAMIDE (DB08732)","0.9305","http://www.drugbank.ca/drugs/DB08732"
"95","Bopindolol (DB08807)","0.9301","http://www.drugbank.ca/drugs/DB08807"
"96","D-phenylalanyl-N-benzyl-L-prolinamide (DB07143)","0.9293","http://www.drugbank.ca/drugs/DB07143"
"97","(S)-2-METHYL-1-[(4-METHYL-5-ISOQUINOLINE)SULFONYL]-HOMOPIPERAZINE (DB07876)","0.9291","http://www.drugbank.ca/drugs/DB07876"
"98","1-(1'-{[3-(methylsulfanyl)-2-benzothiophen-1-yl]carbonyl}spiro[1-benzofuran-3,4'-piperidin]-5-yl)methanamine (DB06848)","0.9291","http://www.drugbank.ca/drugs/DB06848"
"99","Aprindine (DB01429)","0.9284","http://www.drugbank.ca/drugs/DB01429"
"100","SC45647 (DB04778)","0.9284","http://www.drugbank.ca/drugs/DB04778"
"101","Metolazone (DB00524)","0.9283","http://www.drugbank.ca/drugs/DB00524"
"102","4-CHLORO-6-(4-{4-[4-(METHYLSULFONYL)BENZYL]PIPERAZIN-1-YL}-1H-PYRAZOL-5-YL)BENZENE-1,3-DIOL (DB06957)","0.9276","http://www.drugbank.ca/drugs/DB06957"
"103","5-{[1-(2-fluorobenzyl)piperidin-4-yl]methoxy}quinazoline-2,4-diamine (DB07642)","0.9274","http://www.drugbank.ca/drugs/DB07642"
"104","Labetalol (DB00598)","0.9273","http://www.drugbank.ca/drugs/DB00598"
"105","Indapamide (DB00808)","0.9267","http://www.drugbank.ca/drugs/DB00808"
"106","4-chloro-N-[(2S)-2-methyl-2,3-dihydro-1H-indol-1-yl]-3-sulfamoylbenzamide (DB07467)","0.9267","http://www.drugbank.ca/drugs/DB07467"
"107","D-phenylalanyl-N-(3-chlorobenzyl)-L-prolinamide (DB06919)","0.9266","http://www.drugbank.ca/drugs/DB06919"
"108","D-phenylalanyl-N-(3-fluorobenzyl)-L-prolinamide (DB07027)","0.9266","http://www.drugbank.ca/drugs/DB07027"
"109","Ethyl loflazepate (DB01545)","0.9264","http://www.drugbank.ca/drugs/DB01545"
"110","(3R,4R)-1-{6-[3-(METHYLSULFONYL)PHENYL]PYRIMIDIN-4-YL}-4-(2,4,5-TRIFLUOROPHENYL)PIPERIDIN-3-AMINE (DB08164)","0.9263","http://www.drugbank.ca/drugs/DB08164"
"111","(3R,4S)-1-{6-[3-(METHYLSULFONYL)PHENYL]PYRIMIDIN-4-YL}-4-(2,4,5-TRIFLUOROPHENYL)PYRROLIDIN-3-AMINE (DB07666)","0.9263","http://www.drugbank.ca/drugs/DB07666"
"112","(3R,4S)-1-(3,4-DIMETHOXYPHENYL)-3-(3-METHYLPHENYL)PIPERIDIN-4-AMINE (DB07851)","0.9262","http://www.drugbank.ca/drugs/DB07851"
"113","R-2-{[4'-Methoxy-(1,1'-Biphenyl)-4-Yl]-Sulfonyl}-Amino-6-Methoxy-Hex-4-Ynoic Acid (DB04416)","0.9262","http://www.drugbank.ca/drugs/DB04416"
"114","N-[[2-METHYL-4-HYDROXYCARBAMOYL]BUT-4-YL-N]-BENZYL-P-[PHENYL]-P-[METHYL]PHOSPHINAMID (DB08507)","0.9261","http://www.drugbank.ca/drugs/DB08507"
"115","4-[(3R)-3-{[2-(4-FLUOROPHENYL)-2-OXOETHYL]AMINO}BUTYL]BENZAMIDE (DB08672)","0.9259","http://www.drugbank.ca/drugs/DB08672"
"116","(2S)-4-(2,5-DIFLUOROPHENYL)-N,N-DIMETHYL-2-PHENYL-2,5-DIHYDRO-1H-PYRROLE-1-CARBOXAMIDE (DB08246)","0.9258","http://www.drugbank.ca/drugs/DB08246"
"117","Morpholine-4-Carboxylic Acid [1-(2-Benzylsulfanyl-1-Formyl-Ethylcarbamoyl)-2-Phenyl-Ethyl]-Amide (DB03984)","0.9257","http://www.drugbank.ca/drugs/DB03984"
"118","Methotrimeprazine (DB01403)","0.9247","http://www.drugbank.ca/drugs/DB01403"
"119","Flurazepam (DB00690)","0.9246","http://www.drugbank.ca/drugs/DB00690"
"120","Acetyl-alpha-methylfentanyl (DB01532)","0.9244","http://www.drugbank.ca/drugs/DB01532"
"121","Camazepam (DB01489)","0.9242","http://www.drugbank.ca/drugs/DB01489"
"122","5-{3-[3-(2,4-DICHLORO-BENZOYL)-UREIDO]-2-METHYL-PHENOXY}-PENTANOIC ACID (DB04645)","0.9237","http://www.drugbank.ca/drugs/DB04645"
"123","(S)-2-[(R)-3-amino-4-(2-fluorophenyl)butyryl]-1,2,3,4-tetrahydroisoquinoline-3-carboxamide (DB04578)","0.9237","http://www.drugbank.ca/drugs/DB04578"
"124","N-{2-[6-(2,4-DIAMINO-6-ETHYLPYRIMIDIN-5-YL)-2,2-DIMETHYL-3-OXO-2,3-DIHYDRO-4H-1,4-BENZOTHIAZIN-4-YL]ETHYL}ACETAMIDE (DB06899)","0.9236","http://www.drugbank.ca/drugs/DB06899"
"125","6-(3-AMINOPROPYL)-4,9-DIMETHYLPYRROLO[3,4-C]CARBAZOLE-1,3(2H,6H)-DIONE (DB07444)","0.9236","http://www.drugbank.ca/drugs/DB07444"
"126","1-[(3S)-5-PHENYL-3-THIOPHEN-2-YL-3H-1,4-BENZODIAZEPIN-2-YL]AZETIDIN-3-OL (DB08698)","0.9236","http://www.drugbank.ca/drugs/DB08698"
"127","CP-271485 (DB02118)","0.9229","http://www.drugbank.ca/drugs/DB02118"
"128","Diphemanil Methylsulfate (DB00729)","0.9229","http://www.drugbank.ca/drugs/DB00729"
"129","4-(1-Benzyl-3-Carbamoylmethyl-2-Methyl-1h-Indol-5-Yloxy)-Butyric Acid (DB02936)","0.9227","http://www.drugbank.ca/drugs/DB02936"
"130","1-Benzyl-3-(4-Methoxy-Benzenesulfonyl)-6-Oxo-Hexahydro-Pyrimidine-4-Carboxylic Acid Hydroxyamide (DB04140)","0.9226","http://www.drugbank.ca/drugs/DB04140"
"131","Indecainide (DB00192)","0.9221","http://www.drugbank.ca/drugs/DB00192"
"132","Haloxazolam (DB01476)","0.9214","http://www.drugbank.ca/drugs/DB01476"
"133","(3,3-dimethylpiperidin-1-yl)(6-(3-fluoro-4-methylphenyl)pyridin-2-yl)methanone (DB06992)","0.9211","http://www.drugbank.ca/drugs/DB06992"
"134","Sitamaquine (DB04909)","0.9210","http://www.drugbank.ca/drugs/DB04909"
"135","N-(4-METHYLBENZOYL)-4-BENZYLPIPERIDINE (DB07123)","0.9210","http://www.drugbank.ca/drugs/DB07123"
"136","CRA_10433 (DB03173)","0.9208","http://www.drugbank.ca/drugs/DB03173"
"137","N,N'-[biphenyl-4,4'-diyldi(2R)propane-2,1-diyl]dimethanesulfonamide (DB07455)","0.9208","http://www.drugbank.ca/drugs/DB07455"
"138","Phenylbutazone (DB00812)","0.9208","http://www.drugbank.ca/drugs/DB00812"
"139","Balanol Analog 1 (DB02611)","0.9206","http://www.drugbank.ca/drugs/DB02611"
"140","Cinchocaine (DB00527)","0.9197","http://www.drugbank.ca/drugs/DB00527"
"141","Ketazolam (DB01587)","0.9196","http://www.drugbank.ca/drugs/DB01587"
"142","N-[(6-BUTOXYNAPHTHALEN-2-YL)SULFONYL]-L-GLUTAMIC ACID (DB08105)","0.9195","http://www.drugbank.ca/drugs/DB08105"
"143","N-[(6-BUTOXYNAPHTHALEN-2-YL)SULFONYL]-D-GLUTAMIC ACID (DB08106)","0.9195","http://www.drugbank.ca/drugs/DB08106"
"144","(2R,4S)-2-[(R)-BENZYLCARBAMOYL-PHENYLACETYL-METHYL]-5,5-DIMETHYL-THIAZOLIDINE-4-CARBOXYLIC ACID (DB07806)","0.9195","http://www.drugbank.ca/drugs/DB07806"
"145","2-({[4-bromo-3-(diethylsulfamoyl)phenyl]carbonyl}amino)benzoic acid (DB07429)","0.9193","http://www.drugbank.ca/drugs/DB07429"
"146","R048-8071 (DB02016)","0.9192","http://www.drugbank.ca/drugs/DB02016"
"147","CRA_10991 (DB01771)","0.9189","http://www.drugbank.ca/drugs/DB01771"
"148","D-phenylalanyl-N-(3-methylbenzyl)-L-prolinamide (DB07133)","0.9189","http://www.drugbank.ca/drugs/DB07133"
"149","1-[4-(AMINOMETHYL)BENZOYL]-5'-FLUORO-1'H-SPIRO[PIPERIDINE-4,2'-QUINAZOLIN]-4'-AMINE (DB08750)","0.9188","http://www.drugbank.ca/drugs/DB08750"
"150","Rosiglitazone (DB00412)","0.9188","http://www.drugbank.ca/drugs/DB00412"
"151","Bezafibrate (DB01393)","0.9184","http://www.drugbank.ca/drugs/DB01393"
"152","Propafenone (DB01182)","0.9183","http://www.drugbank.ca/drugs/DB01182"
"153","[3-(1-Benzyl-3-Carbamoylmethyl-2-Methyl-1h-Indol-5-Yloxy)-Propyl-]-Phosphonic Acid (DB02504)","0.9183","http://www.drugbank.ca/drugs/DB02504"
"154","3-Methylfentanyl (DB01571)","0.9182","http://www.drugbank.ca/drugs/DB01571"
"155","N-({(2S)-1-[(3R)-3-AMINO-4-(2-FLUOROPHENYL)BUTANOYL]PYRROLIDIN-2-YL}METHYL)BENZAMIDE (DB07779)","0.9181","http://www.drugbank.ca/drugs/DB07779"
"156","Oxyphenbutazone (DB03585)","0.9176","http://www.drugbank.ca/drugs/DB03585"
"157","Nalpha-(2-Naphthylsulfonylglycyl)-3-Amidino-D,L-Phenylalanine-Isopropylester (DB01737)","0.9174","http://www.drugbank.ca/drugs/DB01737"
"158","N-(4-carbamimidoylbenzyl)-1-(3-phenylpropanoyl)-L-prolinamide (DB06942)","0.9173","http://www.drugbank.ca/drugs/DB06942"
"159","Alpha-methylfentanyl (DB01557)","0.9169","http://www.drugbank.ca/drugs/DB01557"
"160","Zolmitriptan (DB00315)","0.9169","http://www.drugbank.ca/drugs/DB00315"
"161","6-(4-{(1S,2S)-2-AMINO-1-[(DIMETHYLAMINO)CARBONYL]-3-[(3S)-3-FLUOROPYRROLIDIN-1-YL]-3-OXOPROPYL}PHENYL)-1H-[1,2,4]TRIAZOLO[1,5-A]PYRIDIN-4-IUM (DB08504)","0.9168","http://www.drugbank.ca/drugs/DB08504"
"162","Benazepril (DB00542)","0.9164","http://www.drugbank.ca/drugs/DB00542"
"163","Ciprofloxacin (DB00537)","0.9158","http://www.drugbank.ca/drugs/DB00537"
"164","99mTc-ciprofloxacin (DB05488)","0.9158","http://www.drugbank.ca/drugs/DB05488"
"165","Beta-hydroxy-3-methylfentanyl (DB01570)","0.9158","http://www.drugbank.ca/drugs/DB01570"
"166","Bumetanide (DB00887)","0.9155","http://www.drugbank.ca/drugs/DB00887"
"167","Quetiapine (DB01224)","0.9154","http://www.drugbank.ca/drugs/DB01224"
"168","N-(2-AMINOETHYL)-2-{3-CHLORO-4-[(4-ISOPROPYLBENZYL)OXY]PHENYL} ACETAMIDE (DB08610)","0.9153","http://www.drugbank.ca/drugs/DB08610"
"169","N-{2-[6-(2,4-DIAMINO-6-ETHYLPYRIMIDIN-5-YL)-2,2-DIMETHYL-3-OXO-2,3-DIHYDRO-4H-1,4-BENZOXAZIN-4-YL]ETHYL}ACETAMIDE (DB07059)","0.9152","http://www.drugbank.ca/drugs/DB07059"
"170","N-{(2S)-3-[(1R)-1-aminoethyl](hydroxy)phosphoryl-2-benzylpropanoyl}-L-phenylalanine (DB08506)","0.9150","http://www.drugbank.ca/drugs/DB08506"
"171","Cloxazolam (DB01553)","0.9150","http://www.drugbank.ca/drugs/DB01553"
"172","(5z)-5-(1h-Indol-3-Ylmethylene)-4h-Imidazol-4-One (DB01653)","0.9149","http://www.drugbank.ca/drugs/DB01653"
"173","(5S)-1-benzyl-3-(1,1-dioxido-1,2-benzisothiazol-3-yl)-4-hydroxy-5-(1-methylethyl)-1,5-dihydro-2H-pyrrol-2-one (DB07414)","0.9147","http://www.drugbank.ca/drugs/DB07414"
"174","Clonitazene (DB01523)","0.9145","http://www.drugbank.ca/drugs/DB01523"
"175","N-{[6-(PENTYLOXY)NAPHTHALEN-2-YL]SULFONYL}-D-GLUTAMIC ACID (DB08107)","0.9143","http://www.drugbank.ca/drugs/DB08107"
"176","N-{[4-(but-2-yn-1-yloxy)phenyl]sulfonyl}-5-methyl-D-tryptophan (DB07233)","0.9142","http://www.drugbank.ca/drugs/DB07233"
"177","Tadalafil (DB00820)","0.9141","http://www.drugbank.ca/drugs/DB00820"
"178","4-{4-[3-(2,4-DICHLORO-BENZOYL)-UREIDO]-2,3-DIMETHYL-PHENOXY}-BUTYRIC ACID (DB04644)","0.9139","http://www.drugbank.ca/drugs/DB04644"
"179","2-{4-[(3,5-DIMETHYLANILINO)-CARBONYL-METHYL]-PHENOXY}-2-METHYLPROPIONIC ACID (DB08486)","0.9138","http://www.drugbank.ca/drugs/DB08486"
"180","PHENYLALANYLAMINODI(ETHYLOXY)ETHYL BENZENESULFONAMIDEAMINOCARBONYLBENZENESULFONAMIDE (DB07710)","0.9138","http://www.drugbank.ca/drugs/DB07710"
"181","Phenserine (DB04892)","0.9136","http://www.drugbank.ca/drugs/DB04892"
"182","4-{(1E)-3-OXO-3-[(2-PHENYLETHYL)AMINO]PROP-1-EN-1-YL}-1,2-PHENYLENE DIACETATE (DB08753)","0.9130","http://www.drugbank.ca/drugs/DB08753"
"183","Propiomazine (DB00777)","0.9127","http://www.drugbank.ca/drugs/DB00777"
"184","1-(2-Phenylethyl)-4-phenyl-4-acetoxypiperidine (DB01562)","0.9126","http://www.drugbank.ca/drugs/DB01562"
"185","5-[1-(3,4-Dimethoxy-Benzoyl)-1,2,3,4-Tetrahydro-Quinolin-6-Yl]-6-Methyl-3,6-Dihydro-[1,3,4]Thiadiazin-2-One (DB03944)","0.9124","http://www.drugbank.ca/drugs/DB03944"
"186","RB106 (DB02669)","0.9122","http://www.drugbank.ca/drugs/DB02669"
"187","2-Hydroxy-5-({1-[(4-Methylphenoxy)Methyl]-3-Oxoprop-1-Enyl}Amino)-L-Tyrosine (DB02537)","0.9116","http://www.drugbank.ca/drugs/DB02537"
"188","D-phenylalanyl-N-{4-[amino(iminio)methyl]benzyl}-L-prolinamide (DB07005)","0.9111","http://www.drugbank.ca/drugs/DB07005"
"189","2-[({4-[2-(trifluoromethyl)phenyl]piperidin-1-yl}carbonyl)amino]benzoic acid (DB06985)","0.9110","http://www.drugbank.ca/drugs/DB06985"
"190","4-{3-CHLORO-4-[3-(2,4-DICHLORO-BENZOYL)-UREIDO]-PHENOXY}-BUTYRIC ACID (DB04643)","0.9108","http://www.drugbank.ca/drugs/DB04643"
"191","Dofetilide (DB00204)","0.9102","http://www.drugbank.ca/drugs/DB00204"
"192","1-(2-CYCLOPROPYLETHYL)-3-(1,1-DIOXIDO-2H-1,2,4-BENZOTHIADIAZIN-3-YL)-6-FLUORO-4-HYDROXYQUINOLIN-2(1H)-ONE (DB08278)","0.9102","http://www.drugbank.ca/drugs/DB08278"
"193","4-BROMO-2-FLUORO-N-[(4E)-6-METHOXY-7-[(1-METHYLPIPERIDIN-4-YL)METHOXY]QUINAZOLIN-4(1H)-YLIDENE]ANILINE (DB08764)","0.9097","http://www.drugbank.ca/drugs/DB08764"
"194","6-[3-(4-Morpholinyl)Propyl]-2-(3-Nitrophenyl)-5-Thioxo-5,6,-Dihydro-7h-Thienol[2',3':4,5]Pyrrolo[1,2-C]Imidazol-7-One (DB03507)","0.9096","http://www.drugbank.ca/drugs/DB03507"
"195","3-(HYDROXYMETHYL)-1-METHYL-5-(2-METHYLAZIRIDIN-1-YL)-2-PHENYL-1H-INDOLE-4,7-DIONE (DB07385)","0.9093","http://www.drugbank.ca/drugs/DB07385"
"196","Temafloxacin (DB01405)","0.9092","http://www.drugbank.ca/drugs/DB01405"
"197","(S)-2-CHLORO-N-(1-(2-(2-HYDROXYETHYLAMINO)-2-OXOETHYL)-2-OXO-1,2,3,4-TETRAHYDROQUINOLIN-3-YL)-6H-THIENO[2,3-B]PYRROLE-5-CARBOXAMIDE (DB07792)","0.9090","http://www.drugbank.ca/drugs/DB07792"
"198","Etonitazene (DB01462)","0.9090","http://www.drugbank.ca/drugs/DB01462"
"199","(2S)-2-(3-{[AMINO(IMINO)METHYL]AMINO}PHENYL)-3-[(S)-HYDROXY(3-PHENYLPROPYL)PHOSPHORYL]PROPANOIC ACID (DB07182)","0.9083","http://www.drugbank.ca/drugs/DB07182"
"200","(2R)-1-[(4-tert-butylphenyl)sulfonyl]-2-methyl-4-(4-nitrophenyl)piperazine (DB07049)","0.9076","http://www.drugbank.ca/drugs/DB07049"
"201","4-(2-AMINOETHOXY)-3,5-DICHLORO-N-[3-(1-METHYLETHOXY)PHENYL]BENZAMIDE (DB08072)","0.9074","http://www.drugbank.ca/drugs/DB08072"
"202","N-Hydroxy-1-(4-Methoxyphenyl)Sulfonyl-4-Benzyloxycarbonyl-Piperazine-2-Carboxamide (DB04232)","0.9073","http://www.drugbank.ca/drugs/DB04232"
"203","Propericiazine (DB01608)","0.9068","http://www.drugbank.ca/drugs/DB01608"
"204","Inhibitor Idd 384 (DB01689)","0.9063","http://www.drugbank.ca/drugs/DB01689"
"205","(R)-(+) 5(9BH)-OXO-9B-PHENYL-2,3-DIHYDROTHIAZOLO[2,3-A]ISOINDOL-3-CARBOXYLIC ACID METHYL ESTER (DB07473)","0.9062","http://www.drugbank.ca/drugs/DB07473"
"206","N-({(2S)-1-[(3R)-3-amino-4-(3-chlorophenyl)butanoyl]pyrrolidin-2-yl}methyl)-3-(methylsulfonyl)benzamide (DB08429)","0.9061","http://www.drugbank.ca/drugs/DB08429"
"207","Carfentanil (DB01535)","0.9057","http://www.drugbank.ca/drugs/DB01535"
"208","6-FLUORO-2-[2-HYDROXY-3-(2-METHYL-CYCLOHEXYLOXY)-PHENYL]-1H-INDOLE-5-CARBOXAMIDINE (DB06856)","0.9056","http://www.drugbank.ca/drugs/DB06856"
"209","3-(2-AMINO-6-BENZOYLQUINAZOLIN-3(4H)-YL)-N-CYCLOHEXYL-N-METHYLPROPANAMIDE (DB08749)","0.9049","http://www.drugbank.ca/drugs/DB08749"
"210","(N-{4-[(ETHYLANILINO)SULFONYL]-2-METHYLPHENYL}-3,3,3-TRIFLUORO-2-HYDROXY-2-METHYLPROPANAMIDE (DB08609)","0.9049","http://www.drugbank.ca/drugs/DB08609"
"211","Lomefloxacin (DB00978)","0.9045","http://www.drugbank.ca/drugs/DB00978"
"212","Pefloxacin (DB00487)","0.9037","http://www.drugbank.ca/drugs/DB00487"
"213","N-(5-CHLORO-BENZO[B]THIOPHEN-3-YLMETHYL)-2-[6-CHLORO-OXO-3-(2-PYRIDIN-2-YL-ETHYLAMINO)-2H-PYRAZIN-1-YL]-ACETAMIDE (DB07165)","0.9033","http://www.drugbank.ca/drugs/DB07165"
"214","WAY-151693 (DB02071)","0.9032","http://www.drugbank.ca/drugs/DB02071"
"215","6-(2,4-DIAMINO-6-ETHYLPYRIMIDIN-5-YL)-4-(3-METHOXYPROPYL)-2,2-DIMETHYL-2H-1,4-BENZOXAZIN-3(4H)-ONE (DB07174)","0.9030","http://www.drugbank.ca/drugs/DB07174"
"216","Thioridazine (DB00679)","0.9028","http://www.drugbank.ca/drugs/DB00679"
"217","2-MERCAPTO-N-[1,2,3,10-TETRAMETHOXY-9-OXO-5,6,7,9-TETRAHYDRO-BENZO[A]HEPTALEN-7-YL]ACETAMIDE (DB07574)","0.9024","http://www.drugbank.ca/drugs/DB07574"
"218","(2S)-4-(2,5-DIFLUOROPHENYL)-N-METHYL-2-PHENYL-N-PIPERIDIN-4-YL-2,5-DIHYDRO-1H-PYRROLE-1-CARBOXAMIDE (DB08239)","0.9024","http://www.drugbank.ca/drugs/DB08239"
"219","Sorafenib (DB00398)","0.9021","http://www.drugbank.ca/drugs/DB00398"
"220","Elesclomol (DB05719)","0.9019","http://www.drugbank.ca/drugs/DB05719"
"221","7-{2,6-DICHLORO-4-[3-(2-CHLORO-BENZOYL)-UREIDO]-PHENOXY}-HEPTANOIC ACID (DB04642)","0.9018","http://www.drugbank.ca/drugs/DB04642"
"222","Colchicine (DB01394)","0.9009","http://www.drugbank.ca/drugs/DB01394"
"223","IMAZAQUIN (DB04582)","0.9009","http://www.drugbank.ca/drugs/DB04582"
"224","Mesoridazine (DB00933)","0.9005","http://www.drugbank.ca/drugs/DB00933"
"225","Grepafloxacin (DB00365)","0.9003","http://www.drugbank.ca/drugs/DB00365"
"226","N-(1-Carboxy-3-Phenylpropyl)Phenylalanyl-Alpha-Asparagine (DB02307)","0.9003","http://www.drugbank.ca/drugs/DB02307"
"227","N-[(Furan-2-Yl)Carbonyl]-(S)-Leucyl-(R)-[1-Amino-2(1h-Indol-3-Yl)Ethyl]-Phosphonic Acid (DB02046)","0.9001","http://www.drugbank.ca/drugs/DB02046"
"228","Moricizine (DB00680)","0.8999","http://www.drugbank.ca/drugs/DB00680"
"229","3-[[(METHYLAMINO)SULFONYL]AMINO]-2-OXO-6-PHENYL-N-[3,3,3-TRIFLUORO-1-(1-METHYLETHYL)-2-OXOPHENYL]-1(2H)-PYRIDINE ACETAMIDE (DB08614)","0.8994","http://www.drugbank.ca/drugs/DB08614"
"230","(2S)-3-[(R)-[(1S)-1-amino-3-phenylpropyl](hydroxy)phosphoryl]-2-benzylpropanoic acid (DB07448)","0.8991","http://www.drugbank.ca/drugs/DB07448"
"231","(2e,3s)-3-Hydroxy-5'-[(4-Hydroxypiperidin-1-Yl)Sulfonyl]-3-Methyl-1,3-Dihydro-2,3'-Biindol-2'(1'h)-One (DB03583)","0.8989","http://www.drugbank.ca/drugs/DB03583"
"232","Gatifloxacin (DB01044)","0.8984","http://www.drugbank.ca/drugs/DB01044"
"233","Tolterodine (DB01036)","0.8983","http://www.drugbank.ca/drugs/DB01036"
"234","(1S)-1-CYCLOPROPYL-2-[(2S)-4-(2,5-DIFLUOROPHENYL)-2-PHENYL-2,5-DIHYDRO-1H-PYRROL-1-YL]-2-OXOETHANAMINE (DB08244)","0.8980","http://www.drugbank.ca/drugs/DB08244"
"235","Torasemide (DB00214)","0.8978","http://www.drugbank.ca/drugs/DB00214"
"236","1-[1'-(3-phenylacryloyl)spiro[1-benzofuran-3,4'-piperidin]-5-yl]methanamine (DB06849)","0.8973","http://www.drugbank.ca/drugs/DB06849"
"237","[5-AMINO-1-(4-FLUOROPHENYL)-1H-PYRAZOL-4-YL][3-(PIPERIDIN-4-YLOXY)PHENYL]METHANONE (DB08423)","0.8973","http://www.drugbank.ca/drugs/DB08423"
"238","Trimethaphan (DB01116)","0.8964","http://www.drugbank.ca/drugs/DB01116"
"239","Cetirizine (DB00341)","0.8962","http://www.drugbank.ca/drugs/DB00341"
"240","[4-R-(4-ALPHA,6-BETA,7-BETA]-HEXAHYDRO-5,6-DI(HYDROXY)-1,3-DI(ALLYL)-4,7-BISPHENYLMETHYL)-2H-1,3-DIAZEPINONE (DB06910)","0.8961","http://www.drugbank.ca/drugs/DB06910"
"241","Clemastine (DB00283)","0.8960","http://www.drugbank.ca/drugs/DB00283"
"242","Hydroxyzine (DB00557)","0.8958","http://www.drugbank.ca/drugs/DB00557"
"243","4-(BENZHYDRYLOXY)-1-[3-(1H-TETRAAZOL-5-YL)PROPYL]PIPERIDINE (DB07917)","0.8954","http://www.drugbank.ca/drugs/DB07917"
"244","1S,3AS,8AS-TRIMETHYL-1-OXIDO-1,2,3,3A,8,8A-HEXAHYDROPYRROLO[2,3-B]INDOL-5-YL 2-ETHYLPHENYLCARBAMATE (DB07846)","0.8950","http://www.drugbank.ca/drugs/DB07846"
"245","4-({4-[(4-methoxypyridin-2-yl)amino]piperidin-1-yl}carbonyl)benzonitrile (DB07002)","0.8947","http://www.drugbank.ca/drugs/DB07002"
"246","(5S)-5-(3-AMINOPROPYL)-3-(2,5-DIFLUOROPHENYL)-N-ETHYL-5-PHENYL-4,5-DIHYDRO-1H-PYRAZOLE-1-CARBOXAMIDE (DB08250)","0.8941","http://www.drugbank.ca/drugs/DB08250"
"247","Haloperidol (DB00502)","0.8941","http://www.drugbank.ca/drugs/DB00502"
"248","Pentamidine (DB00738)","0.8940","http://www.drugbank.ca/drugs/DB00738"
"249","(5R,6S,8S)-8-[3-(AMINOMETHYL)PHENYL]-6-HYDROXY-5-ISOPROPYL-3-OXO-1-PHENYL-2,7-DIOXA-4-AZA-6-PHOSPHANONAN-9-OIC ACID 6-OXIDE (DB07157)","0.8939","http://www.drugbank.ca/drugs/DB07157"
"250","Mepenzolate (DB04843)","0.8937","http://www.drugbank.ca/drugs/DB04843"
"251","Thiethylperazine (DB00372)","0.8937","http://www.drugbank.ca/drugs/DB00372"
"252","Talampanel (DB04982)","0.8937","http://www.drugbank.ca/drugs/DB04982"
"253","Diphenidol (DB01231)","0.8935","http://www.drugbank.ca/drugs/DB01231"
"254","Bicalutamide (DB01128)","0.8934","http://www.drugbank.ca/drugs/DB01128"
"255","(2r)-N-[4-Cyano-3-(Trifluoromethyl)Phenyl]-3-[(4-Fluorophenyl)Sulfonyl]-2-Hydroxy-2-Methylpropanamide (DB02932)","0.8934","http://www.drugbank.ca/drugs/DB02932"
"256","Indacaterol (DB05039)","0.8933","http://www.drugbank.ca/drugs/DB05039"
"257","N'-(Pyrrolidino[2,1-B]Isoindolin-4-On-8-Yl)-N-(Pyridin-2-Yl)Urea (DB04186)","0.8932","http://www.drugbank.ca/drugs/DB04186"
"258","Malachite Green (DB03895)","0.8931","http://www.drugbank.ca/drugs/DB03895"
"259","Asenapine (DB06216)","0.8930","http://www.drugbank.ca/drugs/DB06216"
"260","4-BROMO-3-(CARBOXYMETHOXY)-5-[3-(CYCLOHEXYLAMINO)PHENYL]THIOPHENE-2-CARBOXYLIC ACID (DB06829)","0.8929","http://www.drugbank.ca/drugs/DB06829"
"261","Azimilide (DB04957)","0.8925","http://www.drugbank.ca/drugs/DB04957"
"262","Oxacillin (DB00713)","0.8921","http://www.drugbank.ca/drugs/DB00713"
"263","beta-phenyl-D-phenylalanyl-N-propyl-L-prolinamide (DB07083)","0.8921","http://www.drugbank.ca/drugs/DB07083"
"264","Prochlorperazine (DB00433)","0.8919","http://www.drugbank.ca/drugs/DB00433"
"265","Carphenazine (DB01038)","0.8917","http://www.drugbank.ca/drugs/DB01038"
"266","Methantheline (DB00940)","0.8916","http://www.drugbank.ca/drugs/DB00940"
"267","RPR131247 (DB02744)","0.8915","http://www.drugbank.ca/drugs/DB02744"
"268","Enzalutamide  (DB08899)","0.8905","http://www.drugbank.ca/drugs/DB08899"
"269","4,4'[1,6-Hexanediylbis(Oxy)]Bisbenzenecarboximidamide (DB03808)","0.8900","http://www.drugbank.ca/drugs/DB03808"
"270","Levofloxacin (DB01137)","0.8895","http://www.drugbank.ca/drugs/DB01137"
"271","Ofloxacin (DB01165)","0.8895","http://www.drugbank.ca/drugs/DB01165"
"272","Dextrofloxacine (DB03034)","0.8895","http://www.drugbank.ca/drugs/DB03034"
"273","2-(6-{[(3-chloro-2-methylphenyl)sulfonyl]amino}pyridin-2-yl)-N,N-diethylacetamide (DB07056)","0.8895","http://www.drugbank.ca/drugs/DB07056"
"274","3-{[(4-methylphenyl)sulfonyl]amino}propyl pyridin-4-ylcarbamate (DB07572)","0.8894","http://www.drugbank.ca/drugs/DB07572"
"275","Acetophenazine (DB01063)","0.8887","http://www.drugbank.ca/drugs/DB01063"
"276","(2S)-2-[3-(AMINOMETHYL)PHENYL]-3-[(R)-[(1R)-1-{[(BENZYLOXY)CARBONYL]AMINO}-2-METHYLPROPYL](HYDROXY)PHOSPHORYL]PROPANOIC ACID (DB07269)","0.8883","http://www.drugbank.ca/drugs/DB07269"
"277","Pagoclone (DB04903)","0.8881","http://www.drugbank.ca/drugs/DB04903"
"278","Anileridine (DB00913)","0.8878","http://www.drugbank.ca/drugs/DB00913"
"279","Benzatropine (DB00245)","0.8876","http://www.drugbank.ca/drugs/DB00245"
"280","Cloxacillin (DB01147)","0.8875","http://www.drugbank.ca/drugs/DB01147"
"281","3-{[(9-CYANO-9,10-DIHYDRO-10-METHYLACRIDIN-9-YL)CARBONYL]AMINO}PROPANOIC ACID (DB07441)","0.8872","http://www.drugbank.ca/drugs/DB07441"
"282","Dextropropoxyphene (DB00647)","0.8866","http://www.drugbank.ca/drugs/DB00647"
"283","Itopride (DB04924)","0.8861","http://www.drugbank.ca/drugs/DB04924"
"284","N-({(3R,4R)-4-[(benzyloxy)methyl]pyrrolidin-3-yl}methyl)-N-(2-methylpropyl)benzenesulfonamide (DB07505)","0.8861","http://www.drugbank.ca/drugs/DB07505"
"285","Flibanserin (DB04908)","0.8861","http://www.drugbank.ca/drugs/DB04908"
"286","Delavirdine (DB00705)","0.8858","http://www.drugbank.ca/drugs/DB00705"
"287","N-[(2R,3S)-3-AMINO-2-HYDROXY-4-PHENYLBUTYL]-4-METHOXY-2,3,6-TRIMETHYLBENZENESULFONAMIDE (DB07527)","0.8855","http://www.drugbank.ca/drugs/DB07527"
"288","(2R)-N~4~-hydroxy-2-(3-hydroxybenzyl)-N~1~-[(1S,2R)-2-hydroxy-2,3-dihydro-1H-inden-1-yl]butanediamide (DB06837)","0.8849","http://www.drugbank.ca/drugs/DB06837"
"289","Dimenoxadol (DB01461)","0.8848","http://www.drugbank.ca/drugs/DB01461"
"290","Lobeline (DB05137)","0.8848","http://www.drugbank.ca/drugs/DB05137"
"291","Reboxetine (DB00234)","0.8847","http://www.drugbank.ca/drugs/DB00234"
"292","Perphenazine (DB00850)","0.8846","http://www.drugbank.ca/drugs/DB00850"
"293","1-ethyl-N-(phenylmethyl)-4-(tetrahydro-2H-pyran-4-ylamino)-1H-pyrazolo[3,4-b]pyridine-5-carboxamide (DB06909)","0.8836","http://www.drugbank.ca/drugs/DB06909"
"294","(4R,5R)-5-AMINO-1-[2-(1,3-BENZODIOXOL-5-YL)ETHYL]-4-(2,4,5-TRIFLUOROPHENYL)PIPERIDIN-2-ONE (DB07830)","0.8836","http://www.drugbank.ca/drugs/DB07830"
"295","Benzethidine (DB01518)","0.8830","http://www.drugbank.ca/drugs/DB01518"
"296","Flucloxacillin (DB00301)","0.8829","http://www.drugbank.ca/drugs/DB00301"
"297","(2S)-2-[3-(AMINOMETHYL)PHENYL]-3-[(R)-HYDROXY{(1R)-2-METHYL-1-[(PHENYLSULFONYL)AMINO]PROPYL}PHOSPHORYL]PROPANOIC ACID (DB06921)","0.8821","http://www.drugbank.ca/drugs/DB06921"
"298","2,3-Dicarboxy-4-(2-Chloro-Phenyl)-1-Ethyl-5-Isopropoxycarbonyl-6-Methyl-Pyridinium (DB04055)","0.8821","http://www.drugbank.ca/drugs/DB04055"
"299","N-ETHYL-N-ISOPROPYL-3-METHYL-5-{[(2S)-2-(PYRIDIN-4-YLAMINO)PROPYL]OXY}BENZAMIDE (DB07279)","0.8811","http://www.drugbank.ca/drugs/DB07279"
"300","TC-5619 (DB06090)","0.8810","http://www.drugbank.ca/drugs/DB06090"
"301","1-(3-chloro-4-methylphenyl)-3-{2-[({5-[(dimethylamino)methyl]-2-furyl}methyl)thio]ethyl}urea (DB08027)","0.8805","http://www.drugbank.ca/drugs/DB08027"
"302","Gentian Violet (DB00406)","0.8804","http://www.drugbank.ca/drugs/DB00406"
"303","Dextromoramide (DB01529)","0.8795","http://www.drugbank.ca/drugs/DB01529"
"304","Bevantolol (DB01295)","0.8794","http://www.drugbank.ca/drugs/DB01295"
"305","1-(3-HYDROXYPROPYL)-2-[(3-NITROBENZOYL)AMINO]-1H-BENZIMIDAZOL-5-YL PIVALATE (DB08590)","0.8786","http://www.drugbank.ca/drugs/DB08590"
"306","(4R)-4-(3-HYDROXYPHENYL)-N,N,7,8-TETRAMETHYL-3,4-DIHYDROISOQUINOLINE-2(1H)-CARBOXAMIDE (DB07064)","0.8781","http://www.drugbank.ca/drugs/DB07064"
"307","Tamsulosin (DB00706)","0.8779","http://www.drugbank.ca/drugs/DB00706"
"308","Besifloxacin (DB06771)","0.8765","http://www.drugbank.ca/drugs/DB06771"
"309","Trifluoperazine (DB00831)","0.8765","http://www.drugbank.ca/drugs/DB00831"
"310","7A-[(4-cyanophenyl)methyl]-6-(3,5-dichlorophenyl)-5-oxo-2,3,5,7A-tetrahydro-1H-pyrrolo[1,2-A]pyrrole-7-carbonitrile (DB06972)","0.8764","http://www.drugbank.ca/drugs/DB06972"
"311","(2R)-({4-[AMINO(IMINO)METHYL]PHENYL}AMINO){5-ETHOXY-2-FLUORO-3-[(3R)-TETRAHYDROFURAN-3-YLOXY]PHENYL}ACETICACID (DB04590)","0.8757","http://www.drugbank.ca/drugs/DB04590"
"312","Naratriptan (DB00952)","0.8753","http://www.drugbank.ca/drugs/DB00952"
"313","2[4-BROMO-2-FLUOROPHENYL)METHYL]-6-FLUOROSPIRO[ISOQUINOLINE-4-(1H),3'-PYRROLIDINE]-1,2',3,5'(2H)-TETRONE (DB07450)","0.8752","http://www.drugbank.ca/drugs/DB07450"
"314","Metixene (DB00340)","0.8751","http://www.drugbank.ca/drugs/DB00340"
"315","4-(2-aminoethoxy)-N-(2,5-diethoxyphenyl)-3,5-dimethylbenzamide (DB07625)","0.8747","http://www.drugbank.ca/drugs/DB07625"
"316","Dicloxacillin (DB00485)","0.8740","http://www.drugbank.ca/drugs/DB00485"
"317","Citalopram (DB00215)","0.8733","http://www.drugbank.ca/drugs/DB00215"
"318","Escitalopram (DB01175)","0.8733","http://www.drugbank.ca/drugs/DB01175"
"319","Raltitrexed (DB00293)","0.8733","http://www.drugbank.ca/drugs/DB00293"
"320","(1R)-N,6-DIHYDROXY-7-METHOXY-2-[(4-METHOXYPHENYL)SULFONYL]-1,2,3,4-TETRAHYDROISOQUINOLINE-1-CARBOXAMIDE (DB08170)","0.8732","http://www.drugbank.ca/drugs/DB08170"
"321","Pioglitazone (DB01132)","0.8727","http://www.drugbank.ca/drugs/DB01132"
"322","(2S)-({(5Z)-5-[(5-ETHYL-2-FURYL)METHYLENE]-4-OXO-4,5-DIHYDRO-1,3-THIAZOL-2-YL}AMINO)(4-FLUOROPHENYL)ACETIC ACID (DB08706)","0.8720","http://www.drugbank.ca/drugs/DB08706"
"323","Thioproperazine (DB01622)","0.8711","http://www.drugbank.ca/drugs/DB01622"
"324","Pipotiazine (DB01621)","0.8709","http://www.drugbank.ca/drugs/DB01621"
"325","(11R)-10-acetyl-11-(2,4-dichlorophenyl)-6-hydroxy-3,3-dimethyl-2,3,4,5,10,11-hexahydro-1H-dibenzo[b,e][1,4]diazepin-1-one (DB08747)","0.8707","http://www.drugbank.ca/drugs/DB08747"
"326","Dioxaphetyl butyrate (DB01475)","0.8698","http://www.drugbank.ca/drugs/DB01475"
"327","6-CARBAMIMIDOYL-2-[2-HYDROXY-6-(4-HYDROXY-PHENYL)-INDAN-1-YL]-HEXANOIC ACID (DB06865)","0.8695","http://www.drugbank.ca/drugs/DB06865"
"328","+/-METHYL 4-(AMINOIMINOMETHYL)-BETA-[3- INH (AMINOIMINO)PHENYL]BENZENE PENTANOATE (DB07985)","0.8694","http://www.drugbank.ca/drugs/DB07985"
"329","4-tert-butyl-N'-[(1E)-(3,5-dibromo-2,4-dihydroxyphenyl)methylidene]benzohydrazide (DB07097)","0.8694","http://www.drugbank.ca/drugs/DB07097"
"330","(2E)-1-[2-hydroxy-4-methoxy-5-(3-methylbut-2-en-1-yl)phenyl]-3-(4-hydroxyphenyl)prop-2-en-1-one (DB07500)","0.8694","http://www.drugbank.ca/drugs/DB07500"
"331","6-CARBAMIMIDOYL-2-[2-HYDROXY-5-(3-METHOXY-PHENYL)-INDAN-1-YL]-HEXANOIC ACID (DB06866)","0.8683","http://www.drugbank.ca/drugs/DB06866"
"332","Erlotinib (DB00530)","0.8680","http://www.drugbank.ca/drugs/DB00530"
"333","N-HYDROXY-2(R)-[[(4-METHOXYPHENYL)SULFONYL](3-PICOLYL)AMINO]-3-METHYLBUTANAMIDE HYDROCHLORIDE (DB07556)","0.8678","http://www.drugbank.ca/drugs/DB07556"
"334","5-(2-ETHOXYETHYL)-5-[4-(4-FLUOROPHENOXY)PHENOXY]PYRIMIDINE-2,4,6(1H,3H,5H)-TRIONE (DB08388)","0.8674","http://www.drugbank.ca/drugs/DB08388"
"335","5-chloro-N-[(3R)-1-(2-{[2-fluoro-4-(2-oxopyridin-1(2H)-yl)phenyl]amino}-2-oxoethyl)pyrrolidin-3-yl]thiophene-2-carboxamide (DB07872)","0.8667","http://www.drugbank.ca/drugs/DB07872"
"336","Propantheline (DB00782)","0.8662","http://www.drugbank.ca/drugs/DB00782"
"337","(2S)-2-[3-(AMINOMETHYL)PHENYL]-3-{(S)-HYDROXY[(1R)-2-METHYL-1-{[(2-PHENYLETHYL)SULFONYL]AMINO}PROPYL]PHOSPHORYL}PROPANOIC ACID (DB06835)","0.8659","http://www.drugbank.ca/drugs/DB06835"
"338","[PHENYLALANINYL-PROLINYL]-[2-(PYRIDIN-4-YLAMINO)-ETHYL]-AMINE (DB08422)","0.8650","http://www.drugbank.ca/drugs/DB08422"
"339","Ergonovine (DB01253)","0.8647","http://www.drugbank.ca/drugs/DB01253"
"340","Clidinium (DB00771)","0.8644","http://www.drugbank.ca/drugs/DB00771"
"341","Fenofibrate (DB01039)","0.8641","http://www.drugbank.ca/drugs/DB01039"
"342","N1-(1-Dimethylcarbamoyl-2-Phenyl-Ethyl)-2-Oxo-N4-(2-Pyridin-2-Yl-Ethyl)-Succinamide (DB02140)","0.8638","http://www.drugbank.ca/drugs/DB02140"
"343","5-Chloro-thiophene-2-carboxylic acid ((3S,4S)-1-{[2-fluoro-4-(2-oxo-2H-pyridin-1-yl)-phenylcarbamoyl]-methyl}-4-hydroxy-pyrrolidin-3-yl)-amide (DB07875)","0.8634","http://www.drugbank.ca/drugs/DB07875"
"344","5-CHLORO-THIOPHENE-2-CARBOXYLIC ACID ((3S,4S)-4-FLUORO- 1-{[2-FLUORO-4-(2-OXO-2H-PYRIDIN-1-YL)-PHENYLCARBAMOYL]-METHYL}-PYRROLIDIN-3-YL)-AMIDE (DB08143)","0.8629","http://www.drugbank.ca/drugs/DB08143"
"345","5-CYANO-FURAN-2-CARBOXYLIC ACID [5-HYDROXYMETHYL-2-(4-METHYL-PIPERIDIN-1-YL)-PHENYL]-AMIDE (DB07167)","0.8627","http://www.drugbank.ca/drugs/DB07167"
"346","Paroxetine (DB00715)","0.8626","http://www.drugbank.ca/drugs/DB00715"
"347","Amineptine (DB04836)","0.8615","http://www.drugbank.ca/drugs/DB04836"
"348","Lisuride (DB00589)","0.8607","http://www.drugbank.ca/drugs/DB00589"
"349","N-[4-CLORO-3-(T-BUTYLOXOME)PHENYL-2-METHYL-3-FURAN-CARBOTHIAMIDE (DB08680)","0.8589","http://www.drugbank.ca/drugs/DB08680"
"350","Isopropamide (DB01625)","0.8586","http://www.drugbank.ca/drugs/DB01625"
"351","5-CHLORO-N-((1R,2S)-2-(4-(2-OXOPYRIDIN-1(2H)-YL)BENZAMIDO) CYCLOPENTYL)THIOPHENE-2-CARBOXAMIDE (DB08174)","0.8583","http://www.drugbank.ca/drugs/DB08174"
"352","(3S)-1-(1,3-BENZODIOXOL-5-YLMETHYL)-3-[4-(1H-IMIDAZOL-1-YL)PHENOXY]PIPERIDINE (DB07011)","0.8572","http://www.drugbank.ca/drugs/DB07011"
"353","Lysergic Acid Diethylamide (DB04829)","0.8559","http://www.drugbank.ca/drugs/DB04829"
"354","N-HYDROXY-2-[4-(4-PHENOXY-BENZENESULFONYL)-TETRAHYDRO-PYRAN-4-YL]-ACETAMIDE (DB08491)","0.8556","http://www.drugbank.ca/drugs/DB08491"
"355","(2R,3R)-7-(methylsulfonyl)-3-(2,4,5-trifluorophenyl)-1,2,3,4-tetrahydropyrido[1,2-a]benzimidazol-2-amine (DB07193)","0.8551","http://www.drugbank.ca/drugs/DB07193"
"356","4-[4-(4-CHLORO-PHENOXY)-BENZENESULFONYLMETHYL]-TETRAHYDRO-PYRAN-4-CARBOXYLIC ACID HYDROXYAMIDE (DB08490)","0.8538","http://www.drugbank.ca/drugs/DB08490"
"357","2-{4-[4-(4-Chloro-Phenoxy)-Benzenesulfonyl]-Tetrahydro-Pyran-4-Yl}-N-Hydroxy-Acetamide (DB02049)","0.8529","http://www.drugbank.ca/drugs/DB02049"
"358","N-[2-methyl-5-(methylcarbamoyl)phenyl]-2-{[(1R)-1-methylpropyl]amino}-1,3-thiazole-5-carboxamide (DB06991)","0.8520","http://www.drugbank.ca/drugs/DB06991"
"359","{4-[2-BENZYL-3-METHOXY-2-(METHOXYCARBONYL)-3-OXOPROPYL]PHENYL}SULFAMIC ACID (DB06989)","0.8518","http://www.drugbank.ca/drugs/DB06989"
"360","Methadone (DB00333)","0.8508","http://www.drugbank.ca/drugs/DB00333"
"361","Piboserod (DB04873)","0.8505","http://www.drugbank.ca/drugs/DB04873"
"362","Methylergometrine (DB00353)","0.8503","http://www.drugbank.ca/drugs/DB00353"
"363","Prasugrel (DB06209)","0.8501","http://www.drugbank.ca/drugs/DB06209"
"364","3-{ISOPROPYL[(TRANS-4-METHYLCYCLOHEXYL)CARBONYL]AMINO}-5-PHENYLTHIOPHENE-2-CARBOXYLIC ACID (DB08279)","0.8495","http://www.drugbank.ca/drugs/DB08279"
"365","6-Phenyl-4(R)-(7-Phenyl-Heptanoylamino)-Hexanoic Acid (DB03471)","0.8491","http://www.drugbank.ca/drugs/DB03471"
"366","Alphamethadol (DB01498)","0.8488","http://www.drugbank.ca/drugs/DB01498"
"367","(4R)-N-[4-({[2-(DIMETHYLAMINO)ETHYL]AMINO}CARBONYL)-1,3-THIAZOL-2-YL]-4-METHYL-1-OXO-2,3,4,9-TETRAHYDRO-1H-BETA-CARBOLINE-6-CARBOXAMIDE (DB07406)","0.8482","http://www.drugbank.ca/drugs/DB07406"
"368","(5r)-6-(4-{[2-(3-Iodobenzyl)-3-Oxocyclohex-1-En-1-Yl]Amino}Phenyl)-5-Methyl-4,5-Dihydropyridazin-3(2h)-One (DB01640)","0.8480","http://www.drugbank.ca/drugs/DB01640"
"369","1-[[(1E)-2-(4-CHLOROPHENYL)ETHENYL]SULFONYL]-4-[[1-(4-PYRIDINYL)-4-PIPERIDINYL]METHYL]PIPERAZINE (DB08746)","0.8475","http://www.drugbank.ca/drugs/DB08746"
"370","(1S,4S,5S)-1,4,5-TRIHYDROXY-3-[3-(PHENYLTHIO)PHENYL]CYCLOHEX-2-ENE-1-CARBOXYLIC ACID (DB08485)","0.8471","http://www.drugbank.ca/drugs/DB08485"
"371","Bepotastine (DB04890)","0.8465","http://www.drugbank.ca/drugs/DB04890"
"372","Methysergide (DB00247)","0.8464","http://www.drugbank.ca/drugs/DB00247"
"373","Trimethobenzamide (DB00662)","0.8464","http://www.drugbank.ca/drugs/DB00662"
"374","Doxapram (DB00561)","0.8453","http://www.drugbank.ca/drugs/DB00561"
"375","1-(5-BROMO-PYRIDIN-2-YL)-3-[2-(6-FLUORO-2-HYDROXY-3-PROPIONYL-PHENYL)-CYCLOPROPYL]-UREA (DB07451)","0.8449","http://www.drugbank.ca/drugs/DB07451"
"376","Levomethadyl Acetate (DB01227)","0.8437","http://www.drugbank.ca/drugs/DB01227"
"377","Methadyl Acetate (DB01433)","0.8437","http://www.drugbank.ca/drugs/DB01433"
"378","Betacetylmethadol (DB01522)","0.8437","http://www.drugbank.ca/drugs/DB01522"
"379","Alphacetylmethadol (DB01555)","0.8437","http://www.drugbank.ca/drugs/DB01555"
"380","CRA_11092 (DB03555)","0.8437","http://www.drugbank.ca/drugs/DB03555"
"381","5-ETHYL-3-[(2-METHOXYETHYL)METHYLAMINO]-6-METHYL-4-(3-METHYLBENZYL)PYRIDIN-2(1H)-ONE (DB07018)","0.8432","http://www.drugbank.ca/drugs/DB07018"
"382","(5Z)-5-[(5-ETHYL-2-FURYL)METHYLENE]-2-{[(S)-(4-FLUOROPHENYL)(1H-TETRAZOL-5-YL)METHYL]AMINO}-1,3-THIAZOL-4(5H)-ONE (DB08710)","0.8422","http://www.drugbank.ca/drugs/DB08710"
"383","GTS-21 (DB05708)","0.8421","http://www.drugbank.ca/drugs/DB05708"
"384","N-{3-[(7ar,12as,12bs)-7-Oxo-1,3,4,6,7,7a,12a,12b-Octahydroindolo[2,3-a]Quinolizin-12(2h)-Yl]Propyl}Propane-2-Sulfonamide (DB01967)","0.8406","http://www.drugbank.ca/drugs/DB01967"
"385","Piclamilast (DB01791)","0.8402","http://www.drugbank.ca/drugs/DB01791"
"386","Moxifloxacin (DB00218)","0.8397","http://www.drugbank.ca/drugs/DB00218"
"387","(3R,4S)-1-[(4-amino-5H-pyrrolo[3,2-d]pyrimidin-7-yl)methyl]-4-[(benzylsulfanyl)methyl]pyrrolidin-3-ol (DB07649)","0.8383","http://www.drugbank.ca/drugs/DB07649"
"388","5-bromo-N-(3-chloro-2-(4-(prop-2-ynyl)piperazin-1-yl)phenyl)furan-2-carboxamide (DB08021)","0.8382","http://www.drugbank.ca/drugs/DB08021"
"389","{4-[4-hydroxy-3-(1-methylethyl)benzyl]-3,5-dimethylphenoxy}acetic acid (DB07425)","0.8380","http://www.drugbank.ca/drugs/DB07425"
"390","4-((3r,4s,5r)-4-Amino-3,5-Dihydroxy-Hex-1-Ynyl)-5-Fluoro-3-[1-(3-Methoxy-1h-Pyrrol-2-Yl)-Meth-(Z)-Ylidene]-1,3-Dihydro-Indol-2-One (DB03737)","0.8363","http://www.drugbank.ca/drugs/DB03737"
"391","4-[[(1E)-2-(4-CHLOROPHENYL)ETHENYL]SULFONYL]-1-[[1-(4-PYRIDINYL)-4-PIPERIDINYL]METHYL]PIPERAZINONE (DB08745)","0.8361","http://www.drugbank.ca/drugs/DB08745"
"392","1-{3-[(4-pyridin-2-ylpiperazin-1-yl)sulfonyl]phenyl}-3-(1,3-thiazol-2-yl)urea (DB07817)","0.8353","http://www.drugbank.ca/drugs/DB07817"
"393","N-(4-AMINO-5-CYANO-6-ETHOXYPYRIDIN-2-YL)-2-(4-BROMO-2,5-DIMETHOXYPHENYL)ACETAMIDE (DB07272)","0.8347","http://www.drugbank.ca/drugs/DB07272"
"394","Dolutegravir (DB08930)","0.8338","http://www.drugbank.ca/drugs/DB08930"
"395","6-CHLORO-4-(CYCLOHEXYLSULFINYL)-3-PROPYLQUINOLIN-2(1H)-ONE (DB07869)","0.8329","http://www.drugbank.ca/drugs/DB07869"
"396","1-[2-(3-ACETYL-2-HYDROXY-6-METHOXY-PHENYL)-CYCLOPROPYL]-3-(5-CYANO-PYRIDIN-2-YL)-THIOUREA (DB08212)","0.8320","http://www.drugbank.ca/drugs/DB08212"
"397","Rotigotine (DB05271)","0.8318","http://www.drugbank.ca/drugs/DB05271"
"398","Rosuvastatin (DB01098)","0.8315","http://www.drugbank.ca/drugs/DB01098"
"399","Prazosin (DB00457)","0.8314","http://www.drugbank.ca/drugs/DB00457"
"400","GM6001 (DB02255)","0.8308","http://www.drugbank.ca/drugs/DB02255"
"401","(3ASR,4RS,8ASR,8BRS)-4-(2-(4-FLUOROBENZYL)-1,3-DIOXODEACAHYDROPYRROLO[3,4-A] PYRROLIZIN-4-YL)BENZAMIDINE (DB07796)","0.8297","http://www.drugbank.ca/drugs/DB07796"
"402","Trovafloxacin (DB00685)","0.8295","http://www.drugbank.ca/drugs/DB00685"
"403","Quinine (DB00468)","0.8277","http://www.drugbank.ca/drugs/DB00468"
"404","Quinidine (DB00908)","0.8277","http://www.drugbank.ca/drugs/DB00908"
"405","3-Methylthiofentanyl (DB01439)","0.8274","http://www.drugbank.ca/drugs/DB01439"
"406","Alpha-methylthiofentanyl (DB01470)","0.8257","http://www.drugbank.ca/drugs/DB01470"
"407","5-CYANO-N-(2,5-DIMETHOXYBENZYL)-6-ETHOXYPYRIDINE-2-CARBOXAMIDE (DB07276)","0.8251","http://www.drugbank.ca/drugs/DB07276"
"408","Alogliptin  (DB06203)","0.8251","http://www.drugbank.ca/drugs/DB06203"
"409","Sunitinib (DB01268)","0.8249","http://www.drugbank.ca/drugs/DB01268"
"410","5-[(E)-(5-CHLORO-2-OXO-1,2-DIHYDRO-3H-INDOL-3-YLIDENE)METHYL]-N-[2-(DIETHYLAMINO)ETHYL]-2,4-DIMETHYL-1H-PYRROLE-3-CARBOXAMIDE (DB08009)","0.8249","http://www.drugbank.ca/drugs/DB08009"
"411","Pipazethate (DB08796)","0.8234","http://www.drugbank.ca/drugs/DB08796"
"412","AG3340 (DB05100)","0.8234","http://www.drugbank.ca/drugs/DB05100"
"413","(METHYLPYRIDAZINE PIPERIDINE ETHYLOXYPHENYL)ETHYLACETATE (DB08012)","0.8209","http://www.drugbank.ca/drugs/DB08012"
"414","2-CHLORO-N-(3-CYANO-5,6-DIHYDRO-4H-CYCLOPENTA[B]THIOPHEN-2-YL)-5-DIETHYLSULFAMOYL-BENZAMIDE (DB06970)","0.8201","http://www.drugbank.ca/drugs/DB06970"
"415","Disopyramide (DB00280)","0.8191","http://www.drugbank.ca/drugs/DB00280"
"416","N-(5,5,8,8-Tetramethyl-5,8-Dihydro-Naphthalen-2-Yl)-Terephthalamic Acid (DB03873)","0.8188","http://www.drugbank.ca/drugs/DB03873"
"417","Pergolide (DB01186)","0.8175","http://www.drugbank.ca/drugs/DB01186"
"418","3-({[(3S)-3,4-dihydroxybutyl]oxy}amino)-1H,2'H-2,3'-biindol-2'-one (DB07676)","0.8175","http://www.drugbank.ca/drugs/DB07676"
"419","Sufentanil (DB00708)","0.8151","http://www.drugbank.ca/drugs/DB00708"
"420","N'-(6-aminopyridin-3-yl)-N-(2-cyclopentylethyl)-4-methyl-benzene-1,3-dicarboxamide (DB07537)","0.8149","http://www.drugbank.ca/drugs/DB07537"
"421","2-[4-(4-Chlorophenyl)Cyclohexylidene]-3,4-Dihydroxy-1(2h)-Naphthalenone (DB04281)","0.8144","http://www.drugbank.ca/drugs/DB04281"
"422","Dipipanone (DB01491)","0.8144","http://www.drugbank.ca/drugs/DB01491"
"423","AS-3201 (DB05327)","0.8128","http://www.drugbank.ca/drugs/DB05327"
"424","2-{4-[2-(2-AMINO-4-OXO-4,7-DIHYDRO-3H-PYRROLO[2,3-D]PYRIMIDIN-5-YL)-ETHYL]-BENZOYLAMINO}-3-METHYL-BUTYRIC ACID (DB08131)","0.8109","http://www.drugbank.ca/drugs/DB08131"
"425","(1S,2S,5S)2-(4-GLUTARIDYLBENZYL)-5-PHENYL-1-CYCLOHEXANOL (DB07909)","0.8106","http://www.drugbank.ca/drugs/DB07909"
"426","Ridogrel (DB01207)","0.8080","http://www.drugbank.ca/drugs/DB01207"
"427","5-(3,5-DICHLOROPHENYL)THIO-4-ISOPROPYL-1-(PYRIDIN-4-YL-METHYL)-1H-IMIDAZOL-2-YL-METHYL CARBAMATE (DB08502)","0.8067","http://www.drugbank.ca/drugs/DB08502"
"428","Pemetrexed (DB00642)","0.8048","http://www.drugbank.ca/drugs/DB00642"
"429","Mercaptocarboxylate Inhibitor (DB02706)","0.8045","http://www.drugbank.ca/drugs/DB02706"
"430","2-{[(1R,2S)-2-aminocyclohexyl]amino}-4-[(3-methylphenyl)amino]pyrimidine-5-carboxamide (DB08361)","0.8038","http://www.drugbank.ca/drugs/DB08361"
"431","Sildenafil (DB00203)","0.8024","http://www.drugbank.ca/drugs/DB00203"
"432","N-[4-(1-BENZOYLPIPERIDIN-4-YL)BUTYL]-3-PYRIDIN-3-YLPROPANAMIDE (DB07656)","0.8023","http://www.drugbank.ca/drugs/DB07656"
"433","(METHYLPYRIDAZINE PIPERIDINE PROPYLOXYPHENYL)ETHYLACETATE (DB08013)","0.8022","http://www.drugbank.ca/drugs/DB08013"
"434","Tamibarotene (DB04942)","0.8004","http://www.drugbank.ca/drugs/DB04942"
"435","Tazarotene (DB00799)","0.7973","http://www.drugbank.ca/drugs/DB00799"
"436","Bortezomib (DB00188)","0.7967","http://www.drugbank.ca/drugs/DB00188"
"437","N-[(1R)-1-(DIHYDROXYBORYL)-3-METHYLBUTYL]-N-(PYRAZIN-2-YLCARBONYL)-L-PHENYLALANINAMIDE (DB07475)","0.7967","http://www.drugbank.ca/drugs/DB07475"
"438","(2S)-8-[(tert-butoxycarbonyl)amino]-2-(1H-indol-3-yl)octanoic acid (DB06982)","0.7947","http://www.drugbank.ca/drugs/DB06982"
"439","5-(5-(4-(4,5-DIHYDRO-2-OXAZOLY)PHENOXY)PENTYL)-3-METHYL ISOXAZOLE (DB08720)","0.7913","http://www.drugbank.ca/drugs/DB08720"
"440","Granisetron (DB00889)","0.7913","http://www.drugbank.ca/drugs/DB00889"
"441","2-{3-[(2S)-4,4-difluoro-2-(pyrrolidin-1-ylcarbonyl)pyrrolidin-1-yl]-3-oxopropyl}-isoindole-1,3(2H)-dione (DB08739)","0.7901","http://www.drugbank.ca/drugs/DB08739"
"442","2,5-bis-o-{3-[amino(imino)methyl]phenyl}-1,4:3,6-dianhydro-d-glucitol (DB04790)","0.7898","http://www.drugbank.ca/drugs/DB04790"
"443","2-O-(4'-AMIDINOPHENYL)-5-O-(3''-AMIDINOPHENYL)-1,4:3,6-DIANHYDRO-D-SORBITOL (DB04791)","0.7898","http://www.drugbank.ca/drugs/DB04791"
"444","2,5-O,O-BIS-{4',4''-AMIDINOPHENYL}-1,4:3,6-DIANHYDRO-D-SORBITOL (DB04792)","0.7898","http://www.drugbank.ca/drugs/DB04792"
"445","2-O-(3'-AMIDINOPHENYL)-5-O-(4''-AMIDINOPHENYL}-1,4:3,6-DIANHYDRO-D-SORBITOL (DB04793)","0.7898","http://www.drugbank.ca/drugs/DB04793"
"446","Tofisopam (DB08811)","0.7897","http://www.drugbank.ca/drugs/DB08811"
"447","1-(5-CHLORO-2-METHOXYPHENYL)-3-{6-[2-(DIMETHYLAMINO)-1-METHYLETHOXY]PYRAZIN-2-YL}UREA (DB07228)","0.7896","http://www.drugbank.ca/drugs/DB07228"
"448","5-(5-(6-CHLORO-4-(4,5-DIHYDRO-2-OXAZOLYL)PHENOXY)PENTYL)-3-METHYL ISOXAZOLE (DB08719)","0.7860","http://www.drugbank.ca/drugs/DB08719"
"449","(METHYLPYRIDAZINE PIPERIDINE BUTYLOXYPHENYL)ETHYLACETATE (DB08014)","0.7828","http://www.drugbank.ca/drugs/DB08014"
"450","(3AALPHA,4ALPHA,7ALPHA,7AALPHA)- 3A,4,7,7A-TETRAHYDRO-2-(4-NITRO-1-NAPHTHALENYL)-4,7-ETHANO-1H-ISOINDOLE-1,3(2H)-DIONE (DB04709)","0.7826","http://www.drugbank.ca/drugs/DB04709"
"451","Eprosartan (DB00876)","0.7819","http://www.drugbank.ca/drugs/DB00876"
"452","(3AS,4R,9BR)-4-(4-HYDROXYPHENYL)-6-(METHOXYMETHYL)-1,2,3,3A,4,9B-HEXAHYDROCYCLOPENTA[C]CHROMEN-8-OL (DB08020)","0.7809","http://www.drugbank.ca/drugs/DB08020"
"453","5-(5-(4-(5-HYDRO-4-METHYL-2-OXAZOLYL)PHENOXY)PENTYL)-3-METHYL ISOXAZOLE (DB08724)","0.7779","http://www.drugbank.ca/drugs/DB08724"
"454","Dolasetron (DB00757)","0.7680","http://www.drugbank.ca/drugs/DB00757"
"455","N-(3-chlorophenyl)-N-methyl-2-oxo-3-[(3,4,5-trimethyl-1H-pyrrol-2-yl)methyl]-2H-indole-5-sulfonamide (DB07369)","0.7651","http://www.drugbank.ca/drugs/DB07369"
"456","Bis-Benzamidine (DB02081)","0.7627","http://www.drugbank.ca/drugs/DB02081"
"457","2-[4-(2H-1,4-BENZOTHIAZINE-3-YL)-PIPERAZINE-1-LY]-1,3-THIAZOLE-4-CARBOXYLIC ACID ETHYLESTER (DB08540)","0.7613","http://www.drugbank.ca/drugs/DB08540"
"458","Permethrin (DB04930)","0.7603","http://www.drugbank.ca/drugs/DB04930"
"459","TTNPB (DB02877)","0.7577","http://www.drugbank.ca/drugs/DB02877"
"460","Batimastat (DB03880)","0.7568","http://www.drugbank.ca/drugs/DB03880"
"461","N-[(5R,14R)-5-AMINO-5,14-DIMETHYL-4-OXO-3-OXA-18-AZATRICYCLO[15.3.1.1~7,11~]DOCOSA-1(21),7(22),8,10,17,19-HEXAEN-19-YL]-N-METHYLMETHANESULFONAMIDE (DB07019)","0.7567","http://www.drugbank.ca/drugs/DB07019"
"462","5-(7-(4-(4,5-DIHYDRO-2-OXAZOLYL)PHENOXY)HEPTYL)-3-METHYL ISOXAZOLE (DB08726)","0.7566","http://www.drugbank.ca/drugs/DB08726"
"463","4-[3-Oxo-3-(5,5,8,8-Tetramethyl-5,6,7,8-Tetrahydro-Naphthalen-2-Yl)-Propenyl]-Benzoic Acid (DB02466)","0.7562","http://www.drugbank.ca/drugs/DB02466"
"464","N-butyl-3-{[6-(9H-purin-6-ylamino)hexanoyl]amino}benzamide (DB07801)","0.7555","http://www.drugbank.ca/drugs/DB07801"
"465","Glipizide (DB01067)","0.7503","http://www.drugbank.ca/drugs/DB01067"
"466","17-METHYL-17-ALPHA-DIHYDROEQUILENIN (DB06871)","0.7485","http://www.drugbank.ca/drugs/DB06871"
"467","4-{[4-AMINO-6-(CYCLOHEXYLMETHOXY)-5-NITROSOPYRIMIDIN-2-YL]AMINO}BENZAMIDE (DB08572)","0.7482","http://www.drugbank.ca/drugs/DB08572"
"468","Maprotiline (DB00934)","0.7460","http://www.drugbank.ca/drugs/DB00934"
"469","5-(7-(5-HYDRO-4-METHYL-2-OXAZOLYL)PHENOXY)HEPTYL)-3-METHYL ISOXAZOLE (DB08727)","0.7427","http://www.drugbank.ca/drugs/DB08727"
"470","N-[(1S)-1-{1-[(1R,3E)-1-ACETYLPENT-3-EN-1-YL]-1H-1,2,3-TRIAZOL-4-YL}-1,2-DIMETHYLPROPYL]BENZAMIDE (DB07878)","0.7420","http://www.drugbank.ca/drugs/DB07878"
"471","N-[(2R)-2-{[(2S)-2-(1,3-benzoxazol-2-yl)pyrrolidin-1-yl]carbonyl}hexyl]-N-hydroxyformamide (DB08310)","0.7408","http://www.drugbank.ca/drugs/DB08310"
"472","5-(7-(6-CHLORO-4-(5-HYDRO-4-METHYL-2-OXAZOLYL)PHENOXY)HEPTYL)-3-METHYL ISOXAZOLE (DB08722)","0.7390","http://www.drugbank.ca/drugs/DB08722"
"473","Bexarotene (DB00307)","0.7379","http://www.drugbank.ca/drugs/DB00307"
"474","1-Allyl-3-Butyl-8-(N-Acetyl-4-Aminobenzyl)-Xanthine (DB03267)","0.7345","http://www.drugbank.ca/drugs/DB03267"
"475","(4aS)-5-[(2,4-diaminopteridin-6-yl)methyl]-4a,5-dihydro-2H-dibenzo[b,f]azepin-8-ol (DB08448)","0.7317","http://www.drugbank.ca/drugs/DB08448"
"476","6-(3',5'-DIMETHYLBENZYL)-1-ETHOXYMETHYL-5-ISOPROPYLURACIL (DB07820)","0.7316","http://www.drugbank.ca/drugs/DB07820"
"477","5-(7-(5-HYDRO-4-ETHYL-2-OXAZOLYL)PHENOXY)HEPTYL)-3-METHYL ISOXAZOLE (DB08725)","0.7256","http://www.drugbank.ca/drugs/DB08725"
"478","2-({8-[(3R)-3-AMINOPIPERIDIN-1-YL]-1,3-DIMETHYL-2,6-DIOXO-1,2,3,6-TETRAHYDRO-7H-PURIN-7-YL}METHYL)BENZONITRILE (DB08743)","0.7173","http://www.drugbank.ca/drugs/DB08743"
"479","(6AR,11AS,11BR)-10-ACETYL-9-HYDROXY-7,7-DIMETHYL-2,6,6A,7,11A,11B-HEXAHYDRO-11H-PYRROLO[1',2':2,3]ISOINDOLO[4,5,6-CD]INDOL-11-ONE (DB07604)","0.7162","http://www.drugbank.ca/drugs/DB07604"
"480","(3-ENDO)-8-METHYL-8-AZABICYCLO[3.2.1]OCT-3-YL 1H-PYRROLO[2,3-B]PYRIDINE-3-CARBOXYLATE (DB07243)","0.7135","http://www.drugbank.ca/drugs/DB07243"
"481","Isradipine (DB00270)","0.7045","http://www.drugbank.ca/drugs/DB00270"
"482","6-methyl-5-[3-methyl-3-(3,4,5-trimethoxyphenyl)but-1-yn-1-yl]pyrimidine-2,4-diamine (DB07153)","0.7016","http://www.drugbank.ca/drugs/DB07153"
"483","4-(6-CYCLOHEXYLMETHOXY-9H-PURIN-2-YLAMINO)--BENZAMIDE (DB08241)","0.6964","http://www.drugbank.ca/drugs/DB08241"
"484","4-{[5-(CYCLOHEXYLMETHOXY)[1,2,4]TRIAZOLO[1,5-A]PYRIMIDIN-7-YL]AMINO}BENZENESULFONAMIDE (DB07685)","0.6923","http://www.drugbank.ca/drugs/DB07685"
"485","5-[[(2R)-2-cyclopropyl-7,8-dimethoxy-2H-chromen-5-yl]methyl]pyrimidine-2,4-diamine (DB08741)","0.6904","http://www.drugbank.ca/drugs/DB08741"
"486","(2-AMINO-3-PHENYL-BICYCLO[2.2.1]HEPT-2-YL)-PHENYL-METHANONE (DB07883)","0.6895","http://www.drugbank.ca/drugs/DB07883"
"487","RWJ-51084 (DB03251)","0.6891","http://www.drugbank.ca/drugs/DB03251"
"488","Procyclidine (DB00387)","0.6790","http://www.drugbank.ca/drugs/DB00387"
"489","Cilostazol (DB01166)","0.6783","http://www.drugbank.ca/drugs/DB01166"
"490","O6-CYCLOHEXYLMETHOXY-2-(4'-SULPHAMOYLANILINO) PURINE (DB07126)","0.6770","http://www.drugbank.ca/drugs/DB07126"
"491","3-(6-CYCLOHEXYLMETHOXY-9H-PURIN-2-YLAMINO)-BENZENESULFONAMIDE (DB08248)","0.6770","http://www.drugbank.ca/drugs/DB08248"
"492","5-[[(2R)-2-cyclopropyl-7,8-dimethoxy-chroman-5-yl]methyl]pyrimidine-2,4-diamine (DB07938)","0.6556","http://www.drugbank.ca/drugs/DB07938"
"493","Oxyphencyclimine (DB00383)","0.6528","http://www.drugbank.ca/drugs/DB00383"
"494","(5R)-N,N-DIETHYL-5-METHYL-2-[(THIOPHEN-2-YLCARBONYL)AMINO]-4,5,6,7-TETRAHYDRO-1-BENZOTHIOPHENE-3-CARBOXAMIDE (DB08033)","0.6320","http://www.drugbank.ca/drugs/DB08033"
"495","(2S,3S)-3-{3-[2-chloro-4-(methylsulfonyl)phenyl]-1,2,4-oxadiazol-5-yl}-1-cyclopentylidene-4-cyclopropyl-1-fluorobutan-2-amine (DB06994)","0.6302","http://www.drugbank.ca/drugs/DB06994"
"496","Tiagabine (DB00906)","0.6242","http://www.drugbank.ca/drugs/DB00906"
"497","Cinalukast (DB00587)","0.6146","http://www.drugbank.ca/drugs/DB00587"
"498","tert-butyl 4-(3-thiophen-2-yl-1,2,4-oxadiazol-5-yl)piperidine-1-carboxylate (DB08469)","0.5889","http://www.drugbank.ca/drugs/DB08469"
"499","6-[1-(3,5,5,8,8-Pentamethyl-5,6,7,8-Tetrahydronaphthalen-2-Yl)Cyclopropyl]Pyridine-3-Carboxylic Acid (DB01941)","0.5707","http://www.drugbank.ca/drugs/DB01941"
"500","KW-3902 (DB05360)","0.2733","http://www.drugbank.ca/drugs/DB05360"
