"","DrugBank Compound (Name, ID)","Similarity to ","Link"
"1","Vorinostat (DB02546)","1.0000","http://www.drugbank.ca/drugs/DB02546"
"2","N-Cyclohexyl-N'-(4-Iodophenyl)Urea (DB02029)","0.9662","http://www.drugbank.ca/drugs/DB02029"
"3","2-(cyclohexylamino)benzoic acid (DB07038)","0.9660","http://www.drugbank.ca/drugs/DB07038"
"4","4-(N-ACETYLAMINO)-3-[N-(2-ETHYLBUTANOYLAMINO)]BENZOIC ACID (DB07762)","0.9618","http://www.drugbank.ca/drugs/DB07762"
"5","N-[(2R)-2-benzyl-4-(hydroxyamino)-4-oxobutanoyl]-L-alanine (DB08040)","0.9607","http://www.drugbank.ca/drugs/DB08040"
"6","N-Cyclohexyl-N'-(Propyl)Phenyl Urea (DB04213)","0.9540","http://www.drugbank.ca/drugs/DB04213"
"7","Lisdexamfetamine (DB01255)","0.9483","http://www.drugbank.ca/drugs/DB01255"
"8","9,9,9-TRIFLUORO-8-OXO-N-PHENYLNONANAMIDE (DB07553)","0.9481","http://www.drugbank.ca/drugs/DB07553"
"9","4-HYDROXY-3-NITROPHENYLACETYL-EPSILON-AMINOCAPROIC ACID ANION (DB08295)","0.9479","http://www.drugbank.ca/drugs/DB08295"
"10","Bestatin (DB03424)","0.9447","http://www.drugbank.ca/drugs/DB03424"
"11","Aminoglutethimide (DB00357)","0.9441","http://www.drugbank.ca/drugs/DB00357"
"12","(1R)-2-METHYL-1-(PHENYLMETHYL)PROPYL[(1S)-1-FORMYLPENTYL]CARBAMATE (DB07592)","0.9439","http://www.drugbank.ca/drugs/DB07592"
"13","4-Dimethylamino-N-(6-Hydroxycarbamoyethyl)Benzamide-N-Hydroxy-7-(4-Dimethyla Minobenzoyl)Aminoheptanamide (DB02565)","0.9428","http://www.drugbank.ca/drugs/DB02565"
"14","2-ACETYLAMINO-4-METHYL-PENTANOIC ACID (1-FORMYL-2-PHENYL-ETHYL)-AMIDE (DB07749)","0.9414","http://www.drugbank.ca/drugs/DB07749"
"15","Methylphenidate (DB00422)","0.9412","http://www.drugbank.ca/drugs/DB00422"
"16","Dexmethylphenidate (DB06701)","0.9412","http://www.drugbank.ca/drugs/DB06701"
"17","4-HYDROXY-5-IODO-3-NITROPHENYLACETYL-EPSILON-AMINOCAPROIC ACID ANION (DB08273)","0.9395","http://www.drugbank.ca/drugs/DB08273"
"18","Hexylcaine (DB00473)","0.9387","http://www.drugbank.ca/drugs/DB00473"
"19","Glutethimide (DB01437)","0.9352","http://www.drugbank.ca/drugs/DB01437"
"20","Thiorphan (DB08626)","0.9340","http://www.drugbank.ca/drugs/DB08626"
"21","4-bromo-2-{[(3R,5S)-3,5-dimethylpiperidin-1-yl]carbonyl}aniline (DB08579)","0.9335","http://www.drugbank.ca/drugs/DB08579"
"22","(S)-2-(MERCAPTOMETHYL)-5-PHENYLPENTANOIC ACID (DB08161)","0.9330","http://www.drugbank.ca/drugs/DB08161"
"23","[1-(3-CHLORO-2-FORMYL-PHENYLCARBAMOYL)-2-METHYL-PROPYL]-CARBAMIC ACID TERT-BUTYL ESTER (DB07956)","0.9324","http://www.drugbank.ca/drugs/DB07956"
"24","(3S)-1-CYCLOHEXYL-5-OXO-N-PHENYLPYRROLIDINE-3-CARBOXAMIDE (DB07155)","0.9322","http://www.drugbank.ca/drugs/DB07155"
"25","Ketamine (DB01221)","0.9322","http://www.drugbank.ca/drugs/DB01221"
"26","Heptanyl-P-Phenol (DB03941)","0.9318","http://www.drugbank.ca/drugs/DB03941"
"27","(3S)-1-(4-acetylphenyl)-5-oxopyrrolidine-3-carboxylic acid (DB07825)","0.9315","http://www.drugbank.ca/drugs/DB07825"
"28","Tapentadol (DB06204)","0.9310","http://www.drugbank.ca/drugs/DB06204"
"29","Acetohexamide (DB00414)","0.9309","http://www.drugbank.ca/drugs/DB00414"
"30","(1S,2R)-2-[(2,5-difluorophenyl)carbamoyl]cyclopropanecarboxylic acid (DB07808)","0.9289","http://www.drugbank.ca/drugs/DB07808"
"31","(3S)-N-(3-BROMOPHENYL)-1-CYCLOHEXYL-5-OXOPYRROLIDINE-3-CARBOXAMIDE (DB07192)","0.9284","http://www.drugbank.ca/drugs/DB07192"
"32","Embutramide (DB01487)","0.9256","http://www.drugbank.ca/drugs/DB01487"
"33","PHENYL[1-(N-SUCCINYLAMINO)PENTYL]PHOSPHONATE (DB07893)","0.9254","http://www.drugbank.ca/drugs/DB07893"
"34","4-HYDROXYBENZALDEHYDE O-(CYCLOHEXYLCARBONYL)OXIME (DB08333)","0.9253","http://www.drugbank.ca/drugs/DB08333"
"35","Dyclonine (DB00645)","0.9250","http://www.drugbank.ca/drugs/DB00645"
"36","(2S) N-ACETYL-L-ALANYL-ALPHAL-PHENYLALANYL-CHLOROETHYLKETONE (DB07899)","0.9249","http://www.drugbank.ca/drugs/DB07899"
"37","5-PHENYL-2-KETO-VALERIC ACID (DB08050)","0.9236","http://www.drugbank.ca/drugs/DB08050"
"38","1-Phenylcyclohexylamine (DB01506)","0.9225","http://www.drugbank.ca/drugs/DB01506"
"39","4-HYDROXYBENZALDEHYDE O-(3,3-DIMETHYLBUTANOYL)OXIME (DB08335)","0.9205","http://www.drugbank.ca/drugs/DB08335"
"40","(2S,3S)-3-FORMYL-2-({[(4-NITROPHENYL)SULFONYL]AMINO}METHYL)PENTANOIC ACID (DB08641)","0.9200","http://www.drugbank.ca/drugs/DB08641"
"41","(2S,3S)-3-FORMYL-2-({[(4-METHYLPHENYL)SULFONYL]AMINO}METHYL)PENTANOIC ACID (DB08640)","0.9195","http://www.drugbank.ca/drugs/DB08640"
"42","4-(2,5-DIAMINO-5-HYDROXY-PENTYL)-PHENOL (DB07353)","0.9190","http://www.drugbank.ca/drugs/DB07353"
"43","3-FLUORO-4-HYDROXYBENZALDEHYDE O-(CYCLOHEXYLCARBONYL)OXIME (DB08334)","0.9189","http://www.drugbank.ca/drugs/DB08334"
"44","L-BENZYLSUCCINIC ACID (DB07506)","0.9179","http://www.drugbank.ca/drugs/DB07506"
"45","Pethidine (DB00454)","0.9172","http://www.drugbank.ca/drugs/DB00454"
"46","Alpha-Amino-2-Indanacetic Acid (DB04061)","0.9169","http://www.drugbank.ca/drugs/DB04061"
"47","2-[(CYCLOPROPYLCARBONYL)AMINO]-4,5,6,7-TETRAHYDRO-1-BENZOTHIOPHENE-3-CARBOXAMIDE (DB07398)","0.9161","http://www.drugbank.ca/drugs/DB07398"
"48","PARA-NITROBENZYL GLUTARYL GLYCINIC ACID (DB08410)","0.9152","http://www.drugbank.ca/drugs/DB08410"
"49","(5S)-2-{[(1S)-1-(4-fluorophenyl)ethyl]amino}-5-(1-hydroxy-1-methylethyl)-5-methyl-1,3-thiazol-4(5H)-one (DB07017)","0.9149","http://www.drugbank.ca/drugs/DB07017"
"50","(2R)-2-benzyl-3-nitropropanoic acid (DB06924)","0.9148","http://www.drugbank.ca/drugs/DB06924"
"51","HEXYLPHOSPHONIC ACID (R)-2-METHYL-3-PHENYLPROPYL ESTER (DB06965)","0.9146","http://www.drugbank.ca/drugs/DB06965"
"52","HEXYLPHOSPHONIC ACID (S)-2-METHYL-3-PHENYLPROPYL ESTER (DB06966)","0.9146","http://www.drugbank.ca/drugs/DB06966"
"53","L-2-Amino-4-[2-Aminophenyl]-4-Oxobutanoic Acid (DB02070)","0.9144","http://www.drugbank.ca/drugs/DB02070"
"54","N-[(1S)-5-amino-1-(chloroacetyl)pentyl]-4-methylbenzenesulfonamide (DB08603)","0.9144","http://www.drugbank.ca/drugs/DB08603"
"55","(3S)-1-(2-hydroxyphenyl)-5-oxopyrrolidine-3-carboxylic acid (DB07057)","0.9143","http://www.drugbank.ca/drugs/DB07057"
"56","3-(heptyloxy)benzoic acid (DB07355)","0.9139","http://www.drugbank.ca/drugs/DB07355"
"57","N-[(2R)-5-(aminosulfonyl)-2,3-dihydro-1H-inden-2-yl]-2-propylpentanamide (DB07048)","0.9135","http://www.drugbank.ca/drugs/DB07048"
"58","Ketobemidone (DB06738)","0.9134","http://www.drugbank.ca/drugs/DB06738"
"59","4-(quinolin-3-ylmethyl)piperidine-1-carboxylic acid (DB08385)","0.9127","http://www.drugbank.ca/drugs/DB08385"
"60","NGX-4010 (DB05318)","0.9126","http://www.drugbank.ca/drugs/DB05318"
"61","Alphameprodine (DB01499)","0.9124","http://www.drugbank.ca/drugs/DB01499"
"62","Betameprodine (DB01552)","0.9124","http://www.drugbank.ca/drugs/DB01552"
"63","Betaprodine (DB01473)","0.9116","http://www.drugbank.ca/drugs/DB01473"
"64","Allylprodine (DB01542)","0.9115","http://www.drugbank.ca/drugs/DB01542"
"65","Acebutolol (DB01193)","0.9105","http://www.drugbank.ca/drugs/DB01193"
"66","3-{[(1r)-1-Benzyl-2-Sulfanylethyl]Amino}-3-Oxopropanoic Acid (DB01935)","0.9104","http://www.drugbank.ca/drugs/DB01935"
"67","IMAZAQUIN (DB04582)","0.9101","http://www.drugbank.ca/drugs/DB04582"
"68","(5R)-2-[(2-fluorophenyl)amino]-5-(1-methylethyl)-1,3-thiazol-4(5H)-one (DB08771)","0.9097","http://www.drugbank.ca/drugs/DB08771"
"69","1-(4-HEXYLPHENYL)PROP-2-EN-1-ONE (DB08085)","0.9086","http://www.drugbank.ca/drugs/DB08085"
"70","(2R)-2-{[(4-FLUORO-3-METHYLPHENYL)SULFONYL]AMINO}-N-HYDROXY-2-TETRAHYDRO-2H-PYRAN-4-YLACETAMIDE (DB07290)","0.9082","http://www.drugbank.ca/drugs/DB07290"
"71","Carteolol (DB00521)","0.9078","http://www.drugbank.ca/drugs/DB00521"
"72","SCV-07 (DB05475)","0.9077","http://www.drugbank.ca/drugs/DB05475"
"73","4-[3-(Cyclopentyloxy)-4-Methoxyphenyl]-2-Pyrrolidinone (DB01954)","0.9074","http://www.drugbank.ca/drugs/DB01954"
"74","(S)-Rolipram (DB03606)","0.9074","http://www.drugbank.ca/drugs/DB03606"
"75","(R)-Rolipram (DB04149)","0.9074","http://www.drugbank.ca/drugs/DB04149"
"76","Aspartame (DB00168)","0.9072","http://www.drugbank.ca/drugs/DB00168"
"77","4-(2-AMINOPHENYL)-4-OXOBUTANOIC ACID (DB08060)","0.9071","http://www.drugbank.ca/drugs/DB08060"
"78","Chlorambucil (DB00291)","0.9067","http://www.drugbank.ca/drugs/DB00291"
"79","(2R)-4,4-dihydroxy-5-nitro-2-(phenylmethyl)pentanoic acid (DB07484)","0.9059","http://www.drugbank.ca/drugs/DB07484"
"80","Milnacipran (DB04896)","0.9058","http://www.drugbank.ca/drugs/DB04896"
"81","Levomilnacipran (DB08918)","0.9058","http://www.drugbank.ca/drugs/DB08918"
"82","Bupivacaine (DB00297)","0.9049","http://www.drugbank.ca/drugs/DB00297"
"83","Levobupivacaine (DB01002)","0.9049","http://www.drugbank.ca/drugs/DB01002"
"84","desmethylprodine (DB01478)","0.9048","http://www.drugbank.ca/drugs/DB01478"
"85","Methsuximide (DB05246)","0.9043","http://www.drugbank.ca/drugs/DB05246"
"86","7-[4-(Dimethylamino)Phenyl]-N-Hydroxy-4,6-Dimethyl-7-Oxo-2,4-Heptadienamide (DB04297)","0.9032","http://www.drugbank.ca/drugs/DB04297"
"87","Gliclazide (DB01120)","0.9028","http://www.drugbank.ca/drugs/DB01120"
"88","2-[1-METHYLHEXYL]-4,6-DINITROPHENOL (DB07671)","0.9017","http://www.drugbank.ca/drugs/DB07671"
"89","Metyrosine (DB00765)","0.9008","http://www.drugbank.ca/drugs/DB00765"
"90","N-[1H-INDOL-3-YL-ACETYL]VALINE ACID (DB07953)","0.9002","http://www.drugbank.ca/drugs/DB07953"
"91","Nateglinide (DB00731)","0.9000","http://www.drugbank.ca/drugs/DB00731"
"92","Mepivacaine (DB00961)","0.8995","http://www.drugbank.ca/drugs/DB00961"
"93","Primidone (DB00794)","0.8993","http://www.drugbank.ca/drugs/DB00794"
"94","(2E)-3-(2-OCT-1-YN-1-YLPHENYL)ACRYLIC ACID (DB08492)","0.8991","http://www.drugbank.ca/drugs/DB08492"
"95","Gemfibrozil (DB01241)","0.8989","http://www.drugbank.ca/drugs/DB01241"
"96","Hydroxy-Phenyl-Acetic Acid 8-Methyl-8-Aza-Bicyclo[3.2.1]Oct-3-Yl Ester (DB02161)","0.8986","http://www.drugbank.ca/drugs/DB02161"
"97","4-(2-aminoethyl)-2-cyclohexylphenol (DB07345)","0.8986","http://www.drugbank.ca/drugs/DB07345"
"98","(S)-blebbistatin (DB01944)","0.8983","http://www.drugbank.ca/drugs/DB01944"
"99","Bupropion (DB01156)","0.8981","http://www.drugbank.ca/drugs/DB01156"
"100","L-alanyl-N-[(1S,2R)-1-benzyl-2-hydroxypropyl]-L-alaninamide (DB08038)","0.8977","http://www.drugbank.ca/drugs/DB08038"
"101","Levosimendan (DB00922)","0.8972","http://www.drugbank.ca/drugs/DB00922"
"102","Levobunolol (DB01210)","0.8969","http://www.drugbank.ca/drugs/DB01210"
"103","N-[(1S)-1-(AMINOCARBONYL)-4-(ETHANIMIDOYLAMINO)BUTYL]BENZAMIDE (DB07449)","0.8969","http://www.drugbank.ca/drugs/DB07449"
"104","Benzoylecgonine (DB01515)","0.8958","http://www.drugbank.ca/drugs/DB01515"
"105","Phensuximide (DB00832)","0.8956","http://www.drugbank.ca/drugs/DB00832"
"106","Tramadol (DB00193)","0.8952","http://www.drugbank.ca/drugs/DB00193"
"107","Desvenlafaxine (DB06700)","0.8929","http://www.drugbank.ca/drugs/DB06700"
"108","Phenobarbital (DB01174)","0.8927","http://www.drugbank.ca/drugs/DB01174"
"109","(3R)-3-ethyl-N-[(4-methylphenyl)sulfonyl]-L-aspartic acid (DB06951)","0.8923","http://www.drugbank.ca/drugs/DB06951"
"110","Ropivacaine (DB00296)","0.8923","http://www.drugbank.ca/drugs/DB00296"
"111","Hyoscyamine (DB00424)","0.8919","http://www.drugbank.ca/drugs/DB00424"
"112","Atropine (DB00572)","0.8919","http://www.drugbank.ca/drugs/DB00572"
"113","Cyclopentolate (DB00979)","0.8912","http://www.drugbank.ca/drugs/DB00979"
"114","Venlafaxine (DB00285)","0.8907","http://www.drugbank.ca/drugs/DB00285"
"115","N'-((2S,3R)-3-AMINO-2-HYDROXY-5-(ISOPROPYLSULFANYL)PENTANOYL)-N-3-CHLOROBENZOYL HYDRAZIDE (DB07377)","0.8903","http://www.drugbank.ca/drugs/DB07377"
"116","N-Succinyl Phenylglycine (DB03299)","0.8900","http://www.drugbank.ca/drugs/DB03299"
"117","Cocaine (DB00907)","0.8882","http://www.drugbank.ca/drugs/DB00907"
"118","(3R,4R,5R)-5-(HYDROXYMETHYL)-1-(3-PHENYLPROPYL)PIPERIDINE-3,4-DIOL (DB07807)","0.8870","http://www.drugbank.ca/drugs/DB07807"
"119","N-(1-benzylpiperidin-4-yl)-4-sulfanylbutanamide (DB07734)","0.8870","http://www.drugbank.ca/drugs/DB07734"
"120","PAS219 (DB03114)","0.8854","http://www.drugbank.ca/drugs/DB03114"
"121","Prilocaine (DB00750)","0.8853","http://www.drugbank.ca/drugs/DB00750"
"122","Oxamniquine (DB01096)","0.8849","http://www.drugbank.ca/drugs/DB01096"
"123","3-AMINO-3-BENZYL-9-CARBOXAMIDE[4.3.0]BICYCLO-1,6-DIAZANONAN-2-ONE (DB07461)","0.8836","http://www.drugbank.ca/drugs/DB07461"
"124","L-PROLINE, 1-[(2S)-3-MERCAPTO-2-METHYL-1-OXOPROPYL]-4-(PHENYLTHIO)-, 4S (DB08766)","0.8832","http://www.drugbank.ca/drugs/DB08766"
"125","2-(3,4-Dihydro-3-Oxo-2h-Benzo[B][1,4]Thiazin-2-Yl)-N-Hydroxyacetamide (DB02036)","0.8829","http://www.drugbank.ca/drugs/DB02036"
"126","Ibuprofen (DB01050)","0.8806","http://www.drugbank.ca/drugs/DB01050"
"127","(2S)-2-{[HYDROXY(4-IODOBENZYL)PHOSPHORYL]METHYL}PENTANEDIOIC ACID (DB06928)","0.8778","http://www.drugbank.ca/drugs/DB06928"
"128","4-[(Isopropylamino)Methyl]Phenylalanine (DB04292)","0.8776","http://www.drugbank.ca/drugs/DB04292"
"129","Fidarestat (DB02021)","0.8768","http://www.drugbank.ca/drugs/DB02021"
"130","Fidarestat(Stereoisomer) (DB02101)","0.8768","http://www.drugbank.ca/drugs/DB02101"
"131","1-[N-4'-NITROBENZYL-N-4'-CARBOXYBUTYLAMINO]METHYLPHOSPHONIC ACID (DB07329)","0.8765","http://www.drugbank.ca/drugs/DB07329"
"132","N-[(1S)-2-methyl-1-(pyridin-4-ylcarbamoyl)propyl]cyclohexanecarboxamide (DB07560)","0.8764","http://www.drugbank.ca/drugs/DB07560"
"133","Bicifadine (DB04889)","0.8764","http://www.drugbank.ca/drugs/DB04889"
"134","L-[(N-Hydroxyamino)Carbonyl]Phenylalanine (DB02652)","0.8762","http://www.drugbank.ca/drugs/DB02652"
"135","D-[(N-Hydroxyamino)Carbonyl]Phenylalanine (DB04316)","0.8762","http://www.drugbank.ca/drugs/DB04316"
"136","Ramelteon (DB00980)","0.8760","http://www.drugbank.ca/drugs/DB00980"
"137","D-[(Amino)Carbonyl]Phenylalanine (DB04058)","0.8756","http://www.drugbank.ca/drugs/DB04058"
"138","Isoetarine (DB00221)","0.8756","http://www.drugbank.ca/drugs/DB00221"
"139","Cyclandelate (DB04838)","0.8749","http://www.drugbank.ca/drugs/DB04838"
"140","(7as,12ar,12bs)-1,2,3,4,7a,12,12a,12b-Octahydroindolo[2,3-a]Quinolizin-7(6h)-One (DB02191)","0.8736","http://www.drugbank.ca/drugs/DB02191"
"141","3-Amino-4-Oxybenzyl-2-Butanone (DB02148)","0.8716","http://www.drugbank.ca/drugs/DB02148"
"142","Methylphenobarbital (DB00849)","0.8713","http://www.drugbank.ca/drugs/DB00849"
"143","Antiproliferative Agent A771726 (DB03805)","0.8713","http://www.drugbank.ca/drugs/DB03805"
"144","1,1,1-TRIFLUORO-3-ACETAMIDO-4-PHENYL BUTAN-2-ONE(N-ACETYL-L-PHENYLALANYL TRIFLUOROMETHYL KETONE) (DB07380)","0.8713","http://www.drugbank.ca/drugs/DB07380"
"145","Melphalan (DB01042)","0.8711","http://www.drugbank.ca/drugs/DB01042"
"146","Nitisinone (DB00348)","0.8709","http://www.drugbank.ca/drugs/DB00348"
"147","Filaminast (DB02660)","0.8707","http://www.drugbank.ca/drugs/DB02660"
"148","NCX 701 (DB05409)","0.8690","http://www.drugbank.ca/drugs/DB05409"
"149","Atenolol (DB00335)","0.8680","http://www.drugbank.ca/drugs/DB00335"
"150","2-(4-(2-HYDROXY-3-(ISOPROPYLAMINO)PROPOXY)PHENYL)ETHANAMIDE (DB06987)","0.8680","http://www.drugbank.ca/drugs/DB06987"
"151","2,2-Dichloro-1-Methanesulfinyl-3-Methyl-Cyclopropanecarboxylic Acid [1-(4-Bromo-Phenyl)-Ethyl]-Amide (DB04458)","0.8666","http://www.drugbank.ca/drugs/DB04458"
"152","Methyldopa (DB00968)","0.8666","http://www.drugbank.ca/drugs/DB00968"
"153","(4R)-4-(3-butoxy-4-methoxybenzyl)imidazolidin-2-one (DB06842)","0.8663","http://www.drugbank.ca/drugs/DB06842"
"154","Esmolol (DB00187)","0.8658","http://www.drugbank.ca/drugs/DB00187"
"155","Tegaserod (DB01079)","0.8654","http://www.drugbank.ca/drugs/DB01079"
"156","Bunamiodyl (DB04814)","0.8654","http://www.drugbank.ca/drugs/DB04814"
"157","3-(4-HYDROXYPHENYL)-4,5-DIHYDRO-5-ISOXAZOLE-ACETIC ACID METHYL ESTER (DB07888)","0.8651","http://www.drugbank.ca/drugs/DB07888"
"158","Frovatriptan (DB00998)","0.8648","http://www.drugbank.ca/drugs/DB00998"
"159","(1R,2R,3R,4S,5R)-4-(BENZYLAMINO)-5-(METHYLTHIO)CYCLOPENTANE-1,2,3-TRIOL (DB06984)","0.8640","http://www.drugbank.ca/drugs/DB06984"
"160","ANISOMYCIN (DB07374)","0.8637","http://www.drugbank.ca/drugs/DB07374"
"161","N-(CARBOXYCARBONYL)-D-PHENYLALANINE (DB08263)","0.8630","http://www.drugbank.ca/drugs/DB08263"
"162","1-[(2R)-2-aminobutanoyl]-N-(3-chlorobenzyl)-L-prolinamide (DB06878)","0.8626","http://www.drugbank.ca/drugs/DB06878"
"163","Procaterol (DB01366)","0.8619","http://www.drugbank.ca/drugs/DB01366"
"164","Sorbinil (DB02712)","0.8615","http://www.drugbank.ca/drugs/DB02712"
"165","Practolol (DB01297)","0.8608","http://www.drugbank.ca/drugs/DB01297"
"166","ISOPROPYL (2S)-2-ETHYL-7-FLUORO-3-OXO-3,4-DIHYDROQUINOXALINE-1(2H)-CARBOXYLATE (DB07884)","0.8608","http://www.drugbank.ca/drugs/DB07884"
"167","5-(PARA-NITROPHENYL PHOSPHONATE)-PENTANOIC ACID (DB08296)","0.8601","http://www.drugbank.ca/drugs/DB08296"
"168","Lenalidomide (DB00480)","0.8600","http://www.drugbank.ca/drugs/DB00480"
"169","N-Acetyl-P-Nitrophenylserinol (DB02608)","0.8592","http://www.drugbank.ca/drugs/DB02608"
"170","Fencamfamine (DB01463)","0.8591","http://www.drugbank.ca/drugs/DB01463"
"171","(R)-TRANS-4-(1-AMINOETHYL)-N-(4-PYRIDYL) CYCLOHEXANECARBOXAMIDE (DB08756)","0.8590","http://www.drugbank.ca/drugs/DB08756"
"172","Ketorolac (DB00465)","0.8573","http://www.drugbank.ca/drugs/DB00465"
"173","Mephenytoin (DB00532)","0.8565","http://www.drugbank.ca/drugs/DB00532"
"174","Homatropine Methylbromide (DB00725)","0.8561","http://www.drugbank.ca/drugs/DB00725"
"175","[(2S)-4-methyl-3-oxo-2,3,4,5-tetrahydro-1H-1,4-benzodiazepin-2-yl]acetic acid (DB08717)","0.8558","http://www.drugbank.ca/drugs/DB08717"
"176","N-[1H-INDOL-3-YL-ACETYL]ASPARTIC ACID (DB07951)","0.8552","http://www.drugbank.ca/drugs/DB07951"
"177","Etodolac (DB00749)","0.8552","http://www.drugbank.ca/drugs/DB00749"
"178","Bufuralol (DB06726)","0.8548","http://www.drugbank.ca/drugs/DB06726"
"179","Bupranolol (DB08808)","0.8537","http://www.drugbank.ca/drugs/DB08808"
"180","Carbidopa (DB00190)","0.8537","http://www.drugbank.ca/drugs/DB00190"
"181","4-[(5-bromopyridin-2-yl)amino]-4-oxobutanoic acid (DB08578)","0.8528","http://www.drugbank.ca/drugs/DB08578"
"182","FR221647 (DB02096)","0.8527","http://www.drugbank.ca/drugs/DB02096"
"183","3-CHLORO-2,2-DIMETHYL-N-[4-(TRIFLUOROMETHYL)PHENYL]PROPANAMIDE (DB07805)","0.8523","http://www.drugbank.ca/drugs/DB07805"
"184","Alprenolol (DB00866)","0.8518","http://www.drugbank.ca/drugs/DB00866"
"185","(3s,8ar)-3-(4-Hydroxybenzyl)Hexahydropyrrolo[1,2-a]Pyrazine-1,4-Dione (DB04520)","0.8516","http://www.drugbank.ca/drugs/DB04520"
"186","Furoyl-Leucine (DB02215)","0.8508","http://www.drugbank.ca/drugs/DB02215"
"187","Alpha-N-Dichloroacetyl-P-Aminophenylserinol (DB04411)","0.8502","http://www.drugbank.ca/drugs/DB04411"
"188","Z-Ala Prolinal (DB04033)","0.8499","http://www.drugbank.ca/drugs/DB04033"
"189","4-HYDROXY-N-PROPARGYL-1(R)-AMINOINDAN (DB08480)","0.8494","http://www.drugbank.ca/drugs/DB08480"
"190","1-[(2-AMINO-4-CHLORO-5-METHYLPHENYL)SULFONYL]-L-PROLINE (DB07273)","0.8480","http://www.drugbank.ca/drugs/DB07273"
"191","Tosyl-D-Proline (DB02752)","0.8478","http://www.drugbank.ca/drugs/DB02752"
"192","(2-CARBAMOYLMETHYL-5-PROPYL-OCTAHYDRO-INDOL-7-YL)ACETIC ACID (DB07958)","0.8475","http://www.drugbank.ca/drugs/DB07958"
"193","N-[Tosyl-D-Prolinyl]Amino-Ethanethiol (DB03818)","0.8470","http://www.drugbank.ca/drugs/DB03818"
"194","Meta-Nitro-Tyrosine (DB03867)","0.8468","http://www.drugbank.ca/drugs/DB03867"
"195","Progabide (DB00837)","0.8461","http://www.drugbank.ca/drugs/DB00837"
"196","(9aS)-4-bromo-9a-butyl-7-hydroxy-1,2,9,9a-tetrahydro-3H-fluoren-3-one (DB07757)","0.8460","http://www.drugbank.ca/drugs/DB07757"
"197","4-[(1S,2R,5S)-4,4,8-TRIMETHYL-3-OXABICYCLO[3.3.1]NON-7-EN-2-YL]PHENOL (DB08595)","0.8455","http://www.drugbank.ca/drugs/DB08595"
"198","Clenbuterol (DB01407)","0.8441","http://www.drugbank.ca/drugs/DB01407"
"199","N-Hydroxy-4-[(4-Methoxylphenyl)Sulfonyl]-2,2-Dimethyl-Hexahydro-1,4-Thiazepine-3(S)-Carboxamide (DB02350)","0.8439","http://www.drugbank.ca/drugs/DB02350"
"200","Galantamine (DB00674)","0.8438","http://www.drugbank.ca/drugs/DB00674"
"201","N-METHYL-N-[(1R)-1-METHYL-2-PHENYLETHYL]PROP-2-EN-1-AMINE (DB04677)","0.8433","http://www.drugbank.ca/drugs/DB04677"
"202","N-Methyl-N-Propargyl-1(R)-Aminoindan (DB02211)","0.8432","http://www.drugbank.ca/drugs/DB02211"
"203","2-(4-CARCOXY-5-ISOPROPYLTHIAZOLYL)BENZOPIPERIDINE (DB08192)","0.8422","http://www.drugbank.ca/drugs/DB08192"
"204","2-Oxy-4-Hydroxy-5-(2-Hydrazinopyridine)Phenylalanine (DB01634)","0.8418","http://www.drugbank.ca/drugs/DB01634"
"205","Tocainide (DB01056)","0.8418","http://www.drugbank.ca/drugs/DB01056"
"206","4-[(1S,2S,5S)-5-(HYDROXYMETHYL)-8-METHYL-3-OXABICYCLO[3.3.1]NON-7-EN-2-YL]PHENOL (DB07086)","0.8414","http://www.drugbank.ca/drugs/DB07086"
"207","Phenmetrazine (DB00830)","0.8413","http://www.drugbank.ca/drugs/DB00830"
"208","ABT-089 (DB05458)","0.8412","http://www.drugbank.ca/drugs/DB05458"
"209","4-Sulfonamide-[1-(4-Aminobutane)]Benzamide (DB03697)","0.8412","http://www.drugbank.ca/drugs/DB03697"
"210","S-[3-(3,4-DICHLOROPHENYL)-3-OXOPROPYL]-L-CYSTEINE (DB07590)","0.8410","http://www.drugbank.ca/drugs/DB07590"
"211","Dezocine (DB01209)","0.8407","http://www.drugbank.ca/drugs/DB01209"
"212","Diethylpropion (DB00937)","0.8407","http://www.drugbank.ca/drugs/DB00937"
"213","HYDROXY[3-(6-METHYLPYRIDIN-2-YL)PROPYL]FORMAMIDE (DB08525)","0.8404","http://www.drugbank.ca/drugs/DB08525"
"214","Chloramphenicol (DB00446)","0.8396","http://www.drugbank.ca/drugs/DB00446"
"215","BROMAMPHENICOL (DB07492)","0.8396","http://www.drugbank.ca/drugs/DB07492"
"216","Tolbutamide (DB01124)","0.8392","http://www.drugbank.ca/drugs/DB01124"
"217","[(3R)-7-NITRO-1,2,3,4-TETRAHYDROISOQUINOLIN-3-YL]METHANOL (DB07906)","0.8387","http://www.drugbank.ca/drugs/DB07906"
"218","Terbutaline (DB00871)","0.8382","http://www.drugbank.ca/drugs/DB00871"
"219","Aniracetam (DB04599)","0.8381","http://www.drugbank.ca/drugs/DB04599"
"220","Amido Phenyl Pyruvic Acid (DB02018)","0.8372","http://www.drugbank.ca/drugs/DB02018"
"221","Oxybuprocaine (DB00892)","0.8371","http://www.drugbank.ca/drugs/DB00892"
"222","Benzylpenicillin (DB01053)","0.8361","http://www.drugbank.ca/drugs/DB01053"
"223","(6-METHYL-3,4-DIHYDRO-2H-CHROMEN-2-YL)METHYLPHOSPHINATE (DB07487)","0.8359","http://www.drugbank.ca/drugs/DB07487"
"224","Ropinirole (DB00268)","0.8353","http://www.drugbank.ca/drugs/DB00268"
"225","EPIBATIDINE (DB07720)","0.8347","http://www.drugbank.ca/drugs/DB07720"
"226","[(3S)-9-hydroxy-1-methyl-10-oxo-4,10-dihydro-3H-benzo[g]isochromen-3-yl]acetic acid (DB08541)","0.8332","http://www.drugbank.ca/drugs/DB08541"
"227","Salbutamol (DB01001)","0.8329","http://www.drugbank.ca/drugs/DB01001"
"228","4-Sulfonamide-[4-(Thiomethylaminobutane)]Benzamide (DB04002)","0.8324","http://www.drugbank.ca/drugs/DB04002"
"229","Sotalol (DB00489)","0.8322","http://www.drugbank.ca/drugs/DB00489"
"230","Ciclopirox (DB01188)","0.8311","http://www.drugbank.ca/drugs/DB01188"
"231","benzyl (2-oxopropyl)carbamate (DB07293)","0.8302","http://www.drugbank.ca/drugs/DB07293"
"232","Fluvoxamine (DB00176)","0.8295","http://www.drugbank.ca/drugs/DB00176"
"233","Physostigmine (DB00981)","0.8294","http://www.drugbank.ca/drugs/DB00981"
"234","Tymazoline (DB08803)","0.8285","http://www.drugbank.ca/drugs/DB08803"
"235","N-Alpha-Acetyl-3,5-Diiodotyrosylglycine (DB02598)","0.8285","http://www.drugbank.ca/drugs/DB02598"
"236","Ethacrynic acid (DB00903)","0.8283","http://www.drugbank.ca/drugs/DB00903"
"237","3-(Benzoylamino)-L-Alanine (DB03992)","0.8281","http://www.drugbank.ca/drugs/DB03992"
"238","Metoprolol (DB00264)","0.8280","http://www.drugbank.ca/drugs/DB00264"
"239","Chromophore (Met-Tyr-Gly) (DB03391)","0.8280","http://www.drugbank.ca/drugs/DB03391"
"240","4-Methylaminorex (DB01447)","0.8277","http://www.drugbank.ca/drugs/DB01447"
"241","Ibudilast (DB05266)","0.8273","http://www.drugbank.ca/drugs/DB05266"
"242","Chromophore (Gly-Tyr-Gly) (DB04567)","0.8272","http://www.drugbank.ca/drugs/DB04567"
"243","Zolmitriptan (DB00315)","0.8267","http://www.drugbank.ca/drugs/DB00315"
"244","2-(3-GUANIDINOPHENYL)-3-MERCAPTOPROPANOIC ACID (DB04723)","0.8263","http://www.drugbank.ca/drugs/DB04723"
"245","N-BENZOYL-D-ALANINE (DB08508)","0.8262","http://www.drugbank.ca/drugs/DB08508"
"246","Monastrol (DB04331)","0.8259","http://www.drugbank.ca/drugs/DB04331"
"247","Lacosamide (DB06218)","0.8257","http://www.drugbank.ca/drugs/DB06218"
"248","3-Amino-6-Hydroxy-Tyrosine (DB02928)","0.8251","http://www.drugbank.ca/drugs/DB02928"
"249","Epicept NP-1 (DB05492)","0.8250","http://www.drugbank.ca/drugs/DB05492"
"250","3-(4-DIETHYLAMINO-2-HYDROXY-PHENYL)-2-METHYL-PROPIONIC ACID (DB07668)","0.8246","http://www.drugbank.ca/drugs/DB07668"
"251","N-(1-BENZYL-3,3,3-TRIFLUORO-2,2-DIHYDROXY-PROPYL)-ACETAMIDE (DB07383)","0.8205","http://www.drugbank.ca/drugs/DB07383"
"252","Hexobarbital (DB01355)","0.8186","http://www.drugbank.ca/drugs/DB01355"
"253","Flutamide (DB00499)","0.8185","http://www.drugbank.ca/drugs/DB00499"
"254","4-(2,2,2-TRIFLUOROETHYL)-L-PHENYLALANINE (DB08617)","0.8178","http://www.drugbank.ca/drugs/DB08617"
"255","Phendimetrazine (DB01579)","0.8165","http://www.drugbank.ca/drugs/DB01579"
"256","(2R)-3-{[(BENZYLAMINO)CARBONYL]AMINO}-2-HYDROXYPROPANOIC ACID (DB08007)","0.8163","http://www.drugbank.ca/drugs/DB08007"
"257","Crotamiton (DB00265)","0.8161","http://www.drugbank.ca/drugs/DB00265"
"258","N-ISOBUTYL-N-[4-METHOXYPHENYLSULFONYL]GLYCYL HYDROXAMIC ACID (DB08271)","0.8150","http://www.drugbank.ca/drugs/DB08271"
"259","N-Hydroxy 1n(4-Methoxyphenyl)Sulfonyl-4-(Z,E-N-Methoxyimino)Pyrrolidine-2r-Carboxamide (DB01877)","0.8148","http://www.drugbank.ca/drugs/DB01877"
"260","N-[(BENZYLOXY)CARBONYL]-L-CYSTEINYLGLYCINE (DB08199)","0.8141","http://www.drugbank.ca/drugs/DB08199"
"261","N-BENZYLOXYCARBONYL-L-SERINE-BETALACTONE (DB04634)","0.8132","http://www.drugbank.ca/drugs/DB04634"
"262","1-Carboxyethylaminomethyl-4-Aminomethylbenzene (DB02960)","0.8122","http://www.drugbank.ca/drugs/DB02960"
"263","2-CHLORO-4-[(7R,7AS)-7-HYDROXY-1,3-DIOXOTETRAHYDRO-1H-PYRROLO[1,2-C]IMIDAZOL-2(3H)-YL]-3-METHYLBENZONITRILE (DB07286)","0.8094","http://www.drugbank.ca/drugs/DB07286"
"264","4-(1-Amino-1-Carboxy-Ethyl)-Benzoic Acid (DB04256)","0.8089","http://www.drugbank.ca/drugs/DB04256"
"265","ETHYL 3-[4-(AMINOSULFONYL)PHENYL]PROPANOATE (DB08157)","0.8082","http://www.drugbank.ca/drugs/DB08157"
"266","(3-Chloro-4-Propoxy-Phenyl)-Acetic Acid (DB02773)","0.8081","http://www.drugbank.ca/drugs/DB02773"
"267","Orciprenaline (DB00816)","0.8073","http://www.drugbank.ca/drugs/DB00816"
"268","Pomalidomide (DB08910)","0.8061","http://www.drugbank.ca/drugs/DB08910"
"269","Probenecid (DB01032)","0.8061","http://www.drugbank.ca/drugs/DB01032"
"270","Isoprenaline (DB01064)","0.8053","http://www.drugbank.ca/drugs/DB01064"
"271","Sulpiride (DB00391)","0.8035","http://www.drugbank.ca/drugs/DB00391"
"272","5-Methoxy-N,N-diisopropyltryptamine (DB01441)","0.8033","http://www.drugbank.ca/drugs/DB01441"
"273","9-(4-HYDROXY-2,6-DIMETHYL-PHENYL)-3,7-DIMETHYL-NONA-4,6,8-TRIENOIC ACID (DB08455)","0.8032","http://www.drugbank.ca/drugs/DB08455"
"274","(R)-3-BROMO-2-HYDROXY-2-METHYL-N-[4-NITRO-3-(TRIFLUOROMETHYL)PHENYL]PROPANAMIDE (DB07454)","0.8027","http://www.drugbank.ca/drugs/DB07454"
"275","(3S)-1-{[4-(BUT-2-YN-1-YLOXY)PHENYL]SULFONYL}PYRROLIDINE-3-THIOL (DB06943)","0.8025","http://www.drugbank.ca/drugs/DB06943"
"276","BUT-3-ENYL-[5-(4-CHLORO-PHENYL)-3,6-DIHYDRO-[1,3,4]THIADIAZIN-2-YLIDENE]-AMINE (DB08028)","0.8021","http://www.drugbank.ca/drugs/DB08028"
"277","Equilin (DB02187)","0.8008","http://www.drugbank.ca/drugs/DB02187"
"278","ETHYL 4-[(4-METHYLPYRIDIN-2-YL)AMINO]PIPERIDINE-1-CARBOXYLATE (DB07388)","0.8008","http://www.drugbank.ca/drugs/DB07388"
"279","D-Para-Chlorophenyl-1-Acteamidoboronic Acid Alanine (DB02560)","0.8007","http://www.drugbank.ca/drugs/DB02560"
"280","D-Para-Chlorophenyl-1-Acetamidoboronic Acid Alanine (DB03607)","0.8007","http://www.drugbank.ca/drugs/DB03607"
"281","(RP,SP)-O-(2R)-(1-PHENOXYBUT-2-YL)-METHYLPHOSPHONIC ACID CHLORIDE (DB07990)","0.8003","http://www.drugbank.ca/drugs/DB07990"
"282","(1S)-1-(PHENOXYMETHYL)PROPYL METHYLPHOSPHONOCHLORIDOATE (DB08419)","0.8003","http://www.drugbank.ca/drugs/DB08419"
"283","3,4-Methylenedioxy-N-ethylamphetamine (DB01566)","0.7996","http://www.drugbank.ca/drugs/DB01566"
"284","Proparacaine (DB00807)","0.7995","http://www.drugbank.ca/drugs/DB00807"
"285","(2-BROMOETHYL)(2-'FORMYL-4'-AMINOPHENYL) ACETATE (DB07955)","0.7993","http://www.drugbank.ca/drugs/DB07955"
"286","4-(Acetylamino)-3-[(Aminoacetyl)Amino]Benzoic Acid (DB02829)","0.7983","http://www.drugbank.ca/drugs/DB02829"
"287","(3R)-N-(4-CHLOROPHENYL)-3-(HYDROXYMETHYL)-1,2,3,4-TETRAHYDROISOQUINOLINE-7-SULFONAMIDE (DB07747)","0.7980","http://www.drugbank.ca/drugs/DB07747"
"288","2,5-Dimethoxy-4-ethylamphetamine (DB01467)","0.7980","http://www.drugbank.ca/drugs/DB01467"
"289","[[4-(Aminomethyl)Phenyl]Amino]Oxo-Acetic Acid, (DB02420)","0.7977","http://www.drugbank.ca/drugs/DB02420"
"290","[4-(4-Hydroxy-Benzyl)-2-(2-Hydroxy-1-Methyl-Ethyl)-5-Oxo-Imidazolidin-1-Yl]-Acetic Acid (DB03537)","0.7970","http://www.drugbank.ca/drugs/DB03537"
"291","1-METHYL ETHYL 2-CHLORO-5-[[[(1-METHYLETHOXY)THIOOXO]METHYL]AMINO]-BENZOATE (DB08681)","0.7968","http://www.drugbank.ca/drugs/DB08681"
"292","Gluco-Phenylimidazole (DB02862)","0.7966","http://www.drugbank.ca/drugs/DB02862"
"293","Arimoclomol (DB05025)","0.7963","http://www.drugbank.ca/drugs/DB05025"
"294","Procarbazine (DB01168)","0.7961","http://www.drugbank.ca/drugs/DB01168"
"295","BRX-235 (DB05444)","0.7960","http://www.drugbank.ca/drugs/DB05444"
"296","4-(Acetylamino)-3-[(Hydroxyacetyl)Amino]Benzoic Acid (DB04565)","0.7958","http://www.drugbank.ca/drugs/DB04565"
"297","1(R)-1-Acetamido-2-(3-Carboxyphenyl)Ethyl Boronic Acid (DB02614)","0.7951","http://www.drugbank.ca/drugs/DB02614"
"298","Pindolol (DB00960)","0.7942","http://www.drugbank.ca/drugs/DB00960"
"299","(2s)-2-Amino-4-(Methylsulfanyl)-1-Pyridin-2-Ylbutane-1,1-Diol (DB01882)","0.7936","http://www.drugbank.ca/drugs/DB01882"
"300","Xylometazoline (DB06694)","0.7936","http://www.drugbank.ca/drugs/DB06694"
"301","Remoxipride (DB00409)","0.7934","http://www.drugbank.ca/drugs/DB00409"
"302","(5S)-3-ANILINO-5-(2,4-DIFLUOROPHENYL)-5-METHYL-1,3-OXAZOLIDINE-2,4-DIONE (DB07763)","0.7934","http://www.drugbank.ca/drugs/DB07763"
"303","Aminohippurate (DB00345)","0.7909","http://www.drugbank.ca/drugs/DB00345"
"304","ETHYL 4-[(4-CHLOROPYRIDIN-2-YL)AMINO]PIPERIDINE-1-CARBOXYLATE (DB07306)","0.7909","http://www.drugbank.ca/drugs/DB07306"
"305","Amdinocillin (DB01163)","0.7908","http://www.drugbank.ca/drugs/DB01163"
"306","THIAMPHENICOL (DB08621)","0.7908","http://www.drugbank.ca/drugs/DB08621"
"307","(S)-4-ISOPROPOXYCARBONYL-6-METHOXY-3-METHYLTHIOMETHYL-3,4-DIHYDROQUINOXALIN-2(1H)-THIONE (DB07885)","0.7904","http://www.drugbank.ca/drugs/DB07885"
"308","Entacapone (DB00494)","0.7897","http://www.drugbank.ca/drugs/DB00494"
"309","N-{2-[4-(AMINOSULFONYL)PHENYL]ETHYL}ACETAMIDE (DB08155)","0.7896","http://www.drugbank.ca/drugs/DB08155"
"310","Oxymetazoline (DB00935)","0.7894","http://www.drugbank.ca/drugs/DB00935"
"311","N-[O-Phosphono-Pyridoxyl]-Isoleucine (DB02635)","0.7887","http://www.drugbank.ca/drugs/DB02635"
"312","Atpenin A5 (DB04631)","0.7879","http://www.drugbank.ca/drugs/DB04631"
"313","2,5-Dimethoxyamphetamine (DB01465)","0.7860","http://www.drugbank.ca/drugs/DB01465"
"314","Procaine (DB00721)","0.7860","http://www.drugbank.ca/drugs/DB00721"
"315","(S)-2-METHYL-1-[(4-METHYL-5-ISOQUINOLINE)SULFONYL]-HOMOPIPERAZINE (DB07876)","0.7859","http://www.drugbank.ca/drugs/DB07876"
"316","Huperzine B (DB03348)","0.7856","http://www.drugbank.ca/drugs/DB03348"
"317","Oxprenolol (DB01580)","0.7855","http://www.drugbank.ca/drugs/DB01580"
"318","4-(Acetylamino)-3-Amino Benzoic Acid (DB02268)","0.7855","http://www.drugbank.ca/drugs/DB02268"
"319","Felbamate (DB00949)","0.7848","http://www.drugbank.ca/drugs/DB00949"
"320","3,4-Methylenedioxymethamphetamine (DB01454)","0.7848","http://www.drugbank.ca/drugs/DB01454"
"321","(3R)-3-(aminomethyl)-9-methoxy-1,2,3,4-tetrahydro-5H-[1]benzothieno[3,2-e][1,4]diazepin-5-one (DB07431)","0.7847","http://www.drugbank.ca/drugs/DB07431"
"322","Lidocaine (DB00281)","0.7826","http://www.drugbank.ca/drugs/DB00281"
"323","lidocaine patch (DB05291)","0.7826","http://www.drugbank.ca/drugs/DB05291"
"324","Pemoline (DB01230)","0.7805","http://www.drugbank.ca/drugs/DB01230"
"325","Nilutamide (DB00665)","0.7804","http://www.drugbank.ca/drugs/DB00665"
"326","Clofibrate (DB00636)","0.7801","http://www.drugbank.ca/drugs/DB00636"
"327","4-Methyl-2,5-dimethoxyamphetamine (DB01528)","0.7794","http://www.drugbank.ca/drugs/DB01528"
"328","1(R)-1-ACETAMIDO-2-(3-CARBOXY-2-HYDROXYPHENYL)ETHYL BORONIC ACID (DB07464)","0.7793","http://www.drugbank.ca/drugs/DB07464"
"329","N-Pyridoxyl-1-Amino-Cyclopropanecarboxylic Acid-5-Monophosphate (DB02849)","0.7787","http://www.drugbank.ca/drugs/DB02849"
"330","Melatonin (DB01065)","0.7775","http://www.drugbank.ca/drugs/DB01065"
"331","Quinethazone (DB01325)","0.7775","http://www.drugbank.ca/drugs/DB01325"
"332","Chloroprocaine (DB01161)","0.7771","http://www.drugbank.ca/drugs/DB01161"
"333","Huperzine A (DB04864)","0.7761","http://www.drugbank.ca/drugs/DB04864"
"334","Huperaine A (DB01928)","0.7761","http://www.drugbank.ca/drugs/DB01928"
"335","1-({2-[2-(4-CHLOROPHENYL)ETHYL]-1,3-DIOXOLAN-2-YL}METHYL)-1H-IMIDAZOLE (DB06914)","0.7758","http://www.drugbank.ca/drugs/DB06914"
"336","4-Bromo-2,5-dimethoxyamphetamine (DB01484)","0.7758","http://www.drugbank.ca/drugs/DB01484"
"337","(3R)-3-(FLUOROMETHYL)-7-(THIOMORPHOLIN-4-YLSULFONYL)-1,2,3,4-TETRAHYDROISOQUINOLINE (DB07739)","0.7757","http://www.drugbank.ca/drugs/DB07739"
"338","(R)-Mesopram (DB01647)","0.7753","http://www.drugbank.ca/drugs/DB01647"
"339","Tolmetin (DB00500)","0.7750","http://www.drugbank.ca/drugs/DB00500"
"340","3,4-Methylenedioxyamphetamine (DB01509)","0.7750","http://www.drugbank.ca/drugs/DB01509"
"341","NITROCEFIN (DB04742)","0.7749","http://www.drugbank.ca/drugs/DB04742"
"342","Zomepirac (DB04828)","0.7742","http://www.drugbank.ca/drugs/DB04828"
"343","Pirbuterol (DB01291)","0.7740","http://www.drugbank.ca/drugs/DB01291"
"344","1-(1-HYDROXY-2,2,6,6-TETRAMETHYLPIPERIDIN-4-YL)PYRROLIDINE-2,5-DIONE (DB08227)","0.7729","http://www.drugbank.ca/drugs/DB08227"
"345","3-({[(1Z)-(2-methoxyphenyl)methylidene]amino}oxy)propanoic acid (DB07282)","0.7725","http://www.drugbank.ca/drugs/DB07282"
"346","2-[(5-hex-1-yn-1-ylfuran-2-yl)carbonyl]-N-methylhydrazinecarbothioamide (DB07004)","0.7723","http://www.drugbank.ca/drugs/DB07004"
"347","4-(ACETYLAMINO)-5-AMINO-3-HYDROXYBENZOIC ACID (DB08571)","0.7719","http://www.drugbank.ca/drugs/DB08571"
"348","Vitamin B6 Complexed with 2-Amino-Hexanoic Acid (DB02981)","0.7715","http://www.drugbank.ca/drugs/DB02981"
"349","Metaxalone (DB00660)","0.7714","http://www.drugbank.ca/drugs/DB00660"
"350","Fospropofol (DB06716)","0.7710","http://www.drugbank.ca/drugs/DB06716"
"351","Arsthinol (DB08928)","0.7698","http://www.drugbank.ca/drugs/DB08928"
"352","3-(3,4-Dimethoxyphenyl)Propionic Acid (DB04208)","0.7691","http://www.drugbank.ca/drugs/DB04208"
"353","Levamisole (DB00848)","0.7686","http://www.drugbank.ca/drugs/DB00848"
"354","Methoxamine (DB00723)","0.7686","http://www.drugbank.ca/drugs/DB00723"
"355","Ethotoin (DB00754)","0.7678","http://www.drugbank.ca/drugs/DB00754"
"356","(R)-1-(4-(4-(HYDROXYMETHYL)-1,3,2-DIOXABOROLAN-2-YL)PHENETHYL)GUANIDINE (DB07071)","0.7677","http://www.drugbank.ca/drugs/DB07071"
"357","N-Methyl-N-Propargyl-3-(2,4-Dichlorophenoxy)Propylamine (DB04017)","0.7659","http://www.drugbank.ca/drugs/DB04017"
"358","Metipranolol (DB01214)","0.7653","http://www.drugbank.ca/drugs/DB01214"
"359","D-1-(4-CHLOROPHENYL)-2-(ACETAMIDO)ETHANE BORONIC ACID (DB08692)","0.7647","http://www.drugbank.ca/drugs/DB08692"
"360","L-1-(4-CHLOROPHENYL)-2-(ACETAMIDO)ETHANE BORONIC ACID (DB08693)","0.7647","http://www.drugbank.ca/drugs/DB08693"
"361","Procainamide (DB01035)","0.7644","http://www.drugbank.ca/drugs/DB01035"
"362","TRANS-2-(DIMETHYLPHENYLSILYL)-PIPERIDINE-N-OXIDE (DB07672)","0.7642","http://www.drugbank.ca/drugs/DB07672"
"363","Norfloxacin (DB01059)","0.7640","http://www.drugbank.ca/drugs/DB01059"
"364","2,5-DI-(TERT-BUTYL)-1,4,BENZOHYDROQUINONE (DB04638)","0.7639","http://www.drugbank.ca/drugs/DB04638"
"365","N-Benzoyl-N'-Beta-D-Glucopyranosyl Urea (DB04295)","0.7629","http://www.drugbank.ca/drugs/DB04295"
"366","2,3,-Dihydroxybenzoylserine (DB02710)","0.7607","http://www.drugbank.ca/drugs/DB02710"
"367","Chlorpropamide (DB00672)","0.7602","http://www.drugbank.ca/drugs/DB00672"
"368","Molindone (DB01618)","0.7599","http://www.drugbank.ca/drugs/DB01618"
"369","Diloxanide (DB08792)","0.7597","http://www.drugbank.ca/drugs/DB08792"
"370","4-{[(Z)-(5-OXO-2-PHENYL-1,3-OXAZOL-4(5H)-YLIDENE)METHYL]AMINO}BUTANOIC ACID (DB08396)","0.7595","http://www.drugbank.ca/drugs/DB08396"
"371","Etomidate (DB00292)","0.7587","http://www.drugbank.ca/drugs/DB00292"
"372","Bromo-WR99210 (DB04007)","0.7580","http://www.drugbank.ca/drugs/DB04007"
"373","Lofexidine (DB04948)","0.7577","http://www.drugbank.ca/drugs/DB04948"
"374","[2-(Methyleneamine)-4-(4-Hydroxy-Benzylidine)-5-Oxo-4,5-Dihydro-Imidazol-1-Yl]-Acetaldehyde (DB03998)","0.7577","http://www.drugbank.ca/drugs/DB03998"
"375","S,S'-(1,4-Phenylene-Bis(1,2-Ethanediyl))Bis-Isothiourea (DB02141)","0.7547","http://www.drugbank.ca/drugs/DB02141"
"376","S,S'-(1,3-Phenylene-Bis(1,2-Ethanediyl))Bis-Isothiourea (DB03910)","0.7547","http://www.drugbank.ca/drugs/DB03910"
"377","4-(Acetylamino)-3-Guanidinobenzoic Acid (DB03342)","0.7541","http://www.drugbank.ca/drugs/DB03342"
"378","(2S)-1-(2,5-dimethylphenoxy)-3-morpholin-4-ylpropan-2-ol (DB07573)","0.7538","http://www.drugbank.ca/drugs/DB07573"
"379","Chlormezanone (DB01178)","0.7527","http://www.drugbank.ca/drugs/DB01178"
"380","Midodrine (DB00211)","0.7522","http://www.drugbank.ca/drugs/DB00211"
"381","Sumatriptan (DB00669)","0.7509","http://www.drugbank.ca/drugs/DB00669"
"382","TERT-BUTYL {2-[(1,3-THIAZOL-2-YLAMINO)CARBONYL]PYRIDIN-3-YL}CARBAMATE (DB07902)","0.7492","http://www.drugbank.ca/drugs/DB07902"
"383","Metoclopramide (DB01233)","0.7486","http://www.drugbank.ca/drugs/DB01233"
"384","4-(5-Bromo-2-Oxo-2h-Indol-3-Ylazo)-Benzenesulfonamide (DB02973)","0.7485","http://www.drugbank.ca/drugs/DB02973"
"385","Rivastigmine (DB00989)","0.7444","http://www.drugbank.ca/drugs/DB00989"
"386","Vitamin B6 Complexed with 2-Amino-Pentanoic Acid (DB03662)","0.7437","http://www.drugbank.ca/drugs/DB03662"
"387","1-(5-ISOQUINOLINESULFONYL)-2-METHYLPIPERAZINE (DB07996)","0.7415","http://www.drugbank.ca/drugs/DB07996"
"388","Moclobemide (DB01171)","0.7403","http://www.drugbank.ca/drugs/DB01171"
"389","3-{[4-(but-2-yn-1-yloxy)phenyl]sulfonyl}propane-1-thiol (DB07079)","0.7393","http://www.drugbank.ca/drugs/DB07079"
"390","Aminodi(Ethyloxy)Ethylaminocarbonylbenzenesulfonamide (DB02535)","0.7326","http://www.drugbank.ca/drugs/DB02535"
"391","N1-CYCLOPENTYL-N2-(THIAZOL-2-YL)OXALAMIDE (DB07591)","0.7291","http://www.drugbank.ca/drugs/DB07591"
"392","Diethyl 4-Methylbenzylphosphonate (DB02138)","0.7290","http://www.drugbank.ca/drugs/DB02138"
"393","(2S)-4-(4-fluorobenzyl)-N-(2-sulfanylethyl)piperazine-2-carboxamide (DB07736)","0.7274","http://www.drugbank.ca/drugs/DB07736"
"394","METHYL(2-ACETOXY-2-(2-CARBOXY-4-AMINO-PHENYL))ACETATE (DB07957)","0.7272","http://www.drugbank.ca/drugs/DB07957"
"395","(R)-1-(4-(4-(HYDROXYMETHYL)-1,3,2-DIOXABOROLAN-2-YL)BENZYL)GUANIDINE (DB07887)","0.7269","http://www.drugbank.ca/drugs/DB07887"
"396","Diatrizoate (DB00271)","0.7223","http://www.drugbank.ca/drugs/DB00271"
"397","(R)-1-(4-(4-(HYDROXYMETHYL)-1,3,2-DIOXABOROLAN-2-YL)PHENYL)GUANIDINE (DB07077)","0.7223","http://www.drugbank.ca/drugs/DB07077"
"398","6-CYCLOHEXYLMETHYLOXY-5-NITROSO-PYRIMIDINE-2,4-DIAMINE (DB08312)","0.7218","http://www.drugbank.ca/drugs/DB08312"
"399","5,5-dimethyl-2-morpholin-4-yl-5,6-dihydro-1,3-benzothiazol-7(4H)-one (DB07073)","0.7210","http://www.drugbank.ca/drugs/DB07073"
"400","3-[({(1E)-[2-(trifluoromethyl)phenyl]methylidene}amino)oxy]propanoic acid (DB06885)","0.7195","http://www.drugbank.ca/drugs/DB06885"
"401","6-(cyclohexylsulfanyl)-1-(ethoxymethyl)-5-(1-methylethyl)pyrimidine-2,4(1H,3H)-dione (DB07184)","0.7192","http://www.drugbank.ca/drugs/DB07184"
"402","3-Amino-4-{3-[2-(2-Propoxy-Ethoxy)-Ethoxy]-Propylamino}-Cyclobut-3-Ene-1,2-Dione (DB03077)","0.7188","http://www.drugbank.ca/drugs/DB03077"
"403","5-(dodecylthio)-1H-1,2,3-triazole-4-carboxylic acid (DB06979)","0.7184","http://www.drugbank.ca/drugs/DB06979"
"404","Degraded Cephaloridine (DB04133)","0.7162","http://www.drugbank.ca/drugs/DB04133"
"405","[(2-Ethoxy-1-Naphthoyl)Amino]Methylboronic Acid (DB02841)","0.7146","http://www.drugbank.ca/drugs/DB02841"
"406","3,5-Dimethyl-1-(3-Nitrophenyl)-1h-Pyrazole-4-Carboxylic Acid Ethyl Ester (DB01959)","0.7142","http://www.drugbank.ca/drugs/DB01959"
"407","(5R,7R,8S,9S,10R)-7-(hydroxymethyl)-3-phenyl-1,6-dioxa-2-azaspiro[4.5]dec-2-ene-8,9,10-triol (DB08151)","0.7125","http://www.drugbank.ca/drugs/DB08151"
"408","4-Carboxy-5-(1-Pentyl)Hexylsulfanyl-1,2,3-Triazole (DB04374)","0.7122","http://www.drugbank.ca/drugs/DB04374"
"409","Porphobilinogen (DB02272)","0.7110","http://www.drugbank.ca/drugs/DB02272"
"410","3,4,5-Trimethoxyamphetamine (DB01516)","0.7105","http://www.drugbank.ca/drugs/DB01516"
"411","3-CARBOXY-4-METHYL-5-PROPYL-2-FURANPROPIONIC (DB07517)","0.7093","http://www.drugbank.ca/drugs/DB07517"
"412","5-HEPTYL-6-HYDROXY-1,3-BENZOTHIAZOLE-4,7-DIONE (DB07636)","0.7092","http://www.drugbank.ca/drugs/DB07636"
"413","Enoxacin (DB00467)","0.7075","http://www.drugbank.ca/drugs/DB00467"
"414","2-(Beta-D-Glucopyranosyl)-5-Methyl-1,2,3-Benzimidazole (DB03133)","0.7063","http://www.drugbank.ca/drugs/DB03133"
"415","Hydrolyzed Cephalothin (DB02247)","0.7053","http://www.drugbank.ca/drugs/DB02247"
"416","MMDA (DB01442)","0.7015","http://www.drugbank.ca/drugs/DB01442"
"417","(S)-ATPA (DB03319)","0.6984","http://www.drugbank.ca/drugs/DB03319"
"418","THIO-ATPA (DB04798)","0.6980","http://www.drugbank.ca/drugs/DB04798"
"419","1-{2-OXO-3-[(1R)-1-(1H-PYRROL-2-YL)ETHYL]-2H-INDOL-5-YL}UREA (DB07132)","0.6969","http://www.drugbank.ca/drugs/DB07132"
"420","Oxibendazole (DB04910)","0.6960","http://www.drugbank.ca/drugs/DB04910"
"421","(Z)-2-[2-(4-methylpiperazin-1-yl)benzyl]diazenecarbothioamide (DB06941)","0.6947","http://www.drugbank.ca/drugs/DB06941"
"422","N-Pyridoxyl-2-Methylalanine-5-Phosphate (DB04241)","0.6922","http://www.drugbank.ca/drugs/DB04241"
"423","5'-deoxy-5'-piperidin-1-ylthymidine (DB08596)","0.6908","http://www.drugbank.ca/drugs/DB08596"
"424","Pilocarpine (DB01085)","0.6872","http://www.drugbank.ca/drugs/DB01085"
"425","Debromohymenialdisine (DB04367)","0.6871","http://www.drugbank.ca/drugs/DB04367"
"426","2,4-Dihydroxy-7-(Methyloxy)-2h-1,4-Benzoxazin-3(4h)-One (DB02185)","0.6868","http://www.drugbank.ca/drugs/DB02185"
"427","8-Hydroxy-4-(1-Hydroxyethyl)Quinoline-2-Carboxylic Acid (DB02566)","0.6825","http://www.drugbank.ca/drugs/DB02566"
"428","5-HYDROXY-3-[(1R)-1-(1H-PYRROL-2-YL)ETHYL]-2H-INDOL-2-ONE (DB07033)","0.6793","http://www.drugbank.ca/drugs/DB07033"
"429","Flumazenil (DB01205)","0.6763","http://www.drugbank.ca/drugs/DB01205"
"430","2-Prolyl-5-Tert-Butyl-[1,3,4]Oxadiazole (DB03833)","0.6723","http://www.drugbank.ca/drugs/DB03833"
"431","MT-Immucillin-H (DB03881)","0.6709","http://www.drugbank.ca/drugs/DB03881"
"432","Methocarbamol (DB00423)","0.6703","http://www.drugbank.ca/drugs/DB00423"
"433","(South)-Methanocarba-Thymidine (DB02921)","0.6700","http://www.drugbank.ca/drugs/DB02921"
"434","TERT-BUTYL [(1R)-2-METHYL-1-(1,3,4-OXADIAZOL-2-YL)PROPYL]CARBAMATE (DB08336)","0.6682","http://www.drugbank.ca/drugs/DB08336"
"435","TERT-BUTYL [(1S)-2-METHYL-1-(1,3,4-OXADIAZOL-2-YL)PROPYL]CARBAMATE (DB08337)","0.6682","http://www.drugbank.ca/drugs/DB08337"
"436","(S)-2-Amino-3-(1,3,5,7-Pentahydro-2,4-Dioxo-Cyclopenta[E]Pyrimidin-1-Yl) Proionic Acid (DB03240)","0.6672","http://www.drugbank.ca/drugs/DB03240"
"437","1-(2-nitrophenyl)-2,2,2-trifluoroethyl]-arsenocholine (DB07555)","0.6664","http://www.drugbank.ca/drugs/DB07555"
"438","[4-(1,3,2-Dioxaborolan-2-Yloxy)Methyl]Benzamidine (DB04109)","0.6636","http://www.drugbank.ca/drugs/DB04109"
"439","M-(N,N,N-Trimethylammonio)-2,2,2-Trifluoro-1,1-Dihydroxyethylbenzene (DB03359)","0.6630","http://www.drugbank.ca/drugs/DB03359"
"440","(5E)-5-[(2,2-DIFLUORO-1,3-BENZODIOXOL-5-YL)METHYLENE]-1,3-THIAZOLIDINE-2,4-DIONE (DB07503)","0.6614","http://www.drugbank.ca/drugs/DB07503"
"441","3-Deazacytidine (DB04385)","0.6513","http://www.drugbank.ca/drugs/DB04385"
"442","3-Hydroxymethyl-5-Aziridinyl-1methyl-2-[1h-Indole-4,7-Dione]-Propanol (DB02395)","0.6505","http://www.drugbank.ca/drugs/DB02395"
"443","N-(5'-Phosphopyridoxyl)-D-Alanine (DB01993)","0.6477","http://www.drugbank.ca/drugs/DB01993"
"444","Pyridoxyl-Alanine-5-Phosphate (DB04467)","0.6477","http://www.drugbank.ca/drugs/DB04467"
"445","Diphthamide (DB03223)","0.6465","http://www.drugbank.ca/drugs/DB03223"
"446","1-(2,5-dideoxy-5-pyrrolidin-1-yl-beta-L-erythro-pentofuranosyl)-5-methylpyrimidine-2,4(1H,3H)-dione (DB08661)","0.6447","http://www.drugbank.ca/drugs/DB08661"
"447","1-(adamantan-1-yl)-2-(1H-imidazol-1-yl)ethanone (DB07342)","0.6384","http://www.drugbank.ca/drugs/DB07342"
"448","Trimethoprim (DB00440)","0.6358","http://www.drugbank.ca/drugs/DB00440"
"449","SINAPINATE (DB08587)","0.6343","http://www.drugbank.ca/drugs/DB08587"
"450","N-(3,5-dimethoxyphenyl)imidodicarbonimidic diamide (DB08479)","0.6335","http://www.drugbank.ca/drugs/DB08479"
"451","6-(Dihydroxy-Isobutyl)-Thymine (DB02500)","0.6321","http://www.drugbank.ca/drugs/DB02500"
"452","Neostigmine (DB01400)","0.6312","http://www.drugbank.ca/drugs/DB01400"
"453","Tetrahydrobiopterin (DB00360)","0.6295","http://www.drugbank.ca/drugs/DB00360"
"454","(6r,1'r,2's)-5,6,7,8 Tetrahydrobiopterin (DB02692)","0.6295","http://www.drugbank.ca/drugs/DB02692"
"455","6s-5,6,7,8-Tetrahydrobiopterin (DB03918)","0.6295","http://www.drugbank.ca/drugs/DB03918"
"456","DIETHYL 4-METHOXYPHENYL PHOSPHATE (DB07721)","0.6263","http://www.drugbank.ca/drugs/DB07721"
"457","Dorzolamide (DB00869)","0.6208","http://www.drugbank.ca/drugs/DB00869"
"458","(3s,8ar)-3-(1h-Imidazol-5-Ylmethyl)Hexahydropyrrolo[1,2-a]Pyrazine-1,4-Dione (DB02414)","0.6188","http://www.drugbank.ca/drugs/DB02414"
"459","7,8-Dihydro-L-Biopterin (DB03271)","0.6186","http://www.drugbank.ca/drugs/DB03271"
"460","7,8-Dihydrobiopterin (DB04400)","0.6186","http://www.drugbank.ca/drugs/DB04400"
"461","Zalcitabine (DB00943)","0.6181","http://www.drugbank.ca/drugs/DB00943"
"462","N-Pyridoxyl-Glycine-5-Monophosphate (DB02824)","0.6022","http://www.drugbank.ca/drugs/DB02824"
"463","7,8-Dihydroneopterin (DB04425)","0.5955","http://www.drugbank.ca/drugs/DB04425"
"464","Entecavir (DB00442)","0.5954","http://www.drugbank.ca/drugs/DB00442"
"465","Zidovudine (DB00495)","0.5948","http://www.drugbank.ca/drugs/DB00495"
"466","4-Imidazolmethylene-5-Imidazolone Chromophore (DB02356)","0.5881","http://www.drugbank.ca/drugs/DB02356"
"467","2'-5'dideoxyuridine (DB03274)","0.5772","http://www.drugbank.ca/drugs/DB03274"
"468","5-Methyl-2'-Deoxypseudouridine (DB03763)","0.5685","http://www.drugbank.ca/drugs/DB03763"
"469","2',3'-Dideoxycytidine-5'-Monophosphate (DB02883)","0.5659","http://www.drugbank.ca/drugs/DB02883"
"470","2'-Deoxycytidine (DB02594)","0.5640","http://www.drugbank.ca/drugs/DB02594"
"471","Telbivudine (DB01265)","0.5609","http://www.drugbank.ca/drugs/DB01265"
"472","Deoxythymidine (DB04485)","0.5609","http://www.drugbank.ca/drugs/DB04485"
"473","5-Bromovinyldeoxyuridine (DB03312)","0.5595","http://www.drugbank.ca/drugs/DB03312"
"474","Ranitidine (DB00863)","0.5553","http://www.drugbank.ca/drugs/DB00863"
"475","7-(1-Methyl-1,2,3-Triazol-4-Yl)-6-Formyl-2,7-Dihydro-[1,4]Thiazepine-3-Carboxylic Acid, Brl42715, C6-(N1-Methyl-1,2,3-Triazolylmethylene)Penem (DB02816)","0.5499","http://www.drugbank.ca/drugs/DB02816"
"476","Sparsomycin (DB04222)","0.5498","http://www.drugbank.ca/drugs/DB04222"
"477","2,5-Diaziridin-1-Yl-3-(Hydroxymethyl)-6-Methylcyclohexa-2,5-Diene-1,4-Dione (DB04090)","0.5451","http://www.drugbank.ca/drugs/DB04090"
"478","2'-Deoxyuridine (DB02256)","0.5441","http://www.drugbank.ca/drugs/DB02256"
"479","Famciclovir (DB00426)","0.5357","http://www.drugbank.ca/drugs/DB00426"
"480","Idoxuridine (DB00249)","0.5350","http://www.drugbank.ca/drugs/DB00249"
"481","Floxuridine (DB00322)","0.5350","http://www.drugbank.ca/drugs/DB00322"
"482","Valaciclovir (DB00577)","0.5347","http://www.drugbank.ca/drugs/DB00577"
"483","Pentoxifylline (DB00806)","0.5346","http://www.drugbank.ca/drugs/DB00806"
"484","Gemcitabine (DB00441)","0.5231","http://www.drugbank.ca/drugs/DB00441"
"485","Trifluridine (DB00432)","0.5069","http://www.drugbank.ca/drugs/DB00432"
"486","Cytarabine (DB00987)","0.5051","http://www.drugbank.ca/drugs/DB00987"
"487","CP-4055 (DB05494)","0.5051","http://www.drugbank.ca/drugs/DB05494"
"488","Cytidine (DB02097)","0.5051","http://www.drugbank.ca/drugs/DB02097"
"489","Stavudine (DB00649)","0.4949","http://www.drugbank.ca/drugs/DB00649"
"490","Zebularine (DB03068)","0.4944","http://www.drugbank.ca/drugs/DB03068"
"491","Uridine (DB02745)","0.4884","http://www.drugbank.ca/drugs/DB02745"
"492","5,6-Cyclic-Tetrahydropteridine (DB03332)","0.4830","http://www.drugbank.ca/drugs/DB03332"
"493","5-Fluorouridine (DB01629)","0.4818","http://www.drugbank.ca/drugs/DB01629"
"494","Cyclouridine (DB04627)","0.4687","http://www.drugbank.ca/drugs/DB04627"
"495","Lamivudine (DB00709)","0.4276","http://www.drugbank.ca/drugs/DB00709"
"496","Emtricitabine (DB00879)","0.4159","http://www.drugbank.ca/drugs/DB00879"
"497","Cp-166572, 2-Hydroxymethyl-4-(4-N,N-Dimethylaminosulfonyl-1-Piperazino)-Pyrimidine (DB04478)","0.4158","http://www.drugbank.ca/drugs/DB04478"
"498","Decitabine (DB01262)","0.4157","http://www.drugbank.ca/drugs/DB01262"
"499","Troxacitabine (DB04961)","0.3801","http://www.drugbank.ca/drugs/DB04961"
"500","Azacitidine (DB00928)","0.3793","http://www.drugbank.ca/drugs/DB00928"
