"","DrugBank Compound (Name, ID)","Similarity to ","Link"
"1","2-{4-[5-(4-chlorophenyl)-4-pyrimidin-4-yl-1H-pyrazol-3-yl]piperidin-1-yl}-2-oxoethanol (DB07943)","0.9448","http://www.drugbank.ca/drugs/DB07943"
"2","IMIDAZOPYRIDAZIN 1 (DB04715)","0.9313","http://www.drugbank.ca/drugs/DB04715"
"3","(3R,4S)-1-[(4-amino-5H-pyrrolo[3,2-d]pyrimidin-7-yl)methyl]-4-[(benzylsulfanyl)methyl]pyrrolidin-3-ol (DB07649)","0.9277","http://www.drugbank.ca/drugs/DB07649"
"4","CRA_10655 (DB02526)","0.9268","http://www.drugbank.ca/drugs/DB02526"
"5","(13R,15S)-13-METHYL-16-OXA-8,9,12,22,24-PENTAAZAHEXACYCLO[15.6.2.16,9.1,12,15.0,2,7.0,21,25]HEPTACOSA-1(24),2,4,6,17(25),18,20-HEPTAENE-23,26-DIONE (DB06888)","0.9262","http://www.drugbank.ca/drugs/DB06888"
"6","Cilansetron (DB04885)","0.9260","http://www.drugbank.ca/drugs/DB04885"
"7","Risperidone (DB00734)","0.9254","http://www.drugbank.ca/drugs/DB00734"
"8","5-{[1-(2-fluorobenzyl)piperidin-4-yl]methoxy}quinazoline-2,4-diamine (DB07642)","0.9251","http://www.drugbank.ca/drugs/DB07642"
"9","4-{[5-chloro-4-(1H-indol-3-yl)pyrimidin-2-yl]amino}-N-ethylpiperidine-1-carboxamide (DB08005)","0.9237","http://www.drugbank.ca/drugs/DB08005"
"10","Eletriptan (DB00216)","0.9234","http://www.drugbank.ca/drugs/DB00216"
"11","N-((1R,2S)-2-(5-CHLORO-1H-INDOLE-2-CARBOXAMIDO)CYCLOHEXYL)-5-METHYL-4,5,6,7-TETRAHYDROTHIAZOLO[5,4-C]PYRIDINE-2-CARBOXAMIDE (DB07629)","0.9233","http://www.drugbank.ca/drugs/DB07629"
"12","N-((1R,2R)-2-(5-CHLORO-1H-INDOLE-2-CARBOXAMIDO)CYCLOHEXYL)-5-METHYL-4,5,6,7-TETRAHYDROTHIAZOLO[5,4-C]PYRIDINE-2-CARBOXAMIDE (DB07630)","0.9233","http://www.drugbank.ca/drugs/DB07630"
"13","Topotecan (DB01030)","0.9233","http://www.drugbank.ca/drugs/DB01030"
"14","Pagoclone (DB04903)","0.9219","http://www.drugbank.ca/drugs/DB04903"
"15","N-{2'-[(4-FLUOROPHENYL)AMINO]-4,4'-BIPYRIDIN-2-YL}-4-METHOXYCYCLOHEXANECARBOXAMIDE (DB08025)","0.9212","http://www.drugbank.ca/drugs/DB08025"
"16","4-(6-{[(1R)-1-(hydroxymethyl)propyl]amino}imidazo[1,2-b]pyridazin-3-yl)benzoic acid (DB07125)","0.9209","http://www.drugbank.ca/drugs/DB07125"
"17","CRA_11092 (DB03555)","0.9194","http://www.drugbank.ca/drugs/DB03555"
"18","Naratriptan (DB00952)","0.9194","http://www.drugbank.ca/drugs/DB00952"
"19","5-{[1-(2,3-dichlorobenzyl)piperidin-4-yl]methoxy}quinazoline-2,4-diamine (DB07643)","0.9171","http://www.drugbank.ca/drugs/DB07643"
"20","Almotriptan (DB00918)","0.9153","http://www.drugbank.ca/drugs/DB00918"
"21","Vandetanib (DB05294)","0.9147","http://www.drugbank.ca/drugs/DB05294"
"22","Camptothecin (DB04690)","0.9146","http://www.drugbank.ca/drugs/DB04690"
"23","Cysteine-Methylene-Carbamoyl-1,10-Phenanthroline (DB04437)","0.9139","http://www.drugbank.ca/drugs/DB04437"
"24","1-(CYCLOHEXYLAMINO)-3-(6-METHYL-3,4-DIHYDRO-1H-CARBAZOL-9(2H)-YL)PROPAN-2-OL (DB07061)","0.9137","http://www.drugbank.ca/drugs/DB07061"
"25","(9S)-9-[(8-AMMONIOOCTYL)AMINO]-1,2,3,4,9,10-HEXAHYDROACRIDINIUM (DB04617)","0.9136","http://www.drugbank.ca/drugs/DB04617"
"26","4-BROMO-2-FLUORO-N-[(4E)-6-METHOXY-7-[(1-METHYLPIPERIDIN-4-YL)METHOXY]QUINAZOLIN-4(1H)-YLIDENE]ANILINE (DB08764)","0.9115","http://www.drugbank.ca/drugs/DB08764"
"27","CRA_16847 (DB02063)","0.9109","http://www.drugbank.ca/drugs/DB02063"
"28","Zolpidem (DB00425)","0.9105","http://www.drugbank.ca/drugs/DB00425"
"29","LE-SN38 (DB05482)","0.9104","http://www.drugbank.ca/drugs/DB05482"
"30","(3R,4S)-1-[6-(6-METHOXYPYRIDIN-3-YL)PYRIMIDIN-4-YL]-4-(2,4,5-TRIFLUOROPHENYL)PYRROLIDIN-3-AMINE (DB08445)","0.9103","http://www.drugbank.ca/drugs/DB08445"
"31","3-(2-AMINO-6-BENZOYLQUINAZOLIN-3(4H)-YL)-N-CYCLOHEXYL-N-METHYLPROPANAMIDE (DB08749)","0.9102","http://www.drugbank.ca/drugs/DB08749"
"32","Trovafloxacin (DB00685)","0.9097","http://www.drugbank.ca/drugs/DB00685"
"33","2-({2-[(3R)-3-AMINOPIPERIDIN-1-YL]-4-OXOQUINAZOLIN-3(4H)-YL}METHYL)BENZONITRILE (DB08588)","0.9080","http://www.drugbank.ca/drugs/DB08588"
"34","(2S,3S)-3-{3-[4-(METHYLSULFONYL)PHENYL]-1,2,4-OXADIAZOL-5-YL}-1-OXO-1-PYRROLIDIN-1-YLBUTAN-2-AMINE (DB07067)","0.9072","http://www.drugbank.ca/drugs/DB07067"
"35","1-((1R)-1-(HYDROXYMETHYL)-3-{6-[(3-PHENYLPROPANOYL)AMINO]-1H-INDOL-1-YL}PROPYL)-1H-IMIDAZOLE-4-CARBOXAMIDE (DB07783)","0.9068","http://www.drugbank.ca/drugs/DB07783"
"36","THIENO[3,2-B]PYRIDINE-2-SULFONIC ACID [2-OXO-1-(1H-PYRROLO[2,3-C]PYRIDIN-2-YLMETHYL)-PYRROLIDIN-3-YL]-AMIDE (DB08426)","0.9067","http://www.drugbank.ca/drugs/DB08426"
"37","(5E,7S)-2-amino-7-(4-fluoro-2-pyridin-3-ylphenyl)-4-methyl-7,8-dihydroquinazolin-5(6H)-one oxime (DB08197)","0.9065","http://www.drugbank.ca/drugs/DB08197"
"38","(3R,4R)-1-{6-[3-(METHYLSULFONYL)PHENYL]PYRIMIDIN-4-YL}-4-(2,4,5-TRIFLUOROPHENYL)PIPERIDIN-3-AMINE (DB08164)","0.9063","http://www.drugbank.ca/drugs/DB08164"
"39","1-cyclobutyl-3-(3,4-dimethoxyphenyl)-1H-pyrazolo[3,4-d]pyrimidin-4-amine (DB08053)","0.9059","http://www.drugbank.ca/drugs/DB08053"
"40","(3,3-dimethylpiperidin-1-yl)(6-(3-fluoro-4-methylphenyl)pyridin-2-yl)methanone (DB06992)","0.9057","http://www.drugbank.ca/drugs/DB06992"
"41","Quinacrine (DB01103)","0.9050","http://www.drugbank.ca/drugs/DB01103"
"42","8-ethyl-3,10,10-trimethyl-4,5,6,8,10,12-hexahydropyrazolo[4',3':6,7]cyclohepta[1,2-b]pyrrolo[2,3-f]indol-9(1H)-one (DB07266)","0.9049","http://www.drugbank.ca/drugs/DB07266"
"43","Rabeprazole (DB01129)","0.9044","http://www.drugbank.ca/drugs/DB01129"
"44","Etonitazene (DB01462)","0.9027","http://www.drugbank.ca/drugs/DB01462"
"45","CRA_10656 (DB04470)","0.9026","http://www.drugbank.ca/drugs/DB04470"
"46","1-ethyl-N-(phenylmethyl)-4-(tetrahydro-2H-pyran-4-ylamino)-1H-pyrazolo[3,4-b]pyridine-5-carboxamide (DB06909)","0.9024","http://www.drugbank.ca/drugs/DB06909"
"47","THIENO[3,2-B]PYRIDINE-2-SULFONIC ACID [1-(1-AMINO-ISOQUINOLIN-7-YLMETHYL)-2-OXO-PYRROLDIN-3-YL]-AMIDE (DB07261)","0.9017","http://www.drugbank.ca/drugs/DB07261"
"48","S-{3-[(4-ANILINOQUINAZOLIN-6-YL)AMINO]-3-OXOPROPYL}-L-CYSTEINE (DB07602)","0.9016","http://www.drugbank.ca/drugs/DB07602"
"49","1-[4-(4-chlorobenzyl)-1-(7H-pyrrolo[2,3-d]pyrimidin-4-yl)piperidin-4-yl]methanamine (DB08149)","0.9015","http://www.drugbank.ca/drugs/DB08149"
"50","[2-(1-Amino-2-Hydroxy-Propyl)-4-(4-Fluoro-1h-Indol-3-Ylmethyl)-5-Hydroxy-Imidazol-1-Yl]-Acetic Acid (DB01674)","0.9015","http://www.drugbank.ca/drugs/DB01674"
"51","CRA_10972 (DB02989)","0.8997","http://www.drugbank.ca/drugs/DB02989"
"52","CRA_10950 (DB03494)","0.8997","http://www.drugbank.ca/drugs/DB03494"
"53","6-FLUORO-2-(2-HYDROXY-3-ISOBUTOXY-PHENYL)-1H-BENZOIMIDAZOLE-5-CARBOXAMIDINE (DB06855)","0.8997","http://www.drugbank.ca/drugs/DB06855"
"54","Mesoridazine (DB00933)","0.8991","http://www.drugbank.ca/drugs/DB00933"
"55","Clonitazene (DB01523)","0.8991","http://www.drugbank.ca/drugs/DB01523"
"56","6-FLUORO-2-[2-HYDROXY-3-(2-METHYL-CYCLOHEXYLOXY)-PHENYL]-1H-INDOLE-5-CARBOXAMIDINE (DB06856)","0.8990","http://www.drugbank.ca/drugs/DB06856"
"57","5-Chloro-1h-Indole-2-Carboxylic Acid [1-(4-Fluorobenzyl)-2-(4-Hydroxypiperidin-1yl)-2-Oxoethyl]Amide (DB03383)","0.8985","http://www.drugbank.ca/drugs/DB03383"
"58","Piboserod (DB04873)","0.8977","http://www.drugbank.ca/drugs/DB04873"
"59","4-{[4-(1-CYCLOPROPYL-2-METHYL-1H-IMIDAZOL-5-YL)PYRIMIDIN-2-YL]AMINO}-N-METHYLBENZENESULFONAMIDE (DB07791)","0.8977","http://www.drugbank.ca/drugs/DB07791"
"60","3-(6-Aminopyridin-3-Yl)-N-Methyl-N-[(1-Methyl-1h-Indol-2-Yl)Methyl]Acrylamide (DB01865)","0.8971","http://www.drugbank.ca/drugs/DB01865"
"61","2-{4-[2-(2-AMINO-4-OXO-4,7-DIHYDRO-3H-PYRROLO[2,3-D]PYRIMIDIN-5-YL)-ETHYL]-BENZOYLAMINO}-3-METHYL-BUTYRIC ACID (DB08131)","0.8970","http://www.drugbank.ca/drugs/DB08131"
"62","Allyl-{6-[3-(4-Bromo-Phenyl)-1-Methyl-1h-Indazol-6-Yl]Oxy}Hexyl)-N-Methylamine (DB03888)","0.8968","http://www.drugbank.ca/drugs/DB03888"
"63","Domperidone (DB01184)","0.8968","http://www.drugbank.ca/drugs/DB01184"
"64","6-(2,4-DIAMINO-6-ETHYLPYRIMIDIN-5-YL)-4-(3-METHOXYPROPYL)-2,2-DIMETHYL-2H-1,4-BENZOXAZIN-3(4H)-ONE (DB07174)","0.8966","http://www.drugbank.ca/drugs/DB07174"
"65","N-[2-(1h-Indol-5-Yl)-Butyl]-4-Sulfamoyl-Benzamide (DB03596)","0.8963","http://www.drugbank.ca/drugs/DB03596"
"66","CRA_10433 (DB03173)","0.8954","http://www.drugbank.ca/drugs/DB03173"
"67","Bopindolol (DB08807)","0.8948","http://www.drugbank.ca/drugs/DB08807"
"68","Thioridazine (DB00679)","0.8947","http://www.drugbank.ca/drugs/DB00679"
"69","Rbt205 Inhibitor (DB03777)","0.8947","http://www.drugbank.ca/drugs/DB03777"
"70","Rosiglitazone (DB00412)","0.8944","http://www.drugbank.ca/drugs/DB00412"
"71","(3R,4S)-1-{6-[3-(METHYLSULFONYL)PHENYL]PYRIMIDIN-4-YL}-4-(2,4,5-TRIFLUOROPHENYL)PYRROLIDIN-3-AMINE (DB07666)","0.8942","http://www.drugbank.ca/drugs/DB07666"
"72","CRA_10991 (DB01771)","0.8935","http://www.drugbank.ca/drugs/DB01771"
"73","Cinchocaine (DB00527)","0.8935","http://www.drugbank.ca/drugs/DB00527"
"74","(2R)-N-HYDROXY-2-[(3S)-3-METHYL-3-{4-[(2-METHYLQUINOLIN-4-YL)METHOXY]PHENYL}-2-OXOPYRROLIDIN-1-YL]PROPANAMIDE (DB07145)","0.8931","http://www.drugbank.ca/drugs/DB07145"
"75","[5-AMINO-1-(4-FLUOROPHENYL)-1H-PYRAZOL-4-YL][3-(PIPERIDIN-4-YLOXY)PHENYL]METHANONE (DB08423)","0.8930","http://www.drugbank.ca/drugs/DB08423"
"76","1-(3-HYDROXYPROPYL)-2-[(3-NITROBENZOYL)AMINO]-1H-BENZIMIDAZOL-5-YL PIVALATE (DB08590)","0.8929","http://www.drugbank.ca/drugs/DB08590"
"77","1-[2-(3-Biphenyl)-4-Methylvaleryl)]Amino-3-(2-Pyridylsulfonyl)Amino-2-Propanone (DB04244)","0.8927","http://www.drugbank.ca/drugs/DB04244"
"78","Pipazethate (DB08796)","0.8922","http://www.drugbank.ca/drugs/DB08796"
"79","(2R,3R)-7-(methylsulfonyl)-3-(2,4,5-trifluorophenyl)-1,2,3,4-tetrahydropyrido[1,2-a]benzimidazol-2-amine (DB07193)","0.8917","http://www.drugbank.ca/drugs/DB07193"
"80","N-{2-[6-(2,4-DIAMINO-6-ETHYLPYRIMIDIN-5-YL)-2,2-DIMETHYL-3-OXO-2,3-DIHYDRO-4H-1,4-BENZOTHIAZIN-4-YL]ETHYL}ACETAMIDE (DB06899)","0.8915","http://www.drugbank.ca/drugs/DB06899"
"81","1-(2-CYCLOPROPYLETHYL)-3-(1,1-DIOXIDO-2H-1,2,4-BENZOTHIADIAZIN-3-YL)-6-FLUORO-4-HYDROXYQUINOLIN-2(1H)-ONE (DB08278)","0.8910","http://www.drugbank.ca/drugs/DB08278"
"82","Pemetrexed (DB00642)","0.8909","http://www.drugbank.ca/drugs/DB00642"
"83","Propericiazine (DB01608)","0.8906","http://www.drugbank.ca/drugs/DB01608"
"84","FR236913 (DB02830)","0.8906","http://www.drugbank.ca/drugs/DB02830"
"85","Sildenafil (DB00203)","0.8900","http://www.drugbank.ca/drugs/DB00203"
"86","Raltitrexed (DB00293)","0.8897","http://www.drugbank.ca/drugs/DB00293"
"87","5-CHLORO-N-((1R,2S)-2-(4-(2-OXOPYRIDIN-1(2H)-YL)BENZAMIDO) CYCLOPENTYL)THIOPHENE-2-CARBOXAMIDE (DB08174)","0.8896","http://www.drugbank.ca/drugs/DB08174"
"88","N-[5-(1,1-DIOXIDOISOTHIAZOLIDIN-2-YL)-1H-INDAZOL-3-YL]-2-(4-PIPERIDIN-1-YLPHENYL)ACETAMIDE (DB07220)","0.8893","http://www.drugbank.ca/drugs/DB07220"
"89","N-{2-[6-(2,4-DIAMINO-6-ETHYLPYRIMIDIN-5-YL)-2,2-DIMETHYL-3-OXO-2,3-DIHYDRO-4H-1,4-BENZOXAZIN-4-YL]ETHYL}ACETAMIDE (DB07059)","0.8889","http://www.drugbank.ca/drugs/DB07059"
"90","3-(1,1-dioxido-4H-1,2,4-benzothiadiazin-3-yl)-4-hydroxy-1-(3-methylbutyl)quinolin-2(1H)-one (DB07275)","0.8887","http://www.drugbank.ca/drugs/DB07275"
"91","3-[1-(3-AMINOPROPYL)-1H-INDOL-3-YL]-4-(1H-INDOL-3-YL)-1H-PYRROLE-2,5-DIONE (DB07457)","0.8883","http://www.drugbank.ca/drugs/DB07457"
"92","Propiomazine (DB00777)","0.8880","http://www.drugbank.ca/drugs/DB00777"
"93","Pipotiazine (DB01621)","0.8877","http://www.drugbank.ca/drugs/DB01621"
"94","N-{3-[(5-chloro-1H-pyrrolo[2,3-b]pyridin-3-yl)carbonyl]-2,4-difluorophenyl}propane-1-sulfonamide (DB06999)","0.8873","http://www.drugbank.ca/drugs/DB06999"
"95","4-[[(1E)-2-(4-CHLOROPHENYL)ETHENYL]SULFONYL]-1-[[1-(4-PYRIDINYL)-4-PIPERIDINYL]METHYL]PIPERAZINONE (DB08745)","0.8873","http://www.drugbank.ca/drugs/DB08745"
"96","7-[3-(4-FLUORO-PHENYL)-1-ISOPROPYL-1H-INDOL-2-YL]-3,5-DIHYDROXY-HEPTANOIC ACID (DB06846)","0.8871","http://www.drugbank.ca/drugs/DB06846"
"97","(2Z,3E)-2,3'-BIINDOLE-2',3(1H,1'H)-DIONE 3-{O-[(3R)-3,4-DIHYDROXYBUTYL]OXIME} (DB07766)","0.8869","http://www.drugbank.ca/drugs/DB07766"
"98","4-[(2-{4-[(CYCLOPROPYLCARBAMOYL)AMINO]-1H-PYRAZOL-3-YL}-1H-BENZIMIDAZOL-6-YL)METHYL]MORPHOLIN-4-IUM (DB08067)","0.8867","http://www.drugbank.ca/drugs/DB08067"
"99","Azelastine (DB00972)","0.8866","http://www.drugbank.ca/drugs/DB00972"
"100","N-[(Furan-2-Yl)Carbonyl]-(S)-Leucyl-(R)-[1-Amino-2(1h-Indol-3-Yl)Ethyl]-Phosphonic Acid (DB02046)","0.8866","http://www.drugbank.ca/drugs/DB02046"
"101","6-(4-{(1S,2S)-2-AMINO-1-[(DIMETHYLAMINO)CARBONYL]-3-[(3S)-3-FLUOROPYRROLIDIN-1-YL]-3-OXOPROPYL}PHENYL)-1H-[1,2,4]TRIAZOLO[1,5-A]PYRIDIN-4-IUM (DB08504)","0.8859","http://www.drugbank.ca/drugs/DB08504"
"102","Gefitinib (DB00317)","0.8853","http://www.drugbank.ca/drugs/DB00317"
"103","2-[1-(4-CHLOROBENZOYL)-5-METHOXY-2-METHYL-1H-INDOL-3-YL]-N-[(1R)-1-(HYDROXYMETHYL)PROPYL]ACETAMIDE (DB07981)","0.8846","http://www.drugbank.ca/drugs/DB07981"
"104","2-[1-(4-CHLOROBENZOYL)-5-METHOXY-2-METHYL-1H-INDOL-3-YL]-N-[(1S)-1-(HYDROXYMETHYL)PROPYL]ACETAMIDE (DB07984)","0.8846","http://www.drugbank.ca/drugs/DB07984"
"105","Mequitazine (DB01071)","0.8843","http://www.drugbank.ca/drugs/DB01071"
"106","Cp403700, (S)-1-{2-[(5-Chloro-1h-Indole-2-Carbonyl)-Amino]-3-Phenyl-Propionyl}-Azetidine-3-Carboxylate (DB03744)","0.8841","http://www.drugbank.ca/drugs/DB03744"
"107","(3S)-1-(1,3-BENZODIOXOL-5-YLMETHYL)-3-[4-(1H-IMIDAZOL-1-YL)PHENOXY]PIPERIDINE (DB07011)","0.8841","http://www.drugbank.ca/drugs/DB07011"
"108","5-[4-Tert-Butylphenylsulfanyl]-2,4-Quinazolinediamine (DB01958)","0.8835","http://www.drugbank.ca/drugs/DB01958"
"109","(4R,2S)-5'-(4-(4-CHLOROBENZYLOXY)PYRROLIDIN-2-YLMETHANESULFONYL)ISOQUINOLINE (DB07583)","0.8833","http://www.drugbank.ca/drugs/DB07583"
"110","3-[1-(3-Aminopropyl)-1h-Indol-3-Yl]-4-(1-Methyl-1h-Indol-3-Yl)-1h-Pyrrole-2,5-Dione (DB01946)","0.8828","http://www.drugbank.ca/drugs/DB01946"
"111","Temafloxacin (DB01405)","0.8828","http://www.drugbank.ca/drugs/DB01405"
"112","N-[(3z)-5-Tert-Butyl-2-Phenyl-1,2-Dihydro-3h-Pyrazol-3-Ylidene]-N'-(4-Chlorophenyl)Urea (DB01807)","0.8825","http://www.drugbank.ca/drugs/DB01807"
"113","(5z)-5-(1h-Indol-3-Ylmethylene)-4h-Imidazol-4-One (DB01653)","0.8821","http://www.drugbank.ca/drugs/DB01653"
"114","1-(5-Carboxypentyl)-5-[(2,6-Dichlorobenzyl)Oxy]-1 H-Indole-2-Carboxylic Acid (DB02316)","0.8820","http://www.drugbank.ca/drugs/DB02316"
"115","N-{[4-(but-2-yn-1-yloxy)phenyl]sulfonyl}-5-methyl-D-tryptophan (DB07233)","0.8819","http://www.drugbank.ca/drugs/DB07233"
"116","Bepridil (DB01244)","0.8817","http://www.drugbank.ca/drugs/DB01244"
"117","Valsartan (DB00177)","0.8814","http://www.drugbank.ca/drugs/DB00177"
"118","4-(1-Benzyl-3-Carbamoylmethyl-2-Methyl-1h-Indol-5-Yloxy)-Butyric Acid (DB02936)","0.8811","http://www.drugbank.ca/drugs/DB02936"
"119","N-(6-{[3-(4-Bromophenyl)-1,2-Benzisothiazol-6-Yl]Oxy}Hexyl)-N-Methylprop-2-En-1-Amine (DB02544)","0.8806","http://www.drugbank.ca/drugs/DB02544"
"120","1-[1-(3-aminophenyl)-3-tert-butyl-1H-pyrazol-5-yl]-3-phenylurea (DB06883)","0.8805","http://www.drugbank.ca/drugs/DB06883"
"121","N-(2-METHOXYETHYL)-4-({4-[2-METHYL-1-(1-METHYLETHYL)-1H-IMIDAZOL-5-YL]PYRIMIDIN-2-YL}AMINO)BENZENESULFONAMIDE (DB07790)","0.8801","http://www.drugbank.ca/drugs/DB07790"
"122","Ziprasidone (DB00246)","0.8800","http://www.drugbank.ca/drugs/DB00246"
"123","Fluvastatin (DB01095)","0.8788","http://www.drugbank.ca/drugs/DB01095"
"124","Aminacrine (DB02842)","0.8785","http://www.drugbank.ca/drugs/DB02842"
"125","Rimonabant (DB06155)","0.8783","http://www.drugbank.ca/drugs/DB06155"
"126","(R)-N-(3-Indol-1-Yl-2-Methyl-Propyl)-4-Sulfamoyl-Benzamide (DB02479)","0.8782","http://www.drugbank.ca/drugs/DB02479"
"127","(S)-N-(3-Indol-1-Yl-2-Methyl-Propyl)-4-Sulfamoyl-Benzamide (DB03950)","0.8782","http://www.drugbank.ca/drugs/DB03950"
"128","FR233623 (DB03220)","0.8779","http://www.drugbank.ca/drugs/DB03220"
"129","2-({4-[(5-CHLORO-1H-INDOL-2-YL)SULFONYL]PIPERAZIN-1-YL}CARBONYL)THIENO[3,2-B]PYRIDINE 4-OXIDE (DB07605)","0.8778","http://www.drugbank.ca/drugs/DB07605"
"130","5-(4-Morpholin-4-Yl-Phenylsulfanyl)-2,4-Quinazolinediamine (DB02001)","0.8777","http://www.drugbank.ca/drugs/DB02001"
"131","Aceprometazine (DB01615)","0.8767","http://www.drugbank.ca/drugs/DB01615"
"132","(1-Methyl-1h-Imidazol-2-Yl)-(3-Methyl-4-{3-[(Pyridin-3-Ylmethyl)-Amino]-Propoxy}-Benzofuran-2-Yl)-Methanone (DB03062)","0.8766","http://www.drugbank.ca/drugs/DB03062"
"133","N-(3-TERT-BUTYL-1H-PYRAZOL-5-YL)-N'-{4-CHLORO-3-[(PYRIDIN-3-YLOXY)METHYL]PHENYL}UREA (DB08064)","0.8762","http://www.drugbank.ca/drugs/DB08064"
"134","Acepromazine (DB01614)","0.8754","http://www.drugbank.ca/drugs/DB01614"
"135","4-METHYL-5-{(2E)-2-[(4-MORPHOLIN-4-YLPHENYL)IMINO]-2,5-DIHYDROPYRIMIDIN-4-YL}-1,3-THIAZOL-2-AMINE (DB08219)","0.8754","http://www.drugbank.ca/drugs/DB08219"
"136","(2S)-1-{[5-(1H-INDAZOL-5-YL)PYRIDIN-3-YL]OXY}-3-[(7AS)-7AH-INDOL-3-YL]PROPAN-2-AMINE (DB06977)","0.8751","http://www.drugbank.ca/drugs/DB06977"
"137","N-[(1S)-2-AMINO-1-(2,4-DICHLOROBENZYL)ETHYL]-5-[2-(METHYLAMINO)PYRIMIDIN-4-YL]THIOPHENE-2-CARBOXAMIDE (DB07235)","0.8747","http://www.drugbank.ca/drugs/DB07235"
"138","[4-(6-Chloro-Naphthalene-2-Sulfonyl)-Piperazin-1-Yl]-(3,4,5,6-Tetrahydro-2h-[1,4']Bipyridinyl-4-Yl)-Methanone (DB01836)","0.8743","http://www.drugbank.ca/drugs/DB01836"
"139","3-FLUORO-N-1H-INDOL-5-YL-5-MORPHOLIN-4-YLBENZAMIDE (DB08092)","0.8741","http://www.drugbank.ca/drugs/DB08092"
"140","Pioglitazone (DB01132)","0.8735","http://www.drugbank.ca/drugs/DB01132"
"141","(5S)-5-(2-amino-2-oxoethyl)-4-oxo-N-[(3-oxo-3,4-dihydro-2H-1,4-benzoxazin-6-yl)methyl]-3,4,5,6,7,8-hexahydro[1]benzothieno[2,3-d]pyrimidine-2-carboxamide (DB07397)","0.8732","http://www.drugbank.ca/drugs/DB07397"
"142","(3R,4R)-4-(pyrrolidin-1-ylcarbonyl)-1-(quinoxalin-2-ylcarbonyl)pyrrolidin-3-amine (DB07015)","0.8731","http://www.drugbank.ca/drugs/DB07015"
"143","Dextromoramide (DB01529)","0.8725","http://www.drugbank.ca/drugs/DB01529"
"144","Delavirdine (DB00705)","0.8719","http://www.drugbank.ca/drugs/DB00705"
"145","3-[3-(2,3-Dihydroxy-Propylamino)-Phenyl]-4-(5-Fluoro-1-Methyl-1h-Indol-3-Yl)-Pyrrole-2,5-Dione (DB01772)","0.8718","http://www.drugbank.ca/drugs/DB01772"
"146","Moricizine (DB00680)","0.8712","http://www.drugbank.ca/drugs/DB00680"
"147","3-(2-CHLOROPHENYL)-1-(2-{[(1S)-2-HYDROXY-1,2-DIMETHYLPROPYL]AMINO}PYRIMIDIN-4-YL)-1-(4-METHOXYPHENYL)UREA (DB08095)","0.8710","http://www.drugbank.ca/drugs/DB08095"
"148","3-[3-(4-methylpiperazin-1-yl)-7-(trifluoromethyl)quinoxalin-5-yl]phenol (DB07969)","0.8708","http://www.drugbank.ca/drugs/DB07969"
"149","FR230513 (DB03572)","0.8700","http://www.drugbank.ca/drugs/DB03572"
"150","methyl (1R,2S)-2-(hydroxycarbamoyl)-1-{4-[(2-methylquinolin-4-yl)methoxy]benzyl}cyclopropanecarboxylate (DB07147)","0.8699","http://www.drugbank.ca/drugs/DB07147"
"151","2-(3-CHLORO-6-{[2,2-DIFLUORO-2-(1-OXIDOPYRIDIN-2-YL)ETHYL]AMINO}-1-OXIDOPYRIDIN-2-YL)-N-[1-(3-CHLOROPHENYL)ETHYL]ACETAMIDE (DB04722)","0.8695","http://www.drugbank.ca/drugs/DB04722"
"152","MACITENTAN (DB08932)","0.8694","http://www.drugbank.ca/drugs/DB08932"
"153","Pirenzepine (DB00670)","0.8691","http://www.drugbank.ca/drugs/DB00670"
"154","1-{(1R,2S)-2-HYDROXY-1-[2-(2-NAPHTHYLOXY)ETHYL]PROPYL}-1H-IMIDAZONE-4-CARBOXAMIDE (DB07785)","0.8691","http://www.drugbank.ca/drugs/DB07785"
"155","(2E)-N-{4-[(3-bromophenyl)amino]quinazolin-6-yl}-4-(dimethylamino)but-2-enamide (DB08564)","0.8691","http://www.drugbank.ca/drugs/DB08564"
"156","OPC-6535 (DB05298)","0.8685","http://www.drugbank.ca/drugs/DB05298"
"157","3-(HYDROXYMETHYL)-1-METHYL-5-(2-METHYLAZIRIDIN-1-YL)-2-PHENYL-1H-INDOLE-4,7-DIONE (DB07385)","0.8683","http://www.drugbank.ca/drugs/DB07385"
"158","[3-(1-Benzyl-3-Carbamoylmethyl-2-Methyl-1h-Indol-5-Yloxy)-Propyl-]-Phosphonic Acid (DB02504)","0.8681","http://www.drugbank.ca/drugs/DB02504"
"159","[4-(4-PHENYL-PIPERIDIN-1-YL)-BENZENESULFONYLAMINO]-ACETIC ACID (DB07986)","0.8681","http://www.drugbank.ca/drugs/DB07986"
"160","2-{2-[(3,5-dimethylphenyl)amino]pyrimidin-4-yl}-N-[(1S)-2-hydroxy-1-methylethyl]-4-methyl-1,3-thiazole-5-carboxamide (DB07194)","0.8680","http://www.drugbank.ca/drugs/DB07194"
"161","Amodiaquine (DB00613)","0.8676","http://www.drugbank.ca/drugs/DB00613"
"162","Omeprazole (DB00338)","0.8676","http://www.drugbank.ca/drugs/DB00338"
"163","Esomeprazole (DB00736)","0.8676","http://www.drugbank.ca/drugs/DB00736"
"164","5-Bromo-N[2-(Dimethylamino)Ethyl]-9-Aminoacridine-4-Carboxamide (DB02390)","0.8662","http://www.drugbank.ca/drugs/DB02390"
"165","5-[1-(3,4-Dimethoxy-Benzoyl)-1,2,3,4-Tetrahydro-Quinolin-6-Yl]-6-Methyl-3,6-Dihydro-[1,3,4]Thiadiazin-2-One (DB03944)","0.8656","http://www.drugbank.ca/drugs/DB03944"
"166","Prasugrel (DB06209)","0.8655","http://www.drugbank.ca/drugs/DB06209"
"167","Vardenafil (DB00862)","0.8646","http://www.drugbank.ca/drugs/DB00862"
"168","2,4-Diamino-6-[N-(3',5'-Dimethoxybenzyl)-N-Methylamino]Pyrido[2,3-D]Pyrimidine (DB03987)","0.8646","http://www.drugbank.ca/drugs/DB03987"
"169","5-hydroxy-4-(7-methoxy-1,1-dioxido-2H-1,2,4-benzothiadiazin-3-yl)-2-(3-methylbutyl)-6-phenylpyridazin-3(2H)-one (DB06974)","0.8643","http://www.drugbank.ca/drugs/DB06974"
"170","2,4-Diamino-6-[N-(2',5'-Dimethoxybenzyl)-N-Methylamino]Quinazoline (DB02427)","0.8643","http://www.drugbank.ca/drugs/DB02427"
"171","N6-(2,5-Dimethoxy-Benzyl)-N6-Methyl-Pyrido[2,3-D]Pyrimidine-2,4,6-Triamine (DB02583)","0.8642","http://www.drugbank.ca/drugs/DB02583"
"172","5-Chloro-thiophene-2-carboxylic acid ((3S,4S)-1-{[2-fluoro-4-(2-oxo-2H-pyridin-1-yl)-phenylcarbamoyl]-methyl}-4-hydroxy-pyrrolidin-3-yl)-amide (DB07875)","0.8639","http://www.drugbank.ca/drugs/DB07875"
"173","Quetiapine (DB01224)","0.8627","http://www.drugbank.ca/drugs/DB01224"
"174","N-{2-methyl-5-[(6-phenylpyrimidin-4-yl)amino]phenyl}methanesulfonamide (DB07175)","0.8619","http://www.drugbank.ca/drugs/DB07175"
"175","N-(cyclopropylmethyl)-2'-methyl-5'-(5-methyl-1,3,4-oxadiazol-2-yl)biphenyl-4-carboxamide (DB07834)","0.8618","http://www.drugbank.ca/drugs/DB07834"
"176","N-{3-[(4-{[3-(TRIFLUOROMETHYL)PHENYL]AMINO}PYRIMIDIN-2-YL)AMINO]PHENYL}CYCLOPROPANECARBOXAMIDE (DB07545)","0.8617","http://www.drugbank.ca/drugs/DB07545"
"177","Indacaterol (DB05039)","0.8617","http://www.drugbank.ca/drugs/DB05039"
"178","(2s,3r)-3-Amino-2-Hydroxy-5-(Ethylsulfanyl)Pentanoyl-((S)-(-)-(1-Naphthyl)Ethyl)Amide (DB04108)","0.8612","http://www.drugbank.ca/drugs/DB04108"
"179","1-Benzyl-5-Methoxy-2-Methyl-1h-Indol-3-Yl)-Acetic Acid (DB03121)","0.8610","http://www.drugbank.ca/drugs/DB03121"
"180","N-HYDROXY-2(R)-[[(4-METHOXYPHENYL)SULFONYL](3-PICOLYL)AMINO]-3-METHYLBUTANAMIDE HYDROCHLORIDE (DB07556)","0.8608","http://www.drugbank.ca/drugs/DB07556"
"181","5-chloro-N-[(3R)-1-(2-{[2-fluoro-4-(2-oxopyridin-1(2H)-yl)phenyl]amino}-2-oxoethyl)pyrrolidin-3-yl]thiophene-2-carboxamide (DB07872)","0.8605","http://www.drugbank.ca/drugs/DB07872"
"182","1-(3-(2,4-DIMETHYLTHIAZOL-5-YL)-4-OXO-2,4-DIHYDROINDENO[1,2-C]PYRAZOL-5-YL)-3-(4-METHYLPIPERAZIN-1-YL)UREA (DB07622)","0.8601","http://www.drugbank.ca/drugs/DB07622"
"183","5-CHLORO-N-(2-(4-(2-OXOPYRIDIN-1(2H)-YL)BENZAMIDO)ETHYL)THIOPHENE-2-CARBOXAMIDE (DB08173)","0.8597","http://www.drugbank.ca/drugs/DB08173"
"184","Erlotinib (DB00530)","0.8596","http://www.drugbank.ca/drugs/DB00530"
"185","Furo[2,3d]Pyrimidine Antifolate (DB02026)","0.8596","http://www.drugbank.ca/drugs/DB02026"
"186","[5-AMINO-1-(4-FLUOROPHENYL)-1H-PYRAZOL-4-YL](3-{[(2R)-2,3-DIHYDROXYPROPYL]OXY}PHENYL)METHANONE (DB08424)","0.8595","http://www.drugbank.ca/drugs/DB08424"
"187","4-({4-[(4-methoxypyridin-2-yl)amino]piperidin-1-yl}carbonyl)benzonitrile (DB07002)","0.8592","http://www.drugbank.ca/drugs/DB07002"
"188","Mirabegron  (DB08893)","0.8587","http://www.drugbank.ca/drugs/DB08893"
"189","Ivacaftor (DB08820)","0.8586","http://www.drugbank.ca/drugs/DB08820"
"190","1-(5-BROMO-PYRIDIN-2-YL)-3-[2-(6-FLUORO-2-HYDROXY-3-PROPIONYL-PHENYL)-CYCLOPROPYL]-UREA (DB07451)","0.8586","http://www.drugbank.ca/drugs/DB07451"
"191","1-(2-Phenylethyl)-4-phenyl-4-acetoxypiperidine (DB01562)","0.8584","http://www.drugbank.ca/drugs/DB01562"
"192","6-(2,5-Dimethoxy-Benzyl)-5-Methyl-Pyrido[2,3-D]Pyrimidine-2,4-Diamine (DB03695)","0.8578","http://www.drugbank.ca/drugs/DB03695"
"193","5-(3,5-DICHLOROPHENYL)THIO-4-ISOPROPYL-1-(PYRIDIN-4-YL-METHYL)-1H-IMIDAZOL-2-YL-METHYL CARBAMATE (DB08502)","0.8577","http://www.drugbank.ca/drugs/DB08502"
"194","2-(6-{[(3-chloro-2-methylphenyl)sulfonyl]amino}pyridin-2-yl)-N,N-diethylacetamide (DB07056)","0.8577","http://www.drugbank.ca/drugs/DB07056"
"195","S-{2-[(2-chloro-4-sulfamoylphenyl)amino]-2-oxoethyl} 6-methyl-3,4-dihydroquinoline-1(2H)-carbothioate (DB08494)","0.8575","http://www.drugbank.ca/drugs/DB08494"
"196","N-METHYL-{4-[2-(7-OXO-6,7-DIHYDRO-8H-[1,3]THIAZOLO[5,4-E]INDOL-8-YLIDENE)HYDRAZINO]PHENYL}METHANESULFONAMIDE (DB08123)","0.8573","http://www.drugbank.ca/drugs/DB08123"
"197","TC-5619 (DB06090)","0.8573","http://www.drugbank.ca/drugs/DB06090"
"198","RPR131247 (DB02744)","0.8570","http://www.drugbank.ca/drugs/DB02744"
"199","Loratadine (DB00455)","0.8569","http://www.drugbank.ca/drugs/DB00455"
"200","5-CHLORO-THIOPHENE-2-CARBOXYLIC ACID ((3S,4S)-4-FLUORO- 1-{[2-FLUORO-4-(2-OXO-2H-PYRIDIN-1-YL)-PHENYLCARBAMOYL]-METHYL}-PYRROLIDIN-3-YL)-AMIDE (DB08143)","0.8567","http://www.drugbank.ca/drugs/DB08143"
"201","(2S)-1-{4-[(4-ANILINO-5-BROMOPYRIMIDIN-2-YL)AMINO]PHENOXY}-3-(DIMETHYLAMINO)PROPAN-2-OL (DB07501)","0.8567","http://www.drugbank.ca/drugs/DB07501"
"202","(2R)-1-{4-[(4-ANILINO-5-BROMOPYRIMIDIN-2-YL)AMINO]PHENOXY}-3-(DIMETHYLAMINO)PROPAN-2-OL (DB07504)","0.8567","http://www.drugbank.ca/drugs/DB07504"
"203","CRA_9678 (DB04563)","0.8566","http://www.drugbank.ca/drugs/DB04563"
"204","[4-({4-[(5-CYCLOPROPYL-1H-PYRAZOL-3-YL)AMINO]QUINAZOLIN-2-YL}IMINO)CYCLOHEXA-2,5-DIEN-1-YL]ACETONITRILE (DB07853)","0.8564","http://www.drugbank.ca/drugs/DB07853"
"205","ISOQUINOLINE-5-SULFONIC ACID (2-(2-(4-CHLOROBENZYLOXY)ETHYLAMINO)ETHYL)AMIDE (DB07947)","0.8564","http://www.drugbank.ca/drugs/DB07947"
"206","(6R)-2-amino-6-[2-(3'-methoxybiphenyl-3-yl)ethyl]-3,6-dimethyl-5,6-dihydropyrimidin-4(3H)-one (DB07519)","0.8564","http://www.drugbank.ca/drugs/DB07519"
"207","6-BENZYL-1-BENZYLOXYMETHYL-5-ISOPROPYL URACIL (DB08634)","0.8562","http://www.drugbank.ca/drugs/DB08634"
"208","(2e)-N-Allyl-4-{[3-(4-Bromophenyl)-5-Fluoro-1-Methyl-1h-Indazol-6-Yl]Oxy}-N-Methyl-2-Buten-1-Amine (DB02139)","0.8561","http://www.drugbank.ca/drugs/DB02139"
"209","N-{3-[4-hydroxy-1-(3-methylbutyl)-2-oxo-1,2-dihydropyrrolo[1,2-b]pyridazin-3-yl]-1,1-dioxido-2H-1,2,4-benzothiadiazin-7-yl}methanesulfonamide (DB07062)","0.8560","http://www.drugbank.ca/drugs/DB07062"
"210","3-{5-methoxy-1-[(4-methoxyphenyl)sulfonyl]-1H-indol-3-yl}propanoic acid (DB07724)","0.8558","http://www.drugbank.ca/drugs/DB07724"
"211","1-(1'-{[3-(methylsulfanyl)-2-benzothiophen-1-yl]carbonyl}spiro[1-benzofuran-3,4'-piperidin]-5-yl)methanamine (DB06848)","0.8556","http://www.drugbank.ca/drugs/DB06848"
"212","ONO-6818 (DB03925)","0.8556","http://www.drugbank.ca/drugs/DB03925"
"213","3-{3-bromo-4-[(2,4-difluorobenzyl)oxy]-6-methyl-2-oxopyridin-1(2H)-yl}-N,4-dimethylbenzamide (DB07941)","0.8554","http://www.drugbank.ca/drugs/DB07941"
"214","Indomethacin (DB00328)","0.8550","http://www.drugbank.ca/drugs/DB00328"
"215","2,6-DIMETHYL-1-(3-[3-METHYL-5-ISOXAZOLYL]-PROPANYL)-4-[2-METHYL-4-ISOXAZOLYL]-PHENOL (DB08715)","0.8550","http://www.drugbank.ca/drugs/DB08715"
"216","Tadalafil (DB00820)","0.8549","http://www.drugbank.ca/drugs/DB00820"
"217","O6-(R)-ROSCOVITINE, R-2-(6-BENZYLOXY-9-ISOPROPYL-9H-PURIN-2-YLAMINO)-BUTAN-1-OL (DB04770)","0.8547","http://www.drugbank.ca/drugs/DB04770"
"218","[4-({5-(AMINOCARBONYL)-4-[(3-METHYLPHENYL)AMINO]PYRIMIDIN-2-YL}AMINO)PHENYL]ACETIC ACID (DB08513)","0.8547","http://www.drugbank.ca/drugs/DB08513"
"219","3-[(Acetyl-Methyl-Amino)-Methyl]-4-Amino-N-Methyl-N-(1-Methyl-1h-Indol-2-Ylmethyl)-Benzamide (DB03534)","0.8536","http://www.drugbank.ca/drugs/DB03534"
"220","4-(BENZHYDRYLOXY)-1-[3-(1H-TETRAAZOL-5-YL)PROPYL]PIPERIDINE (DB07917)","0.8528","http://www.drugbank.ca/drugs/DB07917"
"221","2-ANILINO-6-CYCLOHEXYLMETHOXYPURINE (DB06948)","0.8527","http://www.drugbank.ca/drugs/DB06948"
"222","Dapiprazole (DB00298)","0.8525","http://www.drugbank.ca/drugs/DB00298"
"223","Thiethylperazine (DB00372)","0.8523","http://www.drugbank.ca/drugs/DB00372"
"224","METHYL 1-(4-{[(2,4-DIAMINOPTERIDIN-6-YL)METHYL]AMINO}BENZOYL)PIPERIDINE-4-CARBOXYLATE (DB07689)","0.8521","http://www.drugbank.ca/drugs/DB07689"
"225","Propafenone (DB01182)","0.8518","http://www.drugbank.ca/drugs/DB01182"
"226","Acetophenazine (DB01063)","0.8518","http://www.drugbank.ca/drugs/DB01063"
"227","4-[3-Methylsulfanylanilino]-6,7-Dimethoxyquinazoline (DB02984)","0.8515","http://www.drugbank.ca/drugs/DB02984"
"228","6-[(Z)-AMINO(IMINO)METHYL]-N-[3-(CYCLOPENTYLOXY)PHENYL]-2-NAPHTHAMIDE (DB07076)","0.8515","http://www.drugbank.ca/drugs/DB07076"
"229","Purvalanol A (DB04751)","0.8513","http://www.drugbank.ca/drugs/DB04751"
"230","Folic Acid (DB00158)","0.8502","http://www.drugbank.ca/drugs/DB00158"
"231","Dansyllysine (DB04676)","0.8495","http://www.drugbank.ca/drugs/DB04676"
"232","1-[2-(S)-AMINO-3-BIPHENYL-4-YL-PROPIONYL]-PYRROLIDINE-2-(S)-CARBONITRILE (DB08024)","0.8495","http://www.drugbank.ca/drugs/DB08024"
"233","1-Acetyl-4-(4-{4-[(2-Ethoxyphenyl)Thio]-3-Nitrophenyl}Pyridin-2-Yl)Piperazine (DB02177)","0.8495","http://www.drugbank.ca/drugs/DB02177"
"234","6-(3-AMINOPROPYL)-4,9-DIMETHYLPYRROLO[3,4-C]CARBAZOLE-1,3(2H,6H)-DIONE (DB07444)","0.8494","http://www.drugbank.ca/drugs/DB07444"
"235","(3R)-3-[(1,2,3,4-tetrahydroisoquinolin-7-yloxy)methyl]-2,3-dihydrothieno[2,3-f][1,4]oxazepin-5-amine (DB07007)","0.8493","http://www.drugbank.ca/drugs/DB07007"
"236","6-CYCLOHEXYLMETHOXY-2-(3'-CHLOROANILINO) PURINE (DB07203)","0.8490","http://www.drugbank.ca/drugs/DB07203"
"237","(2R)-1-[4-({4-[(2,5-DICHLOROPHENYL)AMINO]PYRIMIDIN-2-YL}AMINO)PHENOXY]-3-(DIMETHYLAMINO)PROPAN-2-OL (DB07750)","0.8490","http://www.drugbank.ca/drugs/DB07750"
"238","(2S)-1-[4-({4-[(2,5-DICHLOROPHENYL)AMINO]PYRIMIDIN-2-YL}AMINO)PHENOXY]-3-(DIMETHYLAMINO)PROPAN-2-OL (DB07755)","0.8490","http://www.drugbank.ca/drugs/DB07755"
"239","N-[2-(4-BROMOCINNAMYLAMINO)ETHYL]-5-ISOQUINOLINE SULFONAMIDE (DB07995)","0.8488","http://www.drugbank.ca/drugs/DB07995"
"240","2-(6-CHLORO-3-{[2,2-DIFLUORO-2-(1-OXIDO-2-PYRIDINYL)ETHYL]AMINO}-2-OXO-1(2H)-PYRAZINYL)-N-[(2-FLUOROPHENYL)METHYL]ACETAMIDE (DB07550)","0.8483","http://www.drugbank.ca/drugs/DB07550"
"241","Glisoxepide (DB01289)","0.8482","http://www.drugbank.ca/drugs/DB01289"
"242","5-cyclopropyl-2-(4-fluorophenyl)-6-[(2-hydroxyethyl)(methylsulfonyl)amino]-N-methyl-1-benzofuran-3-carboxamide (DB07238)","0.8477","http://www.drugbank.ca/drugs/DB07238"
"243","4-(6-CYCLOHEXYLMETHOXY-9H-PURIN-2-YLAMINO)--BENZAMIDE (DB08241)","0.8476","http://www.drugbank.ca/drugs/DB08241"
"244","O6-CYCLOHEXYLMETHOXY-2-(4'-SULPHAMOYLANILINO) PURINE (DB07126)","0.8476","http://www.drugbank.ca/drugs/DB07126"
"245","3-(6-CYCLOHEXYLMETHOXY-9H-PURIN-2-YLAMINO)-BENZENESULFONAMIDE (DB08248)","0.8476","http://www.drugbank.ca/drugs/DB08248"
"246","1-[2-(3-ACETYL-2-HYDROXY-6-METHOXY-PHENYL)-CYCLOPROPYL]-3-(5-CYANO-PYRIDIN-2-YL)-THIOUREA (DB08212)","0.8474","http://www.drugbank.ca/drugs/DB08212"
"247","OLOMOUCINE II (DB04662)","0.8474","http://www.drugbank.ca/drugs/DB04662"
"248","6-[3-(4-Morpholinyl)Propyl]-2-(3-Nitrophenyl)-5-Thioxo-5,6,-Dihydro-7h-Thienol[2',3':4,5]Pyrrolo[1,2-C]Imidazol-7-One (DB03507)","0.8473","http://www.drugbank.ca/drugs/DB03507"
"249","Paliperidone (DB01267)","0.8473","http://www.drugbank.ca/drugs/DB01267"
"250","N-butyl-3-{[6-(9H-purin-6-ylamino)hexanoyl]amino}benzamide (DB07801)","0.8472","http://www.drugbank.ca/drugs/DB07801"
"251","Aminopterin (DB08878)","0.8472","http://www.drugbank.ca/drugs/DB08878"
"252","N-(3-Phenyl-2-Sulfanylpropanoyl)Phenylalanylalanine (DB02558)","0.8471","http://www.drugbank.ca/drugs/DB02558"
"253","N-cyclopropyl-2',6-dimethyl-4'-(5-methyl-1,3,4-oxadiazol-2-yl)biphenyl-3-carboxamide (DB07811)","0.8470","http://www.drugbank.ca/drugs/DB07811"
"254","6-CYCLOHEXYLMETHYLOXY-2-(4'-HYDROXYANILINO)PURINE (DB08233)","0.8467","http://www.drugbank.ca/drugs/DB08233"
"255","4-[(1S)-1-(3-fluoro-4-methoxyphenyl)-2-(2-methoxy-5-nitrophenyl)ethyl]-1H-imidazol-2-amine (DB07415)","0.8466","http://www.drugbank.ca/drugs/DB07415"
"256","N~3~-cyclopropyl-N~4~'-(cyclopropylmethyl)-6-methylbiphenyl-3,4'-dicarboxamide (DB07835)","0.8461","http://www.drugbank.ca/drugs/DB07835"
"257","Merimepodib (DB04862)","0.8461","http://www.drugbank.ca/drugs/DB04862"
"258","N-{3-METHYL-5-[2-(PYRIDIN-4-YLAMINO)-ETHOXY]-PHENYL}-BENZENESULFONAMIDE (DB07944)","0.8457","http://www.drugbank.ca/drugs/DB07944"
"259","Pefloxacin (DB00487)","0.8456","http://www.drugbank.ca/drugs/DB00487"
"260","N6-METHYL-(R)-ROSCOVITINE, R-2-[6-(BENZYL-METHYL-AMINO)-9-ISOPROPYL-9H-PURIN-2-YLAMINO]-BUTAN-1-OL (DB04776)","0.8455","http://www.drugbank.ca/drugs/DB04776"
"261","4-CHLORO-6-(4-{4-[4-(METHYLSULFONYL)BENZYL]PIPERAZIN-1-YL}-1H-PYRAZOL-5-YL)BENZENE-1,3-DIOL (DB06957)","0.8455","http://www.drugbank.ca/drugs/DB06957"
"262","Purvalanol (DB02733)","0.8454","http://www.drugbank.ca/drugs/DB02733"
"263","1-((2-HYDROXYETHOXY)METHYL)-5-(3-(BENZYLOXY)BENZYL)PYRIMIDINE-2,4(1H,3H)-DIONE (DB06873)","0.8451","http://www.drugbank.ca/drugs/DB06873"
"264","Flibanserin (DB04908)","0.8448","http://www.drugbank.ca/drugs/DB04908"
"265","Prochlorperazine (DB00433)","0.8444","http://www.drugbank.ca/drugs/DB00433"
"266","(S)-2-CHLORO-N-(1-(2-(2-HYDROXYETHYLAMINO)-2-OXOETHYL)-2-OXO-1,2,3,4-TETRAHYDROQUINOLIN-3-YL)-6H-THIENO[2,3-B]PYRROLE-5-CARBOXAMIDE (DB07792)","0.8443","http://www.drugbank.ca/drugs/DB07792"
"267","{4-[(2R)-pyrrolidin-2-ylmethoxy]phenyl}(4-thiophen-3-ylphenyl)methanone (DB07237)","0.8440","http://www.drugbank.ca/drugs/DB07237"
"268","Sri-9662 (DB03060)","0.8437","http://www.drugbank.ca/drugs/DB03060"
"269","4-(3-amino-1H-indazol-5-yl)-N-tert-butylbenzenesulfonamide (DB07162)","0.8436","http://www.drugbank.ca/drugs/DB07162"
"270","2-METHYL-2-(4-{[({4-METHYL-2-[4-(TRIFLUOROMETHYL)PHENYL]-1,3-THIAZOL-5-YL}CARBONYL)AMINO]METHYL}PHENOXY)PROPANOIC ACID (DB07215)","0.8436","http://www.drugbank.ca/drugs/DB07215"
"271","(2S)-1-[4-({6-[(2,6-DIFLUOROPHENYL)AMINO]PYRIMIDIN-4-YL}AMINO)PHENOXY]-3-(DIMETHYLAMINO)PROPAN-2-OL (DB07751)","0.8434","http://www.drugbank.ca/drugs/DB07751"
"272","(2R)-1-[4-({6-[(2,6-DIFLUOROPHENYL)AMINO]PYRIMIDIN-4-YL}AMINO)PHENOXY]-3-(DIMETHYLAMINO)PROPAN-2-OL (DB07761)","0.8434","http://www.drugbank.ca/drugs/DB07761"
"273","RPR128515 (DB04424)","0.8429","http://www.drugbank.ca/drugs/DB04424"
"274","4-(4-METHYLPIPERAZIN-1-YL)-N-[5-(2-THIENYLACETYL)-1,5-DIHYDROPYRROLO[3,4-C]PYRAZOL-3-YL]BENZAMIDE (DB07186)","0.8428","http://www.drugbank.ca/drugs/DB07186"
"275","N'-(Pyrrolidino[2,1-B]Isoindolin-4-On-8-Yl)-N-(Pyridin-2-Yl)Urea (DB04186)","0.8427","http://www.drugbank.ca/drugs/DB04186"
"276","Allyl-{6-[3-(4-Bromo-Phenyl)-Benzofuran-6-Yloxy]-Hexyl-}-Methyl-Amin (DB02339)","0.8426","http://www.drugbank.ca/drugs/DB02339"
"277","N-[4-({[5-(DIMETHYLAMINO)-1-NAPHTHYL]SULFONYL}AMINO)BUTYL]-3-SULFANYLPROPANAMIDE (DB07526)","0.8425","http://www.drugbank.ca/drugs/DB07526"
"278","1-[3-({[(4-AMINO-5-FLUORO-2-METHYLQUINOLIN-3-YL)METHYL]THIO}METHYL)PHENYL]-2,2,2-TRIFLUOROETHANE-1,1-DIOL (DB07756)","0.8424","http://www.drugbank.ca/drugs/DB07756"
"279","Labetalol (DB00598)","0.8423","http://www.drugbank.ca/drugs/DB00598"
"280","Methotrexate (DB00563)","0.8423","http://www.drugbank.ca/drugs/DB00563"
"281","Perphenazine (DB00850)","0.8421","http://www.drugbank.ca/drugs/DB00850"
"282","Formoterol (DB00983)","0.8419","http://www.drugbank.ca/drugs/DB00983"
"283","Arformoterol (DB01274)","0.8419","http://www.drugbank.ca/drugs/DB01274"
"284","4-chloro-6-{5-[(2-morpholin-4-ylethyl)amino]-1,2-benzisoxazol-3-yl}benzene-1,3-diol (DB07601)","0.8419","http://www.drugbank.ca/drugs/DB07601"
"285","N-(TRANS-4'-NITRO-4-STILBENYL)-N-METHYL-5-AMINO-PENTANOIC ACID (DB08635)","0.8417","http://www.drugbank.ca/drugs/DB08635"
"286","[2-(5-MERCAPTO-[1,3,4]THIADIAZOL-2-YLCARBAMOYL)-1-PHENYL-ETHYL]-CARBAMIC ACID BENZYL ESTER (DB07987)","0.8413","http://www.drugbank.ca/drugs/DB07987"
"287","METHYL 1-(4-{[(2,4-DIAMINOPTERIDIN-6-YL)METHYL](METHYL)AMINO}BENZOYL)PIPERIDINE-4-CARBOXYLATE (DB07765)","0.8412","http://www.drugbank.ca/drugs/DB07765"
"288","Rivaroxaban (DB06228)","0.8406","http://www.drugbank.ca/drugs/DB06228"
"289","5-chloro-N-({(5S)-2-oxo-3-[4-(3-oxomorpholin-4-yl)phenyl]-1,3-oxazolidin-5-yl}methyl)thiophene-2-carboxamide (DB08477)","0.8406","http://www.drugbank.ca/drugs/DB08477"
"290","Balanol Analog 1 (DB02611)","0.8401","http://www.drugbank.ca/drugs/DB02611"
"291","(3R,4S)-1-(3,4-DIMETHOXYPHENYL)-3-(3-METHYLPHENYL)PIPERIDIN-4-AMINE (DB07851)","0.8401","http://www.drugbank.ca/drugs/DB07851"
"292","Trimetrexate (DB01157)","0.8400","http://www.drugbank.ca/drugs/DB01157"
"293","Flavoxate (DB01148)","0.8399","http://www.drugbank.ca/drugs/DB01148"
"294","(3Z)-6-(4-HYDROXY-3-METHOXYPHENYL)-3-(1H-PYRROL-2-YLMETHYLENE)-1,3-DIHYDRO-2H-INDOL-2-ONE (DB07078)","0.8398","http://www.drugbank.ca/drugs/DB07078"
"295","N-ETHYL-N-ISOPROPYL-3-METHYL-5-{[(2S)-2-(PYRIDIN-4-YLAMINO)PROPYL]OXY}BENZAMIDE (DB07279)","0.8397","http://www.drugbank.ca/drugs/DB07279"
"296","2-[2-(4-CHLORO-PHENYLSULFANYL)-ACETYLAMINO]-3-(4-GUANIDINO-PHENYL)-PROPIONAMIDE (DB07105)","0.8396","http://www.drugbank.ca/drugs/DB07105"
"297","(6S)-2-amino-6-(3'-methoxybiphenyl-3-yl)-3,6-dimethyl-5,6-dihydropyrimidin-4(3H)-one (DB07874)","0.8389","http://www.drugbank.ca/drugs/DB07874"
"298","N-[[2-METHYL-4-HYDROXYCARBAMOYL]BUT-4-YL-N]-BENZYL-P-[PHENYL]-P-[METHYL]PHOSPHINAMID (DB08507)","0.8389","http://www.drugbank.ca/drugs/DB08507"
"299","1-((2-HYDROXYETHOXY)METHYL)-5-(3-(BENZYLOXY)BENZYL)-6-HYDROXYPYRIMIDINE-2,4(1H,3H)-DIONE (DB07439)","0.8388","http://www.drugbank.ca/drugs/DB07439"
"300","2-{[(6-OXO-1,6-DIHYDROPYRIDIN-3-YL)METHYL]AMINO}-N-[4-PROPYL-3-(TRIFLUOROMETHYL)PHENYL]BENZAMIDE (DB07831)","0.8388","http://www.drugbank.ca/drugs/DB07831"
"301","(2R)-2-{[4-(benzylamino)-8-(1-methylethyl)pyrazolo[1,5-a][1,3,5]triazin-2-yl]amino}butan-1-ol (DB08285)","0.8385","http://www.drugbank.ca/drugs/DB08285"
"302","Mepenzolate (DB04843)","0.8382","http://www.drugbank.ca/drugs/DB04843"
"303","(2S)-2-({6-[(3-AMINO-5-CHLOROPHENYL)AMINO]-9-ISOPROPYL-9H-PURIN-2-YL}AMINO)-3-METHYLBUTAN-1-OL (DB07379)","0.8378","http://www.drugbank.ca/drugs/DB07379"
"304","6-[N-(1-Isopropyl-1,2,3,4-Tetrahydro-7-Isoquinolinyl)Carbamyl]-2-Naphthalenecarboxamidine (DB02705)","0.8377","http://www.drugbank.ca/drugs/DB02705"
"305","N-(4-ACETYLPHENYL)-5-(5-CHLORO-2,4-DIHYDROXYPHENYL)-1H-PYRAZOLE-4-CARBOXAMIDE (DB06956)","0.8368","http://www.drugbank.ca/drugs/DB06956"
"306","4-(2-chlorophenyl)-8-(2-hydroxyethyl)-6-methylpyrrolo[3,4-e]indole-1,3(2H,6H)-dione (DB07257)","0.8367","http://www.drugbank.ca/drugs/DB07257"
"307","Flavopiridol (DB03496)","0.8365","http://www.drugbank.ca/drugs/DB03496"
"308","Sulfinpyrazone (DB01138)","0.8363","http://www.drugbank.ca/drugs/DB01138"
"309","(4R)-N-[4-({[2-(DIMETHYLAMINO)ETHYL]AMINO}CARBONYL)-1,3-THIAZOL-2-YL]-4-METHYL-1-OXO-2,3,4,9-TETRAHYDRO-1H-BETA-CARBOLINE-6-CARBOXAMIDE (DB07406)","0.8359","http://www.drugbank.ca/drugs/DB07406"
"310","Atovaquone (DB01117)","0.8355","http://www.drugbank.ca/drugs/DB01117"
"311","2,4-Diamino-6-[N-(3',4',5'-Trimethoxybenzyl)-N-Methylamino]Pyrido[2,3-D]Pyrimidine (DB02919)","0.8355","http://www.drugbank.ca/drugs/DB02919"
"312","2,4-Diamino-5-Methyl-6-[(3,4,5-Trimethoxy-N-Methylanilino)Methyl]Pyrido[2,3-D]Pyrimidine (DB02104)","0.8353","http://www.drugbank.ca/drugs/DB02104"
"313","Tazarotene (DB00799)","0.8352","http://www.drugbank.ca/drugs/DB00799"
"314","CP-271485 (DB02118)","0.8349","http://www.drugbank.ca/drugs/DB02118"
"315","Trazodone (DB00656)","0.8347","http://www.drugbank.ca/drugs/DB00656"
"316","8-bromo-4-(2-chlorophenyl)-N-(2-hydroxyethyl)-6-methyl-1,3-dioxo-1,2,3,6-tetrahydropyrrolo[3,4-e]indole-7-carboxamide (DB08365)","0.8346","http://www.drugbank.ca/drugs/DB08365"
"317","(1S,5S,7R)-N~7~-(BIPHENYL-4-YLMETHYL)-N~3~-HYDROXY-6,8-DIOXA-3-AZABICYCLO[3.2.1]OCTANE-3,7-DICARBOXAMIDE (DB07026)","0.8342","http://www.drugbank.ca/drugs/DB07026"
"318","Indecainide (DB00192)","0.8339","http://www.drugbank.ca/drugs/DB00192"
"319","2-[4-(4-Hydroxy-3-Isopropyl-Phenoxy)-3,5-Dimethyl-Phenyl]-2h-[1,2,4]Triazine-3,5-Dione (DB03181)","0.8337","http://www.drugbank.ca/drugs/DB03181"
"320","(2R)-N~4~-hydroxy-2-(3-hydroxybenzyl)-N~1~-[(1S,2R)-2-hydroxy-2,3-dihydro-1H-inden-1-yl]butanediamide (DB06837)","0.8335","http://www.drugbank.ca/drugs/DB06837"
"321","6-[N-(4-Ethyl-1,2,3,4-Tetrahydro-6-Isoquinolinyl)Carbamyl]-2-Naphthalenecarboxamidine (DB02551)","0.8334","http://www.drugbank.ca/drugs/DB02551"
"322","Thioproperazine (DB01622)","0.8333","http://www.drugbank.ca/drugs/DB01622"
"323","6-CARBAMIMIDOYL-2-[2-HYDROXY-6-(4-HYDROXY-PHENYL)-INDAN-1-YL]-HEXANOIC ACID (DB06865)","0.8332","http://www.drugbank.ca/drugs/DB06865"
"324","9-Butyl-8-(2,5-Dimethoxy-Benzyl)-9h-Purin-6-Ylamine (DB02359)","0.8330","http://www.drugbank.ca/drugs/DB02359"
"325","N-({4-[(2-aminopyridin-4-yl)oxy]-3-fluorophenyl}carbamoyl)-2-(4-fluorophenyl)acetamide (DB06995)","0.8328","http://www.drugbank.ca/drugs/DB06995"
"326","(1-Tert-Butyl-5-Hydroxy-1h-Pyrazol-4-Yl)-(6-Methanesulfonyl-4'-Methoxy-2-Methyl-Biphenyl-3-Yl)-Methanone (DB02850)","0.8326","http://www.drugbank.ca/drugs/DB02850"
"327","6-[N-(1-Isopropyl-3,4-Dihydro-7-Isoquinolinyl)Carbamyl]-2-Naphthalenecarboxamidine (DB02473)","0.8323","http://www.drugbank.ca/drugs/DB02473"
"328","N'-(6-aminopyridin-3-yl)-N-(2-cyclopentylethyl)-4-methyl-benzene-1,3-dicarboxamide (DB07537)","0.8318","http://www.drugbank.ca/drugs/DB07537"
"329","WAY-151693 (DB02071)","0.8316","http://www.drugbank.ca/drugs/DB02071"
"330","4-{[5-(CYCLOHEXYLOXY)[1,2,4]TRIAZOLO[1,5-A]PYRIMIDIN-7-YL]AMINO}BENZENESULFONAMIDE (DB07688)","0.8311","http://www.drugbank.ca/drugs/DB07688"
"331","Disopyramide (DB00280)","0.8307","http://www.drugbank.ca/drugs/DB00280"
"332","Pantoprazole (DB00213)","0.8306","http://www.drugbank.ca/drugs/DB00213"
"333","Azimilide (DB04957)","0.8305","http://www.drugbank.ca/drugs/DB04957"
"334","Darusentan (DB04883)","0.8304","http://www.drugbank.ca/drugs/DB04883"
"335","Bentiromide (DB00522)","0.8304","http://www.drugbank.ca/drugs/DB00522"
"336","N-(5-CHLORO-BENZO[B]THIOPHEN-3-YLMETHYL)-2-[6-CHLORO-OXO-3-(2-PYRIDIN-2-YL-ETHYLAMINO)-2H-PYRAZIN-1-YL]-ACETAMIDE (DB07165)","0.8303","http://www.drugbank.ca/drugs/DB07165"
"337","Prazosin (DB00457)","0.8303","http://www.drugbank.ca/drugs/DB00457"
"338","N-[2-(1-Maleimidyl)Ethyl]-7-Diethylaminocoumarin-3-Carboxamide (DB02799)","0.8302","http://www.drugbank.ca/drugs/DB02799"
"339","8-BENZO[1,3]DIOXOL-,5-YLMETHYL-9-BUTYL-9H- (DB08436)","0.8297","http://www.drugbank.ca/drugs/DB08436"
"340","Alogliptin  (DB06203)","0.8296","http://www.drugbank.ca/drugs/DB06203"
"341","Bortezomib (DB00188)","0.8295","http://www.drugbank.ca/drugs/DB00188"
"342","N-[(1R)-1-(DIHYDROXYBORYL)-3-METHYLBUTYL]-N-(PYRAZIN-2-YLCARBONYL)-L-PHENYLALANINAMIDE (DB07475)","0.8295","http://www.drugbank.ca/drugs/DB07475"
"343","(2S)-2-(3-{[AMINO(IMINO)METHYL]AMINO}PHENYL)-3-[(S)-HYDROXY(3-PHENYLPROPYL)PHOSPHORYL]PROPANOIC ACID (DB07182)","0.8289","http://www.drugbank.ca/drugs/DB07182"
"344","N-[(2R,3S)-3-AMINO-2-HYDROXY-4-PHENYLBUTYL]NAPHTHALENE-2-SULFONAMIDE (DB07522)","0.8289","http://www.drugbank.ca/drugs/DB07522"
"345","Diphemanil Methylsulfate (DB00729)","0.8287","http://www.drugbank.ca/drugs/DB00729"
"346","CF-101 (DB05511)","0.8287","http://www.drugbank.ca/drugs/DB05511"
"347","4-{[5-(CYCLOHEXYLAMINO)[1,2,4]TRIAZOLO[1,5-A]PYRIMIDIN-7-YL]AMINO}BENZENESULFONAMIDE (DB07686)","0.8287","http://www.drugbank.ca/drugs/DB07686"
"348","9-Butyl-8-(2,5-Dimethoxy-Benzyl)-2-Fluoro-9h-Purin-6-Ylamine (DB04054)","0.8286","http://www.drugbank.ca/drugs/DB04054"
"349","Phenylbutazone (DB00812)","0.8281","http://www.drugbank.ca/drugs/DB00812"
"350","D-phenylalanyl-N-benzyl-L-prolinamide (DB07143)","0.8276","http://www.drugbank.ca/drugs/DB07143"
"351","2-{4-[(3,5-DIMETHYLANILINO)-CARBONYL-METHYL]-PHENOXY}-2-METHYLPROPIONIC ACID (DB08486)","0.8272","http://www.drugbank.ca/drugs/DB08486"
"352","4,4'[1,6-Hexanediylbis(Oxy)]Bisbenzenecarboximidamide (DB03808)","0.8271","http://www.drugbank.ca/drugs/DB03808"
"353","Nalpha-(2-Naphthylsulfonylglycyl)-3-Amidino-D,L-Phenylalanine-Isopropylester (DB01737)","0.8271","http://www.drugbank.ca/drugs/DB01737"
"354","Oxyphenbutazone (DB03585)","0.8270","http://www.drugbank.ca/drugs/DB03585"
"355","(S)-2-[(R)-3-amino-4-(2-fluorophenyl)butyryl]-1,2,3,4-tetrahydroisoquinoline-3-carboxamide (DB04578)","0.8267","http://www.drugbank.ca/drugs/DB04578"
"356","4-[(7-OXO-7H-THIAZOLO[5,4-E]INDOL-8-YLMETHYL)-AMINO]-N-PYRIDIN-2-YL-BENZENESULFONAMIDE (DB06844)","0.8267","http://www.drugbank.ca/drugs/DB06844"
"357","N-(2-AMINOETHYL)-2-{3-CHLORO-4-[(4-ISOPROPYLBENZYL)OXY]PHENYL} ACETAMIDE (DB08610)","0.8265","http://www.drugbank.ca/drugs/DB08610"
"358","8-(2,5-Dimethoxy-Benzyl)-2-Fluoro-9-Pent-9h-Purin-6-Ylamine (DB03137)","0.8265","http://www.drugbank.ca/drugs/DB03137"
"359","N-[4-(AMINOSULFONYL)BENZYL]-5-(5-CHLORO-2,4-DIHYDROXYPHENYL)-1H-PYRAZOLE-4-CARBOXAMIDE (DB04588)","0.8262","http://www.drugbank.ca/drugs/DB04588"
"360","[N-(3-DIBENZYLCARBAMOYL-OXIRANECARBONYL)-HYDRAZINO]-ACETIC ACID (DB08229)","0.8261","http://www.drugbank.ca/drugs/DB08229"
"361","(2R)-1-[(4-tert-butylphenyl)sulfonyl]-2-methyl-4-(4-nitrophenyl)piperazine (DB07049)","0.8257","http://www.drugbank.ca/drugs/DB07049"
"362","N,N'-[biphenyl-4,4'-diyldi(2R)propane-2,1-diyl]dimethanesulfonamide (DB07455)","0.8256","http://www.drugbank.ca/drugs/DB07455"
"363","8-Benzo[1,3]Dioxol-,5-Ylmethyl-9-Butyl-2-Fluoro-9h-Purin-6-Ylamine (DB04254)","0.8253","http://www.drugbank.ca/drugs/DB04254"
"364","D-phenylalanyl-N-(3-chlorobenzyl)-L-prolinamide (DB06919)","0.8252","http://www.drugbank.ca/drugs/DB06919"
"365","D-phenylalanyl-N-(3-fluorobenzyl)-L-prolinamide (DB07027)","0.8252","http://www.drugbank.ca/drugs/DB07027"
"366","{4-[2,2-BIS(5-METHYL-1,2,4-OXADIAZOL-3-YL)-3-PHENYLPROPYL]PHENYL}SULFAMIC ACID (DB07127)","0.8251","http://www.drugbank.ca/drugs/DB07127"
"367","N-[(2-AMINO-6-METHYLPYRIMIDIN-4-YL)METHYL]-3-{[(E)-(2-OXODIHYDROFURAN-3(2H)-YLIDENE)METHYL]AMINO}BENZENESULFONAMIDE (DB07325)","0.8249","http://www.drugbank.ca/drugs/DB07325"
"368","4-({[4-(3-METHYLBENZOYL)PYRIDIN-2-YL]AMINO}METHYL)BENZENECARBOXIMIDAMIDE (DB07809)","0.8247","http://www.drugbank.ca/drugs/DB07809"
"369","2-Hydroxy-5-({1-[(2-Naphthyloxy)Methyl]-3-Oxoprop-1-Enyl}Amino)Tyrosine (DB02511)","0.8246","http://www.drugbank.ca/drugs/DB02511"
"370","Pleconaril (DB05105)","0.8244","http://www.drugbank.ca/drugs/DB05105"
"371","1-Allyl-3-Butyl-8-(N-Acetyl-4-Aminobenzyl)-Xanthine (DB03267)","0.8244","http://www.drugbank.ca/drugs/DB03267"
"372","GW 501516 (DB05416)","0.8240","http://www.drugbank.ca/drugs/DB05416"
"373","3-({4-[(5-CHLORO-1,3-BENZODIOXOL-4-YL)AMINO]PYRIMIDIN-2-YL}AMINO)BENZAMIDE (DB07256)","0.8239","http://www.drugbank.ca/drugs/DB07256"
"374","(6-[4-(AMINOMETHYL)-2,6-DIMETHYLPHENOXY]-2-{[4-(AMINOMETHYL)PHENYL]AMINO}-5-BROMOPYRIMIDIN-4-YL)METHANOL (DB06874)","0.8236","http://www.drugbank.ca/drugs/DB06874"
"375","1-BENZYL-3-(4-METHOXYPHENYLAMINO)-4-PHENYLPYRROLE-2,5-DIONE (DB08063)","0.8236","http://www.drugbank.ca/drugs/DB08063"
"376","5-ETHYL-3-[(2-METHOXYETHYL)METHYLAMINO]-6-METHYL-4-(3-METHYLBENZYL)PYRIDIN-2(1H)-ONE (DB07018)","0.8236","http://www.drugbank.ca/drugs/DB07018"
"377","3-[Isopropyl(4-Methylbenzoyl)Amino]-5-Phenylthiophene-2-Carboxylic Acid (DB03647)","0.8234","http://www.drugbank.ca/drugs/DB03647"
"378","4-(2-HYDROXYBENZYLAMINO)-N-(3-(4-FLUOROPHENOXY)PHENYL)PIPERIDINE-1-SULFONAMIDE (DB04632)","0.8231","http://www.drugbank.ca/drugs/DB04632"
"379","5-(5-CHLORO-2,4-DIHYDROXYPHENYL)-N-ETHYL-4-(4-METHOXYPHENYL)-1H-PYRAZOLE-3-CARBOXAMIDE (DB07495)","0.8226","http://www.drugbank.ca/drugs/DB07495"
"380","N-(4-carbamimidoylbenzyl)-1-(3-phenylpropanoyl)-L-prolinamide (DB06942)","0.8221","http://www.drugbank.ca/drugs/DB06942"
"381","PYRIMIDINE-4,6-DICARBOXYLIC ACID BIS-(3-METHYL-BENZYLAMIDE) (DB04759)","0.8218","http://www.drugbank.ca/drugs/DB04759"
"382","1-[(3S)-5-PHENYL-3-THIOPHEN-2-YL-3H-1,4-BENZODIAZEPIN-2-YL]AZETIDIN-3-OL (DB08698)","0.8218","http://www.drugbank.ca/drugs/DB08698"
"383","Phenserine (DB04892)","0.8216","http://www.drugbank.ca/drugs/DB04892"
"384","N'-(5-chloro-1,3-benzodioxol-4-yl)-N-(3-methylsulfonylphenyl)pyrimidine-2,4-diamine (DB07253)","0.8216","http://www.drugbank.ca/drugs/DB07253"
"385","N-(P-CYANOPHENYL)-N'-DIPHENYLMETHYL-GUANIDINE-ACETIC ACID (DB07816)","0.8214","http://www.drugbank.ca/drugs/DB07816"
"386","Dimenoxadol (DB01461)","0.8214","http://www.drugbank.ca/drugs/DB01461"
"387","Reboxetine (DB00234)","0.8210","http://www.drugbank.ca/drugs/DB00234"
"388","+/-METHYL 4-(AMINOIMINOMETHYL)-BETA-[3- INH (AMINOIMINO)PHENYL]BENZENE PENTANOATE (DB07985)","0.8206","http://www.drugbank.ca/drugs/DB07985"
"389","Pentamidine (DB00738)","0.8205","http://www.drugbank.ca/drugs/DB00738"
"390","N'-(5-CHLORO-1,3-BENZODIOXOL-4-YL)-N-(3-MORPHOLIN-4-YLPHENYL)PYRIMIDINE-2,4-DIAMINE (DB07255)","0.8203","http://www.drugbank.ca/drugs/DB07255"
"391","SU4984 (DB02058)","0.8202","http://www.drugbank.ca/drugs/DB02058"
"392","D-phenylalanyl-N-(3-methylbenzyl)-L-prolinamide (DB07133)","0.8195","http://www.drugbank.ca/drugs/DB07133"
"393","Riboflavin (DB00140)","0.8195","http://www.drugbank.ca/drugs/DB00140"
"394","4-({5-[(4-AMINOCYCLOHEXYL)AMINO][1,2,4]TRIAZOLO[1,5-A]PYRIMIDIN-7-YL}AMINO)BENZENESULFONAMIDE (DB07687)","0.8194","http://www.drugbank.ca/drugs/DB07687"
"395","N-ethyl-4-{[5-(methoxycarbamoyl)-2-methylphenyl]amino}-5-methylpyrrolo[2,1-f][1,2,4]triazine-6-carboxamide (DB06940)","0.8194","http://www.drugbank.ca/drugs/DB06940"
"396","(6S)-1-chloro-3-[(4-fluorobenzyl)oxy]-6-(pyrrolidin-1-ylcarbonyl)pyrrolo[1,2-a]pyrazin-4(6H)-one (DB07148)","0.8193","http://www.drugbank.ca/drugs/DB07148"
"397","GLYCYLALANYL-N-2-NAPHTHYL-L-PROLINEAMIDE (DB07813)","0.8181","http://www.drugbank.ca/drugs/DB07813"
"398","Sulfasalazine (DB00795)","0.8180","http://www.drugbank.ca/drugs/DB00795"
"399","N-(4-(2-((3-Chlorophenylmethyl)Amino)Ethyl)Phenyl)-2-Thiophecarboxamidine (DB03449)","0.8176","http://www.drugbank.ca/drugs/DB03449"
"400","FAMOXADONE (DB07778)","0.8175","http://www.drugbank.ca/drugs/DB07778"
"401","4-{[5-(CYCLOHEXYLMETHOXY)[1,2,4]TRIAZOLO[1,5-A]PYRIMIDIN-7-YL]AMINO}BENZENESULFONAMIDE (DB07685)","0.8160","http://www.drugbank.ca/drugs/DB07685"
"402","Olopatadine (DB00768)","0.8160","http://www.drugbank.ca/drugs/DB00768"
"403","3-[(2,4-Dichlorobenzoyl)(Isopropyl)Amino]-5-Phenylthiophene-2-Carboxylic Acid (DB03388)","0.8160","http://www.drugbank.ca/drugs/DB03388"
"404","3-HYDROXYPROPYL 3-[({7-[AMINO(IMINO)METHYL]-1-NAPHTHYL}AMINO)CARBONYL]BENZENESULFONATE (DB07022)","0.8157","http://www.drugbank.ca/drugs/DB07022"
"405","3-({4-[(5-chloro-1,3-benzodioxol-4-yl)amino]pyrimidin-2-yl}amino)benzenesulfonamide (DB07252)","0.8155","http://www.drugbank.ca/drugs/DB07252"
"406","N-[(2R,3S)-3-AMINO-2-HYDROXY-4-PHENYLBUTYL]-4-METHOXY-2,3,6-TRIMETHYLBENZENESULFONAMIDE (DB07527)","0.8152","http://www.drugbank.ca/drugs/DB07527"
"407","Eltrombopag (DB06210)","0.8151","http://www.drugbank.ca/drugs/DB06210"
"408","Methantheline (DB00940)","0.8150","http://www.drugbank.ca/drugs/DB00940"
"409","Zuclopenthixol acetate (DB08919)","0.8150","http://www.drugbank.ca/drugs/DB08919"
"410","2-[4-chloro-2-(phenylcarbonyl)phenoxy]-N-phenylacetamide (DB07826)","0.8147","http://www.drugbank.ca/drugs/DB07826"
"411","SC45647 (DB04778)","0.8147","http://www.drugbank.ca/drugs/DB04778"
"412","Tamsulosin (DB00706)","0.8133","http://www.drugbank.ca/drugs/DB00706"
"413","Sorafenib (DB00398)","0.8132","http://www.drugbank.ca/drugs/DB00398"
"414","(R)-(+) 5(9BH)-OXO-9B-PHENYL-2,3-DIHYDROTHIAZOLO[2,3-A]ISOINDOL-3-CARBOXYLIC ACID METHYL ESTER (DB07473)","0.8128","http://www.drugbank.ca/drugs/DB07473"
"415","Drotaverine (DB06751)","0.8127","http://www.drugbank.ca/drugs/DB06751"
"416","SR11254 (DB02258)","0.8122","http://www.drugbank.ca/drugs/DB02258"
"417","PYRIMIDINE-4,6-DICARBOXYLIC ACID BIS-(4-FLUORO-3-METHYL-BENZYLAMIDE) (DB04760)","0.8119","http://www.drugbank.ca/drugs/DB04760"
"418","Fenethylline (DB01482)","0.8118","http://www.drugbank.ca/drugs/DB01482"
"419","N-[amino(imino)methyl]-2-[2-(2-chlorophenyl)-4-(4-propoxyphenyl)-3-thienyl]acetamide (DB07089)","0.8117","http://www.drugbank.ca/drugs/DB07089"
"420","N-[3-[[4-[(5-CHLORO-1,3-BENZODIOXOL-4-YL)AMINO]PYRIMIDIN-2-YL]AMINO]PHENYL]METHANESULFONAMIDE (DB07254)","0.8110","http://www.drugbank.ca/drugs/DB07254"
"421","2-[({2-[(1Z)-3-(DIMETHYLAMINO)PROP-1-ENYL]-4-FLUOROPHENYL}SULFONYL)AMINO]-5,6,7,8-TETRAHYDRONAPHTHALENE-1-CARBOXYLIC ACID (DB07323)","0.8102","http://www.drugbank.ca/drugs/DB07323"
"422","CD564 (DB02741)","0.8100","http://www.drugbank.ca/drugs/DB02741"
"423","PYRIMIDINE-4,6-DICARBOXYLIC ACID BIS-[(PYRIDIN-3-YLMETHYL)-AMIDE] (DB04761)","0.8098","http://www.drugbank.ca/drugs/DB04761"
"424","Lucanthone (DB04967)","0.8097","http://www.drugbank.ca/drugs/DB04967"
"425","METHYL (2Z)-2-(2-{[6-(2-CYANOPHENOXY)PYRIMIDIN-4-YL]OXY}PHENYL)-3-METHOXYACRYLATE (DB07401)","0.8095","http://www.drugbank.ca/drugs/DB07401"
"426","Regorafenib (DB08896)","0.8091","http://www.drugbank.ca/drugs/DB08896"
"427","1-{3-[(4-pyridin-2-ylpiperazin-1-yl)sulfonyl]phenyl}-3-(1,3-thiazol-2-yl)urea (DB07817)","0.8086","http://www.drugbank.ca/drugs/DB07817"
"428","2-{4-[(4-imidazo[1,2-a]pyridin-3-ylpyrimidin-2-yl)amino]piperidin-1-yl}-N-methylacetamide (DB08026)","0.8082","http://www.drugbank.ca/drugs/DB08026"
"429","{(2Z)-4-AMINO-2-[(4-METHOXYPHENYL)IMINO]-2,3-DIHYDRO-1,3-THIAZOL-5-YL}(4-METHOXYPHENYL)METHANONE (DB07488)","0.8079","http://www.drugbank.ca/drugs/DB07488"
"430","HCV-086 (DB05884)","0.8079","http://www.drugbank.ca/drugs/DB05884"
"431","Zuclopenthixol (DB01624)","0.8077","http://www.drugbank.ca/drugs/DB01624"
"432","7-Methoxy-8-[1-(Methylsulfonyl)-1h-Pyrazol-4-Yl]Naphthalene-2-Carboximidamide (DB03046)","0.8068","http://www.drugbank.ca/drugs/DB03046"
"433","(4aS)-5-[(2,4-diaminopteridin-6-yl)methyl]-4a,5-dihydro-2H-dibenzo[b,f]azepin-8-ol (DB08448)","0.8065","http://www.drugbank.ca/drugs/DB08448"
"434","5-[(2-methyl-5-{[3-(trifluoromethyl)phenyl]carbamoyl}phenyl)amino]pyridine-3-carboxamide (DB07970)","0.8063","http://www.drugbank.ca/drugs/DB07970"
"435","Talampanel (DB04982)","0.8061","http://www.drugbank.ca/drugs/DB04982"
"436","(4R,5R)-5-AMINO-1-[2-(1,3-BENZODIOXOL-5-YL)ETHYL]-4-(2,4,5-TRIFLUOROPHENYL)PIPERIDIN-2-ONE (DB07830)","0.8059","http://www.drugbank.ca/drugs/DB07830"
"437","4-[(4-O-SULFAMOYLBENZYL)(4-CYANOPHENYL)AMINO]-4H-[1,2,4]-TRIAZOLE (DB04601)","0.8052","http://www.drugbank.ca/drugs/DB04601"
"438","5-[3-(BENZYLAMINO)PHENYL]-4-BROMO-3-(CARBOXYMETHOXY)THIOPHENE-2-CARBOXYLIC ACID (DB07289)","0.8051","http://www.drugbank.ca/drugs/DB07289"
"439","Eprosartan (DB00876)","0.8050","http://www.drugbank.ca/drugs/DB00876"
"440","Methotrimeprazine (DB01403)","0.8042","http://www.drugbank.ca/drugs/DB01403"
"441","Allyl-{4-[3-(4-Bromo-Phenyl)-Benzofuran-6-Yloxy]-but-2-Enyl}-Methyl-Amine (DB03771)","0.8041","http://www.drugbank.ca/drugs/DB03771"
"442","Thiothixene (DB01623)","0.8040","http://www.drugbank.ca/drugs/DB01623"
"443","Camazepam (DB01489)","0.8034","http://www.drugbank.ca/drugs/DB01489"
"444","2-(6-CHLORO-3-{[2,2-DIFLUORO-2-(2-PYRIDINYL)ETHYL]AMINO}-2-OXO-1(2H)-PYRAZINYL)-N-[(2-FLUORO-6-PYRIDINYL)METHYL]ACETAMIDE (DB07548)","0.8033","http://www.drugbank.ca/drugs/DB07548"
"445","Papaverine (DB01113)","0.8032","http://www.drugbank.ca/drugs/DB01113"
"446","N-[2-(1,3-BENZODIOXOL-5-YL)ETHYL]-1-[2-(1H-IMIDAZOL-1-YL)-6-METHYLPYRIMIDIN-4-YL]-D-PROLINAMIDE (DB06916)","0.8029","http://www.drugbank.ca/drugs/DB06916"
"447","2-({8-[(3R)-3-AMINOPIPERIDIN-1-YL]-1,3-DIMETHYL-2,6-DIOXO-1,2,3,6-TETRAHYDRO-7H-PURIN-7-YL}METHYL)BENZONITRILE (DB08743)","0.8018","http://www.drugbank.ca/drugs/DB08743"
"448","4-[(3-BROMO-4-O-SULFAMOYLBENZYL)(4-CYANOPHENYL)AMINO]-4H-[1,2,4]-TRIAZOLE (DB04600)","0.8017","http://www.drugbank.ca/drugs/DB04600"
"449","5-(4-METHYL-BENZOYLAMINO)-BIPHENYL-3,4'-DICARBOXYLIC ACID 3-DIMETHYLAMIDE-4'-HYDROXYAMIDE (DB07586)","0.8013","http://www.drugbank.ca/drugs/DB07586"
"450","5-CYANO-FURAN-2-CARBOXYLIC ACID [5-HYDROXYMETHYL-2-(4-METHYL-PIPERIDIN-1-YL)-PHENYL]-AMIDE (DB07167)","0.8011","http://www.drugbank.ca/drugs/DB07167"
"451","Ketazolam (DB01587)","0.8006","http://www.drugbank.ca/drugs/DB01587"
"452","Sulindac (DB00605)","0.8005","http://www.drugbank.ca/drugs/DB00605"
"453","4-(3,5-DIMETHYLPHENOXY)-5-(FURAN-2-YLMETHYLSULFANYLMETHYL)-3-IODO-6-METHYLPYRIDIN-2(1H)-ONE (DB08457)","0.8002","http://www.drugbank.ca/drugs/DB08457"
"454","IDD552 (DB02834)","0.8000","http://www.drugbank.ca/drugs/DB02834"
"455","6-CARBAMIMIDOYL-4-(3-HYDROXY-2-METHYL-BENZOYLAMINO)-NAPHTHALENE-2-CARBOXYLIC ACID METHYL ESTER (DB07074)","0.7988","http://www.drugbank.ca/drugs/DB07074"
"456","N-(7-CARBAMIMIDOYL-NAPHTHALEN-1-YL)-3-HYDROXY-2-METHYL-BENZAMIDE (DB07212)","0.7974","http://www.drugbank.ca/drugs/DB07212"
"457","3-{[(9-CYANO-9,10-DIHYDRO-10-METHYLACRIDIN-9-YL)CARBONYL]AMINO}PROPANOIC ACID (DB07441)","0.7964","http://www.drugbank.ca/drugs/DB07441"
"458","9-Butyl-8-(3,4,5-Trimethoxybenzyl)-9h-Purin-6-Amine (DB02754)","0.7963","http://www.drugbank.ca/drugs/DB02754"
"459","6-[N-(4-(Aminomethyl)Phenyl)Carbamyl]-2-Naphthalenecarboxamidine (DB02398)","0.7962","http://www.drugbank.ca/drugs/DB02398"
"460","Mitoxantrone (DB01204)","0.7955","http://www.drugbank.ca/drugs/DB01204"
"461","2-(6-CHLORO-3-{[2,2-DIFLUORO-2-(2-PYRIDINYL)ETHYL]AMINO}-2-OXO-1(2H)-PYRAZINYL)-N-[(2-FLUORO-3-METHYL-6-PYRIDINYL)METHYL]ACETAMIDE (DB07549)","0.7947","http://www.drugbank.ca/drugs/DB07549"
"462","1-(2-Amidinophenyl)-3-(Phenoxyphenyl)Urea (DB03337)","0.7944","http://www.drugbank.ca/drugs/DB03337"
"463","5-AMINO-2-{4-[(4-AMINOPHENYL)SULFANYL]PHENYL}-1H-ISOINDOLE-1,3(2H)-DIONE (DB07971)","0.7936","http://www.drugbank.ca/drugs/DB07971"
"464","ZK-805623 (DB04432)","0.7935","http://www.drugbank.ca/drugs/DB04432"
"465","3-(3,5-Dibromo-4-Hydroxy-Benzoyl)-2-Ethyl-Benzofuran-6-Sulfonic Acid Dimethylamide (DB04142)","0.7921","http://www.drugbank.ca/drugs/DB04142"
"466","9-Butyl-8-(2-Chloro-3,4,5-Trimethoxy-Benzyl)-9h-Purin-6-Ylamine (DB03504)","0.7918","http://www.drugbank.ca/drugs/DB03504"
"467","N-[2-methyl-5-(methylcarbamoyl)phenyl]-2-{[(1R)-1-methylpropyl]amino}-1,3-thiazole-5-carboxamide (DB06991)","0.7909","http://www.drugbank.ca/drugs/DB06991"
"468","8-(2-Chloro-3,4,5-Trimethoxy-Benzyl)-9-Pent-4-Ylnyl-9h-Purin-6-Ylamine (DB04505)","0.7904","http://www.drugbank.ca/drugs/DB04505"
"469","2-[4-(2H-1,4-BENZOTHIAZINE-3-YL)-PIPERAZINE-1-LY]-1,3-THIAZOLE-4-CARBOXYLIC ACID ETHYLESTER (DB08540)","0.7898","http://www.drugbank.ca/drugs/DB08540"
"470","Mercaptocarboxylate Inhibitor (DB02706)","0.7874","http://www.drugbank.ca/drugs/DB02706"
"471","Oxyphenisatin (DB04823)","0.7869","http://www.drugbank.ca/drugs/DB04823"
"472","8-(2-Chloro-3,4,5-Trimethoxy-Benzyl)-2-Fluoro-9-Pent-4-Ylnyl-9h-Purin-6-Ylamine (DB02550)","0.7868","http://www.drugbank.ca/drugs/DB02550"
"473","Raltegravir (DB06817)","0.7858","http://www.drugbank.ca/drugs/DB06817"
"474","Tamibarotene (DB04942)","0.7843","http://www.drugbank.ca/drugs/DB04942"
"475","Itopride (DB04924)","0.7834","http://www.drugbank.ca/drugs/DB04924"
"476","(E)-3,4-DIHYDROXY-N'-[(2-METHOXYNAPHTHALEN-1-YL)METHYLENE]BENZOHYDRAZIDE (DB08034)","0.7810","http://www.drugbank.ca/drugs/DB08034"
"477","7-amino-2-tert-butyl-4-(4-pyrimidin-2-ylpiperazin-1-yl)pyrido[2,3-d]pyrimidine-6-carboxamide (DB07043)","0.7801","http://www.drugbank.ca/drugs/DB07043"
"478","Elesclomol (DB05719)","0.7791","http://www.drugbank.ca/drugs/DB05719"
"479","5-[[(2R)-2-cyclopropyl-7,8-dimethoxy-2H-chromen-5-yl]methyl]pyrimidine-2,4-diamine (DB08741)","0.7788","http://www.drugbank.ca/drugs/DB08741"
"480","N'-[(1E)-(3,5-dibromo-2,4-dihydroxyphenyl)methylidene]naphthalene-2-carbohydrazide (DB06949)","0.7786","http://www.drugbank.ca/drugs/DB06949"
"481","6-(3',5'-DIMETHYLBENZYL)-1-ETHOXYMETHYL-5-ISOPROPYLURACIL (DB07820)","0.7783","http://www.drugbank.ca/drugs/DB07820"
"482","Oxyphencyclimine (DB00383)","0.7761","http://www.drugbank.ca/drugs/DB00383"
"483","(4R)-4-(3-HYDROXYPHENYL)-N,N,7,8-TETRAMETHYL-3,4-DIHYDROISOQUINOLINE-2(1H)-CARBOXAMIDE (DB07064)","0.7761","http://www.drugbank.ca/drugs/DB07064"
"484","(5Z)-5-[(5-ETHYL-2-FURYL)METHYLENE]-2-{[(S)-(4-FLUOROPHENYL)(1H-TETRAZOL-5-YL)METHYL]AMINO}-1,3-THIAZOL-4(5H)-ONE (DB08710)","0.7761","http://www.drugbank.ca/drugs/DB08710"
"485","7-BENZYL-1,3-DIMETHYL-8-PIPERAZIN-1-YL-3,7-DIHYDRO-PURINE-2,6-DIONE (DB08530)","0.7717","http://www.drugbank.ca/drugs/DB08530"
"486","N-(5,5,8,8-Tetramethyl-5,8-Dihydro-Naphthalen-2-Yl)-Terephthalamic Acid (DB03873)","0.7672","http://www.drugbank.ca/drugs/DB03873"
"487","N-(M-Trifluoromethylphenyl) Phenoxazine-4,6-Dicarboxylic Acid (DB02698)","0.7672","http://www.drugbank.ca/drugs/DB02698"
"488","6-methyl-5-[3-methyl-3-(3,4,5-trimethoxyphenyl)but-1-yn-1-yl]pyrimidine-2,4-diamine (DB07153)","0.7643","http://www.drugbank.ca/drugs/DB07153"
"489","Fluorescein (DB00693)","0.7638","http://www.drugbank.ca/drugs/DB00693"
"490","Sitaxentan (DB06268)","0.7619","http://www.drugbank.ca/drugs/DB06268"
"491","2,5-bis-o-{3-[amino(imino)methyl]phenyl}-1,4:3,6-dianhydro-d-glucitol (DB04790)","0.7602","http://www.drugbank.ca/drugs/DB04790"
"492","2-O-(4'-AMIDINOPHENYL)-5-O-(3''-AMIDINOPHENYL)-1,4:3,6-DIANHYDRO-D-SORBITOL (DB04791)","0.7602","http://www.drugbank.ca/drugs/DB04791"
"493","2,5-O,O-BIS-{4',4''-AMIDINOPHENYL}-1,4:3,6-DIANHYDRO-D-SORBITOL (DB04792)","0.7602","http://www.drugbank.ca/drugs/DB04792"
"494","2-O-(3'-AMIDINOPHENYL)-5-O-(4''-AMIDINOPHENYL}-1,4:3,6-DIANHYDRO-D-SORBITOL (DB04793)","0.7602","http://www.drugbank.ca/drugs/DB04793"
"495","1-(thiophen-2-ylacetyl)-4-(3-thiophen-2-yl-1,2,4-oxadiazol-5-yl)piperidine (DB08471)","0.7547","http://www.drugbank.ca/drugs/DB08471"
"496","N-(TERT-BUTYL)-3,5-DIMETHYL-N'-[(5-METHYL-2,3-DIHYDRO-1,4-BENZODIOXIN-6-YL)CARBONYL]BENZOHYDRAZIDE (DB07929)","0.7527","http://www.drugbank.ca/drugs/DB07929"
"497","N-[(1S)-1-{1-[(1R,3E)-1-ACETYLPENT-3-EN-1-YL]-1H-1,2,3-TRIAZOL-4-YL}-1,2-DIMETHYLPROPYL]BENZAMIDE (DB07878)","0.7512","http://www.drugbank.ca/drugs/DB07878"
"498","N'-(3-CHLORO-4-METHOXY-PHENYL)-N-(3,4,5-TRIMETHOXYPHENYL)-1,3,5-TRIAZINE-2,4-DIAMINE (DB07251)","0.7437","http://www.drugbank.ca/drugs/DB07251"
"499","N'-(5-CHLORO-1,3-BENZODIOXOL-4-YL)-N-(3,4,5- TRIMETHOXYPHENYL)PYRIMIDINE-2,4-DIAMINE (DB07250)","0.7406","http://www.drugbank.ca/drugs/DB07250"
"500","1-(2,3-dihydro-1,4-benzodioxin-6-ylsulfonyl)-4-[(4-methoxyphenyl)sulfonyl]piperazine (DB07697)","0.7255","http://www.drugbank.ca/drugs/DB07697"
