"","DrugBank Compound (Name, ID)","Similarity to ","Link"
"1","Tamoxifen (DB00675)","1.0000","http://www.drugbank.ca/drugs/DB00675"
"2","Toremifene (DB00539)","0.9993","http://www.drugbank.ca/drugs/DB00539"
"3","Afimoxifene (DB04468)","0.9982","http://www.drugbank.ca/drugs/DB04468"
"4","Ospemifene (DB04938)","0.9917","http://www.drugbank.ca/drugs/DB04938"
"5","Clomifene (DB00882)","0.9894","http://www.drugbank.ca/drugs/DB00882"
"6","Tesmilifene (DB04905)","0.9682","http://www.drugbank.ca/drugs/DB04905"
"7","Chlorotrianisene (DB00269)","0.9677","http://www.drugbank.ca/drugs/DB00269"
"8","Prenylamine (DB04825)","0.9671","http://www.drugbank.ca/drugs/DB04825"
"9","1-BENZYL-3-(4-METHOXYPHENYLAMINO)-4-PHENYLPYRROLE-2,5-DIONE (DB08063)","0.9655","http://www.drugbank.ca/drugs/DB08063"
"10","{4-[(2R)-pyrrolidin-2-ylmethoxy]phenyl}(4-thiophen-3-ylphenyl)methanone (DB07237)","0.9629","http://www.drugbank.ca/drugs/DB07237"
"11","131-I-TM-601 (DB05462)","0.9626","http://www.drugbank.ca/drugs/DB05462"
"12","(2z)-2-(Benzoylamino)-3-[4-(2-Bromophenoxy)Phenyl]-2-Propenoic Acid (DB01720)","0.9626","http://www.drugbank.ca/drugs/DB01720"
"13","(3Z)-6-(4-HYDROXY-3-METHOXYPHENYL)-3-(1H-PYRROL-2-YLMETHYLENE)-1,3-DIHYDRO-2H-INDOL-2-ONE (DB07078)","0.9624","http://www.drugbank.ca/drugs/DB07078"
"14","Butenafine (DB01091)","0.9624","http://www.drugbank.ca/drugs/DB01091"
"15","Dimetindene (DB08801)","0.9622","http://www.drugbank.ca/drugs/DB08801"
"16","N-(P-CYANOPHENYL)-N'-DIPHENYLMETHYL-GUANIDINE-ACETIC ACID (DB07816)","0.9604","http://www.drugbank.ca/drugs/DB07816"
"17","2-[4-chloro-2-(phenylcarbonyl)phenoxy]-N-phenylacetamide (DB07826)","0.9601","http://www.drugbank.ca/drugs/DB07826"
"18","(5Z)-3-(4-CHLOROPHENYL)-4-HYDROXY-5-(1-NAPHTHYLMETHYLENE)FURAN-2(5H)-ONE (DB07296)","0.9588","http://www.drugbank.ca/drugs/DB07296"
"19","Bentiromide (DB00522)","0.9583","http://www.drugbank.ca/drugs/DB00522"
"20","3-(7-DIAMINOMETHYL-NAPHTHALEN-2-YL)-PROPIONIC ACID ETHYL ESTER (DB07639)","0.9581","http://www.drugbank.ca/drugs/DB07639"
"21","Protriptyline (DB00344)","0.9580","http://www.drugbank.ca/drugs/DB00344"
"22","(4'-{[Allyl(Methyl)Amino]Methyl}-1,1'-Biphenyl-4-Yl)(4-Bromophenyl)Methanone (DB03234)","0.9578","http://www.drugbank.ca/drugs/DB03234"
"23","[1-(1-Benzyl-3-Hydroxy-2-Oxo-Propylcarbamoyl)-2-Phenyl-Ethyl]-Carbamic Acid Benzyl Ester (DB01871)","0.9576","http://www.drugbank.ca/drugs/DB01871"
"24","Naftifine (DB00735)","0.9566","http://www.drugbank.ca/drugs/DB00735"
"25","4-[3-(dibenzylamino)phenyl]-2,4-dioxobutanoic acid (DB08147)","0.9565","http://www.drugbank.ca/drugs/DB08147"
"26","GC-24 (DB03788)","0.9564","http://www.drugbank.ca/drugs/DB03788"
"27","Raloxifene (DB00481)","0.9559","http://www.drugbank.ca/drugs/DB00481"
"28","Alverine (DB01616)","0.9556","http://www.drugbank.ca/drugs/DB01616"
"29","N-[(1R)-3-(4-HYDROXYPHENYL)-1-METHYLPROPYL]-2-(2-PHENYL-1H-INDOL-3-YL)ACETAMIDE (DB07991)","0.9555","http://www.drugbank.ca/drugs/DB07991"
"30","Br-Coeleneterazine (DB02006)","0.9553","http://www.drugbank.ca/drugs/DB02006"
"31","I-Coeleneterazine (DB04146)","0.9553","http://www.drugbank.ca/drugs/DB04146"
"32","[3,5-Dibromo-4-(4-Hydroxy-3-Phenethylcarbamoyl-Phenoxy)-Phenyl]-Acetic Acid (DB02106)","0.9544","http://www.drugbank.ca/drugs/DB02106"
"33","Coelenteramide (DB04049)","0.9538","http://www.drugbank.ca/drugs/DB04049"
"34","(2-Sulfanyl-3-Phenylpropanoyl)-Phe-Tyr (DB03949)","0.9538","http://www.drugbank.ca/drugs/DB03949"
"35","RPR128515 (DB04424)","0.9532","http://www.drugbank.ca/drugs/DB04424"
"36","Dapoxetine (DB04884)","0.9532","http://www.drugbank.ca/drugs/DB04884"
"37","6-[2-(3'-METHOXYBIPHENYL-3-YL)ETHYL]PYRIDIN-2-AMINE (DB07245)","0.9532","http://www.drugbank.ca/drugs/DB07245"
"38","6-[N-(4-Ethyl-1,2,3,4-Tetrahydro-6-Isoquinolinyl)Carbamyl]-2-Naphthalenecarboxamidine (DB02551)","0.9531","http://www.drugbank.ca/drugs/DB02551"
"39","5-[(3R)-3-(5-methoxy-4'-methylbiphenyl-3-yl)but-1-yn-1-yl]-6-methylpyrimidine-2,4-diamine (DB07141)","0.9520","http://www.drugbank.ca/drugs/DB07141"
"40","Diphenylpyraline (DB01146)","0.9516","http://www.drugbank.ca/drugs/DB01146"
"41","6-[N-(1-Isopropyl-3,4-Dihydro-7-Isoquinolinyl)Carbamyl]-2-Naphthalenecarboxamidine (DB02473)","0.9514","http://www.drugbank.ca/drugs/DB02473"
"42","Propafenone (DB01182)","0.9512","http://www.drugbank.ca/drugs/DB01182"
"43","N-(4-(2-((3-Chlorophenylmethyl)Amino)Ethyl)Phenyl)-2-Thiophecarboxamidine (DB03449)","0.9512","http://www.drugbank.ca/drugs/DB03449"
"44","6-[N-(1-Isopropyl-1,2,3,4-Tetrahydro-7-Isoquinolinyl)Carbamyl]-2-Naphthalenecarboxamidine (DB02705)","0.9512","http://www.drugbank.ca/drugs/DB02705"
"45","N-benzyl-4-[(2R)-pyrrolidin-2-ylmethoxy]aniline (DB07260)","0.9510","http://www.drugbank.ca/drugs/DB07260"
"46","5-[(3R)-3-(5-methoxy-3',5'-dimethylbiphenyl-3-yl)but-1-yn-1-yl]-6-methylpyrimidine-2,4-diamine (DB07142)","0.9508","http://www.drugbank.ca/drugs/DB07142"
"47","Cinacalcet (DB01012)","0.9504","http://www.drugbank.ca/drugs/DB01012"
"48","2-Hydroxy-5-({1-[(2-Naphthyloxy)Methyl]-3-Oxoprop-1-Enyl}Amino)Tyrosine (DB02511)","0.9503","http://www.drugbank.ca/drugs/DB02511"
"49","3-[3-chloro-5-(5-{[(1S)-1-phenylethyl]amino}isoxazolo[5,4-c]pyridin-3-yl)phenyl]propan-1-ol (DB06897)","0.9502","http://www.drugbank.ca/drugs/DB06897"
"50","ERA-923 (DB05414)","0.9502","http://www.drugbank.ca/drugs/DB05414"
"51","8-Benzyl-2-Hydroxy-2-(4-Hydroxy-Benzyl)-6-(4-Hydroxy-Phenyl)-2h-Imidazo[1,2-a]Pyrazin-3-One (DB02194)","0.9497","http://www.drugbank.ca/drugs/DB02194"
"52","1-Benzyl-5-Methoxy-2-Methyl-1h-Indol-3-Yl)-Acetic Acid (DB03121)","0.9495","http://www.drugbank.ca/drugs/DB03121"
"53","FAMOXADONE (DB07778)","0.9494","http://www.drugbank.ca/drugs/DB07778"
"54","5-[(3R)-3-(5-methoxy-2',6'-dimethylbiphenyl-3-yl)but-1-yn-1-yl]-6-methylpyrimidine-2,4-diamine (DB07144)","0.9494","http://www.drugbank.ca/drugs/DB07144"
"55","5-[(3R)-3-(5-methoxybiphenyl-3-yl)but-1-yn-1-yl]-6-methylpyrimidine-2,4-diamine (DB07140)","0.9493","http://www.drugbank.ca/drugs/DB07140"
"56","Bitolterol (DB00901)","0.9492","http://www.drugbank.ca/drugs/DB00901"
"57","5-[(3S)-3-(2-methoxybiphenyl-4-yl)but-1-yn-1-yl]-6-methylpyrimidine-2,4-diamine (DB06847)","0.9491","http://www.drugbank.ca/drugs/DB06847"
"58","5-amino-2-methyl-N-[(1R)-1-naphthalen-1-ylethyl]benzamide (DB08656)","0.9489","http://www.drugbank.ca/drugs/DB08656"
"59","8-Benzyl-2-Hydroperoxy-2-(4-Hydroxy-Benzyl)-6-(4-Hydroxy-Phenyl)-2h-Imidazo[1,2-a]Pyrazin-3-One (DB02241)","0.9482","http://www.drugbank.ca/drugs/DB02241"
"60","Compound 4-D (DB03742)","0.9479","http://www.drugbank.ca/drugs/DB03742"
"61","4-(1-Benzyl-3-Carbamoylmethyl-2-Methyl-1h-Indol-5-Yloxy)-Butyric Acid (DB02936)","0.9479","http://www.drugbank.ca/drugs/DB02936"
"62","6-[(Z)-AMINO(IMINO)METHYL]-N-[3-(CYCLOPENTYLOXY)PHENYL]-2-NAPHTHAMIDE (DB07076)","0.9475","http://www.drugbank.ca/drugs/DB07076"
"63","Duloxetine (DB00476)","0.9472","http://www.drugbank.ca/drugs/DB00476"
"64","N-(5-{[(2S)-4-amino-2-(3-chlorophenyl)butanoyl]amino}-1H-indazol-3-yl)benzamide (DB07608)","0.9472","http://www.drugbank.ca/drugs/DB07608"
"65","(2R,3R,4S)-3-(4-HYDROXYPHENYL)-4-METHYL-2-[4-(2-PYRROLIDIN-1-YLETHOXY)PHENYL]CHROMAN-6-OL (DB07567)","0.9461","http://www.drugbank.ca/drugs/DB07567"
"66","Mirabegron  (DB08893)","0.9459","http://www.drugbank.ca/drugs/DB08893"
"67","4'-[(1R)-1-amino-2-(2,5-difluorophenyl)ethyl]biphenyl-3-carboxamide (DB07181)","0.9457","http://www.drugbank.ca/drugs/DB07181"
"68","3-DIPHENOL-6-NITRO-3H-BENZO[DE]ISOCHROMEN-1-ONE (DB08204)","0.9454","http://www.drugbank.ca/drugs/DB08204"
"69","Balanol Analog 2 (DB01940)","0.9453","http://www.drugbank.ca/drugs/DB01940"
"70","2-[({2-[(1Z)-3-(DIMETHYLAMINO)PROP-1-ENYL]-4-FLUOROPHENYL}SULFONYL)AMINO]-5,6,7,8-TETRAHYDRONAPHTHALENE-1-CARBOXYLIC ACID (DB07323)","0.9452","http://www.drugbank.ca/drugs/DB07323"
"71","(6S)-2-amino-6-(3'-methoxybiphenyl-3-yl)-3,6-dimethyl-5,6-dihydropyrimidin-4(3H)-one (DB07874)","0.9452","http://www.drugbank.ca/drugs/DB07874"
"72","Compound 19 (DB02615)","0.9449","http://www.drugbank.ca/drugs/DB02615"
"73","Compound 18 (DB02715)","0.9449","http://www.drugbank.ca/drugs/DB02715"
"74","[3-(1-Benzyl-3-Carbamoylmethyl-2-Methyl-1h-Indol-5-Yloxy)-Propyl-]-Phosphonic Acid (DB02504)","0.9448","http://www.drugbank.ca/drugs/DB02504"
"75","2-[1-(4-CHLOROBENZOYL)-5-METHOXY-2-METHYL-1H-INDOL-3-YL]-N-[(1R)-1-(HYDROXYMETHYL)PROPYL]ACETAMIDE (DB07981)","0.9448","http://www.drugbank.ca/drugs/DB07981"
"76","2-[1-(4-CHLOROBENZOYL)-5-METHOXY-2-METHYL-1H-INDOL-3-YL]-N-[(1S)-1-(HYDROXYMETHYL)PROPYL]ACETAMIDE (DB07984)","0.9448","http://www.drugbank.ca/drugs/DB07984"
"77","2-Phenyl-1-[4-(2-Piperidin-1-Yl-Ethoxy)-Phenyl]-1,2,3,4-Tetrahydro-Isoquinolin-6-Ol (DB04471)","0.9447","http://www.drugbank.ca/drugs/DB04471"
"78","Cinnarizine (DB00568)","0.9445","http://www.drugbank.ca/drugs/DB00568"
"79","4-PHENOXY-N-(PYRIDIN-2-YLMETHYL)BENZAMIDE (DB07459)","0.9445","http://www.drugbank.ca/drugs/DB07459"
"80","[{2-bromo-4-[(2R)-3-oxo-2,3-diphenylpropyl]phenyl}(difluoro)methyl]phosphonic acid (DB07263)","0.9442","http://www.drugbank.ca/drugs/DB07263"
"81","7-[(3-CHLOROBENZYL)OXY]-4-[(METHYLAMINO)METHYL]-2H-CHROMEN-2-ONE (DB07513)","0.9438","http://www.drugbank.ca/drugs/DB07513"
"82","Rbt205 Inhibitor (DB03777)","0.9434","http://www.drugbank.ca/drugs/DB03777"
"83","3-[Isopropyl(4-Methylbenzoyl)Amino]-5-Phenylthiophene-2-Carboxylic Acid (DB03647)","0.9433","http://www.drugbank.ca/drugs/DB03647"
"84","(2S)-2-(biphenyl-4-yloxy)-3-phenylpropanoic acid (DB08121)","0.9432","http://www.drugbank.ca/drugs/DB08121"
"85","(2Z,3E)-2,3'-BIINDOLE-2',3(1H,1'H)-DIONE 3-{O-[(3R)-3,4-DIHYDROXYBUTYL]OXIME} (DB07766)","0.9430","http://www.drugbank.ca/drugs/DB07766"
"86","4-({[4-(3-METHYLBENZOYL)PYRIDIN-2-YL]AMINO}METHYL)BENZENECARBOXIMIDAMIDE (DB07809)","0.9430","http://www.drugbank.ca/drugs/DB07809"
"87","({3-[1-(4-HYDROXY-2-OXO-2H-CHROMEN-3-YL)-PROPYL]-PHENYLCARBAMOYL}-METHYL)-CARBAMIC ACID TERT-BUTYL ESTER (DB08664)","0.9428","http://www.drugbank.ca/drugs/DB08664"
"88","FLUORESCIN (DB07764)","0.9427","http://www.drugbank.ca/drugs/DB07764"
"89","Azelastine (DB00972)","0.9426","http://www.drugbank.ca/drugs/DB00972"
"90","4-CHLORO-3',3''-DIBROMOPHENOL-1,8-NAPHTHALEIN (DB04696)","0.9423","http://www.drugbank.ca/drugs/DB04696"
"91","3-[1-(3-AMINOPROPYL)-1H-INDOL-3-YL]-4-(1H-INDOL-3-YL)-1H-PYRROLE-2,5-DIONE (DB07457)","0.9422","http://www.drugbank.ca/drugs/DB07457"
"92","Indomethacin (DB00328)","0.9421","http://www.drugbank.ca/drugs/DB00328"
"93","1-(4-IODOBENZOYL)-5-METHOXY-2-METHYL INDOLE-3-ACETIC ACID (DB07983)","0.9421","http://www.drugbank.ca/drugs/DB07983"
"94","Terbinafine (DB00857)","0.9421","http://www.drugbank.ca/drugs/DB00857"
"95","6-ETHYL-5-[(2S)-1-(3-METHOXYPROPYL)-2-PHENYL-1,2,3,4-TETRAHYDROQUINOLIN-7-YL]PYRIMIDINE-2,4-DIAMINE (DB08099)","0.9420","http://www.drugbank.ca/drugs/DB08099"
"96","Phenolphthalein (DB04824)","0.9419","http://www.drugbank.ca/drugs/DB04824"
"97","Asimadoline (DB05104)","0.9417","http://www.drugbank.ca/drugs/DB05104"
"98","Ezetimibe (DB00973)","0.9417","http://www.drugbank.ca/drugs/DB00973"
"99","Amiodarone (DB01118)","0.9415","http://www.drugbank.ca/drugs/DB01118"
"100","2-(Biphenyl-4-Sulfonyl)-1,2,3,4-Tetrahydro-Isoquinoline-3-Carboxylic Acid (DB03207)","0.9413","http://www.drugbank.ca/drugs/DB03207"
"101","Tolvaptan (DB06212)","0.9412","http://www.drugbank.ca/drugs/DB06212"
"102","N-[amino(imino)methyl]-2-[2-(2-chlorophenyl)-4-(4-propoxyphenyl)-3-thienyl]acetamide (DB07089)","0.9412","http://www.drugbank.ca/drugs/DB07089"
"103","Compound 9 (DB02014)","0.9412","http://www.drugbank.ca/drugs/DB02014"
"104","Bopindolol (DB08807)","0.9411","http://www.drugbank.ca/drugs/DB08807"
"105","Lumefantrine (DB06708)","0.9410","http://www.drugbank.ca/drugs/DB06708"
"106","Aleglitazar (DB08915)","0.9410","http://www.drugbank.ca/drugs/DB08915"
"107","Malachite Green (DB03895)","0.9409","http://www.drugbank.ca/drugs/DB03895"
"108","Flavoxate (DB01148)","0.9408","http://www.drugbank.ca/drugs/DB01148"
"109","1-[2-(3-Biphenyl)-4-Methylvaleryl)]Amino-3-(2-Pyridylsulfonyl)Amino-2-Propanone (DB04244)","0.9405","http://www.drugbank.ca/drugs/DB04244"
"110","6-CARBAMIMIDOYL-4-(3-HYDROXY-2-METHYL-BENZOYLAMINO)-NAPHTHALENE-2-CARBOXYLIC ACID METHYL ESTER (DB07074)","0.9405","http://www.drugbank.ca/drugs/DB07074"
"111","Eltrombopag (DB06210)","0.9402","http://www.drugbank.ca/drugs/DB06210"
"112","N-{[4-(but-2-yn-1-yloxy)phenyl]sulfonyl}-5-methyl-D-tryptophan (DB07233)","0.9399","http://www.drugbank.ca/drugs/DB07233"
"113","N-cyclopropyl-2',6-dimethyl-4'-(5-methyl-1,3,4-oxadiazol-2-yl)biphenyl-3-carboxamide (DB07811)","0.9396","http://www.drugbank.ca/drugs/DB07811"
"114","(1S)-2-(1H-INDOL-3-YL)-1-{[(5-ISOQUINOLIN-6-YLPYRIDIN-3-YL)OXY]METHYL}ETHYLAMINE (DB06959)","0.9395","http://www.drugbank.ca/drugs/DB06959"
"115","Olopatadine (DB00768)","0.9395","http://www.drugbank.ca/drugs/DB00768"
"116","4-[4-(1-Amino-1-Methylethyl)Phenyl]-5-Chloro-N-[4-(2-Morpholin-4-Ylethyl)Phenyl]Pyrimidin-2-Amine (DB02491)","0.9395","http://www.drugbank.ca/drugs/DB02491"
"117","N-(6-{[3-(4-Bromophenyl)-1,2-Benzisothiazol-6-Yl]Oxy}Hexyl)-N-Methylprop-2-En-1-Amine (DB02544)","0.9393","http://www.drugbank.ca/drugs/DB02544"
"118","(1-Tert-Butyl-5-Hydroxy-1h-Pyrazol-4-Yl)-(6-Methanesulfonyl-4'-Methoxy-2-Methyl-Biphenyl-3-Yl)-Methanone (DB02850)","0.9393","http://www.drugbank.ca/drugs/DB02850"
"119","N-(7-CARBAMIMIDOYL-NAPHTHALEN-1-YL)-3-HYDROXY-2-METHYL-BENZAMIDE (DB07212)","0.9391","http://www.drugbank.ca/drugs/DB07212"
"120","(20S)-19,20,21,22-TETRAHYDRO-19-OXO-5H-18,20-ETHANO-12,14-ETHENO-6,10-METHENO-18H-BENZ[D]IMIDAZO[4,3-K][1,6,9,12]OXATRIAZA-CYCLOOCTADECOSINE-9-CARBONITRILE (DB08674)","0.9391","http://www.drugbank.ca/drugs/DB08674"
"121","4-{[1-METHYL-2,4-DIOXO-6-(3-PHENYLPROP-1-YN-1-YL)-1,4-DIHYDROQUINAZOLIN-3(2H)-YL]METHYL}BENZOIC ACID (DB07827)","0.9389","http://www.drugbank.ca/drugs/DB07827"
"122","Trans-6-(2-Phenylcyclopropyl)-Naphthalene-2-Carboxamidine (DB03476)","0.9388","http://www.drugbank.ca/drugs/DB03476"
"123","3-FLUORO-5-MORPHOLIN-4-YL-N-[3-(2-PYRIDIN-4-YLETHYL)-1H-INDOL-5-YL]BENZAMIDE (DB08091)","0.9387","http://www.drugbank.ca/drugs/DB08091"
"124","N-(3-CYCLOPROPYL-1H-PYRAZOL-5-YL)-2-(2-NAPHTHYL)ACETAMIDE (DB06944)","0.9387","http://www.drugbank.ca/drugs/DB06944"
"125","Indacaterol (DB05039)","0.9387","http://www.drugbank.ca/drugs/DB05039"
"126","Triprolidine (DB00427)","0.9383","http://www.drugbank.ca/drugs/DB00427"
"127","Flunarizine (DB04841)","0.9382","http://www.drugbank.ca/drugs/DB04841"
"128","Astemizole (DB00637)","0.9381","http://www.drugbank.ca/drugs/DB00637"
"129","(2s)-2-[(2,4-Dichloro-Benzoyl)-(3-Trifluoromethyl-Benzyl)-Amino]-3-Phenyl-Propionic Acid (DB03605)","0.9380","http://www.drugbank.ca/drugs/DB03605"
"130","ZK-806711 (DB03373)","0.9372","http://www.drugbank.ca/drugs/DB03373"
"131","N-(3-Cyclopropyl(5,6,7,8,9,10-Hexahydro-2-Oxo-2h-Cycloocta[B]Pyran-3-Yl)Methyl)Phenylbenzensulfonamide (DB02033)","0.9371","http://www.drugbank.ca/drugs/DB02033"
"132","5-(3-{3-[3-HYDROXY-2-(METHOXYCARBONYL)PHENOXY]PROPENYL}PHENYL)-4-(HYDROXYMETHYL)ISOXAZOLE-3-CARBOXYLIC ACID (DB08001)","0.9370","http://www.drugbank.ca/drugs/DB08001"
"133","N-[(2R,3S)-3-AMINO-2-HYDROXY-4-PHENYLBUTYL]NAPHTHALENE-2-SULFONAMIDE (DB07522)","0.9367","http://www.drugbank.ca/drugs/DB07522"
"134","5-(4-METHYL-BENZOYLAMINO)-BIPHENYL-3,4'-DICARBOXYLIC ACID 3-DIMETHYLAMIDE-4'-HYDROXYAMIDE (DB07586)","0.9365","http://www.drugbank.ca/drugs/DB07586"
"135","5-[3-(BENZYLAMINO)PHENYL]-4-BROMO-3-(CARBOXYMETHOXY)THIOPHENE-2-CARBOXYLIC ACID (DB07289)","0.9365","http://www.drugbank.ca/drugs/DB07289"
"136","Oxyphenisatin (DB04823)","0.9365","http://www.drugbank.ca/drugs/DB04823"
"137","5-[1-(3,4-Dimethoxy-Benzoyl)-1,2,3,4-Tetrahydro-Quinolin-6-Yl]-6-Methyl-3,6-Dihydro-[1,3,4]Thiadiazin-2-One (DB03944)","0.9364","http://www.drugbank.ca/drugs/DB03944"
"138","(S)-3-(4-(2-Carbazol-9-Yl-Ethoxy)-Phenyl)-2-Ethoxy-Propionic Acid (DB04270)","0.9360","http://www.drugbank.ca/drugs/DB04270"
"139","1-(2,6-Dichlorophenyl)-5-(2,4-Difluorophenyl)-7-Piperidin-4-Yl-3,4-Dihydroquinolin-2(1h)-One (DB01948)","0.9360","http://www.drugbank.ca/drugs/DB01948"
"140","Dimenoxadol (DB01461)","0.9359","http://www.drugbank.ca/drugs/DB01461"
"141","3-[1-(3-Aminopropyl)-1h-Indol-3-Yl]-4-(1-Methyl-1h-Indol-3-Yl)-1h-Pyrrole-2,5-Dione (DB01946)","0.9359","http://www.drugbank.ca/drugs/DB01946"
"142","Allyl-{6-[3-(4-Bromo-Phenyl)-Benzofuran-6-Yloxy]-Hexyl-}-Methyl-Amin (DB02339)","0.9357","http://www.drugbank.ca/drugs/DB02339"
"143","(6R)-2-amino-6-[2-(3'-methoxybiphenyl-3-yl)ethyl]-3,6-dimethyl-5,6-dihydropyrimidin-4(3H)-one (DB07519)","0.9356","http://www.drugbank.ca/drugs/DB07519"
"144","Flavopiridol (DB03496)","0.9355","http://www.drugbank.ca/drugs/DB03496"
"145","1-[(3S)-5-PHENYL-3-THIOPHEN-2-YL-3H-1,4-BENZODIAZEPIN-2-YL]AZETIDIN-3-OL (DB08698)","0.9353","http://www.drugbank.ca/drugs/DB08698"
"146","Eletriptan (DB00216)","0.9353","http://www.drugbank.ca/drugs/DB00216"
"147","2-[2-(1,3-Dioxo-1,3-Dihydro-2h-Isoindol-2-Yl)Ethyl]-4-(4'-Ethoxy-1,1'-Biphenyl-4-Yl)-4-Oxobutanoic Acid (DB04405)","0.9352","http://www.drugbank.ca/drugs/DB04405"
"148","6-BENZYL-1-BENZYLOXYMETHYL-5-ISOPROPYL URACIL (DB08634)","0.9351","http://www.drugbank.ca/drugs/DB08634"
"149","6-[N-(4-(Aminomethyl)Phenyl)Carbamyl]-2-Naphthalenecarboxamidine (DB02398)","0.9342","http://www.drugbank.ca/drugs/DB02398"
"150","FR230513 (DB03572)","0.9341","http://www.drugbank.ca/drugs/DB03572"
"151","Bepridil (DB01244)","0.9340","http://www.drugbank.ca/drugs/DB01244"
"152","N-(cyclopropylmethyl)-2'-methyl-5'-(5-methyl-1,3,4-oxadiazol-2-yl)biphenyl-4-carboxamide (DB07834)","0.9340","http://www.drugbank.ca/drugs/DB07834"
"153","1-{(2S,5S)-4-FLUORO-5-[(TRITYLOXY)METHYL]TETRAHYDROFURAN-2-YL}PYRIMIDINE-2,4(1H,3H)-DIONE (DB04685)","0.9332","http://www.drugbank.ca/drugs/DB04685"
"154","[1-(3-Hydroxy-2-Oxo-1-Phenethyl-Propylcarbamoyl)2-Phenyl-Ethyl]-Carbamic Acid Pyridin-4-Ylmethyl Ester (DB02128)","0.9331","http://www.drugbank.ca/drugs/DB02128"
"155","2-(2,4-DICHLOROPHENOXY)-5-(PYRIDIN-2-YLMETHYL)PHENOL (DB07287)","0.9329","http://www.drugbank.ca/drugs/DB07287"
"156","3-{[(3-FLUORO-3'-METHOXYBIPHENYL-4-YL)AMINO]CARBONYL}THIOPHENE-2-CARBOXYLIC ACID (DB07976)","0.9329","http://www.drugbank.ca/drugs/DB07976"
"157","3-HYDROXYPROPYL 3-[({7-[AMINO(IMINO)METHYL]-1-NAPHTHYL}AMINO)CARBONYL]BENZENESULFONATE (DB07022)","0.9328","http://www.drugbank.ca/drugs/DB07022"
"158","(4R,2S)-5'-(4-(4-CHLOROBENZYLOXY)PYRROLIDIN-2-YLMETHANESULFONYL)ISOQUINOLINE (DB07583)","0.9327","http://www.drugbank.ca/drugs/DB07583"
"159","1-((2-HYDROXYETHOXY)METHYL)-5-(3-(BENZYLOXY)BENZYL)PYRIMIDINE-2,4(1H,3H)-DIONE (DB06873)","0.9327","http://www.drugbank.ca/drugs/DB06873"
"160","Genz-10850 (DB04289)","0.9322","http://www.drugbank.ca/drugs/DB04289"
"161","5-(5-chloro-2,4-dihydroxyphenyl)-N-ethyl-4-[4-(morpholin-4-ylmethyl)phenyl]isoxazole-3-carboxamide (DB06961)","0.9322","http://www.drugbank.ca/drugs/DB06961"
"162","(2S)-2-ETHOXY-3-{4-[2-(10H-PHENOXAZIN-10-YL)ETHOXY]PHENYL}PROPANOIC ACID (DB07675)","0.9316","http://www.drugbank.ca/drugs/DB07675"
"163","1-(2-Amidinophenyl)-3-(Phenoxyphenyl)Urea (DB03337)","0.9316","http://www.drugbank.ca/drugs/DB03337"
"164","N-cyclopropyl-4-methyl-3-[1-(2-methylphenyl)phthalazin-6-yl]benzamide (DB07307)","0.9314","http://www.drugbank.ca/drugs/DB07307"
"165","FR233623 (DB03220)","0.9310","http://www.drugbank.ca/drugs/DB03220"
"166","Tolnaftate (DB00525)","0.9309","http://www.drugbank.ca/drugs/DB00525"
"167","4-(4-CHLOROPHENYL)-4-[4-(1H-PYRAZOL-4-YL)PHENYL]PIPERIDINE (DB07859)","0.9308","http://www.drugbank.ca/drugs/DB07859"
"168","1-(1'-{[3-(methylsulfanyl)-2-benzothiophen-1-yl]carbonyl}spiro[1-benzofuran-3,4'-piperidin]-5-yl)methanamine (DB06848)","0.9306","http://www.drugbank.ca/drugs/DB06848"
"169","N-(4-phenoxyphenyl)-2-[(pyridin-4-ylmethyl)amino]nicotinamide (DB07183)","0.9304","http://www.drugbank.ca/drugs/DB07183"
"170","Allyl-{4-[3-(4-Bromo-Phenyl)-Benzofuran-6-Yloxy]-but-2-Enyl}-Methyl-Amine (DB03771)","0.9304","http://www.drugbank.ca/drugs/DB03771"
"171","4-{2-[(3-Nitrobenzoyl)Amino]Phenoxy}Phthalic Acid (DB04044)","0.9303","http://www.drugbank.ca/drugs/DB04044"
"172","4-(2-HYDROXYBENZYLAMINO)-N-(3-(4-FLUOROPHENOXY)PHENYL)PIPERIDINE-1-SULFONAMIDE (DB04632)","0.9302","http://www.drugbank.ca/drugs/DB04632"
"173","N-(4-chlorophenyl)-2-[(pyridin-4-ylmethyl)amino]benzamide (DB07288)","0.9301","http://www.drugbank.ca/drugs/DB07288"
"174","3-(1H-INDOL-3-YL)-4-(1-{2-[(2S)-1-METHYLPYRROLIDINYL]ETHYL}-1H-INDOL-3-YL)-1H-PYRROLE-2,5-DIONE (DB07456)","0.9301","http://www.drugbank.ca/drugs/DB07456"
"175","3-(1H-INDOL-3-YL)-4-{1-[2-(1-METHYLPYRROLIDIN-2-YL)ETHYL]-1H-INDOL-3-YL}-1H-PYRROLE-2,5-DIONE (DB07458)","0.9301","http://www.drugbank.ca/drugs/DB07458"
"176","3-[(2,4-Dichlorobenzoyl)(Isopropyl)Amino]-5-Phenylthiophene-2-Carboxylic Acid (DB03388)","0.9299","http://www.drugbank.ca/drugs/DB03388"
"177","Meclizine (DB00737)","0.9298","http://www.drugbank.ca/drugs/DB00737"
"178","(2R)-N-HYDROXY-2-[(3S)-3-METHYL-3-{4-[(2-METHYLQUINOLIN-4-YL)METHOXY]PHENYL}-2-OXOPYRROLIDIN-1-YL]PROPANAMIDE (DB07145)","0.9296","http://www.drugbank.ca/drugs/DB07145"
"179","ISOQUINOLINE-5-SULFONIC ACID (2-(2-(4-CHLOROBENZYLOXY)ETHYLAMINO)ETHYL)AMIDE (DB07947)","0.9296","http://www.drugbank.ca/drugs/DB07947"
"180","(S)-5-(4-Benzyloxy-Phenyl)-4-(7-Phenyl-Heptanoylamino)-Pentanoic Acid (DB04287)","0.9295","http://www.drugbank.ca/drugs/DB04287"
"181","(1S)-2-(1H-INDOL-3-YL)-1-[({5-[(E)-2-PYRIDIN-4-YLVINYL]PYRIDIN-3-YL}OXY)METHYL]ETHYLAMINE (DB07107)","0.9290","http://www.drugbank.ca/drugs/DB07107"
"182","Allyl-{6-[3-(4-Bromo-Phenyl)-1-Methyl-1h-Indazol-6-Yl]Oxy}Hexyl)-N-Methylamine (DB03888)","0.9288","http://www.drugbank.ca/drugs/DB03888"
"183","Rhodamine 6g (DB03825)","0.9287","http://www.drugbank.ca/drugs/DB03825"
"184","Buclizine (DB00354)","0.9286","http://www.drugbank.ca/drugs/DB00354"
"185","4-(2-chlorophenyl)-8-(2-hydroxyethyl)-6-methylpyrrolo[3,4-e]indole-1,3(2H,6H)-dione (DB07257)","0.9285","http://www.drugbank.ca/drugs/DB07257"
"186","Licofelone (DB04725)","0.9283","http://www.drugbank.ca/drugs/DB04725"
"187","N-cyclopropyl-6-[(6,7-dimethoxyquinolin-4-yl)oxy]naphthalene-1-carboxamide (DB07274)","0.9282","http://www.drugbank.ca/drugs/DB07274"
"188","Fluorescein (DB00693)","0.9281","http://www.drugbank.ca/drugs/DB00693"
"189","[4-(3-AMINOMETHYL-PHENYL)-PIPERIDIN-1-YL]-(5-PHENETHYL- PYRIDIN-3-YL)-METHANONE (DB04764)","0.9279","http://www.drugbank.ca/drugs/DB04764"
"190","Trisalicylate-choline (DB01401)","0.9277","http://www.drugbank.ca/drugs/DB01401"
"191","N-({4-[(2-aminopyridin-4-yl)oxy]-3-fluorophenyl}carbamoyl)-2-(4-fluorophenyl)acetamide (DB06995)","0.9275","http://www.drugbank.ca/drugs/DB06995"
"192","1-(2-Phenylethyl)-4-phenyl-4-acetoxypiperidine (DB01562)","0.9274","http://www.drugbank.ca/drugs/DB01562"
"193","3-FLUORO-5-MORPHOLIN-4-YL-N-[1-(2-PYRIDIN-4-YLETHYL)-1H-INDOL-6-YL]BENZAMIDE (DB08730)","0.9273","http://www.drugbank.ca/drugs/DB08730"
"194","Fluvastatin (DB01095)","0.9272","http://www.drugbank.ca/drugs/DB01095"
"195","N-{3-METHYL-5-[2-(PYRIDIN-4-YLAMINO)-ETHOXY]-PHENYL}-BENZENESULFONAMIDE (DB07944)","0.9268","http://www.drugbank.ca/drugs/DB07944"
"196","Vilazodone (DB06684)","0.9266","http://www.drugbank.ca/drugs/DB06684"
"197","1-((2-HYDROXYETHOXY)METHYL)-5-(3-(BENZYLOXY)BENZYL)-6-HYDROXYPYRIMIDINE-2,4(1H,3H)-DIONE (DB07439)","0.9266","http://www.drugbank.ca/drugs/DB07439"
"198","WAY-151693 (DB02071)","0.9265","http://www.drugbank.ca/drugs/DB02071"
"199","2-{[(6-OXO-1,6-DIHYDROPYRIDIN-3-YL)METHYL]AMINO}-N-[4-PROPYL-3-(TRIFLUOROMETHYL)PHENYL]BENZAMIDE (DB07831)","0.9264","http://www.drugbank.ca/drugs/DB07831"
"200","Indecainide (DB00192)","0.9262","http://www.drugbank.ca/drugs/DB00192"
"201","Pimozide (DB01100)","0.9259","http://www.drugbank.ca/drugs/DB01100"
"202","[5-AMINO-1-(4-FLUOROPHENYL)-1H-PYRAZOL-4-YL][3-(PIPERIDIN-4-YLOXY)PHENYL]METHANONE (DB08423)","0.9258","http://www.drugbank.ca/drugs/DB08423"
"203","Methantheline (DB00940)","0.9258","http://www.drugbank.ca/drugs/DB00940"
"204","1-[1-(3-aminophenyl)-3-tert-butyl-1H-pyrazol-5-yl]-3-naphthalen-1-ylurea (DB06882)","0.9253","http://www.drugbank.ca/drugs/DB06882"
"205","CRA_10433 (DB03173)","0.9253","http://www.drugbank.ca/drugs/DB03173"
"206","(2S)-3-(1-{[2-(2-CHLOROPHENYL)-5-METHYL-1,3-OXAZOL-4-YL]METHYL}-1H-INDOL-5-YL)-2-ETHOXYPROPANOIC ACID (DB06908)","0.9252","http://www.drugbank.ca/drugs/DB06908"
"207","1-[2-(S)-AMINO-3-BIPHENYL-4-YL-PROPIONYL]-PYRROLIDINE-2-(S)-CARBONITRILE (DB08024)","0.9251","http://www.drugbank.ca/drugs/DB08024"
"208","3-(1,1-dioxido-4H-1,2,4-benzothiadiazin-3-yl)-4-hydroxy-1-(3-methylbutyl)quinolin-2(1H)-one (DB07275)","0.9250","http://www.drugbank.ca/drugs/DB07275"
"209","Desloratadine (DB00967)","0.9247","http://www.drugbank.ca/drugs/DB00967"
"210","1-(5-Carboxypentyl)-5-[(2,6-Dichlorobenzyl)Oxy]-1 H-Indole-2-Carboxylic Acid (DB02316)","0.9246","http://www.drugbank.ca/drugs/DB02316"
"211","HCV-086 (DB05884)","0.9246","http://www.drugbank.ca/drugs/DB05884"
"212","Amodiaquine (DB00613)","0.9245","http://www.drugbank.ca/drugs/DB00613"
"213","4-[(1S)-1-(3-fluoro-4-methoxyphenyl)-2-(2-methoxy-5-nitrophenyl)ethyl]-1H-imidazol-2-amine (DB07415)","0.9242","http://www.drugbank.ca/drugs/DB07415"
"214","CRA_10991 (DB01771)","0.9233","http://www.drugbank.ca/drugs/DB01771"
"215","Halofantrine (DB01218)","0.9232","http://www.drugbank.ca/drugs/DB01218"
"216","(2e)-N-Allyl-4-{[3-(4-Bromophenyl)-5-Fluoro-1-Methyl-1h-Indazol-6-Yl]Oxy}-N-Methyl-2-Buten-1-Amine (DB02139)","0.9231","http://www.drugbank.ca/drugs/DB02139"
"217","Iloperidone (DB04946)","0.9229","http://www.drugbank.ca/drugs/DB04946"
"218","Bifeprunox (DB04888)","0.9226","http://www.drugbank.ca/drugs/DB04888"
"219","6,7-DIMETHOXY-4-[(3R)-3-(2-NAPHTHYLOXY)PYRROLIDIN-1-YL]QUINAZOLINE (DB08389)","0.9225","http://www.drugbank.ca/drugs/DB08389"
"220","N-(CYCLOPROPYLMETHYL)-4-(METHYLOXY)-3-({5-[3-(3-PYRIDINYL)PHENYL]-1,3-OXAZOL-2-YL}AMINO)BENZENESULFONAMIDE (DB07333)","0.9218","http://www.drugbank.ca/drugs/DB07333"
"221","(2S)-1-(9H-Carbazol-4-yloxy)-3-(isopropylamino)propan-2-ol (DB07543)","0.9210","http://www.drugbank.ca/drugs/DB07543"
"222","Pitavastatin (DB08860)","0.9210","http://www.drugbank.ca/drugs/DB08860"
"223","9-HYDROXY-6-(3-HYDROXYPROPYL)-4-(2-METHOXYPHENYL)PYRROLO[3,4-C]CARBAZOLE-1,3(2H,6H)-DIONE (DB07006)","0.9207","http://www.drugbank.ca/drugs/DB07006"
"224","1-{(1R,2S)-2-HYDROXY-1-[2-(2-NAPHTHYLOXY)ETHYL]PROPYL}-1H-IMIDAZONE-4-CARBOXAMIDE (DB07785)","0.9205","http://www.drugbank.ca/drugs/DB07785"
"225","(2R)-4-(2-BENZOYL-1,2-DIAZEPAN-1-YL)-4-OXO-1-(2,4,5-TRIFLUOROPHENYL)BUTAN-2-AMINE (DB08051)","0.9205","http://www.drugbank.ca/drugs/DB08051"
"226","Tolterodine (DB01036)","0.9201","http://www.drugbank.ca/drugs/DB01036"
"227","2-METHYL-2-(4-{[({4-METHYL-2-[4-(TRIFLUOROMETHYL)PHENYL]-1,3-THIAZOL-5-YL}CARBONYL)AMINO]METHYL}PHENOXY)PROPANOIC ACID (DB07215)","0.9201","http://www.drugbank.ca/drugs/DB07215"
"228","Loratadine (DB00455)","0.9201","http://www.drugbank.ca/drugs/DB00455"
"229","Carvedilol (DB01136)","0.9200","http://www.drugbank.ca/drugs/DB01136"
"230","N-(4-METHYLBENZOYL)-4-BENZYLPIPERIDINE (DB07123)","0.9198","http://www.drugbank.ca/drugs/DB07123"
"231","Trimipramine (DB00726)","0.9197","http://www.drugbank.ca/drugs/DB00726"
"232","Aminacrine (DB02842)","0.9196","http://www.drugbank.ca/drugs/DB02842"
"233","Doxepin (DB01142)","0.9193","http://www.drugbank.ca/drugs/DB01142"
"234","Clemastine (DB00283)","0.9192","http://www.drugbank.ca/drugs/DB00283"
"235","N-[2-(2,4-diaminopyrido[2,3-d]pyrimidin-7-yl)-2-methylpropyl]-4-phenoxybenzamide (DB07041)","0.9186","http://www.drugbank.ca/drugs/DB07041"
"236","5-(5-CHLORO-2,4-DIHYDROXYPHENYL)-N-ETHYL-4-(4-METHOXYPHENYL)ISOXAZOLE-3-CARBOXAMIDE (DB06964)","0.9183","http://www.drugbank.ca/drugs/DB06964"
"237","N-cyclopropyl-4-methyl-3-{2-[(2-morpholin-4-ylethyl)amino]quinazolin-6-yl}benzamide (DB08351)","0.9183","http://www.drugbank.ca/drugs/DB08351"
"238","Quinacrine (DB01103)","0.9178","http://www.drugbank.ca/drugs/DB01103"
"239","[5-AMINO-1-(4-FLUOROPHENYL)-1H-PYRAZOL-4-YL](3-{[(2R)-2,3-DIHYDROXYPROPYL]OXY}PHENYL)METHANONE (DB08424)","0.9176","http://www.drugbank.ca/drugs/DB08424"
"240","(R)-pyridin-4-yl[4-(2-pyrrolidin-1-ylethoxy)phenyl]methanol (DB07258)","0.9175","http://www.drugbank.ca/drugs/DB07258"
"241","GW 501516 (DB05416)","0.9175","http://www.drugbank.ca/drugs/DB05416"
"242","N-{(1s)-4-[Bis(2-Chloroethyl)Amino]-1-Methylbutyl}-N-(6-Chloro-2-Methoxy-9-Acridinyl)Amine (DB02240)","0.9174","http://www.drugbank.ca/drugs/DB02240"
"243","3-(9-HYDROXY-1,3-DIOXO-4-PHENYL-2,3-DIHYDROPYRROLO[3,4-C]CARBAZOL-6(1H)-YL)PROPANOIC ACID (DB07265)","0.9174","http://www.drugbank.ca/drugs/DB07265"
"244","Encainide (DB01228)","0.9171","http://www.drugbank.ca/drugs/DB01228"
"245","4-(6-{[(4-METHYLCYCLOHEXYL)AMINO]METHYL}-1,4-DIHYDROINDENO[1,2-C]PYRAZOL-3-YL)BENZOIC ACID (DB07320)","0.9167","http://www.drugbank.ca/drugs/DB07320"
"246","Mepenzolate (DB04843)","0.9166","http://www.drugbank.ca/drugs/DB04843"
"247","Lucanthone (DB04967)","0.9165","http://www.drugbank.ca/drugs/DB04967"
"248","3-CYCLOHEXYL-1-(2-MORPHOLIN-4-YL-2-OXOETHYL)-2-PHENYL-1H-INDOLE-6-CARBOXYLIC ACID (DB07570)","0.9164","http://www.drugbank.ca/drugs/DB07570"
"249","2-({2-[(3R)-3-AMINOPIPERIDIN-1-YL]-4-OXOQUINAZOLIN-3(4H)-YL}METHYL)BENZONITRILE (DB08588)","0.9162","http://www.drugbank.ca/drugs/DB08588"
"250","Drotaverine (DB06751)","0.9161","http://www.drugbank.ca/drugs/DB06751"
"251","3-FLUORO-N-1H-INDOL-5-YL-5-MORPHOLIN-4-YLBENZAMIDE (DB08092)","0.9160","http://www.drugbank.ca/drugs/DB08092"
"252","Imipramine (DB00458)","0.9160","http://www.drugbank.ca/drugs/DB00458"
"253","(4R)-4-(3-HYDROXYPHENYL)-N,N,7,8-TETRAMETHYL-3,4-DIHYDROISOQUINOLINE-2(1H)-CARBOXAMIDE (DB07064)","0.9157","http://www.drugbank.ca/drugs/DB07064"
"254","Atovaquone (DB01117)","0.9156","http://www.drugbank.ca/drugs/DB01117"
"255","Papaverine (DB01113)","0.9155","http://www.drugbank.ca/drugs/DB01113"
"256","Ivacaftor (DB08820)","0.9151","http://www.drugbank.ca/drugs/DB08820"
"257","(6-[4-(AMINOMETHYL)-2,6-DIMETHYLPHENOXY]-2-{[4-(AMINOMETHYL)PHENYL]AMINO}-5-BROMOPYRIMIDIN-4-YL)METHANOL (DB06874)","0.9149","http://www.drugbank.ca/drugs/DB06874"
"258","ZK-805623 (DB04432)","0.9146","http://www.drugbank.ca/drugs/DB04432"
"259","Sulfinpyrazone (DB01138)","0.9145","http://www.drugbank.ca/drugs/DB01138"
"260","Valsartan (DB00177)","0.9144","http://www.drugbank.ca/drugs/DB00177"
"261","3-{3-bromo-4-[(2,4-difluorobenzyl)oxy]-6-methyl-2-oxopyridin-1(2H)-yl}-N,4-dimethylbenzamide (DB07941)","0.9144","http://www.drugbank.ca/drugs/DB07941"
"262","5-AMINO-2-{4-[(4-AMINOPHENYL)SULFANYL]PHENYL}-1H-ISOINDOLE-1,3(2H)-DIONE (DB07971)","0.9143","http://www.drugbank.ca/drugs/DB07971"
"263","Clomipramine (DB01242)","0.9142","http://www.drugbank.ca/drugs/DB01242"
"264","3-[3-(3-methyl-6-{[(1S)-1-phenylethyl]amino}-1H-pyrazolo[4,3-c]pyridin-1-yl)phenyl]propanamide (DB06963)","0.9139","http://www.drugbank.ca/drugs/DB06963"
"265","Rilpivirine (DB08864)","0.9139","http://www.drugbank.ca/drugs/DB08864"
"266","TMC278 (DB05083)","0.9139","http://www.drugbank.ca/drugs/DB05083"
"267","4-{[4-({4-[(E)-2-cyanoethenyl]-2,6-dimethylphenyl}amino)pyrimidin-2-yl]amino}benzonitrile (DB08592)","0.9139","http://www.drugbank.ca/drugs/DB08592"
"268","5-(5-CHLORO-2,4-DIHYDROXYPHENYL)-N-ETHYL-4-(4-METHOXYPHENYL)-1H-PYRAZOLE-3-CARBOXAMIDE (DB07495)","0.9138","http://www.drugbank.ca/drugs/DB07495"
"269","(5-(aminomethyl)-2H-spiro[benzofuran-3,4'-piperidine]-1'-yl)(5-(phenylethynyl)furan-2-yl)methanone (DB06962)","0.9138","http://www.drugbank.ca/drugs/DB06962"
"270","2-(4-Morpholinyl)-8-Phenyl-4h-1-Benzopyran-4-One (DB02656)","0.9137","http://www.drugbank.ca/drugs/DB02656"
"271","Darifenacin (DB00496)","0.9135","http://www.drugbank.ca/drugs/DB00496"
"272","(9S)-9-[(8-AMMONIOOCTYL)AMINO]-1,2,3,4,9,10-HEXAHYDROACRIDINIUM (DB04617)","0.9134","http://www.drugbank.ca/drugs/DB04617"
"273","7-[3-(4-FLUORO-PHENYL)-1-ISOPROPYL-1H-INDOL-2-YL]-3,5-DIHYDROXY-HEPTANOIC ACID (DB06846)","0.9133","http://www.drugbank.ca/drugs/DB06846"
"274","5-{[1-(2-fluorobenzyl)piperidin-4-yl]methoxy}quinazoline-2,4-diamine (DB07642)","0.9132","http://www.drugbank.ca/drugs/DB07642"
"275","6-(3-AMINOPROPYL)-4,9-DIMETHYLPYRROLO[3,4-C]CARBAZOLE-1,3(2H,6H)-DIONE (DB07444)","0.9132","http://www.drugbank.ca/drugs/DB07444"
"276","Etravirine (DB06414)","0.9122","http://www.drugbank.ca/drugs/DB06414"
"277","4-({6-AMINO-5-BROMO-2-[(4-CYANOPHENYL)AMINO]PYRIMIDIN-4-YL}OXY)-3,5-DIMETHYLBENZONITRILE (DB07191)","0.9122","http://www.drugbank.ca/drugs/DB07191"
"278","3-(5-{[4-(AMINOMETHYL)PIPERIDIN-1-YL]METHYL}-1H-INDOL-2-YL)QUINOLIN-2(1H)-ONE (DB07025)","0.9121","http://www.drugbank.ca/drugs/DB07025"
"279","3-(6-Aminopyridin-3-Yl)-N-Methyl-N-[(1-Methyl-1h-Indol-2-Yl)Methyl]Acrylamide (DB01865)","0.9119","http://www.drugbank.ca/drugs/DB01865"
"280","Dextropropoxyphene (DB00647)","0.9116","http://www.drugbank.ca/drugs/DB00647"
"281","Olmesartan (DB00275)","0.9114","http://www.drugbank.ca/drugs/DB00275"
"282","8-ethyl-3,10,10-trimethyl-4,5,6,8,10,12-hexahydropyrazolo[4',3':6,7]cyclohepta[1,2-b]pyrrolo[2,3-f]indol-9(1H)-one (DB07266)","0.9113","http://www.drugbank.ca/drugs/DB07266"
"283","1-Acetyl-4-(4-{4-[(2-Ethoxyphenyl)Thio]-3-Nitrophenyl}Pyridin-2-Yl)Piperazine (DB02177)","0.9113","http://www.drugbank.ca/drugs/DB02177"
"284","5-Bromo-N[2-(Dimethylamino)Ethyl]-9-Aminoacridine-4-Carboxamide (DB02390)","0.9112","http://www.drugbank.ca/drugs/DB02390"
"285","Acepromazine (DB01614)","0.9112","http://www.drugbank.ca/drugs/DB01614"
"286","2,6-DIMETHYL-1-(3-[3-METHYL-5-ISOXAZOLYL]-PROPANYL)-4-[2-METHYL-4-ISOXAZOLYL]-PHENOL (DB08715)","0.9110","http://www.drugbank.ca/drugs/DB08715"
"287","[4-({5-(AMINOCARBONYL)-4-[(3-METHYLPHENYL)AMINO]PYRIMIDIN-2-YL}AMINO)PHENYL]ACETIC ACID (DB08513)","0.9110","http://www.drugbank.ca/drugs/DB08513"
"288","Amitriptyline (DB00321)","0.9104","http://www.drugbank.ca/drugs/DB00321"
"289","Cyclobenzaprine (DB00924)","0.9104","http://www.drugbank.ca/drugs/DB00924"
"290","N-(1-ISOPROPYLPIPERIDIN-4-YL)-1-(3-METHOXYBENZYL)-1H-INDOLE-2-CARBOXAMIDE (DB07973)","0.9102","http://www.drugbank.ca/drugs/DB07973"
"291","Ziprasidone (DB00246)","0.9101","http://www.drugbank.ca/drugs/DB00246"
"292","METHYL (2Z)-2-(2-{[6-(2-CYANOPHENOXY)PYRIMIDIN-4-YL]OXY}PHENYL)-3-METHOXYACRYLATE (DB07401)","0.9100","http://www.drugbank.ca/drugs/DB07401"
"293","Loperamide (DB00836)","0.9097","http://www.drugbank.ca/drugs/DB00836"
"294","Propidium (DB02166)","0.9096","http://www.drugbank.ca/drugs/DB02166"
"295","3-[(Acetyl-Methyl-Amino)-Methyl]-4-Amino-N-Methyl-N-(1-Methyl-1h-Indol-2-Ylmethyl)-Benzamide (DB03534)","0.9094","http://www.drugbank.ca/drugs/DB03534"
"296","Dioxaphetyl butyrate (DB01475)","0.9092","http://www.drugbank.ca/drugs/DB01475"
"297","2,3-DIPHENYL-N-(2-PIPERAZIN-1-YLETHYL)FURO[2,3-B]PYRIDIN-4-AMINE (DB07146)","0.9092","http://www.drugbank.ca/drugs/DB07146"
"298","Diphenidol (DB01231)","0.9089","http://www.drugbank.ca/drugs/DB01231"
"299","Propiomazine (DB00777)","0.9088","http://www.drugbank.ca/drugs/DB00777"
"300","Aceprometazine (DB01615)","0.9083","http://www.drugbank.ca/drugs/DB01615"
"301","3-(5-{[4-(AMINOMETHYL)PIPERIDIN-1-YL]METHYL}-1H-INDOL-2-YL)-1H-INDAZOLE-6-CARBONITRILE (DB07075)","0.9081","http://www.drugbank.ca/drugs/DB07075"
"302","Econazole (DB01127)","0.9081","http://www.drugbank.ca/drugs/DB01127"
"303","1-[(2S)-2-[(4-CHLOROBENZYL)OXY]-2-(2,4-DICHLOROPHENYL)ETHYL]-1H-IMIDAZOLE (DB07705)","0.9081","http://www.drugbank.ca/drugs/DB07705"
"304","2-[4-(4-Hydroxy-3-Isopropyl-Phenoxy)-3,5-Dimethyl-Phenyl]-2h-[1,2,4]Triazine-3,5-Dione (DB03181)","0.9079","http://www.drugbank.ca/drugs/DB03181"
"305","N-[(3z)-5-Tert-Butyl-2-Phenyl-1,2-Dihydro-3h-Pyrazol-3-Ylidene]-N'-(4-Chlorophenyl)Urea (DB01807)","0.9076","http://www.drugbank.ca/drugs/DB01807"
"306","Etonitazene (DB01462)","0.9073","http://www.drugbank.ca/drugs/DB01462"
"307","(1-Methyl-1h-Imidazol-2-Yl)-(3-Methyl-4-{3-[(Pyridin-3-Ylmethyl)-Amino]-Propoxy}-Benzofuran-2-Yl)-Methanone (DB03062)","0.9069","http://www.drugbank.ca/drugs/DB03062"
"308","6-FLUORO-2-[2-HYDROXY-3-(2-METHYL-CYCLOHEXYLOXY)-PHENYL]-1H-INDOLE-5-CARBOXAMIDINE (DB06856)","0.9068","http://www.drugbank.ca/drugs/DB06856"
"309","PYRIMIDINE-4,6-DICARBOXYLIC ACID BIS-(3-METHYL-BENZYLAMIDE) (DB04759)","0.9065","http://www.drugbank.ca/drugs/DB04759"
"310","Nortriptyline (DB00540)","0.9061","http://www.drugbank.ca/drugs/DB00540"
"311","3-(2-aminoquinazolin-6-yl)-1-(3,3-dimethylindolin-6-yl)-4-methylpyridin-2(1H)-one (DB07514)","0.9057","http://www.drugbank.ca/drugs/DB07514"
"312","Diampromide (DB01502)","0.9057","http://www.drugbank.ca/drugs/DB01502"
"313","N~3~-cyclopropyl-N~4~'-(cyclopropylmethyl)-6-methylbiphenyl-3,4'-dicarboxamide (DB07835)","0.9054","http://www.drugbank.ca/drugs/DB07835"
"314","1-(CYCLOHEXYLAMINO)-3-(6-METHYL-3,4-DIHYDRO-1H-CARBAZOL-9(2H)-YL)PROPAN-2-OL (DB07061)","0.9054","http://www.drugbank.ca/drugs/DB07061"
"315","1-((1R)-1-(HYDROXYMETHYL)-3-{6-[(3-PHENYLPROPANOYL)AMINO]-1H-INDOL-1-YL}PROPYL)-1H-IMIDAZOLE-4-CARBOXAMIDE (DB07783)","0.9053","http://www.drugbank.ca/drugs/DB07783"
"316","1-[4-(PYRIDIN-4-YLOXY)PHENYL]-3-[3-(TRIFLUOROMETHYL)PHENYL]UREA (DB08043)","0.9052","http://www.drugbank.ca/drugs/DB08043"
"317","Dextromoramide (DB01529)","0.9051","http://www.drugbank.ca/drugs/DB01529"
"318","4-(BENZHYDRYLOXY)-1-[3-(1H-TETRAAZOL-5-YL)PROPYL]PIPERIDINE (DB07917)","0.9049","http://www.drugbank.ca/drugs/DB07917"
"319","(10R)-10-methyl-3-(6-methylpyridin-3-yl)-9,10,11,12-tetrahydro-8H-[1,4]diazepino[5',6':4,5]thieno[3,2-f]quinolin-8-one (DB07430)","0.9049","http://www.drugbank.ca/drugs/DB07430"
"320","(5E,7S)-2-amino-7-(4-fluoro-2-pyridin-3-ylphenyl)-4-methyl-7,8-dihydroquinazolin-5(6H)-one oxime (DB08197)","0.9041","http://www.drugbank.ca/drugs/DB08197"
"321","Gentian Violet (DB00406)","0.9041","http://www.drugbank.ca/drugs/DB00406"
"322","SR11254 (DB02258)","0.9040","http://www.drugbank.ca/drugs/DB02258"
"323","5,6-DIPHENYL-N-(2-PIPERAZIN-1-YLETHYL)FURO[2,3-D]PYRIMIDIN-4-AMINE (DB07297)","0.9037","http://www.drugbank.ca/drugs/DB07297"
"324","Canagliflozin (DB08907)","0.9036","http://www.drugbank.ca/drugs/DB08907"
"325","BMS184394 (DB03466)","0.9034","http://www.drugbank.ca/drugs/DB03466"
"326","4-BROMO-2-FLUORO-N-[(4E)-6-METHOXY-7-[(1-METHYLPIPERIDIN-4-YL)METHOXY]QUINAZOLIN-4(1H)-YLIDENE]ANILINE (DB08764)","0.9034","http://www.drugbank.ca/drugs/DB08764"
"327","Butoconazole (DB00639)","0.9023","http://www.drugbank.ca/drugs/DB00639"
"328","CD564 (DB02741)","0.9022","http://www.drugbank.ca/drugs/DB02741"
"329","Rimonabant (DB06155)","0.9019","http://www.drugbank.ca/drugs/DB06155"
"330","Clonitazene (DB01523)","0.9016","http://www.drugbank.ca/drugs/DB01523"
"331","4-(3,5-DIMETHYLPHENOXY)-5-(FURAN-2-YLMETHYLSULFANYLMETHYL)-3-IODO-6-METHYLPYRIDIN-2(1H)-ONE (DB08457)","0.9013","http://www.drugbank.ca/drugs/DB08457"
"332","5-[(2-methyl-5-{[3-(trifluoromethyl)phenyl]carbamoyl}phenyl)amino]pyridine-3-carboxamide (DB07970)","0.9000","http://www.drugbank.ca/drugs/DB07970"
"333","2,4-Diamino-6-[N-(2',5'-Dimethoxybenzyl)-N-Methylamino]Quinazoline (DB02427)","0.8999","http://www.drugbank.ca/drugs/DB02427"
"334","1-((1R,2S)-1-{2-[2-(4-CHLOROPHENYL)-1,3-BENZOXAZOL-7-YL]ETHYL}-2-HYDROXYPROPYL)-1H-IMIDAZOLE-4-CARBOXAMIDE (DB07786)","0.8998","http://www.drugbank.ca/drugs/DB07786"
"335","Benzethidine (DB01518)","0.8995","http://www.drugbank.ca/drugs/DB01518"
"336","1,2,3-TRIHYDROXY-1,2,3,4-TETRAHYDROBENZO[A]PYRENE (DB07435)","0.8994","http://www.drugbank.ca/drugs/DB07435"
"337","Amineptine (DB04836)","0.8993","http://www.drugbank.ca/drugs/DB04836"
"338","(2S)-1-{[5-(1H-INDAZOL-5-YL)PYRIDIN-3-YL]OXY}-3-[(7AS)-7AH-INDOL-3-YL]PROPAN-2-AMINE (DB06977)","0.8992","http://www.drugbank.ca/drugs/DB06977"
"339","CRA_10656 (DB04470)","0.8985","http://www.drugbank.ca/drugs/DB04470"
"340","Zuclopenthixol acetate (DB08919)","0.8985","http://www.drugbank.ca/drugs/DB08919"
"341","6-(3-AMINOPHENYL)-N-(TERT-BUTYL)-2-(TRIFLUOROMETHYL)QUINAZOLIN-4-AMINE (DB07612)","0.8984","http://www.drugbank.ca/drugs/DB07612"
"342","Fluspirilene (DB04842)","0.8981","http://www.drugbank.ca/drugs/DB04842"
"343","6-ETHYL-5-[9-(3-METHOXYPROPYL)-9H-CARBAZOL-2-YL]PYRIMIDINE-2,4-DIAMINE (DB06967)","0.8971","http://www.drugbank.ca/drugs/DB06967"
"344","N-(M-Trifluoromethylphenyl) Phenoxazine-4,6-Dicarboxylic Acid (DB02698)","0.8970","http://www.drugbank.ca/drugs/DB02698"
"345","5-ETHYL-3-[(2-METHOXYETHYL)METHYLAMINO]-6-METHYL-4-(3-METHYLBENZYL)PYRIDIN-2(1H)-ONE (DB07018)","0.8966","http://www.drugbank.ca/drugs/DB07018"
"346","FR236913 (DB02830)","0.8962","http://www.drugbank.ca/drugs/DB02830"
"347","Zuclopenthixol (DB01624)","0.8960","http://www.drugbank.ca/drugs/DB01624"
"348","PYRIMIDINE-4,6-DICARBOXYLIC ACID BIS-(4-FLUORO-3-METHYL-BENZYLAMIDE) (DB04760)","0.8956","http://www.drugbank.ca/drugs/DB04760"
"349","CRA_10972 (DB02989)","0.8956","http://www.drugbank.ca/drugs/DB02989"
"350","CRA_10950 (DB03494)","0.8956","http://www.drugbank.ca/drugs/DB03494"
"351","6-FLUORO-2-(2-HYDROXY-3-ISOBUTOXY-PHENYL)-1H-BENZOIMIDAZOLE-5-CARBOXAMIDINE (DB06855)","0.8956","http://www.drugbank.ca/drugs/DB06855"
"352","1-[1-(3-aminophenyl)-3-tert-butyl-1H-pyrazol-5-yl]-3-phenylurea (DB06883)","0.8952","http://www.drugbank.ca/drugs/DB06883"
"353","Anileridine (DB00913)","0.8951","http://www.drugbank.ca/drugs/DB00913"
"354","ACCLAIM (DB05252)","0.8947","http://www.drugbank.ca/drugs/DB05252"
"355","Aprindine (DB01429)","0.8944","http://www.drugbank.ca/drugs/DB01429"
"356","Trimetrexate (DB01157)","0.8944","http://www.drugbank.ca/drugs/DB01157"
"357","6-[4-(2-piperidin-1-ylethoxy)phenyl]-3-pyridin-4-ylpyrazolo[1,5-a]pyrimidine (DB08597)","0.8941","http://www.drugbank.ca/drugs/DB08597"
"358","Erlotinib (DB00530)","0.8937","http://www.drugbank.ca/drugs/DB00530"
"359","(3,3-dimethylpiperidin-1-yl)(6-(3-fluoro-4-methylphenyl)pyridin-2-yl)methanone (DB06992)","0.8929","http://www.drugbank.ca/drugs/DB06992"
"360","1-[4-(Octahydro-Pyrido[1,2-a]Pyrazin-2-Yl)-Phenyl]-2-Phenyl-1,2,3,4-Tetrahydro-Isoquinolin-6-Ol (DB03802)","0.8927","http://www.drugbank.ca/drugs/DB03802"
"361","N-[(1S)-2-AMINO-1-(2,4-DICHLOROBENZYL)ETHYL]-5-[2-(METHYLAMINO)PYRIMIDIN-4-YL]THIOPHENE-2-CARBOXAMIDE (DB07235)","0.8919","http://www.drugbank.ca/drugs/DB07235"
"362","N-[(13-CYCLOHEXYL-6,7-DIHYDROINDOLO[1,2-D][1,4]BENZOXAZEPIN-10-YL)CARBONYL]-2-METHYL-L-ALANINE (DB08031)","0.8917","http://www.drugbank.ca/drugs/DB08031"
"363","N-{2'-[(4-FLUOROPHENYL)AMINO]-4,4'-BIPYRIDIN-2-YL}-4-METHOXYCYCLOHEXANECARBOXAMIDE (DB08025)","0.8914","http://www.drugbank.ca/drugs/DB08025"
"364","OPC-51803 (DB05838)","0.8907","http://www.drugbank.ca/drugs/DB05838"
"365","Diphenoxylate (DB01081)","0.8906","http://www.drugbank.ca/drugs/DB01081"
"366","3-(2-AMINO-6-BENZOYLQUINAZOLIN-3(4H)-YL)-N-CYCLOHEXYL-N-METHYLPROPANAMIDE (DB08749)","0.8905","http://www.drugbank.ca/drugs/DB08749"
"367","Difenoxin (DB01501)","0.8902","http://www.drugbank.ca/drugs/DB01501"
"368","S-{3-[(4-ANILINOQUINAZOLIN-6-YL)AMINO]-3-OXOPROPYL}-L-CYSTEINE (DB07602)","0.8894","http://www.drugbank.ca/drugs/DB07602"
"369","Propericiazine (DB01608)","0.8890","http://www.drugbank.ca/drugs/DB01608"
"370","Darusentan (DB04883)","0.8890","http://www.drugbank.ca/drugs/DB04883"
"371","1-(2,6-Dichlorophenyl)-5-(2,4-Difluorophenyl)-7-Piperazin-1-Yl-3,4-Dihydroquinazolin-2(1h)-One (DB02873)","0.8888","http://www.drugbank.ca/drugs/DB02873"
"372","CRA_10655 (DB02526)","0.8885","http://www.drugbank.ca/drugs/DB02526"
"373","Fesoterodine (DB06702)","0.8878","http://www.drugbank.ca/drugs/DB06702"
"374","Topotecan (DB01030)","0.8874","http://www.drugbank.ca/drugs/DB01030"
"375","3-[3-(4-methylpiperazin-1-yl)-7-(trifluoromethyl)quinoxalin-5-yl]phenol (DB07969)","0.8867","http://www.drugbank.ca/drugs/DB07969"
"376","Benzatropine (DB00245)","0.8863","http://www.drugbank.ca/drugs/DB00245"
"377","Thiothixene (DB01623)","0.8863","http://www.drugbank.ca/drugs/DB01623"
"378","(2E)-N-{4-[(3-bromophenyl)amino]quinazolin-6-yl}-4-(dimethylamino)but-2-enamide (DB08564)","0.8862","http://www.drugbank.ca/drugs/DB08564"
"379","(2S)-1-{4-[(4-ANILINO-5-BROMOPYRIMIDIN-2-YL)AMINO]PHENOXY}-3-(DIMETHYLAMINO)PROPAN-2-OL (DB07501)","0.8858","http://www.drugbank.ca/drugs/DB07501"
"380","(2R)-1-{4-[(4-ANILINO-5-BROMOPYRIMIDIN-2-YL)AMINO]PHENOXY}-3-(DIMETHYLAMINO)PROPAN-2-OL (DB07504)","0.8858","http://www.drugbank.ca/drugs/DB07504"
"381","Miconazole (DB01110)","0.8850","http://www.drugbank.ca/drugs/DB01110"
"382","Oxiconazole (DB00239)","0.8843","http://www.drugbank.ca/drugs/DB00239"
"383","Propantheline (DB00782)","0.8838","http://www.drugbank.ca/drugs/DB00782"
"384","Irbesartan (DB01029)","0.8832","http://www.drugbank.ca/drugs/DB01029"
"385","1-{2-[(4-CHLOROPHENYL)AMINO]-2-OXOETHYL}-N-(1-ISOPROPYLPIPERIDIN-4-YL)-1H-INDOLE-2-CARBOXAMIDE (DB07974)","0.8827","http://www.drugbank.ca/drugs/DB07974"
"386","Zolpidem (DB00425)","0.8826","http://www.drugbank.ca/drugs/DB00425"
"387","1-CYCLOHEXYL-N-{[1-(4-METHYLPHENYL)-1H-INDOL-3-YL]METHYL}METHANAMINE (DB06833)","0.8821","http://www.drugbank.ca/drugs/DB06833"
"388","N-{5-[4-(4-METHYLPIPERAZIN-1-YL)PHENYL]-1H-PYRROLO[2,3-B]PYRIDIN-3-YL}NICOTINAMIDE (DB06876)","0.8820","http://www.drugbank.ca/drugs/DB06876"
"389","3-({4-[(5-CHLORO-1,3-BENZODIOXOL-4-YL)AMINO]PYRIMIDIN-2-YL}AMINO)BENZAMIDE (DB07256)","0.8819","http://www.drugbank.ca/drugs/DB07256"
"390","LE-SN38 (DB05482)","0.8813","http://www.drugbank.ca/drugs/DB05482"
"391","N-(3-TERT-BUTYL-1H-PYRAZOL-5-YL)-N'-{4-CHLORO-3-[(PYRIDIN-3-YLOXY)METHYL]PHENYL}UREA (DB08064)","0.8810","http://www.drugbank.ca/drugs/DB08064"
"392","5-[4-(DIMETHYLAMINO)PHENYL]-6-[(6-MORPHOLIN-4-YLPYRIDIN-3-YL)ETHYNYL]PYRIMIDIN-4-AMINE (DB07280)","0.8809","http://www.drugbank.ca/drugs/DB07280"
"393","2-{4-[5-(4-chlorophenyl)-4-pyrimidin-4-yl-1H-pyrazol-3-yl]piperidin-1-yl}-2-oxoethanol (DB07943)","0.8808","http://www.drugbank.ca/drugs/DB07943"
"394","5-[5,6-BIS(METHYLOXY)-1H-BENZIMIDAZOL-1-YL]-3-{[1-(2-CHLOROPHENYL)ETHYL]OXY}-2-THIOPHENECARBOXAMIDE (DB07471)","0.8803","http://www.drugbank.ca/drugs/DB07471"
"395","5-(4-Morpholin-4-Yl-Phenylsulfanyl)-2,4-Quinazolinediamine (DB02001)","0.8798","http://www.drugbank.ca/drugs/DB02001"
"396","N-(2-hydroxy-1,1-dimethylethyl)-1-methyl-3-(1H-pyrrolo[2,3-b]pyridin-2-yl)-1H-indole-5-carboxamide (DB06834)","0.8795","http://www.drugbank.ca/drugs/DB06834"
"397","(3S)-1-(1,3-BENZODIOXOL-5-YLMETHYL)-3-[4-(1H-IMIDAZOL-1-YL)PHENOXY]PIPERIDINE (DB07011)","0.8792","http://www.drugbank.ca/drugs/DB07011"
"398","Alphamethadol (DB01498)","0.8791","http://www.drugbank.ca/drugs/DB01498"
"399","OPC-6535 (DB05298)","0.8790","http://www.drugbank.ca/drugs/DB05298"
"400","Quetiapine (DB01224)","0.8787","http://www.drugbank.ca/drugs/DB01224"
"401","Ethopropazine (DB00392)","0.8786","http://www.drugbank.ca/drugs/DB00392"
"402","Fentanyl (DB00813)","0.8780","http://www.drugbank.ca/drugs/DB00813"
"403","(2R)-1-[4-({4-[(2,5-DICHLOROPHENYL)AMINO]PYRIMIDIN-2-YL}AMINO)PHENOXY]-3-(DIMETHYLAMINO)PROPAN-2-OL (DB07750)","0.8778","http://www.drugbank.ca/drugs/DB07750"
"404","(2S)-1-[4-({4-[(2,5-DICHLOROPHENYL)AMINO]PYRIMIDIN-2-YL}AMINO)PHENOXY]-3-(DIMETHYLAMINO)PROPAN-2-OL (DB07755)","0.8778","http://www.drugbank.ca/drugs/DB07755"
"405","Loxapine (DB00408)","0.8776","http://www.drugbank.ca/drugs/DB00408"
"406","Beta-hydroxyfentanyl (DB01453)","0.8776","http://www.drugbank.ca/drugs/DB01453"
"407","Methadone (DB00333)","0.8773","http://www.drugbank.ca/drugs/DB00333"
"408","Pagoclone (DB04903)","0.8768","http://www.drugbank.ca/drugs/DB04903"
"409","Levomethadyl Acetate (DB01227)","0.8758","http://www.drugbank.ca/drugs/DB01227"
"410","Methadyl Acetate (DB01433)","0.8758","http://www.drugbank.ca/drugs/DB01433"
"411","Betacetylmethadol (DB01522)","0.8758","http://www.drugbank.ca/drugs/DB01522"
"412","Alphacetylmethadol (DB01555)","0.8758","http://www.drugbank.ca/drugs/DB01555"
"413","Lobeline (DB05137)","0.8754","http://www.drugbank.ca/drugs/DB05137"
"414","Phenylbutazone (DB00812)","0.8742","http://www.drugbank.ca/drugs/DB00812"
"415","Temafloxacin (DB01405)","0.8740","http://www.drugbank.ca/drugs/DB01405"
"416","Sertindole (DB06144)","0.8729","http://www.drugbank.ca/drugs/DB06144"
"417","N-(5,5,8,8-Tetramethyl-5,8-Dihydro-Naphthalen-2-Yl)-Terephthalamic Acid (DB03873)","0.8728","http://www.drugbank.ca/drugs/DB03873"
"418","AZD2171 (DB04849)","0.8725","http://www.drugbank.ca/drugs/DB04849"
"419","Dimenhydrinate (DB00985)","0.8725","http://www.drugbank.ca/drugs/DB00985"
"420","Camptothecin (DB04690)","0.8725","http://www.drugbank.ca/drugs/DB04690"
"421","(2S)-1-[4-({6-[(2,6-DIFLUOROPHENYL)AMINO]PYRIMIDIN-4-YL}AMINO)PHENOXY]-3-(DIMETHYLAMINO)PROPAN-2-OL (DB07751)","0.8720","http://www.drugbank.ca/drugs/DB07751"
"422","(2R)-1-[4-({6-[(2,6-DIFLUOROPHENYL)AMINO]PYRIMIDIN-4-YL}AMINO)PHENOXY]-3-(DIMETHYLAMINO)PROPAN-2-OL (DB07761)","0.8720","http://www.drugbank.ca/drugs/DB07761"
"423","3-(2-CHLOROPHENYL)-1-(2-{[(1S)-2-HYDROXY-1,2-DIMETHYLPROPYL]AMINO}PYRIMIDIN-4-YL)-1-(4-METHOXYPHENYL)UREA (DB08095)","0.8720","http://www.drugbank.ca/drugs/DB08095"
"424","N-(TERT-BUTYL)-3,5-DIMETHYL-N'-[(5-METHYL-2,3-DIHYDRO-1,4-BENZODIOXIN-6-YL)CARBONYL]BENZOHYDRAZIDE (DB07929)","0.8720","http://www.drugbank.ca/drugs/DB07929"
"425","Sri-9662 (DB03060)","0.8717","http://www.drugbank.ca/drugs/DB03060"
"426","Thioridazine (DB00679)","0.8706","http://www.drugbank.ca/drugs/DB00679"
"427","1-ethyl-N-(phenylmethyl)-4-(tetrahydro-2H-pyran-4-ylamino)-1H-pyrazolo[3,4-b]pyridine-5-carboxamide (DB06909)","0.8684","http://www.drugbank.ca/drugs/DB06909"
"428","BNP 1350 (DB05806)","0.8682","http://www.drugbank.ca/drugs/DB05806"
"429","Mesoridazine (DB00933)","0.8681","http://www.drugbank.ca/drugs/DB00933"
"430","1-{3-oxo-3-[(2S)-2-(pyrrolidin-1-ylcarbonyl)pyrrolidin-1-yl]propyl}-3-phenylquinoxalin-2(1H)-one (DB08738)","0.8662","http://www.drugbank.ca/drugs/DB08738"
"431","Acetyl-alpha-methylfentanyl (DB01532)","0.8651","http://www.drugbank.ca/drugs/DB01532"
"432","Prasugrel (DB06209)","0.8649","http://www.drugbank.ca/drugs/DB06209"
"433","1-(2-Fluorobenzyl)-3-Butyl-8-(N-Acetyl-4-Aminobenzyl)-Xanthine (DB02008)","0.8639","http://www.drugbank.ca/drugs/DB02008"
"434","(13R,15S)-13-METHYL-16-OXA-8,9,12,22,24-PENTAAZAHEXACYCLO[15.6.2.16,9.1,12,15.0,2,7.0,21,25]HEPTACOSA-1(24),2,4,6,17(25),18,20-HEPTAENE-23,26-DIONE (DB06888)","0.8622","http://www.drugbank.ca/drugs/DB06888"
"435","IMIDAZOPYRIDAZIN 1 (DB04715)","0.8618","http://www.drugbank.ca/drugs/DB04715"
"436","methyl (1R,2S)-2-(hydroxycarbamoyl)-1-{4-[(2-methylquinolin-4-yl)methoxy]benzyl}cyclopropanecarboxylate (DB07147)","0.8617","http://www.drugbank.ca/drugs/DB07147"
"437","Tazarotene (DB00799)","0.8606","http://www.drugbank.ca/drugs/DB00799"
"438","3-Methylfentanyl (DB01571)","0.8606","http://www.drugbank.ca/drugs/DB01571"
"439","Beta-hydroxy-3-methylfentanyl (DB01570)","0.8604","http://www.drugbank.ca/drugs/DB01570"
"440","CRA_11092 (DB03555)","0.8595","http://www.drugbank.ca/drugs/DB03555"
"441","Alpha-methylfentanyl (DB01557)","0.8575","http://www.drugbank.ca/drugs/DB01557"
"442","Acetophenazine (DB01063)","0.8557","http://www.drugbank.ca/drugs/DB01063"
"443","N-{3-[(4-{[3-(TRIFLUOROMETHYL)PHENYL]AMINO}PYRIMIDIN-2-YL)AMINO]PHENYL}CYCLOPROPANECARBOXAMIDE (DB07545)","0.8553","http://www.drugbank.ca/drugs/DB07545"
"444","Nefazodone (DB01149)","0.8553","http://www.drugbank.ca/drugs/DB01149"
"445","Cilansetron (DB04885)","0.8543","http://www.drugbank.ca/drugs/DB04885"
"446","Isopropamide (DB01625)","0.8533","http://www.drugbank.ca/drugs/DB01625"
"447","4-[(3S)-1-AZABICYCLO[2.2.2]OCT-3-YLAMINO]-3-(1H-BENZIMIDAZOL-2-YL)-6-CHLOROQUINOLIN-2(1H)-ONE (DB06852)","0.8522","http://www.drugbank.ca/drugs/DB06852"
"448","6-Phenyl-4(R)-(7-Phenyl-Heptanoylamino)-Hexanoic Acid (DB03471)","0.8505","http://www.drugbank.ca/drugs/DB03471"
"449","Prochlorperazine (DB00433)","0.8493","http://www.drugbank.ca/drugs/DB00433"
"450","Thiethylperazine (DB00372)","0.8485","http://www.drugbank.ca/drugs/DB00372"
"451","Nicergoline (DB00699)","0.8477","http://www.drugbank.ca/drugs/DB00699"
"452","Risperidone (DB00734)","0.8472","http://www.drugbank.ca/drugs/DB00734"
"453","4-{[5-chloro-4-(1H-indol-3-yl)pyrimidin-2-yl]amino}-N-ethylpiperidine-1-carboxamide (DB08005)","0.8435","http://www.drugbank.ca/drugs/DB08005"
"454","(3-EXO)-3-(10,11-DIHYDRO-5H-DIBENZO[A,D][7]ANNULEN-5-YLOXY)-8,8-DIMETHYL-8-AZONIABICYCLO[3.2.1]OCTANE (DB07494)","0.8416","http://www.drugbank.ca/drugs/DB07494"
"455","5-CHLORO-N-((1R,2S)-2-(4-(2-OXOPYRIDIN-1(2H)-YL)BENZAMIDO) CYCLOPENTYL)THIOPHENE-2-CARBOXAMIDE (DB08174)","0.8409","http://www.drugbank.ca/drugs/DB08174"
"456","Perphenazine (DB00850)","0.8397","http://www.drugbank.ca/drugs/DB00850"
"457","Zanapezil (DB04859)","0.8389","http://www.drugbank.ca/drugs/DB04859"
"458","Tamibarotene (DB04942)","0.8375","http://www.drugbank.ca/drugs/DB04942"
"459","TC-5619 (DB06090)","0.8373","http://www.drugbank.ca/drugs/DB06090"
"460","Eprosartan (DB00876)","0.8364","http://www.drugbank.ca/drugs/DB00876"
"461","Mequitazine (DB01071)","0.8345","http://www.drugbank.ca/drugs/DB01071"
"462","TTNPB (DB02877)","0.8341","http://www.drugbank.ca/drugs/DB02877"
"463","Rabeprazole (DB01129)","0.8305","http://www.drugbank.ca/drugs/DB01129"
"464","(2R)-2-({9-(1-methylethyl)-6-[(4-pyridin-2-ylbenzyl)amino]-9H-purin-2-yl}amino)butan-1-ol (DB08463)","0.8287","http://www.drugbank.ca/drugs/DB08463"
"465","2-{2-[(3,5-dimethylphenyl)amino]pyrimidin-4-yl}-N-[(1S)-2-hydroxy-1-methylethyl]-4-methyl-1,3-thiazole-5-carboxamide (DB07194)","0.8281","http://www.drugbank.ca/drugs/DB07194"
"466","Ondansetron (DB00904)","0.8259","http://www.drugbank.ca/drugs/DB00904"
"467","4-[3-Oxo-3-(5,5,8,8-Tetramethyl-5,6,7,8-Tetrahydro-Naphthalen-2-Yl)-Propenyl]-Benzoic Acid (DB02466)","0.8246","http://www.drugbank.ca/drugs/DB02466"
"468","4-(4-METHYLPIPERAZIN-1-YL)-N-[5-(2-THIENYLACETYL)-1,5-DIHYDROPYRROLO[3,4-C]PYRAZOL-3-YL]BENZAMIDE (DB07186)","0.8242","http://www.drugbank.ca/drugs/DB07186"
"469","Dipipanone (DB01491)","0.8230","http://www.drugbank.ca/drugs/DB01491"
"470","N~2~-1,3-BENZOXAZOL-2-YL-3-CYCLOHEXYL-N-{2-[(4-METHOXYPHENYL)AMINO]ETHYL}-L-ALANINAMIDE (DB07839)","0.8216","http://www.drugbank.ca/drugs/DB07839"
"471","4-[[(1E)-2-(4-CHLOROPHENYL)ETHENYL]SULFONYL]-1-[[1-(4-PYRIDINYL)-4-PIPERIDINYL]METHYL]PIPERAZINONE (DB08745)","0.8209","http://www.drugbank.ca/drugs/DB08745"
"472","4-METHYL-5-{(2E)-2-[(4-MORPHOLIN-4-YLPHENYL)IMINO]-2,5-DIHYDROPYRIMIDIN-4-YL}-1,3-THIAZOL-2-AMINE (DB08219)","0.8207","http://www.drugbank.ca/drugs/DB08219"
"473","N-((1R,2S)-2-(5-CHLORO-1H-INDOLE-2-CARBOXAMIDO)CYCLOHEXYL)-5-METHYL-4,5,6,7-TETRAHYDROTHIAZOLO[5,4-C]PYRIDINE-2-CARBOXAMIDE (DB07629)","0.8205","http://www.drugbank.ca/drugs/DB07629"
"474","N-((1R,2R)-2-(5-CHLORO-1H-INDOLE-2-CARBOXAMIDO)CYCLOHEXYL)-5-METHYL-4,5,6,7-TETRAHYDROTHIAZOLO[5,4-C]PYRIDINE-2-CARBOXAMIDE (DB07630)","0.8205","http://www.drugbank.ca/drugs/DB07630"
"475","Disopyramide (DB00280)","0.8194","http://www.drugbank.ca/drugs/DB00280"
"476","Bexarotene (DB00307)","0.8175","http://www.drugbank.ca/drugs/DB00307"
"477","Pipazethate (DB08796)","0.8149","http://www.drugbank.ca/drugs/DB08796"
"478","Piboserod (DB04873)","0.8109","http://www.drugbank.ca/drugs/DB04873"
"479","Maprotiline (DB00934)","0.8082","http://www.drugbank.ca/drugs/DB00934"
"480","Adapalene (DB00210)","0.8081","http://www.drugbank.ca/drugs/DB00210"
"481","Dapiprazole (DB00298)","0.8052","http://www.drugbank.ca/drugs/DB00298"
"482","Domperidone (DB01184)","0.7937","http://www.drugbank.ca/drugs/DB01184"
"483","1-(DIMETHYLAMINO)-3-(4-{{4-(2-METHYLIMIDAZO[1,2-A]PYRIDIN-3-YL)PYRIMIDIN-2-YL]AMINO}PHENOXY)PROPAN-2-OL (DB07889)","0.7878","http://www.drugbank.ca/drugs/DB07889"
"484","Trazodone (DB00656)","0.7821","http://www.drugbank.ca/drugs/DB00656"
"485","Aclidinium (DB08897)","0.7766","http://www.drugbank.ca/drugs/DB08897"
"486","N-(2-METHOXYETHYL)-4-({4-[2-METHYL-1-(1-METHYLETHYL)-1H-IMIDAZOL-5-YL]PYRIMIDIN-2-YL}AMINO)BENZENESULFONAMIDE (DB07790)","0.7711","http://www.drugbank.ca/drugs/DB07790"
"487","Pirenzepine (DB00670)","0.7709","http://www.drugbank.ca/drugs/DB00670"
"488","9-Butyl-8-(2,5-Dimethoxy-Benzyl)-9h-Purin-6-Ylamine (DB02359)","0.7528","http://www.drugbank.ca/drugs/DB02359"
"489","O6-(R)-ROSCOVITINE, R-2-(6-BENZYLOXY-9-ISOPROPYL-9H-PURIN-2-YLAMINO)-BUTAN-1-OL (DB04770)","0.7498","http://www.drugbank.ca/drugs/DB04770"
"490","N-(4-{[(3S)-3-(dimethylamino)pyrrolidin-1-yl]carbonyl}phenyl)-5-fluoro-4-[2-methyl-1-(1-methylethyl)-1H-imidazol-5-yl]pyrimidin-2-amine (DB07936)","0.7435","http://www.drugbank.ca/drugs/DB07936"
"491","ONO-6818 (DB03925)","0.7404","http://www.drugbank.ca/drugs/DB03925"
"492","1-Allyl-3-Butyl-8-(N-Acetyl-4-Aminobenzyl)-Xanthine (DB03267)","0.7290","http://www.drugbank.ca/drugs/DB03267"
"493","N6-METHYL-(R)-ROSCOVITINE, R-2-[6-(BENZYL-METHYL-AMINO)-9-ISOPROPYL-9H-PURIN-2-YLAMINO]-BUTAN-1-OL (DB04776)","0.7276","http://www.drugbank.ca/drugs/DB04776"
"494","2-{4-[4-({4-[2-methyl-1-(1-methylethyl)-1H-imidazol-5-yl]pyrimidin-2-yl}amino)phenyl]piperazin-1-yl}-2-oxoethanol (DB07982)","0.7230","http://www.drugbank.ca/drugs/DB07982"
"495","N-[2-(1,3-BENZODIOXOL-5-YL)ETHYL]-1-[2-(1H-IMIDAZOL-1-YL)-6-METHYLPYRIMIDIN-4-YL]-D-PROLINAMIDE (DB06916)","0.7052","http://www.drugbank.ca/drugs/DB06916"
"496","Procyclidine (DB00387)","0.6935","http://www.drugbank.ca/drugs/DB00387"
"497","2-ANILINO-6-CYCLOHEXYLMETHOXYPURINE (DB06948)","0.6861","http://www.drugbank.ca/drugs/DB06948"
"498","(2-AMINO-3-PHENYL-BICYCLO[2.2.1]HEPT-2-YL)-PHENYL-METHANONE (DB07883)","0.6855","http://www.drugbank.ca/drugs/DB07883"
"499","6-[1-(3,5,5,8,8-Pentamethyl-5,6,7,8-Tetrahydronaphthalen-2-Yl)Cyclopropyl]Pyridine-3-Carboxylic Acid (DB01941)","0.6370","http://www.drugbank.ca/drugs/DB01941"
"500","2-{4-[(4-imidazo[1,2-a]pyridin-3-ylpyrimidin-2-yl)amino]piperidin-1-yl}-N-methylacetamide (DB08026)","0.5780","http://www.drugbank.ca/drugs/DB08026"
