"","DrugBank Compound (Name, ID)","Similarity to ","Link"
"1","Delavirdine (DB00705)","0.9532","http://www.drugbank.ca/drugs/DB00705"
"2","2-({4-[(5-CHLORO-1H-INDOL-2-YL)SULFONYL]PIPERAZIN-1-YL}CARBONYL)THIENO[3,2-B]PYRIDINE 4-OXIDE (DB07605)","0.9476","http://www.drugbank.ca/drugs/DB07605"
"3","4-{2-[4-(2-Aminoethyl)Piperazin-1-Yl]Pyridin-4-Yl}-N-(3-Chloro-4-Methylphenyl)Pyrimidin-2-Amine (DB03916)","0.9459","http://www.drugbank.ca/drugs/DB03916"
"4","Pirenzepine (DB00670)","0.9425","http://www.drugbank.ca/drugs/DB00670"
"5","Quetiapine (DB01224)","0.9417","http://www.drugbank.ca/drugs/DB01224"
"6","THIENO[3,2-B]PYRIDINE-2-SULFONIC ACID [2-OXO-1-(1H-PYRROLO[2,3-C]PYRIDIN-2-YLMETHYL)-PYRROLIDIN-3-YL]-AMIDE (DB08426)","0.9412","http://www.drugbank.ca/drugs/DB08426"
"7","Thioproperazine (DB01622)","0.9405","http://www.drugbank.ca/drugs/DB01622"
"8","4-(4-METHYLPIPERAZIN-1-YL)-N-[5-(2-THIENYLACETYL)-1,5-DIHYDROPYRROLO[3,4-C]PYRAZOL-3-YL]BENZAMIDE (DB07186)","0.9393","http://www.drugbank.ca/drugs/DB07186"
"9","Perphenazine (DB00850)","0.9374","http://www.drugbank.ca/drugs/DB00850"
"10","4-[(5-CHLOROINDOL-2-YL)SULFONYL]-2-(2-METHYLPROPYL)-1-[[5-(PYRIDIN-4-YL)PYRIMIDIN-2-YL]CARBONYL]PIPERAZINE (DB04673)","0.9364","http://www.drugbank.ca/drugs/DB04673"
"11","Sildenafil (DB00203)","0.9350","http://www.drugbank.ca/drugs/DB00203"
"12","4-[(4-METHYL-1-PIPERAZINYL)METHYL]-N-[3-[[4-(3-PYRIDINYL)-2-PYRIMIDINYL]AMINO]PHENYL]-BENZAMIDE (DB04739)","0.9348","http://www.drugbank.ca/drugs/DB04739"
"13","Acetophenazine (DB01063)","0.9323","http://www.drugbank.ca/drugs/DB01063"
"14","Thiethylperazine (DB00372)","0.9321","http://www.drugbank.ca/drugs/DB00372"
"15","Imatinib (DB00619)","0.9321","http://www.drugbank.ca/drugs/DB00619"
"16","N-{5-[4-(4-METHYLPIPERAZIN-1-YL)PHENYL]-1H-PYRROLO[2,3-B]PYRIDIN-3-YL}NICOTINAMIDE (DB06876)","0.9306","http://www.drugbank.ca/drugs/DB06876"
"17","4-{[5-chloro-4-(1H-indol-3-yl)pyrimidin-2-yl]amino}-N-ethylpiperidine-1-carboxamide (DB08005)","0.9291","http://www.drugbank.ca/drugs/DB08005"
"18","(13R,15S)-13-METHYL-16-OXA-8,9,12,22,24-PENTAAZAHEXACYCLO[15.6.2.16,9.1,12,15.0,2,7.0,21,25]HEPTACOSA-1(24),2,4,6,17(25),18,20-HEPTAENE-23,26-DIONE (DB06888)","0.9263","http://www.drugbank.ca/drugs/DB06888"
"19","THIENO[3,2-B]PYRIDINE-2-SULFONIC ACID [1-(1-AMINO-ISOQUINOLIN-7-YLMETHYL)-2-OXO-PYRROLDIN-3-YL]-AMIDE (DB07261)","0.9262","http://www.drugbank.ca/drugs/DB07261"
"20","Ziprasidone (DB00246)","0.9247","http://www.drugbank.ca/drugs/DB00246"
"21","5-Chloro-thiophene-2-carboxylic acid ((3S,4S)-1-{[2-fluoro-4-(2-oxo-2H-pyridin-1-yl)-phenylcarbamoyl]-methyl}-4-hydroxy-pyrrolidin-3-yl)-amide (DB07875)","0.9228","http://www.drugbank.ca/drugs/DB07875"
"22","5-chloro-N-[(3R)-1-(2-{[2-fluoro-4-(2-oxopyridin-1(2H)-yl)phenyl]amino}-2-oxoethyl)pyrrolidin-3-yl]thiophene-2-carboxamide (DB07872)","0.9204","http://www.drugbank.ca/drugs/DB07872"
"23","6-[3-(4-Morpholinyl)Propyl]-2-(3-Nitrophenyl)-5-Thioxo-5,6,-Dihydro-7h-Thienol[2',3':4,5]Pyrrolo[1,2-C]Imidazol-7-One (DB03507)","0.9204","http://www.drugbank.ca/drugs/DB03507"
"24","Moricizine (DB00680)","0.9189","http://www.drugbank.ca/drugs/DB00680"
"25","4-[(2-{4-[(CYCLOPROPYLCARBAMOYL)AMINO]-1H-PYRAZOL-3-YL}-1H-BENZIMIDAZOL-6-YL)METHYL]MORPHOLIN-4-IUM (DB08067)","0.9186","http://www.drugbank.ca/drugs/DB08067"
"26","Fluphenazine (DB00623)","0.9182","http://www.drugbank.ca/drugs/DB00623"
"27","5-CHLORO-THIOPHENE-2-CARBOXYLIC ACID ((3S,4S)-4-FLUORO- 1-{[2-FLUORO-4-(2-OXO-2H-PYRIDIN-1-YL)-PHENYLCARBAMOYL]-METHYL}-PYRROLIDIN-3-YL)-AMIDE (DB08143)","0.9164","http://www.drugbank.ca/drugs/DB08143"
"28","5-[4-(DIMETHYLAMINO)PHENYL]-6-[(6-MORPHOLIN-4-YLPYRIDIN-3-YL)ETHYNYL]PYRIMIDIN-4-AMINE (DB07280)","0.9157","http://www.drugbank.ca/drugs/DB07280"
"29","6-[4-(2-piperidin-1-ylethoxy)phenyl]-3-pyridin-4-ylpyrazolo[1,5-a]pyrimidine (DB08597)","0.9142","http://www.drugbank.ca/drugs/DB08597"
"30","N-(5-CHLORO-BENZO[B]THIOPHEN-3-YLMETHYL)-2-[6-CHLORO-OXO-3-(2-PYRIDIN-2-YL-ETHYLAMINO)-2H-PYRAZIN-1-YL]-ACETAMIDE (DB07165)","0.9138","http://www.drugbank.ca/drugs/DB07165"
"31","Prazosin (DB00457)","0.9137","http://www.drugbank.ca/drugs/DB00457"
"32","CI-1033 (DB05424)","0.9133","http://www.drugbank.ca/drugs/DB05424"
"33","Vardenafil (DB00862)","0.9129","http://www.drugbank.ca/drugs/DB00862"
"34","Etonitazene (DB01462)","0.9120","http://www.drugbank.ca/drugs/DB01462"
"35","Sertindole (DB06144)","0.9097","http://www.drugbank.ca/drugs/DB06144"
"36","1-{3-[(4-pyridin-2-ylpiperazin-1-yl)sulfonyl]phenyl}-3-(1,3-thiazol-2-yl)urea (DB07817)","0.9097","http://www.drugbank.ca/drugs/DB07817"
"37","RPR131247 (DB02744)","0.9092","http://www.drugbank.ca/drugs/DB02744"
"38","N-(2-chloro-6-methylphenyl)-8-[(3S)-3-methylpiperazin-1-yl]imidazo[1,5-a]quinoxalin-4-amine (DB08057)","0.9087","http://www.drugbank.ca/drugs/DB08057"
"39","2-{4-[4-({4-[2-methyl-1-(1-methylethyl)-1H-imidazol-5-yl]pyrimidin-2-yl}amino)phenyl]piperazin-1-yl}-2-oxoethanol (DB07982)","0.9085","http://www.drugbank.ca/drugs/DB07982"
"40","Pipazethate (DB08796)","0.9081","http://www.drugbank.ca/drugs/DB08796"
"41","2-{4-[5-(4-chlorophenyl)-4-pyrimidin-4-yl-1H-pyrazol-3-yl]piperidin-1-yl}-2-oxoethanol (DB07943)","0.9081","http://www.drugbank.ca/drugs/DB07943"
"42","N-cyclopropyl-4-methyl-3-{2-[(2-morpholin-4-ylethyl)amino]quinazolin-6-yl}benzamide (DB08351)","0.9080","http://www.drugbank.ca/drugs/DB08351"
"43","1-(3-(2,4-DIMETHYLTHIAZOL-5-YL)-4-OXO-2,4-DIHYDROINDENO[1,2-C]PYRAZOL-5-YL)-3-(4-METHYLPIPERAZIN-1-YL)UREA (DB07622)","0.9071","http://www.drugbank.ca/drugs/DB07622"
"44","(S)-2-CHLORO-N-(1-(2-(2-HYDROXYETHYLAMINO)-2-OXOETHYL)-2-OXO-1,2,3,4-TETRAHYDROQUINOLIN-3-YL)-6H-THIENO[2,3-B]PYRROLE-5-CARBOXAMIDE (DB07792)","0.9063","http://www.drugbank.ca/drugs/DB07792"
"45","4-[(3S)-1-AZABICYCLO[2.2.2]OCT-3-YLAMINO]-3-(1H-BENZIMIDAZOL-2-YL)-6-CHLOROQUINOLIN-2(1H)-ONE (DB06852)","0.9058","http://www.drugbank.ca/drugs/DB06852"
"46","1-{2-[(4-CHLOROPHENYL)AMINO]-2-OXOETHYL}-N-(1-ISOPROPYLPIPERIDIN-4-YL)-1H-INDOLE-2-CARBOXAMIDE (DB07974)","0.9052","http://www.drugbank.ca/drugs/DB07974"
"47","10-Propargyl-5,8-Dideazafolic Acid (DB03541)","0.9035","http://www.drugbank.ca/drugs/DB03541"
"48","Indole Naphthyridinone (DB01691)","0.9022","http://www.drugbank.ca/drugs/DB01691"
"49","1-{3-oxo-3-[(2S)-2-(pyrrolidin-1-ylcarbonyl)pyrrolidin-1-yl]propyl}-3-phenylquinoxalin-2(1H)-one (DB08738)","0.9021","http://www.drugbank.ca/drugs/DB08738"
"50","1-ethyl-N-(phenylmethyl)-4-(tetrahydro-2H-pyran-4-ylamino)-1H-pyrazolo[3,4-b]pyridine-5-carboxamide (DB06909)","0.9017","http://www.drugbank.ca/drugs/DB06909"
"51","4-CHLORO-6-(4-{4-[4-(METHYLSULFONYL)BENZYL]PIPERAZIN-1-YL}-1H-PYRAZOL-5-YL)BENZENE-1,3-DIOL (DB06957)","0.9009","http://www.drugbank.ca/drugs/DB06957"
"52","N-(4-{[(3S)-3-(dimethylamino)pyrrolidin-1-yl]carbonyl}phenyl)-5-fluoro-4-[2-methyl-1-(1-methylethyl)-1H-imidazol-5-yl]pyrimidin-2-amine (DB07936)","0.9004","http://www.drugbank.ca/drugs/DB07936"
"53","4-[4-(1-Amino-1-Methylethyl)Phenyl]-5-Chloro-N-[4-(2-Morpholin-4-Ylethyl)Phenyl]Pyrimidin-2-Amine (DB02491)","0.8996","http://www.drugbank.ca/drugs/DB02491"
"54","Gefitinib (DB00317)","0.8993","http://www.drugbank.ca/drugs/DB00317"
"55","Quinacrine (DB01103)","0.8991","http://www.drugbank.ca/drugs/DB01103"
"56","Raltitrexed (DB00293)","0.8988","http://www.drugbank.ca/drugs/DB00293"
"57","3-FLUORO-5-MORPHOLIN-4-YL-N-[1-(2-PYRIDIN-4-YLETHYL)-1H-INDOL-6-YL]BENZAMIDE (DB08730)","0.8988","http://www.drugbank.ca/drugs/DB08730"
"58","N-(1-ISOPROPYLPIPERIDIN-4-YL)-1-(3-METHOXYBENZYL)-1H-INDOLE-2-CARBOXAMIDE (DB07973)","0.8977","http://www.drugbank.ca/drugs/DB07973"
"59","3-[(Acetyl-Methyl-Amino)-Methyl]-4-Amino-N-Methyl-N-(1-Methyl-1h-Indol-2-Ylmethyl)-Benzamide (DB03534)","0.8976","http://www.drugbank.ca/drugs/DB03534"
"60","Vilazodone (DB06684)","0.8964","http://www.drugbank.ca/drugs/DB06684"
"61","[4-(6-Chloro-Naphthalene-2-Sulfonyl)-Piperazin-1-Yl]-(3,4,5,6-Tetrahydro-2h-[1,4']Bipyridinyl-4-Yl)-Methanone (DB01836)","0.8963","http://www.drugbank.ca/drugs/DB01836"
"62","(10R)-10-methyl-3-(6-methylpyridin-3-yl)-9,10,11,12-tetrahydro-8H-[1,4]diazepino[5',6':4,5]thieno[3,2-f]quinolin-8-one (DB07430)","0.8955","http://www.drugbank.ca/drugs/DB07430"
"63","(2R,4R)-N~1~-(4-CHLOROPHENYL)-N~2~-[2-FLUORO-4-(2-OXOPYRIDIN-1(2H)-YL)PHENYL]-4-METHOXYPYRROLIDINE-1,2-DICARBOXAMIDE (DB06920)","0.8955","http://www.drugbank.ca/drugs/DB06920"
"64","N-{2-[6-(2,4-DIAMINO-6-ETHYLPYRIMIDIN-5-YL)-2,2-DIMETHYL-3-OXO-2,3-DIHYDRO-4H-1,4-BENZOXAZIN-4-YL]ETHYL}ACETAMIDE (DB07059)","0.8942","http://www.drugbank.ca/drugs/DB07059"
"65","Astemizole (DB00637)","0.8939","http://www.drugbank.ca/drugs/DB00637"
"66","Temafloxacin (DB01405)","0.8936","http://www.drugbank.ca/drugs/DB01405"
"67","6,7-DIMETHOXY-4-[(3R)-3-(QUINOXALIN-2-YLOXY)PYRROLIDIN-1-YL]QUINAZOLINE (DB08391)","0.8933","http://www.drugbank.ca/drugs/DB08391"
"68","3-(5-{[4-(AMINOMETHYL)PIPERIDIN-1-YL]METHYL}-1H-INDOL-2-YL)-1H-INDAZOLE-6-CARBONITRILE (DB07075)","0.8928","http://www.drugbank.ca/drugs/DB07075"
"69","N-[5-(1,1-DIOXIDOISOTHIAZOLIDIN-2-YL)-1H-INDAZOL-3-YL]-2-(4-PIPERIDIN-1-YLPHENYL)ACETAMIDE (DB07220)","0.8928","http://www.drugbank.ca/drugs/DB07220"
"70","N-(2-hydroxy-1,1-dimethylethyl)-1-methyl-3-(1H-pyrrolo[2,3-b]pyridin-2-yl)-1H-indole-5-carboxamide (DB06834)","0.8927","http://www.drugbank.ca/drugs/DB06834"
"71","Apixaban (DB06605)","0.8926","http://www.drugbank.ca/drugs/DB06605"
"72","(2R)-2-({9-(1-methylethyl)-6-[(4-pyridin-2-ylbenzyl)amino]-9H-purin-2-yl}amino)butan-1-ol (DB08463)","0.8920","http://www.drugbank.ca/drugs/DB08463"
"73","Tadalafil (DB00820)","0.8913","http://www.drugbank.ca/drugs/DB00820"
"74","Bosutinib (DB06616)","0.8909","http://www.drugbank.ca/drugs/DB06616"
"75","3-FLUORO-5-MORPHOLIN-4-YL-N-[3-(2-PYRIDIN-4-YLETHYL)-1H-INDOL-5-YL]BENZAMIDE (DB08091)","0.8907","http://www.drugbank.ca/drugs/DB08091"
"76","2-amino-4-[2,4-dichloro-5-(2-pyrrolidin-1-ylethoxy)phenyl]-N-ethylthieno[2,3-d]pyrimidine-6-carboxamide (DB06969)","0.8897","http://www.drugbank.ca/drugs/DB06969"
"77","5-{[1-(2-fluorobenzyl)piperidin-4-yl]methoxy}quinazoline-2,4-diamine (DB07642)","0.8886","http://www.drugbank.ca/drugs/DB07642"
"78","CP-526423 (DB02089)","0.8875","http://www.drugbank.ca/drugs/DB02089"
"79","5-(4-PHENOXYPHENYL)-5-(4-PYRIMIDIN-2-YLPIPERAZIN-1-YL)PYRIMIDINE-2,4,6(2H,3H)-TRIONE (DB07117)","0.8869","http://www.drugbank.ca/drugs/DB07117"
"80","Afatinib (DB08916)","0.8861","http://www.drugbank.ca/drugs/DB08916"
"81","6-(4-{(1S,2S)-2-AMINO-1-[(DIMETHYLAMINO)CARBONYL]-3-[(3S)-3-FLUOROPYRROLIDIN-1-YL]-3-OXOPROPYL}PHENYL)-1H-[1,2,4]TRIAZOLO[1,5-A]PYRIDIN-4-IUM (DB08504)","0.8854","http://www.drugbank.ca/drugs/DB08504"
"82","5-Chloro-1h-Indole-2-Carboxylic Acid [1-(4-Fluorobenzyl)-2-(4-Hydroxypiperidin-1yl)-2-Oxoethyl]Amide (DB03383)","0.8849","http://www.drugbank.ca/drugs/DB03383"
"83","3-[3-(3-methyl-6-{[(1S)-1-phenylethyl]amino}-1H-pyrazolo[4,3-c]pyridin-1-yl)phenyl]propanamide (DB06963)","0.8842","http://www.drugbank.ca/drugs/DB06963"
"84","N-{2-[6-(2,4-DIAMINO-6-ETHYLPYRIMIDIN-5-YL)-2,2-DIMETHYL-3-OXO-2,3-DIHYDRO-4H-1,4-BENZOTHIAZIN-4-YL]ETHYL}ACETAMIDE (DB06899)","0.8839","http://www.drugbank.ca/drugs/DB06899"
"85","N-((1R,2S)-2-(5-CHLORO-1H-INDOLE-2-CARBOXAMIDO)CYCLOHEXYL)-5-METHYL-4,5,6,7-TETRAHYDROTHIAZOLO[5,4-C]PYRIDINE-2-CARBOXAMIDE (DB07629)","0.8839","http://www.drugbank.ca/drugs/DB07629"
"86","N-((1R,2R)-2-(5-CHLORO-1H-INDOLE-2-CARBOXAMIDO)CYCLOHEXYL)-5-METHYL-4,5,6,7-TETRAHYDROTHIAZOLO[5,4-C]PYRIDINE-2-CARBOXAMIDE (DB07630)","0.8839","http://www.drugbank.ca/drugs/DB07630"
"87","N-cyclopropyl-3-{[1-(2,4-difluorophenyl)-7-methyl-6-oxo-6,7-dihydro-1H-pyrazolo[3,4-b]pyridin-4-yl]amino}-4-methylbenzamide (DB08349)","0.8837","http://www.drugbank.ca/drugs/DB08349"
"88","1-Acetyl-4-(4-{4-[(2-Ethoxyphenyl)Thio]-3-Nitrophenyl}Pyridin-2-Yl)Piperazine (DB02177)","0.8835","http://www.drugbank.ca/drugs/DB02177"
"89","2-{2-[(3,5-dimethylphenyl)amino]pyrimidin-4-yl}-N-[(1S)-2-hydroxy-1-methylethyl]-4-methyl-1,3-thiazole-5-carboxamide (DB07194)","0.8834","http://www.drugbank.ca/drugs/DB07194"
"90","Nefazodone (DB01149)","0.8827","http://www.drugbank.ca/drugs/DB01149"
"91","(4R)-N-[4-({[2-(DIMETHYLAMINO)ETHYL]AMINO}CARBONYL)-1,3-THIAZOL-2-YL]-4-METHYL-1-OXO-2,3,4,9-TETRAHYDRO-1H-BETA-CARBOLINE-6-CARBOXAMIDE (DB07406)","0.8826","http://www.drugbank.ca/drugs/DB07406"
"92","Cp403700, (S)-1-{2-[(5-Chloro-1h-Indole-2-Carbonyl)-Amino]-3-Phenyl-Propionyl}-Azetidine-3-Carboxylate (DB03744)","0.8825","http://www.drugbank.ca/drugs/DB03744"
"93","Doxazosin (DB00590)","0.8825","http://www.drugbank.ca/drugs/DB00590"
"94","1-(5-Tert-Butyl-2-P-Tolyl-2h-Pyrazol-3-Yl)-3-[4-(2-Morpholin-4-Yl-Ethoxy)-Naphthalen-1-Yl]-Urea (DB03044)","0.8819","http://www.drugbank.ca/drugs/DB03044"
"95","Mesoridazine (DB00933)","0.8817","http://www.drugbank.ca/drugs/DB00933"
"96","Ponatinib  (DB08901)","0.8811","http://www.drugbank.ca/drugs/DB08901"
"97","3-(1H-INDOL-3-YL)-4-(1-{2-[(2S)-1-METHYLPYRROLIDINYL]ETHYL}-1H-INDOL-3-YL)-1H-PYRROLE-2,5-DIONE (DB07456)","0.8810","http://www.drugbank.ca/drugs/DB07456"
"98","3-(1H-INDOL-3-YL)-4-{1-[2-(1-METHYLPYRROLIDIN-2-YL)ETHYL]-1H-INDOL-3-YL}-1H-PYRROLE-2,5-DIONE (DB07458)","0.8810","http://www.drugbank.ca/drugs/DB07458"
"99","5-{[1-(2,3-dichlorobenzyl)piperidin-4-yl]methoxy}quinazoline-2,4-diamine (DB07643)","0.8810","http://www.drugbank.ca/drugs/DB07643"
"100","3-(5-{[4-(AMINOMETHYL)PIPERIDIN-1-YL]METHYL}-1H-INDOL-2-YL)QUINOLIN-2(1H)-ONE (DB07025)","0.8806","http://www.drugbank.ca/drugs/DB07025"
"101","Domperidone (DB01184)","0.8801","http://www.drugbank.ca/drugs/DB01184"
"102","Azimilide (DB04957)","0.8797","http://www.drugbank.ca/drugs/DB04957"
"103","Rbt205 Inhibitor (DB03777)","0.8796","http://www.drugbank.ca/drugs/DB03777"
"104","1-(DIMETHYLAMINO)-3-(4-{{4-(2-METHYLIMIDAZO[1,2-A]PYRIDIN-3-YL)PYRIMIDIN-2-YL]AMINO}PHENOXY)PROPAN-2-OL (DB07889)","0.8795","http://www.drugbank.ca/drugs/DB07889"
"105","Thiothixene (DB01623)","0.8794","http://www.drugbank.ca/drugs/DB01623"
"106","N-{(1s)-4-[Bis(2-Chloroethyl)Amino]-1-Methylbutyl}-N-(6-Chloro-2-Methoxy-9-Acridinyl)Amine (DB02240)","0.8787","http://www.drugbank.ca/drugs/DB02240"
"107","Dasatinib (DB01254)","0.8787","http://www.drugbank.ca/drugs/DB01254"
"108","Zuclopenthixol acetate (DB08919)","0.8772","http://www.drugbank.ca/drugs/DB08919"
"109","(S)-2-((S)-3-ISOBUTYL-2,5-DIOXO-4-QUINOLIN-3-YLMETHYL-[1,4]DIAZEPAN-1YL)-N-METHYL-3-NAPHTALEN-2-YL-PROPIONAMIDE (DB04724)","0.8759","http://www.drugbank.ca/drugs/DB04724"
"110","1-[[(1E)-2-(4-CHLOROPHENYL)ETHENYL]SULFONYL]-4-[[1-(4-PYRIDINYL)-4-PIPERIDINYL]METHYL]PIPERAZINE (DB08746)","0.8754","http://www.drugbank.ca/drugs/DB08746"
"111","2-(4-(2-((3-(5-(PYRIDIN-2-YLTHIO)THIAZOL-2-YL)UREIDO)METHYL)-1H-IMIDAZOL-4-YL)PHENOXY)ACETIC ACID (DB08657)","0.8746","http://www.drugbank.ca/drugs/DB08657"
"112","ZK-806711 (DB03373)","0.8735","http://www.drugbank.ca/drugs/DB03373"
"113","1-(3-chlorophenyl)-3-{5-[2-(thieno[3,2-d]pyrimidin-4-ylamino)ethyl]-1,3-thiazol-2-yl}urea (DB07361)","0.8730","http://www.drugbank.ca/drugs/DB07361"
"114","Zuclopenthixol (DB01624)","0.8727","http://www.drugbank.ca/drugs/DB01624"
"115","Pipotiazine (DB01621)","0.8719","http://www.drugbank.ca/drugs/DB01621"
"116","Vandetanib (DB05294)","0.8717","http://www.drugbank.ca/drugs/DB05294"
"117","Allyl-{6-[3-(4-Bromo-Phenyl)-1-Methyl-1h-Indazol-6-Yl]Oxy}Hexyl)-N-Methylamine (DB03888)","0.8716","http://www.drugbank.ca/drugs/DB03888"
"118","S-{3-[(4-ANILINOQUINAZOLIN-6-YL)AMINO]-3-OXOPROPYL}-L-CYSTEINE (DB07602)","0.8712","http://www.drugbank.ca/drugs/DB07602"
"119","Avanafil (DB06237)","0.8711","http://www.drugbank.ca/drugs/DB06237"
"120","6-ETHYL-5-[(2S)-1-(3-METHOXYPROPYL)-2-PHENYL-1,2,3,4-TETRAHYDROQUINOLIN-7-YL]PYRIMIDINE-2,4-DIAMINE (DB08099)","0.8710","http://www.drugbank.ca/drugs/DB08099"
"121","Pazopanib (DB06589)","0.8709","http://www.drugbank.ca/drugs/DB06589"
"122","FR236913 (DB02830)","0.8707","http://www.drugbank.ca/drugs/DB02830"
"123","2-({5-CHLORO-2-[(2-METHOXY-4-MORPHOLIN-4-YLPHENYL)AMINO]PYRIMIDIN-4-YL}AMINO)-N-METHYLBENZAMIDE (DB07460)","0.8705","http://www.drugbank.ca/drugs/DB07460"
"124","N-Alpha-(2-Naphthylsulfonyl)-N(3-Amidino-L-Phenylalaninyl)-4-Acetyl-Piperazine (DB04125)","0.8702","http://www.drugbank.ca/drugs/DB04125"
"125","Udenafil (DB06267)","0.8693","http://www.drugbank.ca/drugs/DB06267"
"126","8-ethyl-3,10,10-trimethyl-4,5,6,8,10,12-hexahydropyrazolo[4',3':6,7]cyclohepta[1,2-b]pyrrolo[2,3-f]indol-9(1H)-one (DB07266)","0.8690","http://www.drugbank.ca/drugs/DB07266"
"127","5,6-DIPHENYL-N-(2-PIPERAZIN-1-YLETHYL)FURO[2,3-D]PYRIMIDIN-4-AMINE (DB07297)","0.8677","http://www.drugbank.ca/drugs/DB07297"
"128","3-[(1R)-1-(2,6-dichloro-3-fluorophenyl)ethoxy]-5-(1-piperidin-4-yl-1H-pyrazol-4-yl)pyridin-2-amine (DB08700)","0.8676","http://www.drugbank.ca/drugs/DB08700"
"129","Bifeprunox (DB04888)","0.8673","http://www.drugbank.ca/drugs/DB04888"
"130","Furo[2,3d]Pyrimidine Antifolate (DB02026)","0.8672","http://www.drugbank.ca/drugs/DB02026"
"131","(2S)-6-(2,4-DIAMINO-6-ETHYLPYRIMIDIN-5-YL)-2-(3,5-DIFLUOROPHENYL)-4-(3-METHOXYPROPYL)-2H-1,4-BENZOXAZIN-3(4H)-ONE (DB07113)","0.8668","http://www.drugbank.ca/drugs/DB07113"
"132","6-(2,4-DIAMINO-6-ETHYLPYRIMIDIN-5-YL)-4-(3-METHOXYPROPYL)-2,2-DIMETHYL-2H-1,4-BENZOXAZIN-3(4H)-ONE (DB07174)","0.8667","http://www.drugbank.ca/drugs/DB07174"
"133","(2S)-1-{4-[(4-ANILINO-5-BROMOPYRIMIDIN-2-YL)AMINO]PHENOXY}-3-(DIMETHYLAMINO)PROPAN-2-OL (DB07501)","0.8665","http://www.drugbank.ca/drugs/DB07501"
"134","(2R)-1-{4-[(4-ANILINO-5-BROMOPYRIMIDIN-2-YL)AMINO]PHENOXY}-3-(DIMETHYLAMINO)PROPAN-2-OL (DB07504)","0.8665","http://www.drugbank.ca/drugs/DB07504"
"135","(2S)-2-[(2,1,3-BENZOTHIADIAZOL-4-YLSULFONYL)AMINO]-2-PHENYL-N-PYRIDIN-4-YLACETAMIDE (DB07568)","0.8663","http://www.drugbank.ca/drugs/DB07568"
"136","Topotecan (DB01030)","0.8655","http://www.drugbank.ca/drugs/DB01030"
"137","2-[2-ETHANESULFONYLAMINO-3-(1H-INDOL-3-YL)-PROPIONYLAMINO]-PENTANEDIOIC ACID 5-AMIDE 1-(4-CARBAMIM IDOYL-BENZYLAMIDE) (DB04758)","0.8655","http://www.drugbank.ca/drugs/DB04758"
"138","N-(2-METHOXYETHYL)-4-({4-[2-METHYL-1-(1-METHYLETHYL)-1H-IMIDAZOL-5-YL]PYRIMIDIN-2-YL}AMINO)BENZENESULFONAMIDE (DB07790)","0.8633","http://www.drugbank.ca/drugs/DB07790"
"139","OPC-51803 (DB05838)","0.8630","http://www.drugbank.ca/drugs/DB05838"
"140","Eletriptan (DB00216)","0.8627","http://www.drugbank.ca/drugs/DB00216"
"141","4-BROMO-2-FLUORO-N-[(4E)-6-METHOXY-7-[(1-METHYLPIPERIDIN-4-YL)METHOXY]QUINAZOLIN-4(1H)-YLIDENE]ANILINE (DB08764)","0.8626","http://www.drugbank.ca/drugs/DB08764"
"142","Risperidone (DB00734)","0.8626","http://www.drugbank.ca/drugs/DB00734"
"143","5-CHLORO-N-((1R,2S)-2-(4-(2-OXOPYRIDIN-1(2H)-YL)BENZAMIDO) CYCLOPENTYL)THIOPHENE-2-CARBOXAMIDE (DB08174)","0.8608","http://www.drugbank.ca/drugs/DB08174"
"144","Bopindolol (DB08807)","0.8607","http://www.drugbank.ca/drugs/DB08807"
"145","Almitrine (DB01430)","0.8602","http://www.drugbank.ca/drugs/DB01430"
"146","[PHENYLALANINYL-PROLINYL]-[2-(PYRIDIN-4-YLAMINO)-ETHYL]-AMINE (DB08422)","0.8595","http://www.drugbank.ca/drugs/DB08422"
"147","Carphenazine (DB01038)","0.8594","http://www.drugbank.ca/drugs/DB01038"
"148","Trametinib (DB08911)","0.8588","http://www.drugbank.ca/drugs/DB08911"
"149","(2R)-1-[4-({4-[(2,5-DICHLOROPHENYL)AMINO]PYRIMIDIN-2-YL}AMINO)PHENOXY]-3-(DIMETHYLAMINO)PROPAN-2-OL (DB07750)","0.8587","http://www.drugbank.ca/drugs/DB07750"
"150","(2S)-1-[4-({4-[(2,5-DICHLOROPHENYL)AMINO]PYRIMIDIN-2-YL}AMINO)PHENOXY]-3-(DIMETHYLAMINO)PROPAN-2-OL (DB07755)","0.8587","http://www.drugbank.ca/drugs/DB07755"
"151","(3S)-1-(1,3-BENZODIOXOL-5-YLMETHYL)-3-[4-(1H-IMIDAZOL-1-YL)PHENOXY]PIPERIDINE (DB07011)","0.8585","http://www.drugbank.ca/drugs/DB07011"
"152","2-fluoro-6-{[2-({2-methoxy-4-[(methylsulfonyl)methyl]phenyl}amino)-7H-pyrrolo[2,3-d]pyrimidin-4-yl]amino}benzamide (DB07845)","0.8583","http://www.drugbank.ca/drugs/DB07845"
"153","4-(2-{[4-{[3-(4-Chlorophenyl)Propyl]Sulfanyl}-6-(1-Piperazinyl)-1,3,5-Triazin-2-Yl]Amino}Ethyl)Phenol (DB04020)","0.8581","http://www.drugbank.ca/drugs/DB04020"
"154","{4-[3-(6,7-Diethoxy-Quinazolin-4-Ylamino)-Phenyl]-Thiazol-2-Yl}-Methanol (DB02848)","0.8575","http://www.drugbank.ca/drugs/DB02848"
"155","(20S)-19,20,21,22-TETRAHYDRO-19-OXO-5H-18,20-ETHANO-12,14-ETHENO-6,10-METHENO-18H-BENZ[D]IMIDAZO[4,3-K][1,6,9,12]OXATRIAZA-CYCLOOCTADECOSINE-9-CARBONITRILE (DB08674)","0.8574","http://www.drugbank.ca/drugs/DB08674"
"156","(3R,4S)-1-{6-[3-(METHYLSULFONYL)PHENYL]PYRIMIDIN-4-YL}-4-(2,4,5-TRIFLUOROPHENYL)PYRROLIDIN-3-AMINE (DB07666)","0.8573","http://www.drugbank.ca/drugs/DB07666"
"157","1-((1R)-1-(HYDROXYMETHYL)-3-{6-[(3-PHENYLPROPANOYL)AMINO]-1H-INDOL-1-YL}PROPYL)-1H-IMIDAZOLE-4-CARBOXAMIDE (DB07783)","0.8572","http://www.drugbank.ca/drugs/DB07783"
"158","Diltiazem (DB00343)","0.8563","http://www.drugbank.ca/drugs/DB00343"
"159","ERA-923 (DB05414)","0.8560","http://www.drugbank.ca/drugs/DB05414"
"160","Morpholine-4-Carboxylic Acid [1-(2-Benzylsulfanyl-1-Formyl-Ethylcarbamoyl)-2-Phenyl-Ethyl]-Amide (DB03984)","0.8551","http://www.drugbank.ca/drugs/DB03984"
"161","(4R,2S)-5'-(4-(4-CHLOROBENZYLOXY)PYRROLIDIN-2-YLMETHANESULFONYL)ISOQUINOLINE (DB07583)","0.8541","http://www.drugbank.ca/drugs/DB07583"
"162","N-[2-(2,4-diaminopyrido[2,3-d]pyrimidin-7-yl)-2-methylpropyl]-4-phenoxybenzamide (DB07041)","0.8536","http://www.drugbank.ca/drugs/DB07041"
"163","(3R,4R)-1-{6-[3-(METHYLSULFONYL)PHENYL]PYRIMIDIN-4-YL}-4-(2,4,5-TRIFLUOROPHENYL)PIPERIDIN-3-AMINE (DB08164)","0.8533","http://www.drugbank.ca/drugs/DB08164"
"164","3-[1-(3-AMINOPROPYL)-1H-INDOL-3-YL]-4-(1H-INDOL-3-YL)-1H-PYRROLE-2,5-DIONE (DB07457)","0.8531","http://www.drugbank.ca/drugs/DB07457"
"165","(2S)-1-[4-({6-[(2,6-DIFLUOROPHENYL)AMINO]PYRIMIDIN-4-YL}AMINO)PHENOXY]-3-(DIMETHYLAMINO)PROPAN-2-OL (DB07751)","0.8530","http://www.drugbank.ca/drugs/DB07751"
"166","(2R)-1-[4-({6-[(2,6-DIFLUOROPHENYL)AMINO]PYRIMIDIN-4-YL}AMINO)PHENOXY]-3-(DIMETHYLAMINO)PROPAN-2-OL (DB07761)","0.8530","http://www.drugbank.ca/drugs/DB07761"
"167","Lintitript (DB04867)","0.8530","http://www.drugbank.ca/drugs/DB04867"
"168","Azelastine (DB00972)","0.8524","http://www.drugbank.ca/drugs/DB00972"
"169","Piboserod (DB04873)","0.8523","http://www.drugbank.ca/drugs/DB04873"
"170","2-(6-CHLORO-3-{[2,2-DIFLUORO-2-(1-OXIDO-2-PYRIDINYL)ETHYL]AMINO}-2-OXO-1(2H)-PYRAZINYL)-N-[(2-FLUOROPHENYL)METHYL]ACETAMIDE (DB07550)","0.8522","http://www.drugbank.ca/drugs/DB07550"
"171","[5-AMINO-1-(4-FLUOROPHENYL)-1H-PYRAZOL-4-YL][3-(PIPERIDIN-4-YLOXY)PHENYL]METHANONE (DB08423)","0.8520","http://www.drugbank.ca/drugs/DB08423"
"172","7-Hydroxystaurosporine (DB01933)","0.8515","http://www.drugbank.ca/drugs/DB01933"
"173","2-Phenyl-1-[4-(2-Piperidin-1-Yl-Ethoxy)-Phenyl]-1,2,3,4-Tetrahydro-Isoquinolin-6-Ol (DB04471)","0.8513","http://www.drugbank.ca/drugs/DB04471"
"174","(1S)-2-(1H-INDOL-3-YL)-1-[({5-[(E)-2-PYRIDIN-4-YLVINYL]PYRIDIN-3-YL}OXY)METHYL]ETHYLAMINE (DB07107)","0.8510","http://www.drugbank.ca/drugs/DB07107"
"175","4-[[2-[[4-chloro-3-(trifluoromethyl)phenyl]amino]-3H-benzimidazol-5-yl]oxy]-N-methyl-pyridine-2-carboxamide (DB06938)","0.8508","http://www.drugbank.ca/drugs/DB06938"
"176","2-(3-CHLORO-6-{[2,2-DIFLUORO-2-(1-OXIDOPYRIDIN-2-YL)ETHYL]AMINO}-1-OXIDOPYRIDIN-2-YL)-N-[1-(3-CHLOROPHENYL)ETHYL]ACETAMIDE (DB04722)","0.8506","http://www.drugbank.ca/drugs/DB04722"
"177","3-[1-(3-Aminopropyl)-1h-Indol-3-Yl]-4-(1-Methyl-1h-Indol-3-Yl)-1h-Pyrrole-2,5-Dione (DB01946)","0.8502","http://www.drugbank.ca/drugs/DB01946"
"178","ISOQUINOLINE-5-SULFONIC ACID (2-(2-(4-CHLOROBENZYLOXY)ETHYLAMINO)ETHYL)AMIDE (DB07947)","0.8501","http://www.drugbank.ca/drugs/DB07947"
"179","Dimenhydrinate (DB00985)","0.8501","http://www.drugbank.ca/drugs/DB00985"
"180","3-(2-CHLOROPHENYL)-1-(2-{[(1S)-2-HYDROXY-1,2-DIMETHYLPROPYL]AMINO}PYRIMIDIN-4-YL)-1-(4-METHOXYPHENYL)UREA (DB08095)","0.8500","http://www.drugbank.ca/drugs/DB08095"
"181","N6-METHYL-(R)-ROSCOVITINE, R-2-[6-(BENZYL-METHYL-AMINO)-9-ISOPROPYL-9H-PURIN-2-YLAMINO]-BUTAN-1-OL (DB04776)","0.8500","http://www.drugbank.ca/drugs/DB04776"
"182","2-butoxy-9-(2,6-difluorobenzyl)-N-(2-morpholin-4-ylethyl)-9H-purin-6-amine (DB07937)","0.8499","http://www.drugbank.ca/drugs/DB07937"
"183","3-(1h-Indol-3-Yl)-2-[4-(4-Phenyl-Piperidin-1-Yl)-Benzenesulfonylamino]-Propionic Acid (DB02449)","0.8496","http://www.drugbank.ca/drugs/DB02449"
"184","Rimonabant (DB06155)","0.8494","http://www.drugbank.ca/drugs/DB06155"
"185","MACITENTAN (DB08932)","0.8493","http://www.drugbank.ca/drugs/DB08932"
"186","1-{7-cyclohexyl-6-[4-(4-methylpiperazin-1-yl)benzyl]-7H-pyrrolo[2,3-d]pyrimidin-2-yl}methanamine (DB07563)","0.8493","http://www.drugbank.ca/drugs/DB07563"
"187","N-(5-chloro-1,3-benzodioxol-4-yl)-6-methoxy-7-(3-piperidin-1-ylpropoxy)quinazolin-4-amine (DB07249)","0.8491","http://www.drugbank.ca/drugs/DB07249"
"188","Pagoclone (DB04903)","0.8490","http://www.drugbank.ca/drugs/DB04903"
"189","2-[1-(4-CHLOROBENZOYL)-5-METHOXY-2-METHYL-1H-INDOL-3-YL]-N-[(1R)-1-(HYDROXYMETHYL)PROPYL]ACETAMIDE (DB07981)","0.8487","http://www.drugbank.ca/drugs/DB07981"
"190","2-[1-(4-CHLOROBENZOYL)-5-METHOXY-2-METHYL-1H-INDOL-3-YL]-N-[(1S)-1-(HYDROXYMETHYL)PROPYL]ACETAMIDE (DB07984)","0.8487","http://www.drugbank.ca/drugs/DB07984"
"191","3-(5-Amino-7-Hydroxy-[1,2,3]Triazolo[4,5-D]Pyrimidin-2-Yl)-N-[2-(2-(Hydroxymethyl-Phenylsulfanyl)-Benzyl]-Benzamide (DB03231)","0.8484","http://www.drugbank.ca/drugs/DB03231"
"192","N-(6-{[3-(4-Bromophenyl)-1,2-Benzisothiazol-6-Yl]Oxy}Hexyl)-N-Methylprop-2-En-1-Amine (DB02544)","0.8484","http://www.drugbank.ca/drugs/DB02544"
"193","5-(5-chloro-2,4-dihydroxyphenyl)-N-ethyl-4-[4-(morpholin-4-ylmethyl)phenyl]isoxazole-3-carboxamide (DB06961)","0.8480","http://www.drugbank.ca/drugs/DB06961"
"194","(2R)-N-HYDROXY-2-[(3S)-3-METHYL-3-{4-[(2-METHYLQUINOLIN-4-YL)METHOXY]PHENYL}-2-OXOPYRROLIDIN-1-YL]PROPANAMIDE (DB07145)","0.8477","http://www.drugbank.ca/drugs/DB07145"
"195","Glisoxepide (DB01289)","0.8476","http://www.drugbank.ca/drugs/DB01289"
"196","1-{5-[2-(thieno[3,2-d]pyrimidin-4-ylamino)ethyl]-1,3-thiazol-2-yl}-3-[3-(trifluoromethyl)phenyl]urea (DB07360)","0.8472","http://www.drugbank.ca/drugs/DB07360"
"197","3-[3-(2,3-Dihydroxy-Propylamino)-Phenyl]-4-(5-Fluoro-1-Methyl-1h-Indol-3-Yl)-Pyrrole-2,5-Dione (DB01772)","0.8471","http://www.drugbank.ca/drugs/DB01772"
"198","2,4-Diamino-6-[N-(3',4',5'-Trimethoxybenzyl)-N-Methylamino]Pyrido[2,3-D]Pyrimidine (DB02919)","0.8459","http://www.drugbank.ca/drugs/DB02919"
"199","Valsartan (DB00177)","0.8457","http://www.drugbank.ca/drugs/DB00177"
"200","N-(5-{[(2S)-4-amino-2-(3-chlorophenyl)butanoyl]amino}-1H-indazol-3-yl)benzamide (DB07608)","0.8447","http://www.drugbank.ca/drugs/DB07608"
"201","[4-({4-[(5-cyclopropyl-1H-pyrazol-3-yl)amino]quinazolin-2-yl}amino)phenyl]acetonitrile (DB07966)","0.8446","http://www.drugbank.ca/drugs/DB07966"
"202","2-(2-{2-[(BIPHENYL-4-YLMETHYL)-AMINO]-3-MERCAPTO-PENTANOYLAMINO}-ACETYLAMINO)-3-METHYL-BUTYRIC ACID METHYL ESTER (DB08643)","0.8443","http://www.drugbank.ca/drugs/DB08643"
"203","N'-(5-CHLORO-1,3-BENZODIOXOL-4-YL)-N-(3-MORPHOLIN-4-YLPHENYL)PYRIMIDINE-2,4-DIAMINE (DB07255)","0.8442","http://www.drugbank.ca/drugs/DB07255"
"204","N~4~-methyl-N~4~-(3-methyl-1H-indazol-6-yl)-N~2~-(3,4,5-trimethoxyphenyl)pyrimidine-2,4-diamine (DB08042)","0.8440","http://www.drugbank.ca/drugs/DB08042"
"205","Mirabegron  (DB08893)","0.8439","http://www.drugbank.ca/drugs/DB08893"
"206","Cyclopropyl-{4-[5-(3,4-Dichlorophenyl)-2-[(1-Methyl)-Piperidin]-4-Yl-3-Propyl-3h-Imidazol-4-Yl]-Pyrimidin-2-Yl}Amine (DB03084)","0.8437","http://www.drugbank.ca/drugs/DB03084"
"207","N-(tert-butyl)-4-[5-(pyridin-2-ylamino)quinolin-3-yl]benzenesulfonamide (DB06933)","0.8434","http://www.drugbank.ca/drugs/DB06933"
"208","2,4-Diamino-5-Methyl-6-[(3,4,5-Trimethoxy-N-Methylanilino)Methyl]Pyrido[2,3-D]Pyrimidine (DB02104)","0.8434","http://www.drugbank.ca/drugs/DB02104"
"209","N-ethyl-4-{[5-(methoxycarbamoyl)-2-methylphenyl]amino}-5-methylpyrrolo[2,1-f][1,2,4]triazine-6-carboxamide (DB06940)","0.8429","http://www.drugbank.ca/drugs/DB06940"
"210","(2R)-1-(DIMETHYLAMINO)-3-{4-[(6-{[2-FLUORO-5-(TRIFLUOROMETHYL)PHENYL]AMINO}PYRIMIDIN-4-YL)AMINO]PHENOXY}PROPAN-2-OL (DB07054)","0.8428","http://www.drugbank.ca/drugs/DB07054"
"211","(3r)-4-(P-Toluenesulfonyl)-1,4-Thiazane-3-Carboxylicacid-L-Phenylalanine Ethyl Ester (DB01712)","0.8426","http://www.drugbank.ca/drugs/DB01712"
"212","2-(4-fluorophenyl)-N-{[3-fluoro-4-(1H-pyrrolo[2,3-b]pyridin-4-yloxy)phenyl]carbamoyl}acetamide (DB06997)","0.8423","http://www.drugbank.ca/drugs/DB06997"
"213","3-(2-AMINO-6-BENZOYLQUINAZOLIN-3(4H)-YL)-N-CYCLOHEXYL-N-METHYLPROPANAMIDE (DB08749)","0.8421","http://www.drugbank.ca/drugs/DB08749"
"214","3-[Isopropyl(4-Methylbenzoyl)Amino]-5-Phenylthiophene-2-Carboxylic Acid (DB03647)","0.8420","http://www.drugbank.ca/drugs/DB03647"
"215","3-CYCLOHEXYL-1-(2-MORPHOLIN-4-YL-2-OXOETHYL)-2-PHENYL-1H-INDOLE-6-CARBOXYLIC ACID (DB07570)","0.8415","http://www.drugbank.ca/drugs/DB07570"
"216","Asimadoline (DB05104)","0.8411","http://www.drugbank.ca/drugs/DB05104"
"217","6,7-DIMETHOXY-4-[(3R)-3-(2-NAPHTHYLOXY)PYRROLIDIN-1-YL]QUINAZOLINE (DB08389)","0.8411","http://www.drugbank.ca/drugs/DB08389"
"218","Methotrexate (DB00563)","0.8410","http://www.drugbank.ca/drugs/DB00563"
"219","6-ETHYL-5-[9-(3-METHOXYPROPYL)-9H-CARBAZOL-2-YL]PYRIMIDINE-2,4-DIAMINE (DB06967)","0.8410","http://www.drugbank.ca/drugs/DB06967"
"220","(1-Methyl-1h-Imidazol-2-Yl)-(3-Methyl-4-{3-[(Pyridin-3-Ylmethyl)-Amino]-Propoxy}-Benzofuran-2-Yl)-Methanone (DB03062)","0.8407","http://www.drugbank.ca/drugs/DB03062"
"221","1-[(3S)-5-PHENYL-3-THIOPHEN-2-YL-3H-1,4-BENZODIAZEPIN-2-YL]AZETIDIN-3-OL (DB08698)","0.8401","http://www.drugbank.ca/drugs/DB08698"
"222","4-{[4-(1-CYCLOPROPYL-2-METHYL-1H-IMIDAZOL-5-YL)PYRIMIDIN-2-YL]AMINO}-N-METHYLBENZENESULFONAMIDE (DB07791)","0.8401","http://www.drugbank.ca/drugs/DB07791"
"223","Pimozide (DB01100)","0.8400","http://www.drugbank.ca/drugs/DB01100"
"224","1-BENZYL-3-(4-METHOXYPHENYLAMINO)-4-PHENYLPYRROLE-2,5-DIONE (DB08063)","0.8399","http://www.drugbank.ca/drugs/DB08063"
"225","2-[(2-methoxyethyl)amino]-4-(4-oxo-1,2,3,4-tetrahydro-9H-carbazol-9-yl)benzamide (DB08557)","0.8398","http://www.drugbank.ca/drugs/DB08557"
"226","1-(5-{2-[(1-methyl-1H-pyrazolo[4,3-d]pyrimidin-7-yl)amino]ethyl}-1,3-thiazol-2-yl)-3-[3-(trifluoromethyl)phenyl]urea (DB07362)","0.8390","http://www.drugbank.ca/drugs/DB07362"
"227","AZD2563 (DB04850)","0.8387","http://www.drugbank.ca/drugs/DB04850"
"228","[2-(5-MERCAPTO-[1,3,4]THIADIAZOL-2-YLCARBAMOYL)-1-PHENYL-ETHYL]-CARBAMIC ACID BENZYL ESTER (DB07987)","0.8379","http://www.drugbank.ca/drugs/DB07987"
"229","N~4~-(3-methyl-1H-indazol-6-yl)-N~2~-(3,4,5-trimethoxyphenyl)pyrimidine-2,4-diamine (DB08519)","0.8378","http://www.drugbank.ca/drugs/DB08519"
"230","METHYL 1-(4-{[(2,4-DIAMINOPTERIDIN-6-YL)METHYL](METHYL)AMINO}BENZOYL)PIPERIDINE-4-CARBOXYLATE (DB07765)","0.8372","http://www.drugbank.ca/drugs/DB07765"
"231","4-[[(1E)-2-(4-CHLOROPHENYL)ETHENYL]SULFONYL]-1-[[1-(4-PYRIDINYL)-4-PIPERIDINYL]METHYL]PIPERAZINONE (DB08745)","0.8370","http://www.drugbank.ca/drugs/DB08745"
"232","Br-Coeleneterazine (DB02006)","0.8366","http://www.drugbank.ca/drugs/DB02006"
"233","I-Coeleneterazine (DB04146)","0.8366","http://www.drugbank.ca/drugs/DB04146"
"234","N,N'-Bis(4-Amino-2-Methylquinolin-6-Yl)Urea (DB04452)","0.8366","http://www.drugbank.ca/drugs/DB04452"
"235","(2S)-3-(1-{[2-(2-CHLOROPHENYL)-5-METHYL-1,3-OXAZOL-4-YL]METHYL}-1H-INDOL-5-YL)-2-ETHOXYPROPANOIC ACID (DB06908)","0.8356","http://www.drugbank.ca/drugs/DB06908"
"236","N-{3-METHYL-5-[2-(PYRIDIN-4-YLAMINO)-ETHOXY]-PHENYL}-BENZENESULFONAMIDE (DB07944)","0.8355","http://www.drugbank.ca/drugs/DB07944"
"237","N-Alpha-(2-Naphthylsulfonyl)-N-(3-Amidino-L-Phenylalaninyl)-D-Pipecolinic Acid (DB04238)","0.8353","http://www.drugbank.ca/drugs/DB04238"
"238","(2R)-1-[(4-tert-butylphenyl)sulfonyl]-2-methyl-4-(4-nitrophenyl)piperazine (DB07049)","0.8352","http://www.drugbank.ca/drugs/DB07049"
"239","4-(5-BENZENESULFONYLAMINO-1-METHYL-1H-BENZOIMIDAZOL-2-YLMETHYL)-BENZAMIDINE (DB07508)","0.8347","http://www.drugbank.ca/drugs/DB07508"
"240","2-{4-[(4-imidazo[1,2-a]pyridin-3-ylpyrimidin-2-yl)amino]piperidin-1-yl}-N-methylacetamide (DB08026)","0.8343","http://www.drugbank.ca/drugs/DB08026"
"241","Carfentanil (DB01535)","0.8340","http://www.drugbank.ca/drugs/DB01535"
"242","[1-(3-Hydroxy-2-Oxo-1-Phenethyl-Propylcarbamoyl)2-Phenyl-Ethyl]-Carbamic Acid Pyridin-4-Ylmethyl Ester (DB02128)","0.8337","http://www.drugbank.ca/drugs/DB02128"
"243","[4-({5-(AMINOCARBONYL)-4-[(3-METHYLPHENYL)AMINO]PYRIMIDIN-2-YL}AMINO)PHENYL]ACETIC ACID (DB08513)","0.8334","http://www.drugbank.ca/drugs/DB08513"
"244","OLOMOUCINE II (DB04662)","0.8328","http://www.drugbank.ca/drugs/DB04662"
"245","WAY-151693 (DB02071)","0.8319","http://www.drugbank.ca/drugs/DB02071"
"246","METHYL 1-(4-{[(2,4-DIAMINOPTERIDIN-6-YL)METHYL]AMINO}BENZOYL)PIPERIDINE-4-CARBOXYLATE (DB07689)","0.8316","http://www.drugbank.ca/drugs/DB07689"
"247","1-(3-HYDROXYPROPYL)-2-[(3-NITROBENZOYL)AMINO]-1H-BENZIMIDAZOL-5-YL PIVALATE (DB08590)","0.8314","http://www.drugbank.ca/drugs/DB08590"
"248","Beta-hydroxy-3-methylfentanyl (DB01570)","0.8314","http://www.drugbank.ca/drugs/DB01570"
"249","N-{2,2-DIFLUORO-2-[(2R)-PIPERIDIN-2-YL]ETHYL}-2-[2-(1H-1,2,4-TRIAZOL-1-YL)BENZYL][1,3]OXAZOLO[4,5-C]PYRIDIN-4-AMINE (DB04591)","0.8311","http://www.drugbank.ca/drugs/DB04591"
"250","1-((1R,2S)-1-{2-[2-(4-CHLOROPHENYL)-1,3-BENZOXAZOL-7-YL]ETHYL}-2-HYDROXYPROPYL)-1H-IMIDAZOLE-4-CARBOXAMIDE (DB07786)","0.8307","http://www.drugbank.ca/drugs/DB07786"
"251","1-(2-Fluorobenzyl)-3-Butyl-8-(N-Acetyl-4-Aminobenzyl)-Xanthine (DB02008)","0.8302","http://www.drugbank.ca/drugs/DB02008"
"252","D-phenylalanyl-N-(3-methylbenzyl)-L-prolinamide (DB07133)","0.8299","http://www.drugbank.ca/drugs/DB07133"
"253","N-(4-carbamimidoylbenzyl)-1-(3-phenylpropanoyl)-L-prolinamide (DB06942)","0.8295","http://www.drugbank.ca/drugs/DB06942"
"254","Erlotinib (DB00530)","0.8295","http://www.drugbank.ca/drugs/DB00530"
"255","2'-deoxy-N-(naphthalen-1-ylmethyl)guanosine 5'-(dihydrogen phosphate) (DB08237)","0.8291","http://www.drugbank.ca/drugs/DB08237"
"256","Propantheline (DB00782)","0.8290","http://www.drugbank.ca/drugs/DB00782"
"257","D-phenylalanyl-N-{4-[amino(iminio)methyl]benzyl}-L-prolinamide (DB07005)","0.8289","http://www.drugbank.ca/drugs/DB07005"
"258","Dabrafenib (DB08912)","0.8289","http://www.drugbank.ca/drugs/DB08912"
"259","PYRIMIDINE-4,6-DICARBOXYLIC ACID BIS-(3-METHYL-BENZYLAMIDE) (DB04759)","0.8286","http://www.drugbank.ca/drugs/DB04759"
"260","Aminopterin (DB08878)","0.8282","http://www.drugbank.ca/drugs/DB08878"
"261","4-(2-aminoethoxy)-N-(3-chloro-5-piperidin-1-ylphenyl)-3,5-dimethylbenzamide (DB08697)","0.8279","http://www.drugbank.ca/drugs/DB08697"
"262","4-(2-HYDROXYBENZYLAMINO)-N-(3-(4-FLUOROPHENOXY)PHENYL)PIPERIDINE-1-SULFONAMIDE (DB04632)","0.8277","http://www.drugbank.ca/drugs/DB04632"
"263","Folic Acid (DB00158)","0.8273","http://www.drugbank.ca/drugs/DB00158"
"264","RB106 (DB02669)","0.8269","http://www.drugbank.ca/drugs/DB02669"
"265","3-{6-[(8-HYDROXY-QUINOLINE-2-CARBONYL)-AMINO]-2-THIOPHEN-2-YL-HEXANOYLAMINO}-4-OXO-BUTYRI ACID (DB07916)","0.8268","http://www.drugbank.ca/drugs/DB07916"
"266","6-[(Z)-Amino(Imino)Methyl]-N-[4-(Aminomethyl)Phenyl]-4-(Pyrimidin-2-Ylamino)-2-Naphthamide (DB03082)","0.8268","http://www.drugbank.ca/drugs/DB03082"
"267","Sunitinib (DB01268)","0.8261","http://www.drugbank.ca/drugs/DB01268"
"268","5-[(E)-(5-CHLORO-2-OXO-1,2-DIHYDRO-3H-INDOL-3-YLIDENE)METHYL]-N-[2-(DIETHYLAMINO)ETHYL]-2,4-DIMETHYL-1H-PYRROLE-3-CARBOXAMIDE (DB08009)","0.8261","http://www.drugbank.ca/drugs/DB08009"
"269","Trovafloxacin (DB00685)","0.8261","http://www.drugbank.ca/drugs/DB00685"
"270","5-hydroxy-4-(7-methoxy-1,1-dioxido-2H-1,2,4-benzothiadiazin-3-yl)-2-(3-methylbutyl)-6-phenylpyridazin-3(2H)-one (DB06974)","0.8260","http://www.drugbank.ca/drugs/DB06974"
"271","2-{4-[2-(2-AMINO-4-OXO-4,7-DIHYDRO-3H-PYRROLO[2,3-D]PYRIMIDIN-5-YL)-ETHYL]-BENZOYLAMINO}-3-METHYL-BUTYRIC ACID (DB08131)","0.8260","http://www.drugbank.ca/drugs/DB08131"
"272","Trimetrexate (DB01157)","0.8260","http://www.drugbank.ca/drugs/DB01157"
"273","(1E)-5-(1-piperidin-4-yl-3-pyridin-4-yl-1H-pyrazol-4-yl)-2,3-dihydro-1H-inden-1-one oxime (DB08553)","0.8252","http://www.drugbank.ca/drugs/DB08553"
"274","N-Alpha-(2-Naphthylsulfonyl)-N(3-Amidino-L-Phenylalaninyl)Isopipecolinic Acid Methyl Ester (DB01745)","0.8248","http://www.drugbank.ca/drugs/DB01745"
"275","N-Coeleneterazine (DB04118)","0.8247","http://www.drugbank.ca/drugs/DB04118"
"276","1-[1-(3-aminophenyl)-3-tert-butyl-1H-pyrazol-5-yl]-3-naphthalen-1-ylurea (DB06882)","0.8243","http://www.drugbank.ca/drugs/DB06882"
"277","Merimepodib (DB04862)","0.8242","http://www.drugbank.ca/drugs/DB04862"
"278","5-[5,6-BIS(METHYLOXY)-1H-BENZIMIDAZOL-1-YL]-3-{[1-(2-CHLOROPHENYL)ETHYL]OXY}-2-THIOPHENECARBOXAMIDE (DB07471)","0.8242","http://www.drugbank.ca/drugs/DB07471"
"279","3-{3-bromo-4-[(2,4-difluorobenzyl)oxy]-6-methyl-2-oxopyridin-1(2H)-yl}-N,4-dimethylbenzamide (DB07941)","0.8237","http://www.drugbank.ca/drugs/DB07941"
"280","N-({(2S)-1-[(3R)-3-AMINO-4-(2-FLUOROPHENYL)BUTANOYL]PYRROLIDIN-2-YL}METHYL)BENZAMIDE (DB07779)","0.8236","http://www.drugbank.ca/drugs/DB07779"
"281","N-(3-TERT-BUTYL-1H-PYRAZOL-5-YL)-N'-{4-CHLORO-3-[(PYRIDIN-3-YLOXY)METHYL]PHENYL}UREA (DB08064)","0.8231","http://www.drugbank.ca/drugs/DB08064"
"282","(R)-tacrine(10)-hupyridone (DB04614)","0.8225","http://www.drugbank.ca/drugs/DB04614"
"283","(S)-tacrine(10)-hupyridone (DB04615)","0.8225","http://www.drugbank.ca/drugs/DB04615"
"284","4-(1-Benzyl-3-Carbamoylmethyl-2-Methyl-1h-Indol-5-Yloxy)-Butyric Acid (DB02936)","0.8222","http://www.drugbank.ca/drugs/DB02936"
"285","[4-R-(4-ALPHA,6-BETA,7-BETA]-HEXAHYDRO-5,6-DI(HYDROXY)-1,3-DI(ALLYL)-4,7-BISPHENYLMETHYL)-2H-1,3-DIAZEPINONE (DB06910)","0.8217","http://www.drugbank.ca/drugs/DB06910"
"286","2-METHYL-2-(4-{[({4-METHYL-2-[4-(TRIFLUOROMETHYL)PHENYL]-1,3-THIAZOL-5-YL}CARBONYL)AMINO]METHYL}PHENOXY)PROPANOIC ACID (DB07215)","0.8210","http://www.drugbank.ca/drugs/DB07215"
"287","Linagliptin  (DB08882)","0.8209","http://www.drugbank.ca/drugs/DB08882"
"288","N-({(2S)-1-[(3R)-3-amino-4-(3-chlorophenyl)butanoyl]pyrrolidin-2-yl}methyl)-3-(methylsulfonyl)benzamide (DB08429)","0.8205","http://www.drugbank.ca/drugs/DB08429"
"289","Vemurafenib (DB08881)","0.8204","http://www.drugbank.ca/drugs/DB08881"
"290","LY341770 (DB03038)","0.8202","http://www.drugbank.ca/drugs/DB03038"
"291","LE-SN38 (DB05482)","0.8197","http://www.drugbank.ca/drugs/DB05482"
"292","Forasartan (DB01342)","0.8197","http://www.drugbank.ca/drugs/DB01342"
"293","Carvedilol (DB01136)","0.8197","http://www.drugbank.ca/drugs/DB01136"
"294","N-{2'-[(4-FLUOROPHENYL)AMINO]-4,4'-BIPYRIDIN-2-YL}-4-METHOXYCYCLOHEXANECARBOXAMIDE (DB08025)","0.8193","http://www.drugbank.ca/drugs/DB08025"
"295","1-[2-(3-Biphenyl)-4-Methylvaleryl)]Amino-3-(2-Pyridylsulfonyl)Amino-2-Propanone (DB04244)","0.8192","http://www.drugbank.ca/drugs/DB04244"
"296","N-(CYCLOPROPYLMETHYL)-4-(METHYLOXY)-3-({5-[3-(3-PYRIDINYL)PHENYL]-1,3-OXAZOL-2-YL}AMINO)BENZENESULFONAMIDE (DB07333)","0.8187","http://www.drugbank.ca/drugs/DB07333"
"297","PYRIMIDINE-4,6-DICARBOXYLIC ACID BIS-(4-FLUORO-3-METHYL-BENZYLAMIDE) (DB04760)","0.8186","http://www.drugbank.ca/drugs/DB04760"
"298","N-({4-[(2-aminopyridin-4-yl)oxy]-3-fluorophenyl}carbamoyl)-2-(4-fluorophenyl)acetamide (DB06995)","0.8185","http://www.drugbank.ca/drugs/DB06995"
"299","CRA_17693 (DB01741)","0.8173","http://www.drugbank.ca/drugs/DB01741"
"300","N-(2-AMINOETHYL)-N~2~-{(1S)-1-[4'-(AMINOSULFONYL)BIPHENYL-4-YL]-2,2,2-TRIFLUOROETHYL}-L-LEUCINAMIDE (DB08270)","0.8172","http://www.drugbank.ca/drugs/DB08270"
"301","Losartan (DB00678)","0.8168","http://www.drugbank.ca/drugs/DB00678"
"302","Bentiromide (DB00522)","0.8167","http://www.drugbank.ca/drugs/DB00522"
"303","(2R,4S)-2-[(R)-BENZYLCARBAMOYL-PHENYLACETYL-METHYL]-5,5-DIMETHYL-THIAZOLIDINE-4-CARBOXYLIC ACID (DB07806)","0.8165","http://www.drugbank.ca/drugs/DB07806"
"304","(2S)-1-{[5-(1H-INDAZOL-5-YL)PYRIDIN-3-YL]OXY}-3-[(7AS)-7AH-INDOL-3-YL]PROPAN-2-AMINE (DB06977)","0.8164","http://www.drugbank.ca/drugs/DB06977"
"305","[1-(1-Benzyl-3-Hydroxy-2-Oxo-Propylcarbamoyl)-2-Phenyl-Ethyl]-Carbamic Acid Benzyl Ester (DB01871)","0.8159","http://www.drugbank.ca/drugs/DB01871"
"306","TC-5619 (DB06090)","0.8156","http://www.drugbank.ca/drugs/DB06090"
"307","Raloxifene (DB00481)","0.8154","http://www.drugbank.ca/drugs/DB00481"
"308","Flavoxate (DB01148)","0.8151","http://www.drugbank.ca/drugs/DB01148"
"309","(S)-3-(4-(2-Carbazol-9-Yl-Ethoxy)-Phenyl)-2-Ethoxy-Propionic Acid (DB04270)","0.8150","http://www.drugbank.ca/drugs/DB04270"
"310","(10R)-10-Formyl-5,8,10-Trideazafolic Acid (DB04264)","0.8146","http://www.drugbank.ca/drugs/DB04264"
"311","Trimethaphan (DB01116)","0.8140","http://www.drugbank.ca/drugs/DB01116"
"312","Bezitramide (DB01459)","0.8139","http://www.drugbank.ca/drugs/DB01459"
"313","(10S)-10-Formyl-5,8,10-Trideazafolic Acid (DB02540)","0.8132","http://www.drugbank.ca/drugs/DB02540"
"314","2-{[(6-OXO-1,6-DIHYDROPYRIDIN-3-YL)METHYL]AMINO}-N-[4-PROPYL-3-(TRIFLUOROMETHYL)PHENYL]BENZAMIDE (DB07831)","0.8132","http://www.drugbank.ca/drugs/DB07831"
"315","Sorafenib (DB00398)","0.8123","http://www.drugbank.ca/drugs/DB00398"
"316","2-{5-[3-(7-PROPYL-3-TRIFLUOROMETHYLBENZO[D]ISOXAZOL-6-YLOXY)PROPOXY]INDOL-1-YL}ETHANOIC ACID (DB07053)","0.8122","http://www.drugbank.ca/drugs/DB07053"
"317","(2-Sulfanyl-3-Phenylpropanoyl)-Phe-Tyr (DB03949)","0.8117","http://www.drugbank.ca/drugs/DB03949"
"318","Methysergide (DB00247)","0.8115","http://www.drugbank.ca/drugs/DB00247"
"319","Olmesartan (DB00275)","0.8111","http://www.drugbank.ca/drugs/DB00275"
"320","1-{[1-(2-AMINO-3-PHENYL-PROPIONYL)-PYRROLIDINE-2-CARBONYL]-AMINO}-2-(3-CYANO-PHENYL)-ETHANEBORONIC ACID (DB08420)","0.8111","http://www.drugbank.ca/drugs/DB08420"
"321","Nicergoline (DB00699)","0.8110","http://www.drugbank.ca/drugs/DB00699"
"322","N-(P-CYANOPHENYL)-N'-DIPHENYLMETHYL-GUANIDINE-ACETIC ACID (DB07816)","0.8107","http://www.drugbank.ca/drugs/DB07816"
"323","BNP 1350 (DB05806)","0.8105","http://www.drugbank.ca/drugs/DB05806"
"324","(2s)-2-[(2,4-Dichloro-Benzoyl)-(3-Trifluoromethyl-Benzyl)-Amino]-3-Phenyl-Propionic Acid (DB03605)","0.8101","http://www.drugbank.ca/drugs/DB03605"
"325","Amsacrine (DB00276)","0.8100","http://www.drugbank.ca/drugs/DB00276"
"326","4-(BENZHYDRYLOXY)-1-[3-(1H-TETRAAZOL-5-YL)PROPYL]PIPERIDINE (DB07917)","0.8098","http://www.drugbank.ca/drugs/DB07917"
"327","Iloperidone (DB04946)","0.8096","http://www.drugbank.ca/drugs/DB04946"
"328","(20S)-19,20,22,23-TETRAHYDRO-19-OXO-5H,21H-18,20-ETHANO-12,14-ETHENO-6,10-METHENOBENZ[D]IMIDAZO[4,3-L][1,6,9,13]OXATRIAZACYCLONOADECOSINE-9-CARBONITRILE (DB08676)","0.8093","http://www.drugbank.ca/drugs/DB08676"
"329","Tolvaptan (DB06212)","0.8088","http://www.drugbank.ca/drugs/DB06212"
"330","N-[(13-CYCLOHEXYL-6,7-DIHYDROINDOLO[1,2-D][1,4]BENZOXAZEPIN-10-YL)CARBONYL]-2-METHYL-L-ALANINE (DB08031)","0.8086","http://www.drugbank.ca/drugs/DB08031"
"331","Regorafenib (DB08896)","0.8082","http://www.drugbank.ca/drugs/DB08896"
"332","Irbesartan (DB01029)","0.8081","http://www.drugbank.ca/drugs/DB01029"
"333","N-[3-[[4-[(5-CHLORO-1,3-BENZODIOXOL-4-YL)AMINO]PYRIMIDIN-2-YL]AMINO]PHENYL]METHANESULFONAMIDE (DB07254)","0.8080","http://www.drugbank.ca/drugs/DB07254"
"334","4-(6-{[(4-METHYLCYCLOHEXYL)AMINO]METHYL}-1,4-DIHYDROINDENO[1,2-C]PYRAZOL-3-YL)BENZOIC ACID (DB07320)","0.8076","http://www.drugbank.ca/drugs/DB07320"
"335","2-(6-CHLORO-3-{[2,2-DIFLUORO-2-(2-PYRIDINYL)ETHYL]AMINO}-2-OXO-1(2H)-PYRAZINYL)-N-[(2-FLUORO-6-PYRIDINYL)METHYL]ACETAMIDE (DB07548)","0.8075","http://www.drugbank.ca/drugs/DB07548"
"336","5-[1-(3,4-Dimethoxy-Benzoyl)-1,2,3,4-Tetrahydro-Quinolin-6-Yl]-6-Methyl-3,6-Dihydro-[1,3,4]Thiadiazin-2-One (DB03944)","0.8075","http://www.drugbank.ca/drugs/DB03944"
"337","Mitoxantrone (DB01204)","0.8074","http://www.drugbank.ca/drugs/DB01204"
"338","[4-(3-AMINOMETHYL-PHENYL)-PIPERIDIN-1-YL]-(5-PHENETHYL- PYRIDIN-3-YL)-METHANONE (DB04764)","0.8073","http://www.drugbank.ca/drugs/DB04764"
"339","Amiodarone (DB01118)","0.8066","http://www.drugbank.ca/drugs/DB01118"
"340","4-[(7-OXO-7H-THIAZOLO[5,4-E]INDOL-8-YLMETHYL)-AMINO]-N-PYRIDIN-2-YL-BENZENESULFONAMIDE (DB06844)","0.8050","http://www.drugbank.ca/drugs/DB06844"
"341","9-HYDROXY-6-(3-HYDROXYPROPYL)-4-(2-METHOXYPHENYL)PYRROLO[3,4-C]CARBAZOLE-1,3(2H,6H)-DIONE (DB07006)","0.8038","http://www.drugbank.ca/drugs/DB07006"
"342","3-(9-HYDROXY-1,3-DIOXO-4-PHENYL-2,3-DIHYDROPYRROLO[3,4-C]CARBAZOL-6(1H)-YL)PROPANOIC ACID (DB07265)","0.8033","http://www.drugbank.ca/drugs/DB07265"
"343","Aleglitazar (DB08915)","0.8026","http://www.drugbank.ca/drugs/DB08915"
"344","7-amino-2-tert-butyl-4-(4-pyrimidin-2-ylpiperazin-1-yl)pyrido[2,3-d]pyrimidine-6-carboxamide (DB07043)","0.8026","http://www.drugbank.ca/drugs/DB07043"
"345","Compound 4-D (DB03742)","0.8025","http://www.drugbank.ca/drugs/DB03742"
"346","5-[(3R)-3-(5-methoxy-4'-methylbiphenyl-3-yl)but-1-yn-1-yl]-6-methylpyrimidine-2,4-diamine (DB07141)","0.8025","http://www.drugbank.ca/drugs/DB07141"
"347","3-[(4-fluorophenyl)sulfanyl]-N-(4-methyl-1,3-thiazol-2-yl)-6-[(4-methyl-4H-1,2,4-triazol-3-yl)sulfanyl]pyridine-2-carboxamide (DB07359)","0.8023","http://www.drugbank.ca/drugs/DB07359"
"348","1-(2-CYCLOPROPYLETHYL)-3-(1,1-DIOXIDO-2H-1,2,4-BENZOTHIADIAZIN-3-YL)-6-FLUORO-4-HYDROXYQUINOLIN-2(1H)-ONE (DB08278)","0.8021","http://www.drugbank.ca/drugs/DB08278"
"349","Raltegravir (DB06817)","0.8015","http://www.drugbank.ca/drugs/DB06817"
"350","6-[N-(1-Isopropyl-1,2,3,4-Tetrahydro-7-Isoquinolinyl)Carbamyl]-2-Naphthalenecarboxamidine (DB02705)","0.8015","http://www.drugbank.ca/drugs/DB02705"
"351","Fluvastatin (DB01095)","0.8015","http://www.drugbank.ca/drugs/DB01095"
"352","1-(1'-{[3-(methylsulfanyl)-2-benzothiophen-1-yl]carbonyl}spiro[1-benzofuran-3,4'-piperidin]-5-yl)methanamine (DB06848)","0.8013","http://www.drugbank.ca/drugs/DB06848"
"353","2-({8-[(3R)-3-AMINOPIPERIDIN-1-YL]-1,3-DIMETHYL-2,6-DIOXO-1,2,3,6-TETRAHYDRO-7H-PURIN-7-YL}METHYL)BENZONITRILE (DB08743)","0.8012","http://www.drugbank.ca/drugs/DB08743"
"354","N~6~-cyclohexyl-N~2~-(4-morpholin-4-ylphenyl)-9H-purine-2,6-diamine (DB07340)","0.8009","http://www.drugbank.ca/drugs/DB07340"
"355","(4aS)-5-[(2,4-diaminopteridin-6-yl)methyl]-4a,5-dihydro-2H-dibenzo[b,f]azepin-8-ol (DB08448)","0.8007","http://www.drugbank.ca/drugs/DB08448"
"356","5-[(2-methyl-5-{[3-(trifluoromethyl)phenyl]carbamoyl}phenyl)amino]pyridine-3-carboxamide (DB07970)","0.8007","http://www.drugbank.ca/drugs/DB07970"
"357","5-(4-METHYL-BENZOYLAMINO)-BIPHENYL-3,4'-DICARBOXYLIC ACID 3-DIMETHYLAMIDE-4'-HYDROXYAMIDE (DB07586)","0.8003","http://www.drugbank.ca/drugs/DB07586"
"358","N-{3-[(4-{[3-(TRIFLUOROMETHYL)PHENYL]AMINO}PYRIMIDIN-2-YL)AMINO]PHENYL}CYCLOPROPANECARBOXAMIDE (DB07545)","0.8001","http://www.drugbank.ca/drugs/DB07545"
"359","Sufentanil (DB00708)","0.7996","http://www.drugbank.ca/drugs/DB00708"
"360","Ezetimibe (DB00973)","0.7994","http://www.drugbank.ca/drugs/DB00973"
"361","N-[2-(1,3-BENZODIOXOL-5-YL)ETHYL]-1-[2-(1H-IMIDAZOL-1-YL)-6-METHYLPYRIMIDIN-4-YL]-D-PROLINAMIDE (DB06916)","0.7989","http://www.drugbank.ca/drugs/DB06916"
"362","Balanol Analog 2 (DB01940)","0.7986","http://www.drugbank.ca/drugs/DB01940"
"363","N-cyclopropyl-6-[(6,7-dimethoxyquinolin-4-yl)oxy]naphthalene-1-carboxamide (DB07274)","0.7981","http://www.drugbank.ca/drugs/DB07274"
"364","PUROMYCIN (DB08437)","0.7981","http://www.drugbank.ca/drugs/DB08437"
"365","N-butyl-3-{[6-(9H-purin-6-ylamino)hexanoyl]amino}benzamide (DB07801)","0.7974","http://www.drugbank.ca/drugs/DB07801"
"366","6-[N-(4-Ethyl-1,2,3,4-Tetrahydro-6-Isoquinolinyl)Carbamyl]-2-Naphthalenecarboxamidine (DB02551)","0.7973","http://www.drugbank.ca/drugs/DB02551"
"367","Purvalanol (DB02733)","0.7971","http://www.drugbank.ca/drugs/DB02733"
"368","5-[(3R)-3-(5-methoxy-3',5'-dimethylbiphenyl-3-yl)but-1-yn-1-yl]-6-methylpyrimidine-2,4-diamine (DB07142)","0.7965","http://www.drugbank.ca/drugs/DB07142"
"369","2-(6-CHLORO-3-{[2,2-DIFLUORO-2-(2-PYRIDINYL)ETHYL]AMINO}-2-OXO-1(2H)-PYRAZINYL)-N-[(2-FLUORO-3-METHYL-6-PYRIDINYL)METHYL]ACETAMIDE (DB07549)","0.7965","http://www.drugbank.ca/drugs/DB07549"
"370","Rosuvastatin (DB01098)","0.7957","http://www.drugbank.ca/drugs/DB01098"
"371","CF-101 (DB05511)","0.7955","http://www.drugbank.ca/drugs/DB05511"
"372","(2S)-2-({6-[(3-AMINO-5-CHLOROPHENYL)AMINO]-9-ISOPROPYL-9H-PURIN-2-YL}AMINO)-3-METHYLBUTAN-1-OL (DB07379)","0.7954","http://www.drugbank.ca/drugs/DB07379"
"373","[(1-{2[(4-Carbamimidoyl-Phenylamino)-Methyl]-1-Methyl-1h-Benzoimidazol-5-Yl}-Cyclopropyl)-Pyridin-2-Yl-Methyleneaminooxy]-Acetic Acid Ethyl Ester (DB04107)","0.7950","http://www.drugbank.ca/drugs/DB04107"
"374","beta-phenyl-D-phenylalanyl-N-propyl-L-prolinamide (DB07083)","0.7947","http://www.drugbank.ca/drugs/DB07083"
"375","CRA_11092 (DB03555)","0.7945","http://www.drugbank.ca/drugs/DB03555"
"376","Dextromoramide (DB01529)","0.7943","http://www.drugbank.ca/drugs/DB01529"
"377","RPR128515 (DB04424)","0.7938","http://www.drugbank.ca/drugs/DB04424"
"378","5-cyclopropyl-2-(4-fluorophenyl)-6-[(2-hydroxyethyl)(methylsulfonyl)amino]-N-methyl-1-benzofuran-3-carboxamide (DB07238)","0.7936","http://www.drugbank.ca/drugs/DB07238"
"379","Bosentan (DB00559)","0.7936","http://www.drugbank.ca/drugs/DB00559"
"380","Indacaterol (DB05039)","0.7929","http://www.drugbank.ca/drugs/DB05039"
"381","(2S)-2-ETHOXY-3-{4-[2-(10H-PHENOXAZIN-10-YL)ETHOXY]PHENYL}PROPANOIC ACID (DB07675)","0.7925","http://www.drugbank.ca/drugs/DB07675"
"382","5-[(3R)-3-(5-methoxy-2',6'-dimethylbiphenyl-3-yl)but-1-yn-1-yl]-6-methylpyrimidine-2,4-diamine (DB07144)","0.7923","http://www.drugbank.ca/drugs/DB07144"
"383","(2R)-4-(2-BENZOYL-1,2-DIAZEPAN-1-YL)-4-OXO-1-(2,4,5-TRIFLUOROPHENYL)BUTAN-2-AMINE (DB08051)","0.7915","http://www.drugbank.ca/drugs/DB08051"
"384","5-(3,5-DICHLOROPHENYL)THIO-4-ISOPROPYL-1-(PYRIDIN-4-YL-METHYL)-1H-IMIDAZOL-2-YL-METHYL CARBAMATE (DB08502)","0.7913","http://www.drugbank.ca/drugs/DB08502"
"385","GW 501516 (DB05416)","0.7907","http://www.drugbank.ca/drugs/DB05416"
"386","7-[3-(4-FLUORO-PHENYL)-1-ISOPROPYL-1H-INDOL-2-YL]-3,5-DIHYDROXY-HEPTANOIC ACID (DB06846)","0.7906","http://www.drugbank.ca/drugs/DB06846"
"387","1-(2,6-Dichlorophenyl)-5-(2,4-Difluorophenyl)-7-Piperidin-4-Yl-3,4-Dihydroquinolin-2(1h)-One (DB01948)","0.7905","http://www.drugbank.ca/drugs/DB01948"
"388","3-(7-DIAMINOMETHYL-NAPHTHALEN-2-YL)-PROPIONIC ACID ETHYL ESTER (DB07639)","0.7904","http://www.drugbank.ca/drugs/DB07639"
"389","1-(5-OXO-2,3,5,9B-TETRAHYDRO-1H-PYRROLO[2,1-A]ISOINDOL-9-YL)-3-(5-PYRROLIDIN-2-YL-1H-PYRAZOL-3-YL)-UREA (DB06976)","0.7901","http://www.drugbank.ca/drugs/DB06976"
"390","N-[amino(imino)methyl]-2-[2-(2-chlorophenyl)-4-(4-propoxyphenyl)-3-thienyl]acetamide (DB07089)","0.7895","http://www.drugbank.ca/drugs/DB07089"
"391","4-[5-(Trans-4-Aminocyclohexylamino)-3-Isopropylpyrazolo[1,5-a]Pyrimidin-7-Ylamino]-N,N-Dimethylbenzenesulfonamide (DB01888)","0.7895","http://www.drugbank.ca/drugs/DB01888"
"392","8-(6-BROMO-BENZO[1,3]DIOXOL-5-YLSULFANYL)-9-(3-ISOPROPYLAMINO-PROPYL)-ADENINE (DB07877)","0.7887","http://www.drugbank.ca/drugs/DB07877"
"393","Lefradafiban (DB04863)","0.7887","http://www.drugbank.ca/drugs/DB04863"
"394","Sulfinpyrazone (DB01138)","0.7880","http://www.drugbank.ca/drugs/DB01138"
"395","(5S)-5-(2-amino-2-oxoethyl)-4-oxo-N-[(3-oxo-3,4-dihydro-2H-1,4-benzoxazin-6-yl)methyl]-3,4,5,6,7,8-hexahydro[1]benzothieno[2,3-d]pyrimidine-2-carboxamide (DB07397)","0.7876","http://www.drugbank.ca/drugs/DB07397"
"396","2-Hydroxy-5-({1-[(2-Naphthyloxy)Methyl]-3-Oxoprop-1-Enyl}Amino)Tyrosine (DB02511)","0.7866","http://www.drugbank.ca/drugs/DB02511"
"397","6-FLUORO-2-[2-HYDROXY-3-(2-METHYL-CYCLOHEXYLOXY)-PHENYL]-1H-INDOLE-5-CARBOXAMIDINE (DB06856)","0.7860","http://www.drugbank.ca/drugs/DB06856"
"398","1S,3AS,8AS-TRIMETHYL-1-OXIDO-1,2,3,3A,8,8A-HEXAHYDROPYRROLO[2,3-B]INDOL-5-YL 2-ETHYLPHENYLCARBAMATE (DB07846)","0.7850","http://www.drugbank.ca/drugs/DB07846"
"399","(METHYLPYRIDAZINE PIPERIDINE ETHYLOXYPHENYL)ETHYLACETATE (DB08012)","0.7847","http://www.drugbank.ca/drugs/DB08012"
"400","({3-[1-(4-HYDROXY-2-OXO-2H-CHROMEN-3-YL)-PROPYL]-PHENYLCARBAMOYL}-METHYL)-CARBAMIC ACID TERT-BUTYL ESTER (DB08664)","0.7844","http://www.drugbank.ca/drugs/DB08664"
"401","Loratadine (DB00455)","0.7837","http://www.drugbank.ca/drugs/DB00455"
"402","(1-Tert-Butyl-5-Hydroxy-1h-Pyrazol-4-Yl)-(6-Methanesulfonyl-4'-Methoxy-2-Methyl-Biphenyl-3-Yl)-Methanone (DB02850)","0.7833","http://www.drugbank.ca/drugs/DB02850"
"403","6-[(Z)-AMINO(IMINO)METHYL]-N-[3-(CYCLOPENTYLOXY)PHENYL]-2-NAPHTHAMIDE (DB07076)","0.7831","http://www.drugbank.ca/drugs/DB07076"
"404","Bitolterol (DB00901)","0.7829","http://www.drugbank.ca/drugs/DB00901"
"405","6-BENZYL-1-BENZYLOXYMETHYL-5-ISOPROPYL URACIL (DB08634)","0.7827","http://www.drugbank.ca/drugs/DB08634"
"406","Compound 19 (DB02615)","0.7817","http://www.drugbank.ca/drugs/DB02615"
"407","Compound 18 (DB02715)","0.7817","http://www.drugbank.ca/drugs/DB02715"
"408","N-({(3R,4R)-4-[(benzyloxy)methyl]pyrrolidin-3-yl}methyl)-N-(2-methylpropyl)benzenesulfonamide (DB07505)","0.7814","http://www.drugbank.ca/drugs/DB07505"
"409","FAMOXADONE (DB07778)","0.7797","http://www.drugbank.ca/drugs/DB07778"
"410","6-({5-fluoro-2-[(3,4,5-trimethoxyphenyl)amino]pyrimidin-4-yl}amino)-2,2-dimethyl-2H-pyrido[3,2-b][1,4]oxazin-3(4H)-one (DB07159)","0.7797","http://www.drugbank.ca/drugs/DB07159"
"411","2-(4-(AMINOMETHYL)PIPERIDIN-1-YL)-N-(3_CYCLOHEXYL-4-OXO-2,4-DIHYDROINDENO[1,2-C]PYRAZOL-5-YL)ACETAMIDE (DB07618)","0.7792","http://www.drugbank.ca/drugs/DB07618"
"412","Cyclohexyl-{4-[5-(3,4-Dichlorophenyl)-2-Piperidin-4-Yl-3-Propyl-3h-Imidazol-4-Yl]-Pyrimidin-2-Yl}Amine (DB02388)","0.7784","http://www.drugbank.ca/drugs/DB02388"
"413","6-[N-(1-Isopropyl-3,4-Dihydro-7-Isoquinolinyl)Carbamyl]-2-Naphthalenecarboxamidine (DB02473)","0.7781","http://www.drugbank.ca/drugs/DB02473"
"414","Clidinium (DB00771)","0.7775","http://www.drugbank.ca/drugs/DB00771"
"415","Benzethidine (DB01518)","0.7762","http://www.drugbank.ca/drugs/DB01518"
"416","Eltrombopag (DB06210)","0.7761","http://www.drugbank.ca/drugs/DB06210"
"417","Licofelone (DB04725)","0.7752","http://www.drugbank.ca/drugs/DB04725"
"418","N~2~-1,3-BENZOXAZOL-2-YL-3-CYCLOHEXYL-N-{2-[(4-METHOXYPHENYL)AMINO]ETHYL}-L-ALANINAMIDE (DB07839)","0.7752","http://www.drugbank.ca/drugs/DB07839"
"419","[3,5-Dibromo-4-(4-Hydroxy-3-Phenethylcarbamoyl-Phenoxy)-Phenyl]-Acetic Acid (DB02106)","0.7744","http://www.drugbank.ca/drugs/DB02106"
"420","Eszopiclone (DB00402)","0.7735","http://www.drugbank.ca/drugs/DB00402"
"421","Zopiclone (DB01198)","0.7735","http://www.drugbank.ca/drugs/DB01198"
"422","1-Allyl-3-Butyl-8-(N-Acetyl-4-Aminobenzyl)-Xanthine (DB03267)","0.7735","http://www.drugbank.ca/drugs/DB03267"
"423","ZK-805623 (DB04432)","0.7726","http://www.drugbank.ca/drugs/DB04432"
"424","Saprisartan (DB01347)","0.7725","http://www.drugbank.ca/drugs/DB01347"
"425","Drotaverine (DB06751)","0.7722","http://www.drugbank.ca/drugs/DB06751"
"426","Tryptophanyl-5'amp (DB01831)","0.7714","http://www.drugbank.ca/drugs/DB01831"
"427","(5-(aminomethyl)-2H-spiro[benzofuran-3,4'-piperidine]-1'-yl)(5-(phenylethynyl)furan-2-yl)methanone (DB06962)","0.7696","http://www.drugbank.ca/drugs/DB06962"
"428","ONO-6818 (DB03925)","0.7681","http://www.drugbank.ca/drugs/DB03925"
"429","Loperamide (DB00836)","0.7670","http://www.drugbank.ca/drugs/DB00836"
"430","METHYL (2Z)-2-(2-{[6-(2-CYANOPHENOXY)PYRIMIDIN-4-YL]OXY}PHENYL)-3-METHOXYACRYLATE (DB07401)","0.7658","http://www.drugbank.ca/drugs/DB07401"
"431","Pitavastatin (DB08860)","0.7645","http://www.drugbank.ca/drugs/DB08860"
"432","Doxapram (DB00561)","0.7633","http://www.drugbank.ca/drugs/DB00561"
"433","Ivacaftor (DB08820)","0.7615","http://www.drugbank.ca/drugs/DB08820"
"434","(METHYLPYRIDAZINE PIPERIDINE PROPYLOXYPHENYL)ETHYLACETATE (DB08013)","0.7612","http://www.drugbank.ca/drugs/DB08013"
"435","(2R)-N-hydroxy-3-naphthalen-2-yl-2-[(naphthalen-2-ylsulfonyl)amino]propanamide (DB07861)","0.7594","http://www.drugbank.ca/drugs/DB07861"
"436","Paliperidone (DB01267)","0.7590","http://www.drugbank.ca/drugs/DB01267"
"437","Aclidinium (DB08897)","0.7577","http://www.drugbank.ca/drugs/DB08897"
"438","Alfentanil (DB00802)","0.7568","http://www.drugbank.ca/drugs/DB00802"
"439","N-{3-[5-(6-Amino-Purin-9-Yl)-3,4-Dihydroxy-Tetrahydro-Furan-2-Yl]-Allyl}-2,3-Dihydroxy-5-Nitro-Benzamide (DB03907)","0.7566","http://www.drugbank.ca/drugs/DB03907"
"440","2-MERCAPTO-N-[1,2,3,10-TETRAMETHOXY-9-OXO-5,6,7,9-TETRAHYDRO-BENZO[A]HEPTALEN-7-YL]ACETAMIDE (DB07574)","0.7548","http://www.drugbank.ca/drugs/DB07574"
"441","4-({5-[(4-AMINOCYCLOHEXYL)AMINO][1,2,4]TRIAZOLO[1,5-A]PYRIMIDIN-7-YL}AMINO)BENZENESULFONAMIDE (DB07687)","0.7538","http://www.drugbank.ca/drugs/DB07687"
"442","4-{[5-(CYCLOHEXYLAMINO)[1,2,4]TRIAZOLO[1,5-A]PYRIMIDIN-7-YL]AMINO}BENZENESULFONAMIDE (DB07686)","0.7512","http://www.drugbank.ca/drugs/DB07686"
"443","(3ASR,4RS,8ASR,8BRS)-4-(2-(4-FLUOROBENZYL)-1,3-DIOXODEACAHYDROPYRROLO[3,4-A] PYRROLIZIN-4-YL)BENZAMIDINE (DB07796)","0.7499","http://www.drugbank.ca/drugs/DB07796"
"444","Darusentan (DB04883)","0.7490","http://www.drugbank.ca/drugs/DB04883"
"445","N-[4-(1-BENZOYLPIPERIDIN-4-YL)BUTYL]-3-PYRIDIN-3-YLPROPANAMIDE (DB07656)","0.7455","http://www.drugbank.ca/drugs/DB07656"
"446","4-[(3AS,4R,7R,8AS,8BR)-2-(1,3-BENZODIOXOL-5-YLMETHYL)-7-HYDROXY-1,3-DIOXODECAHYDROPYRROLO[3,4-A]PYRROLIZIN-4-YL]BENZENECARBOXIMIDAMIDE (DB08546)","0.7441","http://www.drugbank.ca/drugs/DB08546"
"447","N-(TERT-BUTYL)-3,5-DIMETHYL-N'-[(5-METHYL-2,3-DIHYDRO-1,4-BENZODIOXIN-6-YL)CARBONYL]BENZOHYDRAZIDE (DB07929)","0.7418","http://www.drugbank.ca/drugs/DB07929"
"448","N-[3-(Dimethylamino)Propyl]-2-({[4-({[4-(Formylamino)-1-Methyl-1h-Pyrrol-2-Yl]Carbonyl}Amino)-1-Methyl-1h-Pyrrol-2-Yl]Carbonyl}Amino)-5-Isopropyl-1,3-Thiazole-4-Carboxamide (DB02295)","0.7407","http://www.drugbank.ca/drugs/DB02295"
"449","Darifenacin (DB00496)","0.7384","http://www.drugbank.ca/drugs/DB00496"
"450","(METHYLPYRIDAZINE PIPERIDINE BUTYLOXYPHENYL)ETHYLACETATE (DB08014)","0.7377","http://www.drugbank.ca/drugs/DB08014"
"451","Glipizide (DB01067)","0.7367","http://www.drugbank.ca/drugs/DB01067"
"452","Pralatrexate (DB06813)","0.7329","http://www.drugbank.ca/drugs/DB06813"
"453","N'-(3-CHLORO-4-METHOXY-PHENYL)-N-(3,4,5-TRIMETHOXYPHENYL)-1,3,5-TRIAZINE-2,4-DIAMINE (DB07251)","0.7313","http://www.drugbank.ca/drugs/DB07251"
"454","Tyrosyladenylate (DB03325)","0.7308","http://www.drugbank.ca/drugs/DB03325"
"455","N'-(6-aminopyridin-3-yl)-N-(2-cyclopentylethyl)-4-methyl-benzene-1,3-dicarboxamide (DB07537)","0.7305","http://www.drugbank.ca/drugs/DB07537"
"456","Canagliflozin (DB08907)","0.7293","http://www.drugbank.ca/drugs/DB08907"
"457","[4-({4-[(5-CYCLOPROPYL-1H-PYRAZOL-3-YL)AMINO]QUINAZOLIN-2-YL}IMINO)CYCLOHEXA-2,5-DIEN-1-YL]ACETONITRILE (DB07853)","0.7290","http://www.drugbank.ca/drugs/DB07853"
"458","N'-(5-CHLORO-1,3-BENZODIOXOL-4-YL)-N-(3,4,5- TRIMETHOXYPHENYL)PYRIMIDINE-2,4-DIAMINE (DB07250)","0.7285","http://www.drugbank.ca/drugs/DB07250"
"459","3-{ISOPROPYL[(TRANS-4-METHYLCYCLOHEXYL)CARBONYL]AMINO}-5-PHENYLTHIOPHENE-2-CARBOXYLIC ACID (DB08279)","0.7275","http://www.drugbank.ca/drugs/DB08279"
"460","9-Butyl-8-(3,4,5-Trimethoxybenzyl)-9h-Purin-6-Amine (DB02754)","0.7245","http://www.drugbank.ca/drugs/DB02754"
"461","4-{[5-(CYCLOHEXYLOXY)[1,2,4]TRIAZOLO[1,5-A]PYRIMIDIN-7-YL]AMINO}BENZENESULFONAMIDE (DB07688)","0.7216","http://www.drugbank.ca/drugs/DB07688"
"462","9-Butyl-8-(2-Chloro-3,4,5-Trimethoxy-Benzyl)-9h-Purin-6-Ylamine (DB03504)","0.7204","http://www.drugbank.ca/drugs/DB03504"
"463","8-(2-Chloro-3,4,5-Trimethoxy-Benzyl)-9-Pent-4-Ylnyl-9h-Purin-6-Ylamine (DB04505)","0.7201","http://www.drugbank.ca/drugs/DB04505"
"464","Eprosartan (DB00876)","0.7190","http://www.drugbank.ca/drugs/DB00876"
"465","Diphenoxylate (DB01081)","0.7181","http://www.drugbank.ca/drugs/DB01081"
"466","9-CYCLOPENTYL-6-[2-(3-IMIDAZOL-1-YL-PROPOXY)-PHENYLAMINO]-9H-PURINE-2-CARBONITRILE (DB07967)","0.7172","http://www.drugbank.ca/drugs/DB07967"
"467","8-(2-Chloro-3,4,5-Trimethoxy-Benzyl)-2-Fluoro-9-Pent-4-Ylnyl-9h-Purin-6-Ylamine (DB02550)","0.7168","http://www.drugbank.ca/drugs/DB02550"
"468","methyl (1R,2S)-2-(hydroxycarbamoyl)-1-{4-[(2-methylquinolin-4-yl)methoxy]benzyl}cyclopropanecarboxylate (DB07147)","0.7168","http://www.drugbank.ca/drugs/DB07147"
"469","3-({2-[(4-{[6-(CYCLOHEXYLMETHOXY)-9H-PURIN-2-YL]AMINO}PHENYL)SULFONYL]ETHYL}AMINO)PROPAN-1-OL (DB08309)","0.7164","http://www.drugbank.ca/drugs/DB08309"
"470","Mercaptocarboxylate Inhibitor (DB02706)","0.7145","http://www.drugbank.ca/drugs/DB02706"
"471","Difenoxin (DB01501)","0.7139","http://www.drugbank.ca/drugs/DB01501"
"472","4-(6-CYCLOHEXYLMETHOXY-9H-PURIN-2-YLAMINO)--BENZAMIDE (DB08241)","0.7080","http://www.drugbank.ca/drugs/DB08241"
"473","O6-CYCLOHEXYLMETHOXY-2-(4'-SULPHAMOYLANILINO) PURINE (DB07126)","0.7009","http://www.drugbank.ca/drugs/DB07126"
"474","3-(6-CYCLOHEXYLMETHOXY-9H-PURIN-2-YLAMINO)-BENZENESULFONAMIDE (DB08248)","0.7009","http://www.drugbank.ca/drugs/DB08248"
"475","Donepezil (DB00843)","0.6981","http://www.drugbank.ca/drugs/DB00843"
"476","4-{[4-AMINO-6-(CYCLOHEXYLMETHOXY)-5-NITROSOPYRIMIDIN-2-YL]AMINO}BENZAMIDE (DB08572)","0.6967","http://www.drugbank.ca/drugs/DB08572"
"477","2,5-bis-o-{3-[amino(imino)methyl]phenyl}-1,4:3,6-dianhydro-d-glucitol (DB04790)","0.6962","http://www.drugbank.ca/drugs/DB04790"
"478","2-O-(4'-AMIDINOPHENYL)-5-O-(3''-AMIDINOPHENYL)-1,4:3,6-DIANHYDRO-D-SORBITOL (DB04791)","0.6962","http://www.drugbank.ca/drugs/DB04791"
"479","2,5-O,O-BIS-{4',4''-AMIDINOPHENYL}-1,4:3,6-DIANHYDRO-D-SORBITOL (DB04792)","0.6962","http://www.drugbank.ca/drugs/DB04792"
"480","2-O-(3'-AMIDINOPHENYL)-5-O-(4''-AMIDINOPHENYL}-1,4:3,6-DIANHYDRO-D-SORBITOL (DB04793)","0.6962","http://www.drugbank.ca/drugs/DB04793"
"481","{4-[2,2-BIS(5-METHYL-1,2,4-OXADIAZOL-3-YL)-3-PHENYLPROPYL]PHENYL}SULFAMIC ACID (DB07127)","0.6937","http://www.drugbank.ca/drugs/DB07127"
"482","N-[(5R,14R)-5-AMINO-5,14-DIMETHYL-4-OXO-3-OXA-18-AZATRICYCLO[15.3.1.1~7,11~]DOCOSA-1(21),7(22),8,10,17,19-HEXAEN-19-YL]-N-METHYLMETHANESULFONAMIDE (DB07019)","0.6910","http://www.drugbank.ca/drugs/DB07019"
"483","4-{[5-(CYCLOHEXYLMETHOXY)[1,2,4]TRIAZOLO[1,5-A]PYRIMIDIN-7-YL]AMINO}BENZENESULFONAMIDE (DB07685)","0.6834","http://www.drugbank.ca/drugs/DB07685"
"484","(5r)-6-(4-{[2-(3-Iodobenzyl)-3-Oxocyclohex-1-En-1-Yl]Amino}Phenyl)-5-Methyl-4,5-Dihydropyridazin-3(2h)-One (DB01640)","0.6823","http://www.drugbank.ca/drugs/DB01640"
"485","6-CARBAMIMIDOYL-2-[2-HYDROXY-5-(3-METHOXY-PHENYL)-INDAN-1-YL]-HEXANOIC ACID (DB06866)","0.6819","http://www.drugbank.ca/drugs/DB06866"
"486","6-CARBAMIMIDOYL-2-[2-HYDROXY-6-(4-HYDROXY-PHENYL)-INDAN-1-YL]-HEXANOIC ACID (DB06865)","0.6797","http://www.drugbank.ca/drugs/DB06865"
"487","SR11254 (DB02258)","0.6761","http://www.drugbank.ca/drugs/DB02258"
"488","2-[Trans-(4-Aminocyclohexyl)Amino]-6-(Benzyl-Amino)-9-Cyclopentylpurine (DB04288)","0.6749","http://www.drugbank.ca/drugs/DB04288"
"489","Tofisopam (DB08811)","0.6596","http://www.drugbank.ca/drugs/DB08811"
"490","(1S,2S,5S)2-(4-GLUTARIDYLBENZYL)-5-PHENYL-1-CYCLOHEXANOL (DB07909)","0.6593","http://www.drugbank.ca/drugs/DB07909"
"491","1-[5-methyl-2-(trifluoromethyl)furan-3-yl]-3-[(2Z)-5-(2-{[6-(1H-1,2,4-triazol-3-ylamino)pyrimidin-4-yl]amino}ethyl)-1,3-thiazol-2(3H)-ylidene]urea (DB07789)","0.6562","http://www.drugbank.ca/drugs/DB07789"
"492","Batimastat (DB03880)","0.6510","http://www.drugbank.ca/drugs/DB03880"
"493","Ticagrelor (DB08816)","0.6432","http://www.drugbank.ca/drugs/DB08816"
"494","5-(7-(5-HYDRO-4-ETHYL-2-OXAZOLYL)PHENOXY)HEPTYL)-3-METHYL ISOXAZOLE (DB08725)","0.6382","http://www.drugbank.ca/drugs/DB08725"
"495","R-3-FLUORO-4-[2-HYDROXY-2-(5,5,8,8-TETRAMETHYL-5,6,7,8,-TETRAHYDRO-NAPHTALEN-2-YL)-ACETYLAMINO]-BENZOIC ACID (DB07031)","0.6245","http://www.drugbank.ca/drugs/DB07031"
"496","3-FLUORO-4-[2-HYDROXY-2-(5,5,8,8-TETRAMETHYL-5,6,7,8,-TETRAHYDRO-NAPHTALEN-2-YL)-ACETYLAMINO]-BENZOIC ACID (DB07294)","0.6245","http://www.drugbank.ca/drugs/DB07294"
"497","Adapalene (DB00210)","0.6173","http://www.drugbank.ca/drugs/DB00210"
"498","Bis-Benzamidine (DB02081)","0.6031","http://www.drugbank.ca/drugs/DB02081"
"499","Cilostazol (DB01166)","0.5736","http://www.drugbank.ca/drugs/DB01166"
"500","Cinalukast (DB00587)","0.5022","http://www.drugbank.ca/drugs/DB00587"
