"","DrugBank Compound (Name, ID)","Similarity to ","Link"
"1","7-amino-2-tert-butyl-4-(4-pyrimidin-2-ylpiperazin-1-yl)pyrido[2,3-d]pyrimidine-6-carboxamide (DB07043)","0.8890","http://www.drugbank.ca/drugs/DB07043"
"2","4-(2-(1H-IMIDAZOL-4-YL)ETHYLAMINO)-2-(PHENYLAMINO)PYRAZOLO[1,5-A][1,3,5]TRIAZINE-8-CARBONITRILE (DB08345)","0.8796","http://www.drugbank.ca/drugs/DB08345"
"3","N~2~-1H-benzimidazol-5-yl-N~4~-(3-cyclopropyl-1H-pyrazol-5-yl)pyrimidine-2,4-diamine (DB07382)","0.8664","http://www.drugbank.ca/drugs/DB07382"
"4","7-amino-2-tert-butyl-4-{[2-(1H-imidazol-4-yl)ethyl]amino}pyrido[2,3-d]pyrimidine-6-carboxamide (DB07042)","0.8626","http://www.drugbank.ca/drugs/DB07042"
"5","N-[4-(2-Methylimidazo[1,2-a]Pyridin-3-Yl)-2-Pyrimidinyl]Acetamide (DB02538)","0.8410","http://www.drugbank.ca/drugs/DB02538"
"6","2-{4-[(4-imidazo[1,2-a]pyridin-3-ylpyrimidin-2-yl)amino]piperidin-1-yl}-N-methylacetamide (DB08026)","0.8392","http://www.drugbank.ca/drugs/DB08026"
"7","Olomoucine (DB02116)","0.8322","http://www.drugbank.ca/drugs/DB02116"
"8","N6-METHYL-(R)-ROSCOVITINE, R-2-[6-(BENZYL-METHYL-AMINO)-9-ISOPROPYL-9H-PURIN-2-YLAMINO]-BUTAN-1-OL (DB04776)","0.8317","http://www.drugbank.ca/drugs/DB04776"
"9","2-(Pyrido[1,2-E]Purin-4-Yl)Amino-Ethanol (DB01994)","0.8310","http://www.drugbank.ca/drugs/DB01994"
"10","N7-BUTYL-N2-(5-CHLORO-2-METHYLPHENYL)-5-METHYL[1,2,4]TRIAZOLO[1,5-A]PYRIMIDINE-2,7-DIAMINE (DB07128)","0.8284","http://www.drugbank.ca/drugs/DB07128"
"11","(2S)-2-({6-[(3-AMINO-5-CHLOROPHENYL)AMINO]-9-ISOPROPYL-9H-PURIN-2-YL}AMINO)-3-METHYLBUTAN-1-OL (DB07379)","0.8242","http://www.drugbank.ca/drugs/DB07379"
"12","Purvalanol A (DB04751)","0.8241","http://www.drugbank.ca/drugs/DB04751"
"13","OLOMOUCINE II (DB04662)","0.8215","http://www.drugbank.ca/drugs/DB04662"
"14","(7S)-2-(2-aminopyrimidin-4-yl)-7-(2-fluoroethyl)-1,5,6,7-tetrahydro-4H-pyrrolo[3,2-c]pyridin-4-one (DB07149)","0.8212","http://www.drugbank.ca/drugs/DB07149"
"15","N-cyclohexyl-4-imidazo[1,2-a]pyridin-3-yl-N-methylpyrimidin-2-amine (DB08023)","0.8196","http://www.drugbank.ca/drugs/DB08023"
"16","2-(2-HYDROXYETHYLAMINO)-6-(3-CHLOROANILINO)-9-ISOPROPYLPURINE (DB08325)","0.8155","http://www.drugbank.ca/drugs/DB08325"
"17","3-methyl-N-(pyridin-4-ylmethyl)imidazo[1,2-a]pyrazin-8-amine (DB08533)","0.8132","http://www.drugbank.ca/drugs/DB08533"
"18","9-(4-Hydroxybutyl)-N2-Phenylguanine (DB02495)","0.8130","http://www.drugbank.ca/drugs/DB02495"
"19","PYRIMIDINE-4,6-DICARBOXYLIC ACID BIS-[(PYRIDIN-3-YLMETHYL)-AMIDE] (DB04761)","0.8091","http://www.drugbank.ca/drugs/DB04761"
"20","2-(4-ETHYLPIPERAZIN-1-YL)-4-(PHENYLAMINO)PYRAZOLO[1,5-A][1,3,5]TRIAZINE-8-CARBONITRILE (DB08360)","0.8078","http://www.drugbank.ca/drugs/DB08360"
"21","6-amino-2-[(2-morpholin-4-ylethyl)amino]-3,7-dihydro-8H-imidazo[4,5-g]quinazolin-8-one (DB07564)","0.8065","http://www.drugbank.ca/drugs/DB07564"
"22","(2R)-2-{[4-(benzylamino)-8-(1-methylethyl)pyrazolo[1,5-a][1,3,5]triazin-2-yl]amino}butan-1-ol (DB08285)","0.8041","http://www.drugbank.ca/drugs/DB08285"
"23","Pteroic Acid (DB04196)","0.8041","http://www.drugbank.ca/drugs/DB04196"
"24","Pteric Acid (DB04357)","0.8041","http://www.drugbank.ca/drugs/DB04357"
"25","Peldesine (DB02568)","0.8005","http://www.drugbank.ca/drugs/DB02568"
"26","N-[[3-FLUORO-4-ETHOXY-PYRID-2-YL]ETHYL]-N'-[5-CHLORO-PYRIDYL]-THIOUREA (DB07797)","0.7972","http://www.drugbank.ca/drugs/DB07797"
"27","5-{[(2-Amino-9h-Purin-6-Yl)Oxy]Methyl}-2-Pyrrolidinone (DB02898)","0.7960","http://www.drugbank.ca/drugs/DB02898"
"28","Lesopitron (DB04970)","0.7958","http://www.drugbank.ca/drugs/DB04970"
"29","O6-(R)-ROSCOVITINE, R-2-(6-BENZYLOXY-9-ISOPROPYL-9H-PURIN-2-YLAMINO)-BUTAN-1-OL (DB04770)","0.7954","http://www.drugbank.ca/drugs/DB04770"
"30","9-Butyl-8-(3-Methoxybenzyl)-9h-Purin-6-Amine (DB03809)","0.7930","http://www.drugbank.ca/drugs/DB03809"
"31","9-Butyl-8-(4-Methoxybenzyl)-9h-Purin-6-Amine (DB03899)","0.7930","http://www.drugbank.ca/drugs/DB03899"
"32","[4-({4-[(5-cyclopropyl-1H-pyrazol-3-yl)amino]-6-(methylamino)pyrimidin-2-yl}amino)phenyl]acetonitrile (DB07168)","0.7919","http://www.drugbank.ca/drugs/DB07168"
"33","1-[2-(4-ETHOXY-3-FLUOROPYRIDIN-2-YL)ETHYL]-3-(5-METHYLPYRIDIN-2-YL)THIOUREA (DB08372)","0.7873","http://www.drugbank.ca/drugs/DB08372"
"34","N-[[3-FLUORO-4-ETHOXY-PYRID-2-YL]ETHYL]-N'-[5-NITRILOMETHYL-PYRIDYL]-THIOUREA (DB07781)","0.7868","http://www.drugbank.ca/drugs/DB07781"
"35","Pemirolast (DB00885)","0.7856","http://www.drugbank.ca/drugs/DB00885"
"36","5-(5-chloro-7H-pyrrolo[2,3-d]pyrimidin-4-yl)-4,5,6,7-tetrahydro-1H-imidazo[4,5-c]pyridine (DB07585)","0.7852","http://www.drugbank.ca/drugs/DB07585"
"37","N-cyclopropyl-4-pyrazolo[1,5-b]pyridazin-3-ylpyrimidin-2-amine (DB07164)","0.7812","http://www.drugbank.ca/drugs/DB07164"
"38","4-{[4-(1-CYCLOPROPYL-2-METHYL-1H-IMIDAZOL-5-YL)PYRIMIDIN-2-YL]AMINO}-N-METHYLBENZENESULFONAMIDE (DB07791)","0.7807","http://www.drugbank.ca/drugs/DB07791"
"39","Thiamine (DB00152)","0.7804","http://www.drugbank.ca/drugs/DB00152"
"40","2-{2-[(3,5-dimethylphenyl)amino]pyrimidin-4-yl}-N-[(1S)-2-hydroxy-1-methylethyl]-4-methyl-1,3-thiazole-5-carboxamide (DB07194)","0.7789","http://www.drugbank.ca/drugs/DB07194"
"41","7-BENZYL-1,3-DIMETHYL-8-PIPERAZIN-1-YL-3,7-DIHYDRO-PURINE-2,6-DIONE (DB08530)","0.7785","http://www.drugbank.ca/drugs/DB08530"
"42","Emedastine (DB01084)","0.7763","http://www.drugbank.ca/drugs/DB01084"
"43","Phosphorylated Dihydropteroate (DB03830)","0.7757","http://www.drugbank.ca/drugs/DB03830"
"44","Nevirapine (DB00238)","0.7746","http://www.drugbank.ca/drugs/DB00238"
"45","N-[2-(5-methyl-4H-1,2,4-triazol-3-yl)phenyl]-7H-pyrrolo[2,3-d]pyrimidin-4-amine (DB07584)","0.7706","http://www.drugbank.ca/drugs/DB07584"
"46","N-((2-aminopyrimidin-5-yl)methyl)-5-(2,6-difluorophenyl)-3-ethylpyrazolo[1,5-a]pyrimidin-7-amine (DB08538)","0.7703","http://www.drugbank.ca/drugs/DB08538"
"47","9-Butyl-8-(2,5-Dimethoxy-Benzyl)-9h-Purin-6-Ylamine (DB02359)","0.7688","http://www.drugbank.ca/drugs/DB02359"
"48","6-amino-2-[(thiophen-2-ylmethyl)amino]-1,7-dihydro-8H-imidazo[4,5-g]quinazolin-8-one (DB08514)","0.7674","http://www.drugbank.ca/drugs/DB08514"
"49","9-Butyl-8-(2,5-Dimethoxy-Benzyl)-2-Fluoro-9h-Purin-6-Ylamine (DB04054)","0.7668","http://www.drugbank.ca/drugs/DB04054"
"50","8-(2,5-Dimethoxy-Benzyl)-2-Fluoro-9-Pent-9h-Purin-6-Ylamine (DB03137)","0.7666","http://www.drugbank.ca/drugs/DB03137"
"51","4-[1-(2,6-dichlorobenzyl)-2-methyl-1H-imidazol-4-yl]pyrimidin-2-amine (DB08076)","0.7664","http://www.drugbank.ca/drugs/DB08076"
"52","8-BENZO[1,3]DIOXOL-,5-YLMETHYL-9-BUTYL-9H- (DB08436)","0.7640","http://www.drugbank.ca/drugs/DB08436"
"53","5-ethoxy-4-(1-methyl-7-oxo-3-propyl-6,7-dihydro-1H-pyrazolo[4,3-d]pyrimidin-5-yl)thiophene-2-sulfonamide (DB08729)","0.7626","http://www.drugbank.ca/drugs/DB08729"
"54","8-Benzo[1,3]Dioxol-,5-Ylmethyl-9-Butyl-2-Fluoro-9h-Purin-6-Ylamine (DB04254)","0.7619","http://www.drugbank.ca/drugs/DB04254"
"55","N-[4-(2,4-DIMETHYL-THIAZOL-5-YL)-PYRIMIDIN-2-YL]-N',N'-DIMETHYL-BENZENE-1,4-DIAMINE (DB07562)","0.7618","http://www.drugbank.ca/drugs/DB07562"
"56","3-[(4-AMINO-1-TERT-BUTYL-1H-PYRAZOLO[3,4-D]PYRIMIDIN-3-YL)METHYL]PHENOL (DB08461)","0.7606","http://www.drugbank.ca/drugs/DB08461"
"57","Regadenoson (DB06213)","0.7561","http://www.drugbank.ca/drugs/DB06213"
"58","1-tert-butyl-3-(3-methylbenzyl)-1H-pyrazolo[3,4-d]pyrimidin-4-amine (DB08699)","0.7558","http://www.drugbank.ca/drugs/DB08699"
"59","8-(2,5-Dimethoxy-Benzyl)-2-Fluoro-9h-Purin-6-Ylamine (DB03093)","0.7546","http://www.drugbank.ca/drugs/DB03093"
"60","8-(6-BROMO-BENZO[1,3]DIOXOL-5-YLSULFANYL)-9-(3-ISOPROPYLAMINO-PROPYL)-ADENINE (DB07877)","0.7546","http://www.drugbank.ca/drugs/DB07877"
"61","Fenethylline (DB01482)","0.7530","http://www.drugbank.ca/drugs/DB01482"
"62","1-cyclopentyl-3-(1H-pyrrolo[2,3-b]pyridin-5-yl)-1H-pyrazolo[3,4-d]pyrimidin-4-amine (DB08052)","0.7525","http://www.drugbank.ca/drugs/DB08052"
"63","4-[4-(4-Methyl-2-Methylamino-Thiazol-5-Yl)-Pyrimidin-2-Ylamino]-Phenol (DB04407)","0.7514","http://www.drugbank.ca/drugs/DB04407"
"64","2,4-Diamino-6-Phenyl-5,6,7,8,-Tetrahydropteridine (DB02911)","0.7504","http://www.drugbank.ca/drugs/DB02911"
"65","Dapiprazole (DB00298)","0.7491","http://www.drugbank.ca/drugs/DB00298"
"66","2,6-Diamino-8-(1h-Imidazol-2-Ylsulfanylmethyl)-3h-Quinazoline-4-One (DB04543)","0.7489","http://www.drugbank.ca/drugs/DB04543"
"67","2-(CYCLOHEXYLMETHYLAMINO)-4-(PHENYLAMINO)PYRAZOLO[1,5-A][1,3,5]TRIAZINE-8-CARBONITRILE (DB08353)","0.7488","http://www.drugbank.ca/drugs/DB08353"
"68","4-METHYL-5-{(2E)-2-[(4-MORPHOLIN-4-YLPHENYL)IMINO]-2,5-DIHYDROPYRIMIDIN-4-YL}-1,3-THIAZOL-2-AMINE (DB08219)","0.7475","http://www.drugbank.ca/drugs/DB08219"
"69","4-({5-[(4-AMINOCYCLOHEXYL)AMINO][1,2,4]TRIAZOLO[1,5-A]PYRIMIDIN-7-YL}AMINO)BENZENESULFONAMIDE (DB07687)","0.7474","http://www.drugbank.ca/drugs/DB07687"
"70","4-{[5-(CYCLOHEXYLAMINO)[1,2,4]TRIAZOLO[1,5-A]PYRIMIDIN-7-YL]AMINO}BENZENESULFONAMIDE (DB07686)","0.7471","http://www.drugbank.ca/drugs/DB07686"
"71","5-methyl-N-[4-(trifluoromethyl)phenyl][1,2,4]triazolo[1,5-a]pyrimidin-7-amine (DB08008)","0.7456","http://www.drugbank.ca/drugs/DB08008"
"72","4-{2-[(7-amino-2-furan-2-yl[1,2,4]triazolo[1,5-a][1,3,5]triazin-5-yl)amino]ethyl}phenol (DB08770)","0.7451","http://www.drugbank.ca/drugs/DB08770"
"73","Naphthyridine Inhibitor (DB04434)","0.7450","http://www.drugbank.ca/drugs/DB04434"
"74","Azathioprine (DB00993)","0.7442","http://www.drugbank.ca/drugs/DB00993"
"75","5-CHLORO-6-METHYL-N-(2-PHENYLETHYL)-2-PYRIDIN-2-YLPYRIMIDIN-4-AMINE (DB07901)","0.7438","http://www.drugbank.ca/drugs/DB07901"
"76","[4-(2-Amino-4-Methyl-Thiazol-5-Yl)-Pyrimidin-2-Yl]-(3-Nitro-Phenyl)-Amine (DB02833)","0.7435","http://www.drugbank.ca/drugs/DB02833"
"77","(3R,4S)-1-[(4-amino-5H-pyrrolo[3,2-d]pyrimidin-7-yl)methyl]-4-[(benzylsulfanyl)methyl]pyrrolidin-3-ol (DB07649)","0.7420","http://www.drugbank.ca/drugs/DB07649"
"78","7,8,10-TRIMETHYLBENZO[G]PTERIDINE-2,4(3H,10H)-DIONE (DB04726)","0.7416","http://www.drugbank.ca/drugs/DB04726"
"79","3-[4-(2,4-Dimethyl-Thiazol-5-Yl)-Pyrimidin-2-Ylamino]-Phenol (DB04518)","0.7412","http://www.drugbank.ca/drugs/DB04518"
"80","3-(5-Amino-7-Hydroxy-[1,2,3]Triazolo[4,5-D]Pyrimidin-2-Yl)-Benzoic Acid (DB01906)","0.7408","http://www.drugbank.ca/drugs/DB01906"
"81","1-TERT-BUTYL-3-(2,5-DIMETHYLBENZYL)-1H-PYRAZOLO[3,4-D]PYRIMIDIN-4-AMINE (DB08035)","0.7403","http://www.drugbank.ca/drugs/DB08035"
"82","4-[5-Pyridin-4-Yl-1h-[1,2,4]Triazol-3-Yl]-Pyridine-2-Carbonitrile (DB01685)","0.7402","http://www.drugbank.ca/drugs/DB01685"
"83","Flumazenil (DB01205)","0.7393","http://www.drugbank.ca/drugs/DB01205"
"84","4-(4-chlorobenzyl)-1-(7H-pyrrolo[2,3-d]pyrimidin-4-yl)piperidin-4-aminium (DB08150)","0.7393","http://www.drugbank.ca/drugs/DB08150"
"85","3-[(2,2-DIMETHYLPROPANOYL)AMINO]-N-1,3-THIAZOL-2-YLPYRIDINE-2-CARBOXAMIDE (DB07903)","0.7378","http://www.drugbank.ca/drugs/DB07903"
"86","1-(3-chlorophenyl)-3-{5-[2-(thieno[3,2-d]pyrimidin-4-ylamino)ethyl]-1,3-thiazol-2-yl}urea (DB07361)","0.7361","http://www.drugbank.ca/drugs/DB07361"
"87","6-CHLORO-2-(1-FURO[2,3-C]PYRIDIN-5-YL-ETHYLSULFANYL)-PYRIMIDIN-4-YLAMINE (DB08414)","0.7359","http://www.drugbank.ca/drugs/DB08414"
"88","2-Chlorodideoxyadenosine (DB02103)","0.7353","http://www.drugbank.ca/drugs/DB02103"
"89","9-Butyl-8-(2-Chloro-3,4,5-Trimethoxy-Benzyl)-9h-Purin-6-Ylamine (DB03504)","0.7341","http://www.drugbank.ca/drugs/DB03504"
"90","4-(6-CYCLOHEXYLMETHOXY-9H-PURIN-2-YLAMINO)--BENZAMIDE (DB08241)","0.7331","http://www.drugbank.ca/drugs/DB08241"
"91","(3R,4R)-4-(pyrrolidin-1-ylcarbonyl)-1-(quinoxalin-2-ylcarbonyl)pyrrolidin-3-amine (DB07015)","0.7329","http://www.drugbank.ca/drugs/DB07015"
"92","9-Butyl-8-(3,4,5-Trimethoxybenzyl)-9h-Purin-6-Amine (DB02754)","0.7314","http://www.drugbank.ca/drugs/DB02754"
"93","8-(2-CHLOROPHENYLAMINO)-2-(2,6-DIFLUOROPHENYLAMINO)-9-ETHYL-9H-PURINE-1,7-DIIUM (DB08096)","0.7304","http://www.drugbank.ca/drugs/DB08096"
"94","6-CYCLOHEXYLMETHOXY-2-(3'-CHLOROANILINO) PURINE (DB07203)","0.7304","http://www.drugbank.ca/drugs/DB07203"
"95","(5-Chloropyrazolo[1,5-a]Pyrimidin-7-Yl)-(4-Methanesulfonylphenyl)Amine (DB02963)","0.7298","http://www.drugbank.ca/drugs/DB02963"
"96","2,4-Diamino-6-[N-(3',5'-Dimethoxybenzyl)-N-Methylamino]Pyrido[2,3-D]Pyrimidine (DB03987)","0.7287","http://www.drugbank.ca/drugs/DB03987"
"97","Trazodone (DB00656)","0.7286","http://www.drugbank.ca/drugs/DB00656"
"98","N6-(2,5-Dimethoxy-Benzyl)-N6-Methyl-Pyrido[2,3-D]Pyrimidine-2,4,6-Triamine (DB02583)","0.7284","http://www.drugbank.ca/drugs/DB02583"
"99","N-(3-(8-CYANO-4-(PHENYLAMINO)PYRAZOLO[1,5-A][1,3,5]TRIAZIN-2-YLAMINO)PHENYL)ACETAMIDE (DB08362)","0.7279","http://www.drugbank.ca/drugs/DB08362"
"100","2-ANILINO-6-CYCLOHEXYLMETHOXYPURINE (DB06948)","0.7269","http://www.drugbank.ca/drugs/DB06948"
"101","5'-FLUORO-2',5'-DIDEOXYADENOSINE (DB07170)","0.7263","http://www.drugbank.ca/drugs/DB07170"
"102","9-amino-5-(2-aminopyrimidin-4-yl)pyrido[3',2':4,5]pyrrolo[1,2-c]pyrimidin-4-ol (DB08694)","0.7262","http://www.drugbank.ca/drugs/DB08694"
"103","4-(4-propoxy-1H-pyrrolo[2,3-b]pyridin-3-yl)pyrimidin-2-amine (DB08182)","0.7253","http://www.drugbank.ca/drugs/DB08182"
"104","Triamterene (DB00384)","0.7249","http://www.drugbank.ca/drugs/DB00384"
"105","4-(2,4-Dimethyl-Thiazol-5-Yl)-Pyrimidin-2-Yl]-(4-Trifluoromethyl-Phenyl)-Amine (DB02915)","0.7241","http://www.drugbank.ca/drugs/DB02915"
"106","4-{2-[4-(2-Aminoethyl)Piperazin-1-Yl]Pyridin-4-Yl}-N-(3-Chloro-4-Methylphenyl)Pyrimidin-2-Amine (DB03916)","0.7235","http://www.drugbank.ca/drugs/DB03916"
"107","3-({2-[(2-AMINO-6-METHYLPYRIMIDIN-4-YL)ETHYNYL]BENZYL}AMINO)-1,3-OXAZOL-2(3H)-ONE (DB07324)","0.7234","http://www.drugbank.ca/drugs/DB07324"
"108","Bis(5-Amidino-Benzimidazolyl)Methane (DB01705)","0.7212","http://www.drugbank.ca/drugs/DB01705"
"109","2-(methylamino)-N-(4-methyl-1,3-thiazol-2-yl)-5-[(4-methyl-4H-1,2,4-triazol-3-yl)sulfanyl]benzamide (DB08118)","0.7211","http://www.drugbank.ca/drugs/DB08118"
"110","2-AMINO-4-FLUORO-5-[(1-METHYL-1H-IMIDAZOL-2-YL)SULFANYL]-N-(1,3-THIAZOL-2-YL)BENZAMIDE (DB08210)","0.7202","http://www.drugbank.ca/drugs/DB08210"
"111","(2R)-2-(7-carbamoyl-1H-benzimidazol-2-yl)-2-methylpyrrolidinium (DB07232)","0.7196","http://www.drugbank.ca/drugs/DB07232"
"112","6-CYCLOHEXYLMETHYLOXY-2-(4'-HYDROXYANILINO)PURINE (DB08233)","0.7196","http://www.drugbank.ca/drugs/DB08233"
"113","2-(4-CHLOROBENZYLAMINO)-4-(PHENYLAMINO)PYRAZOLO[1,5-A][1,3,5]TRIAZINE-8-CARBONITRILE (DB08354)","0.7194","http://www.drugbank.ca/drugs/DB08354"
"114","Bis(5-Amidino-Benzimidazolyl)Methane Zinc (DB04008)","0.7185","http://www.drugbank.ca/drugs/DB04008"
"115","1-[4-(4-chlorophenyl)-1-(7H-pyrrolo[2,3-d]pyrimidin-4-yl)piperidin-4-yl]methanamine (DB08148)","0.7183","http://www.drugbank.ca/drugs/DB08148"
"116","Olanzapine (DB00334)","0.7176","http://www.drugbank.ca/drugs/DB00334"
"117","Bis(5-Amidino-2-Benzimidazolyl)Methanone (DB01876)","0.7162","http://www.drugbank.ca/drugs/DB01876"
"118","Bis(5-Amidino-2-Benzimidazolyl)Methane Ketone (DB03213)","0.7162","http://www.drugbank.ca/drugs/DB03213"
"119","Brimonidine (DB00484)","0.7158","http://www.drugbank.ca/drugs/DB00484"
"120","Hemi-Babim (DB01767)","0.7151","http://www.drugbank.ca/drugs/DB01767"
"121","N-ethyl-4-{[5-(methoxycarbamoyl)-2-methylphenyl]amino}-5-methylpyrrolo[2,1-f][1,2,4]triazine-6-carboxamide (DB06940)","0.7146","http://www.drugbank.ca/drugs/DB06940"
"122","Bis(5-Amidino-Benzimidazolyl)Methanone Zinc (DB03443)","0.7139","http://www.drugbank.ca/drugs/DB03443"
"123","SB220025 (DB04338)","0.7133","http://www.drugbank.ca/drugs/DB04338"
"124","2-[(1S)-1-BENZYL-2-SULFANYLETHYL]-1H-IMIDAZO[4,5-C]PYRIDIN-5-IUM (DB08575)","0.7128","http://www.drugbank.ca/drugs/DB08575"
"125","FR117016 (DB02616)","0.7118","http://www.drugbank.ca/drugs/DB02616"
"126","2-amino-N-(4-methyl-1,3-thiazol-2-yl)-5-[(4-methyl-4H-1,2,4-triazol-3-yl)sulfanyl]benzamide (DB07358)","0.7103","http://www.drugbank.ca/drugs/DB07358"
"127","2,6-Diamino-8-(2-Dimethylaminoethylsulfanylmethyl)-3h-Quinazolin-4-One (DB04004)","0.7101","http://www.drugbank.ca/drugs/DB04004"
"128","4-{[5-(CYCLOHEXYLOXY)[1,2,4]TRIAZOLO[1,5-A]PYRIMIDIN-7-YL]AMINO}BENZENESULFONAMIDE (DB07688)","0.7099","http://www.drugbank.ca/drugs/DB07688"
"129","Sri-9439 (DB03351)","0.7084","http://www.drugbank.ca/drugs/DB03351"
"130","Pirenzepine (DB00670)","0.7084","http://www.drugbank.ca/drugs/DB00670"
"131","2,4-Diamino-5-Methyl-6-[(3,4,5-Trimethoxy-N-Methylanilino)Methyl]Pyrido[2,3-D]Pyrimidine (DB02104)","0.7074","http://www.drugbank.ca/drugs/DB02104"
"132","(2S)-2-{[3-(3-aminophenyl)imidazo[1,2-b]pyridazin-6-yl]amino}-3-methylbutan-1-ol (DB08004)","0.7055","http://www.drugbank.ca/drugs/DB08004"
"133","4-(4-methoxy-1H-pyrrolo[2,3-b]pyridin-3-yl)pyrimidin-2-amine (DB08178)","0.7040","http://www.drugbank.ca/drugs/DB08178"
"134","Sitagliptin (DB01261)","0.7036","http://www.drugbank.ca/drugs/DB01261"
"135","Zaleplon (DB00962)","0.7029","http://www.drugbank.ca/drugs/DB00962"
"136","Methapyrilene (DB04819)","0.7022","http://www.drugbank.ca/drugs/DB04819"
"137","2,4-Diamino-6-[N-(3',4',5'-Trimethoxybenzyl)-N-Methylamino]Pyrido[2,3-D]Pyrimidine (DB02919)","0.7020","http://www.drugbank.ca/drugs/DB02919"
"138","Bis(5-Amidino-2-Benzimidazolyl)Methane Ketone Hydrate (DB04301)","0.7013","http://www.drugbank.ca/drugs/DB04301"
"139","Voriconazole (DB00582)","0.7011","http://www.drugbank.ca/drugs/DB00582"
"140","N,N'-DIPHENYLPYRAZOLO[1,5-A][1,3,5]TRIAZINE-2,4-DIAMINE (DB08340)","0.7002","http://www.drugbank.ca/drugs/DB08340"
"141","1,1'-HEXANE-1,6-DIYLBIS(1H-IMIDAZOLE) (DB06968)","0.6994","http://www.drugbank.ca/drugs/DB06968"
"142","(7R,8R)-8-(2,4,5-trifluorophenyl)-6,7,8,9-tetrahydroimidazo[1,2-a:4,5-c']dipyridin-7-amine (DB07021)","0.6994","http://www.drugbank.ca/drugs/DB07021"
"143","Abacavir (DB01048)","0.6993","http://www.drugbank.ca/drugs/DB01048"
"144","1-[4-(4-chlorobenzyl)-1-(7H-pyrrolo[2,3-d]pyrimidin-4-yl)piperidin-4-yl]methanamine (DB08149)","0.6989","http://www.drugbank.ca/drugs/DB08149"
"145","N-(3-TERT-BUTYL-1H-PYRAZOL-5-YL)-N'-{4-CHLORO-3-[(PYRIDIN-3-YLOXY)METHYL]PHENYL}UREA (DB08064)","0.6982","http://www.drugbank.ca/drugs/DB08064"
"146","4-(6-{[(1R)-1-(hydroxymethyl)propyl]amino}imidazo[1,2-b]pyridazin-3-yl)benzoic acid (DB07125)","0.6957","http://www.drugbank.ca/drugs/DB07125"
"147","N-1H-imidazol-2-yl-N'-[4-(1H-imidazol-2-ylamino)phenyl]benzene-1,4-diamine (DB08331)","0.6956","http://www.drugbank.ca/drugs/DB08331"
"148","2-amino-6-[2-(1H-indol-6-yl)ethyl]pyrimidin-4(3H)-one (DB07535)","0.6954","http://www.drugbank.ca/drugs/DB07535"
"149","Rabeprazole (DB01129)","0.6950","http://www.drugbank.ca/drugs/DB01129"
"150","{3-[(5-CHLORO-1,3-BENZOTHIAZOL-2-YL)METHYL]-2,4-DIOXO-3,4-DIHYDROPYRIMIDIN-1(2H)-YL}ACETIC ACID (DB07093)","0.6944","http://www.drugbank.ca/drugs/DB07093"
"151","N-(4-{[amino(imino)methyl]amino}butyl)-2,4'-bi-1,3-thiazole-4-carboxamide (DB07499)","0.6943","http://www.drugbank.ca/drugs/DB07499"
"152","N-METHYL-1-[4-(9H-PURIN-6-YL)PHENYL]METHANAMINE (DB07854)","0.6942","http://www.drugbank.ca/drugs/DB07854"
"153","[2-(1-Amino-2-Hydroxy-Propyl)-4-(4-Fluoro-1h-Indol-3-Ylmethyl)-5-Hydroxy-Imidazol-1-Yl]-Acetic Acid (DB01674)","0.6942","http://www.drugbank.ca/drugs/DB01674"
"154","7,8-dihydro-6-hydroxymethyl-7-methyl-7-[2-phenylethyl]-pterin (DB04610)","0.6938","http://www.drugbank.ca/drugs/DB04610"
"155","6-(2,5-Dimethoxy-Benzyl)-5-Methyl-Pyrido[2,3-D]Pyrimidine-2,4-Diamine (DB03695)","0.6926","http://www.drugbank.ca/drugs/DB03695"
"156","Sri-9662 (DB03060)","0.6915","http://www.drugbank.ca/drugs/DB03060"
"157","2-(2-Oxo-1,2-Dihydro-Pyridin-3-Yl)-1h-Benzoimidazole-5-Carboxamidine (DB04442)","0.6878","http://www.drugbank.ca/drugs/DB04442"
"158","(6S)-1-chloro-3-[(4-fluorobenzyl)oxy]-6-(pyrrolidin-1-ylcarbonyl)pyrrolo[1,2-a]pyrazin-4(6H)-one (DB07148)","0.6869","http://www.drugbank.ca/drugs/DB07148"
"159","Ruxolitinib (DB08877)","0.6866","http://www.drugbank.ca/drugs/DB08877"
"160","4-{[5-chloro-4-(1H-indol-3-yl)pyrimidin-2-yl]amino}-N-ethylpiperidine-1-carboxamide (DB08005)","0.6866","http://www.drugbank.ca/drugs/DB08005"
"161","CRA_1801 (DB03016)","0.6859","http://www.drugbank.ca/drugs/DB03016"
"162","Rizatriptan (DB00953)","0.6852","http://www.drugbank.ca/drugs/DB00953"
"163","6,11-DIHYDRO-11-ETHYL-6-METHYL-9-NITRO-5H-PYRIDO[2,3-B][1,5]BENZODIAZEPIN-5-ONE (DB08665)","0.6850","http://www.drugbank.ca/drugs/DB08665"
"164","Zolpidem (DB00425)","0.6848","http://www.drugbank.ca/drugs/DB00425"
"165","4-(Fluorophenyl)-1-Cyclopropylmethyl-5-(2-Amino-4-Pyrimidinyl)Imidazole (DB03980)","0.6847","http://www.drugbank.ca/drugs/DB03980"
"166","3-(5-Amino-7-Hydroxy-[1,2,3]Triazolo[4,5-D]Pyrimidin-2-Yl)-N-(3,5-Dichlorobenzyl)-Benzamide (DB03571)","0.6846","http://www.drugbank.ca/drugs/DB03571"
"167","Lansoprazole (DB00448)","0.6835","http://www.drugbank.ca/drugs/DB00448"
"168","1-(4-Aminophenyl)-3,5-Dimethyl-1h-Pyrazole-4-Carboxylic Acid Ethyl Ester (DB03183)","0.6835","http://www.drugbank.ca/drugs/DB03183"
"169","Imiquimod (DB00724)","0.6827","http://www.drugbank.ca/drugs/DB00724"
"170","N-[(2-AMINO-6-METHYLPYRIMIDIN-4-YL)METHYL]-3-{[(E)-(2-OXODIHYDROFURAN-3(2H)-YLIDENE)METHYL]AMINO}BENZENESULFONAMIDE (DB07325)","0.6810","http://www.drugbank.ca/drugs/DB07325"
"171","(2S,3R)-3-(6-amino-9H-purin-9-yl)nonan-2-ol (DB07711)","0.6807","http://www.drugbank.ca/drugs/DB07711"
"172","Isothipendyl (DB08802)","0.6787","http://www.drugbank.ca/drugs/DB08802"
"173","IMIDAZOPYRIDAZIN 1 (DB04715)","0.6786","http://www.drugbank.ca/drugs/DB04715"
"174","N-[(1S)-2-AMINO-1-(2,4-DICHLOROBENZYL)ETHYL]-5-[2-(METHYLAMINO)PYRIMIDIN-4-YL]THIOPHENE-2-CARBOXAMIDE (DB07235)","0.6773","http://www.drugbank.ca/drugs/DB07235"
"175","1-Ter-Butyl-3-P-Tolyl-1h-Pyrazolo[3,4-D]Pyrimidin-4-Ylamine (DB01809)","0.6770","http://www.drugbank.ca/drugs/DB01809"
"176","N-cyclohexyl-3-[3-(trifluoromethyl)phenyl][1,2,4]triazolo[4,3-b]pyridazin-6-amine (DB08708)","0.6745","http://www.drugbank.ca/drugs/DB08708"
"177","Omeprazole (DB00338)","0.6734","http://www.drugbank.ca/drugs/DB00338"
"178","Esomeprazole (DB00736)","0.6734","http://www.drugbank.ca/drugs/DB00736"
"179","4-[4-AMINO-6-(5-CHLORO-1H-INDOL-4-YLMETHYL)-[1,3,5]TRIAZIN-2-YLAMINO]-BENZONITRILE (DB07337)","0.6734","http://www.drugbank.ca/drugs/DB07337"
"180","1-Tert-Butyl-3-(4-Chloro-Phenyl)-1h-Pyrazolo[3,4-D]Pyrimidin-4-Ylamine (DB03023)","0.6716","http://www.drugbank.ca/drugs/DB03023"
"181","1-(5-CHLORO-2,4-DIMETHOXYPHENYL)-3-(5-CYANOPYRAZIN-2-YL)UREA (DB07314)","0.6710","http://www.drugbank.ca/drugs/DB07314"
"182","1-(2-Chlorophenyl)-3,5-Dimethyl-1h-Pyrazole-4-Carboxylic Acid Ethyl Ester (DB03807)","0.6701","http://www.drugbank.ca/drugs/DB03807"
"183","7-(1-ETHYL-PROPYL)-7H-PYRROLO-[3,2-F]QUINAZOLINE-1,3-DIAMINE (DB07862)","0.6695","http://www.drugbank.ca/drugs/DB07862"
"184","Clonitazene (DB01523)","0.6686","http://www.drugbank.ca/drugs/DB01523"
"185","3-(4-Amino-1-Tert-Butyl-1h-Pyrazolo[3,4-D]Pyrimidin-3-Yl)Phenol (DB04463)","0.6653","http://www.drugbank.ca/drugs/DB04463"
"186","FR221647 (DB02096)","0.6600","http://www.drugbank.ca/drugs/DB02096"
"187","6-(2-phenoxyethoxy)-1,3,5-triazine-2,4-diamine (DB08318)","0.6593","http://www.drugbank.ca/drugs/DB08318"
"188","3-[4-AMINO-1-(1-METHYLETHYL)-1H-PYRAZOLO[3,4-D]PYRIMIDIN-3-YL]PHENOL (DB07335)","0.6588","http://www.drugbank.ca/drugs/DB07335"
"189","1-(5-Tert-Butyl-2-Methyl-2h-Pyrazol-3-Yl)-3-(4-Chloro-Phenyl)-Urea (DB02277)","0.6581","http://www.drugbank.ca/drugs/DB02277"
"190","2-{4-[5-(4-chlorophenyl)-4-pyrimidin-4-yl-1H-pyrazol-3-yl]piperidin-1-yl}-2-oxoethanol (DB07943)","0.6578","http://www.drugbank.ca/drugs/DB07943"
"191","Ondansetron (DB00904)","0.6562","http://www.drugbank.ca/drugs/DB00904"
"192","3-(6-Aminopyridin-3-Yl)-N-Methyl-N-[(1-Methyl-1h-Indol-2-Yl)Methyl]Acrylamide (DB01865)","0.6560","http://www.drugbank.ca/drugs/DB01865"
"193","1-Amino-6-Cyclohex-3-Enylmethyloxypurine (DB02603)","0.6554","http://www.drugbank.ca/drugs/DB02603"
"194","Fluconazole (DB00196)","0.6543","http://www.drugbank.ca/drugs/DB00196"
"195","7-[2-METHOXY-1-(METHOXYMETHYL)ETHYL]-7H-PYRROLO[3,2-F] QUINAZOLINE-1,3-DIAMINE (DB08203)","0.6539","http://www.drugbank.ca/drugs/DB08203"
"196","Clozapine (DB00363)","0.6509","http://www.drugbank.ca/drugs/DB00363"
"197","1-cyclobutyl-3-(3,4-dimethoxyphenyl)-1H-pyrazolo[3,4-d]pyrimidin-4-amine (DB08053)","0.6495","http://www.drugbank.ca/drugs/DB08053"
"198","Flupirtine (DB06623)","0.6486","http://www.drugbank.ca/drugs/DB06623"
"199","3-METHOXY-6-[4-(3-METHYLPHENYL)-1-PIPERAZINYL]PYRIDAZINE (DB08017)","0.6486","http://www.drugbank.ca/drugs/DB08017"
"200","(2S,3S)-3-{3-[4-(METHYLSULFONYL)PHENYL]-1,2,4-OXADIAZOL-5-YL}-1-OXO-1-PYRROLIDIN-1-YLBUTAN-2-AMINE (DB07067)","0.6473","http://www.drugbank.ca/drugs/DB07067"
"201","6-PHENYL[5H]PYRROLO[2,3-B]PYRAZINE (DB07364)","0.6473","http://www.drugbank.ca/drugs/DB07364"
"202","Chloropyramine (DB08800)","0.6472","http://www.drugbank.ca/drugs/DB08800"
"203","1-[1-(3-aminophenyl)-3-tert-butyl-1H-pyrazol-5-yl]-3-phenylurea (DB06883)","0.6466","http://www.drugbank.ca/drugs/DB06883"
"204","Rilpivirine (DB08864)","0.6459","http://www.drugbank.ca/drugs/DB08864"
"205","TMC278 (DB05083)","0.6459","http://www.drugbank.ca/drugs/DB05083"
"206","4-{[4-({4-[(E)-2-cyanoethenyl]-2,6-dimethylphenyl}amino)pyrimidin-2-yl]amino}benzonitrile (DB08592)","0.6459","http://www.drugbank.ca/drugs/DB08592"
"207","Tripelennamine (DB00792)","0.6433","http://www.drugbank.ca/drugs/DB00792"
"208","2-({2-[(3R)-3-AMINOPIPERIDIN-1-YL]-4-OXOQUINAZOLIN-3(4H)-YL}METHYL)BENZONITRILE (DB08588)","0.6428","http://www.drugbank.ca/drugs/DB08588"
"209","7-(2,5-dihydropyrrol-1-yl)-6-phenyl-pyrido[6,5-d]pyrimidin-2-amine (DB08146)","0.6424","http://www.drugbank.ca/drugs/DB08146"
"210","1-(1-methylethyl)-3-quinolin-6-yl-1H-pyrazolo[3,4-d]pyrimidin-4-amine (DB08054)","0.6422","http://www.drugbank.ca/drugs/DB08054"
"211","Midazolam (DB00683)","0.6421","http://www.drugbank.ca/drugs/DB00683"
"212","6-O-Cyclohexylmethyl Guanine (DB02407)","0.6417","http://www.drugbank.ca/drugs/DB02407"
"213","Cilansetron (DB04885)","0.6412","http://www.drugbank.ca/drugs/DB04885"
"214","Mepyramine (DB06691)","0.6396","http://www.drugbank.ca/drugs/DB06691"
"215","4-[4-(2,4,6-TRIMETHYL-PHENYLAMINO)-PYRIMIDIN-2-YLAMINO]-BENZONITRILE (DB08639)","0.6388","http://www.drugbank.ca/drugs/DB08639"
"216","5-{[1-(2-fluorobenzyl)piperidin-4-yl]methoxy}quinazoline-2,4-diamine (DB07642)","0.6379","http://www.drugbank.ca/drugs/DB07642"
"217","1-(3-METHYLPHENYL)-1H-BENZIMIDAZOL-5-AMINE (DB07972)","0.6366","http://www.drugbank.ca/drugs/DB07972"
"218","Pantoprazole (DB00213)","0.6364","http://www.drugbank.ca/drugs/DB00213"
"219","2,6-DIMETHYL-1-(3-[3-METHYL-5-ISOXAZOLYL]-PROPANYL)-4-[4-METHYL-2H-TETRAZOL-2-YL]-PHENOL (DB08714)","0.6359","http://www.drugbank.ca/drugs/DB08714"
"220","Alprazolam (DB00404)","0.6348","http://www.drugbank.ca/drugs/DB00404"
"221","Triazolam (DB00897)","0.6337","http://www.drugbank.ca/drugs/DB00897"
"222","(2E)-N-{4-[(3-bromophenyl)amino]quinazolin-6-yl}-4-(dimethylamino)but-2-enamide (DB08564)","0.6320","http://www.drugbank.ca/drugs/DB08564"
"223","2-({2-[(3-HYDROXYPHENYL)AMINO]PYRIMIDIN-4-YL}AMINO)BENZAMIDE (DB07268)","0.6313","http://www.drugbank.ca/drugs/DB07268"
"224","Triprolidine (DB00427)","0.6307","http://www.drugbank.ca/drugs/DB00427"
"225","Varenicline (DB01273)","0.6307","http://www.drugbank.ca/drugs/DB01273"
"226","5-[(Z)-(5-CHLORO-2-OXO-1,2-DIHYDRO-3H-INDOL-3-YLIDENE)METHYL]-N-(DIETHYLAMINO)ETHYL]-2,4-DIMETHYL-1H-PYRROLE-3-CARBOXAMIDE (DB07180)","0.6305","http://www.drugbank.ca/drugs/DB07180"
"227","Almotriptan (DB00918)","0.6283","http://www.drugbank.ca/drugs/DB00918"
"228","4-[4-AMINO-6-(2,6-DICHLORO-PHENOXY)-[1,3,5]TRIAZIN-2-YLAMINO]-BENZONITRILE (DB07343)","0.6258","http://www.drugbank.ca/drugs/DB07343"
"229","N-{3-[(5-chloro-1H-pyrrolo[2,3-b]pyridin-3-yl)carbonyl]-2,4-difluorophenyl}propane-1-sulfonamide (DB06999)","0.6244","http://www.drugbank.ca/drugs/DB06999"
"230","3-({4-[(5-CHLORO-1,3-BENZODIOXOL-4-YL)AMINO]PYRIMIDIN-2-YL}AMINO)BENZAMIDE (DB07256)","0.6233","http://www.drugbank.ca/drugs/DB07256"
"231","Mirtazapine (DB00370)","0.6232","http://www.drugbank.ca/drugs/DB00370"
"232","N-[(3z)-5-Tert-Butyl-2-Phenyl-1,2-Dihydro-3h-Pyrazol-3-Ylidene]-N'-(4-Chlorophenyl)Urea (DB01807)","0.6224","http://www.drugbank.ca/drugs/DB01807"
"233","Estazolam (DB01215)","0.6222","http://www.drugbank.ca/drugs/DB01215"
"234","[4-amino-2-(tert-butylamino)-1,3-thiazol-5-yl](phenyl)methanone (DB08778)","0.6218","http://www.drugbank.ca/drugs/DB08778"
"235","N-[2-(6-AMINO-4-METHYLPYRIDIN-2-YL)ETHYL]-4-CYANOBENZAMIDE (DB07389)","0.6204","http://www.drugbank.ca/drugs/DB07389"
"236","BENZOTHIAZOLE (DB08624)","0.6199","http://www.drugbank.ca/drugs/DB08624"
"237","1-(thiophen-2-ylacetyl)-4-(3-thiophen-2-yl-1,2,4-oxadiazol-5-yl)piperidine (DB08471)","0.6197","http://www.drugbank.ca/drugs/DB08471"
"238","6-[2-(1H-INDOL-6-YL)ETHYL]PYRIDIN-2-AMINE (DB07206)","0.6177","http://www.drugbank.ca/drugs/DB07206"
"239","Etravirine (DB06414)","0.6165","http://www.drugbank.ca/drugs/DB06414"
"240","4-({6-AMINO-5-BROMO-2-[(4-CYANOPHENYL)AMINO]PYRIMIDIN-4-YL}OXY)-3,5-DIMETHYLBENZONITRILE (DB07191)","0.6165","http://www.drugbank.ca/drugs/DB07191"
"241","5-(4-Morpholin-4-Yl-Phenylsulfanyl)-2,4-Quinazolinediamine (DB02001)","0.6161","http://www.drugbank.ca/drugs/DB02001"
"242","N-(5-Cyclopropyl-1h-Pyrazol-3-Yl)Benzamide (DB02647)","0.6154","http://www.drugbank.ca/drugs/DB02647"
"243","Trimethoprim (DB00440)","0.6138","http://www.drugbank.ca/drugs/DB00440"
"244","2,4-Diamino-5-(3,4,5-Trimethoxy-Benzyl)-Pyrimidin-1-Ium (DB03125)","0.6138","http://www.drugbank.ca/drugs/DB03125"
"245","N-phenyl-1H-pyrrolo[2,3-b]pyridin-3-amine (DB07524)","0.6126","http://www.drugbank.ca/drugs/DB07524"
"246","Chlorphenamine (DB01114)","0.6120","http://www.drugbank.ca/drugs/DB01114"
"247","(5E,7S)-2-amino-7-(4-fluoro-2-pyridin-3-ylphenyl)-4-methyl-7,8-dihydroquinazolin-5(6H)-one oxime (DB08197)","0.6119","http://www.drugbank.ca/drugs/DB08197"
"248","(R)-pyridin-4-yl[4-(2-pyrrolidin-1-ylethoxy)phenyl]methanol (DB07258)","0.6113","http://www.drugbank.ca/drugs/DB07258"
"249","2,4-Diamino-6-[N-(2',5'-Dimethoxybenzyl)-N-Methylamino]Quinazoline (DB02427)","0.6111","http://www.drugbank.ca/drugs/DB02427"
"250","Mebendazole (DB00643)","0.6107","http://www.drugbank.ca/drugs/DB00643"
"251","Carbinoxamine (DB00748)","0.6105","http://www.drugbank.ca/drugs/DB00748"
"252","LULICONAZOLE (DB08933)","0.6104","http://www.drugbank.ca/drugs/DB08933"
"253","Bromazepam (DB01558)","0.6090","http://www.drugbank.ca/drugs/DB01558"
"254","Pleconaril (DB05105)","0.6080","http://www.drugbank.ca/drugs/DB05105"
"255","Pheniramine (DB01620)","0.6079","http://www.drugbank.ca/drugs/DB01620"
"256","2,6-DIMETHYL-1-(3-[3-METHYL-5-ISOXAZOLYL]-PROPANYL)-4-[2N-METHYL-2H-TETRAZOL-5-YL]-PHENOL (DB08713)","0.6072","http://www.drugbank.ca/drugs/DB08713"
"257","Pyrimethamine (DB00205)","0.6065","http://www.drugbank.ca/drugs/DB00205"
"258","Nialamide (DB04820)","0.6044","http://www.drugbank.ca/drugs/DB04820"
"259","Dexbrompheniramine (DB00405)","0.6043","http://www.drugbank.ca/drugs/DB00405"
"260","Brompheniramine (DB00835)","0.6043","http://www.drugbank.ca/drugs/DB00835"
"261","N-(4-PHENYLAMINO-QUINAZOLIN-6-YL)-ACRYLAMIDE (DB08462)","0.6038","http://www.drugbank.ca/drugs/DB08462"
"262","Tioconazole (DB01007)","0.6028","http://www.drugbank.ca/drugs/DB01007"
"263","6-ETHYL-5-PHENYLPYRIMIDINE-2,4-DIAMINE (DB07577)","0.6023","http://www.drugbank.ca/drugs/DB07577"
"264","N-[4-(3-BROMO-PHENYLAMINO)-QUINAZOLIN-6-YL]-ACRYLAMIDE (DB07662)","0.6019","http://www.drugbank.ca/drugs/DB07662"
"265","CRA_10972 (DB02989)","0.6016","http://www.drugbank.ca/drugs/DB02989"
"266","CRA_10950 (DB03494)","0.6016","http://www.drugbank.ca/drugs/DB03494"
"267","6-FLUORO-2-(2-HYDROXY-3-ISOBUTOXY-PHENYL)-1H-BENZOIMIDAZOLE-5-CARBOXAMIDINE (DB06855)","0.6016","http://www.drugbank.ca/drugs/DB06855"
"268","2-CHLORO-N-[(3R)-2-OXO-1,2,3,4-TETRAHYDROQUINOLIN-3-YL]-6H-THIENO[2,3-B]PYRROLE-5-CARBOXAMIDE (DB07066)","0.6015","http://www.drugbank.ca/drugs/DB07066"
"269","Desloratadine (DB00967)","0.6009","http://www.drugbank.ca/drugs/DB00967"
"270","4-(2-Thienyl)-1-(4-Methylbenzyl)-1h-Imidazole (DB03030)","0.6000","http://www.drugbank.ca/drugs/DB03030"
"271","3-({4-[(5-chloro-1,3-benzodioxol-4-yl)amino]pyrimidin-2-yl}amino)benzenesulfonamide (DB07252)","0.5994","http://www.drugbank.ca/drugs/DB07252"
"272","Doxylamine (DB00366)","0.5991","http://www.drugbank.ca/drugs/DB00366"
"273","Diethyltryptamine (DB01460)","0.5984","http://www.drugbank.ca/drugs/DB01460"
"274","CRA_10656 (DB04470)","0.5981","http://www.drugbank.ca/drugs/DB04470"
"275","1-({2-[2-(4-CHLOROPHENYL)ETHYL]-1,3-DIOXOLAN-2-YL}METHYL)-1H-IMIDAZOLE (DB06914)","0.5974","http://www.drugbank.ca/drugs/DB06914"
"276","4-(1h-Imidazol-4-Yl)-3-(5-Ethyl-2,4-Dihydroxy-Phenyl)-1h-Pyrazole (DB03749)","0.5955","http://www.drugbank.ca/drugs/DB03749"
"277","5-ETHYL-3-METHYL-1,5-DIHYDRO-4H-PYRAZOLO[4,3-C]QUINOLIN-4-ONE (DB07158)","0.5952","http://www.drugbank.ca/drugs/DB07158"
"278","Minaprine (DB00805)","0.5946","http://www.drugbank.ca/drugs/DB00805"
"279","CRA_10655 (DB02526)","0.5944","http://www.drugbank.ca/drugs/DB02526"
"280","3-(3-methoxybenzyl)-1H-pyrrolo[2,3-b]pyridine (DB07525)","0.5944","http://www.drugbank.ca/drugs/DB07525"
"281","1-(5-Chloroindol-3-Yl)-3-Hydroxy-3-(2h-Tetrazol-5-Yl)-Propenone (DB03118)","0.5939","http://www.drugbank.ca/drugs/DB03118"
"282","(5Z)-5-[(5-ETHYL-2-FURYL)METHYLENE]-2-{[(S)-(4-FLUOROPHENYL)(1H-TETRAZOL-5-YL)METHYL]AMINO}-1,3-THIAZOL-4(5H)-ONE (DB08710)","0.5939","http://www.drugbank.ca/drugs/DB08710"
"283","Prochlorperazine (DB00433)","0.5905","http://www.drugbank.ca/drugs/DB00433"
"284","Trimetrexate (DB01157)","0.5892","http://www.drugbank.ca/drugs/DB01157"
"285","3-{3-[(DIMETHYLAMINO)METHYL]-1H-INDOL-7-YL}PROPAN-1-OL (DB08447)","0.5890","http://www.drugbank.ca/drugs/DB08447"
"286","2-(2-chloropyridin-4-yl)-4-methyl-1H-isoindole-1,3(2H)-dione (DB06860)","0.5885","http://www.drugbank.ca/drugs/DB06860"
"287","1-[(2S)-4-(5-phenyl-1H-pyrazolo[3,4-b]pyridin-4-yl)morpholin-2-yl]methanamine (DB08774)","0.5884","http://www.drugbank.ca/drugs/DB08774"
"288","METOPRINE, METHODICHLOROPHEN (DB04655)","0.5880","http://www.drugbank.ca/drugs/DB04655"
"289","5-[(1S)-1-(3-chlorophenyl)ethoxy]quinazoline-2,4-diamine (DB07644)","0.5871","http://www.drugbank.ca/drugs/DB07644"
"290","5-[2-(1H-pyrrol-1-yl)ethoxy]-1H-indole (DB06828)","0.5867","http://www.drugbank.ca/drugs/DB06828"
"291","Primaquine (DB01087)","0.5866","http://www.drugbank.ca/drugs/DB01087"
"292","Inhibitor of P38 Kinase (DB01953)","0.5865","http://www.drugbank.ca/drugs/DB01953"
"293","N'-(3-CHLORO-4-METHOXY-PHENYL)-N-(3,4,5-TRIMETHOXYPHENYL)-1,3,5-TRIAZINE-2,4-DIAMINE (DB07251)","0.5861","http://www.drugbank.ca/drugs/DB07251"
"294","2-AMINO-4-(2,4-DICHLOROPHENYL)-N-ETHYLTHIENO[2,3-D]PYRIMIDINE-6-CARBOXAMIDE (DB08789)","0.5859","http://www.drugbank.ca/drugs/DB08789"
"295","Frovatriptan (DB00998)","0.5850","http://www.drugbank.ca/drugs/DB00998"
"296","5-[4-Tert-Butylphenylsulfanyl]-2,4-Quinazolinediamine (DB01958)","0.5839","http://www.drugbank.ca/drugs/DB01958"
"297","Propiomazine (DB00777)","0.5837","http://www.drugbank.ca/drugs/DB00777"
"298","Cysteine-Methylene-Carbamoyl-1,10-Phenanthroline (DB04437)","0.5833","http://www.drugbank.ca/drugs/DB04437"
"299","CRA_9334 (DB02288)","0.5832","http://www.drugbank.ca/drugs/DB02288"
"300","2-AMINO-1-METHYL-6-PHENYLIMIDAZO[4,5-B]PYRIDINE (DB08398)","0.5830","http://www.drugbank.ca/drugs/DB08398"
"301","5-AMINO-3-{[4-(AMINOSULFONYL)PHENYL]AMINO}-N-(2,6-DIFLUOROPHENYL)-1H-1,2,4-TRIAZOLE-1-CARBOTHIOAMIDE (DB07664)","0.5827","http://www.drugbank.ca/drugs/DB07664"
"302","4-(4-FLUOROPHENYL)-1-CYCLOROPROPYLMETHYL-5-(4-PYRIDYL)-IMIDAZOLE (DB08522)","0.5823","http://www.drugbank.ca/drugs/DB08522"
"303","6-CHLORO-9-HYDROXY-1,3-DIMETHYL-1,9-DIHYDRO-4H-PYRAZOLO[3,4-B]QUINOLIN-4-ONE (DB07218)","0.5814","http://www.drugbank.ca/drugs/DB07218"
"304","4-(2-amino-1-methyl-1H-imidazo[4,5-b]pyridin-6-yl)phenol (DB06898)","0.5808","http://www.drugbank.ca/drugs/DB06898"
"305","CRA_1802 (DB02875)","0.5803","http://www.drugbank.ca/drugs/DB02875"
"306","Aceprometazine (DB01615)","0.5783","http://www.drugbank.ca/drugs/DB01615"
"307","4-[(1S)-1-(3-fluoro-4-methoxyphenyl)-2-(2-methoxy-5-nitrophenyl)ethyl]-1H-imidazol-2-amine (DB07415)","0.5776","http://www.drugbank.ca/drugs/DB07415"
"308","6-(2,6-DIMETHOXYPHENYL)PYRIDO[2,3-D]PYRIMIDINE-2,7-DIAMINE (DB08145)","0.5770","http://www.drugbank.ca/drugs/DB08145"
"309","Ethopropazine (DB00392)","0.5769","http://www.drugbank.ca/drugs/DB00392"
"310","2-(2-Hydroxy-Phenyl)-3h-Benzoimidazole-5-Carboxamidine (DB02287)","0.5764","http://www.drugbank.ca/drugs/DB02287"
"311","CRA_1144 (DB03643)","0.5764","http://www.drugbank.ca/drugs/DB03643"
"312","2-(3'-Methoxyphenyl) Benzimidazole-4-Carboxamide (DB04010)","0.5760","http://www.drugbank.ca/drugs/DB04010"
"313","Acepromazine (DB01614)","0.5752","http://www.drugbank.ca/drugs/DB01614"
"314","6-(2,6-dibromophenyl)pyrido[2,3-d]pyrimidine-2,7-diamine (DB08144)","0.5745","http://www.drugbank.ca/drugs/DB08144"
"315","5-{4-[(3,5-DIFLUOROBENZYL)AMINO]PHENYL}-6-ETHYLPYRIMIDINE-2,4-DIAMINE (DB07244)","0.5739","http://www.drugbank.ca/drugs/DB07244"
"316","Pindolol (DB00960)","0.5734","http://www.drugbank.ca/drugs/DB00960"
"317","2,6-DIMETHYL-1-(3-[3-METHYL-5-ISOXAZOLYL]-PROPANYL)-4-[2-METHYL-4-ISOXAZOLYL]-PHENOL (DB08715)","0.5733","http://www.drugbank.ca/drugs/DB08715"
"318","2-Amino-6-Aminomethyl-8-Phenylsulfanylmethyl-3h-Quinazolin-4-One (DB04239)","0.5723","http://www.drugbank.ca/drugs/DB04239"
"319","2-(2-Hydroxy-5-Methoxy-Phenyl)-1h-Benzoimidazole-5-Carboxamidine (DB01905)","0.5723","http://www.drugbank.ca/drugs/DB01905"
"320","Gluco-Phenylimidazole (DB02862)","0.5708","http://www.drugbank.ca/drugs/DB02862"
"321","Loxapine (DB00408)","0.5702","http://www.drugbank.ca/drugs/DB00408"
"322","2-CHLORO-N-[(1R,2R)-1-HYDROXY-2,3-DIHYDRO-1H-INDEN-2-YL]-6H-THIENO[2,3-B]PYRROLE-5-CARBOXAMIDE (DB06986)","0.5692","http://www.drugbank.ca/drugs/DB06986"
"323","4-CHLORO-6-(4-PIPERAZIN-1-YL-1H-PYRAZOL-5-YL)BENZENE-1,3-DIOL (DB07100)","0.5686","http://www.drugbank.ca/drugs/DB07100"
"324","S-[5-(TRIFLUOROMETHYL)-4H-1,2,4-TRIAZOL-3-YL] 5-(PHENYLETHYNYL)FURAN-2-CARBOTHIOATE (DB07743)","0.5683","http://www.drugbank.ca/drugs/DB07743"
"325","CRA_9785 (DB03595)","0.5676","http://www.drugbank.ca/drugs/DB03595"
"326","Methdilazine (DB00902)","0.5675","http://www.drugbank.ca/drugs/DB00902"
"327","Sulfaphenazole (DB06729)","0.5674","http://www.drugbank.ca/drugs/DB06729"
"328","5-[(4-Methylphenyl)Sulfanyl]-2,4-Quinazolinediamine (DB04306)","0.5672","http://www.drugbank.ca/drugs/DB04306"
"329","3-[6-bromo-2-fluoro-3-(1H-pyrazolo[3,4-c]pyridazin-3-ylmethyl)phenoxy]-5-chlorobenzonitrile (DB08446)","0.5669","http://www.drugbank.ca/drugs/DB08446"
"330","Alimemazine (DB01246)","0.5656","http://www.drugbank.ca/drugs/DB01246"
"331","(4E)-N-(4-fluorophenyl)-4-[(phenylcarbonyl)imino]-4H-pyrazole-3-carboxamide (DB08137)","0.5655","http://www.drugbank.ca/drugs/DB08137"
"332","3,7-BIS(DIMETHYLAMINO)PHENOTHIAZIN-5-IUM (DB08167)","0.5647","http://www.drugbank.ca/drugs/DB08167"
"333","4-[3-(4-CHLOROPHENYL)-1H-PYRAZOL-5-YL]PIPERIDINE (DB08061)","0.5647","http://www.drugbank.ca/drugs/DB08061"
"334","Amoxapine (DB00543)","0.5644","http://www.drugbank.ca/drugs/DB00543"
"335","Tanaproget (DB04787)","0.5639","http://www.drugbank.ca/drugs/DB04787"
"336","Chlorpromazine (DB00477)","0.5630","http://www.drugbank.ca/drugs/DB00477"
"337","4-[3-Methylsulfanylanilino]-6,7-Dimethoxyquinazoline (DB02984)","0.5628","http://www.drugbank.ca/drugs/DB02984"
"338","Promethazine (DB01069)","0.5621","http://www.drugbank.ca/drugs/DB01069"
"339","3-(1,10-Phenanthrol-2-Yl)-L-Alanine (DB01659)","0.5614","http://www.drugbank.ca/drugs/DB01659"
"340","Butoconazole (DB00639)","0.5612","http://www.drugbank.ca/drugs/DB00639"
"341","{[(2,6-difluorophenyl)carbonyl]amino}-N-(4-fluorophenyl)-1H-pyrazole-3-carboxamide (DB08138)","0.5610","http://www.drugbank.ca/drugs/DB08138"
"342","3-{[(1R)-1-phenylethyl]amino}-4-(pyridin-4-ylamino)cyclobut-3-ene-1,2-dione (DB07234)","0.5593","http://www.drugbank.ca/drugs/DB07234"
"343","Promazine (DB00420)","0.5589","http://www.drugbank.ca/drugs/DB00420"
"344","Triflupromazine (DB00508)","0.5583","http://www.drugbank.ca/drugs/DB00508"
"345","3-(4-Fluorophenyl)-2-(6-Methylpyridin-2-Yl)-5,6-Dihydro-4h-Pyrrolo[1,2-B]Pyrazole (DB04480)","0.5575","http://www.drugbank.ca/drugs/DB04480"
"346","N-1,10-phenanthrolin-5-ylacetamide (DB08440)","0.5574","http://www.drugbank.ca/drugs/DB08440"
"347","3-FLUORO-N-1H-INDOL-5-YL-5-MORPHOLIN-4-YLBENZAMIDE (DB08092)","0.5573","http://www.drugbank.ca/drugs/DB08092"
"348","Cimicoxib (DB05095)","0.5573","http://www.drugbank.ca/drugs/DB05095"
"349","5-Phenylsulfanyl-2,4-Quinazolinediamine (DB04163)","0.5539","http://www.drugbank.ca/drugs/DB04163"
"350","Amodiaquine (DB00613)","0.5528","http://www.drugbank.ca/drugs/DB00613"
"351","4-[3-Hydroxyanilino]-6,7-Dimethoxyquinazoline (DB03365)","0.5525","http://www.drugbank.ca/drugs/DB03365"
"352","N~3~-[3-(5-METHOXYPYRIDIN-3-YL)BENZYL]PYRIDINE-2,3-DIAMINE (DB07303)","0.5519","http://www.drugbank.ca/drugs/DB07303"
"353","2-[2-(2-FLUOROPHENYL)PYRIDIN-4-YL]-1,5,6,7-TETRAHYDRO-4H-PYRROLO[3,2-C]PYRIDIN-4-ONE (DB07728)","0.5519","http://www.drugbank.ca/drugs/DB07728"
"354","Econazole (DB01127)","0.5516","http://www.drugbank.ca/drugs/DB01127"
"355","1-[(2S)-2-[(4-CHLOROBENZYL)OXY]-2-(2,4-DICHLOROPHENYL)ETHYL]-1H-IMIDAZOLE (DB07705)","0.5516","http://www.drugbank.ca/drugs/DB07705"
"356","8-ethyl-3,10,10-trimethyl-4,5,6,8,10,12-hexahydropyrazolo[4',3':6,7]cyclohepta[1,2-b]pyrrolo[2,3-f]indol-9(1H)-one (DB07266)","0.5515","http://www.drugbank.ca/drugs/DB07266"
"357","[3-(4-Bromo-2-Fluoro-Benzyl)-7-Chloro-2,4-Dioxo-3,4-Dihydro-2h-Quinazolin-1-Yl]-Acetic Acid (DB02132)","0.5513","http://www.drugbank.ca/drugs/DB02132"
"358","3-ETHYL-2-(4-HYDROXYPHENYL)-2H-INDAZOL-5-OL (DB07712)","0.5512","http://www.drugbank.ca/drugs/DB07712"
"359","Oxiconazole (DB00239)","0.5505","http://www.drugbank.ca/drugs/DB00239"
"360","N~3~-(3-PYRIDIN-3-YLBENZYL)PYRIDINE-2,3-DIAMINE (DB07284)","0.5505","http://www.drugbank.ca/drugs/DB07284"
"361","2-(4-Chlorophenyl)-5-Quinoxalinecarboxamide (DB03509)","0.5498","http://www.drugbank.ca/drugs/DB03509"
"362","N-(4-chlorophenyl)-2-[(pyridin-4-ylmethyl)amino]benzamide (DB07288)","0.5492","http://www.drugbank.ca/drugs/DB07288"
"363","3,5,6,8-Tetramethyl-N-Methyl Phenanthrolinium (DB02310)","0.5489","http://www.drugbank.ca/drugs/DB02310"
"364","Mequitazine (DB01071)","0.5483","http://www.drugbank.ca/drugs/DB01071"
"365","4-[(4-O-SULFAMOYLBENZYL)(4-CYANOPHENYL)AMINO]-4H-[1,2,4]-TRIAZOLE (DB04601)","0.5450","http://www.drugbank.ca/drugs/DB04601"
"366","{[4-AMINO-2-(3-CHLOROANILINO)-1,3-THIAZOL-5-YL](4-FLUOROPHENYL)METHANONE (DB07489)","0.5446","http://www.drugbank.ca/drugs/DB07489"
"367","Miconazole (DB01110)","0.5435","http://www.drugbank.ca/drugs/DB01110"
"368","4-[(3-BROMO-4-O-SULFAMOYLBENZYL)(4-CYANOPHENYL)AMINO]-4H-[1,2,4]-TRIAZOLE (DB04600)","0.5427","http://www.drugbank.ca/drugs/DB04600"
"369","5-(4-Methoxyphenoxy)-2,4-Quinazolinediamine (DB02402)","0.5427","http://www.drugbank.ca/drugs/DB02402"
"370","N,N-DIMETHYL-4-(4-PHENYL-1H-PYRAZOL-3-YL)-1H-PYRROLE-2-CARBOXAMIDE (DB06877)","0.5412","http://www.drugbank.ca/drugs/DB06877"
"371","3-(4-Phenylamino-Phenylamino)-2-(1h-Tetrazol-5-Yl)-Acrylonitrile (DB04430)","0.5410","http://www.drugbank.ca/drugs/DB04430"
"372","2-AMINO-N,N-BIS(PHENYLMETHYL)-1,3-OXAZOLE-5-CARBOXAMIDE (DB08315)","0.5402","http://www.drugbank.ca/drugs/DB08315"
"373","N,N-Bis(4-Chlorobenzyl)-1h-1,2,3,4-Tetraazol-5-Amine (DB04037)","0.5400","http://www.drugbank.ca/drugs/DB04037"
"374","5-(Aminomethyl)-6-(2,4-Dichlorophenyl)-2-(3,5-Dimethoxyphenyl)Pyrimidin-4-Amine (DB02004)","0.5397","http://www.drugbank.ca/drugs/DB02004"
"375","4-(2,4-dichlorophenyl)-5-phenyldiazenyl-pyrimidin-2-amine (DB08787)","0.5382","http://www.drugbank.ca/drugs/DB08787"
"376","4,7-Dimethyl-[1,10]Phenanthroline (DB02586)","0.5341","http://www.drugbank.ca/drugs/DB02586"
"377","3-Mercapto-1-(1,3,4,9-Tetrahydro-B-Carbolin-2-Yl)-Propan-1-One (DB03372)","0.5323","http://www.drugbank.ca/drugs/DB03372"
"378","Letrozole (DB01006)","0.5292","http://www.drugbank.ca/drugs/DB01006"
"379","5-[(3R)-3-(5-methoxybiphenyl-3-yl)but-1-yn-1-yl]-6-methylpyrimidine-2,4-diamine (DB07140)","0.5277","http://www.drugbank.ca/drugs/DB07140"
"380","5-[(3S)-3-(2-methoxybiphenyl-4-yl)but-1-yn-1-yl]-6-methylpyrimidine-2,4-diamine (DB06847)","0.5272","http://www.drugbank.ca/drugs/DB06847"
"381","N-(5-{3,4-difluoro-2-[(2-fluoro-4-iodophenyl)amino]phenyl}-1,3,4-oxadiazol-2-yl)ethane-1,2-diamine (DB08130)","0.5259","http://www.drugbank.ca/drugs/DB08130"
"382","3-(4-fluorophenyl)-5-phenyl-4H-1,2,4-triazole (DB08470)","0.5256","http://www.drugbank.ca/drugs/DB08470"
"383","6-(3-AMINOPHENYL)-N-(TERT-BUTYL)-2-(TRIFLUOROMETHYL)QUINAZOLIN-4-AMINE (DB07612)","0.5256","http://www.drugbank.ca/drugs/DB07612"
"384","5-chloro-N-{4-[(1R)-1,2-dihydroxyethyl]phenyl}-1H-indole-2-carboxamide (DB07315)","0.5255","http://www.drugbank.ca/drugs/DB07315"
"385","8-(Pyrimidin-2-Ylamino)Naphthalene-2-Carboximidamide (DB04059)","0.5240","http://www.drugbank.ca/drugs/DB04059"
"386","Aminacrine (DB02842)","0.5234","http://www.drugbank.ca/drugs/DB02842"
"387","3-CHLORO-2-(4-HYDROXYPHENYL)-2H-INDAZOL-5-OL (DB07708)","0.5208","http://www.drugbank.ca/drugs/DB07708"
"388","TRW3-(2-AMINO-3-HYDROXY-PROPYL)-6-(N'-CYCLOHEXYL-HYDRAZINO)OCTAHYDRO-INDOL-7-OL (DB08646)","0.5206","http://www.drugbank.ca/drugs/DB08646"
"389","Clopidogrel (DB00758)","0.5191","http://www.drugbank.ca/drugs/DB00758"
"390","Rolicyclidine (DB01549)","0.5173","http://www.drugbank.ca/drugs/DB01549"
"391","(9S)-9-[(8-AMMONIOOCTYL)AMINO]-1,2,3,4,9,10-HEXAHYDROACRIDINIUM (DB04617)","0.5172","http://www.drugbank.ca/drugs/DB04617"
"392","3-fluoro-N-[3-(1H-tetrazol-5-yl)phenyl]benzamide (DB07729)","0.5164","http://www.drugbank.ca/drugs/DB07729"
"393","2-[4-(DIMETHYLAMINO)PHENYL]-6-HYDROXY-3-METHYL-1,3-BENZOTHIAZOL-3-IUM (DB08615)","0.5158","http://www.drugbank.ca/drugs/DB08615"
"394","Phentolamine (DB00692)","0.5143","http://www.drugbank.ca/drugs/DB00692"
"395","5-Bromo-N[2-(Dimethylamino)Ethyl]-9-Aminoacridine-4-Carboxamide (DB02390)","0.5132","http://www.drugbank.ca/drugs/DB02390"
"396","Antazoline (DB08799)","0.5130","http://www.drugbank.ca/drugs/DB08799"
"397","L-Histidine Beta Naphthylamide (DB01938)","0.5122","http://www.drugbank.ca/drugs/DB01938"
"398","ZK-805623 (DB04432)","0.5112","http://www.drugbank.ca/drugs/DB04432"
"399","N-(4-(2-((3-Chlorophenylmethyl)Amino)Ethyl)Phenyl)-2-Thiophecarboxamidine (DB03449)","0.5093","http://www.drugbank.ca/drugs/DB03449"
"400","6-(3-BROMO-2-NAPHTHYL)-1,3,5-TRIAZINE-2,4-DIAMINE (DB07319)","0.5080","http://www.drugbank.ca/drugs/DB07319"
"401","Ticlopidine (DB00208)","0.5078","http://www.drugbank.ca/drugs/DB00208"
"402","FR233623 (DB03220)","0.5076","http://www.drugbank.ca/drugs/DB03220"
"403","5-[(5-fluoro-3-methyl-1H-indazol-4-yl)oxy]benzene-1,3-dicarbonitrile (DB07935)","0.5055","http://www.drugbank.ca/drugs/DB07935"
"404","{(2Z)-4-AMINO-2-[(4-METHOXYPHENYL)IMINO]-2,3-DIHYDRO-1,3-THIAZOL-5-YL}(4-METHOXYPHENYL)METHANONE (DB07488)","0.5041","http://www.drugbank.ca/drugs/DB07488"
"405","6-(4-chloro-2-fluoro-3-phenoxybenzyl)pyridazin-3(2H)-one (DB08379)","0.5039","http://www.drugbank.ca/drugs/DB08379"
"406","FR230513 (DB03572)","0.5035","http://www.drugbank.ca/drugs/DB03572"
"407","N-(4-ACETYLPHENYL)-5-(5-CHLORO-2,4-DIHYDROXYPHENYL)-1H-PYRAZOLE-4-CARBOXAMIDE (DB06956)","0.5016","http://www.drugbank.ca/drugs/DB06956"
"408","Chlorcyclizine (DB08936)","0.5002","http://www.drugbank.ca/drugs/DB08936"
"409","Benoxaprofen (DB04812)","0.4998","http://www.drugbank.ca/drugs/DB04812"
"410","Ezogabine  (DB04953)","0.4974","http://www.drugbank.ca/drugs/DB04953"
"411","Epinastine (DB00751)","0.4962","http://www.drugbank.ca/drugs/DB00751"
"412","Cyclizine (DB01176)","0.4960","http://www.drugbank.ca/drugs/DB01176"
"413","(3R)-3-[(1,2,3,4-tetrahydroisoquinolin-7-yloxy)methyl]-2,3-dihydrothieno[2,3-f][1,4]oxazepin-5-amine (DB07007)","0.4960","http://www.drugbank.ca/drugs/DB07007"
"414","1-(4-CYANO-PHENYL)-3-[2-(2,6-DICHLORO-PHENYL)-1-IMINO-ETHYL]-THIOUREA (DB07961)","0.4956","http://www.drugbank.ca/drugs/DB07961"
"415","Clobazam (DB00349)","0.4955","http://www.drugbank.ca/drugs/DB00349"
"416","Fludiazepam (DB01567)","0.4955","http://www.drugbank.ca/drugs/DB01567"
"417","7-(aminomethyl)-6-(2-chlorophenyl)-1-methyl-1H-benzimidazole-5-carbonitrile (DB07239)","0.4954","http://www.drugbank.ca/drugs/DB07239"
"418","Trimipramine (DB00726)","0.4922","http://www.drugbank.ca/drugs/DB00726"
"419","2-(2,4-DICHLOROPHENOXY)-5-(PYRIDIN-2-YLMETHYL)PHENOL (DB07287)","0.4920","http://www.drugbank.ca/drugs/DB07287"
"420","Anastrozole (DB01217)","0.4919","http://www.drugbank.ca/drugs/DB01217"
"421","Diazepam (DB00829)","0.4913","http://www.drugbank.ca/drugs/DB00829"
"422","N-(3-CYCLOPROPYL-1H-PYRAZOL-5-YL)-2-(2-NAPHTHYL)ACETAMIDE (DB06944)","0.4912","http://www.drugbank.ca/drugs/DB06944"
"423","Temazepam (DB00231)","0.4897","http://www.drugbank.ca/drugs/DB00231"
"424","Dimetindene (DB08801)","0.4891","http://www.drugbank.ca/drugs/DB08801"
"425","Clomipramine (DB01242)","0.4877","http://www.drugbank.ca/drugs/DB01242"
"426","(2S)-1-(9H-Carbazol-4-yloxy)-3-(isopropylamino)propan-2-ol (DB07543)","0.4848","http://www.drugbank.ca/drugs/DB07543"
"427","Imipramine (DB00458)","0.4841","http://www.drugbank.ca/drugs/DB00458"
"428","N-[4-(AMINOSULFONYL)BENZYL]-5-(5-CHLORO-2,4-DIHYDROXYPHENYL)-1H-PYRAZOLE-4-CARBOXAMIDE (DB04588)","0.4839","http://www.drugbank.ca/drugs/DB04588"
"429","5-methyl-6-phenylquinazoline-2,4-diamine (DB08317)","0.4819","http://www.drugbank.ca/drugs/DB08317"
"430","1-(4-Amidinophenyl)-3-(4-Chlorophenyl)Urea (DB04336)","0.4819","http://www.drugbank.ca/drugs/DB04336"
"431","Clonazepam (DB01068)","0.4818","http://www.drugbank.ca/drugs/DB01068"
"432","Alsterpaullone (DB04014)","0.4813","http://www.drugbank.ca/drugs/DB04014"
"433","Nomifensine (DB04821)","0.4810","http://www.drugbank.ca/drugs/DB04821"
"434","CRA_10991 (DB01771)","0.4808","http://www.drugbank.ca/drugs/DB01771"
"435","4-(4-CHLOROPHENYL)-4-[4-(1H-PYRAZOL-4-YL)PHENYL]PIPERIDINE (DB07859)","0.4801","http://www.drugbank.ca/drugs/DB07859"
"436","Lumiracoxib (DB01283)","0.4793","http://www.drugbank.ca/drugs/DB01283"
"437","2-(3-FLUORO-4-HYDROXYPHENYL)-7-VINYL-1,3-BENZOXAZOL-5-OL (DB06832)","0.4790","http://www.drugbank.ca/drugs/DB06832"
"438","CRA_10433 (DB03173)","0.4774","http://www.drugbank.ca/drugs/DB03173"
"439","2-(2,6-DICHLOROPHENYL)-1,3-BENZOXAZOLE-6-CARBOXYLIC ACID (DB06907)","0.4771","http://www.drugbank.ca/drugs/DB06907"
"440","2-fluoro-4-[4-(4-fluorophenyl)-1H-pyrazol-3-yl]pyridine (DB07942)","0.4768","http://www.drugbank.ca/drugs/DB07942"
"441","Chlordiazepoxide (DB00475)","0.4767","http://www.drugbank.ca/drugs/DB00475"
"442","(S)-Wiskostatin (DB01731)","0.4766","http://www.drugbank.ca/drugs/DB01731"
"443","4-[3-(4-FLUOROPHENYL)-1H-PYRAZOL-4-YL]PYRIDINE (DB07829)","0.4756","http://www.drugbank.ca/drugs/DB07829"
"444","Mazindol (DB00579)","0.4751","http://www.drugbank.ca/drugs/DB00579"
"445","Delorazepam (DB01511)","0.4740","http://www.drugbank.ca/drugs/DB01511"
"446","Lorazepam (DB00186)","0.4725","http://www.drugbank.ca/drugs/DB00186"
"447","Oxazepam (DB00842)","0.4721","http://www.drugbank.ca/drugs/DB00842"
"448","N-(4-CARBAMIMIDOYL-3-CHORO-PHENYL)-2-HYDROXY-3-IODO-5-METHYL-BENZAMIDE (DB06857)","0.4717","http://www.drugbank.ca/drugs/DB06857"
"449","Desipramine (DB01151)","0.4712","http://www.drugbank.ca/drugs/DB01151"
"450","Diminazene (DB03608)","0.4712","http://www.drugbank.ca/drugs/DB03608"
"451","N4-(N,N-DIPHENYLCARBAMOYL)-AMINOGUANIDINE (DB07120)","0.4707","http://www.drugbank.ca/drugs/DB07120"
"452","1-(9-ethyl-9H-carbazol-3-yl)-N-methylmethanamine (DB08363)","0.4696","http://www.drugbank.ca/drugs/DB08363"
"453","Clofedanol (DB04837)","0.4690","http://www.drugbank.ca/drugs/DB04837"
"454","2-amino-7-fluoro-5-oxo-5H-chromeno[2,3-b]pyridine-3-carboxamide (DB07040)","0.4687","http://www.drugbank.ca/drugs/DB07040"
"455","(2R)-2-(4-CHLOROPHENYL)-2-[4-(1H-PYRAZOL-4-YL)PHENYL]ETHANAMINE (DB07857)","0.4678","http://www.drugbank.ca/drugs/DB07857"
"456","(2S)-2-(4-CHLOROPHENYL)-2-[4-(1H-PYRAZOL-4-YL)PHENYL]ETHANAMINE (DB07858)","0.4678","http://www.drugbank.ca/drugs/DB07858"
"457","CNS-5161 (DB05824)","0.4652","http://www.drugbank.ca/drugs/DB05824"
"458","2,4-DIAMINO-1,5-DIPHENYL-3-HYDROXYPENTANE (DB07575)","0.4647","http://www.drugbank.ca/drugs/DB07575"
"459","3,6-DIAMINO-5-CYANO-4-(4-ETHOXYPHENYL)THIENO[2,3-B]PYRIDINE-2-CARBOXAMIDE (DB08788)","0.4634","http://www.drugbank.ca/drugs/DB08788"
"460","CRA_9678 (DB04563)","0.4632","http://www.drugbank.ca/drugs/DB04563"
"461","5-[(2-AMINOETHYL)AMINO]-6-FLUORO-3-(1H-PYRROL-2-YL)BENZO[CD]INDOL-2(1H)-ONE (DB07163)","0.4629","http://www.drugbank.ca/drugs/DB07163"
"462","2-(3-METHYLPHENYL)-1H-INDOLE-5-CARBOXIMIDAMIDE (DB06923)","0.4578","http://www.drugbank.ca/drugs/DB06923"
"463","2-(2-METHYLPHENYL)-1H-INDOLE-6-CARBOXIMIDAMIDE (DB06918)","0.4577","http://www.drugbank.ca/drugs/DB06918"
"464","2-(2-METHYLPHENYL)-1H-INDOLE-5-CARBOXIMIDAMIDE (DB08184)","0.4577","http://www.drugbank.ca/drugs/DB08184"
"465","Sertraline (DB01104)","0.4564","http://www.drugbank.ca/drugs/DB01104"
"466","CRA_9076 (DB04215)","0.4552","http://www.drugbank.ca/drugs/DB04215"
"467","Carprofen (DB00821)","0.4545","http://www.drugbank.ca/drugs/DB00821"
"468","Vanoxerine (DB03701)","0.4521","http://www.drugbank.ca/drugs/DB03701"
"469","4-[1-allyl-7-(trifluoromethyl)-1H-indazol-3-yl]benzene-1,3-diol (DB08047)","0.4514","http://www.drugbank.ca/drugs/DB08047"
"470","Proflavine (DB01123)","0.4513","http://www.drugbank.ca/drugs/DB01123"
"471","1-(2-Amidinophenyl)-3-(Phenoxyphenyl)Urea (DB03337)","0.4508","http://www.drugbank.ca/drugs/DB03337"
"472","4-(3-amino-1H-indazol-5-yl)-N-tert-butylbenzenesulfonamide (DB07162)","0.4484","http://www.drugbank.ca/drugs/DB07162"
"473","2-(2-Hydroxy-Phenyl)-1h-Indole-5-Carboxamidine (DB02463)","0.4465","http://www.drugbank.ca/drugs/DB02463"
"474","4-(2-chlorophenyl)-8-(2-hydroxyethyl)-6-methylpyrrolo[3,4-e]indole-1,3(2H,6H)-dione (DB07257)","0.4438","http://www.drugbank.ca/drugs/DB07257"
"475","Tacrine (DB00382)","0.4424","http://www.drugbank.ca/drugs/DB00382"
"476","5-(5-CHLORO-2,4-DIHYDROXYPHENYL)-N-ETHYL-4-(4-METHOXYPHENYL)-1H-PYRAZOLE-3-CARBOXAMIDE (DB07495)","0.4407","http://www.drugbank.ca/drugs/DB07495"
"477","2-(1,3-benzodioxol-5-yl)-5-[(3-fluoro-4-methoxybenzyl)sulfanyl]-1,3,4-oxadiazole (DB07014)","0.4402","http://www.drugbank.ca/drugs/DB07014"
"478","Lucanthone (DB04967)","0.4365","http://www.drugbank.ca/drugs/DB04967"
"479","Carbamazepine (DB00564)","0.4363","http://www.drugbank.ca/drugs/DB00564"
"480","3-(1-NAPHTHYLMETHOXY)PYRIDIN-2-AMINE (DB08093)","0.4340","http://www.drugbank.ca/drugs/DB08093"
"481","(2R)-2-(4-CHLOROPHENYL)-2-PHENYLETHANAMINE (DB07860)","0.4337","http://www.drugbank.ca/drugs/DB07860"
"482","N-(3-cyano-4,5,6,7-tetrahydro-1-benzothien-2-yl)-2-fluorobenzamide (DB07217)","0.4239","http://www.drugbank.ca/drugs/DB07217"
"483","4-{4-[4-(3-AMINOPROPOXY)PHENYL]-1H-PYRAZOL-5-YL}-6-CHLOROBENZENE-1,3-DIOL (DB08045)","0.4230","http://www.drugbank.ca/drugs/DB08045"
"484","Butenafine (DB01091)","0.4191","http://www.drugbank.ca/drugs/DB01091"
"485","Amonafide (DB05022)","0.4182","http://www.drugbank.ca/drugs/DB05022"
"486","7-[(3-CHLOROBENZYL)OXY]-4-[(METHYLAMINO)METHYL]-2H-CHROMEN-2-ONE (DB07513)","0.4172","http://www.drugbank.ca/drugs/DB07513"
"487","AN2728 (DB05219)","0.4113","http://www.drugbank.ca/drugs/DB05219"
"488","5-phenyl-1H-indazol-3-amine (DB07161)","0.4093","http://www.drugbank.ca/drugs/DB07161"
"489","6-[N-(4-(Aminomethyl)Phenyl)Carbamyl]-2-Naphthalenecarboxamidine (DB02398)","0.4030","http://www.drugbank.ca/drugs/DB02398"
"490","Dapoxetine (DB04884)","0.4007","http://www.drugbank.ca/drugs/DB04884"
"491","Duloxetine (DB00476)","0.3996","http://www.drugbank.ca/drugs/DB00476"
"492","5,6-Dihydro-Benzo[H]Cinnolin-3-Ylamine (DB04069)","0.3992","http://www.drugbank.ca/drugs/DB04069"
"493","N-(7-CARBAMIMIDOYL-NAPHTHALEN-1-YL)-3-HYDROXY-2-METHYL-BENZAMIDE (DB07212)","0.3982","http://www.drugbank.ca/drugs/DB07212"
"494","Chlorprothixene (DB01239)","0.3932","http://www.drugbank.ca/drugs/DB01239"
"495","Naphazoline (DB06711)","0.3908","http://www.drugbank.ca/drugs/DB06711"
"496","6-(N-Phenylcarbamyl)-2-Naphthalenecarboxamidine (DB01977)","0.3900","http://www.drugbank.ca/drugs/DB01977"
"497","7-Methoxy-8-[1-(Methylsulfonyl)-1h-Pyrazol-4-Yl]Naphthalene-2-Carboximidamide (DB03046)","0.3859","http://www.drugbank.ca/drugs/DB03046"
"498","Trans-6-(2-Phenylcyclopropyl)-Naphthalene-2-Carboxamidine (DB03476)","0.3828","http://www.drugbank.ca/drugs/DB03476"
"499","Aminoanthracene (DB01976)","0.3019","http://www.drugbank.ca/drugs/DB01976"
"500","9-Aminophenanthrene (DB03369)","0.2966","http://www.drugbank.ca/drugs/DB03369"
