"","DrugBank Compound (Name, ID)","Similarity to ","Link"
"1","2-Phenyl-1-[4-(2-Piperidin-1-Yl-Ethoxy)-Phenyl]-1,2,3,4-Tetrahydro-Isoquinolin-6-Ol (DB04471)","0.9709","http://www.drugbank.ca/drugs/DB04471"
"2","4-(2-aminoethoxy)-N-(3-chloro-2-ethoxy-5-piperidin-1-ylphenyl)-3,5-dimethylbenzamide (DB07626)","0.9692","http://www.drugbank.ca/drugs/DB07626"
"3","4-(2-aminoethoxy)-N-(3-chloro-5-piperidin-1-ylphenyl)-3,5-dimethylbenzamide (DB08697)","0.9679","http://www.drugbank.ca/drugs/DB08697"
"4","1-[4-(Octahydro-Pyrido[1,2-a]Pyrazin-2-Yl)-Phenyl]-2-Phenyl-1,2,3,4-Tetrahydro-Isoquinolin-6-Ol (DB03802)","0.9640","http://www.drugbank.ca/drugs/DB03802"
"5","Encainide (DB01228)","0.9636","http://www.drugbank.ca/drugs/DB01228"
"6","Ranolazine (DB00243)","0.9626","http://www.drugbank.ca/drugs/DB00243"
"7","Silodosin (DB06207)","0.9625","http://www.drugbank.ca/drugs/DB06207"
"8","Aripiprazole (DB01238)","0.9599","http://www.drugbank.ca/drugs/DB01238"
"9","Cis-[4,5-Bis-(4-Chlorophenyl)-2-(2-Isopropoxy-4-Methoxyphenyl)-4,5-Dihyd Roimidazol-1-Yl]-Piperazin-1-Yl-Methanone (DB04144)","0.9566","http://www.drugbank.ca/drugs/DB04144"
"10","Tadalafil (DB00820)","0.9555","http://www.drugbank.ca/drugs/DB00820"
"11","Cisapride (DB00604)","0.9549","http://www.drugbank.ca/drugs/DB00604"
"12","N-(1-ISOPROPYLPIPERIDIN-4-YL)-1-(3-METHOXYBENZYL)-1H-INDOLE-2-CARBOXAMIDE (DB07973)","0.9542","http://www.drugbank.ca/drugs/DB07973"
"13","Cis-[4,5-Bis-(4-Bromophenyl)-2-(2-Ethoxy-4-Methoxyphenyl)-4,5-Dihydroimidazol-1-Yl]-[4-(2-Hydroxyethyl)Piperazin-1-Yl]Methanone (DB02872)","0.9532","http://www.drugbank.ca/drugs/DB02872"
"14","Diltiazem (DB00343)","0.9493","http://www.drugbank.ca/drugs/DB00343"
"15","Beta-hydroxyfentanyl (DB01453)","0.9490","http://www.drugbank.ca/drugs/DB01453"
"16","MLN-518 (DB05465)","0.9489","http://www.drugbank.ca/drugs/DB05465"
"17","Benazepril (DB00542)","0.9473","http://www.drugbank.ca/drugs/DB00542"
"18","4-chloro-N-(3-methoxypropyl)-N-[(3S)-1-(2-phenylethyl)piperidin-3-yl]benzamide (DB08344)","0.9471","http://www.drugbank.ca/drugs/DB08344"
"19","Je-2147, Ag1776, Kni-764 (DB02668)","0.9463","http://www.drugbank.ca/drugs/DB02668"
"20","Bosutinib (DB06616)","0.9459","http://www.drugbank.ca/drugs/DB06616"
"21","Nefazodone (DB01149)","0.9455","http://www.drugbank.ca/drugs/DB01149"
"22","D-phenylalanyl-N-(3-methylbenzyl)-L-prolinamide (DB07133)","0.9450","http://www.drugbank.ca/drugs/DB07133"
"23","OPC-28326 (DB05461)","0.9448","http://www.drugbank.ca/drugs/DB05461"
"24","N-(4-carbamimidoylbenzyl)-1-(3-phenylpropanoyl)-L-prolinamide (DB06942)","0.9444","http://www.drugbank.ca/drugs/DB06942"
"25","Astemizole (DB00637)","0.9434","http://www.drugbank.ca/drugs/DB00637"
"26","Vilazodone (DB06684)","0.9432","http://www.drugbank.ca/drugs/DB06684"
"27","10-Propargyl-5,8-Dideazafolic Acid (DB03541)","0.9431","http://www.drugbank.ca/drugs/DB03541"
"28","N-{2-[6-(2,4-DIAMINO-6-ETHYLPYRIMIDIN-5-YL)-2,2-DIMETHYL-3-OXO-2,3-DIHYDRO-4H-1,4-BENZOXAZIN-4-YL]ETHYL}ACETAMIDE (DB07059)","0.9430","http://www.drugbank.ca/drugs/DB07059"
"29","4-[4-(1-Amino-1-Methylethyl)Phenyl]-5-Chloro-N-[4-(2-Morpholin-4-Ylethyl)Phenyl]Pyrimidin-2-Amine (DB02491)","0.9428","http://www.drugbank.ca/drugs/DB02491"
"30","Propantheline (DB00782)","0.9427","http://www.drugbank.ca/drugs/DB00782"
"31","1-{2-[(4-CHLOROPHENYL)AMINO]-2-OXOETHYL}-N-(1-ISOPROPYLPIPERIDIN-4-YL)-1H-INDOLE-2-CARBOXAMIDE (DB07974)","0.9425","http://www.drugbank.ca/drugs/DB07974"
"32","6-ETHYL-5-[(2S)-1-(3-METHOXYPROPYL)-2-PHENYL-1,2,3,4-TETRAHYDROQUINOLIN-7-YL]PYRIMIDINE-2,4-DIAMINE (DB08099)","0.9423","http://www.drugbank.ca/drugs/DB08099"
"33","Iloperidone (DB04946)","0.9423","http://www.drugbank.ca/drugs/DB04946"
"34","D-phenylalanyl-N-{4-[amino(iminio)methyl]benzyl}-L-prolinamide (DB07005)","0.9420","http://www.drugbank.ca/drugs/DB07005"
"35","Alpha-methylfentanyl (DB01557)","0.9419","http://www.drugbank.ca/drugs/DB01557"
"36","Morpholine-4-Carboxylic Acid [1-(2-Benzylsulfanyl-1-Formyl-Ethylcarbamoyl)-2-Phenyl-Ethyl]-Amide (DB03984)","0.9419","http://www.drugbank.ca/drugs/DB03984"
"37","(2R)-N-HYDROXY-2-[(3S)-3-METHYL-3-{4-[(2-METHYLQUINOLIN-4-YL)METHOXY]PHENYL}-2-OXOPYRROLIDIN-1-YL]PROPANAMIDE (DB07145)","0.9419","http://www.drugbank.ca/drugs/DB07145"
"38","Repaglinide (DB00912)","0.9418","http://www.drugbank.ca/drugs/DB00912"
"39","1-(5-Tert-Butyl-2-P-Tolyl-2h-Pyrazol-3-Yl)-3-[4-(2-Morpholin-4-Yl-Ethoxy)-Naphthalen-1-Yl]-Urea (DB03044)","0.9418","http://www.drugbank.ca/drugs/DB03044"
"40","Asimadoline (DB05104)","0.9413","http://www.drugbank.ca/drugs/DB05104"
"41","N-[5-(1,1-DIOXIDOISOTHIAZOLIDIN-2-YL)-1H-INDAZOL-3-YL]-2-(4-PIPERIDIN-1-YLPHENYL)ACETAMIDE (DB07220)","0.9411","http://www.drugbank.ca/drugs/DB07220"
"42","Mirabegron  (DB08893)","0.9396","http://www.drugbank.ca/drugs/DB08893"
"43","K201 (DB02929)","0.9393","http://www.drugbank.ca/drugs/DB02929"
"44","Br-Coeleneterazine (DB02006)","0.9392","http://www.drugbank.ca/drugs/DB02006"
"45","I-Coeleneterazine (DB04146)","0.9392","http://www.drugbank.ca/drugs/DB04146"
"46","1-ethyl-N-(phenylmethyl)-4-(tetrahydro-2H-pyran-4-ylamino)-1H-pyrazolo[3,4-b]pyridine-5-carboxamide (DB06909)","0.9388","http://www.drugbank.ca/drugs/DB06909"
"47","Bepridil (DB01244)","0.9388","http://www.drugbank.ca/drugs/DB01244"
"48","N-({(2S)-1-[(3R)-3-AMINO-4-(2-FLUOROPHENYL)BUTANOYL]PYRROLIDIN-2-YL}METHYL)BENZAMIDE (DB07779)","0.9384","http://www.drugbank.ca/drugs/DB07779"
"49","4-Amino-N-{4-[2-(2,6-Dimethyl-Phenoxy)-Acetylamino]-3-Hydroxy-1-Isobutyl-5-Phenyl-Pentyl}-Benzamide (DB04373)","0.9381","http://www.drugbank.ca/drugs/DB04373"
"50","3-Amino-N-{4-[2-(2,6-Dimethyl-Phenoxy)-Acetylamino]-3-Hydroxy-1-Isobutyl-5-Phenyl-Pentyl}-Benzamide (DB04378)","0.9381","http://www.drugbank.ca/drugs/DB04378"
"51","Etonitazene (DB01462)","0.9381","http://www.drugbank.ca/drugs/DB01462"
"52","Carfentanil (DB01535)","0.9381","http://www.drugbank.ca/drugs/DB01535"
"53","3-Methylfentanyl (DB01571)","0.9379","http://www.drugbank.ca/drugs/DB01571"
"54","Buclizine (DB00354)","0.9379","http://www.drugbank.ca/drugs/DB00354"
"55","Tl-3-093 (DB01891)","0.9379","http://www.drugbank.ca/drugs/DB01891"
"56","Beta-hydroxy-3-methylfentanyl (DB01570)","0.9378","http://www.drugbank.ca/drugs/DB01570"
"57","[1-(3-Hydroxy-2-Oxo-1-Phenethyl-Propylcarbamoyl)2-Phenyl-Ethyl]-Carbamic Acid Pyridin-4-Ylmethyl Ester (DB02128)","0.9375","http://www.drugbank.ca/drugs/DB02128"
"58","5-Chloro-1h-Indole-2-Carboxylic Acid [1-(4-Fluorobenzyl)-2-(4-Hydroxypiperidin-1yl)-2-Oxoethyl]Amide (DB03383)","0.9374","http://www.drugbank.ca/drugs/DB03383"
"59","N-(R-Carboxy-Ethyl)-Alpha-(S)-(2-Phenylethyl)Glycyl-L-Arginine-N-Phenylamide (DB02747)","0.9367","http://www.drugbank.ca/drugs/DB02747"
"60","DMP450 (DB02102)","0.9365","http://www.drugbank.ca/drugs/DB02102"
"61","(2-Sulfanyl-3-Phenylpropanoyl)-Phe-Tyr (DB03949)","0.9357","http://www.drugbank.ca/drugs/DB03949"
"62","N-{(1S,2R)-2-hydroxy-1-[(hydroxyamino)carbonyl]propyl}-4-{[4-(morpholin-4-ylmethyl)phenyl]ethynyl}benzamide (DB07536)","0.9355","http://www.drugbank.ca/drugs/DB07536"
"63","Quinapril (DB00881)","0.9354","http://www.drugbank.ca/drugs/DB00881"
"64","Cetirizine (DB00341)","0.9352","http://www.drugbank.ca/drugs/DB00341"
"65","Phenserine (DB04892)","0.9348","http://www.drugbank.ca/drugs/DB04892"
"66","Balanol Analog 2 (DB01940)","0.9344","http://www.drugbank.ca/drugs/DB01940"
"67","Compound 12, N-Acetyl-4-[(Carboxycarbonyl)(2-Carboxyphenyl)Amino]-N-Pentyl-1-Napthylalaniamide (DB01820)","0.9337","http://www.drugbank.ca/drugs/DB01820"
"68","Tolvaptan (DB06212)","0.9337","http://www.drugbank.ca/drugs/DB06212"
"69","4-(4-METHYLPIPERAZIN-1-YL)-N-[5-(2-THIENYLACETYL)-1,5-DIHYDROPYRROLO[3,4-C]PYRAZOL-3-YL]BENZAMIDE (DB07186)","0.9337","http://www.drugbank.ca/drugs/DB07186"
"70","Cp403700, (S)-1-{2-[(5-Chloro-1h-Indole-2-Carbonyl)-Amino]-3-Phenyl-Propionyl}-Azetidine-3-Carboxylate (DB03744)","0.9335","http://www.drugbank.ca/drugs/DB03744"
"71","1S,3AS,8AS-TRIMETHYL-1-OXIDO-1,2,3,3A,8,8A-HEXAHYDROPYRROLO[2,3-B]INDOL-5-YL 2-ETHYLPHENYLCARBAMATE (DB07846)","0.9334","http://www.drugbank.ca/drugs/DB07846"
"72","5-(4-PHENOXYPHENYL)-5-(4-PYRIMIDIN-2-YLPIPERAZIN-1-YL)PYRIMIDINE-2,4,6(2H,3H)-TRIONE (DB07117)","0.9329","http://www.drugbank.ca/drugs/DB07117"
"73","(20S)-19,20,21,22-TETRAHYDRO-19-OXO-5H-18,20-ETHANO-12,14-ETHENO-6,10-METHENO-18H-BENZ[D]IMIDAZO[4,3-K][1,6,9,12]OXATRIAZA-CYCLOOCTADECOSINE-9-CARBONITRILE (DB08674)","0.9328","http://www.drugbank.ca/drugs/DB08674"
"74","1-{[1-(2-AMINO-3-PHENYL-PROPIONYL)-PYRROLIDINE-2-CARBONYL]-AMINO}-2-(3-CYANO-PHENYL)-ETHANEBORONIC ACID (DB08420)","0.9328","http://www.drugbank.ca/drugs/DB08420"
"75","Fluspirilene (DB04842)","0.9325","http://www.drugbank.ca/drugs/DB04842"
"76","OPC-51803 (DB05838)","0.9324","http://www.drugbank.ca/drugs/DB05838"
"77","Cinnarizine (DB00568)","0.9323","http://www.drugbank.ca/drugs/DB00568"
"78","3-FLUORO-5-MORPHOLIN-4-YL-N-[3-(2-PYRIDIN-4-YLETHYL)-1H-INDOL-5-YL]BENZAMIDE (DB08091)","0.9321","http://www.drugbank.ca/drugs/DB08091"
"79","5-{[1-(2-fluorobenzyl)piperidin-4-yl]methoxy}quinazoline-2,4-diamine (DB07642)","0.9317","http://www.drugbank.ca/drugs/DB07642"
"80","Compound 4-D (DB03742)","0.9313","http://www.drugbank.ca/drugs/DB03742"
"81","[PHENYLALANINYL-PROLINYL]-[2-(PYRIDIN-4-YLAMINO)-ETHYL]-AMINE (DB08422)","0.9311","http://www.drugbank.ca/drugs/DB08422"
"82","CI-1033 (DB05424)","0.9311","http://www.drugbank.ca/drugs/DB05424"
"83","N-BENZYLOXYCARBONYL-ALA-PRO-3-AMINO-4-PHENYL-BUTAN-2-OL (DB06886)","0.9304","http://www.drugbank.ca/drugs/DB06886"
"84","(2R,4S)-2-[(R)-BENZYLCARBAMOYL-PHENYLACETYL-METHYL]-5,5-DIMETHYL-THIAZOLIDINE-4-CARBOXYLIC ACID (DB07806)","0.9296","http://www.drugbank.ca/drugs/DB07806"
"85","[1-(1-Benzyl-3-Hydroxy-2-Oxo-Propylcarbamoyl)-2-Phenyl-Ethyl]-Carbamic Acid Benzyl Ester (DB01871)","0.9295","http://www.drugbank.ca/drugs/DB01871"
"86","Meclizine (DB00737)","0.9293","http://www.drugbank.ca/drugs/DB00737"
"87","1-BENZYL-3-(4-METHOXYPHENYLAMINO)-4-PHENYLPYRROLE-2,5-DIONE (DB08063)","0.9290","http://www.drugbank.ca/drugs/DB08063"
"88","Fesoterodine (DB06702)","0.9286","http://www.drugbank.ca/drugs/DB06702"
"89","6-(2,4-DIAMINO-6-ETHYLPYRIMIDIN-5-YL)-4-(3-METHOXYPROPYL)-2,2-DIMETHYL-2H-1,4-BENZOXAZIN-3(4H)-ONE (DB07174)","0.9281","http://www.drugbank.ca/drugs/DB07174"
"90","N-[4-CHLORO-3-(PYRIDIN-3-YLOXYMETHYL)-PHENYL]-3-FLUORO- (DB08068)","0.9280","http://www.drugbank.ca/drugs/DB08068"
"91","[4-(3-AMINOMETHYL-PHENYL)-PIPERIDIN-1-YL]-(5-PHENETHYL- PYRIDIN-3-YL)-METHANONE (DB04764)","0.9279","http://www.drugbank.ca/drugs/DB04764"
"92","Amperozide (DB08927)","0.9279","http://www.drugbank.ca/drugs/DB08927"
"93","2-[2-ETHANESULFONYLAMINO-3-(1H-INDOL-3-YL)-PROPIONYLAMINO]-PENTANEDIOIC ACID 5-AMIDE 1-(4-CARBAMIM IDOYL-BENZYLAMIDE) (DB04758)","0.9278","http://www.drugbank.ca/drugs/DB04758"
"94","N-(5-chloro-1,3-benzodioxol-4-yl)-6-methoxy-7-(3-piperidin-1-ylpropoxy)quinazolin-4-amine (DB07249)","0.9275","http://www.drugbank.ca/drugs/DB07249"
"95","N-(5-CHLORO-BENZO[B]THIOPHEN-3-YLMETHYL)-2-[6-CHLORO-OXO-3-(2-PYRIDIN-2-YL-ETHYLAMINO)-2H-PYRAZIN-1-YL]-ACETAMIDE (DB07165)","0.9274","http://www.drugbank.ca/drugs/DB07165"
"96","N~2~-[(BENZYLOXY)CARBONYL]-N-[(1S,2S)-2-HYDROXY-1-(4-HYDROXYBENZYL)PROPYL]-L-LEUCINAMIDE (DB07571)","0.9272","http://www.drugbank.ca/drugs/DB07571"
"97","Vandetanib (DB05294)","0.9271","http://www.drugbank.ca/drugs/DB05294"
"98","2-[1-(4-CHLOROBENZOYL)-5-METHOXY-2-METHYL-1H-INDOL-3-YL]-N-[(1R)-1-(HYDROXYMETHYL)PROPYL]ACETAMIDE (DB07981)","0.9270","http://www.drugbank.ca/drugs/DB07981"
"99","2-[1-(4-CHLOROBENZOYL)-5-METHOXY-2-METHYL-1H-INDOL-3-YL]-N-[(1S)-1-(HYDROXYMETHYL)PROPYL]ACETAMIDE (DB07984)","0.9270","http://www.drugbank.ca/drugs/DB07984"
"100","(2S)-6-(2,4-DIAMINO-6-ETHYLPYRIMIDIN-5-YL)-2-(3,5-DIFLUOROPHENYL)-4-(3-METHOXYPROPYL)-2H-1,4-BENZOXAZIN-3(4H)-ONE (DB07113)","0.9269","http://www.drugbank.ca/drugs/DB07113"
"101","Carphenazine (DB01038)","0.9268","http://www.drugbank.ca/drugs/DB01038"
"102","1-[(3S)-5-PHENYL-3-THIOPHEN-2-YL-3H-1,4-BENZODIAZEPIN-2-YL]AZETIDIN-3-OL (DB08698)","0.9267","http://www.drugbank.ca/drugs/DB08698"
"103","[5-AMINO-1-(4-FLUOROPHENYL)-1H-PYRAZOL-4-YL][3-(PIPERIDIN-4-YLOXY)PHENYL]METHANONE (DB08423)","0.9264","http://www.drugbank.ca/drugs/DB08423"
"104","(5-(aminomethyl)-2H-spiro[benzofuran-3,4'-piperidine]-1'-yl)(5-(phenylethynyl)furan-2-yl)methanone (DB06962)","0.9264","http://www.drugbank.ca/drugs/DB06962"
"105","N-cyclopropyl-4-methyl-3-{2-[(2-morpholin-4-ylethyl)amino]quinazolin-6-yl}benzamide (DB08351)","0.9262","http://www.drugbank.ca/drugs/DB08351"
"106","Flunarizine (DB04841)","0.9262","http://www.drugbank.ca/drugs/DB04841"
"107","(S)-2-((S)-3-ISOBUTYL-2,5-DIOXO-4-QUINOLIN-3-YLMETHYL-[1,4]DIAZEPAN-1YL)-N-METHYL-3-NAPHTALEN-2-YL-PROPIONAMIDE (DB04724)","0.9258","http://www.drugbank.ca/drugs/DB04724"
"108","Amiodarone (DB01118)","0.9257","http://www.drugbank.ca/drugs/DB01118"
"109","N-({(2S)-1-[(3R)-3-amino-4-(3-chlorophenyl)butanoyl]pyrrolidin-2-yl}methyl)-3-(methylsulfonyl)benzamide (DB08429)","0.9248","http://www.drugbank.ca/drugs/DB08429"
"110","3-FLUORO-5-MORPHOLIN-4-YL-N-[1-(2-PYRIDIN-4-YLETHYL)-1H-INDOL-6-YL]BENZAMIDE (DB08730)","0.9246","http://www.drugbank.ca/drugs/DB08730"
"111","5-{[1-(2,3-dichlorobenzyl)piperidin-4-yl]methoxy}quinazoline-2,4-diamine (DB07643)","0.9236","http://www.drugbank.ca/drugs/DB07643"
"112","Gefitinib (DB00317)","0.9236","http://www.drugbank.ca/drugs/DB00317"
"113","Ponatinib  (DB08901)","0.9235","http://www.drugbank.ca/drugs/DB08901"
"114","beta-phenyl-D-phenylalanyl-N-propyl-L-prolinamide (DB07083)","0.9233","http://www.drugbank.ca/drugs/DB07083"
"115","Bopindolol (DB08807)","0.9228","http://www.drugbank.ca/drugs/DB08807"
"116","Dronedarone (DB04855)","0.9228","http://www.drugbank.ca/drugs/DB04855"
"117","4-CHLORO-6-(4-{4-[4-(METHYLSULFONYL)BENZYL]PIPERAZIN-1-YL}-1H-PYRAZOL-5-YL)BENZENE-1,3-DIOL (DB06957)","0.9227","http://www.drugbank.ca/drugs/DB06957"
"118","Ezetimibe (DB00973)","0.9222","http://www.drugbank.ca/drugs/DB00973"
"119","2-(2-{2-[(BIPHENYL-4-YLMETHYL)-AMINO]-3-MERCAPTO-PENTANOYLAMINO}-ACETYLAMINO)-3-METHYL-BUTYRIC ACID METHYL ESTER (DB08643)","0.9221","http://www.drugbank.ca/drugs/DB08643"
"120","Bitolterol (DB00901)","0.9220","http://www.drugbank.ca/drugs/DB00901"
"121","Furo[2,3d]Pyrimidine Antifolate (DB02026)","0.9215","http://www.drugbank.ca/drugs/DB02026"
"122","N-(1-Carboxy-3-Phenylpropyl)Phenylalanyl-Alpha-Asparagine (DB02307)","0.9214","http://www.drugbank.ca/drugs/DB02307"
"123","Quinacrine (DB01103)","0.9214","http://www.drugbank.ca/drugs/DB01103"
"124","(2S)-4-(2,5-DIFLUOROPHENYL)-N-METHYL-2-PHENYL-N-PIPERIDIN-4-YL-2,5-DIHYDRO-1H-PYRROLE-1-CARBOXAMIDE (DB08239)","0.9212","http://www.drugbank.ca/drugs/DB08239"
"125","[4-R-(4-ALPHA,6-BETA,7-BETA]-HEXAHYDRO-5,6-DI(HYDROXY)-1,3-DI(ALLYL)-4,7-BISPHENYLMETHYL)-2H-1,3-DIAZEPINONE (DB06910)","0.9211","http://www.drugbank.ca/drugs/DB06910"
"126","Azelastine (DB00972)","0.9210","http://www.drugbank.ca/drugs/DB00972"
"127","Acetophenazine (DB01063)","0.9210","http://www.drugbank.ca/drugs/DB01063"
"128","2-({5-CHLORO-2-[(2-METHOXY-4-MORPHOLIN-4-YLPHENYL)AMINO]PYRIMIDIN-4-YL}AMINO)-N-METHYLBENZAMIDE (DB07460)","0.9210","http://www.drugbank.ca/drugs/DB07460"
"129","N-{2-[6-(2,4-DIAMINO-6-ETHYLPYRIMIDIN-5-YL)-2,2-DIMETHYL-3-OXO-2,3-DIHYDRO-4H-1,4-BENZOTHIAZIN-4-YL]ETHYL}ACETAMIDE (DB06899)","0.9209","http://www.drugbank.ca/drugs/DB06899"
"130","3-[(Acetyl-Methyl-Amino)-Methyl]-4-Amino-N-Methyl-N-(1-Methyl-1h-Indol-2-Ylmethyl)-Benzamide (DB03534)","0.9207","http://www.drugbank.ca/drugs/DB03534"
"131","4-(BENZHYDRYLOXY)-1-[3-(1H-TETRAAZOL-5-YL)PROPYL]PIPERIDINE (DB07917)","0.9196","http://www.drugbank.ca/drugs/DB07917"
"132","[4-(6-Chloro-Naphthalene-2-Sulfonyl)-Piperazin-1-Yl]-(3,4,5,6-Tetrahydro-2h-[1,4']Bipyridinyl-4-Yl)-Methanone (DB01836)","0.9192","http://www.drugbank.ca/drugs/DB01836"
"133","N-(4-MORPHOLINE)CARBONYL-B-(1-NAPHTHYL)-L-ALANINE-L-LEUCINE BORONIC ACID (DB04732)","0.9192","http://www.drugbank.ca/drugs/DB04732"
"134","TLK-199 (DB05460)","0.9191","http://www.drugbank.ca/drugs/DB05460"
"135","2-({2-[(3R)-3-AMINOPIPERIDIN-1-YL]-4-OXOQUINAZOLIN-3(4H)-YL}METHYL)BENZONITRILE (DB08588)","0.9191","http://www.drugbank.ca/drugs/DB08588"
"136","Terconazole (DB00251)","0.9185","http://www.drugbank.ca/drugs/DB00251"
"137","1-(1'-{[3-(methylsulfanyl)-2-benzothiophen-1-yl]carbonyl}spiro[1-benzofuran-3,4'-piperidin]-5-yl)methanamine (DB06848)","0.9185","http://www.drugbank.ca/drugs/DB06848"
"138","N1-(1-Dimethylcarbamoyl-2-Phenyl-Ethyl)-2-Oxo-N4-(2-Pyridin-2-Yl-Ethyl)-Succinamide (DB02140)","0.9184","http://www.drugbank.ca/drugs/DB02140"
"139","Delavirdine (DB00705)","0.9177","http://www.drugbank.ca/drugs/DB00705"
"140","(R)-N-[2-[1-(Aminoiminomethyl)-3-Piperidinyl]-1-Oxoethyl]-4-(Phenylethynyl)-L-Phenylalanine Methylester (DB03453)","0.9170","http://www.drugbank.ca/drugs/DB03453"
"141","Ketoconazole (DB01026)","0.9169","http://www.drugbank.ca/drugs/DB01026"
"142","6-(4-{(1S,2S)-2-AMINO-1-[(DIMETHYLAMINO)CARBONYL]-3-[(3S)-3-FLUOROPYRROLIDIN-1-YL]-3-OXOPROPYL}PHENYL)-1H-[1,2,4]TRIAZOLO[1,5-A]PYRIDIN-4-IUM (DB08504)","0.9169","http://www.drugbank.ca/drugs/DB08504"
"143","3-(2-CHLOROPHENYL)-1-(2-{[(1S)-2-HYDROXY-1,2-DIMETHYLPROPYL]AMINO}PYRIMIDIN-4-YL)-1-(4-METHOXYPHENYL)UREA (DB08095)","0.9169","http://www.drugbank.ca/drugs/DB08095"
"144","N-(3-TERT-BUTYL-1H-PYRAZOL-5-YL)-N'-{4-CHLORO-3-[(PYRIDIN-3-YLOXY)METHYL]PHENYL}UREA (DB08064)","0.9168","http://www.drugbank.ca/drugs/DB08064"
"145","(2R)-({4-[AMINO(IMINO)METHYL]PHENYL}AMINO){5-ETHOXY-2-FLUORO-3-[(3R)-TETRAHYDROFURAN-3-YLOXY]PHENYL}ACETICACID (DB04590)","0.9165","http://www.drugbank.ca/drugs/DB04590"
"146","4-(2-{[4-{[3-(4-Chlorophenyl)Propyl]Sulfanyl}-6-(1-Piperazinyl)-1,3,5-Triazin-2-Yl]Amino}Ethyl)Phenol (DB04020)","0.9165","http://www.drugbank.ca/drugs/DB04020"
"147","Glyburide (DB01016)","0.9161","http://www.drugbank.ca/drugs/DB01016"
"148","3-(2-AMINO-6-BENZOYLQUINAZOLIN-3(4H)-YL)-N-CYCLOHEXYL-N-METHYLPROPANAMIDE (DB08749)","0.9160","http://www.drugbank.ca/drugs/DB08749"
"149","Clonitazene (DB01523)","0.9160","http://www.drugbank.ca/drugs/DB01523"
"150","N-Alpha-(2-Naphthylsulfonyl)-N(3-Amidino-L-Phenylalaninyl)-4-Acetyl-Piperazine (DB04125)","0.9155","http://www.drugbank.ca/drugs/DB04125"
"151","Clomifene (DB00882)","0.9149","http://www.drugbank.ca/drugs/DB00882"
"152","Doxazosin (DB00590)","0.9145","http://www.drugbank.ca/drugs/DB00590"
"153","(METHYLPYRIDAZINE PIPERIDINE ETHYLOXYPHENYL)ETHYLACETATE (DB08012)","0.9144","http://www.drugbank.ca/drugs/DB08012"
"154","4-(2-HYDROXYBENZYLAMINO)-N-(3-(4-FLUOROPHENOXY)PHENYL)PIPERIDINE-1-SULFONAMIDE (DB04632)","0.9143","http://www.drugbank.ca/drugs/DB04632"
"155","({3-[1-(4-HYDROXY-2-OXO-2H-CHROMEN-3-YL)-PROPYL]-PHENYLCARBAMOYL}-METHYL)-CARBAMIC ACID TERT-BUTYL ESTER (DB08664)","0.9143","http://www.drugbank.ca/drugs/DB08664"
"156","4-BROMO-2-FLUORO-N-[(4E)-6-METHOXY-7-[(1-METHYLPIPERIDIN-4-YL)METHOXY]QUINAZOLIN-4(1H)-YLIDENE]ANILINE (DB08764)","0.9138","http://www.drugbank.ca/drugs/DB08764"
"157","3-(1h-Indol-3-Yl)-2-[4-(4-Phenyl-Piperidin-1-Yl)-Benzenesulfonylamino]-Propionic Acid (DB02449)","0.9136","http://www.drugbank.ca/drugs/DB02449"
"158","Afatinib (DB08916)","0.9136","http://www.drugbank.ca/drugs/DB08916"
"159","Pagoclone (DB04903)","0.9133","http://www.drugbank.ca/drugs/DB04903"
"160","(3S)-1-(1,3-BENZODIOXOL-5-YLMETHYL)-3-[4-(1H-IMIDAZOL-1-YL)PHENOXY]PIPERIDINE (DB07011)","0.9129","http://www.drugbank.ca/drugs/DB07011"
"161","Prazosin (DB00457)","0.9127","http://www.drugbank.ca/drugs/DB00457"
"162","(2S)-2-ETHOXY-3-{4-[2-(10H-PHENOXAZIN-10-YL)ETHOXY]PHENYL}PROPANOIC ACID (DB07675)","0.9126","http://www.drugbank.ca/drugs/DB07675"
"163","Fexaramine (DB02545)","0.9122","http://www.drugbank.ca/drugs/DB02545"
"164","(4R)-N-[4-({[2-(DIMETHYLAMINO)ETHYL]AMINO}CARBONYL)-1,3-THIAZOL-2-YL]-4-METHYL-1-OXO-2,3,4,9-TETRAHYDRO-1H-BETA-CARBOLINE-6-CARBOXAMIDE (DB07406)","0.9120","http://www.drugbank.ca/drugs/DB07406"
"165","Eletriptan (DB00216)","0.9119","http://www.drugbank.ca/drugs/DB00216"
"166","ZK-806711 (DB03373)","0.9115","http://www.drugbank.ca/drugs/DB03373"
"167","Trimethobenzamide (DB00662)","0.9102","http://www.drugbank.ca/drugs/DB00662"
"168","2-{[(6-OXO-1,6-DIHYDROPYRIDIN-3-YL)METHYL]AMINO}-N-[4-PROPYL-3-(TRIFLUOROMETHYL)PHENYL]BENZAMIDE (DB07831)","0.9100","http://www.drugbank.ca/drugs/DB07831"
"169","(20S)-19,20,22,23-TETRAHYDRO-19-OXO-5H,21H-18,20-ETHANO-12,14-ETHENO-6,10-METHENOBENZ[D]IMIDAZO[4,3-L][1,6,9,13]OXATRIAZACYCLONOADECOSINE-9-CARBONITRILE (DB08676)","0.9098","http://www.drugbank.ca/drugs/DB08676"
"170","6-[N-(1-Isopropyl-1,2,3,4-Tetrahydro-7-Isoquinolinyl)Carbamyl]-2-Naphthalenecarboxamidine (DB02705)","0.9095","http://www.drugbank.ca/drugs/DB02705"
"171","N-Alpha-(2-Naphthylsulfonyl)-N-(3-Amidino-L-Phenylalaninyl)-D-Pipecolinic Acid (DB04238)","0.9094","http://www.drugbank.ca/drugs/DB04238"
"172","(2R,4R)-N~1~-(4-CHLOROPHENYL)-N~2~-[2-FLUORO-4-(2-OXOPYRIDIN-1(2H)-YL)PHENYL]-4-METHOXYPYRROLIDINE-1,2-DICARBOXAMIDE (DB06920)","0.9093","http://www.drugbank.ca/drugs/DB06920"
"173","Pimozide (DB01100)","0.9092","http://www.drugbank.ca/drugs/DB01100"
"174","1-[[(1E)-2-(4-CHLOROPHENYL)ETHENYL]SULFONYL]-4-[[1-(4-PYRIDINYL)-4-PIPERIDINYL]METHYL]PIPERAZINE (DB08746)","0.9091","http://www.drugbank.ca/drugs/DB08746"
"175","Sertindole (DB06144)","0.9087","http://www.drugbank.ca/drugs/DB06144"
"176","3-{6-[(8-HYDROXY-QUINOLINE-2-CARBONYL)-AMINO]-2-THIOPHEN-2-YL-HEXANOYLAMINO}-4-OXO-BUTYRI ACID (DB07916)","0.9086","http://www.drugbank.ca/drugs/DB07916"
"177","3-(1H-INDOL-3-YL)-4-(1-{2-[(2S)-1-METHYLPYRROLIDINYL]ETHYL}-1H-INDOL-3-YL)-1H-PYRROLE-2,5-DIONE (DB07456)","0.9083","http://www.drugbank.ca/drugs/DB07456"
"178","3-(1H-INDOL-3-YL)-4-{1-[2-(1-METHYLPYRROLIDIN-2-YL)ETHYL]-1H-INDOL-3-YL}-1H-PYRROLE-2,5-DIONE (DB07458)","0.9083","http://www.drugbank.ca/drugs/DB07458"
"179","Sunitinib (DB01268)","0.9081","http://www.drugbank.ca/drugs/DB01268"
"180","5-[(E)-(5-CHLORO-2-OXO-1,2-DIHYDRO-3H-INDOL-3-YLIDENE)METHYL]-N-[2-(DIETHYLAMINO)ETHYL]-2,4-DIMETHYL-1H-PYRROLE-3-CARBOXAMIDE (DB08009)","0.9081","http://www.drugbank.ca/drugs/DB08009"
"181","1-Acetyl-4-(4-{4-[(2-Ethoxyphenyl)Thio]-3-Nitrophenyl}Pyridin-2-Yl)Piperazine (DB02177)","0.9080","http://www.drugbank.ca/drugs/DB02177"
"182","Sparfloxacin (DB01208)","0.9079","http://www.drugbank.ca/drugs/DB01208"
"183","ERA-923 (DB05414)","0.9078","http://www.drugbank.ca/drugs/DB05414"
"184","Anileridine (DB00913)","0.9077","http://www.drugbank.ca/drugs/DB00913"
"185","5-chloro-N-[(3R)-1-(2-{[2-fluoro-4-(2-oxopyridin-1(2H)-yl)phenyl]amino}-2-oxoethyl)pyrrolidin-3-yl]thiophene-2-carboxamide (DB07872)","0.9076","http://www.drugbank.ca/drugs/DB07872"
"186","(S)-5-(4-Benzyloxy-Phenyl)-4-(7-Phenyl-Heptanoylamino)-Pentanoic Acid (DB04287)","0.9075","http://www.drugbank.ca/drugs/DB04287"
"187","3-[(1R)-1-(2,6-dichloro-3-fluorophenyl)ethoxy]-5-(1-piperidin-4-yl-1H-pyrazol-4-yl)pyridin-2-amine (DB08700)","0.9074","http://www.drugbank.ca/drugs/DB08700"
"188","Merimepodib (DB04862)","0.9072","http://www.drugbank.ca/drugs/DB04862"
"189","Nicardipine (DB00622)","0.9071","http://www.drugbank.ca/drugs/DB00622"
"190","Quetiapine (DB01224)","0.9071","http://www.drugbank.ca/drugs/DB01224"
"191","5-Chloro-thiophene-2-carboxylic acid ((3S,4S)-1-{[2-fluoro-4-(2-oxo-2H-pyridin-1-yl)-phenylcarbamoyl]-methyl}-4-hydroxy-pyrrolidin-3-yl)-amide (DB07875)","0.9068","http://www.drugbank.ca/drugs/DB07875"
"192","N-Alpha-(2-Naphthylsulfonyl)-N(3-Amidino-L-Phenylalaninyl)Isopipecolinic Acid Methyl Ester (DB01745)","0.9064","http://www.drugbank.ca/drugs/DB01745"
"193","Bepotastine (DB04890)","0.9053","http://www.drugbank.ca/drugs/DB04890"
"194","Isopropamide (DB01625)","0.9052","http://www.drugbank.ca/drugs/DB01625"
"195","5-[4-(DIMETHYLAMINO)PHENYL]-6-[(6-MORPHOLIN-4-YLPYRIDIN-3-YL)ETHYNYL]PYRIMIDIN-4-AMINE (DB07280)","0.9051","http://www.drugbank.ca/drugs/DB07280"
"196","N-1,2,3,4-Tetrahydronaphth-1-Yl-2'-[3,5-Dimethoxybenzamido]-2'-Deoxy-Adenosine (DB04477)","0.9049","http://www.drugbank.ca/drugs/DB04477"
"197","Benzethidine (DB01518)","0.9048","http://www.drugbank.ca/drugs/DB01518"
"198","(2e,3s)-3-Hydroxy-5'-[(4-Hydroxypiperidin-1-Yl)Sulfonyl]-3-Methyl-1,3-Dihydro-2,3'-Biindol-2'(1'h)-One (DB03583)","0.9047","http://www.drugbank.ca/drugs/DB03583"
"199","3-[3-(2,3-Dihydroxy-Propylamino)-Phenyl]-4-(5-Fluoro-1-Methyl-1h-Indol-3-Yl)-Pyrrole-2,5-Dione (DB01772)","0.9046","http://www.drugbank.ca/drugs/DB01772"
"200","Afimoxifene (DB04468)","0.9045","http://www.drugbank.ca/drugs/DB04468"
"201","[4-({5-(AMINOCARBONYL)-4-[(3-METHYLPHENYL)AMINO]PYRIMIDIN-2-YL}AMINO)PHENYL]ACETIC ACID (DB08513)","0.9045","http://www.drugbank.ca/drugs/DB08513"
"202","(9r,10r)-9-(S-Glutathionyl)-10-Hydroxy-9,10-Dihydrophenanthrene (DB01834)","0.9044","http://www.drugbank.ca/drugs/DB01834"
"203","(9s,10s)-9-(S-Glutathionyl)-10-Hydroxy-9,10-Dihydrophenanthrene (DB04187)","0.9044","http://www.drugbank.ca/drugs/DB04187"
"204","(2S)-4-(2,5-difluorophenyl)-N-[(3R,4S)-3-fluoro-1-methylpiperidin-4-yl]-2-(hydroxymethyl)-N-methyl-2-phenyl-2,5-dihydro-1H-pyrrole-1-carboxamide (DB08037)","0.9042","http://www.drugbank.ca/drugs/DB08037"
"205","5-CHLORO-THIOPHENE-2-CARBOXYLIC ACID ((3S,4S)-4-FLUORO- 1-{[2-FLUORO-4-(2-OXO-2H-PYRIDIN-1-YL)-PHENYLCARBAMOYL]-METHYL}-PYRROLIDIN-3-YL)-AMIDE (DB08143)","0.9037","http://www.drugbank.ca/drugs/DB08143"
"206","Indacaterol (DB05039)","0.9034","http://www.drugbank.ca/drugs/DB05039"
"207","3-CYCLOHEXYL-1-(2-MORPHOLIN-4-YL-2-OXOETHYL)-2-PHENYL-1H-INDOLE-6-CARBOXYLIC ACID (DB07570)","0.9034","http://www.drugbank.ca/drugs/DB07570"
"208","6-[3-(4-Morpholinyl)Propyl]-2-(3-Nitrophenyl)-5-Thioxo-5,6,-Dihydro-7h-Thienol[2',3':4,5]Pyrrolo[1,2-C]Imidazol-7-One (DB03507)","0.9033","http://www.drugbank.ca/drugs/DB03507"
"209","3-(7-DIAMINOMETHYL-NAPHTHALEN-2-YL)-PROPIONIC ACID ETHYL ESTER (DB07639)","0.9029","http://www.drugbank.ca/drugs/DB07639"
"210","Azimilide (DB04957)","0.9028","http://www.drugbank.ca/drugs/DB04957"
"211","Dextromoramide (DB01529)","0.9028","http://www.drugbank.ca/drugs/DB01529"
"212","Solifenacin (DB01591)","0.9028","http://www.drugbank.ca/drugs/DB01591"
"213","PYRIMIDINE-4,6-DICARBOXYLIC ACID BIS-(3-METHYL-BENZYLAMIDE) (DB04759)","0.9027","http://www.drugbank.ca/drugs/DB04759"
"214","(2s)-2-[(2,4-Dichloro-Benzoyl)-(3-Trifluoromethyl-Benzyl)-Amino]-3-Phenyl-Propionic Acid (DB03605)","0.9027","http://www.drugbank.ca/drugs/DB03605"
"215","2-(3-CHLORO-6-{[2,2-DIFLUORO-2-(1-OXIDOPYRIDIN-2-YL)ETHYL]AMINO}-1-OXIDOPYRIDIN-2-YL)-N-[1-(3-CHLOROPHENYL)ETHYL]ACETAMIDE (DB04722)","0.9025","http://www.drugbank.ca/drugs/DB04722"
"216","(1-Methyl-1h-Imidazol-2-Yl)-(3-Methyl-4-{3-[(Pyridin-3-Ylmethyl)-Amino]-Propoxy}-Benzofuran-2-Yl)-Methanone (DB03062)","0.9024","http://www.drugbank.ca/drugs/DB03062"
"217","4-(1-Benzyl-3-Carbamoylmethyl-2-Methyl-1h-Indol-5-Yloxy)-Butyric Acid (DB02936)","0.9021","http://www.drugbank.ca/drugs/DB02936"
"218","(2S)-1-{4-[(4-ANILINO-5-BROMOPYRIMIDIN-2-YL)AMINO]PHENOXY}-3-(DIMETHYLAMINO)PROPAN-2-OL (DB07501)","0.9018","http://www.drugbank.ca/drugs/DB07501"
"219","(2R)-1-{4-[(4-ANILINO-5-BROMOPYRIMIDIN-2-YL)AMINO]PHENOXY}-3-(DIMETHYLAMINO)PROPAN-2-OL (DB07504)","0.9018","http://www.drugbank.ca/drugs/DB07504"
"220","Moricizine (DB00680)","0.9018","http://www.drugbank.ca/drugs/DB00680"
"221","(10R)-10-Formyl-5,8,10-Trideazafolic Acid (DB04264)","0.9016","http://www.drugbank.ca/drugs/DB04264"
"222","Trimethaphan (DB01116)","0.9012","http://www.drugbank.ca/drugs/DB01116"
"223","N-(P-CYANOPHENYL)-N'-DIPHENYLMETHYL-GUANIDINE-ACETIC ACID (DB07816)","0.9011","http://www.drugbank.ca/drugs/DB07816"
"224","Valsartan (DB00177)","0.9008","http://www.drugbank.ca/drugs/DB00177"
"225","6-[N-(4-Ethyl-1,2,3,4-Tetrahydro-6-Isoquinolinyl)Carbamyl]-2-Naphthalenecarboxamidine (DB02551)","0.9008","http://www.drugbank.ca/drugs/DB02551"
"226","1-[2-HYDROXY-3-(4-CYCLOHEXYL-PHENOXY)-PROPYL]-4-(2-PYRIDYL)-PIPERAZINE (DB08543)","0.9006","http://www.drugbank.ca/drugs/DB08543"
"227","131-I-TM-601 (DB05462)","0.9004","http://www.drugbank.ca/drugs/DB05462"
"228","Bezitramide (DB01459)","0.9003","http://www.drugbank.ca/drugs/DB01459"
"229","Tamoxifen (DB00675)","0.9003","http://www.drugbank.ca/drugs/DB00675"
"230","TC-5619 (DB06090)","0.9001","http://www.drugbank.ca/drugs/DB06090"
"231","Allyl-{6-[3-(4-Bromo-Phenyl)-1-Methyl-1h-Indazol-6-Yl]Oxy}Hexyl)-N-Methylamine (DB03888)","0.8998","http://www.drugbank.ca/drugs/DB03888"
"232","Dioxaphetyl butyrate (DB01475)","0.8998","http://www.drugbank.ca/drugs/DB01475"
"233","Toremifene (DB00539)","0.8997","http://www.drugbank.ca/drugs/DB00539"
"234","1-(3-HYDROXYPROPYL)-2-[(3-NITROBENZOYL)AMINO]-1H-BENZIMIDAZOL-5-YL PIVALATE (DB08590)","0.8997","http://www.drugbank.ca/drugs/DB08590"
"235","Flibanserin (DB04908)","0.8996","http://www.drugbank.ca/drugs/DB04908"
"236","1-(5-OXO-2,3,5,9B-TETRAHYDRO-1H-PYRROLO[2,1-A]ISOINDOL-9-YL)-3-(5-PYRROLIDIN-2-YL-1H-PYRAZOL-3-YL)-UREA (DB06976)","0.8988","http://www.drugbank.ca/drugs/DB06976"
"237","Loperamide (DB00836)","0.8988","http://www.drugbank.ca/drugs/DB00836"
"238","1-((1R)-1-(HYDROXYMETHYL)-3-{6-[(3-PHENYLPROPANOYL)AMINO]-1H-INDOL-1-YL}PROPYL)-1H-IMIDAZOLE-4-CARBOXAMIDE (DB07783)","0.8986","http://www.drugbank.ca/drugs/DB07783"
"239","[3,5-Dibromo-4-(4-Hydroxy-3-Phenethylcarbamoyl-Phenoxy)-Phenyl]-Acetic Acid (DB02106)","0.8983","http://www.drugbank.ca/drugs/DB02106"
"240","Methyl-[4-(4-Piperidine-1-Ylmethyl-Phenyl)-Cyclohexyl]-Carbaminic Acid-(4-Chlorophenyl)-Ester (DB03748)","0.8979","http://www.drugbank.ca/drugs/DB03748"
"241","5-(5-chloro-2,4-dihydroxyphenyl)-N-ethyl-4-[4-(morpholin-4-ylmethyl)phenyl]isoxazole-3-carboxamide (DB06961)","0.8979","http://www.drugbank.ca/drugs/DB06961"
"242","N'-(5-CHLORO-1,3-BENZODIOXOL-4-YL)-N-(3-MORPHOLIN-4-YLPHENYL)PYRIMIDINE-2,4-DIAMINE (DB07255)","0.8973","http://www.drugbank.ca/drugs/DB07255"
"243","N-{(1s)-4-[Bis(2-Chloroethyl)Amino]-1-Methylbutyl}-N-(6-Chloro-2-Methoxy-9-Acridinyl)Amine (DB02240)","0.8973","http://www.drugbank.ca/drugs/DB02240"
"244","Zuclopenthixol decanoate (DB08920)","0.8972","http://www.drugbank.ca/drugs/DB08920"
"245","Darifenacin (DB00496)","0.8967","http://www.drugbank.ca/drugs/DB00496"
"246","(METHYLPYRIDAZINE PIPERIDINE PROPYLOXYPHENYL)ETHYLACETATE (DB08013)","0.8963","http://www.drugbank.ca/drugs/DB08013"
"247","1-(2,6-Dichlorophenyl)-5-(2,4-Difluorophenyl)-7-Piperidin-4-Yl-3,4-Dihydroquinolin-2(1h)-One (DB01948)","0.8963","http://www.drugbank.ca/drugs/DB01948"
"248","Trazodone (DB00656)","0.8962","http://www.drugbank.ca/drugs/DB00656"
"249","Perphenazine (DB00850)","0.8961","http://www.drugbank.ca/drugs/DB00850"
"250","RPR128515 (DB04424)","0.8955","http://www.drugbank.ca/drugs/DB04424"
"251","N-ethyl-4-{[5-(methoxycarbamoyl)-2-methylphenyl]amino}-5-methylpyrrolo[2,1-f][1,2,4]triazine-6-carboxamide (DB06940)","0.8954","http://www.drugbank.ca/drugs/DB06940"
"252","Terazosin (DB01162)","0.8952","http://www.drugbank.ca/drugs/DB01162"
"253","Lefradafiban (DB04863)","0.8952","http://www.drugbank.ca/drugs/DB04863"
"254","(2R)-1-(DIMETHYLAMINO)-3-{4-[(6-{[2-FLUORO-5-(TRIFLUOROMETHYL)PHENYL]AMINO}PYRIMIDIN-4-YL)AMINO]PHENOXY}PROPAN-2-OL (DB07054)","0.8946","http://www.drugbank.ca/drugs/DB07054"
"255","N-(2-AMINOETHYL)-N~2~-{(1S)-1-[4'-(AMINOSULFONYL)BIPHENYL-4-YL]-2,2,2-TRIFLUOROETHYL}-L-LEUCINAMIDE (DB08270)","0.8942","http://www.drugbank.ca/drugs/DB08270"
"256","Clidinium (DB00771)","0.8942","http://www.drugbank.ca/drugs/DB00771"
"257","Thiethylperazine (DB00372)","0.8938","http://www.drugbank.ca/drugs/DB00372"
"258","2-METHYL-2-(4-{[({4-METHYL-2-[4-(TRIFLUOROMETHYL)PHENYL]-1,3-THIAZOL-5-YL}CARBONYL)AMINO]METHYL}PHENOXY)PROPANOIC ACID (DB07215)","0.8938","http://www.drugbank.ca/drugs/DB07215"
"259","(10S)-10-Formyl-5,8,10-Trideazafolic Acid (DB02540)","0.8938","http://www.drugbank.ca/drugs/DB02540"
"260","(2R)-1-[4-({4-[(2,5-DICHLOROPHENYL)AMINO]PYRIMIDIN-2-YL}AMINO)PHENOXY]-3-(DIMETHYLAMINO)PROPAN-2-OL (DB07750)","0.8937","http://www.drugbank.ca/drugs/DB07750"
"261","(2S)-1-[4-({4-[(2,5-DICHLOROPHENYL)AMINO]PYRIMIDIN-2-YL}AMINO)PHENOXY]-3-(DIMETHYLAMINO)PROPAN-2-OL (DB07755)","0.8937","http://www.drugbank.ca/drugs/DB07755"
"262","(2S)-1-[4-({6-[(2,6-DIFLUOROPHENYL)AMINO]PYRIMIDIN-4-YL}AMINO)PHENOXY]-3-(DIMETHYLAMINO)PROPAN-2-OL (DB07751)","0.8929","http://www.drugbank.ca/drugs/DB07751"
"263","(2R)-1-[4-({6-[(2,6-DIFLUOROPHENYL)AMINO]PYRIMIDIN-4-YL}AMINO)PHENOXY]-3-(DIMETHYLAMINO)PROPAN-2-OL (DB07761)","0.8929","http://www.drugbank.ca/drugs/DB07761"
"264","N-(6-{[3-(4-Bromophenyl)-1,2-Benzisothiazol-6-Yl]Oxy}Hexyl)-N-Methylprop-2-En-1-Amine (DB02544)","0.8928","http://www.drugbank.ca/drugs/DB02544"
"265","Sorafenib (DB00398)","0.8926","http://www.drugbank.ca/drugs/DB00398"
"266","PYRIMIDINE-4,6-DICARBOXYLIC ACID BIS-(4-FLUORO-3-METHYL-BENZYLAMIDE) (DB04760)","0.8918","http://www.drugbank.ca/drugs/DB04760"
"267","Sufentanil (DB00708)","0.8918","http://www.drugbank.ca/drugs/DB00708"
"268","FR236913 (DB02830)","0.8916","http://www.drugbank.ca/drugs/DB02830"
"269","Fluphenazine (DB00623)","0.8913","http://www.drugbank.ca/drugs/DB00623"
"270","Zuclopenthixol acetate (DB08919)","0.8912","http://www.drugbank.ca/drugs/DB08919"
"271","Salmeterol (DB00938)","0.8912","http://www.drugbank.ca/drugs/DB00938"
"272","Alfuzosin (DB00346)","0.8911","http://www.drugbank.ca/drugs/DB00346"
"273","S-{3-[(4-ANILINOQUINAZOLIN-6-YL)AMINO]-3-OXOPROPYL}-L-CYSTEINE (DB07602)","0.8905","http://www.drugbank.ca/drugs/DB07602"
"274","Amprenavir (DB00701)","0.8900","http://www.drugbank.ca/drugs/DB00701"
"275","Methysergide (DB00247)","0.8896","http://www.drugbank.ca/drugs/DB00247"
"276","Avanafil (DB06237)","0.8894","http://www.drugbank.ca/drugs/DB06237"
"277","(R)-tacrine(10)-hupyridone (DB04614)","0.8894","http://www.drugbank.ca/drugs/DB04614"
"278","(S)-tacrine(10)-hupyridone (DB04615)","0.8894","http://www.drugbank.ca/drugs/DB04615"
"279","6-[N-(1-Isopropyl-3,4-Dihydro-7-Isoquinolinyl)Carbamyl]-2-Naphthalenecarboxamidine (DB02473)","0.8893","http://www.drugbank.ca/drugs/DB02473"
"280","Trimetrexate (DB01157)","0.8893","http://www.drugbank.ca/drugs/DB01157"
"281","Doxapram (DB00561)","0.8892","http://www.drugbank.ca/drugs/DB00561"
"282","Flavoxate (DB01148)","0.8892","http://www.drugbank.ca/drugs/DB01148"
"283","Rbt205 Inhibitor (DB03777)","0.8891","http://www.drugbank.ca/drugs/DB03777"
"284","4-[(1S)-1-(3-fluoro-4-methoxyphenyl)-2-(2-methoxy-5-nitrophenyl)ethyl]-1H-imidazol-2-amine (DB07415)","0.8888","http://www.drugbank.ca/drugs/DB07415"
"285","Regorafenib (DB08896)","0.8881","http://www.drugbank.ca/drugs/DB08896"
"286","Zanapezil (DB04859)","0.8877","http://www.drugbank.ca/drugs/DB04859"
"287","6-[(Z)-AMINO(IMINO)METHYL]-N-[3-(CYCLOPENTYLOXY)PHENYL]-2-NAPHTHAMIDE (DB07076)","0.8871","http://www.drugbank.ca/drugs/DB07076"
"288","1-{7-cyclohexyl-6-[4-(4-methylpiperazin-1-yl)benzyl]-7H-pyrrolo[2,3-d]pyrimidin-2-yl}methanamine (DB07563)","0.8864","http://www.drugbank.ca/drugs/DB07563"
"289","2-{2-[(3,5-dimethylphenyl)amino]pyrimidin-4-yl}-N-[(1S)-2-hydroxy-1-methylethyl]-4-methyl-1,3-thiazole-5-carboxamide (DB07194)","0.8864","http://www.drugbank.ca/drugs/DB07194"
"290","N-{3-[(7ar,12as,12bs)-7-Oxo-1,3,4,6,7,7a,12a,12b-Octahydroindolo[2,3-a]Quinolizin-12(2h)-Yl]Propyl}Propane-2-Sulfonamide (DB01967)","0.8860","http://www.drugbank.ca/drugs/DB01967"
"291","Piboserod (DB04873)","0.8855","http://www.drugbank.ca/drugs/DB04873"
"292","(11R)-10-acetyl-11-(2,4-dichlorophenyl)-6-hydroxy-3,3-dimethyl-2,3,4,5,10,11-hexahydro-1H-dibenzo[b,e][1,4]diazepin-1-one (DB08747)","0.8853","http://www.drugbank.ca/drugs/DB08747"
"293","1-[2-(3-Biphenyl)-4-Methylvaleryl)]Amino-3-(2-Pyridylsulfonyl)Amino-2-Propanone (DB04244)","0.8851","http://www.drugbank.ca/drugs/DB04244"
"294","Ivacaftor (DB08820)","0.8846","http://www.drugbank.ca/drugs/DB08820"
"295","N~2~-1,3-BENZOXAZOL-2-YL-3-CYCLOHEXYL-N-{2-[(4-METHOXYPHENYL)AMINO]ETHYL}-L-ALANINAMIDE (DB07839)","0.8841","http://www.drugbank.ca/drugs/DB07839"
"296","5-[1-(3,4-Dimethoxy-Benzoyl)-1,2,3,4-Tetrahydro-Quinolin-6-Yl]-6-Methyl-3,6-Dihydro-[1,3,4]Thiadiazin-2-One (DB03944)","0.8840","http://www.drugbank.ca/drugs/DB03944"
"297","Benzofuran-2-Carboxylic Acid {(S)-3-Methyl-1-[3-Oxo-1-(Pyridin-2-Ylsulfonyl)Azepan-4-Ylcarbamoyl]Butyl}Amide (DB03642)","0.8840","http://www.drugbank.ca/drugs/DB03642"
"298","(3-EXO)-3-(10,11-DIHYDRO-5H-DIBENZO[A,D][7]ANNULEN-5-YLOXY)-8,8-DIMETHYL-8-AZONIABICYCLO[3.2.1]OCTANE (DB07494)","0.8838","http://www.drugbank.ca/drugs/DB07494"
"299","(1-Tert-Butyl-5-Hydroxy-1h-Pyrazol-4-Yl)-(6-Methanesulfonyl-4'-Methoxy-2-Methyl-Biphenyl-3-Yl)-Methanone (DB02850)","0.8835","http://www.drugbank.ca/drugs/DB02850"
"300","Moxifloxacin (DB00218)","0.8835","http://www.drugbank.ca/drugs/DB00218"
"301","5-[(3R)-3-(5-methoxy-3',5'-dimethylbiphenyl-3-yl)but-1-yn-1-yl]-6-methylpyrimidine-2,4-diamine (DB07142)","0.8833","http://www.drugbank.ca/drugs/DB07142"
"302","Zuclopenthixol (DB01624)","0.8823","http://www.drugbank.ca/drugs/DB01624"
"303","2-Hydroxy-5-({1-[(2-Naphthyloxy)Methyl]-3-Oxoprop-1-Enyl}Amino)Tyrosine (DB02511)","0.8822","http://www.drugbank.ca/drugs/DB02511"
"304","5-[(3R)-3-(5-methoxy-2',6'-dimethylbiphenyl-3-yl)but-1-yn-1-yl]-6-methylpyrimidine-2,4-diamine (DB07144)","0.8822","http://www.drugbank.ca/drugs/DB07144"
"305","Irbesartan (DB01029)","0.8820","http://www.drugbank.ca/drugs/DB01029"
"306","Cp-Coeleneterazine (DB03960)","0.8813","http://www.drugbank.ca/drugs/DB03960"
"307","N-({(3R,4R)-4-[(benzyloxy)methyl]pyrrolidin-3-yl}methyl)-N-(2-methylpropyl)benzenesulfonamide (DB07505)","0.8812","http://www.drugbank.ca/drugs/DB07505"
"308","Troglitazone (DB00197)","0.8802","http://www.drugbank.ca/drugs/DB00197"
"309","(5R)-5-(4-{[(2R)-6-HYDROXY-2,5,7,8-TETRAMETHYL-3,4-DIHYDRO-2H-CHROMEN-2-YL]METHOXY}BENZYL)-1,3-THIAZOLIDINE-2,4-DIONE (DB08607)","0.8802","http://www.drugbank.ca/drugs/DB08607"
"310","(4R,2S)-5'-(4-(4-CHLOROBENZYLOXY)PYRROLIDIN-2-YLMETHANESULFONYL)ISOQUINOLINE (DB07583)","0.8791","http://www.drugbank.ca/drugs/DB07583"
"311","N-{3-[(4-{[3-(TRIFLUOROMETHYL)PHENYL]AMINO}PYRIMIDIN-2-YL)AMINO]PHENYL}CYCLOPROPANECARBOXAMIDE (DB07545)","0.8787","http://www.drugbank.ca/drugs/DB07545"
"312","Almitrine (DB01430)","0.8784","http://www.drugbank.ca/drugs/DB01430"
"313","1-{3-oxo-3-[(2S)-2-(pyrrolidin-1-ylcarbonyl)pyrrolidin-1-yl]propyl}-3-phenylquinoxalin-2(1H)-one (DB08738)","0.8781","http://www.drugbank.ca/drugs/DB08738"
"314","N-(4-{[(3S)-3-(dimethylamino)pyrrolidin-1-yl]carbonyl}phenyl)-5-fluoro-4-[2-methyl-1-(1-methylethyl)-1H-imidazol-5-yl]pyrimidin-2-amine (DB07936)","0.8780","http://www.drugbank.ca/drugs/DB07936"
"315","Sildenafil (DB00203)","0.8778","http://www.drugbank.ca/drugs/DB00203"
"316","Risperidone (DB00734)","0.8777","http://www.drugbank.ca/drugs/DB00734"
"317","Temafloxacin (DB01405)","0.8777","http://www.drugbank.ca/drugs/DB01405"
"318","Nicergoline (DB00699)","0.8776","http://www.drugbank.ca/drugs/DB00699"
"319","(METHYLPYRIDAZINE PIPERIDINE BUTYLOXYPHENYL)ETHYLACETATE (DB08014)","0.8774","http://www.drugbank.ca/drugs/DB08014"
"320","5-(4-METHYL-BENZOYLAMINO)-BIPHENYL-3,4'-DICARBOXYLIC ACID 3-DIMETHYLAMIDE-4'-HYDROXYAMIDE (DB07586)","0.8772","http://www.drugbank.ca/drugs/DB07586"
"321","2,4-Diamino-5-Methyl-6-[(3,4,5-Trimethoxy-N-Methylanilino)Methyl]Pyrido[2,3-D]Pyrimidine (DB02104)","0.8770","http://www.drugbank.ca/drugs/DB02104"
"322","N-{2'-[(4-FLUOROPHENYL)AMINO]-4,4'-BIPYRIDIN-2-YL}-4-METHOXYCYCLOHEXANECARBOXAMIDE (DB08025)","0.8769","http://www.drugbank.ca/drugs/DB08025"
"323","6,7-DIMETHOXY-4-[(3R)-3-(2-NAPHTHYLOXY)PYRROLIDIN-1-YL]QUINAZOLINE (DB08389)","0.8764","http://www.drugbank.ca/drugs/DB08389"
"324","4-{[5-chloro-4-(1H-indol-3-yl)pyrimidin-2-yl]amino}-N-ethylpiperidine-1-carboxamide (DB08005)","0.8764","http://www.drugbank.ca/drugs/DB08005"
"325","Donepezil (DB00843)","0.8760","http://www.drugbank.ca/drugs/DB00843"
"326","1-BENZYL-4-[(5,6-DIMETHOXY-1-INDANON-2-YL)METHYL]PIPERIDINE (DB07701)","0.8760","http://www.drugbank.ca/drugs/DB07701"
"327","Thioproperazine (DB01622)","0.8758","http://www.drugbank.ca/drugs/DB01622"
"328","2-{5-[3-(7-PROPYL-3-TRIFLUOROMETHYLBENZO[D]ISOXAZOL-6-YLOXY)PROPOXY]INDOL-1-YL}ETHANOIC ACID (DB07053)","0.8756","http://www.drugbank.ca/drugs/DB07053"
"329","GC-24 (DB03788)","0.8749","http://www.drugbank.ca/drugs/DB03788"
"330","2-{4-[2-(2-AMINO-4-OXO-4,7-DIHYDRO-3H-PYRROLO[2,3-D]PYRIMIDIN-5-YL)-ETHYL]-BENZOYLAMINO}-3-METHYL-BUTYRIC ACID (DB08131)","0.8741","http://www.drugbank.ca/drugs/DB08131"
"331","Erlotinib (DB00530)","0.8738","http://www.drugbank.ca/drugs/DB00530"
"332","AZD2563 (DB04850)","0.8737","http://www.drugbank.ca/drugs/DB04850"
"333","Udenafil (DB06267)","0.8730","http://www.drugbank.ca/drugs/DB06267"
"334","Rimonabant (DB06155)","0.8727","http://www.drugbank.ca/drugs/DB06155"
"335","N-((1R,2S)-2-(5-CHLORO-1H-INDOLE-2-CARBOXAMIDO)CYCLOHEXYL)-5-METHYL-4,5,6,7-TETRAHYDROTHIAZOLO[5,4-C]PYRIDINE-2-CARBOXAMIDE (DB07629)","0.8724","http://www.drugbank.ca/drugs/DB07629"
"336","N-((1R,2R)-2-(5-CHLORO-1H-INDOLE-2-CARBOXAMIDO)CYCLOHEXYL)-5-METHYL-4,5,6,7-TETRAHYDROTHIAZOLO[5,4-C]PYRIDINE-2-CARBOXAMIDE (DB07630)","0.8724","http://www.drugbank.ca/drugs/DB07630"
"337","N-cyclopropyl-6-[(6,7-dimethoxyquinolin-4-yl)oxy]naphthalene-1-carboxamide (DB07274)","0.8722","http://www.drugbank.ca/drugs/DB07274"
"338","CP-526423 (DB02089)","0.8720","http://www.drugbank.ca/drugs/DB02089"
"339","Sulfinpyrazone (DB01138)","0.8714","http://www.drugbank.ca/drugs/DB01138"
"340","N-(TERT-BUTYL)-3,5-DIMETHYL-N'-[(5-METHYL-2,3-DIHYDRO-1,4-BENZODIOXIN-6-YL)CARBONYL]BENZOHYDRAZIDE (DB07929)","0.8713","http://www.drugbank.ca/drugs/DB07929"
"341","Pipotiazine (DB01621)","0.8712","http://www.drugbank.ca/drugs/DB01621"
"342","(3ASR,4RS,8ASR,8BRS)-4-(2-(4-FLUOROBENZYL)-1,3-DIOXODEACAHYDROPYRROLO[3,4-A] PYRROLIZIN-4-YL)BENZAMIDINE (DB07796)","0.8710","http://www.drugbank.ca/drugs/DB07796"
"343","4-[[(1E)-2-(4-CHLOROPHENYL)ETHENYL]SULFONYL]-1-[[1-(4-PYRIDINYL)-4-PIPERIDINYL]METHYL]PIPERAZINONE (DB08745)","0.8710","http://www.drugbank.ca/drugs/DB08745"
"344","Vardenafil (DB00862)","0.8708","http://www.drugbank.ca/drugs/DB00862"
"345","Allyl-{6-[3-(4-Bromo-Phenyl)-Benzofuran-6-Yloxy]-Hexyl-}-Methyl-Amin (DB02339)","0.8704","http://www.drugbank.ca/drugs/DB02339"
"346","Eltrombopag (DB06210)","0.8699","http://www.drugbank.ca/drugs/DB06210"
"347","Quinidine barbiturate (DB01346)","0.8693","http://www.drugbank.ca/drugs/DB01346"
"348","Thiothixene (DB01623)","0.8691","http://www.drugbank.ca/drugs/DB01623"
"349","N-[(13-CYCLOHEXYL-6,7-DIHYDROINDOLO[1,2-D][1,4]BENZOXAZEPIN-10-YL)CARBONYL]-2-METHYL-L-ALANINE (DB08031)","0.8686","http://www.drugbank.ca/drugs/DB08031"
"350","Pipazethate (DB08796)","0.8686","http://www.drugbank.ca/drugs/DB08796"
"351","1-(2-Fluorobenzyl)-3-Butyl-8-(N-Acetyl-4-Aminobenzyl)-Xanthine (DB02008)","0.8685","http://www.drugbank.ca/drugs/DB02008"
"352","(11S)-8-CHLORO-11-[1-(METHYLSULFONYL)PIPERIDIN-4-YL]-6-PIPERAZIN-1-YL-11H-BENZO[5,6]CYCLOHEPTA[1,2-B]PYRIDINE (DB07216)","0.8682","http://www.drugbank.ca/drugs/DB07216"
"353","N'-(6-aminopyridin-3-yl)-N-(2-cyclopentylethyl)-4-methyl-benzene-1,3-dicarboxamide (DB07537)","0.8679","http://www.drugbank.ca/drugs/DB07537"
"354","Dasatinib (DB01254)","0.8676","http://www.drugbank.ca/drugs/DB01254"
"355","[(1-{2[(4-Carbamimidoyl-Phenylamino)-Methyl]-1-Methyl-1h-Benzoimidazol-5-Yl}-Cyclopropyl)-Pyridin-2-Yl-Methyleneaminooxy]-Acetic Acid Ethyl Ester (DB04107)","0.8674","http://www.drugbank.ca/drugs/DB04107"
"356","4-[(2-{4-[(CYCLOPROPYLCARBAMOYL)AMINO]-1H-PYRAZOL-3-YL}-1H-BENZIMIDAZOL-6-YL)METHYL]MORPHOLIN-4-IUM (DB08067)","0.8673","http://www.drugbank.ca/drugs/DB08067"
"357","Diphenoxylate (DB01081)","0.8669","http://www.drugbank.ca/drugs/DB01081"
"358","Verapamil (DB00661)","0.8665","http://www.drugbank.ca/drugs/DB00661"
"359","3-[1-(3-Aminopropyl)-1h-Indol-3-Yl]-4-(1-Methyl-1h-Indol-3-Yl)-1h-Pyrrole-2,5-Dione (DB01946)","0.8663","http://www.drugbank.ca/drugs/DB01946"
"360","Nebivolol (DB04861)","0.8657","http://www.drugbank.ca/drugs/DB04861"
"361","2-{4-[4-({4-[2-methyl-1-(1-methylethyl)-1H-imidazol-5-yl]pyrimidin-2-yl}amino)phenyl]piperazin-1-yl}-2-oxoethanol (DB07982)","0.8656","http://www.drugbank.ca/drugs/DB07982"
"362","Trospium (DB00209)","0.8650","http://www.drugbank.ca/drugs/DB00209"
"363","N-[4-(1-BENZOYLPIPERIDIN-4-YL)BUTYL]-3-PYRIDIN-3-YLPROPANAMIDE (DB07656)","0.8643","http://www.drugbank.ca/drugs/DB07656"
"364","2-(4-(AMINOMETHYL)PIPERIDIN-1-YL)-N-(3_CYCLOHEXYL-4-OXO-2,4-DIHYDROINDENO[1,2-C]PYRAZOL-5-YL)ACETAMIDE (DB07618)","0.8641","http://www.drugbank.ca/drugs/DB07618"
"365","2,4-Diamino-6-[N-(3',4',5'-Trimethoxybenzyl)-N-Methylamino]Pyrido[2,3-D]Pyrimidine (DB02919)","0.8639","http://www.drugbank.ca/drugs/DB02919"
"366","6,7-DIMETHOXY-4-[(3R)-3-(QUINOXALIN-2-YLOXY)PYRROLIDIN-1-YL]QUINAZOLINE (DB08391)","0.8639","http://www.drugbank.ca/drugs/DB08391"
"367","2-(6-CHLORO-3-{[2,2-DIFLUORO-2-(1-OXIDO-2-PYRIDINYL)ETHYL]AMINO}-2-OXO-1(2H)-PYRAZINYL)-N-[(2-FLUOROPHENYL)METHYL]ACETAMIDE (DB07550)","0.8630","http://www.drugbank.ca/drugs/DB07550"
"368","Levomethadyl Acetate (DB01227)","0.8627","http://www.drugbank.ca/drugs/DB01227"
"369","Methadyl Acetate (DB01433)","0.8627","http://www.drugbank.ca/drugs/DB01433"
"370","Betacetylmethadol (DB01522)","0.8627","http://www.drugbank.ca/drugs/DB01522"
"371","Alphacetylmethadol (DB01555)","0.8627","http://www.drugbank.ca/drugs/DB01555"
"372","Difenoxin (DB01501)","0.8621","http://www.drugbank.ca/drugs/DB01501"
"373","4-[(3AS,4R,7R,8AS,8BR)-2-(1,3-BENZODIOXOL-5-YLMETHYL)-7-HYDROXY-1,3-DIOXODECAHYDROPYRROLO[3,4-A]PYRROLIZIN-4-YL]BENZENECARBOXIMIDAMIDE (DB08546)","0.8617","http://www.drugbank.ca/drugs/DB08546"
"374","Raltegravir (DB06817)","0.8613","http://www.drugbank.ca/drugs/DB06817"
"375","CRA_10433 (DB03173)","0.8610","http://www.drugbank.ca/drugs/DB03173"
"376","CRA_10655 (DB02526)","0.8607","http://www.drugbank.ca/drugs/DB02526"
"377","CRA_10991 (DB01771)","0.8593","http://www.drugbank.ca/drugs/DB01771"
"378","Aclidinium (DB08897)","0.8582","http://www.drugbank.ca/drugs/DB08897"
"379","Alvimopan (DB06274)","0.8582","http://www.drugbank.ca/drugs/DB06274"
"380","Terfenadine (DB00342)","0.8581","http://www.drugbank.ca/drugs/DB00342"
"381","Mitoxantrone (DB01204)","0.8580","http://www.drugbank.ca/drugs/DB01204"
"382","6-Phenyl-4(R)-(7-Phenyl-Heptanoylamino)-Hexanoic Acid (DB03471)","0.8579","http://www.drugbank.ca/drugs/DB03471"
"383","Halofantrine (DB01218)","0.8575","http://www.drugbank.ca/drugs/DB01218"
"384","4-(6-{[(4-METHYLCYCLOHEXYL)AMINO]METHYL}-1,4-DIHYDROINDENO[1,2-C]PYRAZOL-3-YL)BENZOIC ACID (DB07320)","0.8566","http://www.drugbank.ca/drugs/DB07320"
"385","Tofisopam (DB08811)","0.8565","http://www.drugbank.ca/drugs/DB08811"
"386","6-FLUORO-2-[2-HYDROXY-3-(2-METHYL-CYCLOHEXYLOXY)-PHENYL]-1H-INDOLE-5-CARBOXAMIDINE (DB06856)","0.8558","http://www.drugbank.ca/drugs/DB06856"
"387","Topotecan (DB01030)","0.8553","http://www.drugbank.ca/drugs/DB01030"
"388","Fexofenadine (DB00950)","0.8550","http://www.drugbank.ca/drugs/DB00950"
"389","Drotaverine (DB06751)","0.8547","http://www.drugbank.ca/drugs/DB06751"
"390","Olmesartan (DB00275)","0.8538","http://www.drugbank.ca/drugs/DB00275"
"391","Carvedilol (DB01136)","0.8530","http://www.drugbank.ca/drugs/DB01136"
"392","4-(1R,3AS,4R,8AS,8BR)-[1-DIFLUOROMETHYL-2-(4-FLUOROBENZYL)-3-OXODECAHYDROPYRROLO[3,4-A]PYRROLIZIN-4-YL]BENZAMIDINE (DB07741)","0.8504","http://www.drugbank.ca/drugs/DB07741"
"393","Ambenonium (DB01122)","0.8498","http://www.drugbank.ca/drugs/DB01122"
"394","Cabergoline (DB00248)","0.8490","http://www.drugbank.ca/drugs/DB00248"
"395","6-({5-fluoro-2-[(3,4,5-trimethoxyphenyl)amino]pyrimidin-4-yl}amino)-2,2-dimethyl-2H-pyrido[3,2-b][1,4]oxazin-3(4H)-one (DB07159)","0.8484","http://www.drugbank.ca/drugs/DB07159"
"396","7-Hydroxystaurosporine (DB01933)","0.8480","http://www.drugbank.ca/drugs/DB01933"
"397","Paliperidone (DB01267)","0.8478","http://www.drugbank.ca/drugs/DB01267"
"398","CRA_11092 (DB03555)","0.8454","http://www.drugbank.ca/drugs/DB03555"
"399","Dimenhydrinate (DB00985)","0.8450","http://www.drugbank.ca/drugs/DB00985"
"400","Saprisartan (DB01347)","0.8449","http://www.drugbank.ca/drugs/DB01347"
"401","(5r)-6-(4-{[2-(3-Iodobenzyl)-3-Oxocyclohex-1-En-1-Yl]Amino}Phenyl)-5-Methyl-4,5-Dihydropyridazin-3(2h)-One (DB01640)","0.8443","http://www.drugbank.ca/drugs/DB01640"
"402","Dipipanone (DB01491)","0.8443","http://www.drugbank.ca/drugs/DB01491"
"403","Cerivastatin (DB00439)","0.8441","http://www.drugbank.ca/drugs/DB00439"
"404","7-[3-(4-FLUORO-PHENYL)-1-ISOPROPYL-1H-INDOL-2-YL]-3,5-DIHYDROXY-HEPTANOIC ACID (DB06846)","0.8438","http://www.drugbank.ca/drugs/DB06846"
"405","METHYL 1-(4-{[(2,4-DIAMINOPTERIDIN-6-YL)METHYL](METHYL)AMINO}BENZOYL)PIPERIDINE-4-CARBOXYLATE (DB07765)","0.8436","http://www.drugbank.ca/drugs/DB07765"
"406","(2S)-1-{[5-(1H-INDAZOL-5-YL)PYRIDIN-3-YL]OXY}-3-[(7AS)-7AH-INDOL-3-YL]PROPAN-2-AMINE (DB06977)","0.8435","http://www.drugbank.ca/drugs/DB06977"
"407","Fluvastatin (DB01095)","0.8432","http://www.drugbank.ca/drugs/DB01095"
"408","10-(4-Dimethylamino-5-Hydroxy-6-Methyl-Tetrahydro-Pyran-2-Yloxy)-8-Ethyl-1,8,11-Trihydroxy-7,8,9,10-Tetrahydro-Naphthacene-5,12-Dione (DB04131)","0.8424","http://www.drugbank.ca/drugs/DB04131"
"409","Bosentan (DB00559)","0.8423","http://www.drugbank.ca/drugs/DB00559"
"410","Pirenzepine (DB00670)","0.8416","http://www.drugbank.ca/drugs/DB00670"
"411","METHYL 1-(4-{[(2,4-DIAMINOPTERIDIN-6-YL)METHYL]AMINO}BENZOYL)PIPERIDINE-4-CARBOXYLATE (DB07689)","0.8401","http://www.drugbank.ca/drugs/DB07689"
"412","Cyclopropyl-{4-[5-(3,4-Dichlorophenyl)-2-[(1-Methyl)-Piperidin]-4-Yl-3-Propyl-3h-Imidazol-4-Yl]-Pyrimidin-2-Yl}Amine (DB03084)","0.8398","http://www.drugbank.ca/drugs/DB03084"
"413","Darusentan (DB04883)","0.8396","http://www.drugbank.ca/drugs/DB04883"
"414","Aprepitant (DB00673)","0.8394","http://www.drugbank.ca/drugs/DB00673"
"415","N-[2-(1,3-BENZODIOXOL-5-YL)ETHYL]-1-[2-(1H-IMIDAZOL-1-YL)-6-METHYLPYRIMIDIN-4-YL]-D-PROLINAMIDE (DB06916)","0.8388","http://www.drugbank.ca/drugs/DB06916"
"416","LY249543 (DB04322)","0.8384","http://www.drugbank.ca/drugs/DB04322"
"417","Alfentanil (DB00802)","0.8365","http://www.drugbank.ca/drugs/DB00802"
"418","Methotrexate (DB00563)","0.8360","http://www.drugbank.ca/drugs/DB00563"
"419","Pitavastatin (DB08860)","0.8354","http://www.drugbank.ca/drugs/DB08860"
"420","N-butyl-3-{[6-(9H-purin-6-ylamino)hexanoyl]amino}benzamide (DB07801)","0.8354","http://www.drugbank.ca/drugs/DB07801"
"421","Domperidone (DB01184)","0.8352","http://www.drugbank.ca/drugs/DB01184"
"422","5-(3,5-DICHLOROPHENYL)THIO-4-ISOPROPYL-1-(PYRIDIN-4-YL-METHYL)-1H-IMIDAZOL-2-YL-METHYL CARBAMATE (DB08502)","0.8333","http://www.drugbank.ca/drugs/DB08502"
"423","4-[5-(Trans-4-Aminocyclohexylamino)-3-Isopropylpyrazolo[1,5-a]Pyrimidin-7-Ylamino]-N,N-Dimethylbenzenesulfonamide (DB01888)","0.8327","http://www.drugbank.ca/drugs/DB01888"
"424","Eprosartan (DB00876)","0.8324","http://www.drugbank.ca/drugs/DB00876"
"425","methyl (1R,2S)-2-(hydroxycarbamoyl)-1-{4-[(2-methylquinolin-4-yl)methoxy]benzyl}cyclopropanecarboxylate (DB07147)","0.8310","http://www.drugbank.ca/drugs/DB07147"
"426","5,10-Dideazatetrahydrofolic Acid (DB03625)","0.8310","http://www.drugbank.ca/drugs/DB03625"
"427","CD564 (DB02741)","0.8308","http://www.drugbank.ca/drugs/DB02741"
"428","OLOMOUCINE II (DB04662)","0.8297","http://www.drugbank.ca/drugs/DB04662"
"429","SR11254 (DB02258)","0.8294","http://www.drugbank.ca/drugs/DB02258"
"430","N6-METHYL-(R)-ROSCOVITINE, R-2-[6-(BENZYL-METHYL-AMINO)-9-ISOPROPYL-9H-PURIN-2-YLAMINO]-BUTAN-1-OL (DB04776)","0.8293","http://www.drugbank.ca/drugs/DB04776"
"431","(1S,2S,5S)2-(4-GLUTARIDYLBENZYL)-5-PHENYL-1-CYCLOHEXANOL (DB07909)","0.8290","http://www.drugbank.ca/drugs/DB07909"
"432","Canagliflozin (DB08907)","0.8287","http://www.drugbank.ca/drugs/DB08907"
"433","Trovafloxacin (DB00685)","0.8284","http://www.drugbank.ca/drugs/DB00685"
"434","BMS184394 (DB03466)","0.8284","http://www.drugbank.ca/drugs/DB03466"
"435","6-CARBAMIMIDOYL-2-[2-HYDROXY-5-(3-METHOXY-PHENYL)-INDAN-1-YL]-HEXANOIC ACID (DB06866)","0.8277","http://www.drugbank.ca/drugs/DB06866"
"436","5-(7-(5-HYDRO-4-METHYL-2-OXAZOLYL)PHENOXY)HEPTYL)-3-METHYL ISOXAZOLE (DB08727)","0.8260","http://www.drugbank.ca/drugs/DB08727"
"437","2-butoxy-9-(2,6-difluorobenzyl)-N-(2-morpholin-4-ylethyl)-9H-purin-6-amine (DB07937)","0.8253","http://www.drugbank.ca/drugs/DB07937"
"438","N'-(5-CHLORO-1,3-BENZODIOXOL-4-YL)-N-(3,4,5- TRIMETHOXYPHENYL)PYRIMIDINE-2,4-DIAMINE (DB07250)","0.8244","http://www.drugbank.ca/drugs/DB07250"
"439","PUROMYCIN (DB08437)","0.8230","http://www.drugbank.ca/drugs/DB08437"
"440","ONO-6818 (DB03925)","0.8224","http://www.drugbank.ca/drugs/DB03925"
"441","5-(7-(6-CHLORO-4-(5-HYDRO-4-METHYL-2-OXAZOLYL)PHENOXY)HEPTYL)-3-METHYL ISOXAZOLE (DB08722)","0.8219","http://www.drugbank.ca/drugs/DB08722"
"442","Glipizide (DB01067)","0.8208","http://www.drugbank.ca/drugs/DB01067"
"443","6-CARBAMIMIDOYL-2-[2-HYDROXY-6-(4-HYDROXY-PHENYL)-INDAN-1-YL]-HEXANOIC ACID (DB06865)","0.8206","http://www.drugbank.ca/drugs/DB06865"
"444","N-[(5R,14R)-5-AMINO-5,14-DIMETHYL-4-OXO-3-OXA-18-AZATRICYCLO[15.3.1.1~7,11~]DOCOSA-1(21),7(22),8,10,17,19-HEXAEN-19-YL]-N-METHYLMETHANESULFONAMIDE (DB07019)","0.8204","http://www.drugbank.ca/drugs/DB07019"
"445","2,5-bis-o-{3-[amino(imino)methyl]phenyl}-1,4:3,6-dianhydro-d-glucitol (DB04790)","0.8169","http://www.drugbank.ca/drugs/DB04790"
"446","2-O-(4'-AMIDINOPHENYL)-5-O-(3''-AMIDINOPHENYL)-1,4:3,6-DIANHYDRO-D-SORBITOL (DB04791)","0.8169","http://www.drugbank.ca/drugs/DB04791"
"447","2,5-O,O-BIS-{4',4''-AMIDINOPHENYL}-1,4:3,6-DIANHYDRO-D-SORBITOL (DB04792)","0.8169","http://www.drugbank.ca/drugs/DB04792"
"448","2-O-(3'-AMIDINOPHENYL)-5-O-(4''-AMIDINOPHENYL}-1,4:3,6-DIANHYDRO-D-SORBITOL (DB04793)","0.8169","http://www.drugbank.ca/drugs/DB04793"
"449","N'-(3-CHLORO-4-METHOXY-PHENYL)-N-(3,4,5-TRIMETHOXYPHENYL)-1,3,5-TRIAZINE-2,4-DIAMINE (DB07251)","0.8165","http://www.drugbank.ca/drugs/DB07251"
"450","Idarubicin (DB01177)","0.8160","http://www.drugbank.ca/drugs/DB01177"
"451","Purvalanol (DB02733)","0.8151","http://www.drugbank.ca/drugs/DB02733"
"452","R-3-FLUORO-4-[2-HYDROXY-2-(5,5,8,8-TETRAMETHYL-5,6,7,8,-TETRAHYDRO-NAPHTALEN-2-YL)-ACETYLAMINO]-BENZOIC ACID (DB07031)","0.8149","http://www.drugbank.ca/drugs/DB07031"
"453","3-FLUORO-4-[2-HYDROXY-2-(5,5,8,8-TETRAMETHYL-5,6,7,8,-TETRAHYDRO-NAPHTALEN-2-YL)-ACETYLAMINO]-BENZOIC ACID (DB07294)","0.8149","http://www.drugbank.ca/drugs/DB07294"
"454","N~6~-cyclohexyl-N~2~-(4-morpholin-4-ylphenyl)-9H-purine-2,6-diamine (DB07340)","0.8133","http://www.drugbank.ca/drugs/DB07340"
"455","BNP 1350 (DB05806)","0.8121","http://www.drugbank.ca/drugs/DB05806"
"456","O6-(R)-ROSCOVITINE, R-2-(6-BENZYLOXY-9-ISOPROPYL-9H-PURIN-2-YLAMINO)-BUTAN-1-OL (DB04770)","0.8116","http://www.drugbank.ca/drugs/DB04770"
"457","Glimepiride (DB00222)","0.8112","http://www.drugbank.ca/drugs/DB00222"
"458","5-(7-(5-HYDRO-4-ETHYL-2-OXAZOLYL)PHENOXY)HEPTYL)-3-METHYL ISOXAZOLE (DB08725)","0.8092","http://www.drugbank.ca/drugs/DB08725"
"459","Mibefradil (DB01388)","0.8086","http://www.drugbank.ca/drugs/DB01388"
"460","Benzylmorphine (DB01573)","0.8066","http://www.drugbank.ca/drugs/DB01573"
"461","(4aS)-5-[(2,4-diaminopteridin-6-yl)methyl]-4a,5-dihydro-2H-dibenzo[b,f]azepin-8-ol (DB08448)","0.8053","http://www.drugbank.ca/drugs/DB08448"
"462","5-[[(2R)-2-cyclopropyl-7,8-dimethoxy-2H-chromen-5-yl]methyl]pyrimidine-2,4-diamine (DB08741)","0.8040","http://www.drugbank.ca/drugs/DB08741"
"463","Cyclohexyl-{4-[5-(3,4-Dichlorophenyl)-2-Piperidin-4-Yl-3-Propyl-3h-Imidazol-4-Yl]-Pyrimidin-2-Yl}Amine (DB02388)","0.8040","http://www.drugbank.ca/drugs/DB02388"
"464","Brodimoprim-4,6-Dicarboxylate (DB02809)","0.8037","http://www.drugbank.ca/drugs/DB02809"
"465","N-(2-METHOXYETHYL)-4-({4-[2-METHYL-1-(1-METHYLETHYL)-1H-IMIDAZOL-5-YL]PYRIMIDIN-2-YL}AMINO)BENZENESULFONAMIDE (DB07790)","0.8004","http://www.drugbank.ca/drugs/DB07790"
"466","Batimastat (DB03880)","0.7945","http://www.drugbank.ca/drugs/DB03880"
"467","N-cyclopropyl-N-(trans-4-pyridin-3-ylcyclohexyl)-4-[(1S)-2,2,2-trifluoro-1-hydroxy-1-methylethyl]benzamide (DB07619)","0.7944","http://www.drugbank.ca/drugs/DB07619"
"468","5-METHYL-3-(9-OXO-1,8-DIAZA-TRICYCLO[10.6.1.013,18]NONADECA-12(19),13,15,17-TETRAEN-10-YLCARBAMOYL)-HEXANOIC ACID (DB08493)","0.7931","http://www.drugbank.ca/drugs/DB08493"
"469","N4-HYDROXY-2-ISOBUTYL-N1-(9-OXO-1,8-DIAZA-TRICYCLO[10.6.1.013,18]NONADECA-12(19),13,15,17-TETRAEN-10-YL)-SUCCINAMIDE (DB08489)","0.7922","http://www.drugbank.ca/drugs/DB08489"
"470","1-Allyl-3-Butyl-8-(N-Acetyl-4-Aminobenzyl)-Xanthine (DB03267)","0.7920","http://www.drugbank.ca/drugs/DB03267"
"471","Pralatrexate (DB06813)","0.7918","http://www.drugbank.ca/drugs/DB06813"
"472","9-Butyl-8-(3,4,5-Trimethoxybenzyl)-9h-Purin-6-Amine (DB02754)","0.7890","http://www.drugbank.ca/drugs/DB02754"
"473","2-(6-CHLORO-3-{[2,2-DIFLUORO-2-(2-PYRIDINYL)ETHYL]AMINO}-2-OXO-1(2H)-PYRAZINYL)-N-[(2-FLUORO-3-METHYL-6-PYRIDINYL)METHYL]ACETAMIDE (DB07549)","0.7861","http://www.drugbank.ca/drugs/DB07549"
"474","8-(2-Chloro-3,4,5-Trimethoxy-Benzyl)-9-Pent-4-Ylnyl-9h-Purin-6-Ylamine (DB04505)","0.7847","http://www.drugbank.ca/drugs/DB04505"
"475","9-Butyl-8-(2-Chloro-3,4,5-Trimethoxy-Benzyl)-9h-Purin-6-Ylamine (DB03504)","0.7846","http://www.drugbank.ca/drugs/DB03504"
"476","8-(2-Chloro-3,4,5-Trimethoxy-Benzyl)-2-Fluoro-9-Pent-4-Ylnyl-9h-Purin-6-Ylamine (DB02550)","0.7812","http://www.drugbank.ca/drugs/DB02550"
"477","CF-101 (DB05511)","0.7762","http://www.drugbank.ca/drugs/DB05511"
"478","5-[[(2R)-2-cyclopropyl-7,8-dimethoxy-chroman-5-yl]methyl]pyrimidine-2,4-diamine (DB07938)","0.7756","http://www.drugbank.ca/drugs/DB07938"
"479","Bis-Benzamidine (DB02081)","0.7736","http://www.drugbank.ca/drugs/DB02081"
"480","4-(6-CYCLOHEXYLMETHOXY-9H-PURIN-2-YLAMINO)--BENZAMIDE (DB08241)","0.7646","http://www.drugbank.ca/drugs/DB08241"
"481","N-[3-(Dimethylamino)Propyl]-2-({[4-({[4-(Formylamino)-1-Methyl-1h-Pyrrol-2-Yl]Carbonyl}Amino)-1-Methyl-1h-Pyrrol-2-Yl]Carbonyl}Amino)-5-Isopropyl-1,3-Thiazole-4-Carboxamide (DB02295)","0.7639","http://www.drugbank.ca/drugs/DB02295"
"482","Linagliptin  (DB08882)","0.7592","http://www.drugbank.ca/drugs/DB08882"
"483","Cilostazol (DB01166)","0.7588","http://www.drugbank.ca/drugs/DB01166"
"484","3-({2-[(4-{[6-(CYCLOHEXYLMETHOXY)-9H-PURIN-2-YL]AMINO}PHENYL)SULFONYL]ETHYL}AMINO)PROPAN-1-OL (DB08309)","0.7546","http://www.drugbank.ca/drugs/DB08309"
"485","Adapalene (DB00210)","0.7494","http://www.drugbank.ca/drugs/DB00210"
"486","7-amino-2-tert-butyl-4-(4-pyrimidin-2-ylpiperazin-1-yl)pyrido[2,3-d]pyrimidine-6-carboxamide (DB07043)","0.7466","http://www.drugbank.ca/drugs/DB07043"
"487","Tryptophanyl-5'amp (DB01831)","0.7421","http://www.drugbank.ca/drugs/DB01831"
"488","2-[Trans-(4-Aminocyclohexyl)Amino]-6-(Benzyl-Amino)-9-Cyclopentylpurine (DB04288)","0.7365","http://www.drugbank.ca/drugs/DB04288"
"489","Levocabastine (DB01106)","0.7348","http://www.drugbank.ca/drugs/DB01106"
"490","Yohimbine (DB01392)","0.7328","http://www.drugbank.ca/drugs/DB01392"
"491","Ticagrelor (DB08816)","0.7265","http://www.drugbank.ca/drugs/DB08816"
"492","(2S,4S,5R)-1-(4-TERT-BUTYLBENZOYL)-2-ISOBUTYL-5-(1,3-THIAZOL-2-YL)PYRROLIDINE-2,4-DICARBOXYLIC ACID (DB07199)","0.7219","http://www.drugbank.ca/drugs/DB07199"
"493","[1-(4-Fluorobenzyl)Cyclobutyl]Methyl (1s)-1-[Oxo(1h-Pyrazol-5-Ylamino)Acetyl]Pentylcarbamate (DB01858)","0.7110","http://www.drugbank.ca/drugs/DB01858"
"494","Adamantane-1-Carboxylic Acid-5-Dimethylamino-Naphthalene-1-Sulfonylamino-Butyl-Amide (DB04032)","0.6759","http://www.drugbank.ca/drugs/DB04032"
"495","Cinalukast (DB00587)","0.6596","http://www.drugbank.ca/drugs/DB00587"
"496","(4aS,4bR,10bS,12aS)-12a-methyl-1,3-dioxo-2-(pyridin-3-ylmethyl)-1,2,3,4,4a,4b,5,6,10b,11,12,12a-dodecahydronaphtho[2,1-f]isoquinolin-8-yl sulfamate (DB08418)","0.6496","http://www.drugbank.ca/drugs/DB08418"
"497","6-[1-(3,5,5,8,8-Pentamethyl-5,6,7,8-Tetrahydronaphthalen-2-Yl)Cyclopropyl]Pyridine-3-Carboxylic Acid (DB01941)","0.6479","http://www.drugbank.ca/drugs/DB01941"
"498","Mifepristone (DB00834)","0.6076","http://www.drugbank.ca/drugs/DB00834"
"499","Myxothiazol (DB04741)","0.5043","http://www.drugbank.ca/drugs/DB04741"
"500","KW-3902 (DB05360)","0.3410","http://www.drugbank.ca/drugs/DB05360"
