"","DrugBank Compound (Name, ID)","Similarity to ","Link"
"1","4-(4-chlorobenzyl)-1-(7H-pyrrolo[2,3-d]pyrimidin-4-yl)piperidin-4-aminium (DB08150)","0.9810","http://www.drugbank.ca/drugs/DB08150"
"2","1-[4-(4-chlorophenyl)-1-(7H-pyrrolo[2,3-d]pyrimidin-4-yl)piperidin-4-yl]methanamine (DB08148)","0.9676","http://www.drugbank.ca/drugs/DB08148"
"3","1-[4-(4-chlorobenzyl)-1-(7H-pyrrolo[2,3-d]pyrimidin-4-yl)piperidin-4-yl]methanamine (DB08149)","0.9630","http://www.drugbank.ca/drugs/DB08149"
"4","1-{7-cyclohexyl-6-[4-(4-methylpiperazin-1-yl)benzyl]-7H-pyrrolo[2,3-d]pyrimidin-2-yl}methanamine (DB07563)","0.9554","http://www.drugbank.ca/drugs/DB07563"
"5","Cyclopropyl-{4-[5-(3,4-Dichlorophenyl)-2-[(1-Methyl)-Piperidin]-4-Yl-3-Propyl-3h-Imidazol-4-Yl]-Pyrimidin-2-Yl}Amine (DB03084)","0.9548","http://www.drugbank.ca/drugs/DB03084"
"6","N-{(3S,4S)-4-[(6-AMINO-4-METHYLPYRIDIN-2-YL)METHYL]PYRROLIDIN-3-YL}-N'-(4-CHLOROBENZYL)ETHANE-1,2-DIAMINE (DB08018)","0.9500","http://www.drugbank.ca/drugs/DB08018"
"7","N-{(3R,4S)-4-[(6-amino-4-methylpyridin-2-yl)methyl]pyrrolidin-3-yl}-N'-(3-chlorobenzyl)ethane-1,2-diamine (DB08019)","0.9500","http://www.drugbank.ca/drugs/DB08019"
"8","Piboserod (DB04873)","0.9494","http://www.drugbank.ca/drugs/DB04873"
"9","Pagoclone (DB04903)","0.9459","http://www.drugbank.ca/drugs/DB04903"
"10","2-{[(1R,2S)-2-aminocyclohexyl]amino}-4-[(3-methylphenyl)amino]pyrimidine-5-carboxamide (DB08361)","0.9439","http://www.drugbank.ca/drugs/DB08361"
"11","N-((1R,2S)-2-(5-CHLORO-1H-INDOLE-2-CARBOXAMIDO)CYCLOHEXYL)-5-METHYL-4,5,6,7-TETRAHYDROTHIAZOLO[5,4-C]PYRIDINE-2-CARBOXAMIDE (DB07629)","0.9431","http://www.drugbank.ca/drugs/DB07629"
"12","N-((1R,2R)-2-(5-CHLORO-1H-INDOLE-2-CARBOXAMIDO)CYCLOHEXYL)-5-METHYL-4,5,6,7-TETRAHYDROTHIAZOLO[5,4-C]PYRIDINE-2-CARBOXAMIDE (DB07630)","0.9431","http://www.drugbank.ca/drugs/DB07630"
"13","[PHENYLALANINYL-PROLINYL]-[2-(PYRIDIN-4-YLAMINO)-ETHYL]-AMINE (DB08422)","0.9426","http://www.drugbank.ca/drugs/DB08422"
"14","N-butyl-3-{[6-(9H-purin-6-ylamino)hexanoyl]amino}benzamide (DB07801)","0.9424","http://www.drugbank.ca/drugs/DB07801"
"15","OPC-51803 (DB05838)","0.9402","http://www.drugbank.ca/drugs/DB05838"
"16","5-Chloro-1h-Indole-2-Carboxylic Acid{[Cyclopentyl-(2-Hydroxy-Ethyl)-Carbamoyl]-Methyl}-Amide (DB03288)","0.9401","http://www.drugbank.ca/drugs/DB03288"
"17","3-(2-AMINO-6-BENZOYLQUINAZOLIN-3(4H)-YL)-N-CYCLOHEXYL-N-METHYLPROPANAMIDE (DB08749)","0.9399","http://www.drugbank.ca/drugs/DB08749"
"18","(4R)-7,8-dichloro-1',9-dimethyl-1-oxo-1,2,4,9-tetrahydrospiro[beta-carboline-3,4'-piperidine]-4-carbonitrile (DB07242)","0.9372","http://www.drugbank.ca/drugs/DB07242"
"19","6-(4-{(1S,2S)-2-AMINO-1-[(DIMETHYLAMINO)CARBONYL]-3-[(3S)-3-FLUOROPYRROLIDIN-1-YL]-3-OXOPROPYL}PHENYL)-1H-[1,2,4]TRIAZOLO[1,5-A]PYRIDIN-4-IUM (DB08504)","0.9370","http://www.drugbank.ca/drugs/DB08504"
"20","(3R,4S)-1-[(4-amino-5H-pyrrolo[3,2-d]pyrimidin-7-yl)methyl]-4-[(benzylsulfanyl)methyl]pyrrolidin-3-ol (DB07649)","0.9358","http://www.drugbank.ca/drugs/DB07649"
"21","2-{4-[2-(2-AMINO-4-OXO-4,7-DIHYDRO-3H-PYRROLO[2,3-D]PYRIMIDIN-5-YL)-ETHYL]-BENZOYLAMINO}-3-METHYL-BUTYRIC ACID (DB08131)","0.9345","http://www.drugbank.ca/drugs/DB08131"
"22","Methylergometrine (DB00353)","0.9339","http://www.drugbank.ca/drugs/DB00353"
"23","5-CHLORO-N-((1R,2S)-2-(4-(2-OXOPYRIDIN-1(2H)-YL)BENZAMIDO) CYCLOPENTYL)THIOPHENE-2-CARBOXAMIDE (DB08174)","0.9332","http://www.drugbank.ca/drugs/DB08174"
"24","Risperidone (DB00734)","0.9325","http://www.drugbank.ca/drugs/DB00734"
"25","TC-5619 (DB06090)","0.9315","http://www.drugbank.ca/drugs/DB06090"
"26","Ergonovine (DB01253)","0.9315","http://www.drugbank.ca/drugs/DB01253"
"27","GM6001 (DB02255)","0.9313","http://www.drugbank.ca/drugs/DB02255"
"28","Methysergide (DB00247)","0.9307","http://www.drugbank.ca/drugs/DB00247"
"29","Avanafil (DB06237)","0.9303","http://www.drugbank.ca/drugs/DB06237"
"30","(3R,4R)-4-(pyrrolidin-1-ylcarbonyl)-1-(quinoxalin-2-ylcarbonyl)pyrrolidin-3-amine (DB07015)","0.9299","http://www.drugbank.ca/drugs/DB07015"
"31","Besifloxacin (DB06771)","0.9296","http://www.drugbank.ca/drugs/DB06771"
"32","Sitamaquine (DB04909)","0.9283","http://www.drugbank.ca/drugs/DB04909"
"33","N1-(1-Dimethylcarbamoyl-2-Phenyl-Ethyl)-2-Oxo-N4-(2-Pyridin-2-Yl-Ethyl)-Succinamide (DB02140)","0.9278","http://www.drugbank.ca/drugs/DB02140"
"34","1-ethyl-N-(phenylmethyl)-4-(tetrahydro-2H-pyran-4-ylamino)-1H-pyrazolo[3,4-b]pyridine-5-carboxamide (DB06909)","0.9268","http://www.drugbank.ca/drugs/DB06909"
"35","N-(4-{[(3S)-3-(dimethylamino)pyrrolidin-1-yl]carbonyl}phenyl)-5-fluoro-4-[2-methyl-1-(1-methylethyl)-1H-imidazol-5-yl]pyrimidin-2-amine (DB07936)","0.9265","http://www.drugbank.ca/drugs/DB07936"
"36","METHYL 1-(4-{[(2,4-DIAMINOPTERIDIN-6-YL)METHYL]AMINO}BENZOYL)PIPERIDINE-4-CARBOXYLATE (DB07689)","0.9264","http://www.drugbank.ca/drugs/DB07689"
"37","4-({4-[(4-methoxypyridin-2-yl)amino]piperidin-1-yl}carbonyl)benzonitrile (DB07002)","0.9260","http://www.drugbank.ca/drugs/DB07002"
"38","N-[4-(1-BENZOYLPIPERIDIN-4-YL)BUTYL]-3-PYRIDIN-3-YLPROPANAMIDE (DB07656)","0.9249","http://www.drugbank.ca/drugs/DB07656"
"39","Udenafil (DB06267)","0.9249","http://www.drugbank.ca/drugs/DB06267"
"40","Granisetron (DB00889)","0.9226","http://www.drugbank.ca/drugs/DB00889"
"41","Pemetrexed (DB00642)","0.9216","http://www.drugbank.ca/drugs/DB00642"
"42","METHYL 1-(4-{[(2,4-DIAMINOPTERIDIN-6-YL)METHYL](METHYL)AMINO}BENZOYL)PIPERIDINE-4-CARBOXYLATE (DB07765)","0.9214","http://www.drugbank.ca/drugs/DB07765"
"43","Lysergic Acid Diethylamide (DB04829)","0.9212","http://www.drugbank.ca/drugs/DB04829"
"44","Trovafloxacin (DB00685)","0.9211","http://www.drugbank.ca/drugs/DB00685"
"45","Bortezomib (DB00188)","0.9211","http://www.drugbank.ca/drugs/DB00188"
"46","N-[(1R)-1-(DIHYDROXYBORYL)-3-METHYLBUTYL]-N-(PYRAZIN-2-YLCARBONYL)-L-PHENYLALANINAMIDE (DB07475)","0.9211","http://www.drugbank.ca/drugs/DB07475"
"47","4-[(2-{4-[(CYCLOPROPYLCARBAMOYL)AMINO]-1H-PYRAZOL-3-YL}-1H-BENZIMIDAZOL-6-YL)METHYL]MORPHOLIN-4-IUM (DB08067)","0.9203","http://www.drugbank.ca/drugs/DB08067"
"48","4-[(3S)-1-AZABICYCLO[2.2.2]OCT-3-YLAMINO]-3-(1H-BENZIMIDAZOL-2-YL)-6-CHLOROQUINOLIN-2(1H)-ONE (DB06852)","0.9200","http://www.drugbank.ca/drugs/DB06852"
"49","Disopyramide (DB00280)","0.9196","http://www.drugbank.ca/drugs/DB00280"
"50","Raltitrexed (DB00293)","0.9195","http://www.drugbank.ca/drugs/DB00293"
"51","N-[(Furan-2-Yl)Carbonyl]-(S)-Leucyl-(R)-[1-Amino-2(1h-Indol-3-Yl)Ethyl]-Phosphonic Acid (DB02046)","0.9190","http://www.drugbank.ca/drugs/DB02046"
"52","5-{[1-(2,3-dichlorobenzyl)piperidin-4-yl]methoxy}quinazoline-2,4-diamine (DB07643)","0.9184","http://www.drugbank.ca/drugs/DB07643"
"53","5-Chloro-1h-Indole-2-Carboxylic Acid [1-(4-Fluorobenzyl)-2-(4-Hydroxypiperidin-1yl)-2-Oxoethyl]Amide (DB03383)","0.9174","http://www.drugbank.ca/drugs/DB03383"
"54","Sertindole (DB06144)","0.9170","http://www.drugbank.ca/drugs/DB06144"
"55","Paliperidone (DB01267)","0.9168","http://www.drugbank.ca/drugs/DB01267"
"56","1-[[(1E)-2-(4-CHLOROPHENYL)ETHENYL]SULFONYL]-4-[[1-(4-PYRIDINYL)-4-PIPERIDINYL]METHYL]PIPERAZINE (DB08746)","0.9167","http://www.drugbank.ca/drugs/DB08746"
"57","Alogliptin  (DB06203)","0.9167","http://www.drugbank.ca/drugs/DB06203"
"58","4-{[5-chloro-4-(1H-indol-3-yl)pyrimidin-2-yl]amino}-N-ethylpiperidine-1-carboxamide (DB08005)","0.9162","http://www.drugbank.ca/drugs/DB08005"
"59","Quinine (DB00468)","0.9160","http://www.drugbank.ca/drugs/DB00468"
"60","Quinidine (DB00908)","0.9160","http://www.drugbank.ca/drugs/DB00908"
"61","Bepotastine (DB04890)","0.9160","http://www.drugbank.ca/drugs/DB04890"
"62","N~6~-cyclohexyl-N~2~-(4-morpholin-4-ylphenyl)-9H-purine-2,6-diamine (DB07340)","0.9159","http://www.drugbank.ca/drugs/DB07340"
"63","Grepafloxacin (DB00365)","0.9158","http://www.drugbank.ca/drugs/DB00365"
"64","2-{4-[5-(4-chlorophenyl)-4-pyrimidin-4-yl-1H-pyrazol-3-yl]piperidin-1-yl}-2-oxoethanol (DB07943)","0.9155","http://www.drugbank.ca/drugs/DB07943"
"65","(20S)-19,20,22,23-TETRAHYDRO-19-OXO-5H,21H-18,20-ETHANO-12,14-ETHENO-6,10-METHENOBENZ[D]IMIDAZO[4,3-L][1,6,9,13]OXATRIAZACYCLONOADECOSINE-9-CARBONITRILE (DB08676)","0.9152","http://www.drugbank.ca/drugs/DB08676"
"66","1-{2-[(4-CHLOROPHENYL)AMINO]-2-OXOETHYL}-N-(1-ISOPROPYLPIPERIDIN-4-YL)-1H-INDOLE-2-CARBOXAMIDE (DB07974)","0.9150","http://www.drugbank.ca/drugs/DB07974"
"67","5-{[1-(2-fluorobenzyl)piperidin-4-yl]methoxy}quinazoline-2,4-diamine (DB07642)","0.9146","http://www.drugbank.ca/drugs/DB07642"
"68","Nicergoline (DB00699)","0.9139","http://www.drugbank.ca/drugs/DB00699"
"69","3-Methylfentanyl (DB01571)","0.9137","http://www.drugbank.ca/drugs/DB01571"
"70","Domperidone (DB01184)","0.9136","http://www.drugbank.ca/drugs/DB01184"
"71","Beta-hydroxy-3-methylfentanyl (DB01570)","0.9133","http://www.drugbank.ca/drugs/DB01570"
"72","N-({(2S)-1-[(3R)-3-AMINO-4-(2-FLUOROPHENYL)BUTANOYL]PYRROLIDIN-2-YL}METHYL)BENZAMIDE (DB07779)","0.9132","http://www.drugbank.ca/drugs/DB07779"
"73","beta-phenyl-D-phenylalanyl-N-propyl-L-prolinamide (DB07083)","0.9128","http://www.drugbank.ca/drugs/DB07083"
"74","Carfentanil (DB01535)","0.9127","http://www.drugbank.ca/drugs/DB01535"
"75","4-[5-(Trans-4-Aminocyclohexylamino)-3-Isopropylpyrazolo[1,5-a]Pyrimidin-7-Ylamino]-N,N-Dimethylbenzenesulfonamide (DB01888)","0.9123","http://www.drugbank.ca/drugs/DB01888"
"76","D-phenylalanyl-N-(3-chlorobenzyl)-L-prolinamide (DB06919)","0.9123","http://www.drugbank.ca/drugs/DB06919"
"77","Purvalanol A (DB04751)","0.9120","http://www.drugbank.ca/drugs/DB04751"
"78","Furo[2,3d]Pyrimidine Antifolate (DB02026)","0.9118","http://www.drugbank.ca/drugs/DB02026"
"79","Purvalanol (DB02733)","0.9115","http://www.drugbank.ca/drugs/DB02733"
"80","N~2~-1,3-BENZOXAZOL-2-YL-3-CYCLOHEXYL-N-{2-[(4-METHOXYPHENYL)AMINO]ETHYL}-L-ALANINAMIDE (DB07839)","0.9113","http://www.drugbank.ca/drugs/DB07839"
"81","4-[[(1E)-2-(4-CHLOROPHENYL)ETHENYL]SULFONYL]-1-[[1-(4-PYRIDINYL)-4-PIPERIDINYL]METHYL]PIPERAZINONE (DB08745)","0.9111","http://www.drugbank.ca/drugs/DB08745"
"82","Cp403700, (S)-1-{2-[(5-Chloro-1h-Indole-2-Carbonyl)-Amino]-3-Phenyl-Propionyl}-Azetidine-3-Carboxylate (DB03744)","0.9108","http://www.drugbank.ca/drugs/DB03744"
"83","N-{2-[6-(2,4-DIAMINO-6-ETHYLPYRIMIDIN-5-YL)-2,2-DIMETHYL-3-OXO-2,3-DIHYDRO-4H-1,4-BENZOXAZIN-4-YL]ETHYL}ACETAMIDE (DB07059)","0.9093","http://www.drugbank.ca/drugs/DB07059"
"84","D-phenylalanyl-N-benzyl-L-prolinamide (DB07143)","0.9088","http://www.drugbank.ca/drugs/DB07143"
"85","1-(6-CYANO-3-PYRIDYLCARBONYL)-5',8'-DIFLUOROSPIRO[PIPERIDINE-4,2'(1'H)-QUINAZOLINE]-4'-AMINE (DB07405)","0.9088","http://www.drugbank.ca/drugs/DB07405"
"86","2-[Trans-(4-Aminocyclohexyl)Amino]-6-(Benzyl-Amino)-9-Cyclopentylpurine (DB04288)","0.9085","http://www.drugbank.ca/drugs/DB04288"
"87","(2R)-N-HYDROXY-2-[(3S)-3-METHYL-3-{4-[(2-METHYLQUINOLIN-4-YL)METHOXY]PHENYL}-2-OXOPYRROLIDIN-1-YL]PROPANAMIDE (DB07145)","0.9076","http://www.drugbank.ca/drugs/DB07145"
"88","Mequitazine (DB01071)","0.9074","http://www.drugbank.ca/drugs/DB01071"
"89","Alpha-methylfentanyl (DB01557)","0.9073","http://www.drugbank.ca/drugs/DB01557"
"90","N6-METHYL-(R)-ROSCOVITINE, R-2-[6-(BENZYL-METHYL-AMINO)-9-ISOPROPYL-9H-PURIN-2-YLAMINO]-BUTAN-1-OL (DB04776)","0.9066","http://www.drugbank.ca/drugs/DB04776"
"91","D-phenylalanyl-N-(3-fluorobenzyl)-L-prolinamide (DB07027)","0.9062","http://www.drugbank.ca/drugs/DB07027"
"92","N-{2-[6-(2,4-DIAMINO-6-ETHYLPYRIMIDIN-5-YL)-2,2-DIMETHYL-3-OXO-2,3-DIHYDRO-4H-1,4-BENZOTHIAZIN-4-YL]ETHYL}ACETAMIDE (DB06899)","0.9057","http://www.drugbank.ca/drugs/DB06899"
"93","ONO-6818 (DB03925)","0.9056","http://www.drugbank.ca/drugs/DB03925"
"94","2-({2-[(3R)-3-AMINOPIPERIDIN-1-YL]-4-OXOQUINAZOLIN-3(4H)-YL}METHYL)BENZONITRILE (DB08588)","0.9051","http://www.drugbank.ca/drugs/DB08588"
"95","PUROMYCIN (DB08437)","0.9049","http://www.drugbank.ca/drugs/DB08437"
"96","5-chloro-N-[(3R)-1-(2-{[2-fluoro-4-(2-oxopyridin-1(2H)-yl)phenyl]amino}-2-oxoethyl)pyrrolidin-3-yl]thiophene-2-carboxamide (DB07872)","0.9049","http://www.drugbank.ca/drugs/DB07872"
"97","D-phenylalanyl-N-{4-[amino(iminio)methyl]benzyl}-L-prolinamide (DB07005)","0.9049","http://www.drugbank.ca/drugs/DB07005"
"98","D-phenylalanyl-N-(3-methylbenzyl)-L-prolinamide (DB07133)","0.9048","http://www.drugbank.ca/drugs/DB07133"
"99","N-(1-ISOPROPYLPIPERIDIN-4-YL)-1-(3-METHOXYBENZYL)-1H-INDOLE-2-CARBOXAMIDE (DB07973)","0.9044","http://www.drugbank.ca/drugs/DB07973"
"100","5-Chloro-thiophene-2-carboxylic acid ((3S,4S)-1-{[2-fluoro-4-(2-oxo-2H-pyridin-1-yl)-phenylcarbamoyl]-methyl}-4-hydroxy-pyrrolidin-3-yl)-amide (DB07875)","0.9043","http://www.drugbank.ca/drugs/DB07875"
"101","Cinchocaine (DB00527)","0.9027","http://www.drugbank.ca/drugs/DB00527"
"102","(3R,4S)-1-[6-(6-METHOXYPYRIDIN-3-YL)PYRIMIDIN-4-YL]-4-(2,4,5-TRIFLUOROPHENYL)PYRROLIDIN-3-AMINE (DB08445)","0.9026","http://www.drugbank.ca/drugs/DB08445"
"103","(2S)-2-({6-[(3-AMINO-5-CHLOROPHENYL)AMINO]-9-ISOPROPYL-9H-PURIN-2-YL}AMINO)-3-METHYLBUTAN-1-OL (DB07379)","0.9023","http://www.drugbank.ca/drugs/DB07379"
"104","Lisuride (DB00589)","0.9023","http://www.drugbank.ca/drugs/DB00589"
"105","Fentanyl (DB00813)","0.9022","http://www.drugbank.ca/drugs/DB00813"
"106","Beta-hydroxyfentanyl (DB01453)","0.9016","http://www.drugbank.ca/drugs/DB01453"
"107","(2R)-2-{[4-(benzylamino)-8-(1-methylethyl)pyrazolo[1,5-a][1,3,5]triazin-2-yl]amino}butan-1-ol (DB08285)","0.9014","http://www.drugbank.ca/drugs/DB08285"
"108","5-CHLORO-THIOPHENE-2-CARBOXYLIC ACID ((3S,4S)-4-FLUORO- 1-{[2-FLUORO-4-(2-OXO-2H-PYRIDIN-1-YL)-PHENYLCARBAMOYL]-METHYL}-PYRROLIDIN-3-YL)-AMIDE (DB08143)","0.9009","http://www.drugbank.ca/drugs/DB08143"
"109","Encainide (DB01228)","0.9009","http://www.drugbank.ca/drugs/DB01228"
"110","N-(4-carbamimidoylbenzyl)-1-(3-phenylpropanoyl)-L-prolinamide (DB06942)","0.9007","http://www.drugbank.ca/drugs/DB06942"
"111","4-chloro-N-(3-methoxypropyl)-N-[(3S)-1-(2-phenylethyl)piperidin-3-yl]benzamide (DB08344)","0.9001","http://www.drugbank.ca/drugs/DB08344"
"112","3-Methylthiofentanyl (DB01439)","0.9000","http://www.drugbank.ca/drugs/DB01439"
"113","Acetyl-alpha-methylfentanyl (DB01532)","0.8999","http://www.drugbank.ca/drugs/DB01532"
"114","(S)-2-CHLORO-N-(1-(2-(2-HYDROXYETHYLAMINO)-2-OXOETHYL)-2-OXO-1,2,3,4-TETRAHYDROQUINOLIN-3-YL)-6H-THIENO[2,3-B]PYRROLE-5-CARBOXAMIDE (DB07792)","0.8999","http://www.drugbank.ca/drugs/DB07792"
"115","Pralatrexate (DB06813)","0.8996","http://www.drugbank.ca/drugs/DB06813"
"116","Dextromoramide (DB01529)","0.8992","http://www.drugbank.ca/drugs/DB01529"
"117","Methotrexate (DB00563)","0.8990","http://www.drugbank.ca/drugs/DB00563"
"118","Pipotiazine (DB01621)","0.8988","http://www.drugbank.ca/drugs/DB01621"
"119","1-(5-OXO-2,3,5,9B-TETRAHYDRO-1H-PYRROLO[2,1-A]ISOINDOL-9-YL)-3-(5-PYRROLIDIN-2-YL-1H-PYRAZOL-3-YL)-UREA (DB06976)","0.8988","http://www.drugbank.ca/drugs/DB06976"
"120","OLOMOUCINE II (DB04662)","0.8988","http://www.drugbank.ca/drugs/DB04662"
"121","N-[2-(1,3-BENZODIOXOL-5-YL)ETHYL]-1-[2-(1H-IMIDAZOL-1-YL)-6-METHYLPYRIMIDIN-4-YL]-D-PROLINAMIDE (DB06916)","0.8982","http://www.drugbank.ca/drugs/DB06916"
"122","Lobeline (DB05137)","0.8978","http://www.drugbank.ca/drugs/DB05137"
"123","Dolasetron (DB00757)","0.8976","http://www.drugbank.ca/drugs/DB00757"
"124","Alfuzosin (DB00346)","0.8975","http://www.drugbank.ca/drugs/DB00346"
"125","6-(2,4-DIAMINO-6-ETHYLPYRIMIDIN-5-YL)-4-(3-METHOXYPROPYL)-2,2-DIMETHYL-2H-1,4-BENZOXAZIN-3(4H)-ONE (DB07174)","0.8972","http://www.drugbank.ca/drugs/DB07174"
"126","(S)-2-[(R)-3-amino-4-(2-fluorophenyl)butyryl]-1,2,3,4-tetrahydroisoquinoline-3-carboxamide (DB04578)","0.8969","http://www.drugbank.ca/drugs/DB04578"
"127","2-(4-(AMINOMETHYL)PIPERIDIN-1-YL)-N-(3_CYCLOHEXYL-4-OXO-2,4-DIHYDROINDENO[1,2-C]PYRAZOL-5-YL)ACETAMIDE (DB07618)","0.8967","http://www.drugbank.ca/drugs/DB07618"
"128","Trazodone (DB00656)","0.8963","http://www.drugbank.ca/drugs/DB00656"
"129","Aminopterin (DB08878)","0.8961","http://www.drugbank.ca/drugs/DB08878"
"130","N'-(6-aminopyridin-3-yl)-N-(2-cyclopentylethyl)-4-methyl-benzene-1,3-dicarboxamide (DB07537)","0.8959","http://www.drugbank.ca/drugs/DB07537"
"131","Folic Acid (DB00158)","0.8957","http://www.drugbank.ca/drugs/DB00158"
"132","Dapiprazole (DB00298)","0.8953","http://www.drugbank.ca/drugs/DB00298"
"133","Sufentanil (DB00708)","0.8953","http://www.drugbank.ca/drugs/DB00708"
"134","4-[4-(1-Amino-1-Methylethyl)Phenyl]-5-Chloro-N-[4-(2-Morpholin-4-Ylethyl)Phenyl]Pyrimidin-2-Amine (DB02491)","0.8952","http://www.drugbank.ca/drugs/DB02491"
"135","4-({5-[(4-AMINOCYCLOHEXYL)AMINO][1,2,4]TRIAZOLO[1,5-A]PYRIMIDIN-7-YL}AMINO)BENZENESULFONAMIDE (DB07687)","0.8951","http://www.drugbank.ca/drugs/DB07687"
"136","Propericiazine (DB01608)","0.8945","http://www.drugbank.ca/drugs/DB01608"
"137","Doxapram (DB00561)","0.8945","http://www.drugbank.ca/drugs/DB00561"
"138","(1S)-1-CYCLOPROPYL-2-[(2S)-4-(2,5-DIFLUOROPHENYL)-2-PHENYL-2,5-DIHYDRO-1H-PYRROL-1-YL]-2-OXOETHANAMINE (DB08244)","0.8933","http://www.drugbank.ca/drugs/DB08244"
"139","(4R)-N-[4-({[2-(DIMETHYLAMINO)ETHYL]AMINO}CARBONYL)-1,3-THIAZOL-2-YL]-4-METHYL-1-OXO-2,3,4,9-TETRAHYDRO-1H-BETA-CARBOLINE-6-CARBOXAMIDE (DB07406)","0.8928","http://www.drugbank.ca/drugs/DB07406"
"140","4-[(3AS,4R,7R,8AS,8BR)-2-(1,3-BENZODIOXOL-5-YLMETHYL)-7-HYDROXY-1,3-DIOXODECAHYDROPYRROLO[3,4-A]PYRROLIZIN-4-YL]BENZENECARBOXIMIDAMIDE (DB08546)","0.8925","http://www.drugbank.ca/drugs/DB08546"
"141","(METHYLPYRIDAZINE PIPERIDINE ETHYLOXYPHENYL)ETHYLACETATE (DB08012)","0.8925","http://www.drugbank.ca/drugs/DB08012"
"142","N-[(1S)-2-AMINO-1-(2,4-DICHLOROBENZYL)ETHYL]-5-[2-(METHYLAMINO)PYRIMIDIN-4-YL]THIOPHENE-2-CARBOXAMIDE (DB07235)","0.8924","http://www.drugbank.ca/drugs/DB07235"
"143","Thioridazine (DB00679)","0.8924","http://www.drugbank.ca/drugs/DB00679"
"144","4-(2-{[4-{[3-(4-Chlorophenyl)Propyl]Sulfanyl}-6-(1-Piperazinyl)-1,3,5-Triazin-2-Yl]Amino}Ethyl)Phenol (DB04020)","0.8923","http://www.drugbank.ca/drugs/DB04020"
"145","Alpha-methylthiofentanyl (DB01470)","0.8919","http://www.drugbank.ca/drugs/DB01470"
"146","N-[5-(1,1-DIOXIDOISOTHIAZOLIDIN-2-YL)-1H-INDAZOL-3-YL]-2-(4-PIPERIDIN-1-YLPHENYL)ACETAMIDE (DB07220)","0.8918","http://www.drugbank.ca/drugs/DB07220"
"147","Pipazethate (DB08796)","0.8914","http://www.drugbank.ca/drugs/DB08796"
"148","6-ETHYL-5-[(2S)-1-(3-METHOXYPROPYL)-2-PHENYL-1,2,3,4-TETRAHYDROQUINOLIN-7-YL]PYRIMIDINE-2,4-DIAMINE (DB08099)","0.8902","http://www.drugbank.ca/drugs/DB08099"
"149","Mesoridazine (DB00933)","0.8902","http://www.drugbank.ca/drugs/DB00933"
"150","N-ETHYL-N-ISOPROPYL-3-METHYL-5-{[(2S)-2-(PYRIDIN-4-YLAMINO)PROPYL]OXY}BENZAMIDE (DB07279)","0.8901","http://www.drugbank.ca/drugs/DB07279"
"151","3-[(1R)-1-(2,6-dichloro-3-fluorophenyl)ethoxy]-5-(1-piperidin-4-yl-1H-pyrazol-4-yl)pyridin-2-amine (DB08700)","0.8900","http://www.drugbank.ca/drugs/DB08700"
"152","2-(CYCLOHEXYLMETHYLAMINO)-4-(PHENYLAMINO)PYRAZOLO[1,5-A][1,3,5]TRIAZINE-8-CARBONITRILE (DB08353)","0.8898","http://www.drugbank.ca/drugs/DB08353"
"153","Anileridine (DB00913)","0.8896","http://www.drugbank.ca/drugs/DB00913"
"154","Aprindine (DB01429)","0.8892","http://www.drugbank.ca/drugs/DB01429"
"155","Vandetanib (DB05294)","0.8892","http://www.drugbank.ca/drugs/DB05294"
"156","Haloperidol (DB00502)","0.8891","http://www.drugbank.ca/drugs/DB00502"
"157","[4-(3-AMINOMETHYL-PHENYL)-PIPERIDIN-1-YL]-(5-PHENETHYL- PYRIDIN-3-YL)-METHANONE (DB04764)","0.8889","http://www.drugbank.ca/drugs/DB04764"
"158","Glipizide (DB01067)","0.8882","http://www.drugbank.ca/drugs/DB01067"
"159","(METHYLPYRIDAZINE PIPERIDINE PROPYLOXYPHENYL)ETHYLACETATE (DB08013)","0.8880","http://www.drugbank.ca/drugs/DB08013"
"160","Benzatropine (DB00245)","0.8874","http://www.drugbank.ca/drugs/DB00245"
"161","4-(6-CYCLOHEXYLMETHOXY-9H-PURIN-2-YLAMINO)--BENZAMIDE (DB08241)","0.8866","http://www.drugbank.ca/drugs/DB08241"
"162","7A-[(4-cyanophenyl)methyl]-6-(3,5-dichlorophenyl)-5-oxo-2,3,5,7A-tetrahydro-1H-pyrrolo[1,2-A]pyrrole-7-carbonitrile (DB06972)","0.8863","http://www.drugbank.ca/drugs/DB06972"
"163","(2R,4R)-N~1~-(4-CHLOROPHENYL)-N~2~-[2-FLUORO-4-(2-OXOPYRIDIN-1(2H)-YL)PHENYL]-4-METHOXYPYRROLIDINE-1,2-DICARBOXAMIDE (DB06920)","0.8853","http://www.drugbank.ca/drugs/DB06920"
"164","2-{4-[4-({4-[2-methyl-1-(1-methylethyl)-1H-imidazol-5-yl]pyrimidin-2-yl}amino)phenyl]piperazin-1-yl}-2-oxoethanol (DB07982)","0.8852","http://www.drugbank.ca/drugs/DB07982"
"165","1-(3-HYDROXYPROPYL)-2-[(3-NITROBENZOYL)AMINO]-1H-BENZIMIDAZOL-5-YL PIVALATE (DB08590)","0.8848","http://www.drugbank.ca/drugs/DB08590"
"166","N-cyclopropyl-4-methyl-3-{2-[(2-morpholin-4-ylethyl)amino]quinazolin-6-yl}benzamide (DB08351)","0.8846","http://www.drugbank.ca/drugs/DB08351"
"167","Aripiprazole (DB01238)","0.8846","http://www.drugbank.ca/drugs/DB01238"
"168","Terazosin (DB01162)","0.8841","http://www.drugbank.ca/drugs/DB01162"
"169","1-[1'-(3-phenylacryloyl)spiro[1-benzofuran-3,4'-piperidin]-5-yl]methanamine (DB06849)","0.8826","http://www.drugbank.ca/drugs/DB06849"
"170","[4-(6-Chloro-Naphthalene-2-Sulfonyl)-Piperazin-1-Yl]-(3,4,5,6-Tetrahydro-2h-[1,4']Bipyridinyl-4-Yl)-Methanone (DB01836)","0.8822","http://www.drugbank.ca/drugs/DB01836"
"171","4-{2-[4-(2-Aminoethyl)Piperazin-1-Yl]Pyridin-4-Yl}-N-(3-Chloro-4-Methylphenyl)Pyrimidin-2-Amine (DB03916)","0.8821","http://www.drugbank.ca/drugs/DB03916"
"172","5-(4-PHENOXYPHENYL)-5-(4-PYRIMIDIN-2-YLPIPERAZIN-1-YL)PYRIMIDINE-2,4,6(2H,3H)-TRIONE (DB07117)","0.8818","http://www.drugbank.ca/drugs/DB07117"
"173","O6-(R)-ROSCOVITINE, R-2-(6-BENZYLOXY-9-ISOPROPYL-9H-PURIN-2-YLAMINO)-BUTAN-1-OL (DB04770)","0.8817","http://www.drugbank.ca/drugs/DB04770"
"174","(METHYLPYRIDAZINE PIPERIDINE BUTYLOXYPHENYL)ETHYLACETATE (DB08014)","0.8814","http://www.drugbank.ca/drugs/DB08014"
"175","4-{[5-(CYCLOHEXYLAMINO)[1,2,4]TRIAZOLO[1,5-A]PYRIMIDIN-7-YL]AMINO}BENZENESULFONAMIDE (DB07686)","0.8810","http://www.drugbank.ca/drugs/DB07686"
"176","3-({2-[(4-{[6-(CYCLOHEXYLMETHOXY)-9H-PURIN-2-YL]AMINO}PHENYL)SULFONYL]ETHYL}AMINO)PROPAN-1-OL (DB08309)","0.8809","http://www.drugbank.ca/drugs/DB08309"
"177","2-(3-CHLORO-6-{[2,2-DIFLUORO-2-(1-OXIDOPYRIDIN-2-YL)ETHYL]AMINO}-1-OXIDOPYRIDIN-2-YL)-N-[1-(3-CHLOROPHENYL)ETHYL]ACETAMIDE (DB04722)","0.8808","http://www.drugbank.ca/drugs/DB04722"
"178","N-{2'-[(4-FLUOROPHENYL)AMINO]-4,4'-BIPYRIDIN-2-YL}-4-METHOXYCYCLOHEXANECARBOXAMIDE (DB08025)","0.8808","http://www.drugbank.ca/drugs/DB08025"
"179","4-BROMO-2-FLUORO-N-[(4E)-6-METHOXY-7-[(1-METHYLPIPERIDIN-4-YL)METHOXY]QUINAZOLIN-4(1H)-YLIDENE]ANILINE (DB08764)","0.8806","http://www.drugbank.ca/drugs/DB08764"
"180","Irbesartan (DB01029)","0.8802","http://www.drugbank.ca/drugs/DB01029"
"181","4-(4-METHYLPIPERAZIN-1-YL)-N-[5-(2-THIENYLACETYL)-1,5-DIHYDROPYRROLO[3,4-C]PYRAZOL-3-YL]BENZAMIDE (DB07186)","0.8799","http://www.drugbank.ca/drugs/DB07186"
"182","1-[4-(AMINOMETHYL)BENZOYL]-5'-FLUORO-1'H-SPIRO[PIPERIDINE-4,2'-QUINAZOLIN]-4'-AMINE (DB08750)","0.8793","http://www.drugbank.ca/drugs/DB08750"
"183","2-({8-[(3R)-3-AMINOPIPERIDIN-1-YL]-1,3-DIMETHYL-2,6-DIOXO-1,2,3,6-TETRAHYDRO-7H-PURIN-7-YL}METHYL)BENZONITRILE (DB08743)","0.8793","http://www.drugbank.ca/drugs/DB08743"
"184","Clonitazene (DB01523)","0.8789","http://www.drugbank.ca/drugs/DB01523"
"185","Diphenidol (DB01231)","0.8789","http://www.drugbank.ca/drugs/DB01231"
"186","Isopropamide (DB01625)","0.8784","http://www.drugbank.ca/drugs/DB01625"
"187","[4-({4-[(5-cyclopropyl-1H-pyrazol-3-yl)amino]-6-(methylamino)pyrimidin-2-yl}amino)phenyl]acetonitrile (DB07168)","0.8782","http://www.drugbank.ca/drugs/DB07168"
"188","Acetophenazine (DB01063)","0.8779","http://www.drugbank.ca/drugs/DB01063"
"189","Delavirdine (DB00705)","0.8777","http://www.drugbank.ca/drugs/DB00705"
"190","4-{[4-AMINO-6-(CYCLOHEXYLMETHOXY)-5-NITROSOPYRIMIDIN-2-YL]AMINO}BENZAMIDE (DB08572)","0.8775","http://www.drugbank.ca/drugs/DB08572"
"191","Benzethidine (DB01518)","0.8773","http://www.drugbank.ca/drugs/DB01518"
"192","2-{2-[(3,5-dimethylphenyl)amino]pyrimidin-4-yl}-N-[(1S)-2-hydroxy-1-methylethyl]-4-methyl-1,3-thiazole-5-carboxamide (DB07194)","0.8773","http://www.drugbank.ca/drugs/DB07194"
"193","Etonitazene (DB01462)","0.8766","http://www.drugbank.ca/drugs/DB01462"
"194","Clidinium (DB00771)","0.8766","http://www.drugbank.ca/drugs/DB00771"
"195","RPR131247 (DB02744)","0.8765","http://www.drugbank.ca/drugs/DB02744"
"196","Linagliptin  (DB08882)","0.8763","http://www.drugbank.ca/drugs/DB08882"
"197","2-{4-[(4-imidazo[1,2-a]pyridin-3-ylpyrimidin-2-yl)amino]piperidin-1-yl}-N-methylacetamide (DB08026)","0.8761","http://www.drugbank.ca/drugs/DB08026"
"198","1-(2-Phenylethyl)-4-phenyl-4-acetoxypiperidine (DB01562)","0.8760","http://www.drugbank.ca/drugs/DB01562"
"199","6-CYCLOHEXYLMETHOXY-2-(3'-CHLOROANILINO) PURINE (DB07203)","0.8755","http://www.drugbank.ca/drugs/DB07203"
"200","Eletriptan (DB00216)","0.8754","http://www.drugbank.ca/drugs/DB00216"
"201","1S,3AS,8AS-TRIMETHYL-1-OXIDO-1,2,3,3A,8,8A-HEXAHYDROPYRROLO[2,3-B]INDOL-5-YL 2-ETHYLPHENYLCARBAMATE (DB07846)","0.8752","http://www.drugbank.ca/drugs/DB07846"
"202","Azimilide (DB04957)","0.8750","http://www.drugbank.ca/drugs/DB04957"
"203","Azelastine (DB00972)","0.8750","http://www.drugbank.ca/drugs/DB00972"
"204","(2S)-8-[(tert-butoxycarbonyl)amino]-2-(1H-indol-3-yl)octanoic acid (DB06982)","0.8745","http://www.drugbank.ca/drugs/DB06982"
"205","1-(CYCLOHEXYLAMINO)-3-(6-METHYL-3,4-DIHYDRO-1H-CARBAZOL-9(2H)-YL)PROPAN-2-OL (DB07061)","0.8743","http://www.drugbank.ca/drugs/DB07061"
"206","(5S)-5-(3-AMINOPROPYL)-3-(2,5-DIFLUOROPHENYL)-N-ETHYL-5-PHENYL-4,5-DIHYDRO-1H-PYRAZOLE-1-CARBOXAMIDE (DB08250)","0.8739","http://www.drugbank.ca/drugs/DB08250"
"207","2-butoxy-9-(2,6-difluorobenzyl)-N-(2-morpholin-4-ylethyl)-9H-purin-6-amine (DB07937)","0.8739","http://www.drugbank.ca/drugs/DB07937"
"208","Phenserine (DB04892)","0.8738","http://www.drugbank.ca/drugs/DB04892"
"209","4-(BENZHYDRYLOXY)-1-[3-(1H-TETRAAZOL-5-YL)PROPYL]PIPERIDINE (DB07917)","0.8732","http://www.drugbank.ca/drugs/DB07917"
"210","N-(2-chloro-6-methylphenyl)-8-[(3S)-3-methylpiperazin-1-yl]imidazo[1,5-a]quinoxalin-4-amine (DB08057)","0.8729","http://www.drugbank.ca/drugs/DB08057"
"211","Vardenafil (DB00862)","0.8729","http://www.drugbank.ca/drugs/DB00862"
"212","Iloperidone (DB04946)","0.8727","http://www.drugbank.ca/drugs/DB04946"
"213","Nefazodone (DB01149)","0.8725","http://www.drugbank.ca/drugs/DB01149"
"214","Diampromide (DB01502)","0.8720","http://www.drugbank.ca/drugs/DB01502"
"215","2-ANILINO-6-CYCLOHEXYLMETHOXYPURINE (DB06948)","0.8719","http://www.drugbank.ca/drugs/DB06948"
"216","SU4984 (DB02058)","0.8717","http://www.drugbank.ca/drugs/DB02058"
"217","3-(2-CHLOROPHENYL)-1-(2-{[(1S)-2-HYDROXY-1,2-DIMETHYLPROPYL]AMINO}PYRIMIDIN-4-YL)-1-(4-METHOXYPHENYL)UREA (DB08095)","0.8714","http://www.drugbank.ca/drugs/DB08095"
"218","Vilazodone (DB06684)","0.8713","http://www.drugbank.ca/drugs/DB06684"
"219","N-[(1S)-1-{1-[(1R,3E)-1-ACETYLPENT-3-EN-1-YL]-1H-1,2,3-TRIAZOL-4-YL}-1,2-DIMETHYLPROPYL]BENZAMIDE (DB07878)","0.8713","http://www.drugbank.ca/drugs/DB07878"
"220","Sildenafil (DB00203)","0.8706","http://www.drugbank.ca/drugs/DB00203"
"221","(3R,4R)-1-{6-[3-(METHYLSULFONYL)PHENYL]PYRIMIDIN-4-YL}-4-(2,4,5-TRIFLUOROPHENYL)PIPERIDIN-3-AMINE (DB08164)","0.8706","http://www.drugbank.ca/drugs/DB08164"
"222","Clemastine (DB00283)","0.8699","http://www.drugbank.ca/drugs/DB00283"
"223","(5-(aminomethyl)-2H-spiro[benzofuran-3,4'-piperidine]-1'-yl)(5-(phenylethynyl)furan-2-yl)methanone (DB06962)","0.8697","http://www.drugbank.ca/drugs/DB06962"
"224","CRA_11092 (DB03555)","0.8697","http://www.drugbank.ca/drugs/DB03555"
"225","[4-({4-[(5-CYCLOPROPYL-1H-PYRAZOL-3-YL)AMINO]QUINAZOLIN-2-YL}IMINO)CYCLOHEXA-2,5-DIEN-1-YL]ACETONITRILE (DB07853)","0.8696","http://www.drugbank.ca/drugs/DB07853"
"226","4-{[4-(1-CYCLOPROPYL-2-METHYL-1H-IMIDAZOL-5-YL)PYRIMIDIN-2-YL]AMINO}-N-METHYLBENZENESULFONAMIDE (DB07791)","0.8690","http://www.drugbank.ca/drugs/DB07791"
"227","N-(5-CHLORO-BENZO[B]THIOPHEN-3-YLMETHYL)-2-[6-CHLORO-OXO-3-(2-PYRIDIN-2-YL-ETHYLAMINO)-2H-PYRAZIN-1-YL]-ACETAMIDE (DB07165)","0.8686","http://www.drugbank.ca/drugs/DB07165"
"228","Dipipanone (DB01491)","0.8686","http://www.drugbank.ca/drugs/DB01491"
"229","(3R,4S)-1-(3,4-DIMETHOXYPHENYL)-3-(3-METHYLPHENYL)PIPERIDIN-4-AMINE (DB07851)","0.8683","http://www.drugbank.ca/drugs/DB07851"
"230","CI-1033 (DB05424)","0.8680","http://www.drugbank.ca/drugs/DB05424"
"231","Tadalafil (DB00820)","0.8674","http://www.drugbank.ca/drugs/DB00820"
"232","Bepridil (DB01244)","0.8668","http://www.drugbank.ca/drugs/DB01244"
"233","4-(2-aminoethoxy)-N-(3-chloro-5-piperidin-1-ylphenyl)-3,5-dimethylbenzamide (DB08697)","0.8657","http://www.drugbank.ca/drugs/DB08697"
"234","Asimadoline (DB05104)","0.8654","http://www.drugbank.ca/drugs/DB05104"
"235","7-amino-2-tert-butyl-4-(4-pyrimidin-2-ylpiperazin-1-yl)pyrido[2,3-d]pyrimidine-6-carboxamide (DB07043)","0.8653","http://www.drugbank.ca/drugs/DB07043"
"236","Quinacrine (DB01103)","0.8650","http://www.drugbank.ca/drugs/DB01103"
"237","6-CYCLOHEXYLMETHYLOXY-2-(4'-HYDROXYANILINO)PURINE (DB08233)","0.8647","http://www.drugbank.ca/drugs/DB08233"
"238","N-(3-TERT-BUTYL-1H-PYRAZOL-5-YL)-N'-{4-CHLORO-3-[(PYRIDIN-3-YLOXY)METHYL]PHENYL}UREA (DB08064)","0.8643","http://www.drugbank.ca/drugs/DB08064"
"239","N7-BUTYL-N2-(5-CHLORO-2-METHYLPHENYL)-5-METHYL[1,2,4]TRIAZOLO[1,5-A]PYRIMIDINE-2,7-DIAMINE (DB07128)","0.8637","http://www.drugbank.ca/drugs/DB07128"
"240","[5-AMINO-1-(4-FLUOROPHENYL)-1H-PYRAZOL-4-YL][3-(PIPERIDIN-4-YLOXY)PHENYL]METHANONE (DB08423)","0.8633","http://www.drugbank.ca/drugs/DB08423"
"241","RWJ-51084 (DB03251)","0.8632","http://www.drugbank.ca/drugs/DB03251"
"242","FR236913 (DB02830)","0.8624","http://www.drugbank.ca/drugs/DB02830"
"243","Darifenacin (DB00496)","0.8622","http://www.drugbank.ca/drugs/DB00496"
"244","Mirabegron  (DB08893)","0.8622","http://www.drugbank.ca/drugs/DB08893"
"245","Propiomazine (DB00777)","0.8621","http://www.drugbank.ca/drugs/DB00777"
"246","N-{3-[(4-{[3-(TRIFLUOROMETHYL)PHENYL]AMINO}PYRIMIDIN-2-YL)AMINO]PHENYL}CYCLOPROPANECARBOXAMIDE (DB07545)","0.8617","http://www.drugbank.ca/drugs/DB07545"
"247","CF-101 (DB05511)","0.8615","http://www.drugbank.ca/drugs/DB05511"
"248","(3S)-1-(1,3-BENZODIOXOL-5-YLMETHYL)-3-[4-(1H-IMIDAZOL-1-YL)PHENOXY]PIPERIDINE (DB07011)","0.8608","http://www.drugbank.ca/drugs/DB07011"
"249","Piclamilast (DB01791)","0.8604","http://www.drugbank.ca/drugs/DB01791"
"250","Perphenazine (DB00850)","0.8601","http://www.drugbank.ca/drugs/DB00850"
"251","Dextropropoxyphene (DB00647)","0.8597","http://www.drugbank.ca/drugs/DB00647"
"252","Valsartan (DB00177)","0.8593","http://www.drugbank.ca/drugs/DB00177"
"253","GLYCYLALANYL-N-2-NAPHTHYL-L-PROLINEAMIDE (DB07813)","0.8591","http://www.drugbank.ca/drugs/DB07813"
"254","N-[2-(carbamimidamidooxy)ethyl]-2-{6-cyano-3-[(2,2-difluoro-2-pyridin-2-ylethyl)amino]-2-fluorophenyl}acetamide (DB07665)","0.8590","http://www.drugbank.ca/drugs/DB07665"
"255","[2-(1-Amino-2-Hydroxy-Propyl)-4-(4-Fluoro-1h-Indol-3-Ylmethyl)-5-Hydroxy-Imidazol-1-Yl]-Acetic Acid (DB01674)","0.8590","http://www.drugbank.ca/drugs/DB01674"
"256","Trimethaphan (DB01116)","0.8588","http://www.drugbank.ca/drugs/DB01116"
"257","Pirenzepine (DB00670)","0.8587","http://www.drugbank.ca/drugs/DB00670"
"258","Alfentanil (DB00802)","0.8583","http://www.drugbank.ca/drugs/DB00802"
"259","1-Allyl-3-Butyl-8-(N-Acetyl-4-Aminobenzyl)-Xanthine (DB03267)","0.8580","http://www.drugbank.ca/drugs/DB03267"
"260","1-(1'-{[3-(methylsulfanyl)-2-benzothiophen-1-yl]carbonyl}spiro[1-benzofuran-3,4'-piperidin]-5-yl)methanamine (DB06848)","0.8577","http://www.drugbank.ca/drugs/DB06848"
"261","Afatinib (DB08916)","0.8575","http://www.drugbank.ca/drugs/DB08916"
"262","2-[1-(4-CHLOROBENZOYL)-5-METHOXY-2-METHYL-1H-INDOL-3-YL]-N-[(1R)-1-(HYDROXYMETHYL)PROPYL]ACETAMIDE (DB07981)","0.8573","http://www.drugbank.ca/drugs/DB07981"
"263","2-[1-(4-CHLOROBENZOYL)-5-METHOXY-2-METHYL-1H-INDOL-3-YL]-N-[(1S)-1-(HYDROXYMETHYL)PROPYL]ACETAMIDE (DB07984)","0.8573","http://www.drugbank.ca/drugs/DB07984"
"264","5-[(E)-(5-CHLORO-2-OXO-1,2-DIHYDRO-3H-INDOL-3-YLIDENE)METHYL]-N-[2-(DIETHYLAMINO)ETHYL]-2,4-DIMETHYL-1H-PYRROLE-3-CARBOXAMIDE (DB08009)","0.8571","http://www.drugbank.ca/drugs/DB08009"
"265","N~3~-cyclopropyl-N~4~'-(cyclopropylmethyl)-6-methylbiphenyl-3,4'-dicarboxamide (DB07835)","0.8562","http://www.drugbank.ca/drugs/DB07835"
"266","CRA_10655 (DB02526)","0.8558","http://www.drugbank.ca/drugs/DB02526"
"267","(3R,4S)-1-{6-[3-(METHYLSULFONYL)PHENYL]PYRIMIDIN-4-YL}-4-(2,4,5-TRIFLUOROPHENYL)PYRROLIDIN-3-AMINE (DB07666)","0.8552","http://www.drugbank.ca/drugs/DB07666"
"268","O6-CYCLOHEXYLMETHOXY-2-(4'-SULPHAMOYLANILINO) PURINE (DB07126)","0.8547","http://www.drugbank.ca/drugs/DB07126"
"269","3-(6-CYCLOHEXYLMETHOXY-9H-PURIN-2-YLAMINO)-BENZENESULFONAMIDE (DB08248)","0.8547","http://www.drugbank.ca/drugs/DB08248"
"270","1-[2-(S)-AMINO-3-BIPHENYL-4-YL-PROPIONYL]-PYRROLIDINE-2-(S)-CARBONITRILE (DB08024)","0.8545","http://www.drugbank.ca/drugs/DB08024"
"271","N-(5-chloro-1,3-benzodioxol-4-yl)-6-methoxy-7-(3-piperidin-1-ylpropoxy)quinazolin-4-amine (DB07249)","0.8538","http://www.drugbank.ca/drugs/DB07249"
"272","Prochlorperazine (DB00433)","0.8535","http://www.drugbank.ca/drugs/DB00433"
"273","Dasatinib (DB01254)","0.8529","http://www.drugbank.ca/drugs/DB01254"
"274","1-cyclobutyl-3-(3,4-dimethoxyphenyl)-1H-pyrazolo[3,4-d]pyrimidin-4-amine (DB08053)","0.8528","http://www.drugbank.ca/drugs/DB08053"
"275","(5E,7S)-2-amino-7-(4-fluoro-2-pyridin-3-ylphenyl)-4-methyl-7,8-dihydroquinazolin-5(6H)-one oxime (DB08197)","0.8521","http://www.drugbank.ca/drugs/DB08197"
"276","Asenapine (DB06216)","0.8518","http://www.drugbank.ca/drugs/DB06216"
"277","Thiethylperazine (DB00372)","0.8518","http://www.drugbank.ca/drugs/DB00372"
"278","Mepenzolate (DB04843)","0.8511","http://www.drugbank.ca/drugs/DB04843"
"279","(4R,5R)-5-AMINO-1-[2-(1,3-BENZODIOXOL-5-YL)ETHYL]-4-(2,4,5-TRIFLUOROPHENYL)PIPERIDIN-2-ONE (DB07830)","0.8510","http://www.drugbank.ca/drugs/DB07830"
"280","5-[4-(DIMETHYLAMINO)PHENYL]-6-[(6-MORPHOLIN-4-YLPYRIDIN-3-YL)ETHYNYL]PYRIMIDIN-4-AMINE (DB07280)","0.8509","http://www.drugbank.ca/drugs/DB07280"
"281","Levomethadyl Acetate (DB01227)","0.8509","http://www.drugbank.ca/drugs/DB01227"
"282","Methadyl Acetate (DB01433)","0.8509","http://www.drugbank.ca/drugs/DB01433"
"283","Betacetylmethadol (DB01522)","0.8509","http://www.drugbank.ca/drugs/DB01522"
"284","Alphacetylmethadol (DB01555)","0.8509","http://www.drugbank.ca/drugs/DB01555"
"285","(2R)-1-[(4-tert-butylphenyl)sulfonyl]-2-methyl-4-(4-nitrophenyl)piperazine (DB07049)","0.8505","http://www.drugbank.ca/drugs/DB07049"
"286","(9S)-9-[(8-AMMONIOOCTYL)AMINO]-1,2,3,4,9,10-HEXAHYDROACRIDINIUM (DB04617)","0.8504","http://www.drugbank.ca/drugs/DB04617"
"287","Sunitinib (DB01268)","0.8501","http://www.drugbank.ca/drugs/DB01268"
"288","Amineptine (DB04836)","0.8496","http://www.drugbank.ca/drugs/DB04836"
"289","S-{3-[(4-ANILINOQUINAZOLIN-6-YL)AMINO]-3-OXOPROPYL}-L-CYSTEINE (DB07602)","0.8490","http://www.drugbank.ca/drugs/DB07602"
"290","Yohimbine (DB01392)","0.8490","http://www.drugbank.ca/drugs/DB01392"
"291","Raltegravir (DB06817)","0.8488","http://www.drugbank.ca/drugs/DB06817"
"292","N-{(1s)-4-[Bis(2-Chloroethyl)Amino]-1-Methylbutyl}-N-(6-Chloro-2-Methoxy-9-Acridinyl)Amine (DB02240)","0.8488","http://www.drugbank.ca/drugs/DB02240"
"293","2-(6-CHLORO-3-{[2,2-DIFLUORO-2-(1-OXIDO-2-PYRIDINYL)ETHYL]AMINO}-2-OXO-1(2H)-PYRAZINYL)-N-[(2-FLUOROPHENYL)METHYL]ACETAMIDE (DB07550)","0.8486","http://www.drugbank.ca/drugs/DB07550"
"294","6-amino-2-[(2-morpholin-4-ylethyl)amino]-3,7-dihydro-8H-imidazo[4,5-g]quinazolin-8-one (DB07564)","0.8484","http://www.drugbank.ca/drugs/DB07564"
"295","Ziprasidone (DB00246)","0.8479","http://www.drugbank.ca/drugs/DB00246"
"296","Flibanserin (DB04908)","0.8475","http://www.drugbank.ca/drugs/DB04908"
"297","(2S)-6-(2,4-DIAMINO-6-ETHYLPYRIMIDIN-5-YL)-2-(3,5-DIFLUOROPHENYL)-4-(3-METHOXYPROPYL)-2H-1,4-BENZOXAZIN-3(4H)-ONE (DB07113)","0.8474","http://www.drugbank.ca/drugs/DB07113"
"298","Moricizine (DB00680)","0.8469","http://www.drugbank.ca/drugs/DB00680"
"299","(4aS)-5-[(2,4-diaminopteridin-6-yl)methyl]-4a,5-dihydro-2H-dibenzo[b,f]azepin-8-ol (DB08448)","0.8466","http://www.drugbank.ca/drugs/DB08448"
"300","Propafenone (DB01182)","0.8460","http://www.drugbank.ca/drugs/DB01182"
"301","Prazosin (DB00457)","0.8459","http://www.drugbank.ca/drugs/DB00457"
"302","Fluphenazine (DB00623)","0.8458","http://www.drugbank.ca/drugs/DB00623"
"303","methyl (1R,2S)-2-(hydroxycarbamoyl)-1-{4-[(2-methylquinolin-4-yl)methoxy]benzyl}cyclopropanecarboxylate (DB07147)","0.8456","http://www.drugbank.ca/drugs/DB07147"
"304","Fenethylline (DB01482)","0.8454","http://www.drugbank.ca/drugs/DB01482"
"305","Dioxaphetyl butyrate (DB01475)","0.8454","http://www.drugbank.ca/drugs/DB01475"
"306","4-METHYL-5-{(2E)-2-[(4-MORPHOLIN-4-YLPHENYL)IMINO]-2,5-DIHYDROPYRIMIDIN-4-YL}-1,3-THIAZOL-2-AMINE (DB08219)","0.8452","http://www.drugbank.ca/drugs/DB08219"
"307","Gefitinib (DB00317)","0.8444","http://www.drugbank.ca/drugs/DB00317"
"308","Bopindolol (DB08807)","0.8437","http://www.drugbank.ca/drugs/DB08807"
"309","3-[3-(2,3-Dihydroxy-Propylamino)-Phenyl]-4-(5-Fluoro-1-Methyl-1h-Indol-3-Yl)-Pyrrole-2,5-Dione (DB01772)","0.8432","http://www.drugbank.ca/drugs/DB01772"
"310","Indacaterol (DB05039)","0.8430","http://www.drugbank.ca/drugs/DB05039"
"311","2-[2-(4-CHLORO-PHENYLSULFANYL)-ACETYLAMINO]-3-(4-GUANIDINO-PHENYL)-PROPIONAMIDE (DB07105)","0.8419","http://www.drugbank.ca/drugs/DB07105"
"312","4-{[5-(CYCLOHEXYLOXY)[1,2,4]TRIAZOLO[1,5-A]PYRIMIDIN-7-YL]AMINO}BENZENESULFONAMIDE (DB07688)","0.8416","http://www.drugbank.ca/drugs/DB07688"
"313","3-(6-Aminopyridin-3-Yl)-N-Methyl-N-[(1-Methyl-1h-Indol-2-Yl)Methyl]Acrylamide (DB01865)","0.8413","http://www.drugbank.ca/drugs/DB01865"
"314","4-{[5-(CYCLOHEXYLMETHOXY)[1,2,4]TRIAZOLO[1,5-A]PYRIMIDIN-7-YL]AMINO}BENZENESULFONAMIDE (DB07685)","0.8405","http://www.drugbank.ca/drugs/DB07685"
"315","Rimonabant (DB06155)","0.8402","http://www.drugbank.ca/drugs/DB06155"
"316","Flurazepam (DB00690)","0.8398","http://www.drugbank.ca/drugs/DB00690"
"317","Trifluoperazine (DB00831)","0.8393","http://www.drugbank.ca/drugs/DB00831"
"318","6-[3-(4-Morpholinyl)Propyl]-2-(3-Nitrophenyl)-5-Thioxo-5,6,-Dihydro-7h-Thienol[2',3':4,5]Pyrrolo[1,2-C]Imidazol-7-One (DB03507)","0.8391","http://www.drugbank.ca/drugs/DB03507"
"319","Cetirizine (DB00341)","0.8365","http://www.drugbank.ca/drugs/DB00341"
"320","Hydroxyzine (DB00557)","0.8363","http://www.drugbank.ca/drugs/DB00557"
"321","1-[1-(3-aminophenyl)-3-tert-butyl-1H-pyrazol-5-yl]-3-phenylurea (DB06883)","0.8362","http://www.drugbank.ca/drugs/DB06883"
"322","5-(3,5-DICHLOROPHENYL)THIO-4-ISOPROPYL-1-(PYRIDIN-4-YL-METHYL)-1H-IMIDAZOL-2-YL-METHYL CARBAMATE (DB08502)","0.8351","http://www.drugbank.ca/drugs/DB08502"
"323","5-(5-CHLORO-2,4-DIHYDROXYPHENYL)-N-ETHYL-4-PIPERAZIN-1-YL-1H-PYRAZOLE-3-CARBOXAMIDE (DB06958)","0.8350","http://www.drugbank.ca/drugs/DB06958"
"324","2-(4-ETHYLPIPERAZIN-1-YL)-4-(PHENYLAMINO)PYRAZOLO[1,5-A][1,3,5]TRIAZINE-8-CARBONITRILE (DB08360)","0.8343","http://www.drugbank.ca/drugs/DB08360"
"325","N-[(3z)-5-Tert-Butyl-2-Phenyl-1,2-Dihydro-3h-Pyrazol-3-Ylidene]-N'-(4-Chlorophenyl)Urea (DB01807)","0.8339","http://www.drugbank.ca/drugs/DB01807"
"326","1-[(3S)-5-PHENYL-3-THIOPHEN-2-YL-3H-1,4-BENZODIAZEPIN-2-YL]AZETIDIN-3-OL (DB08698)","0.8338","http://www.drugbank.ca/drugs/DB08698"
"327","Propantheline (DB00782)","0.8337","http://www.drugbank.ca/drugs/DB00782"
"328","Ivacaftor (DB08820)","0.8333","http://www.drugbank.ca/drugs/DB08820"
"329","Thioproperazine (DB01622)","0.8332","http://www.drugbank.ca/drugs/DB01622"
"330","Mercaptocarboxylate Inhibitor (DB02706)","0.8328","http://www.drugbank.ca/drugs/DB02706"
"331","Diltiazem (DB00343)","0.8324","http://www.drugbank.ca/drugs/DB00343"
"332","2-(2-HYDROXYETHYLAMINO)-6-(3-CHLOROANILINO)-9-ISOPROPYLPURINE (DB08325)","0.8324","http://www.drugbank.ca/drugs/DB08325"
"333","Allyl-{6-[3-(4-Bromo-Phenyl)-1-Methyl-1h-Indazol-6-Yl]Oxy}Hexyl)-N-Methylamine (DB03888)","0.8320","http://www.drugbank.ca/drugs/DB03888"
"334","3-[(Acetyl-Methyl-Amino)-Methyl]-4-Amino-N-Methyl-N-(1-Methyl-1h-Indol-2-Ylmethyl)-Benzamide (DB03534)","0.8320","http://www.drugbank.ca/drugs/DB03534"
"335","N-(2-METHOXYETHYL)-4-({4-[2-METHYL-1-(1-METHYLETHYL)-1H-IMIDAZOL-5-YL]PYRIMIDIN-2-YL}AMINO)BENZENESULFONAMIDE (DB07790)","0.8319","http://www.drugbank.ca/drugs/DB07790"
"336","Quetiapine (DB01224)","0.8313","http://www.drugbank.ca/drugs/DB01224"
"337","Carphenazine (DB01038)","0.8309","http://www.drugbank.ca/drugs/DB01038"
"338","N-(2-AMINOETHYL)-2-{3-CHLORO-4-[(4-ISOPROPYLBENZYL)OXY]PHENYL} ACETAMIDE (DB08610)","0.8296","http://www.drugbank.ca/drugs/DB08610"
"339","Temafloxacin (DB01405)","0.8295","http://www.drugbank.ca/drugs/DB01405"
"340","(6R)-2-amino-6-[2-(3'-methoxybiphenyl-3-yl)ethyl]-3,6-dimethyl-5,6-dihydropyrimidin-4(3H)-one (DB07519)","0.8291","http://www.drugbank.ca/drugs/DB07519"
"341","N-ethyl-4-{[5-(methoxycarbamoyl)-2-methylphenyl]amino}-5-methylpyrrolo[2,1-f][1,2,4]triazine-6-carboxamide (DB06940)","0.8289","http://www.drugbank.ca/drugs/DB06940"
"342","FR233623 (DB03220)","0.8289","http://www.drugbank.ca/drugs/DB03220"
"343","1-(5-Carboxypentyl)-5-[(2,6-Dichlorobenzyl)Oxy]-1 H-Indole-2-Carboxylic Acid (DB02316)","0.8280","http://www.drugbank.ca/drugs/DB02316"
"344","Eprosartan (DB00876)","0.8274","http://www.drugbank.ca/drugs/DB00876"
"345","7-amino-2-tert-butyl-4-{[2-(1H-imidazol-4-yl)ethyl]amino}pyrido[2,3-d]pyrimidine-6-carboxamide (DB07042)","0.8273","http://www.drugbank.ca/drugs/DB07042"
"346","4-(1-Benzyl-3-Carbamoylmethyl-2-Methyl-1h-Indol-5-Yloxy)-Butyric Acid (DB02936)","0.8267","http://www.drugbank.ca/drugs/DB02936"
"347","Ketazolam (DB01587)","0.8263","http://www.drugbank.ca/drugs/DB01587"
"348","6-FLUORO-2-[2-HYDROXY-3-(2-METHYL-CYCLOHEXYLOXY)-PHENYL]-1H-INDOLE-5-CARBOXAMIDINE (DB06856)","0.8260","http://www.drugbank.ca/drugs/DB06856"
"349","Indecainide (DB00192)","0.8254","http://www.drugbank.ca/drugs/DB00192"
"350","[4-({5-(AMINOCARBONYL)-4-[(3-METHYLPHENYL)AMINO]PYRIMIDIN-2-YL}AMINO)PHENYL]ACETIC ACID (DB08513)","0.8251","http://www.drugbank.ca/drugs/DB08513"
"351","9-Butyl-8-(2,5-Dimethoxy-Benzyl)-9h-Purin-6-Ylamine (DB02359)","0.8248","http://www.drugbank.ca/drugs/DB02359"
"352","(2R)-1-[4-({4-[(2,5-DICHLOROPHENYL)AMINO]PYRIMIDIN-2-YL}AMINO)PHENOXY]-3-(DIMETHYLAMINO)PROPAN-2-OL (DB07750)","0.8246","http://www.drugbank.ca/drugs/DB07750"
"353","(2S)-1-[4-({4-[(2,5-DICHLOROPHENYL)AMINO]PYRIMIDIN-2-YL}AMINO)PHENOXY]-3-(DIMETHYLAMINO)PROPAN-2-OL (DB07755)","0.8246","http://www.drugbank.ca/drugs/DB07755"
"354","2-(6-CHLORO-3-{[2,2-DIFLUORO-2-(2-PYRIDINYL)ETHYL]AMINO}-2-OXO-1(2H)-PYRAZINYL)-N-[(2-FLUORO-6-PYRIDINYL)METHYL]ACETAMIDE (DB07548)","0.8237","http://www.drugbank.ca/drugs/DB07548"
"355","Tolvaptan (DB06212)","0.8232","http://www.drugbank.ca/drugs/DB06212"
"356","(2S)-1-{[5-(1H-INDAZOL-5-YL)PYRIDIN-3-YL]OXY}-3-[(7AS)-7AH-INDOL-3-YL]PROPAN-2-AMINE (DB06977)","0.8231","http://www.drugbank.ca/drugs/DB06977"
"357","2-amino-4-[2,4-dichloro-5-(2-pyrrolidin-1-ylethoxy)phenyl]-N-ethylthieno[2,3-d]pyrimidine-6-carboxamide (DB06969)","0.8229","http://www.drugbank.ca/drugs/DB06969"
"358","(4R,2S)-5'-(4-(4-CHLOROBENZYLOXY)PYRROLIDIN-2-YLMETHANESULFONYL)ISOQUINOLINE (DB07583)","0.8228","http://www.drugbank.ca/drugs/DB07583"
"359","2-(6-CHLORO-3-{[2,2-DIFLUORO-2-(2-PYRIDINYL)ETHYL]AMINO}-2-OXO-1(2H)-PYRAZINYL)-N-[(2-FLUORO-3-METHYL-6-PYRIDINYL)METHYL]ACETAMIDE (DB07549)","0.8223","http://www.drugbank.ca/drugs/DB07549"
"360","2-({5-CHLORO-2-[(2-METHOXY-4-MORPHOLIN-4-YLPHENYL)AMINO]PYRIMIDIN-4-YL}AMINO)-N-METHYLBENZAMIDE (DB07460)","0.8223","http://www.drugbank.ca/drugs/DB07460"
"361","N-[2-({[amino(imino)methyl]amino}oxy)ethyl]-2-{6-chloro-3-[(2,2-difluoro-2-phenylethyl)amino]-2-fluorophenyl}acetamide (DB07946)","0.8217","http://www.drugbank.ca/drugs/DB07946"
"362","N-{3-[5-(6-Amino-Purin-9-Yl)-3,4-Dihydroxy-Tetrahydro-Furan-2-Yl]-Allyl}-2,3-Dihydroxy-5-Nitro-Benzamide (DB03907)","0.8217","http://www.drugbank.ca/drugs/DB03907"
"363","(2R,3R,4S,5R)-2-[6-amino-8-[(3,4-dichlorophenyl)methylamino]purin-9-yl]-5-(hydroxymethyl)oxolane-3,4-diol (DB07045)","0.8215","http://www.drugbank.ca/drugs/DB07045"
"364","Tazarotene (DB00799)","0.8215","http://www.drugbank.ca/drugs/DB00799"
"365","PYRIMIDINE-4,6-DICARBOXYLIC ACID BIS-(3-METHYL-BENZYLAMIDE) (DB04759)","0.8214","http://www.drugbank.ca/drugs/DB04759"
"366","Amiodarone (DB01118)","0.8209","http://www.drugbank.ca/drugs/DB01118"
"367","8-BENZO[1,3]DIOXOL-,5-YLMETHYL-9-BUTYL-9H- (DB08436)","0.8205","http://www.drugbank.ca/drugs/DB08436"
"368","(2E)-N-{4-[(3-bromophenyl)amino]quinazolin-6-yl}-4-(dimethylamino)but-2-enamide (DB08564)","0.8204","http://www.drugbank.ca/drugs/DB08564"
"369","9-Butyl-8-(2,5-Dimethoxy-Benzyl)-2-Fluoro-9h-Purin-6-Ylamine (DB04054)","0.8204","http://www.drugbank.ca/drugs/DB04054"
"370","(2Z,3E)-2,3'-BIINDOLE-2',3(1H,1'H)-DIONE 3-{O-[(3R)-3,4-DIHYDROXYBUTYL]OXIME} (DB07766)","0.8204","http://www.drugbank.ca/drugs/DB07766"
"371","5-ETHYL-3-[(2-METHOXYETHYL)METHYLAMINO]-6-METHYL-4-(3-METHYLBENZYL)PYRIDIN-2(1H)-ONE (DB07018)","0.8204","http://www.drugbank.ca/drugs/DB07018"
"372","(2S)-1-{4-[(4-ANILINO-5-BROMOPYRIMIDIN-2-YL)AMINO]PHENOXY}-3-(DIMETHYLAMINO)PROPAN-2-OL (DB07501)","0.8196","http://www.drugbank.ca/drugs/DB07501"
"373","(2R)-1-{4-[(4-ANILINO-5-BROMOPYRIMIDIN-2-YL)AMINO]PHENOXY}-3-(DIMETHYLAMINO)PROPAN-2-OL (DB07504)","0.8196","http://www.drugbank.ca/drugs/DB07504"
"374","+/-METHYL 4-(AMINOIMINOMETHYL)-BETA-[3- INH (AMINOIMINO)PHENYL]BENZENE PENTANOATE (DB07985)","0.8194","http://www.drugbank.ca/drugs/DB07985"
"375","8-(2,5-Dimethoxy-Benzyl)-2-Fluoro-9-Pent-9h-Purin-6-Ylamine (DB03137)","0.8193","http://www.drugbank.ca/drugs/DB03137"
"376","CP-526423 (DB02089)","0.8191","http://www.drugbank.ca/drugs/DB02089"
"377","CRA_10972 (DB02989)","0.8189","http://www.drugbank.ca/drugs/DB02989"
"378","Doxazosin (DB00590)","0.8180","http://www.drugbank.ca/drugs/DB00590"
"379","7-BENZYL-1,3-DIMETHYL-8-PIPERAZIN-1-YL-3,7-DIHYDRO-PURINE-2,6-DIONE (DB08530)","0.8179","http://www.drugbank.ca/drugs/DB08530"
"380","2,4-Diamino-6-[N-(3',5'-Dimethoxybenzyl)-N-Methylamino]Pyrido[2,3-D]Pyrimidine (DB03987)","0.8176","http://www.drugbank.ca/drugs/DB03987"
"381","Methantheline (DB00940)","0.8174","http://www.drugbank.ca/drugs/DB00940"
"382","N6-(2,5-Dimethoxy-Benzyl)-N6-Methyl-Pyrido[2,3-D]Pyrimidine-2,4,6-Triamine (DB02583)","0.8172","http://www.drugbank.ca/drugs/DB02583"
"383","5-(7-(6-CHLORO-4-(5-HYDRO-4-METHYL-2-OXAZOLYL)PHENOXY)HEPTYL)-3-METHYL ISOXAZOLE (DB08722)","0.8167","http://www.drugbank.ca/drugs/DB08722"
"384","8-Benzo[1,3]Dioxol-,5-Ylmethyl-9-Butyl-2-Fluoro-9h-Purin-6-Ylamine (DB04254)","0.8161","http://www.drugbank.ca/drugs/DB04254"
"385","6-[N-(1-Isopropyl-1,2,3,4-Tetrahydro-7-Isoquinolinyl)Carbamyl]-2-Naphthalenecarboxamidine (DB02705)","0.8154","http://www.drugbank.ca/drugs/DB02705"
"386","2-[4-(2H-1,4-BENZOTHIAZINE-3-YL)-PIPERAZINE-1-LY]-1,3-THIAZOLE-4-CARBOXYLIC ACID ETHYLESTER (DB08540)","0.8148","http://www.drugbank.ca/drugs/DB08540"
"387","Loratadine (DB00455)","0.8145","http://www.drugbank.ca/drugs/DB00455"
"388","Amodiaquine (DB00613)","0.8143","http://www.drugbank.ca/drugs/DB00613"
"389","Tamibarotene (DB04942)","0.8140","http://www.drugbank.ca/drugs/DB04942"
"390","5-(7-(5-HYDRO-4-ETHYL-2-OXAZOLYL)PHENOXY)HEPTYL)-3-METHYL ISOXAZOLE (DB08725)","0.8137","http://www.drugbank.ca/drugs/DB08725"
"391","5-(7-(5-HYDRO-4-METHYL-2-OXAZOLYL)PHENOXY)HEPTYL)-3-METHYL ISOXAZOLE (DB08727)","0.8132","http://www.drugbank.ca/drugs/DB08727"
"392","Cilostazol (DB01166)","0.8128","http://www.drugbank.ca/drugs/DB01166"
"393","1-{3-[(4-pyridin-2-ylpiperazin-1-yl)sulfonyl]phenyl}-3-(1,3-thiazol-2-yl)urea (DB07817)","0.8125","http://www.drugbank.ca/drugs/DB07817"
"394","5-(7-(4-(4,5-DIHYDRO-2-OXAZOLYL)PHENOXY)HEPTYL)-3-METHYL ISOXAZOLE (DB08726)","0.8123","http://www.drugbank.ca/drugs/DB08726"
"395","Aminacrine (DB02842)","0.8122","http://www.drugbank.ca/drugs/DB02842"
"396","PYRIMIDINE-4,6-DICARBOXYLIC ACID BIS-(4-FLUORO-3-METHYL-BENZYLAMIDE) (DB04760)","0.8115","http://www.drugbank.ca/drugs/DB04760"
"397","6-CARBAMIMIDOYL-2-[2-HYDROXY-5-(3-METHOXY-PHENYL)-INDAN-1-YL]-HEXANOIC ACID (DB06866)","0.8113","http://www.drugbank.ca/drugs/DB06866"
"398","3-(7-DIAMINOMETHYL-NAPHTHALEN-2-YL)-PROPIONIC ACID ETHYL ESTER (DB07639)","0.8112","http://www.drugbank.ca/drugs/DB07639"
"399","3-FLUORO-N-1H-INDOL-5-YL-5-MORPHOLIN-4-YLBENZAMIDE (DB08092)","0.8111","http://www.drugbank.ca/drugs/DB08092"
"400","Oxyphencyclimine (DB00383)","0.8110","http://www.drugbank.ca/drugs/DB00383"
"401","6-CARBAMIMIDOYL-2-[2-HYDROXY-6-(4-HYDROXY-PHENYL)-INDAN-1-YL]-HEXANOIC ACID (DB06865)","0.8107","http://www.drugbank.ca/drugs/DB06865"
"402","N-(cyclopropylmethyl)-2'-methyl-5'-(5-methyl-1,3,4-oxadiazol-2-yl)biphenyl-4-carboxamide (DB07834)","0.8088","http://www.drugbank.ca/drugs/DB07834"
"403","Bis-Benzamidine (DB02081)","0.8087","http://www.drugbank.ca/drugs/DB02081"
"404","(2S)-1-[4-({6-[(2,6-DIFLUOROPHENYL)AMINO]PYRIMIDIN-4-YL}AMINO)PHENOXY]-3-(DIMETHYLAMINO)PROPAN-2-OL (DB07751)","0.8075","http://www.drugbank.ca/drugs/DB07751"
"405","(2R)-1-[4-({6-[(2,6-DIFLUOROPHENYL)AMINO]PYRIMIDIN-4-YL}AMINO)PHENOXY]-3-(DIMETHYLAMINO)PROPAN-2-OL (DB07761)","0.8075","http://www.drugbank.ca/drugs/DB07761"
"406","CRA_10991 (DB01771)","0.8072","http://www.drugbank.ca/drugs/DB01771"
"407","(2R)-1-(DIMETHYLAMINO)-3-{4-[(6-{[2-FLUORO-5-(TRIFLUOROMETHYL)PHENYL]AMINO}PYRIMIDIN-4-YL)AMINO]PHENOXY}PROPAN-2-OL (DB07054)","0.8067","http://www.drugbank.ca/drugs/DB07054"
"408","1-{(1R,2S)-2-HYDROXY-1-[2-(2-NAPHTHYLOXY)ETHYL]PROPYL}-1H-IMIDAZONE-4-CARBOXAMIDE (DB07785)","0.8063","http://www.drugbank.ca/drugs/DB07785"
"409","(1S,2R,5S)-5-[3-(TRIFLUOROMETHYL)-5,6-DIHYDRO[1,2,4]TRIAZOLO[4,3-A]PYRAZIN-7(8H)-YL]-2-(2,4,5-TRIFLUOROPHENYL)CYCLOHEXANAMINE (DB07072)","0.8051","http://www.drugbank.ca/drugs/DB07072"
"410","5-(4-Morpholin-4-Yl-Phenylsulfanyl)-2,4-Quinazolinediamine (DB02001)","0.8051","http://www.drugbank.ca/drugs/DB02001"
"411","1-(5-CHLORO-2-METHOXYPHENYL)-3-{6-[2-(DIMETHYLAMINO)-1-METHYLETHOXY]PYRAZIN-2-YL}UREA (DB07228)","0.8050","http://www.drugbank.ca/drugs/DB07228"
"412","[3-(1-Benzyl-3-Carbamoylmethyl-2-Methyl-1h-Indol-5-Yloxy)-Propyl-]-Phosphonic Acid (DB02504)","0.8040","http://www.drugbank.ca/drugs/DB02504"
"413","CRA_10433 (DB03173)","0.8040","http://www.drugbank.ca/drugs/DB03173"
"414","3-[3-(4-methylpiperazin-1-yl)-7-(trifluoromethyl)quinoxalin-5-yl]phenol (DB07969)","0.8035","http://www.drugbank.ca/drugs/DB07969"
"415","SC45647 (DB04778)","0.8028","http://www.drugbank.ca/drugs/DB04778"
"416","4-CHLORO-6-(4-{4-[4-(METHYLSULFONYL)BENZYL]PIPERAZIN-1-YL}-1H-PYRAZOL-5-YL)BENZENE-1,3-DIOL (DB06957)","0.8025","http://www.drugbank.ca/drugs/DB06957"
"417","4,4'[1,6-Hexanediylbis(Oxy)]Bisbenzenecarboximidamide (DB03808)","0.8024","http://www.drugbank.ca/drugs/DB03808"
"418","Rabeprazole (DB01129)","0.8022","http://www.drugbank.ca/drugs/DB01129"
"419","(1S,6R)-3-{[3-(TRIFLUOROMETHYL)-5,6-DIHYDRO[1,2,4]TRIAZOLO[4,3-A]PYRAZIN-7(8H)-YL]CARBONYL}-6-(2,4,5-TRIFLUOROPHENYL)CYCLOHEX-3-EN-1-AMINE (DB08044)","0.8010","http://www.drugbank.ca/drugs/DB08044"
"420","4-(2-HYDROXYBENZYLAMINO)-N-(3-(4-FLUOROPHENOXY)PHENYL)PIPERIDINE-1-SULFONAMIDE (DB04632)","0.7998","http://www.drugbank.ca/drugs/DB04632"
"421","6-[N-(4-Ethyl-1,2,3,4-Tetrahydro-6-Isoquinolinyl)Carbamyl]-2-Naphthalenecarboxamidine (DB02551)","0.7984","http://www.drugbank.ca/drugs/DB02551"
"422","1-Acetyl-4-(4-{4-[(2-Ethoxyphenyl)Thio]-3-Nitrophenyl}Pyridin-2-Yl)Piperazine (DB02177)","0.7982","http://www.drugbank.ca/drugs/DB02177"
"423","4-[[2-[[4-chloro-3-(trifluoromethyl)phenyl]amino]-3H-benzimidazol-5-yl]oxy]-N-methyl-pyridine-2-carboxamide (DB06938)","0.7981","http://www.drugbank.ca/drugs/DB06938"
"424","pradefovir mesylate (DB05478)","0.7981","http://www.drugbank.ca/drugs/DB05478"
"425","2,4-Diamino-5-Methyl-6-[(3,4,5-Trimethoxy-N-Methylanilino)Methyl]Pyrido[2,3-D]Pyrimidine (DB02104)","0.7973","http://www.drugbank.ca/drugs/DB02104"
"426","4-[(1S)-1-(3-fluoro-4-methoxyphenyl)-2-(2-methoxy-5-nitrophenyl)ethyl]-1H-imidazol-2-amine (DB07415)","0.7973","http://www.drugbank.ca/drugs/DB07415"
"427","Talampanel (DB04982)","0.7967","http://www.drugbank.ca/drugs/DB04982"
"428","5-[[(2R)-2-cyclopropyl-7,8-dimethoxy-2H-chromen-5-yl]methyl]pyrimidine-2,4-diamine (DB08741)","0.7967","http://www.drugbank.ca/drugs/DB08741"
"429","1-(3-chloro-4-methylphenyl)-3-{2-[({5-[(dimethylamino)methyl]-2-furyl}methyl)thio]ethyl}urea (DB08027)","0.7966","http://www.drugbank.ca/drugs/DB08027"
"430","(4R)-4-(3-HYDROXYPHENYL)-N,N,7,8-TETRAMETHYL-3,4-DIHYDROISOQUINOLINE-2(1H)-CARBOXAMIDE (DB07064)","0.7964","http://www.drugbank.ca/drugs/DB07064"
"431","N-cyclopropyl-2',6-dimethyl-4'-(5-methyl-1,3,4-oxadiazol-2-yl)biphenyl-3-carboxamide (DB07811)","0.7962","http://www.drugbank.ca/drugs/DB07811"
"432","Rilpivirine (DB08864)","0.7958","http://www.drugbank.ca/drugs/DB08864"
"433","TMC278 (DB05083)","0.7958","http://www.drugbank.ca/drugs/DB05083"
"434","Zuclopenthixol acetate (DB08919)","0.7948","http://www.drugbank.ca/drugs/DB08919"
"435","1-(3-(2,4-DIMETHYLTHIAZOL-5-YL)-4-OXO-2,4-DIHYDROINDENO[1,2-C]PYRAZOL-5-YL)-3-(4-METHYLPIPERAZIN-1-YL)UREA (DB07622)","0.7946","http://www.drugbank.ca/drugs/DB07622"
"436","6-(3-AMINOPROPYL)-4,9-DIMETHYLPYRROLO[3,4-C]CARBAZOLE-1,3(2H,6H)-DIONE (DB07444)","0.7946","http://www.drugbank.ca/drugs/DB07444"
"437","AZD2563 (DB04850)","0.7944","http://www.drugbank.ca/drugs/DB04850"
"438","MACITENTAN (DB08932)","0.7942","http://www.drugbank.ca/drugs/DB08932"
"439","2,4-Diamino-6-[N-(2',5'-Dimethoxybenzyl)-N-Methylamino]Quinazoline (DB02427)","0.7928","http://www.drugbank.ca/drugs/DB02427"
"440","5-[[(2R)-2-cyclopropyl-7,8-dimethoxy-chroman-5-yl]methyl]pyrimidine-2,4-diamine (DB07938)","0.7920","http://www.drugbank.ca/drugs/DB07938"
"441","Camazepam (DB01489)","0.7915","http://www.drugbank.ca/drugs/DB01489"
"442","Merimepodib (DB04862)","0.7914","http://www.drugbank.ca/drugs/DB04862"
"443","(5Z)-5-[(5-ETHYL-2-FURYL)METHYLENE]-2-{[(S)-(4-FLUOROPHENYL)(1H-TETRAZOL-5-YL)METHYL]AMINO}-1,3-THIAZOL-4(5H)-ONE (DB08710)","0.7908","http://www.drugbank.ca/drugs/DB08710"
"444","6-[(Z)-AMINO(IMINO)METHYL]-N-[3-(CYCLOPENTYLOXY)PHENYL]-2-NAPHTHAMIDE (DB07076)","0.7897","http://www.drugbank.ca/drugs/DB07076"
"445","9-Butyl-8-(2-Chloro-3,4,5-Trimethoxy-Benzyl)-9h-Purin-6-Ylamine (DB03504)","0.7894","http://www.drugbank.ca/drugs/DB03504"
"446","6-[N-(1-Isopropyl-3,4-Dihydro-7-Isoquinolinyl)Carbamyl]-2-Naphthalenecarboxamidine (DB02473)","0.7891","http://www.drugbank.ca/drugs/DB02473"
"447","8-(2-Chloro-3,4,5-Trimethoxy-Benzyl)-9-Pent-4-Ylnyl-9h-Purin-6-Ylamine (DB04505)","0.7889","http://www.drugbank.ca/drugs/DB04505"
"448","2,4-Diamino-6-[N-(3',4',5'-Trimethoxybenzyl)-N-Methylamino]Pyrido[2,3-D]Pyrimidine (DB02919)","0.7886","http://www.drugbank.ca/drugs/DB02919"
"449","(1S,5S,7R)-N~7~-(BIPHENYL-4-YLMETHYL)-N~3~-HYDROXY-6,8-DIOXA-3-AZABICYCLO[3.2.1]OCTANE-3,7-DICARBOXAMIDE (DB07026)","0.7881","http://www.drugbank.ca/drugs/DB07026"
"450","Pentamidine (DB00738)","0.7872","http://www.drugbank.ca/drugs/DB00738"
"451","N'-(5-CHLORO-1,3-BENZODIOXOL-4-YL)-N-(3-MORPHOLIN-4-YLPHENYL)PYRIMIDINE-2,4-DIAMINE (DB07255)","0.7870","http://www.drugbank.ca/drugs/DB07255"
"452","Zuclopenthixol (DB01624)","0.7865","http://www.drugbank.ca/drugs/DB01624"
"453","9-Butyl-8-(3,4,5-Trimethoxybenzyl)-9h-Purin-6-Amine (DB02754)","0.7862","http://www.drugbank.ca/drugs/DB02754"
"454","Flavopiridol (DB03496)","0.7860","http://www.drugbank.ca/drugs/DB03496"
"455","8-(2-Chloro-3,4,5-Trimethoxy-Benzyl)-2-Fluoro-9-Pent-4-Ylnyl-9h-Purin-6-Ylamine (DB02550)","0.7854","http://www.drugbank.ca/drugs/DB02550"
"456","Sri-9662 (DB03060)","0.7848","http://www.drugbank.ca/drugs/DB03060"
"457","6-({5-fluoro-2-[(3,4,5-trimethoxyphenyl)amino]pyrimidin-4-yl}amino)-2,2-dimethyl-2H-pyrido[3,2-b][1,4]oxazin-3(4H)-one (DB07159)","0.7807","http://www.drugbank.ca/drugs/DB07159"
"458","Etravirine (DB06414)","0.7762","http://www.drugbank.ca/drugs/DB06414"
"459","(6-[4-(AMINOMETHYL)-2,6-DIMETHYLPHENOXY]-2-{[4-(AMINOMETHYL)PHENYL]AMINO}-5-BROMOPYRIMIDIN-4-YL)METHANOL (DB06874)","0.7758","http://www.drugbank.ca/drugs/DB06874"
"460","(2S,3S)-3-{3-[2-chloro-4-(methylsulfonyl)phenyl]-1,2,4-oxadiazol-5-yl}-1-cyclopentylidene-4-cyclopropyl-1-fluorobutan-2-amine (DB06994)","0.7758","http://www.drugbank.ca/drugs/DB06994"
"461","5-[1-(3,4-Dimethoxy-Benzoyl)-1,2,3,4-Tetrahydro-Quinolin-6-Yl]-6-Methyl-3,6-Dihydro-[1,3,4]Thiadiazin-2-One (DB03944)","0.7753","http://www.drugbank.ca/drugs/DB03944"
"462","3-({4-[(5-CHLORO-1,3-BENZODIOXOL-4-YL)AMINO]PYRIMIDIN-2-YL}AMINO)BENZAMIDE (DB07256)","0.7747","http://www.drugbank.ca/drugs/DB07256"
"463","5-(5-chloro-2,4-dihydroxyphenyl)-N-ethyl-4-[4-(morpholin-4-ylmethyl)phenyl]isoxazole-3-carboxamide (DB06961)","0.7731","http://www.drugbank.ca/drugs/DB06961"
"464","4-chloro-6-{5-[(2-morpholin-4-ylethyl)amino]-1,2-benzisoxazol-3-yl}benzene-1,3-diol (DB07601)","0.7730","http://www.drugbank.ca/drugs/DB07601"
"465","5-[(2-methyl-5-{[3-(trifluoromethyl)phenyl]carbamoyl}phenyl)amino]pyridine-3-carboxamide (DB07970)","0.7711","http://www.drugbank.ca/drugs/DB07970"
"466","Permethrin (DB04930)","0.7707","http://www.drugbank.ca/drugs/DB04930"
"467","Darusentan (DB04883)","0.7692","http://www.drugbank.ca/drugs/DB04883"
"468","Thiothixene (DB01623)","0.7686","http://www.drugbank.ca/drugs/DB01623"
"469","Trimetrexate (DB01157)","0.7684","http://www.drugbank.ca/drugs/DB01157"
"470","6-methyl-5-[3-methyl-3-(3,4,5-trimethoxyphenyl)but-1-yn-1-yl]pyrimidine-2,4-diamine (DB07153)","0.7683","http://www.drugbank.ca/drugs/DB07153"
"471","Erlotinib (DB00530)","0.7670","http://www.drugbank.ca/drugs/DB00530"
"472","8-bromo-4-(2-chlorophenyl)-N-(2-hydroxyethyl)-6-methyl-1,3-dioxo-1,2,3,6-tetrahydropyrrolo[3,4-e]indole-7-carboxamide (DB08365)","0.7660","http://www.drugbank.ca/drugs/DB08365"
"473","N~4~-methyl-N~4~-(3-methyl-1H-indazol-6-yl)-N~2~-(3,4,5-trimethoxyphenyl)pyrimidine-2,4-diamine (DB08042)","0.7652","http://www.drugbank.ca/drugs/DB08042"
"474","(2e)-N-Allyl-4-{[3-(4-Bromophenyl)-5-Fluoro-1-Methyl-1h-Indazol-6-Yl]Oxy}-N-Methyl-2-Buten-1-Amine (DB02139)","0.7652","http://www.drugbank.ca/drugs/DB02139"
"475","Sorafenib (DB00398)","0.7644","http://www.drugbank.ca/drugs/DB00398"
"476","ISOQUINOLINE-5-SULFONIC ACID (2-(2-(4-CHLOROBENZYLOXY)ETHYLAMINO)ETHYL)AMIDE (DB07947)","0.7637","http://www.drugbank.ca/drugs/DB07947"
"477","N~4~-(3-methyl-1H-indazol-6-yl)-N~2~-(3,4,5-trimethoxyphenyl)pyrimidine-2,4-diamine (DB08519)","0.7608","http://www.drugbank.ca/drugs/DB08519"
"478","Regorafenib (DB08896)","0.7605","http://www.drugbank.ca/drugs/DB08896"
"479","Lucanthone (DB04967)","0.7580","http://www.drugbank.ca/drugs/DB04967"
"480","Itopride (DB04924)","0.7553","http://www.drugbank.ca/drugs/DB04924"
"481","4-(2-aminoethoxy)-N-(2,5-diethoxyphenyl)-3,5-dimethylbenzamide (DB07625)","0.7441","http://www.drugbank.ca/drugs/DB07625"
"482","Eszopiclone (DB00402)","0.7424","http://www.drugbank.ca/drugs/DB00402"
"483","Zopiclone (DB01198)","0.7424","http://www.drugbank.ca/drugs/DB01198"
"484","N-[3-[[4-[(5-CHLORO-1,3-BENZODIOXOL-4-YL)AMINO]PYRIMIDIN-2-YL]AMINO]PHENYL]METHANESULFONAMIDE (DB07254)","0.7391","http://www.drugbank.ca/drugs/DB07254"
"485","Colchicine (DB01394)","0.7377","http://www.drugbank.ca/drugs/DB01394"
"486","ZK-805623 (DB04432)","0.7301","http://www.drugbank.ca/drugs/DB04432"
"487","Tofisopam (DB08811)","0.7282","http://www.drugbank.ca/drugs/DB08811"
"488","Trimethobenzamide (DB00662)","0.7250","http://www.drugbank.ca/drugs/DB00662"
"489","2,5-bis-o-{3-[amino(imino)methyl]phenyl}-1,4:3,6-dianhydro-d-glucitol (DB04790)","0.7234","http://www.drugbank.ca/drugs/DB04790"
"490","2-O-(4'-AMIDINOPHENYL)-5-O-(3''-AMIDINOPHENYL)-1,4:3,6-DIANHYDRO-D-SORBITOL (DB04791)","0.7234","http://www.drugbank.ca/drugs/DB04791"
"491","2,5-O,O-BIS-{4',4''-AMIDINOPHENYL}-1,4:3,6-DIANHYDRO-D-SORBITOL (DB04792)","0.7234","http://www.drugbank.ca/drugs/DB04792"
"492","2-O-(3'-AMIDINOPHENYL)-5-O-(4''-AMIDINOPHENYL}-1,4:3,6-DIANHYDRO-D-SORBITOL (DB04793)","0.7234","http://www.drugbank.ca/drugs/DB04793"
"493","Mitoxantrone (DB01204)","0.7224","http://www.drugbank.ca/drugs/DB01204"
"494","6-[1-(3,5,5,8,8-Pentamethyl-5,6,7,8-Tetrahydronaphthalen-2-Yl)Cyclopropyl]Pyridine-3-Carboxylic Acid (DB01941)","0.7172","http://www.drugbank.ca/drugs/DB01941"
"495","Drotaverine (DB06751)","0.7081","http://www.drugbank.ca/drugs/DB06751"
"496","N'-(3-CHLORO-4-METHOXY-PHENYL)-N-(3,4,5-TRIMETHOXYPHENYL)-1,3,5-TRIAZINE-2,4-DIAMINE (DB07251)","0.6962","http://www.drugbank.ca/drugs/DB07251"
"497","MN-305 (DB05339)","0.6778","http://www.drugbank.ca/drugs/DB05339"
"498","N'-(5-CHLORO-1,3-BENZODIOXOL-4-YL)-N-(3,4,5- TRIMETHOXYPHENYL)PYRIMIDINE-2,4-DIAMINE (DB07250)","0.6756","http://www.drugbank.ca/drugs/DB07250"
"499","Regadenoson (DB06213)","0.6518","http://www.drugbank.ca/drugs/DB06213"
"500","KW-3902 (DB05360)","0.5770","http://www.drugbank.ca/drugs/DB05360"
