"","DrugBank Compound (Name, ID)","Similarity to ","Link"
"1","N-[4-(3-BROMO-PHENYLAMINO)-QUINAZOLIN-6-YL]-ACRYLAMIDE (DB07662)","0.9632","http://www.drugbank.ca/drugs/DB07662"
"2","3-FLUORO-N-1H-INDOL-5-YL-5-MORPHOLIN-4-YLBENZAMIDE (DB08092)","0.9559","http://www.drugbank.ca/drugs/DB08092"
"3","5-chloro-N-{4-[(1R)-1,2-dihydroxyethyl]phenyl}-1H-indole-2-carboxamide (DB07315)","0.9554","http://www.drugbank.ca/drugs/DB07315"
"4","2-({2-[(3-HYDROXYPHENYL)AMINO]PYRIMIDIN-4-YL}AMINO)BENZAMIDE (DB07268)","0.9548","http://www.drugbank.ca/drugs/DB07268"
"5","S-{3-[(4-ANILINOQUINAZOLIN-6-YL)AMINO]-3-OXOPROPYL}-L-CYSTEINE (DB07602)","0.9520","http://www.drugbank.ca/drugs/DB07602"
"6","(2E)-N-{4-[(3-bromophenyl)amino]quinazolin-6-yl}-4-(dimethylamino)but-2-enamide (DB08564)","0.9503","http://www.drugbank.ca/drugs/DB08564"
"7","Flupirtine (DB06623)","0.9496","http://www.drugbank.ca/drugs/DB06623"
"8","Amodiaquine (DB00613)","0.9489","http://www.drugbank.ca/drugs/DB00613"
"9","2-[(2,4-DICHLOROBENZOYL)AMINO]-5-(PYRIMIDIN-2-YLOXY)BENZOIC ACID (DB08402)","0.9485","http://www.drugbank.ca/drugs/DB08402"
"10","[4-({5-(AMINOCARBONYL)-4-[(3-METHYLPHENYL)AMINO]PYRIMIDIN-2-YL}AMINO)PHENYL]ACETIC ACID (DB08513)","0.9485","http://www.drugbank.ca/drugs/DB08513"
"11","(4E)-N-(4-fluorophenyl)-4-[(phenylcarbonyl)imino]-4H-pyrazole-3-carboxamide (DB08137)","0.9449","http://www.drugbank.ca/drugs/DB08137"
"12","[3-(4-Bromo-2-Fluoro-Benzyl)-7-Chloro-2,4-Dioxo-3,4-Dihydro-2h-Quinazolin-1-Yl]-Acetic Acid (DB02132)","0.9447","http://www.drugbank.ca/drugs/DB02132"
"13","2-[(2-chloro-4-iodophenyl)amino]-N-{[(2R)-2,3-dihydroxypropyl]oxy}-3,4-difluorobenzamide (DB07046)","0.9435","http://www.drugbank.ca/drugs/DB07046"
"14","Cysteine-Methylene-Carbamoyl-1,10-Phenanthroline (DB04437)","0.9422","http://www.drugbank.ca/drugs/DB04437"
"15","4-{[4-(4-fluoro-3-methylphenyl)-1,3-thiazol-2-yl]amino}-2-hydroxybenzoic acid (DB07616)","0.9417","http://www.drugbank.ca/drugs/DB07616"
"16","2,4-Diamino-6-[N-(2',5'-Dimethoxybenzyl)-N-Methylamino]Quinazoline (DB02427)","0.9416","http://www.drugbank.ca/drugs/DB02427"
"17","5-[(1S)-1-(3-chlorophenyl)ethoxy]quinazoline-2,4-diamine (DB07644)","0.9405","http://www.drugbank.ca/drugs/DB07644"
"18","3-({4-[(5-CHLORO-1,3-BENZODIOXOL-4-YL)AMINO]PYRIMIDIN-2-YL}AMINO)BENZAMIDE (DB07256)","0.9403","http://www.drugbank.ca/drugs/DB07256"
"19","5-Bromo-N[2-(Dimethylamino)Ethyl]-9-Aminoacridine-4-Carboxamide (DB02390)","0.9400","http://www.drugbank.ca/drugs/DB02390"
"20","Alsterpaullone (DB04014)","0.9387","http://www.drugbank.ca/drugs/DB04014"
"21","3-{[(1R)-1-phenylethyl]amino}-4-(pyridin-4-ylamino)cyclobut-3-ene-1,2-dione (DB07234)","0.9382","http://www.drugbank.ca/drugs/DB07234"
"22","Ezogabine  (DB04953)","0.9380","http://www.drugbank.ca/drugs/DB04953"
"23","{[4-AMINO-2-(3-CHLOROANILINO)-1,3-THIAZOL-5-YL](4-FLUOROPHENYL)METHANONE (DB07489)","0.9380","http://www.drugbank.ca/drugs/DB07489"
"24","Aminacrine (DB02842)","0.9371","http://www.drugbank.ca/drugs/DB02842"
"25","TRW3-(2-AMINO-3-HYDROXY-PROPYL)-6-(N'-CYCLOHEXYL-HYDRAZINO)OCTAHYDRO-INDOL-7-OL (DB08646)","0.9370","http://www.drugbank.ca/drugs/DB08646"
"26","3-(6-Aminopyridin-3-Yl)-N-Methyl-N-[(1-Methyl-1h-Indol-2-Yl)Methyl]Acrylamide (DB01865)","0.9365","http://www.drugbank.ca/drugs/DB01865"
"27","(2S)-1-{4-[(4-ANILINO-5-BROMOPYRIMIDIN-2-YL)AMINO]PHENOXY}-3-(DIMETHYLAMINO)PROPAN-2-OL (DB07501)","0.9355","http://www.drugbank.ca/drugs/DB07501"
"28","(2R)-1-{4-[(4-ANILINO-5-BROMOPYRIMIDIN-2-YL)AMINO]PHENOXY}-3-(DIMETHYLAMINO)PROPAN-2-OL (DB07504)","0.9355","http://www.drugbank.ca/drugs/DB07504"
"29","CRA_9334 (DB02288)","0.9352","http://www.drugbank.ca/drugs/DB02288"
"30","N-({4-[(2-aminopyridin-4-yl)oxy]-3-fluorophenyl}carbamoyl)-2-(4-fluorophenyl)acetamide (DB06995)","0.9351","http://www.drugbank.ca/drugs/DB06995"
"31","5-(Aminomethyl)-6-(2,4-Dichlorophenyl)-2-(3,5-Dimethoxyphenyl)Pyrimidin-4-Amine (DB02004)","0.9345","http://www.drugbank.ca/drugs/DB02004"
"32","1-[(2S)-4-(5-phenyl-1H-pyrazolo[3,4-b]pyridin-4-yl)morpholin-2-yl]methanamine (DB08774)","0.9344","http://www.drugbank.ca/drugs/DB08774"
"33","Temafloxacin (DB01405)","0.9333","http://www.drugbank.ca/drugs/DB01405"
"34","(2Z,3E)-2,3'-BIINDOLE-2',3(1H,1'H)-DIONE 3-{O-[(3R)-3,4-DIHYDROXYBUTYL]OXIME} (DB07766)","0.9332","http://www.drugbank.ca/drugs/DB07766"
"35","Mebendazole (DB00643)","0.9331","http://www.drugbank.ca/drugs/DB00643"
"36","Indomethacin (DB00328)","0.9328","http://www.drugbank.ca/drugs/DB00328"
"37","{[(2,6-difluorophenyl)carbonyl]amino}-N-(4-fluorophenyl)-1H-pyrazole-3-carboxamide (DB08138)","0.9322","http://www.drugbank.ca/drugs/DB08138"
"38","2-[(4-ETHYNYL-2-FLUOROPHENYL)AMINO]-3,4-DIFLUORO-N-(2-HYDROXYETHOXY)BENZAMIDE (DB08208)","0.9318","http://www.drugbank.ca/drugs/DB08208"
"39","4-[3-Methylsulfanylanilino]-6,7-Dimethoxyquinazoline (DB02984)","0.9316","http://www.drugbank.ca/drugs/DB02984"
"40","N-(4-ACETYLPHENYL)-5-(5-CHLORO-2,4-DIHYDROXYPHENYL)-1H-PYRAZOLE-4-CARBOXAMIDE (DB06956)","0.9308","http://www.drugbank.ca/drugs/DB06956"
"41","5-(4-Morpholin-4-Yl-Phenylsulfanyl)-2,4-Quinazolinediamine (DB02001)","0.9308","http://www.drugbank.ca/drugs/DB02001"
"42","Clonitazene (DB01523)","0.9301","http://www.drugbank.ca/drugs/DB01523"
"43","2-Amino-6-Aminomethyl-8-Phenylsulfanylmethyl-3h-Quinazolin-4-One (DB04239)","0.9299","http://www.drugbank.ca/drugs/DB04239"
"44","2-{[N-(2-ACETYL-5-CHLORO-4-FLUOROPHENYL)GLYCYL]AMINO}BENZOIC ACID (DB07085)","0.9296","http://www.drugbank.ca/drugs/DB07085"
"45","4-(6-{[(1R)-1-(hydroxymethyl)propyl]amino}imidazo[1,2-b]pyridazin-3-yl)benzoic acid (DB07125)","0.9291","http://www.drugbank.ca/drugs/DB07125"
"46","5-[(2-methyl-5-{[3-(trifluoromethyl)phenyl]carbamoyl}phenyl)amino]pyridine-3-carboxamide (DB07970)","0.9287","http://www.drugbank.ca/drugs/DB07970"
"47","Regorafenib (DB08896)","0.9286","http://www.drugbank.ca/drugs/DB08896"
"48","1-Benzyl-5-Methoxy-2-Methyl-1h-Indol-3-Yl)-Acetic Acid (DB03121)","0.9281","http://www.drugbank.ca/drugs/DB03121"
"49","L-Histidine Beta Naphthylamide (DB01938)","0.9280","http://www.drugbank.ca/drugs/DB01938"
"50","Gefitinib (DB00317)","0.9273","http://www.drugbank.ca/drugs/DB00317"
"51","N-{3-[(5-chloro-1H-pyrrolo[2,3-b]pyridin-3-yl)carbonyl]-2,4-difluorophenyl}propane-1-sulfonamide (DB06999)","0.9272","http://www.drugbank.ca/drugs/DB06999"
"52","Sorafenib (DB00398)","0.9265","http://www.drugbank.ca/drugs/DB00398"
"53","3-(1,10-Phenanthrol-2-Yl)-L-Alanine (DB01659)","0.9256","http://www.drugbank.ca/drugs/DB01659"
"54","Erlotinib (DB00530)","0.9251","http://www.drugbank.ca/drugs/DB00530"
"55","8-bromo-4-(2-chlorophenyl)-N-(2-hydroxyethyl)-6-methyl-1,3-dioxo-1,2,3,6-tetrahydropyrrolo[3,4-e]indole-7-carboxamide (DB08365)","0.9249","http://www.drugbank.ca/drugs/DB08365"
"56","CRA_9678 (DB04563)","0.9247","http://www.drugbank.ca/drugs/DB04563"
"57","(S)-Wiskostatin (DB01731)","0.9245","http://www.drugbank.ca/drugs/DB01731"
"58","Zaleplon (DB00962)","0.9236","http://www.drugbank.ca/drugs/DB00962"
"59","3,6-DIAMINO-5-CYANO-4-(4-ETHOXYPHENYL)THIENO[2,3-B]PYRIDINE-2-CARBOXAMIDE (DB08788)","0.9235","http://www.drugbank.ca/drugs/DB08788"
"60","3-[3-(2,3-Dihydroxy-Propylamino)-Phenyl]-4-(5-Fluoro-1-Methyl-1h-Indol-3-Yl)-Pyrrole-2,5-Dione (DB01772)","0.9234","http://www.drugbank.ca/drugs/DB01772"
"61","CRA_10972 (DB02989)","0.9232","http://www.drugbank.ca/drugs/DB02989"
"62","CRA_10950 (DB03494)","0.9232","http://www.drugbank.ca/drugs/DB03494"
"63","6-FLUORO-2-(2-HYDROXY-3-ISOBUTOXY-PHENYL)-1H-BENZOIMIDAZOLE-5-CARBOXAMIDINE (DB06855)","0.9232","http://www.drugbank.ca/drugs/DB06855"
"64","4-[3-Hydroxyanilino]-6,7-Dimethoxyquinazoline (DB03365)","0.9228","http://www.drugbank.ca/drugs/DB03365"
"65","2-(2-Hydroxy-5-Methoxy-Phenyl)-1h-Benzoimidazole-5-Carboxamidine (DB01905)","0.9226","http://www.drugbank.ca/drugs/DB01905"
"66","1-(2-Amidinophenyl)-3-(Phenoxyphenyl)Urea (DB03337)","0.9212","http://www.drugbank.ca/drugs/DB03337"
"67","CRA_9076 (DB04215)","0.9212","http://www.drugbank.ca/drugs/DB04215"
"68","1-[4-(PYRIDIN-4-YLOXY)PHENYL]-3-[3-(TRIFLUOROMETHYL)PHENYL]UREA (DB08043)","0.9208","http://www.drugbank.ca/drugs/DB08043"
"69","N-METHYL-{4-[2-(7-OXO-6,7-DIHYDRO-8H-[1,3]THIAZOLO[5,4-E]INDOL-8-YLIDENE)HYDRAZINO]PHENYL}METHANESULFONAMIDE (DB08123)","0.9207","http://www.drugbank.ca/drugs/DB08123"
"70","(R)-N-(3-Indol-1-Yl-2-Methyl-Propyl)-4-Sulfamoyl-Benzamide (DB02479)","0.9207","http://www.drugbank.ca/drugs/DB02479"
"71","(S)-N-(3-Indol-1-Yl-2-Methyl-Propyl)-4-Sulfamoyl-Benzamide (DB03950)","0.9207","http://www.drugbank.ca/drugs/DB03950"
"72","4-(2-chlorophenyl)-8-(2-hydroxyethyl)-6-methylpyrrolo[3,4-e]indole-1,3(2H,6H)-dione (DB07257)","0.9206","http://www.drugbank.ca/drugs/DB07257"
"73","Zolpidem (DB00425)","0.9204","http://www.drugbank.ca/drugs/DB00425"
"74","[5-AMINO-1-(4-FLUOROPHENYL)-1H-PYRAZOL-4-YL](3-{[(2R)-2,3-DIHYDROXYPROPYL]OXY}PHENYL)METHANONE (DB08424)","0.9202","http://www.drugbank.ca/drugs/DB08424"
"75","ISOQUINOLINE-5-SULFONIC ACID (2-(2-(4-CHLOROBENZYLOXY)ETHYLAMINO)ETHYL)AMIDE (DB07947)","0.9195","http://www.drugbank.ca/drugs/DB07947"
"76","CRA_10656 (DB04470)","0.9195","http://www.drugbank.ca/drugs/DB04470"
"77","Etonitazene (DB01462)","0.9191","http://www.drugbank.ca/drugs/DB01462"
"78","[3-(1-Benzyl-3-Carbamoylmethyl-2-Methyl-1h-Indol-5-Yloxy)-Propyl-]-Phosphonic Acid (DB02504)","0.9191","http://www.drugbank.ca/drugs/DB02504"
"79","Quinacrine (DB01103)","0.9185","http://www.drugbank.ca/drugs/DB01103"
"80","N-(2-CHLORO-4-FLUOROBENZOYL)-N'-(5-HYDROXY-2-METHOXYPHENYL)UREA (DB07968)","0.9183","http://www.drugbank.ca/drugs/DB07968"
"81","(2S)-2-{[3-(3-aminophenyl)imidazo[1,2-b]pyridazin-6-yl]amino}-3-methylbutan-1-ol (DB08004)","0.9182","http://www.drugbank.ca/drugs/DB08004"
"82","N-[3-[[4-[(5-CHLORO-1,3-BENZODIOXOL-4-YL)AMINO]PYRIMIDIN-2-YL]AMINO]PHENYL]METHANESULFONAMIDE (DB07254)","0.9181","http://www.drugbank.ca/drugs/DB07254"
"83","(2-{[(4-BROMO-2-FLUOROBENZYL)AMINO]CARBONYL}-5-CHLOROPHENOXY)ACETIC ACID (DB07028)","0.9180","http://www.drugbank.ca/drugs/DB07028"
"84","N~2~,N~2~-DIMETHYL-N~1~-(6-OXO-5,6-DIHYDROPHENANTHRIDIN-2-YL)GLYCINAMIDE (DB08348)","0.9178","http://www.drugbank.ca/drugs/DB08348"
"85","4-(1-Benzyl-3-Carbamoylmethyl-2-Methyl-1h-Indol-5-Yloxy)-Butyric Acid (DB02936)","0.9175","http://www.drugbank.ca/drugs/DB02936"
"86","Cimicoxib (DB05095)","0.9174","http://www.drugbank.ca/drugs/DB05095"
"87","4-amino-N-[4-(benzyloxy)phenyl]butanamide (DB07104)","0.9172","http://www.drugbank.ca/drugs/DB07104"
"88","2-CHLORO-N-[(3R)-2-OXO-1,2,3,4-TETRAHYDROQUINOLIN-3-YL]-6H-THIENO[2,3-B]PYRROLE-5-CARBOXAMIDE (DB07066)","0.9172","http://www.drugbank.ca/drugs/DB07066"
"89","Vandetanib (DB05294)","0.9168","http://www.drugbank.ca/drugs/DB05294"
"90","3-[(Acetyl-Methyl-Amino)-Methyl]-4-Amino-N-Methyl-N-(1-Methyl-1h-Indol-2-Ylmethyl)-Benzamide (DB03534)","0.9166","http://www.drugbank.ca/drugs/DB03534"
"91","Clopidogrel (DB00758)","0.9161","http://www.drugbank.ca/drugs/DB00758"
"92","Trimetrexate (DB01157)","0.9160","http://www.drugbank.ca/drugs/DB01157"
"93","CRA_16847 (DB02063)","0.9159","http://www.drugbank.ca/drugs/DB02063"
"94","2,4-Diamino-6-[N-(3',5'-Dimethoxybenzyl)-N-Methylamino]Pyrido[2,3-D]Pyrimidine (DB03987)","0.9157","http://www.drugbank.ca/drugs/DB03987"
"95","N6-(2,5-Dimethoxy-Benzyl)-N6-Methyl-Pyrido[2,3-D]Pyrimidine-2,4,6-Triamine (DB02583)","0.9153","http://www.drugbank.ca/drugs/DB02583"
"96","5-[(Z)-(5-CHLORO-2-OXO-1,2-DIHYDRO-3H-INDOL-3-YLIDENE)METHYL]-N-(DIETHYLAMINO)ETHYL]-2,4-DIMETHYL-1H-PYRROLE-3-CARBOXAMIDE (DB07180)","0.9153","http://www.drugbank.ca/drugs/DB07180"
"97","(2e)-N-Allyl-4-{[3-(4-Bromophenyl)-5-Fluoro-1-Methyl-1h-Indazol-6-Yl]Oxy}-N-Methyl-2-Buten-1-Amine (DB02139)","0.9149","http://www.drugbank.ca/drugs/DB02139"
"98","(2S)-1-(9H-Carbazol-4-yloxy)-3-(isopropylamino)propan-2-ol (DB07543)","0.9146","http://www.drugbank.ca/drugs/DB07543"
"99","3-({4-[(5-chloro-1,3-benzodioxol-4-yl)amino]pyrimidin-2-yl}amino)benzenesulfonamide (DB07252)","0.9145","http://www.drugbank.ca/drugs/DB07252"
"100","Econazole (DB01127)","0.9136","http://www.drugbank.ca/drugs/DB01127"
"101","Chlorpromazine (DB00477)","0.9133","http://www.drugbank.ca/drugs/DB00477"
"102","FR230513 (DB03572)","0.9132","http://www.drugbank.ca/drugs/DB03572"
"103","N-(4-(2-((3-Chlorophenylmethyl)Amino)Ethyl)Phenyl)-2-Thiophecarboxamidine (DB03449)","0.9132","http://www.drugbank.ca/drugs/DB03449"
"104","Torasemide (DB00214)","0.9129","http://www.drugbank.ca/drugs/DB00214"
"105","Norfloxacin (DB01059)","0.9128","http://www.drugbank.ca/drugs/DB01059"
"106","Clonazepam (DB01068)","0.9125","http://www.drugbank.ca/drugs/DB01068"
"107","Fludiazepam (DB01567)","0.9122","http://www.drugbank.ca/drugs/DB01567"
"108","N'-(5-chloro-1,3-benzodioxol-4-yl)-N-(3-methylsulfonylphenyl)pyrimidine-2,4-diamine (DB07253)","0.9120","http://www.drugbank.ca/drugs/DB07253"
"109","2-[4-({[(3,5-DICHLOROPHENYL)AMINO]CARBONYL}AMINO)PHENOXY]-2-METHYLPROPANOIC ACID (DB08077)","0.9119","http://www.drugbank.ca/drugs/DB08077"
"110","Clozapine (DB00363)","0.9115","http://www.drugbank.ca/drugs/DB00363"
"111","N-[(3z)-5-Tert-Butyl-2-Phenyl-1,2-Dihydro-3h-Pyrazol-3-Ylidene]-N'-(4-Chlorophenyl)Urea (DB01807)","0.9111","http://www.drugbank.ca/drugs/DB01807"
"112","CRA_9785 (DB03595)","0.9109","http://www.drugbank.ca/drugs/DB03595"
"113","Acepromazine (DB01614)","0.9105","http://www.drugbank.ca/drugs/DB01614"
"114","Flunitrazepam (DB01544)","0.9102","http://www.drugbank.ca/drugs/DB01544"
"115","Temazepam (DB00231)","0.9101","http://www.drugbank.ca/drugs/DB00231"
"116","Ziprasidone (DB00246)","0.9100","http://www.drugbank.ca/drugs/DB00246"
"117","6-[N-(4-(Aminomethyl)Phenyl)Carbamyl]-2-Naphthalenecarboxamidine (DB02398)","0.9100","http://www.drugbank.ca/drugs/DB02398"
"118","7-[2-METHOXY-1-(METHOXYMETHYL)ETHYL]-7H-PYRROLO[3,2-F] QUINAZOLINE-1,3-DIAMINE (DB08203)","0.9099","http://www.drugbank.ca/drugs/DB08203"
"119","Midazolam (DB00683)","0.9098","http://www.drugbank.ca/drugs/DB00683"
"120","6-(3-AMINOPROPYL)-4,9-DIMETHYLPYRROLO[3,4-C]CARBAZOLE-1,3(2H,6H)-DIONE (DB07444)","0.9097","http://www.drugbank.ca/drugs/DB07444"
"121","Amoxapine (DB00543)","0.9095","http://www.drugbank.ca/drugs/DB00543"
"122","Benoxaprofen (DB04812)","0.9095","http://www.drugbank.ca/drugs/DB04812"
"123","2-({2-[(3R)-3-AMINOPIPERIDIN-1-YL]-4-OXOQUINAZOLIN-3(4H)-YL}METHYL)BENZONITRILE (DB08588)","0.9092","http://www.drugbank.ca/drugs/DB08588"
"124","4-[(3-BROMO-4-O-SULFAMOYLBENZYL)(4-CYANOPHENYL)AMINO]-4H-[1,2,4]-TRIAZOLE (DB04600)","0.9092","http://www.drugbank.ca/drugs/DB04600"
"125","1-{(1R,2S)-2-HYDROXY-1-[2-(2-NAPHTHYLOXY)ETHYL]PROPYL}-1H-IMIDAZONE-4-CARBOXAMIDE (DB07785)","0.9088","http://www.drugbank.ca/drugs/DB07785"
"126","4-METHYL-5-{(2E)-2-[(4-MORPHOLIN-4-YLPHENYL)IMINO]-2,5-DIHYDROPYRIMIDIN-4-YL}-1,3-THIAZOL-2-AMINE (DB08219)","0.9086","http://www.drugbank.ca/drugs/DB08219"
"127","N-[2-(1h-Indol-5-Yl)-Butyl]-4-Sulfamoyl-Benzamide (DB03596)","0.9082","http://www.drugbank.ca/drugs/DB03596"
"128","(4R,2S)-5'-(4-(4-CHLOROBENZYLOXY)PYRROLIDIN-2-YLMETHANESULFONYL)ISOQUINOLINE (DB07583)","0.9081","http://www.drugbank.ca/drugs/DB07583"
"129","(9S)-9-[(8-AMMONIOOCTYL)AMINO]-1,2,3,4,9,10-HEXAHYDROACRIDINIUM (DB04617)","0.9078","http://www.drugbank.ca/drugs/DB04617"
"130","N-[4-(AMINOSULFONYL)BENZYL]-5-(5-CHLORO-2,4-DIHYDROXYPHENYL)-1H-PYRAZOLE-4-CARBOXAMIDE (DB04588)","0.9075","http://www.drugbank.ca/drugs/DB04588"
"131","Almotriptan (DB00918)","0.9069","http://www.drugbank.ca/drugs/DB00918"
"132","[5-AMINO-1-(4-FLUOROPHENYL)-1H-PYRAZOL-4-YL][3-(PIPERIDIN-4-YLOXY)PHENYL]METHANONE (DB08423)","0.9068","http://www.drugbank.ca/drugs/DB08423"
"133","4-(2-AMINOETHOXY)-3,5-DICHLORO-N-[3-(1-METHYLETHOXY)PHENYL]BENZAMIDE (DB08072)","0.9064","http://www.drugbank.ca/drugs/DB08072"
"134","IDD594 (DB08084)","0.9062","http://www.drugbank.ca/drugs/DB08084"
"135","4-BROMO-2-FLUORO-N-[(4E)-6-METHOXY-7-[(1-METHYLPIPERIDIN-4-YL)METHOXY]QUINAZOLIN-4(1H)-YLIDENE]ANILINE (DB08764)","0.9062","http://www.drugbank.ca/drugs/DB08764"
"136","Bopindolol (DB08807)","0.9060","http://www.drugbank.ca/drugs/DB08807"
"137","N-[(1S)-2-AMINO-1-(2,4-DICHLOROBENZYL)ETHYL]-5-[2-(METHYLAMINO)PYRIMIDIN-4-YL]THIOPHENE-2-CARBOXAMIDE (DB07235)","0.9060","http://www.drugbank.ca/drugs/DB07235"
"138","Aceprometazine (DB01615)","0.9057","http://www.drugbank.ca/drugs/DB01615"
"139","4-[(4-O-SULFAMOYLBENZYL)(4-CYANOPHENYL)AMINO]-4H-[1,2,4]-TRIAZOLE (DB04601)","0.9054","http://www.drugbank.ca/drugs/DB04601"
"140","5-{[1-(2-fluorobenzyl)piperidin-4-yl]methoxy}quinazoline-2,4-diamine (DB07642)","0.9053","http://www.drugbank.ca/drugs/DB07642"
"141","Phentolamine (DB00692)","0.9050","http://www.drugbank.ca/drugs/DB00692"
"142","MACITENTAN (DB08932)","0.9046","http://www.drugbank.ca/drugs/DB08932"
"143","FR233623 (DB03220)","0.9045","http://www.drugbank.ca/drugs/DB03220"
"144","(3e)-6'-Bromo-2,3'-Biindole-2',3(1h,1'h)-Dione 3-Oxime (DB03444)","0.9043","http://www.drugbank.ca/drugs/DB03444"
"145","2-[2-(4-CHLORO-PHENYLSULFANYL)-ACETYLAMINO]-3-(4-GUANIDINO-PHENYL)-PROPIONAMIDE (DB07105)","0.9037","http://www.drugbank.ca/drugs/DB07105"
"146","3-[3-(4-methylpiperazin-1-yl)-7-(trifluoromethyl)quinoxalin-5-yl]phenol (DB07969)","0.9033","http://www.drugbank.ca/drugs/DB07969"
"147","(2S)-2-amino-5-oxo-5-[(4-phenylmethoxyphenyl)amino]pentanoic acid (DB07102)","0.9032","http://www.drugbank.ca/drugs/DB07102"
"148","6-(4-chloro-2-fluoro-3-phenoxybenzyl)pyridazin-3(2H)-one (DB08379)","0.9032","http://www.drugbank.ca/drugs/DB08379"
"149","(2Z)-N-(3-chloro-2'-methoxybiphenyl-4-yl)-2-cyano-3-hydroxybut-2-enamide (DB08172)","0.9030","http://www.drugbank.ca/drugs/DB08172"
"150","4-chloro-6-{5-[(2-morpholin-4-ylethyl)amino]-1,2-benzisoxazol-3-yl}benzene-1,3-diol (DB07601)","0.9030","http://www.drugbank.ca/drugs/DB07601"
"151","Clorazepate (DB00628)","0.9030","http://www.drugbank.ca/drugs/DB00628"
"152","Ethyl loflazepate (DB01545)","0.9030","http://www.drugbank.ca/drugs/DB01545"
"153","{(2Z)-4-AMINO-2-[(4-METHOXYPHENYL)IMINO]-2,3-DIHYDRO-1,3-THIAZOL-5-YL}(4-METHOXYPHENYL)METHANONE (DB07488)","0.9030","http://www.drugbank.ca/drugs/DB07488"
"154","Allyl-{6-[3-(4-Bromo-Phenyl)-1-Methyl-1h-Indazol-6-Yl]Oxy}Hexyl)-N-Methylamine (DB03888)","0.9025","http://www.drugbank.ca/drugs/DB03888"
"155","O-[2-(1,3-dioxo-1,3-dihydro-2H-isoindol-2-yl)ethyl] (4-bromophenyl)thiocarbamate (DB08281)","0.9023","http://www.drugbank.ca/drugs/DB08281"
"156","O-[2-(1,3-dioxo-1,3-dihydro-2H-isoindol-2-yl)ethyl] (4-chlorophenyl)thiocarbamate (DB08282)","0.9023","http://www.drugbank.ca/drugs/DB08282"
"157","(3R)-3-[(1,2,3,4-tetrahydroisoquinolin-7-yloxy)methyl]-2,3-dihydrothieno[2,3-f][1,4]oxazepin-5-amine (DB07007)","0.9016","http://www.drugbank.ca/drugs/DB07007"
"158","Cinolazepam (DB01594)","0.9014","http://www.drugbank.ca/drugs/DB01594"
"159","Oxiconazole (DB00239)","0.9013","http://www.drugbank.ca/drugs/DB00239"
"160","Nialamide (DB04820)","0.9012","http://www.drugbank.ca/drugs/DB04820"
"161","(2-ACETYL-5-METHYLANILINO)(2,6-DIBROMOPHENYL)ACETAMIDE (DB07327)","0.9011","http://www.drugbank.ca/drugs/DB07327"
"162","ALPHA-(2,6-DICHLOROPHENYL)-ALPHA-(2-ACETYL-5-METHYLANILINO)ACETAMIDE (DB07332)","0.9011","http://www.drugbank.ca/drugs/DB07332"
"163","I-5 (DB01793)","0.9010","http://www.drugbank.ca/drugs/DB01793"
"164","Amonafide (DB05022)","0.9009","http://www.drugbank.ca/drugs/DB05022"
"165","Metolazone (DB00524)","0.9007","http://www.drugbank.ca/drugs/DB00524"
"166","Mirabegron  (DB08893)","0.9003","http://www.drugbank.ca/drugs/DB08893"
"167","1-ethyl-N-(phenylmethyl)-4-(tetrahydro-2H-pyran-4-ylamino)-1H-pyrazolo[3,4-b]pyridine-5-carboxamide (DB06909)","0.8999","http://www.drugbank.ca/drugs/DB06909"
"168","7-[(3-CHLOROBENZYL)OXY]-4-[(METHYLAMINO)METHYL]-2H-CHROMEN-2-ONE (DB07513)","0.8998","http://www.drugbank.ca/drugs/DB07513"
"169","CRA_10991 (DB01771)","0.8997","http://www.drugbank.ca/drugs/DB01771"
"170","Amlexanox (DB01025)","0.8996","http://www.drugbank.ca/drugs/DB01025"
"171","5-(5-CHLORO-2,4-DIHYDROXYPHENYL)-N-ETHYL-4-(4-METHOXYPHENYL)-1H-PYRAZOLE-3-CARBOXAMIDE (DB07495)","0.8993","http://www.drugbank.ca/drugs/DB07495"
"172","2-AMINO-N,N-BIS(PHENYLMETHYL)-1,3-OXAZOLE-5-CARBOXAMIDE (DB08315)","0.8991","http://www.drugbank.ca/drugs/DB08315"
"173","(S)-(+)-2-[4-(FLUOROBENZYLOXY-BENZYLAMINO)PROPIONAMIDE] (DB08516)","0.8990","http://www.drugbank.ca/drugs/DB08516"
"174","HCV-086 (DB05884)","0.8989","http://www.drugbank.ca/drugs/DB05884"
"175","Alprazolam (DB00404)","0.8988","http://www.drugbank.ca/drugs/DB00404"
"176","Propiomazine (DB00777)","0.8982","http://www.drugbank.ca/drugs/DB00777"
"177","Antazoline (DB08799)","0.8982","http://www.drugbank.ca/drugs/DB08799"
"178","6-[(Z)-AMINO(IMINO)METHYL]-N-[3-(CYCLOPENTYLOXY)PHENYL]-2-NAPHTHAMIDE (DB07076)","0.8978","http://www.drugbank.ca/drugs/DB07076"
"179","METHYL N-[(2',4'-DIFLUORO-4-HYDROXY-5-IODOBIPHENYL-3-YL)CARBONYL]-BETA-ALANINATE (DB07962)","0.8976","http://www.drugbank.ca/drugs/DB07962"
"180","Miconazole (DB01110)","0.8976","http://www.drugbank.ca/drugs/DB01110"
"181","IDD552 (DB02834)","0.8971","http://www.drugbank.ca/drugs/DB02834"
"182","6-[N-(4-Ethyl-1,2,3,4-Tetrahydro-6-Isoquinolinyl)Carbamyl]-2-Naphthalenecarboxamidine (DB02551)","0.8971","http://www.drugbank.ca/drugs/DB02551"
"183","CRA_10433 (DB03173)","0.8962","http://www.drugbank.ca/drugs/DB03173"
"184","5-(4-Methoxyphenoxy)-2,4-Quinazolinediamine (DB02402)","0.8961","http://www.drugbank.ca/drugs/DB02402"
"185","Triazolam (DB00897)","0.8961","http://www.drugbank.ca/drugs/DB00897"
"186","Lomefloxacin (DB00978)","0.8951","http://www.drugbank.ca/drugs/DB00978"
"187","Indapamide (DB00808)","0.8947","http://www.drugbank.ca/drugs/DB00808"
"188","4-chloro-N-[(2S)-2-methyl-2,3-dihydro-1H-indol-1-yl]-3-sulfamoylbenzamide (DB07467)","0.8947","http://www.drugbank.ca/drugs/DB07467"
"189","N-{2-[(4'-CYANO-1,1'-BIPHENYL-4-YL)OXY]ETHYL}-N'-HYDROXY-N-METHYLUREA (DB06971)","0.8944","http://www.drugbank.ca/drugs/DB06971"
"190","Minaprine (DB00805)","0.8937","http://www.drugbank.ca/drugs/DB00805"
"191","Loxapine (DB00408)","0.8936","http://www.drugbank.ca/drugs/DB00408"
"192","SC45647 (DB04778)","0.8935","http://www.drugbank.ca/drugs/DB04778"
"193","(3R)-N-(4-CHLOROPHENYL)-3-(HYDROXYMETHYL)-1,2,3,4-TETRAHYDROISOQUINOLINE-7-SULFONAMIDE (DB07747)","0.8935","http://www.drugbank.ca/drugs/DB07747"
"194","N'-[(1E)-(3,5-dibromo-2,4-dihydroxyphenyl)methylidene]naphthalene-2-carbohydrazide (DB06949)","0.8934","http://www.drugbank.ca/drugs/DB06949"
"195","(2S)-N-(4-cyano-3-iodophenyl)-3-(4-cyanophenoxy)-2-hydroxy-2-methylpropanamide (DB07039)","0.8929","http://www.drugbank.ca/drugs/DB07039"
"196","N-(6-{[3-(4-Bromophenyl)-1,2-Benzisothiazol-6-Yl]Oxy}Hexyl)-N-Methylprop-2-En-1-Amine (DB02544)","0.8929","http://www.drugbank.ca/drugs/DB02544"
"197","CRA_10655 (DB02526)","0.8926","http://www.drugbank.ca/drugs/DB02526"
"198","N-ethyl-4-{[5-(methoxycarbamoyl)-2-methylphenyl]amino}-5-methylpyrrolo[2,1-f][1,2,4]triazine-6-carboxamide (DB06940)","0.8925","http://www.drugbank.ca/drugs/DB06940"
"199","4-(3-amino-1H-indazol-5-yl)-N-tert-butylbenzenesulfonamide (DB07162)","0.8925","http://www.drugbank.ca/drugs/DB07162"
"200","2-{4-[5-(4-chlorophenyl)-4-pyrimidin-4-yl-1H-pyrazol-3-yl]piperidin-1-yl}-2-oxoethanol (DB07943)","0.8923","http://www.drugbank.ca/drugs/DB07943"
"201","2-(6-CHLORO-3-{[2,2-DIFLUORO-2-(1-OXIDO-2-PYRIDINYL)ETHYL]AMINO}-2-OXO-1(2H)-PYRAZINYL)-N-[(2-FLUOROPHENYL)METHYL]ACETAMIDE (DB07550)","0.8922","http://www.drugbank.ca/drugs/DB07550"
"202","4-{4-[4-(3-AMINOPROPOXY)PHENYL]-1H-PYRAZOL-5-YL}-6-CHLOROBENZENE-1,3-DIOL (DB08045)","0.8913","http://www.drugbank.ca/drugs/DB08045"
"203","5-[4-Tert-Butylphenylsulfanyl]-2,4-Quinazolinediamine (DB01958)","0.8909","http://www.drugbank.ca/drugs/DB01958"
"204","ZK-805623 (DB04432)","0.8905","http://www.drugbank.ca/drugs/DB04432"
"205","(5S)-3-ANILINO-5-(2,4-DIFLUOROPHENYL)-5-METHYL-1,3-OXAZOLIDINE-2,4-DIONE (DB07763)","0.8903","http://www.drugbank.ca/drugs/DB07763"
"206","Azelastine (DB00972)","0.8898","http://www.drugbank.ca/drugs/DB00972"
"207","4-CHLORO-6-(4-{4-[4-(METHYLSULFONYL)BENZYL]PIPERAZIN-1-YL}-1H-PYRAZOL-5-YL)BENZENE-1,3-DIOL (DB06957)","0.8893","http://www.drugbank.ca/drugs/DB06957"
"208","Triflupromazine (DB00508)","0.8891","http://www.drugbank.ca/drugs/DB00508"
"209","[2-(5-MERCAPTO-[1,3,4]THIADIAZOL-2-YLCARBAMOYL)-1-PHENYL-ETHYL]-CARBAMIC ACID BENZYL ESTER (DB07987)","0.8884","http://www.drugbank.ca/drugs/DB07987"
"210","PYRIMIDINE-4,6-DICARBOXYLIC ACID BIS-(4-FLUORO-3-METHYL-BENZYLAMIDE) (DB04760)","0.8882","http://www.drugbank.ca/drugs/DB04760"
"211","4-[1-allyl-7-(trifluoromethyl)-1H-indazol-3-yl]benzene-1,3-diol (DB08047)","0.8881","http://www.drugbank.ca/drugs/DB08047"
"212","Formoterol (DB00983)","0.8880","http://www.drugbank.ca/drugs/DB00983"
"213","Arformoterol (DB01274)","0.8880","http://www.drugbank.ca/drugs/DB01274"
"214","N-(3-TERT-BUTYL-1H-PYRAZOL-5-YL)-N'-{4-CHLORO-3-[(PYRIDIN-3-YLOXY)METHYL]PHENYL}UREA (DB08064)","0.8877","http://www.drugbank.ca/drugs/DB08064"
"215","Halazepam (DB00801)","0.8874","http://www.drugbank.ca/drugs/DB00801"
"216","Rosiglitazone (DB00412)","0.8873","http://www.drugbank.ca/drugs/DB00412"
"217","5-Chloro-1h-Indole-2-Carboxylic Acid [1-(4-Fluorobenzyl)-2-(4-Hydroxypiperidin-1yl)-2-Oxoethyl]Amide (DB03383)","0.8871","http://www.drugbank.ca/drugs/DB03383"
"218","Pefloxacin (DB00487)","0.8866","http://www.drugbank.ca/drugs/DB00487"
"219","Camazepam (DB01489)","0.8864","http://www.drugbank.ca/drugs/DB01489"
"220","IC261 (DB03083)","0.8857","http://www.drugbank.ca/drugs/DB03083"
"221","[2-(1-Amino-2-Hydroxy-Propyl)-4-(4-Fluoro-1h-Indol-3-Ylmethyl)-5-Hydroxy-Imidazol-1-Yl]-Acetic Acid (DB01674)","0.8854","http://www.drugbank.ca/drugs/DB01674"
"222","2-CHLORO-N-[(1R,2R)-1-HYDROXY-2,3-DIHYDRO-1H-INDEN-2-YL]-6H-THIENO[2,3-B]PYRROLE-5-CARBOXAMIDE (DB06986)","0.8854","http://www.drugbank.ca/drugs/DB06986"
"223","6-(2,5-Dimethoxy-Benzyl)-5-Methyl-Pyrido[2,3-D]Pyrimidine-2,4-Diamine (DB03695)","0.8845","http://www.drugbank.ca/drugs/DB03695"
"224","4-{[5-chloro-4-(1H-indol-3-yl)pyrimidin-2-yl]amino}-N-ethylpiperidine-1-carboxamide (DB08005)","0.8845","http://www.drugbank.ca/drugs/DB08005"
"225","2-HYDROXY-5-{[(1E)-2-PHENYLETHYLIDENE]AMINO}-L-TYROSINE (DB06988)","0.8842","http://www.drugbank.ca/drugs/DB06988"
"226","(3r)-3-{[(Benzyloxy)Carbonyl]Amino}-2-Oxo-4-Phenylbutane-1-Diazonium (DB02766)","0.8841","http://www.drugbank.ca/drugs/DB02766"
"227","Lucanthone (DB04967)","0.8839","http://www.drugbank.ca/drugs/DB04967"
"228","2,4-Diamino-6-[N-(3',4',5'-Trimethoxybenzyl)-N-Methylamino]Pyrido[2,3-D]Pyrimidine (DB02919)","0.8833","http://www.drugbank.ca/drugs/DB02919"
"229","2,4-Diamino-5-Methyl-6-[(3,4,5-Trimethoxy-N-Methylanilino)Methyl]Pyrido[2,3-D]Pyrimidine (DB02104)","0.8830","http://www.drugbank.ca/drugs/DB02104"
"230","Quetiapine (DB01224)","0.8829","http://www.drugbank.ca/drugs/DB01224"
"231","Sri-9662 (DB03060)","0.8828","http://www.drugbank.ca/drugs/DB03060"
"232","Hydroxychloroquine (DB01611)","0.8826","http://www.drugbank.ca/drugs/DB01611"
"233","Cp403700, (S)-1-{2-[(5-Chloro-1h-Indole-2-Carbonyl)-Amino]-3-Phenyl-Propionyl}-Azetidine-3-Carboxylate (DB03744)","0.8825","http://www.drugbank.ca/drugs/DB03744"
"234","ACCLAIM (DB05252)","0.8825","http://www.drugbank.ca/drugs/DB05252"
"235","Bezafibrate (DB01393)","0.8820","http://www.drugbank.ca/drugs/DB01393"
"236","7-Methoxy-8-[1-(Methylsulfonyl)-1h-Pyrazol-4-Yl]Naphthalene-2-Carboximidamide (DB03046)","0.8818","http://www.drugbank.ca/drugs/DB03046"
"237","4-[(1S)-1-(3-fluoro-4-methoxyphenyl)-2-(2-methoxy-5-nitrophenyl)ethyl]-1H-imidazol-2-amine (DB07415)","0.8816","http://www.drugbank.ca/drugs/DB07415"
"238","(3aS)-3a-hydroxy-1-phenyl-1,2,3,3a-tetrahydro-4H-pyrrolo[2,3-b]quinolin-4-one (DB07470)","0.8808","http://www.drugbank.ca/drugs/DB07470"
"239","N-(2-METHOXYETHYL)-4-({4-[2-METHYL-1-(1-METHYLETHYL)-1H-IMIDAZOL-5-YL]PYRIMIDIN-2-YL}AMINO)BENZENESULFONAMIDE (DB07790)","0.8806","http://www.drugbank.ca/drugs/DB07790"
"240","5-(3,5-DICHLOROPHENYL)THIO-4-ISOPROPYL-1-(PYRIDIN-4-YL-METHYL)-1H-IMIDAZOL-2-YL-METHYL CARBAMATE (DB08502)","0.8803","http://www.drugbank.ca/drugs/DB08502"
"241","Mepyramine (DB06691)","0.8800","http://www.drugbank.ca/drugs/DB06691"
"242","Clobazam (DB00349)","0.8798","http://www.drugbank.ca/drugs/DB00349"
"243","N-(3-CYCLOPROPYL-1H-PYRAZOL-5-YL)-2-(2-NAPHTHYL)ACETAMIDE (DB06944)","0.8795","http://www.drugbank.ca/drugs/DB06944"
"244","Procaterol (DB01366)","0.8795","http://www.drugbank.ca/drugs/DB01366"
"245","Chloroquine (DB00608)","0.8793","http://www.drugbank.ca/drugs/DB00608"
"246","Ciprofloxacin (DB00537)","0.8789","http://www.drugbank.ca/drugs/DB00537"
"247","99mTc-ciprofloxacin (DB05488)","0.8789","http://www.drugbank.ca/drugs/DB05488"
"248","Eletriptan (DB00216)","0.8786","http://www.drugbank.ca/drugs/DB00216"
"249","(6S)-2-amino-6-(3'-methoxybiphenyl-3-yl)-3,6-dimethyl-5,6-dihydropyrimidin-4(3H)-one (DB07874)","0.8786","http://www.drugbank.ca/drugs/DB07874"
"250","Rabeprazole (DB01129)","0.8781","http://www.drugbank.ca/drugs/DB01129"
"251","Flibanserin (DB04908)","0.8781","http://www.drugbank.ca/drugs/DB04908"
"252","4-HYDROXY-N'-(4-ISOPROPYLBENZYL)BENZOHYDRAZIDE (DB06884)","0.8781","http://www.drugbank.ca/drugs/DB06884"
"253","2-{2-[(3,5-dimethylphenyl)amino]pyrimidin-4-yl}-N-[(1S)-2-hydroxy-1-methylethyl]-4-methyl-1,3-thiazole-5-carboxamide (DB07194)","0.8780","http://www.drugbank.ca/drugs/DB07194"
"254","Haloxazolam (DB01476)","0.8772","http://www.drugbank.ca/drugs/DB01476"
"255","IMIDAZOPYRIDAZIN 1 (DB04715)","0.8766","http://www.drugbank.ca/drugs/DB04715"
"256","(S)-blebbistatin (DB01944)","0.8759","http://www.drugbank.ca/drugs/DB01944"
"257","(3aS)-3a-hydroxy-7-methyl-1-phenyl-1,2,3,3a-tetrahydro-4H-pyrrolo[2,3-b]quinolin-4-one (DB07469)","0.8759","http://www.drugbank.ca/drugs/DB07469"
"258","Allyl-{6-[3-(4-Bromo-Phenyl)-Benzofuran-6-Yloxy]-Hexyl-}-Methyl-Amin (DB02339)","0.8758","http://www.drugbank.ca/drugs/DB02339"
"259","(3aS)-3a-hydroxy-5-methyl-1-phenyl-1,2,3,3a-tetrahydro-4H-pyrrolo[2,3-b]quinolin-4-one (DB07468)","0.8753","http://www.drugbank.ca/drugs/DB07468"
"260","(5E,7S)-2-amino-7-(4-fluoro-2-pyridin-3-ylphenyl)-4-methyl-7,8-dihydroquinazolin-5(6H)-one oxime (DB08197)","0.8745","http://www.drugbank.ca/drugs/DB08197"
"261","3-[(5s)-1-Acetyl-3-(2-Chlorophenyl)-4,5-Dihydro-1h-Pyrazol-5-Yl]Phenol (DB03996)","0.8743","http://www.drugbank.ca/drugs/DB03996"
"262","Pteroic Acid (DB04196)","0.8739","http://www.drugbank.ca/drugs/DB04196"
"263","Pteric Acid (DB04357)","0.8739","http://www.drugbank.ca/drugs/DB04357"
"264","1-cyclobutyl-3-(3,4-dimethoxyphenyl)-1H-pyrazolo[3,4-d]pyrimidin-4-amine (DB08053)","0.8737","http://www.drugbank.ca/drugs/DB08053"
"265","N-(4-AMINO-5-CYANO-6-ETHOXYPYRIDIN-2-YL)-2-(4-BROMO-2,5-DIMETHOXYPHENYL)ACETAMIDE (DB07272)","0.8735","http://www.drugbank.ca/drugs/DB07272"
"266","(2R,3R)-7-(methylsulfonyl)-3-(2,4,5-trifluorophenyl)-1,2,3,4-tetrahydropyrido[1,2-a]benzimidazol-2-amine (DB07193)","0.8731","http://www.drugbank.ca/drugs/DB07193"
"267","Zolmitriptan (DB00315)","0.8723","http://www.drugbank.ca/drugs/DB00315"
"268","Ritodrine (DB00867)","0.8719","http://www.drugbank.ca/drugs/DB00867"
"269","4-bromo-2-{[(2R)-2-(2-chlorobenzyl)pyrrolidin-1-yl]carbonyl}aniline (DB08580)","0.8718","http://www.drugbank.ca/drugs/DB08580"
"270","3-(3,5-Dibromo-4-Hydroxy-Benzoyl)-2-Ethyl-Benzofuran-6-Sulfonic Acid Dimethylamide (DB04142)","0.8713","http://www.drugbank.ca/drugs/DB04142"
"271","Rivaroxaban (DB06228)","0.8712","http://www.drugbank.ca/drugs/DB06228"
"272","5-chloro-N-({(5S)-2-oxo-3-[4-(3-oxomorpholin-4-yl)phenyl]-1,3-oxazolidin-5-yl}methyl)thiophene-2-carboxamide (DB08477)","0.8712","http://www.drugbank.ca/drugs/DB08477"
"273","Cloxazolam (DB01553)","0.8711","http://www.drugbank.ca/drugs/DB01553"
"274","Propericiazine (DB01608)","0.8710","http://www.drugbank.ca/drugs/DB01608"
"275","Lansoprazole (DB00448)","0.8704","http://www.drugbank.ca/drugs/DB00448"
"276","6-FLUORO-2-[2-HYDROXY-3-(2-METHYL-CYCLOHEXYLOXY)-PHENYL]-1H-INDOLE-5-CARBOXAMIDINE (DB06856)","0.8703","http://www.drugbank.ca/drugs/DB06856"
"277","2-((3'-TERTBUTYL-4'-HYDROXYPHENYL)AZO)BENZOIC ACID (DB08216)","0.8694","http://www.drugbank.ca/drugs/DB08216"
"278","N-[[3-FLUORO-4-ETHOXY-PYRID-2-YL]ETHYL]-N'-[5-CHLORO-PYRIDYL]-THIOUREA (DB07797)","0.8682","http://www.drugbank.ca/drugs/DB07797"
"279","N'-(5-CHLOROBENZOFURAN-2-CARBONYL)-2-(TRIFLUOROMETHYL)BENZENESULFONOHYDRAZIDE (DB07544)","0.8679","http://www.drugbank.ca/drugs/DB07544"
"280","Flavopiridol (DB03496)","0.8673","http://www.drugbank.ca/drugs/DB03496"
"281","Tioconazole (DB01007)","0.8671","http://www.drugbank.ca/drugs/DB01007"
"282","Papaverine (DB01113)","0.8670","http://www.drugbank.ca/drugs/DB01113"
"283","(6S)-1-chloro-3-[(4-fluorobenzyl)oxy]-6-(pyrrolidin-1-ylcarbonyl)pyrrolo[1,2-a]pyrazin-4(6H)-one (DB07148)","0.8670","http://www.drugbank.ca/drugs/DB07148"
"284","5-chloro-N-[(3R)-1-(2-{[2-fluoro-4-(2-oxopyridin-1(2H)-yl)phenyl]amino}-2-oxoethyl)pyrrolidin-3-yl]thiophene-2-carboxamide (DB07872)","0.8667","http://www.drugbank.ca/drugs/DB07872"
"285","2-(6-{[(3-chloro-2-methylphenyl)sulfonyl]amino}pyridin-2-yl)-N,N-diethylacetamide (DB07056)","0.8661","http://www.drugbank.ca/drugs/DB07056"
"286","4-{[4-(1-CYCLOPROPYL-2-METHYL-1H-IMIDAZOL-5-YL)PYRIMIDIN-2-YL]AMINO}-N-METHYLBENZENESULFONAMIDE (DB07791)","0.8659","http://www.drugbank.ca/drugs/DB07791"
"287","Domperidone (DB01184)","0.8658","http://www.drugbank.ca/drugs/DB01184"
"288","4-[(3R)-3-{[2-(4-FLUOROPHENYL)-2-OXOETHYL]AMINO}BUTYL]BENZAMIDE (DB08672)","0.8658","http://www.drugbank.ca/drugs/DB08672"
"289","(2S,3S)-3-{3-[4-(METHYLSULFONYL)PHENYL]-1,2,4-OXADIAZOL-5-YL}-1-OXO-1-PYRROLIDIN-1-YLBUTAN-2-AMINE (DB07067)","0.8657","http://www.drugbank.ca/drugs/DB07067"
"290","Tropicamide (DB00809)","0.8654","http://www.drugbank.ca/drugs/DB00809"
"291","9-(4-Hydroxybutyl)-N2-Phenylguanine (DB02495)","0.8650","http://www.drugbank.ca/drugs/DB02495"
"292","Labetalol (DB00598)","0.8633","http://www.drugbank.ca/drugs/DB00598"
"293","2-(1,3-benzodioxol-5-yl)-5-[(3-fluoro-4-methoxybenzyl)sulfanyl]-1,3,4-oxadiazole (DB07014)","0.8614","http://www.drugbank.ca/drugs/DB07014"
"294","3-(HYDROXYMETHYL)-1-METHYL-5-(2-METHYLAZIRIDIN-1-YL)-2-PHENYL-1H-INDOLE-4,7-DIONE (DB07385)","0.8609","http://www.drugbank.ca/drugs/DB07385"
"295","Omeprazole (DB00338)","0.8608","http://www.drugbank.ca/drugs/DB00338"
"296","Esomeprazole (DB00736)","0.8608","http://www.drugbank.ca/drugs/DB00736"
"297","2,6-DIMETHYL-1-(3-[3-METHYL-5-ISOXAZOLYL]-PROPANYL)-4-[2-METHYL-4-ISOXAZOLYL]-PHENOL (DB08715)","0.8604","http://www.drugbank.ca/drugs/DB08715"
"298","N-(2-AMINOETHYL)-2-{3-CHLORO-4-[(4-ISOPROPYLBENZYL)OXY]PHENYL} ACETAMIDE (DB08610)","0.8604","http://www.drugbank.ca/drugs/DB08610"
"299","1-(5-CHLORO-2,4-DIMETHOXYPHENYL)-3-(5-CYANOPYRAZIN-2-YL)UREA (DB07314)","0.8603","http://www.drugbank.ca/drugs/DB07314"
"300","RPR131247 (DB02744)","0.8602","http://www.drugbank.ca/drugs/DB02744"
"301","Pentamidine (DB00738)","0.8600","http://www.drugbank.ca/drugs/DB00738"
"302","Pagoclone (DB04903)","0.8599","http://www.drugbank.ca/drugs/DB04903"
"303","4-[(7R,7AS)-7-HYDROXY-1,3-DIOXOTETRAHYDRO-1H-PYRROLO[1,2-C]IMIDAZOL-2(3H)-YL]-1-NAPHTHONITRILE (DB08087)","0.8596","http://www.drugbank.ca/drugs/DB08087"
"304","Olomoucine (DB02116)","0.8596","http://www.drugbank.ca/drugs/DB02116"
"305","Prochlorperazine (DB00433)","0.8581","http://www.drugbank.ca/drugs/DB00433"
"306","5-(5-CHLORO-2,4-DIHYDROXYPHENYL)-N-ETHYL-4-PIPERAZIN-1-YL-1H-PYRAZOLE-3-CARBOXAMIDE (DB06958)","0.8580","http://www.drugbank.ca/drugs/DB06958"
"307","Apomorphine (DB00714)","0.8579","http://www.drugbank.ca/drugs/DB00714"
"308","(3R,4S)-1-[(4-amino-5H-pyrrolo[3,2-d]pyrimidin-7-yl)methyl]-4-[(benzylsulfanyl)methyl]pyrrolidin-3-ol (DB07649)","0.8579","http://www.drugbank.ca/drugs/DB07649"
"309","(S)-2-CHLORO-N-(1-(2-(2-HYDROXYETHYLAMINO)-2-OXOETHYL)-2-OXO-1,2,3,4-TETRAHYDROQUINOLIN-3-YL)-6H-THIENO[2,3-B]PYRROLE-5-CARBOXAMIDE (DB07792)","0.8574","http://www.drugbank.ca/drugs/DB07792"
"310","Fenoterol (DB01288)","0.8574","http://www.drugbank.ca/drugs/DB01288"
"311","(1S)-1,2,3,4-TETRAHYDRO-BENZO[C]PHENANTHRENE-2,3,4-TRIOL (DB07479)","0.8573","http://www.drugbank.ca/drugs/DB07479"
"312","Naphthyridine Inhibitor (DB04434)","0.8569","http://www.drugbank.ca/drugs/DB04434"
"313","Olanzapine (DB00334)","0.8564","http://www.drugbank.ca/drugs/DB00334"
"314","1-[2-(4-ETHOXY-3-FLUOROPYRIDIN-2-YL)ETHYL]-3-(5-METHYLPYRIDIN-2-YL)THIOUREA (DB08372)","0.8550","http://www.drugbank.ca/drugs/DB08372"
"315","N-[2-(4-AMINO-5,8-DIFLUORO-1,2-DIHYDROQUINAZOLIN-2-YL)ETHYL]-3-FURAMIDE (DB07318)","0.8539","http://www.drugbank.ca/drugs/DB07318"
"316","CRA_11092 (DB03555)","0.8528","http://www.drugbank.ca/drugs/DB03555"
"317","1-[2-(S)-AMINO-3-BIPHENYL-4-YL-PROPIONYL]-PYRROLIDINE-2-(S)-CARBONITRILE (DB08024)","0.8524","http://www.drugbank.ca/drugs/DB08024"
"318","2-(2-HYDROXYETHYLAMINO)-6-(3-CHLOROANILINO)-9-ISOPROPYLPURINE (DB08325)","0.8522","http://www.drugbank.ca/drugs/DB08325"
"319","Mazindol (DB00579)","0.8519","http://www.drugbank.ca/drugs/DB00579"
"320","Reboxetine (DB00234)","0.8515","http://www.drugbank.ca/drugs/DB00234"
"321","Pirenzepine (DB00670)","0.8513","http://www.drugbank.ca/drugs/DB00670"
"322","Mesoridazine (DB00933)","0.8510","http://www.drugbank.ca/drugs/DB00933"
"323","(5z)-5-(1h-Indol-3-Ylmethylene)-4h-Imidazol-4-One (DB01653)","0.8510","http://www.drugbank.ca/drugs/DB01653"
"324","5-CYANO-N-(2,5-DIMETHOXYBENZYL)-6-ETHOXYPYRIDINE-2-CARBOXAMIDE (DB07276)","0.8509","http://www.drugbank.ca/drugs/DB07276"
"325","Trovafloxacin (DB00685)","0.8507","http://www.drugbank.ca/drugs/DB00685"
"326","Risperidone (DB00734)","0.8505","http://www.drugbank.ca/drugs/DB00734"
"327","[2-(1-Amino-2-Hydroxy-Propyl)-4-(1h-Indol-3-Ylmethylene)-5-Oxo-4,5-Dihydro-Imidazol-1-Yl]-Acetaldehyde (DB03914)","0.8500","http://www.drugbank.ca/drugs/DB03914"
"328","3-[(4-AMINO-1-TERT-BUTYL-1H-PYRAZOLO[3,4-D]PYRIMIDIN-3-YL)METHYL]PHENOL (DB08461)","0.8499","http://www.drugbank.ca/drugs/DB08461"
"329","Prazepam (DB01588)","0.8498","http://www.drugbank.ca/drugs/DB01588"
"330","N-[[3-FLUORO-4-ETHOXY-PYRID-2-YL]ETHYL]-N'-[5-NITRILOMETHYL-PYRIDYL]-THIOUREA (DB07781)","0.8495","http://www.drugbank.ca/drugs/DB07781"
"331","Roflumilast (DB01656)","0.8494","http://www.drugbank.ca/drugs/DB01656"
"332","N-[4-CLORO-3-(T-BUTYLOXOME)PHENYL-2-METHYL-3-FURAN-CARBOTHIAMIDE (DB08680)","0.8494","http://www.drugbank.ca/drugs/DB08680"
"333","Arbutamine (DB01102)","0.8493","http://www.drugbank.ca/drugs/DB01102"
"334","N'-(Pyrrolidino[2,1-B]Isoindolin-4-On-8-Yl)-N-(Pyridin-2-Yl)Urea (DB04186)","0.8491","http://www.drugbank.ca/drugs/DB04186"
"335","4,4'[1,6-Hexanediylbis(Oxy)]Bisbenzenecarboximidamide (DB03808)","0.8477","http://www.drugbank.ca/drugs/DB03808"
"336","Enoxacin (DB00467)","0.8476","http://www.drugbank.ca/drugs/DB00467"
"337","(3,3-dimethylpiperidin-1-yl)(6-(3-fluoro-4-methylphenyl)pyridin-2-yl)methanone (DB06992)","0.8476","http://www.drugbank.ca/drugs/DB06992"
"338","Dobutamine (DB00841)","0.8473","http://www.drugbank.ca/drugs/DB00841"
"339","Dimenoxadol (DB01461)","0.8472","http://www.drugbank.ca/drugs/DB01461"
"340","Piclamilast (DB01791)","0.8472","http://www.drugbank.ca/drugs/DB01791"
"341","Phenylbutazone (DB00812)","0.8469","http://www.drugbank.ca/drugs/DB00812"
"342","Zuclopenthixol (DB01624)","0.8465","http://www.drugbank.ca/drugs/DB01624"
"343","9-Hydroxy-8-Methoxy-6-Nitro-Phenanthrol[3,4-D][1,3]Dioxole-5-Carboxylic Acid (DB02636)","0.8465","http://www.drugbank.ca/drugs/DB02636"
"344","5-CHLORO-N-((1R,2S)-2-(4-(2-OXOPYRIDIN-1(2H)-YL)BENZAMIDO) CYCLOPENTYL)THIOPHENE-2-CARBOXAMIDE (DB08174)","0.8462","http://www.drugbank.ca/drugs/DB08174"
"345","Oxyphenbutazone (DB03585)","0.8461","http://www.drugbank.ca/drugs/DB03585"
"346","Ivacaftor (DB08820)","0.8460","http://www.drugbank.ca/drugs/DB08820"
"347","4-{[(2R)-2-(2-methylphenyl)pyrrolidin-1-yl]carbonyl}benzene-1,3-diol (DB08442)","0.8452","http://www.drugbank.ca/drugs/DB08442"
"348","Perphenazine (DB00850)","0.8448","http://www.drugbank.ca/drugs/DB00850"
"349","Talampanel (DB04982)","0.8444","http://www.drugbank.ca/drugs/DB04982"
"350","1-(5-CHLORO-2-METHOXYPHENYL)-3-{6-[2-(DIMETHYLAMINO)-1-METHYLETHOXY]PYRAZIN-2-YL}UREA (DB07228)","0.8430","http://www.drugbank.ca/drugs/DB07228"
"351","Trazodone (DB00656)","0.8429","http://www.drugbank.ca/drugs/DB00656"
"352","Pipazethate (DB08796)","0.8426","http://www.drugbank.ca/drugs/DB08796"
"353","IMAZAQUIN (DB04582)","0.8426","http://www.drugbank.ca/drugs/DB04582"
"354","(7R,8R)-8-(2,4,5-trifluorophenyl)-6,7,8,9-tetrahydroimidazo[1,2-a:4,5-c']dipyridin-7-amine (DB07021)","0.8423","http://www.drugbank.ca/drugs/DB07021"
"355","Dapiprazole (DB00298)","0.8422","http://www.drugbank.ca/drugs/DB00298"
"356","4-tert-butyl-N'-[(1E)-(3,5-dibromo-2,4-dihydroxyphenyl)methylidene]benzohydrazide (DB07097)","0.8411","http://www.drugbank.ca/drugs/DB07097"
"357","5-ETHYL-3-[(2-METHOXYETHYL)METHYLAMINO]-6-METHYL-4-(3-METHYLBENZYL)PYRIDIN-2(1H)-ONE (DB07018)","0.8406","http://www.drugbank.ca/drugs/DB07018"
"358","3,5-Dichloro-4-[(4-Hydroxy-3-Isopropylphenoxy)Phenylacetic Acid (DB03176)","0.8403","http://www.drugbank.ca/drugs/DB03176"
"359","(3S,6S)-3,6-bis(4-hydroxybenzyl)piperazine-2,5-dione (DB08761)","0.8399","http://www.drugbank.ca/drugs/DB08761"
"360","N'-(3-CHLORO-4-METHOXY-PHENYL)-N-(3,4,5-TRIMETHOXYPHENYL)-1,3,5-TRIAZINE-2,4-DIAMINE (DB07251)","0.8397","http://www.drugbank.ca/drugs/DB07251"
"361","4-({4-[(4-methoxypyridin-2-yl)amino]piperidin-1-yl}carbonyl)benzonitrile (DB07002)","0.8396","http://www.drugbank.ca/drugs/DB07002"
"362","1-(3-chloro-4-methylphenyl)-3-{2-[({5-[(dimethylamino)methyl]-2-furyl}methyl)thio]ethyl}urea (DB08027)","0.8392","http://www.drugbank.ca/drugs/DB08027"
"363","Pioglitazone (DB01132)","0.8390","http://www.drugbank.ca/drugs/DB01132"
"364","1-{3-[(4-pyridin-2-ylpiperazin-1-yl)sulfonyl]phenyl}-3-(1,3-thiazol-2-yl)urea (DB07817)","0.8375","http://www.drugbank.ca/drugs/DB07817"
"365","Ondansetron (DB00904)","0.8371","http://www.drugbank.ca/drugs/DB00904"
"366","3-({2-[(2-AMINO-6-METHYLPYRIMIDIN-4-YL)ETHYNYL]BENZYL}AMINO)-1,3-OXAZOL-2(3H)-ONE (DB07324)","0.8368","http://www.drugbank.ca/drugs/DB07324"
"367","1-(5-Tert-Butyl-2-Methyl-2h-Pyrazol-3-Yl)-3-(4-Chloro-Phenyl)-Urea (DB02277)","0.8363","http://www.drugbank.ca/drugs/DB02277"
"368","4-(4-chlorobenzyl)-1-(7H-pyrrolo[2,3-d]pyrimidin-4-yl)piperidin-4-aminium (DB08150)","0.8362","http://www.drugbank.ca/drugs/DB08150"
"369","1-tert-butyl-3-(3-methylbenzyl)-1H-pyrazolo[3,4-d]pyrimidin-4-amine (DB08699)","0.8354","http://www.drugbank.ca/drugs/DB08699"
"370","Flumazenil (DB01205)","0.8352","http://www.drugbank.ca/drugs/DB01205"
"371","N'-(5-CHLORO-1,3-BENZODIOXOL-4-YL)-N-(3,4,5- TRIMETHOXYPHENYL)PYRIMIDINE-2,4-DIAMINE (DB07250)","0.8351","http://www.drugbank.ca/drugs/DB07250"
"372","N7-BUTYL-N2-(5-CHLORO-2-METHYLPHENYL)-5-METHYL[1,2,4]TRIAZOLO[1,5-A]PYRIMIDINE-2,7-DIAMINE (DB07128)","0.8345","http://www.drugbank.ca/drugs/DB07128"
"373","3-METHOXY-6-[4-(3-METHYLPHENYL)-1-PIPERAZINYL]PYRIDAZINE (DB08017)","0.8344","http://www.drugbank.ca/drugs/DB08017"
"374","Pemetrexed (DB00642)","0.8336","http://www.drugbank.ca/drugs/DB00642"
"375","2,6-DIMETHYL-1-(3-[3-METHYL-5-ISOXAZOLYL]-PROPANYL)-4-[2N-METHYL-2H-TETRAZOL-5-YL]-PHENOL (DB08713)","0.8332","http://www.drugbank.ca/drugs/DB08713"
"376","(2S)-2-(4-{[3-CHLORO-5-(TRIFLUOROMETHYL)PYRIDIN-2-YL]OXY}PHENOXY)PROPANOIC ACID (DB07870)","0.8317","http://www.drugbank.ca/drugs/DB07870"
"377","Pantoprazole (DB00213)","0.8310","http://www.drugbank.ca/drugs/DB00213"
"378","Chlorcyclizine (DB08936)","0.8305","http://www.drugbank.ca/drugs/DB08936"
"379","2-{4-[2-(2-AMINO-4-OXO-4,7-DIHYDRO-3H-PYRROLO[2,3-D]PYRIMIDIN-5-YL)-ETHYL]-BENZOYLAMINO}-3-METHYL-BUTYRIC ACID (DB08131)","0.8304","http://www.drugbank.ca/drugs/DB08131"
"380","(R)-(+) 5(9BH)-OXO-9B-PHENYL-2,3-DIHYDROTHIAZOLO[2,3-A]ISOINDOL-3-CARBOXYLIC ACID METHYL ESTER (DB07473)","0.8299","http://www.drugbank.ca/drugs/DB07473"
"381","9-Butyl-8-(3-Methoxybenzyl)-9h-Purin-6-Amine (DB03809)","0.8298","http://www.drugbank.ca/drugs/DB03809"
"382","9-Butyl-8-(4-Methoxybenzyl)-9h-Purin-6-Amine (DB03899)","0.8298","http://www.drugbank.ca/drugs/DB03899"
"383","3-{[(9-CYANO-9,10-DIHYDRO-10-METHYLACRIDIN-9-YL)CARBONYL]AMINO}PROPANOIC ACID (DB07441)","0.8284","http://www.drugbank.ca/drugs/DB07441"
"384","Prazosin (DB00457)","0.8259","http://www.drugbank.ca/drugs/DB00457"
"385","Prasugrel (DB06209)","0.8232","http://www.drugbank.ca/drugs/DB06209"
"386","Fenoldopam (DB00800)","0.8225","http://www.drugbank.ca/drugs/DB00800"
"387","GTS-21 (DB05708)","0.8218","http://www.drugbank.ca/drugs/DB05708"
"388","5-Methyl-5-(4-Phenoxy-Phenyl)-Pyrimidine-2,4,6-Trione (DB03368)","0.8206","http://www.drugbank.ca/drugs/DB03368"
"389","(S)-2-[(R)-3-amino-4-(2-fluorophenyl)butyryl]-1,2,3,4-tetrahydroisoquinoline-3-carboxamide (DB04578)","0.8195","http://www.drugbank.ca/drugs/DB04578"
"390","Barbituric acid derivative (DB01496)","0.8193","http://www.drugbank.ca/drugs/DB01496"
"391","5-[3-(2,5-dimethoxyphenyl)prop-1-yn-1-yl]-6-ethylpyrimidine-2,4-diamine (DB08234)","0.8178","http://www.drugbank.ca/drugs/DB08234"
"392","Pleconaril (DB05105)","0.8171","http://www.drugbank.ca/drugs/DB05105"
"393","8-(2,5-Dimethoxy-Benzyl)-2-Fluoro-9h-Purin-6-Ylamine (DB03093)","0.8171","http://www.drugbank.ca/drugs/DB03093"
"394","Indecainide (DB00192)","0.8154","http://www.drugbank.ca/drugs/DB00192"
"395","Alogliptin  (DB06203)","0.8145","http://www.drugbank.ca/drugs/DB06203"
"396","+/-METHYL 4-(AMINOIMINOMETHYL)-BETA-[3- INH (AMINOIMINO)PHENYL]BENZENE PENTANOATE (DB07985)","0.8132","http://www.drugbank.ca/drugs/DB07985"
"397","Purvalanol A (DB04751)","0.8132","http://www.drugbank.ca/drugs/DB04751"
"398","Purvalanol (DB02733)","0.8130","http://www.drugbank.ca/drugs/DB02733"
"399","(2S)-2-({6-[(3-AMINO-5-CHLOROPHENYL)AMINO]-9-ISOPROPYL-9H-PURIN-2-YL}AMINO)-3-METHYLBUTAN-1-OL (DB07379)","0.8130","http://www.drugbank.ca/drugs/DB07379"
"400","1-TERT-BUTYL-3-(2,5-DIMETHYLBENZYL)-1H-PYRAZOLO[3,4-D]PYRIMIDIN-4-AMINE (DB08035)","0.8129","http://www.drugbank.ca/drugs/DB08035"
"401","OLOMOUCINE II (DB04662)","0.8123","http://www.drugbank.ca/drugs/DB04662"
"402","(3R,4R)-4-(pyrrolidin-1-ylcarbonyl)-1-(quinoxalin-2-ylcarbonyl)pyrrolidin-3-amine (DB07015)","0.8122","http://www.drugbank.ca/drugs/DB07015"
"403","Fenethylline (DB01482)","0.8119","http://www.drugbank.ca/drugs/DB01482"
"404","Emedastine (DB01084)","0.8117","http://www.drugbank.ca/drugs/DB01084"
"405","O6-(R)-ROSCOVITINE, R-2-(6-BENZYLOXY-9-ISOPROPYL-9H-PURIN-2-YLAMINO)-BUTAN-1-OL (DB04770)","0.8115","http://www.drugbank.ca/drugs/DB04770"
"406","1-[4-(4-chlorophenyl)-1-(7H-pyrrolo[2,3-d]pyrimidin-4-yl)piperidin-4-yl]methanamine (DB08148)","0.8109","http://www.drugbank.ca/drugs/DB08148"
"407","FR239087 (DB03370)","0.8108","http://www.drugbank.ca/drugs/DB03370"
"408","N-[2-methyl-5-(methylcarbamoyl)phenyl]-2-{[(1R)-1-methylpropyl]amino}-1,3-thiazole-5-carboxamide (DB06991)","0.8099","http://www.drugbank.ca/drugs/DB06991"
"409","Ridogrel (DB01207)","0.8094","http://www.drugbank.ca/drugs/DB01207"
"410","4-[(2-{4-[(CYCLOPROPYLCARBAMOYL)AMINO]-1H-PYRAZOL-3-YL}-1H-BENZIMIDAZOL-6-YL)METHYL]MORPHOLIN-4-IUM (DB08067)","0.8094","http://www.drugbank.ca/drugs/DB08067"
"411","1-Allyl-3-Butyl-8-(N-Acetyl-4-Aminobenzyl)-Xanthine (DB03267)","0.8089","http://www.drugbank.ca/drugs/DB03267"
"412","Mirtazapine (DB00370)","0.8089","http://www.drugbank.ca/drugs/DB00370"
"413","9-Butyl-8-(2,5-Dimethoxy-Benzyl)-9h-Purin-6-Ylamine (DB02359)","0.8079","http://www.drugbank.ca/drugs/DB02359"
"414","Halofuginone (DB04866)","0.8072","http://www.drugbank.ca/drugs/DB04866"
"415","6-amino-2-[(2-morpholin-4-ylethyl)amino]-3,7-dihydro-8H-imidazo[4,5-g]quinazolin-8-one (DB07564)","0.8069","http://www.drugbank.ca/drugs/DB07564"
"416","Naratriptan (DB00952)","0.8069","http://www.drugbank.ca/drugs/DB00952"
"417","CF-101 (DB05511)","0.8057","http://www.drugbank.ca/drugs/DB05511"
"418","1-(5-BROMO-PYRIDIN-2-YL)-3-[2-(6-FLUORO-2-HYDROXY-3-PROPIONYL-PHENYL)-CYCLOPROPYL]-UREA (DB07451)","0.8056","http://www.drugbank.ca/drugs/DB07451"
"419","9-Butyl-8-(2,5-Dimethoxy-Benzyl)-2-Fluoro-9h-Purin-6-Ylamine (DB04054)","0.8050","http://www.drugbank.ca/drugs/DB04054"
"420","8-BENZO[1,3]DIOXOL-,5-YLMETHYL-9-BUTYL-9H- (DB08436)","0.8046","http://www.drugbank.ca/drugs/DB08436"
"421","N6-METHYL-(R)-ROSCOVITINE, R-2-[6-(BENZYL-METHYL-AMINO)-9-ISOPROPYL-9H-PURIN-2-YLAMINO]-BUTAN-1-OL (DB04776)","0.8040","http://www.drugbank.ca/drugs/DB04776"
"422","8-(2,5-Dimethoxy-Benzyl)-2-Fluoro-9-Pent-9h-Purin-6-Ylamine (DB03137)","0.8031","http://www.drugbank.ca/drugs/DB03137"
"423","Mequitazine (DB01071)","0.8025","http://www.drugbank.ca/drugs/DB01071"
"424","6-BENZYL-1-ETHOXYMETHYL-5-ISOPROPYL URACIL (DB08188)","0.8022","http://www.drugbank.ca/drugs/DB08188"
"425","8-Benzo[1,3]Dioxol-,5-Ylmethyl-9-Butyl-2-Fluoro-9h-Purin-6-Ylamine (DB04254)","0.8017","http://www.drugbank.ca/drugs/DB04254"
"426","5-(3-(2,6-DICHLORO-4-(4,5-DIHYDRO-2-OXAZOLYL)PHENOXY)PROPYL)-3-METHYL ISOXAZOLE (DB08728)","0.7996","http://www.drugbank.ca/drugs/DB08728"
"427","(4R,5R)-5-AMINO-1-[2-(1,3-BENZODIOXOL-5-YL)ETHYL]-4-(2,4,5-TRIFLUOROPHENYL)PIPERIDIN-2-ONE (DB07830)","0.7988","http://www.drugbank.ca/drugs/DB07830"
"428","Sitaxentan (DB06268)","0.7979","http://www.drugbank.ca/drugs/DB06268"
"429","S-[5-(TRIFLUOROMETHYL)-4H-1,2,4-TRIAZOL-3-YL] 5-(PHENYLETHYNYL)FURAN-2-CARBOTHIOATE (DB07743)","0.7977","http://www.drugbank.ca/drugs/DB07743"
"430","(5Z)-5-[(5-ETHYL-2-FURYL)METHYLENE]-2-{[(S)-(4-FLUOROPHENYL)(1H-TETRAZOL-5-YL)METHYL]AMINO}-1,3-THIAZOL-4(5H)-ONE (DB08710)","0.7975","http://www.drugbank.ca/drugs/DB08710"
"431","Piboserod (DB04873)","0.7973","http://www.drugbank.ca/drugs/DB04873"
"432","1-[6-(2-CHLORO-4-METHYXYPHENOXY)-HEXYL]-IMIDAZOLE (DB08509)","0.7972","http://www.drugbank.ca/drugs/DB08509"
"433","8-(6-BROMO-BENZO[1,3]DIOXOL-5-YLSULFANYL)-9-(3-ISOPROPYLAMINO-PROPYL)-ADENINE (DB07877)","0.7943","http://www.drugbank.ca/drugs/DB07877"
"434","N-cyclohexyl-3-[3-(trifluoromethyl)phenyl][1,2,4]triazolo[4,3-b]pyridazin-6-amine (DB08708)","0.7936","http://www.drugbank.ca/drugs/DB08708"
"435","5-Chloro-1h-Indole-2-Carboxylic Acid{[Cyclopentyl-(2-Hydroxy-Ethyl)-Carbamoyl]-Methyl}-Amide (DB03288)","0.7922","http://www.drugbank.ca/drugs/DB03288"
"436","Trimethoprim (DB00440)","0.7909","http://www.drugbank.ca/drugs/DB00440"
"437","2,4-Diamino-5-(3,4,5-Trimethoxy-Benzyl)-Pyrimidin-1-Ium (DB03125)","0.7909","http://www.drugbank.ca/drugs/DB03125"
"438","(2R,3R,4S,5R)-2-[6-amino-8-[(3,4-dichlorophenyl)methylamino]purin-9-yl]-5-(hydroxymethyl)oxolane-3,4-diol (DB07045)","0.7902","http://www.drugbank.ca/drugs/DB07045"
"439","Y-700 (DB03841)","0.7890","http://www.drugbank.ca/drugs/DB03841"
"440","6-CHLORO-4-(CYCLOHEXYLOXY)-3-PROPYLQUINOLIN-2(1H)-ONE (DB07867)","0.7888","http://www.drugbank.ca/drugs/DB07867"
"441","7,8-dihydro-6-hydroxymethyl-7-methyl-7-[2-phenylethyl]-pterin (DB04610)","0.7871","http://www.drugbank.ca/drugs/DB04610"
"442","7-BENZYL-1,3-DIMETHYL-8-PIPERAZIN-1-YL-3,7-DIHYDRO-PURINE-2,6-DIONE (DB08530)","0.7830","http://www.drugbank.ca/drugs/DB08530"
"443","6-CHLORO-4-(CYCLOHEXYLOXY)-3-ISOPROPYLQUINOLIN-2(1H)-ONE (DB07871)","0.7826","http://www.drugbank.ca/drugs/DB07871"
"444","1-[4-(4-chlorobenzyl)-1-(7H-pyrrolo[2,3-d]pyrimidin-4-yl)piperidin-4-yl]methanamine (DB08149)","0.7803","http://www.drugbank.ca/drugs/DB08149"
"445","5-bromo-N-(3-chloro-2-(4-(prop-2-ynyl)piperazin-1-yl)phenyl)furan-2-carboxamide (DB08021)","0.7803","http://www.drugbank.ca/drugs/DB08021"
"446","Riboflavin (DB00140)","0.7766","http://www.drugbank.ca/drugs/DB00140"
"447","9-Butyl-8-(2-Chloro-3,4,5-Trimethoxy-Benzyl)-9h-Purin-6-Ylamine (DB03504)","0.7758","http://www.drugbank.ca/drugs/DB03504"
"448","8-(2-Chloro-3,4,5-Trimethoxy-Benzyl)-9-Pent-4-Ylnyl-9h-Purin-6-Ylamine (DB04505)","0.7744","http://www.drugbank.ca/drugs/DB04505"
"449","Etodolac (DB00749)","0.7726","http://www.drugbank.ca/drugs/DB00749"
"450","8-(2-Chloro-3,4,5-Trimethoxy-Benzyl)-2-Fluoro-9-Pent-4-Ylnyl-9h-Purin-6-Ylamine (DB02550)","0.7723","http://www.drugbank.ca/drugs/DB02550"
"451","2-({8-[(3R)-3-AMINOPIPERIDIN-1-YL]-1,3-DIMETHYL-2,6-DIOXO-1,2,3,6-TETRAHYDRO-7H-PURIN-7-YL}METHYL)BENZONITRILE (DB08743)","0.7718","http://www.drugbank.ca/drugs/DB08743"
"452","9-Butyl-8-(3,4,5-Trimethoxybenzyl)-9h-Purin-6-Amine (DB02754)","0.7717","http://www.drugbank.ca/drugs/DB02754"
"453","TC-5619 (DB06090)","0.7683","http://www.drugbank.ca/drugs/DB06090"
"454","Raltegravir (DB06817)","0.7661","http://www.drugbank.ca/drugs/DB06817"
"455","(2R)-2-{[4-(benzylamino)-8-(1-methylethyl)pyrazolo[1,5-a][1,3,5]triazin-2-yl]amino}butan-1-ol (DB08285)","0.7649","http://www.drugbank.ca/drugs/DB08285"
"456","5-(5-(6-CHLORO-4-(4,5-DIHYDRO-2-OXAZOLYL)PHENOXY)PENTYL)-3-METHYL ISOXAZOLE (DB08719)","0.7630","http://www.drugbank.ca/drugs/DB08719"
"457","Voriconazole (DB00582)","0.7618","http://www.drugbank.ca/drugs/DB00582"
"458","2,6-DIMETHYL-1-(3-[3-METHYL-5-ISOXAZOLYL]-PROPANYL)-4-[4-METHYL-2H-TETRAZOL-2-YL]-PHENOL (DB08714)","0.7604","http://www.drugbank.ca/drugs/DB08714"
"459","5-(5-(4-(4,5-DIHYDRO-2-OXAZOLY)PHENOXY)PENTYL)-3-METHYL ISOXAZOLE (DB08720)","0.7585","http://www.drugbank.ca/drugs/DB08720"
"460","Riboflavin Monophosphate (DB03247)","0.7580","http://www.drugbank.ca/drugs/DB03247"
"461","2-[4-(2H-1,4-BENZOTHIAZINE-3-YL)-PIPERAZINE-1-LY]-1,3-THIAZOLE-4-CARBOXYLIC ACID ETHYLESTER (DB08540)","0.7574","http://www.drugbank.ca/drugs/DB08540"
"462","6-(3',5'-DIMETHYLBENZYL)-1-ETHOXYMETHYL-5-ISOPROPYLURACIL (DB07820)","0.7540","http://www.drugbank.ca/drugs/DB07820"
"463","(4R)-7-chloro-9-methyl-1-oxo-1,2,4,9-tetrahydrospiro[beta-carboline-3,4'-piperidine]-4-carbonitrile (DB08166)","0.7522","http://www.drugbank.ca/drugs/DB08166"
"464","Sitagliptin (DB01261)","0.7518","http://www.drugbank.ca/drugs/DB01261"
"465","Mercaptocarboxylate Inhibitor (DB02706)","0.7511","http://www.drugbank.ca/drugs/DB02706"
"466","AS-3201 (DB05327)","0.7507","http://www.drugbank.ca/drugs/DB05327"
"467","4-{[5-(CYCLOHEXYLOXY)[1,2,4]TRIAZOLO[1,5-A]PYRIMIDIN-7-YL]AMINO}BENZENESULFONAMIDE (DB07688)","0.7493","http://www.drugbank.ca/drugs/DB07688"
"468","4-{[5-(CYCLOHEXYLAMINO)[1,2,4]TRIAZOLO[1,5-A]PYRIMIDIN-7-YL]AMINO}BENZENESULFONAMIDE (DB07686)","0.7490","http://www.drugbank.ca/drugs/DB07686"
"469","4-({5-[(4-AMINOCYCLOHEXYL)AMINO][1,2,4]TRIAZOLO[1,5-A]PYRIMIDIN-7-YL}AMINO)BENZENESULFONAMIDE (DB07687)","0.7415","http://www.drugbank.ca/drugs/DB07687"
"470","4-(6-CYCLOHEXYLMETHOXY-9H-PURIN-2-YLAMINO)--BENZAMIDE (DB08241)","0.7393","http://www.drugbank.ca/drugs/DB08241"
"471","6-CYCLOHEXYLMETHOXY-2-(3'-CHLOROANILINO) PURINE (DB07203)","0.7367","http://www.drugbank.ca/drugs/DB07203"
"472","2-(4-ETHYLPIPERAZIN-1-YL)-4-(PHENYLAMINO)PYRAZOLO[1,5-A][1,3,5]TRIAZINE-8-CARBONITRILE (DB08360)","0.7344","http://www.drugbank.ca/drugs/DB08360"
"473","trans-4-(7-carbamoyl-1H-benzimidazol-2-yl)-1-propylpiperidinium (DB07330)","0.7319","http://www.drugbank.ca/drugs/DB07330"
"474","2-ANILINO-6-CYCLOHEXYLMETHOXYPURINE (DB06948)","0.7318","http://www.drugbank.ca/drugs/DB06948"
"475","6-CYCLOHEXYLMETHYLOXY-2-(4'-HYDROXYANILINO)PURINE (DB08233)","0.7274","http://www.drugbank.ca/drugs/DB08233"
"476","3-Chloro-9-Ethyl-6,7,8,9,10,11-Hexahydro-7,11-Methanocycloocta[B]Quinolin-12-Amine (DB04114)","0.7263","http://www.drugbank.ca/drugs/DB04114"
"477","6-methyl-5-[3-methyl-3-(3,4,5-trimethoxyphenyl)but-1-yn-1-yl]pyrimidine-2,4-diamine (DB07153)","0.7260","http://www.drugbank.ca/drugs/DB07153"
"478","[2'-CARBOXYLETHYL]-10-METHYL-ANTHRACENE ENDOPEROXIDE (DB08332)","0.7236","http://www.drugbank.ca/drugs/DB08332"
"479","Paliperidone (DB01267)","0.7223","http://www.drugbank.ca/drugs/DB01267"
"480","O6-CYCLOHEXYLMETHOXY-2-(4'-SULPHAMOYLANILINO) PURINE (DB07126)","0.7184","http://www.drugbank.ca/drugs/DB07126"
"481","3-(6-CYCLOHEXYLMETHOXY-9H-PURIN-2-YLAMINO)-BENZENESULFONAMIDE (DB08248)","0.7184","http://www.drugbank.ca/drugs/DB08248"
"482","(3AS,4R,9BR)-4-(4-HYDROXYPHENYL)-1,2,3,3A,4,9B-HEXAHYDROCYCLOPENTA[C]CHROMEN-8-OL (DB07933)","0.7149","http://www.drugbank.ca/drugs/DB07933"
"483","(3AS,4R,9BR)-4-(4-HYDROXYPHENYL)-1,2,3,3A,4,9B-HEXAHYDROCYCLOPENTA[C]CHROMEN-9-OL (DB08737)","0.7144","http://www.drugbank.ca/drugs/DB08737"
"484","Alizapride (DB01425)","0.7140","http://www.drugbank.ca/drugs/DB01425"
"485","1-(N-Imidazolyl)-2-Hydroxy-2-(2,3-Dichlorophenyl)Octane (DB02617)","0.7093","http://www.drugbank.ca/drugs/DB02617"
"486","4-{[5-(CYCLOHEXYLMETHOXY)[1,2,4]TRIAZOLO[1,5-A]PYRIMIDIN-7-YL]AMINO}BENZENESULFONAMIDE (DB07685)","0.7066","http://www.drugbank.ca/drugs/DB07685"
"487","2-(CYCLOHEXYLMETHYLAMINO)-4-(PHENYLAMINO)PYRAZOLO[1,5-A][1,3,5]TRIAZINE-8-CARBONITRILE (DB08353)","0.7032","http://www.drugbank.ca/drugs/DB08353"
"488","2-{4-[(4-imidazo[1,2-a]pyridin-3-ylpyrimidin-2-yl)amino]piperidin-1-yl}-N-methylacetamide (DB08026)","0.6920","http://www.drugbank.ca/drugs/DB08026"
"489","N-cyclohexyl-4-imidazo[1,2-a]pyridin-3-yl-N-methylpyrimidin-2-amine (DB08023)","0.6809","http://www.drugbank.ca/drugs/DB08023"
"490","5-[[(2R)-2-cyclopropyl-7,8-dimethoxy-2H-chromen-5-yl]methyl]pyrimidine-2,4-diamine (DB08741)","0.6796","http://www.drugbank.ca/drugs/DB08741"
"491","7-amino-2-tert-butyl-4-{[2-(1H-imidazol-4-yl)ethyl]amino}pyrido[2,3-d]pyrimidine-6-carboxamide (DB07042)","0.6727","http://www.drugbank.ca/drugs/DB07042"
"492","(3-ENDO)-8-METHYL-8-AZABICYCLO[3.2.1]OCT-3-YL 1H-PYRROLO[2,3-B]PYRIDINE-3-CARBOXYLATE (DB07243)","0.6668","http://www.drugbank.ca/drugs/DB07243"
"493","Ruxolitinib (DB08877)","0.6623","http://www.drugbank.ca/drugs/DB08877"
"494","vapitadine dihydrochloride (DB05738)","0.6489","http://www.drugbank.ca/drugs/DB05738"
"495","1-(thiophen-2-ylacetyl)-4-(3-thiophen-2-yl-1,2,4-oxadiazol-5-yl)piperidine (DB08471)","0.6265","http://www.drugbank.ca/drugs/DB08471"
"496","Oxyphencyclimine (DB00383)","0.6175","http://www.drugbank.ca/drugs/DB00383"
"497","Eszopiclone (DB00402)","0.5804","http://www.drugbank.ca/drugs/DB00402"
"498","Zopiclone (DB01198)","0.5804","http://www.drugbank.ca/drugs/DB01198"
"499","tert-butyl 4-(3-thiophen-2-yl-1,2,4-oxadiazol-5-yl)piperidine-1-carboxylate (DB08469)","0.5170","http://www.drugbank.ca/drugs/DB08469"
"500","Regadenoson (DB06213)","0.5145","http://www.drugbank.ca/drugs/DB06213"
