"","DrugBank Compound (Name, ID)","Similarity to ","Link"
"1","Fulvestrant (DB00947)","1.0000","http://www.drugbank.ca/drugs/DB00947"
"2","N-Butyl-11-[(7r,8r,9s,13s,14s,17s)-3,17-Dihydroxy-13-Methyl-7,8,9,11,12,13,14,15,16,17-Decahydro-6h-Cyclopenta[a]Phenanthren-7-Yl]-N-Methylundecanamide (DB03860)","0.9831","http://www.drugbank.ca/drugs/DB03860"
"3","Quinestrol (DB04575)","0.9810","http://www.drugbank.ca/drugs/DB04575"
"4","Oleoyl estrone (DB04870)","0.9807","http://www.drugbank.ca/drugs/DB04870"
"5","Estradiol valerate/Dienogest  (DB08866)","0.9796","http://www.drugbank.ca/drugs/DB08866"
"6","(9ALPHA,13BETA,17BETA)-2-[(1Z)-BUT-1-EN-1-YL]ESTRA-1,3,5(10)-TRIENE-3,17-DIOL (DB07678)","0.9782","http://www.drugbank.ca/drugs/DB07678"
"7","Nandrolone phenpropionate (DB00984)","0.9781","http://www.drugbank.ca/drugs/DB00984"
"8","3-CARBOXAMIDO-1,3,5(10)-ESTRATRIEN-17(R)-SPIRO-2'(5',5'-DIMETHYL-6'OXO)TETRAHYDROPYRAN (DB07700)","0.9778","http://www.drugbank.ca/drugs/DB07700"
"9","Ethinyl Estradiol (DB00977)","0.9768","http://www.drugbank.ca/drugs/DB00977"
"10","(9BETA,11ALPHA,13ALPHA,14BETA,17ALPHA)-11-(METHOXYMETHYL)ESTRA-1(10),2,4-TRIENE-3,17-DIOL (DB07707)","0.9764","http://www.drugbank.ca/drugs/DB07707"
"11","4-{[(14beta,17alpha)-3-hydroxyestra-1,3,5(10)-trien-17-yl]oxy}-4-oxobutanoic acid (DB07891)","0.9763","http://www.drugbank.ca/drugs/DB07891"
"12","Mestranol (DB01357)","0.9762","http://www.drugbank.ca/drugs/DB01357"
"13","Estriol (DB04573)","0.9745","http://www.drugbank.ca/drugs/DB04573"
"14","2-Methoxyestradiol (DB02342)","0.9738","http://www.drugbank.ca/drugs/DB02342"
"15","(17beta)-17-(cyanomethyl)-2-methoxyestra-1(10),2,4-trien-3-yl sulfamate (DB07596)","0.9725","http://www.drugbank.ca/drugs/DB07596"
"16","(5S,8R,9S,10S,13R,14S,17S)-13-{2-[(3,5-DIFLUOROBENZYL)OXY]ETHYL}-17-HYDROXY-10-METHYLHEXADECAHYDRO-3H-CYCLOPENTA[A]PHENANTHREN-3-ONE (DB07717)","0.9712","http://www.drugbank.ca/drugs/DB07717"
"17","Estramustine (DB01196)","0.9701","http://www.drugbank.ca/drugs/DB01196"
"18","(8alpha,10alpha,13alpha,17beta)-17-[(4-hydroxyphenyl)carbonyl]androsta-3,5-diene-3-carboxylic acid (DB08220)","0.9700","http://www.drugbank.ca/drugs/DB08220"
"19","Treprostinil (DB00374)","0.9685","http://www.drugbank.ca/drugs/DB00374"
"20","Dutasteride (DB01126)","0.9658","http://www.drugbank.ca/drugs/DB01126"
"21","Buprenorphine (DB00921)","0.9656","http://www.drugbank.ca/drugs/DB00921"
"22","3-({3-[(1S,4aS,6S,7S,9S,9aR)-1,6-dimethyl-2-oxodecahydro-6,9-epoxy-4a,7-methanobenzo[7]annulen-1-yl]propanoyl}amino)-2,4-dihydroxybenzoic acid (DB08366)","0.9656","http://www.drugbank.ca/drugs/DB08366"
"23","Nandrolone decanoate (DB08804)","0.9650","http://www.drugbank.ca/drugs/DB08804"
"24","Cholesteryl Linoleate (DB02092)","0.9643","http://www.drugbank.ca/drugs/DB02092"
"25","Fluticasone furoate  (DB08906)","0.9641","http://www.drugbank.ca/drugs/DB08906"
"26","PLATENSIMYCIN (DB08407)","0.9641","http://www.drugbank.ca/drugs/DB08407"
"27","Abiraterone (DB05812)","0.9638","http://www.drugbank.ca/drugs/DB05812"
"28","Diprenorphine (DB01548)","0.9628","http://www.drugbank.ca/drugs/DB01548"
"29","ATL-2502 (DB05340)","0.9622","http://www.drugbank.ca/drugs/DB05340"
"30","Danazol (DB01406)","0.9620","http://www.drugbank.ca/drugs/DB01406"
"31","4-(3,14-Dihydroxy-10,13-Dimethyl-Hexadecahydro-Cyclopenta[a]Phenanthren-17-Yl)-5h-Furan-2-One (DB04177)","0.9616","http://www.drugbank.ca/drugs/DB04177"
"32","Dihydroetorphine (DB01450)","0.9609","http://www.drugbank.ca/drugs/DB01450"
"33","(3BETA,7BETA)-CHOLEST-5-ENE-3,7-DIOL (DB04706)","0.9608","http://www.drugbank.ca/drugs/DB04706"
"34","(3BETA,20R)-CHOLEST-5-ENE-3,20-DIOL (DB04704)","0.9607","http://www.drugbank.ca/drugs/DB04704"
"35","(3BETA)-CHOLEST-5-ENE-3,25-DIOL (DB04705)","0.9605","http://www.drugbank.ca/drugs/DB04705"
"36","Cholesterol (DB04540)","0.9604","http://www.drugbank.ca/drugs/DB04540"
"37","Testosterone Propionate (DB01420)","0.9595","http://www.drugbank.ca/drugs/DB01420"
"38","SUCCINIC ACID MONO-(13-METHYL-3-OXO-2,3,6,7,8,9,10,11,12,13,14,15,16,17-TETRADECAHYDRO-1H-CYCLOPENTA[A]PHENANTHREN-17-YL) ESTER (DB08308)","0.9593","http://www.drugbank.ca/drugs/DB08308"
"39","Cholesterol-Sulfate (DB01990)","0.9593","http://www.drugbank.ca/drugs/DB01990"
"40","Desoxycorticosterone Pivalate (DB01134)","0.9593","http://www.drugbank.ca/drugs/DB01134"
"41","Cyprenorphine (DB01480)","0.9590","http://www.drugbank.ca/drugs/DB01480"
"42","Stanozolol (DB06718)","0.9590","http://www.drugbank.ca/drugs/DB06718"
"43","Retapamulin (DB01256)","0.9589","http://www.drugbank.ca/drugs/DB01256"
"44","4-(3,12,14-Trihydroxy-10,13-Dimethyl-Hexadecahydro-Cyclopenta[a]Phenanthren-17-Yl)-5h-Furan-2-One (DB03671)","0.9589","http://www.drugbank.ca/drugs/DB03671"
"45","TESTOSTERONE HEMISUCCINATE (DB08619)","0.9587","http://www.drugbank.ca/drugs/DB08619"
"46","Fluoxymesterone (DB01185)","0.9584","http://www.drugbank.ca/drugs/DB01185"
"47","Fluticasone Propionate (DB00588)","0.9581","http://www.drugbank.ca/drugs/DB00588"
"48","Alfacalcidol (DB01436)","0.9578","http://www.drugbank.ca/drugs/DB01436"
"49","Cholecalciferol (DB00169)","0.9578","http://www.drugbank.ca/drugs/DB00169"
"50","Spironolactone (DB00421)","0.9577","http://www.drugbank.ca/drugs/DB00421"
"51","Calcidiol (DB00146)","0.9574","http://www.drugbank.ca/drugs/DB00146"
"52","Ethylestrenol (DB01493)","0.9573","http://www.drugbank.ca/drugs/DB01493"
"53","Nabilone (DB00486)","0.9573","http://www.drugbank.ca/drugs/DB00486"
"54","Tauroursodeoxycholic acid (DB08834)","0.9571","http://www.drugbank.ca/drugs/DB08834"
"55","EM-1745 (DB02323)","0.9571","http://www.drugbank.ca/drugs/DB02323"
"56","Etorphine (DB01497)","0.9570","http://www.drugbank.ca/drugs/DB01497"
"57","Butorphanol (DB00611)","0.9568","http://www.drugbank.ca/drugs/DB00611"
"58","Norgestimate (DB00957)","0.9567","http://www.drugbank.ca/drugs/DB00957"
"59","4-Androstenediol (DB01526)","0.9567","http://www.drugbank.ca/drugs/DB01526"
"60","5-ALPHA-PREGNANE-3-BETA-OL-HEMISUCCINATE (DB08510)","0.9566","http://www.drugbank.ca/drugs/DB08510"
"61","Allylestrenol (DB01431)","0.9566","http://www.drugbank.ca/drugs/DB01431"
"62","5-Androstenediol (DB01524)","0.9565","http://www.drugbank.ca/drugs/DB01524"
"63","PROGESTERONE-11-ALPHA-OL-HEMISUCCINATE (DB08547)","0.9565","http://www.drugbank.ca/drugs/DB08547"
"64","Flumethasone Pivalate (DB00663)","0.9564","http://www.drugbank.ca/drugs/DB00663"
"65","Halobetasol Propionate (DB00596)","0.9563","http://www.drugbank.ca/drugs/DB00596"
"66","Glycochenodeoxycholic Acid (DB02123)","0.9563","http://www.drugbank.ca/drugs/DB02123"
"67","Calcitriol (DB00136)","0.9562","http://www.drugbank.ca/drugs/DB00136"
"68","DN-101 (DB05314)","0.9562","http://www.drugbank.ca/drugs/DB05314"
"69","Taurocholic Acid (DB04348)","0.9562","http://www.drugbank.ca/drugs/DB04348"
"70","Desoximetasone (DB00547)","0.9561","http://www.drugbank.ca/drugs/DB00547"
"71","Fludrocortisone (DB00687)","0.9561","http://www.drugbank.ca/drugs/DB00687"
"72","Levonorgestrel (DB00367)","0.9561","http://www.drugbank.ca/drugs/DB00367"
"73","Lanosterol (DB03696)","0.9561","http://www.drugbank.ca/drugs/DB03696"
"74","Norelgestromin (DB06713)","0.9557","http://www.drugbank.ca/drugs/DB06713"
"75","Carbenoxolone (DB02329)","0.9554","http://www.drugbank.ca/drugs/DB02329"
"76","Clobetasol propionate (DB01013)","0.9554","http://www.drugbank.ca/drugs/DB01013"
"77","Pregnenolone (DB02789)","0.9552","http://www.drugbank.ca/drugs/DB02789"
"78","Medroxyprogesterone Acetate (DB00603)","0.9552","http://www.drugbank.ca/drugs/DB00603"
"79","Methyltestosterone (DB06710)","0.9552","http://www.drugbank.ca/drugs/DB06710"
"80","N-Cholylglycine (DB02691)","0.9552","http://www.drugbank.ca/drugs/DB02691"
"81","Ethynodiol (DB00823)","0.9551","http://www.drugbank.ca/drugs/DB00823"
"82","Ursodeoxycholic acid (DB01586)","0.9549","http://www.drugbank.ca/drugs/DB01586"
"83","Chenodeoxycholic acid (DB06777)","0.9549","http://www.drugbank.ca/drugs/DB06777"
"84","Fusidic Acid (DB02703)","0.9549","http://www.drugbank.ca/drugs/DB02703"
"85","Bolasterone (DB01471)","0.9549","http://www.drugbank.ca/drugs/DB01471"
"86","Calusterone (DB01564)","0.9549","http://www.drugbank.ca/drugs/DB01564"
"87","Deoxycholic Acid (DB03619)","0.9548","http://www.drugbank.ca/drugs/DB03619"
"88","(3ALPHA,5BETA,12ALPHA)-3,12-DIHYDROXYCHOLAN-24-OIC ACID (DB07690)","0.9548","http://www.drugbank.ca/drugs/DB07690"
"89","Fluorometholone (DB00324)","0.9545","http://www.drugbank.ca/drugs/DB00324"
"90","Medrysone (DB00253)","0.9545","http://www.drugbank.ca/drugs/DB00253"
"91","Furazabol (DB01514)","0.9545","http://www.drugbank.ca/drugs/DB01514"
"92","(11-BETA)-11,21-DIHYDROXY-PREGN-4-ENE-3,20-DIONE (DB04652)","0.9544","http://www.drugbank.ca/drugs/DB04652"
"93","Drostanolone (DB00858)","0.9542","http://www.drugbank.ca/drugs/DB00858"
"94","Bevirimat (DB06581)","0.9542","http://www.drugbank.ca/drugs/DB06581"
"95","Dihydrotachysterol (DB01070)","0.9541","http://www.drugbank.ca/drugs/DB01070"
"96","Diflorasone (DB00223)","0.9541","http://www.drugbank.ca/drugs/DB00223"
"97","Acetorphine (DB01469)","0.9540","http://www.drugbank.ca/drugs/DB01469"
"98","3Alpha,17beta-dihydroxy-5alpha-androstane (DB01530)","0.9540","http://www.drugbank.ca/drugs/DB01530"
"99","Difluprednate (DB06781)","0.9540","http://www.drugbank.ca/drugs/DB06781"
"100","Becocalcidiol (DB04891)","0.9539","http://www.drugbank.ca/drugs/DB04891"
"101","5-{2-[1-(1-METHYL-PROPYL)-7A-METHYL-OCTAHYDRO-INDEN-4-YLIDENE]-ETHYLIDENE}-2-METHYLENE-CYCLOHEXANE-1,3-DIOL (DB08696)","0.9539","http://www.drugbank.ca/drugs/DB08696"
"102","Desogestrel (DB00304)","0.9538","http://www.drugbank.ca/drugs/DB00304"
"103","Ergosterol (DB04038)","0.9537","http://www.drugbank.ca/drugs/DB04038"
"104","Cholic Acid (DB02659)","0.9535","http://www.drugbank.ca/drugs/DB02659"
"105","Etonogestrel (DB00294)","0.9534","http://www.drugbank.ca/drugs/DB00294"
"106","Betamethasone (DB00443)","0.9532","http://www.drugbank.ca/drugs/DB00443"
"107","Dexamethasone (DB01234)","0.9532","http://www.drugbank.ca/drugs/DB01234"
"108","Ecabet (DB05265)","0.9532","http://www.drugbank.ca/drugs/DB05265"
"109","Hydrocortamate (DB00769)","0.9532","http://www.drugbank.ca/drugs/DB00769"
"110","Progesterone (DB00396)","0.9530","http://www.drugbank.ca/drugs/DB00396"
"111","Ganaxolone (DB05087)","0.9529","http://www.drugbank.ca/drugs/DB05087"
"112","Lubiprostone (DB01046)","0.9528","http://www.drugbank.ca/drugs/DB01046"
"113","Megestrol acetate (DB00351)","0.9528","http://www.drugbank.ca/drugs/DB00351"
"114","Inecalcitol (DB04796)","0.9528","http://www.drugbank.ca/drugs/DB04796"
"115","Oxandrolone (DB00621)","0.9528","http://www.drugbank.ca/drugs/DB00621"
"116","(1R,3R)-5-[(2E)-3-{(1S,3R)-2,2,3-trimethyl-3-[6,6,6-trifluoro-5-hydroxy-5-(trifluoromethyl)hex-3-yn-1-yl]cyclopentyl}prop-2-en-1-ylidene]cyclohexane-1,3-diol (DB07530)","0.9528","http://www.drugbank.ca/drugs/DB07530"
"117","Clocortolone (DB00838)","0.9525","http://www.drugbank.ca/drugs/DB00838"
"118","Paricalcitol (DB00910)","0.9523","http://www.drugbank.ca/drugs/DB00910"
"119","Paramethasone (DB01384)","0.9522","http://www.drugbank.ca/drugs/DB01384"
"120","Hydrocortisone (DB00741)","0.9522","http://www.drugbank.ca/drugs/DB00741"
"121","(11alpha,14beta)-11,17,21-trihydroxypregn-4-ene-3,20-dione (DB07886)","0.9522","http://www.drugbank.ca/drugs/DB07886"
"122","Cortisone acetate (DB01380)","0.9518","http://www.drugbank.ca/drugs/DB01380"
"123","Finasteride (DB01216)","0.9516","http://www.drugbank.ca/drugs/DB01216"
"124","Rimexolone (DB00896)","0.9511","http://www.drugbank.ca/drugs/DB00896"
"125","2-(2-CHLORO-4-FLUOROPHENOXY)-2-METHYL-N-[(1R,2S,3S,5S,7S)-5-(METHYLSULFONYL)-2-ADAMANTYL]PROPANAMIDE (DB08277)","0.9511","http://www.drugbank.ca/drugs/DB08277"
"126","(5BETA)-PREGNANE-3,20-DIONE (DB07557)","0.9500","http://www.drugbank.ca/drugs/DB07557"
"127","ED-71 (DB05295)","0.9500","http://www.drugbank.ca/drugs/DB05295"
"128","Formebolone (DB01569)","0.9499","http://www.drugbank.ca/drugs/DB01569"
"129","1alpha,25-Dihydroxyl-20-Epi-22-Oxa-24,26,27-Trihomovitamin D3 (DB03451)","0.9499","http://www.drugbank.ca/drugs/DB03451"
"130","Iloprost (DB01088)","0.9495","http://www.drugbank.ca/drugs/DB01088"
"131","1,2-Di-1-(3,7,11,15-Tetramethyl-Hexadecane)-Sn-Glycerol (DB03646)","0.9494","http://www.drugbank.ca/drugs/DB03646"
"132","Methylprednisolone (DB00959)","0.9494","http://www.drugbank.ca/drugs/DB00959"
"133","Calcipotriol (DB02300)","0.9493","http://www.drugbank.ca/drugs/DB02300"
"134","Triamcinolone (DB00620)","0.9491","http://www.drugbank.ca/drugs/DB00620"
"135","Prednisolone (DB00860)","0.9489","http://www.drugbank.ca/drugs/DB00860"
"136","Alclometasone (DB00240)","0.9485","http://www.drugbank.ca/drugs/DB00240"
"137","Lipid Fragment (DB01913)","0.9484","http://www.drugbank.ca/drugs/DB01913"
"138","anecortave acetate (DB05288)","0.9484","http://www.drugbank.ca/drugs/DB05288"
"139","Flurandrenolide (DB00846)","0.9483","http://www.drugbank.ca/drugs/DB00846"
"140","Loteprednol (DB00873)","0.9480","http://www.drugbank.ca/drugs/DB00873"
"141","Ergocalciferol (DB00153)","0.9479","http://www.drugbank.ca/drugs/DB00153"
"142","Trilostane (DB01108)","0.9478","http://www.drugbank.ca/drugs/DB01108"
"143","1,2-Di-1-(3,7,11,15-Tetramethyl-Hexadecane)-Sn-Glycero-3-Phosphate (DB03402)","0.9475","http://www.drugbank.ca/drugs/DB03402"
"144","Cyproterone (DB04839)","0.9474","http://www.drugbank.ca/drugs/DB04839"
"145","(1S,3R,4S,5S,7S)-4-{[2-(4-METHOXYPHENOXY)-2-METHYLPROPANOYL]AMINO}ADAMANTANE-1-CARBOXAMIDE (DB08280)","0.9472","http://www.drugbank.ca/drugs/DB08280"
"146","Biperiden (DB00810)","0.9472","http://www.drugbank.ca/drugs/DB00810"
"147","Beclomethasone (DB00394)","0.9469","http://www.drugbank.ca/drugs/DB00394"
"148","Misoprostol (DB00929)","0.9468","http://www.drugbank.ca/drugs/DB00929"
"149","APL-202 (DB05379)","0.9468","http://www.drugbank.ca/drugs/DB05379"
"150","Ciclesonide (DB01410)","0.9468","http://www.drugbank.ca/drugs/DB01410"
"151","Mometasone (DB00764)","0.9465","http://www.drugbank.ca/drugs/DB00764"
"152","Prednicarbate (DB01130)","0.9460","http://www.drugbank.ca/drugs/DB01130"
"153","Docosanol (DB00632)","0.9457","http://www.drugbank.ca/drugs/DB00632"
"154","BNP-166 (DB05442)","0.9457","http://www.drugbank.ca/drugs/DB05442"
"155","Tricosanoic Acid (DB03500)","0.9455","http://www.drugbank.ca/drugs/DB03500"
"156","Drospirenone (DB01395)","0.9452","http://www.drugbank.ca/drugs/DB01395"
"157","Fluocinolone Acetonide (DB00591)","0.9450","http://www.drugbank.ca/drugs/DB00591"
"158","Budesonide (DB01222)","0.9438","http://www.drugbank.ca/drugs/DB01222"
"159","Amcinonide (DB00288)","0.9434","http://www.drugbank.ca/drugs/DB00288"
"160","Candoxatril (DB00616)","0.9431","http://www.drugbank.ca/drugs/DB00616"
"161","Flunisolide (DB00180)","0.9431","http://www.drugbank.ca/drugs/DB00180"
"162","1,3-CYCLOHEXANEDIOL, 4-METHYLENE-5-[(2E)-[(1S,3AS,7AS)-OCTAHYDRO-1-(5-HYDROXY-5-METHYL-1,3-HEXADIYNYL)-7A-METHYL-4H-INDEN-4-YLIDENE]ETHYLIDENE]-, (1R,3S,5Z) (DB08742)","0.9429","http://www.drugbank.ca/drugs/DB08742"
"163","Vitamin E (DB00163)","0.9423","http://www.drugbank.ca/drugs/DB00163"
"164","Fluocinonide (DB01047)","0.9417","http://www.drugbank.ca/drugs/DB01047"
"165","Naltrexone (DB00704)","0.9406","http://www.drugbank.ca/drugs/DB00704"
"166","naltrexone depot (DB05302)","0.9405","http://www.drugbank.ca/drugs/DB05302"
"167","PTI-901 (DB05508)","0.9405","http://www.drugbank.ca/drugs/DB05508"
"168","Ingenol Mebutate  (DB05013)","0.9401","http://www.drugbank.ca/drugs/DB05013"
"169","Seocalcitol (DB04258)","0.9401","http://www.drugbank.ca/drugs/DB04258"
"170","Eplerenone (DB00700)","0.9401","http://www.drugbank.ca/drugs/DB00700"
"171","Desonide (DB01260)","0.9400","http://www.drugbank.ca/drugs/DB01260"
"172","CDB-2914 (DB05366)","0.9400","http://www.drugbank.ca/drugs/DB05366"
"173","Nalbuphine (DB00844)","0.9395","http://www.drugbank.ca/drugs/DB00844"
"174","Cis-4-Cyano-4-[3-(Cyclopentyloxy)-4-Methoxyphenyl]Cyclohexanecarboxylic Acid (DB03849)","0.9380","http://www.drugbank.ca/drugs/DB03849"
"175","Vecuronium (DB01339)","0.9374","http://www.drugbank.ca/drugs/DB01339"
"176","Mifepristone (DB00834)","0.9372","http://www.drugbank.ca/drugs/DB00834"
"177","Latanoprost (DB00654)","0.9361","http://www.drugbank.ca/drugs/DB00654"
"178","1-[Glycerolylphosphonyl]-2-[8-(2-Hexyl-Cyclopropyl)-Octanal-1-Yl]-3-[Hexadecanal-1-Yl]-Glycerol (DB03979)","0.9360","http://www.drugbank.ca/drugs/DB03979"
"179","2-Tridecanoyloxy-Pentadecanoic Acid (DB01814)","0.9346","http://www.drugbank.ca/drugs/DB01814"
"180","Rapacuronium (DB04834)","0.9344","http://www.drugbank.ca/drugs/DB04834"
"181","Hexadecyl Octanoate (DB02425)","0.9337","http://www.drugbank.ca/drugs/DB02425"
"182","(1S,6BR,9AS,11R,11BR)-9A,11B-DIMETHYL-1-[(METHYLOXY)METHYL]-3,6,9-TRIOXO-1,6,6B,7,8,9,9A,10,11,11B-DECAHYDRO-3H-FURO[4,3,2-DE]INDENO[4,5-H][2]BENZOPYRAN-11-YL ACETATE (DB08059)","0.9330","http://www.drugbank.ca/drugs/DB08059"
"183","Hyperforin (DB01892)","0.9289","http://www.drugbank.ca/drugs/DB01892"
"184","Remikiren (DB00212)","0.9283","http://www.drugbank.ca/drugs/DB00212"
"185","(3r,5r)-7-((1r,2r,6s,8r,8as)-2,6-Dimethyl-8-{[(2r)-2-Methylbutanoyl]Oxy}-1,2,6,7,8,8a-Hexahydronaphthalen-1-Yl)-3,5-Dihydroxyheptanoic Acid (DB03785)","0.9272","http://www.drugbank.ca/drugs/DB03785"
"186","13-Acetylphorbol (DB04376)","0.9267","http://www.drugbank.ca/drugs/DB04376"
"187","Orlistat (DB01083)","0.9266","http://www.drugbank.ca/drugs/DB01083"
"188","Pancuronium (DB01337)","0.9266","http://www.drugbank.ca/drugs/DB01337"
"189","Rocuronium (DB00728)","0.9266","http://www.drugbank.ca/drugs/DB00728"
"190","Hydrocodone (DB00956)","0.9263","http://www.drugbank.ca/drugs/DB00956"
"191","Mevastatin (DB06693)","0.9256","http://www.drugbank.ca/drugs/DB06693"
"192","Dronabinol (DB00470)","0.9256","http://www.drugbank.ca/drugs/DB00470"
"193","Simvastatin (DB00641)","0.9237","http://www.drugbank.ca/drugs/DB00641"
"194","Lovastatin (DB00227)","0.9234","http://www.drugbank.ca/drugs/DB00227"
"195","Ouabain (DB01092)","0.9231","http://www.drugbank.ca/drugs/DB01092"
"196","Dihydrocodeine (DB01551)","0.9227","http://www.drugbank.ca/drugs/DB01551"
"197","Methylnaltrexone (DB06800)","0.9223","http://www.drugbank.ca/drugs/DB06800"
"198","Phylloquinone (DB01022)","0.9220","http://www.drugbank.ca/drugs/DB01022"
"199","2,6,8-Trimethyl-3-Amino-9-Benzyl-9-Methoxynonanoic Acid (DB02506)","0.9216","http://www.drugbank.ca/drugs/DB02506"
"200","Forskolin (DB02587)","0.9207","http://www.drugbank.ca/drugs/DB02587"
"201","Drotebanol (DB01547)","0.9184","http://www.drugbank.ca/drugs/DB01547"
"202","Ixabepilone (DB04845)","0.9184","http://www.drugbank.ca/drugs/DB04845"
"203","Pravastatin (DB00175)","0.9180","http://www.drugbank.ca/drugs/DB00175"
"204","pravastatin and fenofibrate (DB05373)","0.9180","http://www.drugbank.ca/drugs/DB05373"
"205","3-[Aminoethylphosphoryl]-[1,2-Di-Palmitoyl]-Sn-Glycerol (DB01728)","0.9166","http://www.drugbank.ca/drugs/DB01728"
"206","(6S)-6-CYCLOPENTYL-6-[2-(3-FLUORO-4-ISOPROPOXYPHENYL)ETHYL]-4-HYDROXY-5,6-DIHYDRO-2H-PYRAN-2-ONE (DB08390)","0.9164","http://www.drugbank.ca/drugs/DB08390"
"207","Bimatoprost (DB00905)","0.9150","http://www.drugbank.ca/drugs/DB00905"
"208","Acetyldihydrocodeine (DB01538)","0.9147","http://www.drugbank.ca/drugs/DB01538"
"209","Beraprost (DB05229)","0.9139","http://www.drugbank.ca/drugs/DB05229"
"210","6-Deoxyerythronolide B (DB04070)","0.9135","http://www.drugbank.ca/drugs/DB04070"
"211","Oxycodone (DB00497)","0.9131","http://www.drugbank.ca/drugs/DB00497"
"212","Naloxone (DB01183)","0.9129","http://www.drugbank.ca/drugs/DB01183"
"213","Adamantane-1-Carboxylic Acid-5-Dimethylamino-Naphthalene-1-Sulfonylamino-Octyl-Amide (DB03031)","0.9127","http://www.drugbank.ca/drugs/DB03031"
"214","Ajmaline (DB01426)","0.9118","http://www.drugbank.ca/drugs/DB01426"
"215","1,2-Dipalmitoyl-Phosphatidyl-Glycerole (DB02043)","0.9076","http://www.drugbank.ca/drugs/DB02043"
"216","Lurasidone (DB08815)","0.9069","http://www.drugbank.ca/drugs/DB08815"
"217","Epothilone D (DB01873)","0.9051","http://www.drugbank.ca/drugs/DB01873"
"218","Epothilone B (DB03010)","0.9031","http://www.drugbank.ca/drugs/DB03010"
"219","Fosinopril (DB00492)","0.8999","http://www.drugbank.ca/drugs/DB00492"
"220","Aliskiren (DB01258)","0.8984","http://www.drugbank.ca/drugs/DB01258"
"221","Phosphatidyl ethanol (DB04752)","0.8978","http://www.drugbank.ca/drugs/DB04752"
"222","Tu-514 (DB01991)","0.8952","http://www.drugbank.ca/drugs/DB01991"
"223","Tetracycline (DB00759)","0.8941","http://www.drugbank.ca/drugs/DB00759"
"224","SR 31747 (DB05792)","0.8938","http://www.drugbank.ca/drugs/DB05792"
"225","Doxycycline (DB00254)","0.8927","http://www.drugbank.ca/drugs/DB00254"
"226","ginkgolide-A (DB06743)","0.8926","http://www.drugbank.ca/drugs/DB06743"
"227","4-[2-(3-Benzyloxycarbonylamino-4-Cyclohexyl-1-Hydroxy-2-Oxo-Butylamino)-5-Guanidino-Pentanoylamino]-4-(1-Carboxy-2-Cyclohexyl-Ethylcarbamoyl)-Butyric Acid (DB01984)","0.8925","http://www.drugbank.ca/drugs/DB01984"
"228","Codeine (DB00318)","0.8924","http://www.drugbank.ca/drugs/DB00318"
"229","Ethylmorphine (DB01466)","0.8919","http://www.drugbank.ca/drugs/DB01466"
"230","Lymecycline (DB00256)","0.8914","http://www.drugbank.ca/drugs/DB00256"
"231","Boceprevir  (DB08873)","0.8912","http://www.drugbank.ca/drugs/DB08873"
"232","SCH-503034 (DB05665)","0.8912","http://www.drugbank.ca/drugs/DB05665"
"233","1-Octadecyl-2-Acetamido-2-Deoxy-Sn-Glycerol-3-Phosphoethylmethyl Sulfide (DB04112)","0.8907","http://www.drugbank.ca/drugs/DB04112"
"234","Carboprost Tromethamine (DB00429)","0.8892","http://www.drugbank.ca/drugs/DB00429"
"235","N-[12-(1H-imidazol-1-yl)dodecanoyl]-L-leucine (DB08086)","0.8887","http://www.drugbank.ca/drugs/DB08086"
"236","N-Methylnaloxonium (DB04509)","0.8878","http://www.drugbank.ca/drugs/DB04509"
"237","Codeine-N-oxide (DB01568)","0.8874","http://www.drugbank.ca/drugs/DB01568"
"238","Enalkiren (DB03395)","0.8870","http://www.drugbank.ca/drugs/DB03395"
"239","Pipecuronium (DB01338)","0.8863","http://www.drugbank.ca/drugs/DB01338"
"240","Dinoprost Tromethamine (DB01160)","0.8861","http://www.drugbank.ca/drugs/DB01160"
"241","Adamantane-1-Carboxylic Acid-5-Dimethylamino-Naphthalene-1-Sulfonylamino-Butyl-Amide (DB04032)","0.8858","http://www.drugbank.ca/drugs/DB04032"
"242","ginkgolide-M (DB06747)","0.8857","http://www.drugbank.ca/drugs/DB06747"
"243","Tafluprost (DB08819)","0.8849","http://www.drugbank.ca/drugs/DB08819"
"244","Clomocycline (DB00453)","0.8848","http://www.drugbank.ca/drugs/DB00453"
"245","ginkgolide-J (DB06746)","0.8811","http://www.drugbank.ca/drugs/DB06746"
"246","C31G (DB05398)","0.8793","http://www.drugbank.ca/drugs/DB05398"
"247","MONOGALACTOSYL-DIACYLGLYCEROL (DB04735)","0.8789","http://www.drugbank.ca/drugs/DB04735"
"248","ginkgolide-B (DB06744)","0.8787","http://www.drugbank.ca/drugs/DB06744"
"249","Oxytetracycline (DB00595)","0.8785","http://www.drugbank.ca/drugs/DB00595"
"250","N-DODECANOYL-L-TYROSINE (DB08275)","0.8784","http://www.drugbank.ca/drugs/DB08275"
"251","Diundecyl Phosphatidyl Choline (DB02777)","0.8773","http://www.drugbank.ca/drugs/DB02777"
"252","LFA703 (DB03932)","0.8765","http://www.drugbank.ca/drugs/DB03932"
"253","Heroin (DB01452)","0.8765","http://www.drugbank.ca/drugs/DB01452"
"254","Lpc-Ether (DB03633)","0.8754","http://www.drugbank.ca/drugs/DB03633"
"255","(21S)-1AZA-4,4-DIMETHYL-6,19-DIOXA-2,3,7,20-TETRAOXOBICYCLO[19.4.0] PENTACOSANE (DB08520)","0.8739","http://www.drugbank.ca/drugs/DB08520"
"256","SIMEPREVIR (DB06290)","0.8734","http://www.drugbank.ca/drugs/DB06290"
"257","Levocabastine (DB01106)","0.8717","http://www.drugbank.ca/drugs/DB01106"
"258","Travoprost (DB00287)","0.8710","http://www.drugbank.ca/drugs/DB00287"
"259","N-[(2R,3S)-1-((2S)-2-{[(CYCLOPENTYLAMINO)CARBONYL]AMINO}-3-METHYLBUTANOYL)-2-(1-FORMYL-1-CYCLOBUTYL)PYRROLIDINYL]CYCLOPROPANECARBOXAMIDE (DB07582)","0.8704","http://www.drugbank.ca/drugs/DB07582"
"260","4-{4-[2-(1A,7A-DIMETHYL-4-OXY-OCTAHYDRO-1-OXA-4-AZA-CYCLOPROPA[A]NAPHTHALEN-4-YL) -ACETYLAMINO]-PHENYLCARBAMOYL}-BUTYRIC ACID (DB07882)","0.8699","http://www.drugbank.ca/drugs/DB07882"
"261","Picrotoxin (DB00466)","0.8699","http://www.drugbank.ca/drugs/DB00466"
"262","Rolitetracycline (DB01301)","0.8698","http://www.drugbank.ca/drugs/DB01301"
"263","Oxybutynin (DB01062)","0.8698","http://www.drugbank.ca/drugs/DB01062"
"264","Codeine methylbromide (DB01477)","0.8677","http://www.drugbank.ca/drugs/DB01477"
"265","Minocycline (DB01017)","0.8671","http://www.drugbank.ca/drugs/DB01017"
"266","ginkgolide-C (DB06745)","0.8663","http://www.drugbank.ca/drugs/DB06745"
"267","Tirofiban (DB00775)","0.8655","http://www.drugbank.ca/drugs/DB00775"
"268","Telaprevir (DB05521)","0.8628","http://www.drugbank.ca/drugs/DB05521"
"269","3-(4-Amino-2-Tert-Butyl-5-Methyl-Phenylsulfanyl)-6-Cyclopentyl-4-Hydroxy-6-[2-(4-Hydroxy-Phenyl)-Ethyl]-5,6-Dihydro-Pyran-2-One (DB04298)","0.8608","http://www.drugbank.ca/drugs/DB04298"
"270","SLV 306 (DB05796)","0.8597","http://www.drugbank.ca/drugs/DB05796"
"271","Lysophosphatidylglycerol (DB03438)","0.8594","http://www.drugbank.ca/drugs/DB03438"
"272","Violaxanthin (DB03460)","0.8591","http://www.drugbank.ca/drugs/DB03460"
"273","Glycopyrrolate (DB00986)","0.8571","http://www.drugbank.ca/drugs/DB00986"
"274","Maraviroc (DB04835)","0.8560","http://www.drugbank.ca/drugs/DB04835"
"275","Mupirocin (DB00410)","0.8545","http://www.drugbank.ca/drugs/DB00410"
"276","Voacamine (DB04877)","0.8539","http://www.drugbank.ca/drugs/DB04877"
"277","Homoharringtonine (DB04865)","0.8536","http://www.drugbank.ca/drugs/DB04865"
"278","PPI-2458 (DB05864)","0.8533","http://www.drugbank.ca/drugs/DB05864"
"279","difluoro(5-{2-[(5-octyl-1H-pyrrol-2-yl-kappaN)methylidene]-2H-pyrrol-5-yl-kappaN}pentanoato)boron (DB07509)","0.8526","http://www.drugbank.ca/drugs/DB07509"
"280","Peridinin (DB03001)","0.8497","http://www.drugbank.ca/drugs/DB03001"
"281","[Cyclohexylethyl]-[[[[4-[2-Methyl-1-Imidazolyl-Butyl]Phenyl]Acetyl]-Seryl]-Lysinyl]-Amine (DB02477)","0.8473","http://www.drugbank.ca/drugs/DB02477"
"282","(S)-N-(4-carbamimidoylbenzyl)-1-(3-cyclohexylpropanoyl)pyrrolidine-2-carboxamide (DB07131)","0.8450","http://www.drugbank.ca/drugs/DB07131"
"283","4-{2-(4-Fluoro-Benzyl)-6-Methyl-5-[(5-Methyl-Isoxazole-3-Carbonyl)-Amino]-4-Oxo-Heptanoylamino}-5-(2-Oxo-Pyrrolidin-3-Yl)-Pentanoic Acid Ethyl Ester (DB02313)","0.8438","http://www.drugbank.ca/drugs/DB02313"
"284","Oxyphenonium (DB00219)","0.8431","http://www.drugbank.ca/drugs/DB00219"
"285","Platelet Activating Factor (DB02261)","0.8426","http://www.drugbank.ca/drugs/DB02261"
"286","3-cyclohexyl-D-alanyl-N-(3-chlorobenzyl)-L-prolinamide (DB07190)","0.8423","http://www.drugbank.ca/drugs/DB07190"
"287","Fusicoccin (DB01780)","0.8395","http://www.drugbank.ca/drugs/DB01780"
"288","Tigecycline (DB00560)","0.8357","http://www.drugbank.ca/drugs/DB00560"
"289","Aeruginosin 98-B (DB04391)","0.8242","http://www.drugbank.ca/drugs/DB04391"
"290","Trandolapril (DB00519)","0.8233","http://www.drugbank.ca/drugs/DB00519"
"291","Motuporin (DB04738)","0.8224","http://www.drugbank.ca/drugs/DB04738"
"292","(2S,3S)-4-cyclopropyl-3-{(3R,5R)-3-[2-fluoro-4-(methylsulfonyl)phenyl]-1,2,4-oxadiazolidin-5-yl}-1-[(3S)-3-fluoropyrrolidin-1-yl]-1-oxobutan-2-amine (DB06993)","0.8201","http://www.drugbank.ca/drugs/DB06993"
"293","AG7088 (DB05102)","0.8193","http://www.drugbank.ca/drugs/DB05102"
"294","Latrunculin A (DB02621)","0.8160","http://www.drugbank.ca/drugs/DB02621"
"295","Benzylmorphine (DB01573)","0.8136","http://www.drugbank.ca/drugs/DB01573"
"296","N-cyclopropyl-N-(trans-4-pyridin-3-ylcyclohexyl)-4-[(1S)-2,2,2-trifluoro-1-hydroxy-1-methylethyl]benzamide (DB07619)","0.8133","http://www.drugbank.ca/drugs/DB07619"
"297","Fumagillin (DB02640)","0.8133","http://www.drugbank.ca/drugs/DB02640"
"298","L-Alpha-Phosphatidyl-Beta-Oleoyl-Gamma-Palmitoyl-Phosphatidylethanolamine (DB03047)","0.8075","http://www.drugbank.ca/drugs/DB03047"
"299","Ramipril (DB00178)","0.8070","http://www.drugbank.ca/drugs/DB00178"
"300","4-[3-Carboxymethyl-3-(4-Phosphonooxy-Benzyl)-Ureido]-4-[(3-Cyclohexyl-Propyl)-Methyl-Carbamoyl]Butyric Acid (DB01773)","0.8054","http://www.drugbank.ca/drugs/DB01773"
"301","Soraphen A (DB02859)","0.8033","http://www.drugbank.ca/drugs/DB02859"
"302","N-[(1S)-2-{[(1R)-2-(benzyloxy)-1-cyano-1-methylethyl]amino}-1-(cyclohexylmethyl)-2-oxoethyl]morpholine-4-carboxamide (DB08755)","0.8033","http://www.drugbank.ca/drugs/DB08755"
"303","Mibefradil (DB01388)","0.8014","http://www.drugbank.ca/drugs/DB01388"
"304","Clindamycin (DB01190)","0.7995","http://www.drugbank.ca/drugs/DB01190"
"305","N-[(1S)-2-[(4-cyano-1-methylpiperidin-4-yl)amino]-1-(cyclohexylmethyl)-2-oxoethyl]morpholine-4-carboxamide (DB08752)","0.7995","http://www.drugbank.ca/drugs/DB08752"
"306","N-{1-[(1-carbamoylcyclopropyl)methyl]piperidin-4-yl}-N-cyclopropyl-4-[(1S)-2,2,2-trifluoro-1-hydroxy-1-methylethyl]benzamide (DB07316)","0.7984","http://www.drugbank.ca/drugs/DB07316"
"307","5-METHYL-3-(9-OXO-1,8-DIAZA-TRICYCLO[10.6.1.013,18]NONADECA-12(19),13,15,17-TETRAEN-10-YLCARBAMOYL)-HEXANOIC ACID (DB08493)","0.7976","http://www.drugbank.ca/drugs/DB08493"
"308","Tetrabenazine (DB04844)","0.7964","http://www.drugbank.ca/drugs/DB04844"
"309","Buspirone (DB00490)","0.7939","http://www.drugbank.ca/drugs/DB00490"
"310","10-CF3C(OH)2-DDACTHF (DB03546)","0.7928","http://www.drugbank.ca/drugs/DB03546"
"311","MMI-175 (DB02378)","0.7925","http://www.drugbank.ca/drugs/DB02378"
"312","Nelfinavir (DB00220)","0.7924","http://www.drugbank.ca/drugs/DB00220"
"313","VRX496 (DB05251)","0.7924","http://www.drugbank.ca/drugs/DB05251"
"314","CARBOBENZYLOXY-(L)-LEUCINYL-(L)LEUCINYL METHOXYMETHYLKETONE (DB08526)","0.7883","http://www.drugbank.ca/drugs/DB08526"
"315","1-[2-AMINO-2-CYCLOHEXYL-ACETYL]-PYRROLIDINE-3-CARBOXYLIC ACID 5-CHLORO-2-(2-ETHYLCARBAMOYL-ETHOXY)-BENZYLAMIDE (DB06869)","0.7877","http://www.drugbank.ca/drugs/DB06869"
"316","N4-HYDROXY-2-ISOBUTYL-N1-(9-OXO-1,8-DIAZA-TRICYCLO[10.6.1.013,18]NONADECA-12(19),13,15,17-TETRAEN-10-YL)-SUCCINAMIDE (DB08489)","0.7873","http://www.drugbank.ca/drugs/DB08489"
"317","Lincomycin (DB01627)","0.7858","http://www.drugbank.ca/drugs/DB01627"
"318","Furethidine (DB01464)","0.7844","http://www.drugbank.ca/drugs/DB01464"
"319","METHYL-PHE-PRO-AMINO-CYCLOHEXYLGLYCINE (DB08187)","0.7843","http://www.drugbank.ca/drugs/DB08187"
"320","Cyclohexyl-Hexyl-Beta-D-Maltoside (DB03472)","0.7826","http://www.drugbank.ca/drugs/DB03472"
"321","(3s)-Tetrahydrofuran-3-Yl (1r,2s)-3-[4-((1r)-2-{[(S)-Amino(Hydroxy)Methyl]Oxy}-2,3-Dihydro-1h-Inden-1-Yl)-2-Benzyl-3-Oxopyrrolidin-2-Yl]-1-Benzyl-2-Hydroxypropylcarbamate (DB01824)","0.7815","http://www.drugbank.ca/drugs/DB01824"
"322","1-{2-[2-(2-Methoxyethoxy)Ethoxy]Ethoxy}-4-(1,1,3,3-Tetramethylbutyl)Benzene (DB02080)","0.7793","http://www.drugbank.ca/drugs/DB02080"
"323","(2S,4S,5R)-2-ISOBUTYL-5-(2-THIENYL)-1-[4-(TRIFLUOROMETHYL)BENZOYL]PYRROLIDINE-2,4-DICARBOXYLIC ACID (DB07200)","0.7751","http://www.drugbank.ca/drugs/DB07200"
"324","{4-[2-Acetylamino-2-(3-Carbamoyl-2-Cyclohexylmethoxy-6,7,8,9-Tetrahydro-5h-Benzocyclohepten-5ylcarbamoyl)-Ethyl]-2-Phosphono-Phenyl}-Phosphonic Acid (DB01830)","0.7746","http://www.drugbank.ca/drugs/DB01830"
"325","Streptolydigin (DB04785)","0.7718","http://www.drugbank.ca/drugs/DB04785"
"326","Argatroban (DB00278)","0.7701","http://www.drugbank.ca/drugs/DB00278"
"327","2-{N'-[2-(5-Amino-1-Phenylcarbamoyl-Pentylcarbamoyl)-Hexyl]-Hydrazinomethyl}-Hexanoic Acid(5-Amino-1-Phenylcarbamoyl-Pentyl)-Amide (DB03648)","0.7697","http://www.drugbank.ca/drugs/DB03648"
"328","Cyclohexyl-pentyl-maltoside (DB04664)","0.7697","http://www.drugbank.ca/drugs/DB04664"
"329","Tipranavir (DB00932)","0.7693","http://www.drugbank.ca/drugs/DB00932"
"330","[[CYCLOHEXANESULFONYL-GLYCYL]-3[PYRIDIN-4-YL-AMINOMETHYL]ALANYL]PIPERIDINE (DB07934)","0.7643","http://www.drugbank.ca/drugs/DB07934"
"331","5'-S-[2-(decylamino)ethyl]-5'-thioadenosine (DB07413)","0.7642","http://www.drugbank.ca/drugs/DB07413"
"332","Ibutilide (DB00308)","0.7631","http://www.drugbank.ca/drugs/DB00308"
"333","Octylphenoxy polyethoxyethanol (DB04682)","0.7623","http://www.drugbank.ca/drugs/DB04682"
"334","Xanthophyll (DB00137)","0.7607","http://www.drugbank.ca/drugs/DB00137"
"335","Ximelagatran (DB04898)","0.7597","http://www.drugbank.ca/drugs/DB04898"
"336","Donepezil (DB00843)","0.7590","http://www.drugbank.ca/drugs/DB00843"
"337","(E)-(4S,6S)-6-((S)-2-{(S)-2-[(FURAN-2-CARBONYL)-AMINO]-3-METHYL-BUTYRYLAMINO}-3-METHYL-BUTYRYLAMINO)-8-METHYL-5-OXO-4-((R)-2-OXO-PYRROLIDIN-3-YLMETHYL)-NON-2-ENOIC ACID ETHYL ESTER (DB04613)","0.7577","http://www.drugbank.ca/drugs/DB04613"
"338","N-cyclooctylglycyl-N-(4-carbamimidoylbenzyl)-L-prolinamide (DB06858)","0.7564","http://www.drugbank.ca/drugs/DB06858"
"339","(4ar,6s,8ar)-11-[8-(1,3-Dioxo-1,3-Dihydro-2h-Isoindol-2-Yl)Octyl]-6-Hydroxy-3-Methoxy-5,6,9,10-Tetrahydro-4ah-[1]Benzofuro[3a,3,2-Ef][2]Benzazepin-11-Ium (DB02673)","0.7558","http://www.drugbank.ca/drugs/DB02673"
"340","Deserpidine (DB01089)","0.7553","http://www.drugbank.ca/drugs/DB01089"
"341","Saquinavir (DB01232)","0.7540","http://www.drugbank.ca/drugs/DB01232"
"342","Geldanamycin (DB02424)","0.7538","http://www.drugbank.ca/drugs/DB02424"
"343","2-[(2e,6e,10e,14e,18e,22e,26e)-3,7,11,15,19,23,27,31-Octamethyldotriaconta-2,6,10,14,18,22,26,30-Octaenyl]Phenol (DB03232)","0.7523","http://www.drugbank.ca/drugs/DB03232"
"344","Oxeladin (DB04822)","0.7508","http://www.drugbank.ca/drugs/DB04822"
"345","(S)-N-(4-carbamimidoylbenzyl)-1-(2-(cyclohexyloxy)ethanoyl)pyrrolidine-2-carboxamide (DB07091)","0.7497","http://www.drugbank.ca/drugs/DB07091"
"346","1-{[(3R)-3-methyl-4-({4-[(1S)-2,2,2-trifluoro-1-hydroxy-1-methylethyl]phenyl}sulfonyl)piperazin-1-yl]methyl}cyclopropanecarboxamide (DB07624)","0.7489","http://www.drugbank.ca/drugs/DB07624"
"347","Rescinnamine (DB01180)","0.7445","http://www.drugbank.ca/drugs/DB01180"
"348","Reserpine (DB00206)","0.7417","http://www.drugbank.ca/drugs/DB00206"
"349","17-Dmag (DB03080)","0.7413","http://www.drugbank.ca/drugs/DB03080"
"350","Fenretinide (DB05076)","0.7400","http://www.drugbank.ca/drugs/DB05076"
"351","Benzylpenicilloyl Polylysine (DB00895)","0.7349","http://www.drugbank.ca/drugs/DB00895"
"352","(4e,8e,12z,16z)-N,N,4,8,13,17,21-Heptamethyldocosa-4,8,12,16,20-Pentaen-1-Amine (DB03874)","0.7348","http://www.drugbank.ca/drugs/DB03874"
"353","SR 140333 (DB05790)","0.7346","http://www.drugbank.ca/drugs/DB05790"
"354","N-cycloheptylglycyl-N-(4-carbamimidoylbenzyl)-L-prolinamide (DB06853)","0.7323","http://www.drugbank.ca/drugs/DB06853"
"355","Dodecyl-Alpha-D-Maltoside (DB03279)","0.7278","http://www.drugbank.ca/drugs/DB03279"
"356","Carboxymycobactin T (DB04043)","0.7276","http://www.drugbank.ca/drugs/DB04043"
"357","Carfilzomib  (DB08889)","0.7273","http://www.drugbank.ca/drugs/DB08889"
"358","N-(1-CYANOCYCLOPROPYL)-3-({[(2S)-5-OXOPYRROLIDIN-2-YL]METHYL}SULFONYL)-N~2~-[(1S)-2,2,2-TRIFLUORO-1-(4-FLUOROPHENYL)ETHYL]-L-ALANINAMIDE (DB07587)","0.7265","http://www.drugbank.ca/drugs/DB07587"
"359","(E)-(4S,6S)-8-METHYL-6-((S)-3-METHYL-2-{(S)-2-[(5-METHYL-ISOXAZOLE-3-CARBONYL)-AMINO]-PROPIONYLAMINO}-BUTYRYLAMINO)-5-OXO-4-((R)-2-OXO-PYRROLIDIN-3-YLMETHYL)-NON-2-ENOIC ACID BENZYL ESTER (DB04595)","0.7259","http://www.drugbank.ca/drugs/DB04595"
"360","Cinitapride (DB08810)","0.7244","http://www.drugbank.ca/drugs/DB08810"
"361","Inhibitor Bea322 (DB03908)","0.7239","http://www.drugbank.ca/drugs/DB03908"
"362","Lisinopril (DB00722)","0.7234","http://www.drugbank.ca/drugs/DB00722"
"363","octyl 3-amino-3-deoxy-2-O-(2,6-dideoxy-alpha-L-lyxo-hexopyranosyl)-beta-D-galactopyranoside (DB07341)","0.7226","http://www.drugbank.ca/drugs/DB07341"
"364","(E)-(S)-4-[(S)-4-METHYL-2-((S)-3-METHYL-2{(S)-2-[(5-METHYL-ISOXAZOLE-3- CARBONYL)-AMINO]-PROPIONYLAMINO}-BUTYRYLAMINO)-PENTANOYLAMINO]-5-((S)-2- OXO-PYRROLIDIN-3-YL)-PENT-2-ENOIC ACID ETHYL ESTER (DB04710)","0.7216","http://www.drugbank.ca/drugs/DB04710"
"365","(E)-(S)-4-[(S)-2-((S)-2-TERT-BUTOXYCARBONYLAMINO-3-METHYL-BUTYRYLAMINO)-2-PHENYL-ACETYLAMINO]-5-(2-OXO-PYRROLIDIN-3-YL)-PENT-2-ENOIC ACID ETHYL ESTER (DB04692)","0.7215","http://www.drugbank.ca/drugs/DB04692"
"366","Gentamicin (DB00798)","0.7205","http://www.drugbank.ca/drugs/DB00798"
"367","Quinidine barbiturate (DB01346)","0.7205","http://www.drugbank.ca/drugs/DB01346"
"368","Skf 107457 (DB04191)","0.7201","http://www.drugbank.ca/drugs/DB04191"
"369","1-[3,3-Dimethyl-2-(2-Methylamino-Propionylamino)-Butyryl]-Pyrrolidine-2-Carboxylic Acid(1,2,3,4-Tetrahydro-Naphthalen-1-Yl)-Amide (DB02628)","0.7178","http://www.drugbank.ca/drugs/DB02628"
"370","Methyl-[4-(4-Piperidine-1-Ylmethyl-Phenyl)-Cyclohexyl]-Carbaminic Acid-(4-Chlorophenyl)-Ester (DB03748)","0.7170","http://www.drugbank.ca/drugs/DB03748"
"371","Ertapenem (DB00303)","0.7149","http://www.drugbank.ca/drugs/DB00303"
"372","CBZ-LEU-LEU-TYR-CH2F (DB04653)","0.7135","http://www.drugbank.ca/drugs/DB04653"
"373","Virginiamycin M1 (DB01669)","0.7135","http://www.drugbank.ca/drugs/DB01669"
"374","METHYL N-[(2S,3R)-3-AMINO-2-HYDROXY-3-(4-ISOPROPYLPHENYL)PROPANOYL]-D-ALANYL-D-LEUCINATE (DB08670)","0.7130","http://www.drugbank.ca/drugs/DB08670"
"375","Natamycin (DB00826)","0.7129","http://www.drugbank.ca/drugs/DB00826"
"376","Undecyl-Beta-D-Maltopyranoside (DB02686)","0.7105","http://www.drugbank.ca/drugs/DB02686"
"377","Verapamil (DB00661)","0.7095","http://www.drugbank.ca/drugs/DB00661"
"378","GENTAMICIN C1A (DB04729)","0.7089","http://www.drugbank.ca/drugs/DB04729"
"379","Dalfopristin (DB01764)","0.7070","http://www.drugbank.ca/drugs/DB01764"
"380","(4-{2-Acetylamino-2-[1-(3-Carbamoyl-4-Cyclohexylmethoxy-Phenyl)-Ethylcarbamoyl}-Ethyl}-2-Phosphono-Phenoxy)-Acetic Acid (DB04003)","0.7064","http://www.drugbank.ca/drugs/DB04003"
"381","AUROVERTIN B (DB07394)","0.7055","http://www.drugbank.ca/drugs/DB07394"
"382","(3-{3-[[2-Chloro-3-(Trifluoromethyl)Benzyl](2,2-Diphenylethyl)Amino]Propoxy}Phenyl)Acetic Acid (DB03791)","0.7028","http://www.drugbank.ca/drugs/DB03791"
"383","Ipratropium bromide (DB00332)","0.7028","http://www.drugbank.ca/drugs/DB00332"
"384","2-[3,4-Dihydroxy-2-Hydroxymethyl-5-(2-Hydroxy-Nonyl)-Tetrahydro-Furan-2-Yloxy]-6-Hydroxymethyl-Tetra Hydro-Pyran-3,4,5-Triol (DB01998)","0.6962","http://www.drugbank.ca/drugs/DB01998"
"385","octyl 3-deoxy-2-O-(6-deoxy-alpha-L-galactopyranosyl)-beta-D-xylo-hexopyranoside (DB07633)","0.6944","http://www.drugbank.ca/drugs/DB07633"
"386","Arbekacin (DB06696)","0.6934","http://www.drugbank.ca/drugs/DB06696"
"387","Cilazapril (DB01340)","0.6926","http://www.drugbank.ca/drugs/DB01340"
"388","Terfenadine (DB00342)","0.6919","http://www.drugbank.ca/drugs/DB00342"
"389","N-[2-Hydroxy-2-(8-Isopropyl-6,9-Dioxo-2-Oxa-7,10-Diaza-Bicyclo[11.2.2]Heptadeca-1(16),13(17),14-Trien-11-Yl)-Ethyl]-N-(3-Methyl-Butyl)-Benzenesulfonamide,Inhibitor 3 (DB03768)","0.6917","http://www.drugbank.ca/drugs/DB03768"
"390","BENZYL N-({(2S,3S)-3-[(PROPYLAMINO)CARBONYL]OXIRAN-2-YL}CARBONYL)-L-ISOLEUCYL-L-PROLINATE (DB07219)","0.6903","http://www.drugbank.ca/drugs/DB07219"
"391","Fexofenadine (DB00950)","0.6900","http://www.drugbank.ca/drugs/DB00950"
"392","1-GUANIDINO-4-(N-PHENYLMETHANESULFONYL-L-LEUCYL-L-PROLYLAMINO)BUTANE (DB04772)","0.6900","http://www.drugbank.ca/drugs/DB04772"
"393","Deferoxamine (DB00746)","0.6881","http://www.drugbank.ca/drugs/DB00746"
"394","N-({(2S,3S)-3-[(BENZYLAMINO)CARBONYL]OXIRAN-2-YL}CARBONYL)-L-ISOLEUCYL-L-PROLINE (DB07231)","0.6861","http://www.drugbank.ca/drugs/DB07231"
"395","FKB-001 (DB02888)","0.6801","http://www.drugbank.ca/drugs/DB02888"
"396","N-METHYLALANYL-3-METHYLVALYL-4-PHENOXY-N-(1,2,3,4-TETRAHYDRONAPHTHALEN-1-YL)PROLINAMIDE (DB04612)","0.6788","http://www.drugbank.ca/drugs/DB04612"
"397","AGI-1067 (DB05399)","0.6787","http://www.drugbank.ca/drugs/DB05399"
"398","4-(1R,3AS,4R,8AS,8BR)-[1-DIFLUOROMETHYL-2-(4-FLUOROBENZYL)-3-OXODECAHYDROPYRROLO[3,4-A]PYRROLIZIN-4-YL]BENZAMIDINE (DB07741)","0.6787","http://www.drugbank.ca/drugs/DB07741"
"399","Mdl 101,146 (DB02341)","0.6762","http://www.drugbank.ca/drugs/DB02341"
"400","Ergoloid mesylate (DB01049)","0.6734","http://www.drugbank.ca/drugs/DB01049"
"401","G418 (DB04263)","0.6709","http://www.drugbank.ca/drugs/DB04263"
"402","Netilmicin (DB00955)","0.6708","http://www.drugbank.ca/drugs/DB00955"
"403","2-[4-[[(S)-1-[[(S)-2-[[(Rs)-3,3,3-Trifluoro-1-Isopropyl-2-Oxopropyl]Aminocarbonyl]Pyrrolidin-1-Yl-]Carbonyl]-2-Methylpropyl]Aminocarbonyl]Benzoylamino]Acetic Acid (DB03702)","0.6705","http://www.drugbank.ca/drugs/DB03702"
"404","Gliquidone (DB01251)","0.6702","http://www.drugbank.ca/drugs/DB01251"
"405","Trospium (DB00209)","0.6655","http://www.drugbank.ca/drugs/DB00209"
"406","BOC-GAMMA-D-GLU-L-LYS(CBZ)-D-BOROALA (DB04647)","0.6649","http://www.drugbank.ca/drugs/DB04647"
"407","AC-(D)PHE-PRO-BOROHOMOLYS-OH (DB07659)","0.6620","http://www.drugbank.ca/drugs/DB07659"
"408","Bromocriptine (DB01200)","0.6607","http://www.drugbank.ca/drugs/DB01200"
"409","Etoposide (DB00773)","0.6564","http://www.drugbank.ca/drugs/DB00773"
"410","N-[2(S)-Cyclopentyl-1(R)-Hydroxy-3(R)Methyl]-5-[(2(S)-Tertiary-Butylamino-Carbonyl)-4-(N1-(2)-(N-Methylpiperazinyl)-3-Chloro-Pyrazinyl-5-Carbonyl)-Piperazino]-4(S)-Hydroxy-2(R)-Phenylmethyl-Pentanamide (DB02785)","0.6534","http://www.drugbank.ca/drugs/DB02785"
"411","Solifenacin (DB01591)","0.6532","http://www.drugbank.ca/drugs/DB01591"
"412","Probucol (DB01599)","0.6498","http://www.drugbank.ca/drugs/DB01599"
"413","2-(11-{2-[Benzenesulfonyl-(3-Methyl-Butyl)-Amino]-1-Hydroxy-Ethyl}-6,9-Dioxo-2-Oxa-7,10-Diaza-Bicyclo[11.2.2]Heptadeca-1(16),13(17),14-Trien-8-Yl)-Acetamide, Inhibitor 2 (DB02411)","0.6489","http://www.drugbank.ca/drugs/DB02411"
"414","Osanetant (DB04872)","0.6477","http://www.drugbank.ca/drugs/DB04872"
"415","Darunavir (DB01264)","0.6474","http://www.drugbank.ca/drugs/DB01264"
"416","N-[1-(AMINOMETHYL)CYCLOPROPYL]-3-(MORPHOLIN-4-YLSULFONYL)-N~2~-[(1S)-2,2,2-TRIFLUORO-1-(4-FLUOROPHENYL)ETHYL]-L-ALANINAMIDE (DB07520)","0.6442","http://www.drugbank.ca/drugs/DB07520"
"417","Salmeterol (DB00938)","0.6440","http://www.drugbank.ca/drugs/DB00938"
"418","Teniposide (DB00444)","0.6432","http://www.drugbank.ca/drugs/DB00444"
"419","Gadofosveset trisodium (DB06705)","0.6426","http://www.drugbank.ca/drugs/DB06705"
"420","1-[N[(Phenylmethoxy)Carbonyl]-L-Leucyl-4-[[N/N-[(Phenylmethoxy)Carbonyl]-/Nl-Leucyl]Amino]-3-Pyrrolidinone/N (DB03405)","0.6416","http://www.drugbank.ca/drugs/DB03405"
"421","N-(4-bromo-2-{[(3R,5S)-3,5-dimethylpiperidin-1-yl]carbonyl}phenyl)-4-morpholin-4-yl-4-oxobutanamide (DB08582)","0.6382","http://www.drugbank.ca/drugs/DB08582"
"422","(1r)-4-[(1e,3e,5e,7z,9e,11z,13e,15e)-17-Hydroxy-3,7,12,16-Tetramethylheptadeca-1,3,5,7,9,11,13,15-Octaen-1-Yl]-3,5,5-Trimethylcyclohex-3-En-1-Ol (DB02253)","0.6370","http://www.drugbank.ca/drugs/DB02253"
"423","(4Z)-2,8:7,12:11,15:14,18:17,22-PENTAANHYDRO-4,5,6,9,10,13,19,20,21-NONADEOXY-D-ARABINO-D-ALLO-D-ALLO-DOCOSA-4,9,20-TRIENITOL (DB07716)","0.6365","http://www.drugbank.ca/drugs/DB07716"
"424","Repaglinide (DB00912)","0.6353","http://www.drugbank.ca/drugs/DB00912"
"425","N-Octanoyl-B-D-Fructofuranosyl-a-D-Glucopyranoside,Sucrose Monocaproylate (DB03190)","0.6343","http://www.drugbank.ca/drugs/DB03190"
"426","Nebivolol (DB04861)","0.6340","http://www.drugbank.ca/drugs/DB04861"
"427","3'-O-N-Octanoyl-a-D-Glucopyranosyl-B-D-Fructofuranoside (DB02346)","0.6318","http://www.drugbank.ca/drugs/DB02346"
"428","Chymostatin (DB01683)","0.6287","http://www.drugbank.ca/drugs/DB01683"
"429","Mesobiliverdin Iv Alpha (DB04363)","0.6224","http://www.drugbank.ca/drugs/DB04363"
"430","Valrubicin (DB00385)","0.6220","http://www.drugbank.ca/drugs/DB00385"
"431","Pivampicillin (DB01604)","0.6199","http://www.drugbank.ca/drugs/DB01604"
"432","Spirapril (DB01348)","0.6198","http://www.drugbank.ca/drugs/DB01348"
"433","Dihydroergotamine (DB00320)","0.6196","http://www.drugbank.ca/drugs/DB00320"
"434","Cabergoline (DB00248)","0.6178","http://www.drugbank.ca/drugs/DB00248"
"435","Brecanavir (DB04887)","0.6171","http://www.drugbank.ca/drugs/DB04887"
"436","Ncs-Chromophore (DB04408)","0.6140","http://www.drugbank.ca/drugs/DB04408"
"437","PNU177836 (DB02977)","0.6128","http://www.drugbank.ca/drugs/DB02977"
"438","Flupentixol (DB00875)","0.6105","http://www.drugbank.ca/drugs/DB00875"
"439","SR12813 (DB04466)","0.6079","http://www.drugbank.ca/drugs/DB04466"
"440","4-Oxo-2-Phenylmethanesulfonyl-Octahydro-Pyrrolo[1,2-a]Pyrazine-6-Carboxylic Acid [1-(N-Hydroxycarbamimidoyl)-Piperidin-4-Ylmethyl]-Amide (DB02723)","0.6078","http://www.drugbank.ca/drugs/DB02723"
"441","Indinavir (DB00224)","0.6064","http://www.drugbank.ca/drugs/DB00224"
"442","Carbobenzoxy-Pro-Lys-Phe-Y(Po2)-Ala-Pro-Ome (DB01989)","0.6056","http://www.drugbank.ca/drugs/DB01989"
"443","1-(2-{[(6-AMINO-2-METHYLPYRIDIN-3-YL)METHYL]AMINO}ETHYL)-6-CHLORO-3-[(2,2-DIFLUORO-2-PYRIDIN-2-YLETHYL)AMINO]-1,4-DIHYDROPYRAZIN-2-OL (DB07515)","0.6053","http://www.drugbank.ca/drugs/DB07515"
"444","Apstatin (DB04092)","0.5997","http://www.drugbank.ca/drugs/DB04092"
"445","4-O-(4,6-Dideoxy-4-{[4,5,6-Trihydroxy-3-(Hydroxymethyl)Cyclohex-2-En-1-Yl]Amino}-Beta-D-Lyxo-Hexopyranosyl)-Alpha-D-Erythro-Hexopyranose (DB02889)","0.5964","http://www.drugbank.ca/drugs/DB02889"
"446","Benzquinamide (DB00767)","0.5953","http://www.drugbank.ca/drugs/DB00767"
"447","K201 (DB02929)","0.5940","http://www.drugbank.ca/drugs/DB02929"
"448","SC-74020 (DB01630)","0.5940","http://www.drugbank.ca/drugs/DB01630"
"449","Morpholine-4-Carboxylic Acid (1-(3-Benzenesulfonyl-1-Phenethylallylcarbamoyl)-3-Methylbutyl)-Amide (DB03837)","0.5926","http://www.drugbank.ca/drugs/DB03837"
"450","4-Methoxy-E-Rhodomycin T (DB03199)","0.5925","http://www.drugbank.ca/drugs/DB03199"
"451","Dronedarone (DB04855)","0.5886","http://www.drugbank.ca/drugs/DB04855"
"452","Nonoxynol-9 (DB06804)","0.5880","http://www.drugbank.ca/drugs/DB06804"
"453","4-Amino-N-{4-[2-(2,6-Dimethyl-Phenoxy)-Acetylamino]-3-Hydroxy-1-Isobutyl-5-Phenyl-Pentyl}-Benzamide (DB04373)","0.5877","http://www.drugbank.ca/drugs/DB04373"
"454","3-Amino-N-{4-[2-(2,6-Dimethyl-Phenoxy)-Acetylamino]-3-Hydroxy-1-Isobutyl-5-Phenyl-Pentyl}-Benzamide (DB04378)","0.5877","http://www.drugbank.ca/drugs/DB04378"
"455","N-{1-[5-(1-Carbamoyl-2-Mercapto-Ethylcarbamoyl)-Pentylcarbamoyl]-2-[4-(Difluoro-Phosphono-Methyl)-Phenyl]-Ethyl}-3-{2-[4-(Difluoro-Phosphono-Methyl)-Phenyl]-Acetylamino}-Succinamic Acid (DB03557)","0.5862","http://www.drugbank.ca/drugs/DB03557"
"456","Cephalosporin Analog (DB02136)","0.5835","http://www.drugbank.ca/drugs/DB02136"
"457","Fesoterodine (DB06702)","0.5793","http://www.drugbank.ca/drugs/DB06702"
"458","Zuclopenthixol decanoate (DB08920)","0.5767","http://www.drugbank.ca/drugs/DB08920"
"459","Flecainide (DB01195)","0.5763","http://www.drugbank.ca/drugs/DB01195"
"460","talactoferrin alpha (DB05426)","0.5761","http://www.drugbank.ca/drugs/DB05426"
"461","(3R)-4-[(3R)-3-AMINO-4-(2,4,5-TRIFLUOROPHENYL)BUTANOYL]-3-(2,2,2-TRIFLUOROETHYL)-1,4-DIAZEPAN-2-ONE (DB07271)","0.5756","http://www.drugbank.ca/drugs/DB07271"
"462","Inhibitor BEA369 (DB01887)","0.5754","http://www.drugbank.ca/drugs/DB01887"
"463","Argadin (DB04350)","0.5749","http://www.drugbank.ca/drugs/DB04350"
"464","Biliverdin Ix Gamma Chromophore (DB02864)","0.5700","http://www.drugbank.ca/drugs/DB02864"
"465","Crc200 (Chiron-Behring) (DB03081)","0.5632","http://www.drugbank.ca/drugs/DB03081"
"466","[2,4,6-Triisopropyl-Phenylsulfonyl-L-[3-Amidino-Phenylalanine]]-Piperazine-N'-Beta-Alanine (DB04172)","0.5605","http://www.drugbank.ca/drugs/DB04172"
"467","Biliverdine Ix Alpha (DB02073)","0.5567","http://www.drugbank.ca/drugs/DB02073"
"468","4-Methylumbelliferyl Chitobiose (DB02759)","0.5549","http://www.drugbank.ca/drugs/DB02759"
"469","4-Morpholin-4-Yl-Piperidine-1-Carboxylic Acid [1-(3-Benzenesulfonyl-1-Propyl-Allylcarbamoyl)-2-Phenylethyl]-Amide (DB02243)","0.5508","http://www.drugbank.ca/drugs/DB02243"
"470","1,3-Di(N-Propyloxy-a-Mannopyranosyl)-Carbomyl 5-Methyazido-Benzene (DB03634)","0.5498","http://www.drugbank.ca/drugs/DB03634"
"471","4'-Nitrophenyl-3i-Thiolaminaritrioside (DB03990)","0.5421","http://www.drugbank.ca/drugs/DB03990"
"472","Phenylferricrocin-Iron (DB02626)","0.5415","http://www.drugbank.ca/drugs/DB02626"
"473","Ergotamine (DB00696)","0.5330","http://www.drugbank.ca/drugs/DB00696"
"474","(4-Hydroxymaltosephenyl)Glycine (DB02675)","0.5281","http://www.drugbank.ca/drugs/DB02675"
"475","Bacampicillin (DB01602)","0.5237","http://www.drugbank.ca/drugs/DB01602"
"476","Moexipril (DB00691)","0.5232","http://www.drugbank.ca/drugs/DB00691"
"477","Argifin (DB03632)","0.5228","http://www.drugbank.ca/drugs/DB03632"
"478","H TYPE II TRISACCHARIDE (DB04678)","0.5183","http://www.drugbank.ca/drugs/DB04678"
"479","N-{3-[4-(3-Amino-Propyl)-Piperazin-1-Yl]-Propyl}-3-(2-Thiophen-2-Yl-Acetylamino)-5-(3,4,5-Trihydroxy-6-Hydroxymethyl-Tetrahydro-Pyran-2-Yloxy)-Benzamide (DB03524)","0.5177","http://www.drugbank.ca/drugs/DB03524"
"480","Demecarium (DB00944)","0.5158","http://www.drugbank.ca/drugs/DB00944"
"481","BV1 (DB04210)","0.5129","http://www.drugbank.ca/drugs/DB04210"
"482","H TYPE I TRISACCHARIDE (DB04679)","0.5126","http://www.drugbank.ca/drugs/DB04679"
"483","N-{3-[4-(3-Amino-Propyl)-Piperazin-1-Yl]-Propyl}-3-Nitro-5-(Galactopyranosyl)-Alpha-Benzamide (DB03235)","0.5062","http://www.drugbank.ca/drugs/DB03235"
"484","N-{3-[4-(3-Amino-Propyl)-Piperazin-1-Yl]-Propyl}-3-Nitro-5-(Galactopyranosyl)-Beta-Benzamide (DB04073)","0.5062","http://www.drugbank.ca/drugs/DB04073"
"485","Deoxy-2-Fluoro-B-D-Cellotrioside (DB01633)","0.5037","http://www.drugbank.ca/drugs/DB01633"
"486","Je-2147, Ag1776, Kni-764 (DB02668)","0.4996","http://www.drugbank.ca/drugs/DB02668"
"487","Canfosfamide (DB04972)","0.4959","http://www.drugbank.ca/drugs/DB04972"
"488","Silodosin (DB06207)","0.4754","http://www.drugbank.ca/drugs/DB06207"
"489","(2S)-4-(2,5-difluorophenyl)-N-[(3R,4S)-3-fluoro-1-methylpiperidin-4-yl]-2-(hydroxymethyl)-N-methyl-2-phenyl-2,5-dihydro-1H-pyrrole-1-carboxamide (DB08037)","0.4741","http://www.drugbank.ca/drugs/DB08037"
"490","Hetacillin (DB00739)","0.4629","http://www.drugbank.ca/drugs/DB00739"
"491","N-(2-Morpholin-4-Yl-1-Morpholin-4-Ylmethyl-Ethyl)-3-Nitro-5-(3,4,5-Trihydroxy-6-Hydroxymethyl-Tetrahydro-Pyran-2-Yloxy)-Benzamide (DB04040)","0.4626","http://www.drugbank.ca/drugs/DB04040"
"492","Dipyridamole (DB00975)","0.4500","http://www.drugbank.ca/drugs/DB00975"
"493","MLN-518 (DB05465)","0.4245","http://www.drugbank.ca/drugs/DB05465"
"494","Piperacillin (DB00319)","0.4056","http://www.drugbank.ca/drugs/DB00319"
"495","Benzonatate (DB00868)","0.3650","http://www.drugbank.ca/drugs/DB00868"
"496","Plerixafor (DB06809)","0.3564","http://www.drugbank.ca/drugs/DB06809"
"497","Cis-[4,5-Bis-(4-Bromophenyl)-2-(2-Ethoxy-4-Methoxyphenyl)-4,5-Dihydroimidazol-1-Yl]-[4-(2-Hydroxyethyl)Piperazin-1-Yl]Methanone (DB02872)","0.3429","http://www.drugbank.ca/drugs/DB02872"
"498","3-({4-[(1E)-3-morpholin-4-yl-3-oxoprop-1-en-1-yl]-2,3-bis(trifluoromethyl)phenyl}sulfanyl)aniline (DB07486)","0.3324","http://www.drugbank.ca/drugs/DB07486"
"499","Ambenonium (DB01122)","0.2726","http://www.drugbank.ca/drugs/DB01122"
"500","Gallamine Triethiodide (DB00483)","0.2563","http://www.drugbank.ca/drugs/DB00483"
