"","DrugBank Compound (Name, ID)","Similarity to ","Link"
"1","3-[(1R)-1-(2,6-dichloro-3-fluorophenyl)ethoxy]-5-(1-piperidin-4-yl-1H-pyrazol-4-yl)pyridin-2-amine (DB08700)","1.0000","http://www.drugbank.ca/drugs/DB08700"
"2","5-{[1-(2,3-dichlorobenzyl)piperidin-4-yl]methoxy}quinazoline-2,4-diamine (DB07643)","0.9638","http://www.drugbank.ca/drugs/DB07643"
"3","Azelastine (DB00972)","0.9629","http://www.drugbank.ca/drugs/DB00972"
"4","[5-AMINO-1-(4-FLUOROPHENYL)-1H-PYRAZOL-4-YL][3-(PIPERIDIN-4-YLOXY)PHENYL]METHANONE (DB08423)","0.9589","http://www.drugbank.ca/drugs/DB08423"
"5","Rimonabant (DB06155)","0.9582","http://www.drugbank.ca/drugs/DB06155"
"6","1-(5-Carboxypentyl)-5-[(2,6-Dichlorobenzyl)Oxy]-1 H-Indole-2-Carboxylic Acid (DB02316)","0.9574","http://www.drugbank.ca/drugs/DB02316"
"7","Astemizole (DB00637)","0.9565","http://www.drugbank.ca/drugs/DB00637"
"8","2-{4-[5-(4-chlorophenyl)-4-pyrimidin-4-yl-1H-pyrazol-3-yl]piperidin-1-yl}-2-oxoethanol (DB07943)","0.9560","http://www.drugbank.ca/drugs/DB07943"
"9","2-[1-(4-CHLOROBENZOYL)-5-METHOXY-2-METHYL-1H-INDOL-3-YL]-N-[(1R)-1-(HYDROXYMETHYL)PROPYL]ACETAMIDE (DB07981)","0.9547","http://www.drugbank.ca/drugs/DB07981"
"10","2-[1-(4-CHLOROBENZOYL)-5-METHOXY-2-METHYL-1H-INDOL-3-YL]-N-[(1S)-1-(HYDROXYMETHYL)PROPYL]ACETAMIDE (DB07984)","0.9547","http://www.drugbank.ca/drugs/DB07984"
"11","5-{[1-(2-fluorobenzyl)piperidin-4-yl]methoxy}quinazoline-2,4-diamine (DB07642)","0.9544","http://www.drugbank.ca/drugs/DB07642"
"12","3-(5-{[4-(AMINOMETHYL)PIPERIDIN-1-YL]METHYL}-1H-INDOL-2-YL)-1H-INDAZOLE-6-CARBONITRILE (DB07075)","0.9502","http://www.drugbank.ca/drugs/DB07075"
"13","N-(5-{[(2S)-4-amino-2-(3-chlorophenyl)butanoyl]amino}-1H-indazol-3-yl)benzamide (DB07608)","0.9501","http://www.drugbank.ca/drugs/DB07608"
"14","4-[4-(1-Amino-1-Methylethyl)Phenyl]-5-Chloro-N-[4-(2-Morpholin-4-Ylethyl)Phenyl]Pyrimidin-2-Amine (DB02491)","0.9496","http://www.drugbank.ca/drugs/DB02491"
"15","Bopindolol (DB08807)","0.9493","http://www.drugbank.ca/drugs/DB08807"
"16","Allyl-{6-[3-(4-Bromo-Phenyl)-1-Methyl-1h-Indazol-6-Yl]Oxy}Hexyl)-N-Methylamine (DB03888)","0.9484","http://www.drugbank.ca/drugs/DB03888"
"17","5-Chloro-1h-Indole-2-Carboxylic Acid [1-(4-Fluorobenzyl)-2-(4-Hydroxypiperidin-1yl)-2-Oxoethyl]Amide (DB03383)","0.9469","http://www.drugbank.ca/drugs/DB03383"
"18","(2S)-6-(2,4-DIAMINO-6-ETHYLPYRIMIDIN-5-YL)-2-(3,5-DIFLUOROPHENYL)-4-(3-METHOXYPROPYL)-2H-1,4-BENZOXAZIN-3(4H)-ONE (DB07113)","0.9466","http://www.drugbank.ca/drugs/DB07113"
"19","Quinacrine (DB01103)","0.9460","http://www.drugbank.ca/drugs/DB01103"
"20","N-{(1s)-4-[Bis(2-Chloroethyl)Amino]-1-Methylbutyl}-N-(6-Chloro-2-Methoxy-9-Acridinyl)Amine (DB02240)","0.9460","http://www.drugbank.ca/drugs/DB02240"
"21","1-((1R)-1-(HYDROXYMETHYL)-3-{6-[(3-PHENYLPROPANOYL)AMINO]-1H-INDOL-1-YL}PROPYL)-1H-IMIDAZOLE-4-CARBOXAMIDE (DB07783)","0.9455","http://www.drugbank.ca/drugs/DB07783"
"22","1-((1R,2S)-1-{2-[2-(4-CHLOROPHENYL)-1,3-BENZOXAZOL-7-YL]ETHYL}-2-HYDROXYPROPYL)-1H-IMIDAZOLE-4-CARBOXAMIDE (DB07786)","0.9447","http://www.drugbank.ca/drugs/DB07786"
"23","2-({2-[(3R)-3-AMINOPIPERIDIN-1-YL]-4-OXOQUINAZOLIN-3(4H)-YL}METHYL)BENZONITRILE (DB08588)","0.9438","http://www.drugbank.ca/drugs/DB08588"
"24","4-BROMO-2-FLUORO-N-[(4E)-6-METHOXY-7-[(1-METHYLPIPERIDIN-4-YL)METHOXY]QUINAZOLIN-4(1H)-YLIDENE]ANILINE (DB08764)","0.9435","http://www.drugbank.ca/drugs/DB08764"
"25","2-amino-4-[2,4-dichloro-5-(2-pyrrolidin-1-ylethoxy)phenyl]-N-ethylthieno[2,3-d]pyrimidine-6-carboxamide (DB06969)","0.9426","http://www.drugbank.ca/drugs/DB06969"
"26","(2S)-2-{[3-(3-aminophenyl)imidazo[1,2-b]pyridazin-6-yl]amino}-3-methylbutan-1-ol (DB08004)","0.9424","http://www.drugbank.ca/drugs/DB08004"
"27","(4R,2S)-5'-(4-(4-CHLOROBENZYLOXY)PYRROLIDIN-2-YLMETHANESULFONYL)ISOQUINOLINE (DB07583)","0.9421","http://www.drugbank.ca/drugs/DB07583"
"28","6-ETHYL-5-[(2S)-1-(3-METHOXYPROPYL)-2-PHENYL-1,2,3,4-TETRAHYDROQUINOLIN-7-YL]PYRIMIDINE-2,4-DIAMINE (DB08099)","0.9420","http://www.drugbank.ca/drugs/DB08099"
"29","ZK-806711 (DB03373)","0.9414","http://www.drugbank.ca/drugs/DB03373"
"30","(3R,4S)-1-[6-(6-METHOXYPYRIDIN-3-YL)PYRIMIDIN-4-YL]-4-(2,4,5-TRIFLUOROPHENYL)PYRROLIDIN-3-AMINE (DB08445)","0.9414","http://www.drugbank.ca/drugs/DB08445"
"31","CP-526423 (DB02089)","0.9412","http://www.drugbank.ca/drugs/DB02089"
"32","1-ethyl-N-(phenylmethyl)-4-(tetrahydro-2H-pyran-4-ylamino)-1H-pyrazolo[3,4-b]pyridine-5-carboxamide (DB06909)","0.9412","http://www.drugbank.ca/drugs/DB06909"
"33","N-[(3z)-5-Tert-Butyl-2-Phenyl-1,2-Dihydro-3h-Pyrazol-3-Ylidene]-N'-(4-Chlorophenyl)Urea (DB01807)","0.9407","http://www.drugbank.ca/drugs/DB01807"
"34","CRA_10972 (DB02989)","0.9407","http://www.drugbank.ca/drugs/DB02989"
"35","Vandetanib (DB05294)","0.9401","http://www.drugbank.ca/drugs/DB05294"
"36","1-(CYCLOHEXYLAMINO)-3-(6-METHYL-3,4-DIHYDRO-1H-CARBAZOL-9(2H)-YL)PROPAN-2-OL (DB07061)","0.9399","http://www.drugbank.ca/drugs/DB07061"
"37","(S)-N-(1-(3-CHLORO-4-FLUOROPHENYL)-2-HYDROXYETHYL)-4-(4-(3-CHLOROPHENYL)-1H-PYRAZOL-3-YL)-1H-PYRROLE-2-CARBOXAMIDE (DB07264)","0.9399","http://www.drugbank.ca/drugs/DB07264"
"38","(13R,15S)-13-METHYL-16-OXA-8,9,12,22,24-PENTAAZAHEXACYCLO[15.6.2.16,9.1,12,15.0,2,7.0,21,25]HEPTACOSA-1(24),2,4,6,17(25),18,20-HEPTAENE-23,26-DIONE (DB06888)","0.9398","http://www.drugbank.ca/drugs/DB06888"
"39","CRA_10991 (DB01771)","0.9397","http://www.drugbank.ca/drugs/DB01771"
"40","3-FLUORO-5-MORPHOLIN-4-YL-N-[1-(2-PYRIDIN-4-YLETHYL)-1H-INDOL-6-YL]BENZAMIDE (DB08730)","0.9390","http://www.drugbank.ca/drugs/DB08730"
"41","N-[(1S)-2-AMINO-1-(2,4-DICHLOROBENZYL)ETHYL]-5-[2-(METHYLAMINO)PYRIMIDIN-4-YL]THIOPHENE-2-CARBOXAMIDE (DB07235)","0.9387","http://www.drugbank.ca/drugs/DB07235"
"42","Bepridil (DB01244)","0.9387","http://www.drugbank.ca/drugs/DB01244"
"43","3-(1H-INDOL-3-YL)-4-(1-{2-[(2S)-1-METHYLPYRROLIDINYL]ETHYL}-1H-INDOL-3-YL)-1H-PYRROLE-2,5-DIONE (DB07456)","0.9383","http://www.drugbank.ca/drugs/DB07456"
"44","3-(1H-INDOL-3-YL)-4-{1-[2-(1-METHYLPYRROLIDIN-2-YL)ETHYL]-1H-INDOL-3-YL}-1H-PYRROLE-2,5-DIONE (DB07458)","0.9383","http://www.drugbank.ca/drugs/DB07458"
"45","3-FLUORO-5-MORPHOLIN-4-YL-N-[3-(2-PYRIDIN-4-YLETHYL)-1H-INDOL-5-YL]BENZAMIDE (DB08091)","0.9379","http://www.drugbank.ca/drugs/DB08091"
"46","4-[(3S)-1-AZABICYCLO[2.2.2]OCT-3-YLAMINO]-3-(1H-BENZIMIDAZOL-2-YL)-6-CHLOROQUINOLIN-2(1H)-ONE (DB06852)","0.9377","http://www.drugbank.ca/drugs/DB06852"
"47","Cp403700, (S)-1-{2-[(5-Chloro-1h-Indole-2-Carbonyl)-Amino]-3-Phenyl-Propionyl}-Azetidine-3-Carboxylate (DB03744)","0.9377","http://www.drugbank.ca/drugs/DB03744"
"48","(9S)-9-[(8-AMMONIOOCTYL)AMINO]-1,2,3,4,9,10-HEXAHYDROACRIDINIUM (DB04617)","0.9376","http://www.drugbank.ca/drugs/DB04617"
"49","(2R)-N-HYDROXY-2-[(3S)-3-METHYL-3-{4-[(2-METHYLQUINOLIN-4-YL)METHOXY]PHENYL}-2-OXOPYRROLIDIN-1-YL]PROPANAMIDE (DB07145)","0.9376","http://www.drugbank.ca/drugs/DB07145"
"50","(2R)-4-(2-BENZOYL-1,2-DIAZEPAN-1-YL)-4-OXO-1-(2,4,5-TRIFLUOROPHENYL)BUTAN-2-AMINE (DB08051)","0.9364","http://www.drugbank.ca/drugs/DB08051"
"51","1-cyclobutyl-3-(3,4-dimethoxyphenyl)-1H-pyrazolo[3,4-d]pyrimidin-4-amine (DB08053)","0.9358","http://www.drugbank.ca/drugs/DB08053"
"52","Clonitazene (DB01523)","0.9353","http://www.drugbank.ca/drugs/DB01523"
"53","8-ethyl-3,10,10-trimethyl-4,5,6,8,10,12-hexahydropyrazolo[4',3':6,7]cyclohepta[1,2-b]pyrrolo[2,3-f]indol-9(1H)-one (DB07266)","0.9351","http://www.drugbank.ca/drugs/DB07266"
"54","Gefitinib (DB00317)","0.9346","http://www.drugbank.ca/drugs/DB00317"
"55","CRA_10655 (DB02526)","0.9345","http://www.drugbank.ca/drugs/DB02526"
"56","N-(1-ISOPROPYLPIPERIDIN-4-YL)-1-(3-METHOXYBENZYL)-1H-INDOLE-2-CARBOXAMIDE (DB07973)","0.9338","http://www.drugbank.ca/drugs/DB07973"
"57","(3R,4R)-1-{6-[3-(METHYLSULFONYL)PHENYL]PYRIMIDIN-4-YL}-4-(2,4,5-TRIFLUOROPHENYL)PIPERIDIN-3-AMINE (DB08164)","0.9338","http://www.drugbank.ca/drugs/DB08164"
"58","CRA_10950 (DB03494)","0.9337","http://www.drugbank.ca/drugs/DB03494"
"59","6-FLUORO-2-(2-HYDROXY-3-ISOBUTOXY-PHENYL)-1H-BENZOIMIDAZOLE-5-CARBOXAMIDINE (DB06855)","0.9337","http://www.drugbank.ca/drugs/DB06855"
"60","N-(3-TERT-BUTYL-1H-PYRAZOL-5-YL)-N'-{4-CHLORO-3-[(PYRIDIN-3-YLOXY)METHYL]PHENYL}UREA (DB08064)","0.9328","http://www.drugbank.ca/drugs/DB08064"
"61","IMIDAZOPYRIDAZIN 1 (DB04715)","0.9326","http://www.drugbank.ca/drugs/DB04715"
"62","Eletriptan (DB00216)","0.9325","http://www.drugbank.ca/drugs/DB00216"
"63","1-[(2S)-4-(5-phenyl-1H-pyrazolo[3,4-b]pyridin-4-yl)morpholin-2-yl]methanamine (DB08774)","0.9325","http://www.drugbank.ca/drugs/DB08774"
"64","Etonitazene (DB01462)","0.9322","http://www.drugbank.ca/drugs/DB01462"
"65","FR236913 (DB02830)","0.9318","http://www.drugbank.ca/drugs/DB02830"
"66","[5-AMINO-1-(4-FLUOROPHENYL)-1H-PYRAZOL-4-YL](3-{[(2R)-2,3-DIHYDROXYPROPYL]OXY}PHENYL)METHANONE (DB08424)","0.9316","http://www.drugbank.ca/drugs/DB08424"
"67","CRA_10433 (DB03173)","0.9314","http://www.drugbank.ca/drugs/DB03173"
"68","N-{2'-[(4-FLUOROPHENYL)AMINO]-4,4'-BIPYRIDIN-2-YL}-4-METHOXYCYCLOHEXANECARBOXAMIDE (DB08025)","0.9311","http://www.drugbank.ca/drugs/DB08025"
"69","(3R,4S)-1-{6-[3-(METHYLSULFONYL)PHENYL]PYRIMIDIN-4-YL}-4-(2,4,5-TRIFLUOROPHENYL)PYRROLIDIN-3-AMINE (DB07666)","0.9311","http://www.drugbank.ca/drugs/DB07666"
"70","Hydroxychloroquine (DB01611)","0.9306","http://www.drugbank.ca/drugs/DB01611"
"71","Econazole (DB01127)","0.9299","http://www.drugbank.ca/drugs/DB01127"
"72","1-[(2S)-2-[(4-CHLOROBENZYL)OXY]-2-(2,4-DICHLOROPHENYL)ETHYL]-1H-IMIDAZOLE (DB07705)","0.9299","http://www.drugbank.ca/drugs/DB07705"
"73","3-[6-bromo-2-fluoro-3-(1H-pyrazolo[3,4-c]pyridazin-3-ylmethyl)phenoxy]-5-chlorobenzonitrile (DB08446)","0.9299","http://www.drugbank.ca/drugs/DB08446"
"74","N-(6-{[3-(4-Bromophenyl)-1,2-Benzisothiazol-6-Yl]Oxy}Hexyl)-N-Methylprop-2-En-1-Amine (DB02544)","0.9297","http://www.drugbank.ca/drugs/DB02544"
"75","3-{5-[(6-amino-1H-pyrazolo[3,4-b]pyridin-3-yl)methoxy]-2-chlorophenoxy}-5-chlorobenzonitrile (DB08460)","0.9297","http://www.drugbank.ca/drugs/DB08460"
"76","3-[3-(2,3-Dihydroxy-Propylamino)-Phenyl]-4-(5-Fluoro-1-Methyl-1h-Indol-3-Yl)-Pyrrole-2,5-Dione (DB01772)","0.9296","http://www.drugbank.ca/drugs/DB01772"
"77","(3,3-dimethylpiperidin-1-yl)(6-(3-fluoro-4-methylphenyl)pyridin-2-yl)methanone (DB06992)","0.9292","http://www.drugbank.ca/drugs/DB06992"
"78","N-cyclopropyl-4-methyl-3-{2-[(2-morpholin-4-ylethyl)amino]quinazolin-6-yl}benzamide (DB08351)","0.9289","http://www.drugbank.ca/drugs/DB08351"
"79","Butoconazole (DB00639)","0.9287","http://www.drugbank.ca/drugs/DB00639"
"80","Afatinib (DB08916)","0.9281","http://www.drugbank.ca/drugs/DB08916"
"81","3-(2-AMINO-6-BENZOYLQUINAZOLIN-3(4H)-YL)-N-CYCLOHEXYL-N-METHYLPROPANAMIDE (DB08749)","0.9280","http://www.drugbank.ca/drugs/DB08749"
"82","4-(4-CHLOROPHENYL)-4-[4-(1H-PYRAZOL-4-YL)PHENYL]PIPERIDINE (DB07859)","0.9272","http://www.drugbank.ca/drugs/DB07859"
"83","6-FLUORO-2-[2-HYDROXY-3-(2-METHYL-CYCLOHEXYLOXY)-PHENYL]-1H-INDOLE-5-CARBOXAMIDINE (DB06856)","0.9272","http://www.drugbank.ca/drugs/DB06856"
"84","Propericiazine (DB01608)","0.9271","http://www.drugbank.ca/drugs/DB01608"
"85","OPC-51803 (DB05838)","0.9270","http://www.drugbank.ca/drugs/DB05838"
"86","N-(2-hydroxy-1,1-dimethylethyl)-1-methyl-3-(1H-pyrrolo[2,3-b]pyridin-2-yl)-1H-indole-5-carboxamide (DB06834)","0.9268","http://www.drugbank.ca/drugs/DB06834"
"87","2-(3-CHLORO-6-{[2,2-DIFLUORO-2-(1-OXIDOPYRIDIN-2-YL)ETHYL]AMINO}-1-OXIDOPYRIDIN-2-YL)-N-[1-(3-CHLOROPHENYL)ETHYL]ACETAMIDE (DB04722)","0.9267","http://www.drugbank.ca/drugs/DB04722"
"88","Mirabegron  (DB08893)","0.9266","http://www.drugbank.ca/drugs/DB08893"
"89","N-(2-AMINOETHYL)-2-{3-CHLORO-4-[(4-ISOPROPYLBENZYL)OXY]PHENYL} ACETAMIDE (DB08610)","0.9264","http://www.drugbank.ca/drugs/DB08610"
"90","3-chloro-5-[2-chloro-5-(1H-pyrazolo[3,4-b]pyridin-3-ylmethoxy)phenoxy]benzonitrile (DB08459)","0.9262","http://www.drugbank.ca/drugs/DB08459"
"91","CI-1033 (DB05424)","0.9261","http://www.drugbank.ca/drugs/DB05424"
"92","Ezetimibe (DB00973)","0.9255","http://www.drugbank.ca/drugs/DB00973"
"93","1-{2-[(4-CHLOROPHENYL)AMINO]-2-OXOETHYL}-N-(1-ISOPROPYLPIPERIDIN-4-YL)-1H-INDOLE-2-CARBOXAMIDE (DB07974)","0.9255","http://www.drugbank.ca/drugs/DB07974"
"94","7-[3-(4-FLUORO-PHENYL)-1-ISOPROPYL-1H-INDOL-2-YL]-3,5-DIHYDROXY-HEPTANOIC ACID (DB06846)","0.9254","http://www.drugbank.ca/drugs/DB06846"
"95","1-(3-HYDROXYPROPYL)-2-[(3-NITROBENZOYL)AMINO]-1H-BENZIMIDAZOL-5-YL PIVALATE (DB08590)","0.9252","http://www.drugbank.ca/drugs/DB08590"
"96","Valsartan (DB00177)","0.9246","http://www.drugbank.ca/drugs/DB00177"
"97","(2e)-N-Allyl-4-{[3-(4-Bromophenyl)-5-Fluoro-1-Methyl-1h-Indazol-6-Yl]Oxy}-N-Methyl-2-Buten-1-Amine (DB02139)","0.9245","http://www.drugbank.ca/drugs/DB02139"
"98","Sitamaquine (DB04909)","0.9244","http://www.drugbank.ca/drugs/DB04909"
"99","5-(Aminomethyl)-6-(2,4-Dichlorophenyl)-2-(3,5-Dimethoxyphenyl)Pyrimidin-4-Amine (DB02004)","0.9243","http://www.drugbank.ca/drugs/DB02004"
"100","4-{[5-chloro-4-(1H-indol-3-yl)pyrimidin-2-yl]amino}-N-ethylpiperidine-1-carboxamide (DB08005)","0.9241","http://www.drugbank.ca/drugs/DB08005"
"101","SB220025 (DB04338)","0.9241","http://www.drugbank.ca/drugs/DB04338"
"102","Losartan (DB00678)","0.9240","http://www.drugbank.ca/drugs/DB00678"
"103","Iloperidone (DB04946)","0.9239","http://www.drugbank.ca/drugs/DB04946"
"104","1-(2-CYCLOPROPYLETHYL)-3-(1,1-DIOXIDO-2H-1,2,4-BENZOTHIADIAZIN-3-YL)-6-FLUORO-4-HYDROXYQUINOLIN-2(1H)-ONE (DB08278)","0.9238","http://www.drugbank.ca/drugs/DB08278"
"105","(2R,4R)-N~1~-(4-CHLOROPHENYL)-N~2~-[2-FLUORO-4-(2-OXOPYRIDIN-1(2H)-YL)PHENYL]-4-METHOXYPYRROLIDINE-1,2-DICARBOXAMIDE (DB06920)","0.9226","http://www.drugbank.ca/drugs/DB06920"
"106","5-[(3R)-3-(5-methoxybiphenyl-3-yl)but-1-yn-1-yl]-6-methylpyrimidine-2,4-diamine (DB07140)","0.9226","http://www.drugbank.ca/drugs/DB07140"
"107","Licofelone (DB04725)","0.9225","http://www.drugbank.ca/drugs/DB04725"
"108","Amodiaquine (DB00613)","0.9224","http://www.drugbank.ca/drugs/DB00613"
"109","1-[1-(3-aminophenyl)-3-tert-butyl-1H-pyrazol-5-yl]-3-phenylurea (DB06883)","0.9223","http://www.drugbank.ca/drugs/DB06883"
"110","3-(7-DIAMINOMETHYL-NAPHTHALEN-2-YL)-PROPIONIC ACID ETHYL ESTER (DB07639)","0.9222","http://www.drugbank.ca/drugs/DB07639"
"111","5-[(3S)-3-(2-methoxybiphenyl-4-yl)but-1-yn-1-yl]-6-methylpyrimidine-2,4-diamine (DB06847)","0.9221","http://www.drugbank.ca/drugs/DB06847"
"112","5-{4-[(3,5-DIFLUOROBENZYL)AMINO]PHENYL}-6-ETHYLPYRIMIDINE-2,4-DIAMINE (DB07244)","0.9221","http://www.drugbank.ca/drugs/DB07244"
"113","1-(2,6-Dichlorophenyl)-5-(2,4-Difluorophenyl)-7-Piperidin-4-Yl-3,4-Dihydroquinolin-2(1h)-One (DB01948)","0.9221","http://www.drugbank.ca/drugs/DB01948"
"114","5-[1-(3,4-Dimethoxy-Benzoyl)-1,2,3,4-Tetrahydro-Quinolin-6-Yl]-6-Methyl-3,6-Dihydro-[1,3,4]Thiadiazin-2-One (DB03944)","0.9219","http://www.drugbank.ca/drugs/DB03944"
"115","(20S)-19,20,21,22-TETRAHYDRO-19-OXO-5H-18,20-ETHANO-12,14-ETHENO-6,10-METHENO-18H-BENZ[D]IMIDAZO[4,3-K][1,6,9,12]OXATRIAZA-CYCLOOCTADECOSINE-9-CARBONITRILE (DB08674)","0.9215","http://www.drugbank.ca/drugs/DB08674"
"116","Sertaconazole (DB01153)","0.9214","http://www.drugbank.ca/drugs/DB01153"
"117","5-[(3R)-3-(5-methoxy-4'-methylbiphenyl-3-yl)but-1-yn-1-yl]-6-methylpyrimidine-2,4-diamine (DB07141)","0.9214","http://www.drugbank.ca/drugs/DB07141"
"118","Ziprasidone (DB00246)","0.9211","http://www.drugbank.ca/drugs/DB00246"
"119","N-((1R,2S)-2-(5-CHLORO-1H-INDOLE-2-CARBOXAMIDO)CYCLOHEXYL)-5-METHYL-4,5,6,7-TETRAHYDROTHIAZOLO[5,4-C]PYRIDINE-2-CARBOXAMIDE (DB07629)","0.9206","http://www.drugbank.ca/drugs/DB07629"
"120","N-((1R,2R)-2-(5-CHLORO-1H-INDOLE-2-CARBOXAMIDO)CYCLOHEXYL)-5-METHYL-4,5,6,7-TETRAHYDROTHIAZOLO[5,4-C]PYRIDINE-2-CARBOXAMIDE (DB07630)","0.9206","http://www.drugbank.ca/drugs/DB07630"
"121","6-ETHYL-5-[9-(3-METHOXYPROPYL)-9H-CARBAZOL-2-YL]PYRIMIDINE-2,4-DIAMINE (DB06967)","0.9206","http://www.drugbank.ca/drugs/DB06967"
"122","Aminacrine (DB02842)","0.9205","http://www.drugbank.ca/drugs/DB02842"
"123","6-(2,4-DIAMINO-6-ETHYLPYRIMIDIN-5-YL)-4-(3-METHOXYPROPYL)-2,2-DIMETHYL-2H-1,4-BENZOXAZIN-3(4H)-ONE (DB07174)","0.9202","http://www.drugbank.ca/drugs/DB07174"
"124","Pagoclone (DB04903)","0.9201","http://www.drugbank.ca/drugs/DB04903"
"125","Miconazole (DB01110)","0.9200","http://www.drugbank.ca/drugs/DB01110"
"126","CRA_11092 (DB03555)","0.9195","http://www.drugbank.ca/drugs/DB03555"
"127","{4-[(2R)-pyrrolidin-2-ylmethoxy]phenyl}(4-thiophen-3-ylphenyl)methanone (DB07237)","0.9194","http://www.drugbank.ca/drugs/DB07237"
"128","ISOQUINOLINE-5-SULFONIC ACID (2-(2-(4-CHLOROBENZYLOXY)ETHYLAMINO)ETHYL)AMIDE (DB07947)","0.9194","http://www.drugbank.ca/drugs/DB07947"
"129","(5E,7S)-2-amino-7-(4-fluoro-2-pyridin-3-ylphenyl)-4-methyl-7,8-dihydroquinazolin-5(6H)-one oxime (DB08197)","0.9187","http://www.drugbank.ca/drugs/DB08197"
"130","1-CYCLOHEXYL-N-{[1-(4-METHYLPHENYL)-1H-INDOL-3-YL]METHYL}METHANAMINE (DB06833)","0.9187","http://www.drugbank.ca/drugs/DB06833"
"131","Vilazodone (DB06684)","0.9182","http://www.drugbank.ca/drugs/DB06684"
"132","3-chloro-5-[2-chloro-5-(1H-indazol-3-ylmethoxy)phenoxy]benzonitrile (DB08154)","0.9181","http://www.drugbank.ca/drugs/DB08154"
"133","N-(cyclopropylmethyl)-2'-methyl-5'-(5-methyl-1,3,4-oxadiazol-2-yl)biphenyl-4-carboxamide (DB07834)","0.9176","http://www.drugbank.ca/drugs/DB07834"
"134","S-{3-[(4-ANILINOQUINAZOLIN-6-YL)AMINO]-3-OXOPROPYL}-L-CYSTEINE (DB07602)","0.9175","http://www.drugbank.ca/drugs/DB07602"
"135","Sertindole (DB06144)","0.9174","http://www.drugbank.ca/drugs/DB06144"
"136","N-({4-[(2-aminopyridin-4-yl)oxy]-3-fluorophenyl}carbamoyl)-2-(4-fluorophenyl)acetamide (DB06995)","0.9172","http://www.drugbank.ca/drugs/DB06995"
"137","5-[(3R)-3-(5-methoxy-3',5'-dimethylbiphenyl-3-yl)but-1-yn-1-yl]-6-methylpyrimidine-2,4-diamine (DB07142)","0.9166","http://www.drugbank.ca/drugs/DB07142"
"138","(1-Tert-Butyl-5-Hydroxy-1h-Pyrazol-4-Yl)-(6-Methanesulfonyl-4'-Methoxy-2-Methyl-Biphenyl-3-Yl)-Methanone (DB02850)","0.9162","http://www.drugbank.ca/drugs/DB02850"
"139","(2S)-1-{[5-(1H-INDAZOL-5-YL)PYRIDIN-3-YL]OXY}-3-[(7AS)-7AH-INDOL-3-YL]PROPAN-2-AMINE (DB06977)","0.9161","http://www.drugbank.ca/drugs/DB06977"
"140","Indacaterol (DB05039)","0.9161","http://www.drugbank.ca/drugs/DB05039"
"141","Thioridazine (DB00679)","0.9159","http://www.drugbank.ca/drugs/DB00679"
"142","(3R,4S)-1-(3,4-DIMETHOXYPHENYL)-3-(3-METHYLPHENYL)PIPERIDIN-4-AMINE (DB07851)","0.9154","http://www.drugbank.ca/drugs/DB07851"
"143","6-{4-[4-(4-CHLOROPHENYL)PIPERIDIN-4-YL]PHENYL}-9H-PURINE (DB07856)","0.9152","http://www.drugbank.ca/drugs/DB07856"
"144","(6R)-2-amino-6-[2-(3'-methoxybiphenyl-3-yl)ethyl]-3,6-dimethyl-5,6-dihydropyrimidin-4(3H)-one (DB07519)","0.9150","http://www.drugbank.ca/drugs/DB07519"
"145","(1-Methyl-1h-Imidazol-2-Yl)-(3-Methyl-4-{3-[(Pyridin-3-Ylmethyl)-Amino]-Propoxy}-Benzofuran-2-Yl)-Methanone (DB03062)","0.9150","http://www.drugbank.ca/drugs/DB03062"
"146","Cinchocaine (DB00527)","0.9144","http://www.drugbank.ca/drugs/DB00527"
"147","Oxiconazole (DB00239)","0.9143","http://www.drugbank.ca/drugs/DB00239"
"148","N-[2-({[amino(imino)methyl]amino}oxy)ethyl]-2-{6-chloro-3-[(2,2-difluoro-2-phenylethyl)amino]-2-fluorophenyl}acetamide (DB07946)","0.9142","http://www.drugbank.ca/drugs/DB07946"
"149","3-FLUORO-N-1H-INDOL-5-YL-5-MORPHOLIN-4-YLBENZAMIDE (DB08092)","0.9137","http://www.drugbank.ca/drugs/DB08092"
"150","N-(5-chloro-1,3-benzodioxol-4-yl)-6-methoxy-7-(3-piperidin-1-ylpropoxy)quinazolin-4-amine (DB07249)","0.9136","http://www.drugbank.ca/drugs/DB07249"
"151","Clemastine (DB00283)","0.9136","http://www.drugbank.ca/drugs/DB00283"
"152","Mesoridazine (DB00933)","0.9133","http://www.drugbank.ca/drugs/DB00933"
"153","4-(4-chlorobenzyl)-1-(7H-pyrrolo[2,3-d]pyrimidin-4-yl)piperidin-4-aminium (DB08150)","0.9131","http://www.drugbank.ca/drugs/DB08150"
"154","AZD2563 (DB04850)","0.9131","http://www.drugbank.ca/drugs/DB04850"
"155","6-[(Z)-AMINO(IMINO)METHYL]-N-[3-(CYCLOPENTYLOXY)PHENYL]-2-NAPHTHAMIDE (DB07076)","0.9131","http://www.drugbank.ca/drugs/DB07076"
"156","N-(4-(2-((3-Chlorophenylmethyl)Amino)Ethyl)Phenyl)-2-Thiophecarboxamidine (DB03449)","0.9129","http://www.drugbank.ca/drugs/DB03449"
"157","N-cyclopropyl-2',6-dimethyl-4'-(5-methyl-1,3,4-oxadiazol-2-yl)biphenyl-3-carboxamide (DB07811)","0.9129","http://www.drugbank.ca/drugs/DB07811"
"158","5-[(3R)-3-(5-methoxy-2',6'-dimethylbiphenyl-3-yl)but-1-yn-1-yl]-6-methylpyrimidine-2,4-diamine (DB07144)","0.9127","http://www.drugbank.ca/drugs/DB07144"
"159","6-(4-{(1S,2S)-2-AMINO-1-[(DIMETHYLAMINO)CARBONYL]-3-[(3S)-3-FLUOROPYRROLIDIN-1-YL]-3-OXOPROPYL}PHENYL)-1H-[1,2,4]TRIAZOLO[1,5-A]PYRIDIN-4-IUM (DB08504)","0.9127","http://www.drugbank.ca/drugs/DB08504"
"160","N-[5-(1,1-DIOXIDOISOTHIAZOLIDIN-2-YL)-1H-INDAZOL-3-YL]-2-(4-PIPERIDIN-1-YLPHENYL)ACETAMIDE (DB07220)","0.9125","http://www.drugbank.ca/drugs/DB07220"
"161","4-(2-HYDROXYBENZYLAMINO)-N-(3-(4-FLUOROPHENOXY)PHENYL)PIPERIDINE-1-SULFONAMIDE (DB04632)","0.9124","http://www.drugbank.ca/drugs/DB04632"
"162","4-[[2-[[4-chloro-3-(trifluoromethyl)phenyl]amino]-3H-benzimidazol-5-yl]oxy]-N-methyl-pyridine-2-carboxamide (DB06938)","0.9118","http://www.drugbank.ca/drugs/DB06938"
"163","4-(Fluorophenyl)-1-Cyclopropylmethyl-5-(2-Amino-4-Pyrimidinyl)Imidazole (DB03980)","0.9114","http://www.drugbank.ca/drugs/DB03980"
"164","6,7-DIMETHOXY-4-[(3R)-3-(QUINOXALIN-2-YLOXY)PYRROLIDIN-1-YL]QUINAZOLINE (DB08391)","0.9113","http://www.drugbank.ca/drugs/DB08391"
"165","1-[2-(S)-AMINO-3-BIPHENYL-4-YL-PROPIONYL]-PYRROLIDINE-2-(S)-CARBONITRILE (DB08024)","0.9112","http://www.drugbank.ca/drugs/DB08024"
"166","Irbesartan (DB01029)","0.9110","http://www.drugbank.ca/drugs/DB01029"
"167","N-(4-chlorophenyl)-2-[(pyridin-4-ylmethyl)amino]benzamide (DB07288)","0.9106","http://www.drugbank.ca/drugs/DB07288"
"168","Bosutinib (DB06616)","0.9105","http://www.drugbank.ca/drugs/DB06616"
"169","4-(BENZHYDRYLOXY)-1-[3-(1H-TETRAAZOL-5-YL)PROPYL]PIPERIDINE (DB07917)","0.9102","http://www.drugbank.ca/drugs/DB07917"
"170","N-{2-[6-(2,4-DIAMINO-6-ETHYLPYRIMIDIN-5-YL)-2,2-DIMETHYL-3-OXO-2,3-DIHYDRO-4H-1,4-BENZOXAZIN-4-YL]ETHYL}ACETAMIDE (DB07059)","0.9099","http://www.drugbank.ca/drugs/DB07059"
"171","Temafloxacin (DB01405)","0.9098","http://www.drugbank.ca/drugs/DB01405"
"172","6-[N-(1-Isopropyl-1,2,3,4-Tetrahydro-7-Isoquinolinyl)Carbamyl]-2-Naphthalenecarboxamidine (DB02705)","0.9095","http://www.drugbank.ca/drugs/DB02705"
"173","Risperidone (DB00734)","0.9094","http://www.drugbank.ca/drugs/DB00734"
"174","Pitavastatin (DB08860)","0.9092","http://www.drugbank.ca/drugs/DB08860"
"175","FAMOXADONE (DB07778)","0.9092","http://www.drugbank.ca/drugs/DB07778"
"176","Dextromoramide (DB01529)","0.9086","http://www.drugbank.ca/drugs/DB01529"
"177","(2R)-1-[4-({4-[(2,5-DICHLOROPHENYL)AMINO]PYRIMIDIN-2-YL}AMINO)PHENOXY]-3-(DIMETHYLAMINO)PROPAN-2-OL (DB07750)","0.9084","http://www.drugbank.ca/drugs/DB07750"
"178","(2S)-1-[4-({4-[(2,5-DICHLOROPHENYL)AMINO]PYRIMIDIN-2-YL}AMINO)PHENOXY]-3-(DIMETHYLAMINO)PROPAN-2-OL (DB07755)","0.9084","http://www.drugbank.ca/drugs/DB07755"
"179","131-I-TM-601 (DB05462)","0.9080","http://www.drugbank.ca/drugs/DB05462"
"180","Loratadine (DB00455)","0.9070","http://www.drugbank.ca/drugs/DB00455"
"181","Encainide (DB01228)","0.9068","http://www.drugbank.ca/drugs/DB01228"
"182","[4-(3-AMINOMETHYL-PHENYL)-PIPERIDIN-1-YL]-(5-PHENETHYL- PYRIDIN-3-YL)-METHANONE (DB04764)","0.9067","http://www.drugbank.ca/drugs/DB04764"
"183","2,4-Diamino-6-[N-(2',5'-Dimethoxybenzyl)-N-Methylamino]Quinazoline (DB02427)","0.9066","http://www.drugbank.ca/drugs/DB02427"
"184","Domperidone (DB01184)","0.9066","http://www.drugbank.ca/drugs/DB01184"
"185","(2R)-2-({9-(1-methylethyl)-6-[(4-pyridin-2-ylbenzyl)amino]-9H-purin-2-yl}amino)butan-1-ol (DB08463)","0.9064","http://www.drugbank.ca/drugs/DB08463"
"186","Flavopiridol (DB03496)","0.9063","http://www.drugbank.ca/drugs/DB03496"
"187","2-METHYL-2-(4-{[({4-METHYL-2-[4-(TRIFLUOROMETHYL)PHENYL]-1,3-THIAZOL-5-YL}CARBONYL)AMINO]METHYL}PHENOXY)PROPANOIC ACID (DB07215)","0.9061","http://www.drugbank.ca/drugs/DB07215"
"188","Toremifene (DB00539)","0.9061","http://www.drugbank.ca/drugs/DB00539"
"189","Clomifene (DB00882)","0.9060","http://www.drugbank.ca/drugs/DB00882"
"190","6-(3-AMINOPHENYL)-N-(TERT-BUTYL)-2-(TRIFLUOROMETHYL)QUINAZOLIN-4-AMINE (DB07612)","0.9058","http://www.drugbank.ca/drugs/DB07612"
"191","4-chloro-6-{5-[(2-morpholin-4-ylethyl)amino]-1,2-benzisoxazol-3-yl}benzene-1,3-diol (DB07601)","0.9057","http://www.drugbank.ca/drugs/DB07601"
"192","Cilansetron (DB04885)","0.9053","http://www.drugbank.ca/drugs/DB04885"
"193","6-[N-(4-Ethyl-1,2,3,4-Tetrahydro-6-Isoquinolinyl)Carbamyl]-2-Naphthalenecarboxamidine (DB02551)","0.9051","http://www.drugbank.ca/drugs/DB02551"
"194","3-(2-CHLOROPHENYL)-1-(2-{[(1S)-2-HYDROXY-1,2-DIMETHYLPROPYL]AMINO}PYRIMIDIN-4-YL)-1-(4-METHOXYPHENYL)UREA (DB08095)","0.9051","http://www.drugbank.ca/drugs/DB08095"
"195","(3S)-1-(1,3-BENZODIOXOL-5-YLMETHYL)-3-[4-(1H-IMIDAZOL-1-YL)PHENOXY]PIPERIDINE (DB07011)","0.9050","http://www.drugbank.ca/drugs/DB07011"
"196","Bepotastine (DB04890)","0.9050","http://www.drugbank.ca/drugs/DB04890"
"197","Haloperidol (DB00502)","0.9049","http://www.drugbank.ca/drugs/DB00502"
"198","4,4'[1,6-Hexanediylbis(Oxy)]Bisbenzenecarboximidamide (DB03808)","0.9048","http://www.drugbank.ca/drugs/DB03808"
"199","Triazolam (DB00897)","0.9045","http://www.drugbank.ca/drugs/DB00897"
"200","5-(5-chloro-2,4-dihydroxyphenyl)-N-ethyl-4-[4-(morpholin-4-ylmethyl)phenyl]isoxazole-3-carboxamide (DB06961)","0.9041","http://www.drugbank.ca/drugs/DB06961"
"201","4-(2-aminoethoxy)-N-(3-chloro-5-piperidin-1-ylphenyl)-3,5-dimethylbenzamide (DB08697)","0.9040","http://www.drugbank.ca/drugs/DB08697"
"202","Erlotinib (DB00530)","0.9037","http://www.drugbank.ca/drugs/DB00530"
"203","4-[(1S)-1-(3-fluoro-4-methoxyphenyl)-2-(2-methoxy-5-nitrophenyl)ethyl]-1H-imidazol-2-amine (DB07415)","0.9035","http://www.drugbank.ca/drugs/DB07415"
"204","Moricizine (DB00680)","0.9033","http://www.drugbank.ca/drugs/DB00680"
"205","6-[N-(1-Isopropyl-3,4-Dihydro-7-Isoquinolinyl)Carbamyl]-2-Naphthalenecarboxamidine (DB02473)","0.9033","http://www.drugbank.ca/drugs/DB02473"
"206","(2s)-2-[(2,4-Dichloro-Benzoyl)-(3-Trifluoromethyl-Benzyl)-Amino]-3-Phenyl-Propionic Acid (DB03605)","0.9032","http://www.drugbank.ca/drugs/DB03605"
"207","1-(1'-{[3-(methylsulfanyl)-2-benzothiophen-1-yl]carbonyl}spiro[1-benzofuran-3,4'-piperidin]-5-yl)methanamine (DB06848)","0.9031","http://www.drugbank.ca/drugs/DB06848"
"208","3-[(2,4-Dichlorobenzoyl)(Isopropyl)Amino]-5-Phenylthiophene-2-Carboxylic Acid (DB03388)","0.9031","http://www.drugbank.ca/drugs/DB03388"
"209","N-(P-CYANOPHENYL)-N'-DIPHENYLMETHYL-GUANIDINE-ACETIC ACID (DB07816)","0.9026","http://www.drugbank.ca/drugs/DB07816"
"210","5-[4-(DIMETHYLAMINO)PHENYL]-6-[(6-MORPHOLIN-4-YLPYRIDIN-3-YL)ETHYNYL]PYRIMIDIN-4-AMINE (DB07280)","0.9025","http://www.drugbank.ca/drugs/DB07280"
"211","Asimadoline (DB05104)","0.9025","http://www.drugbank.ca/drugs/DB05104"
"212","Cyclopropyl-{4-[5-(3,4-Dichlorophenyl)-2-[(1-Methyl)-Piperidin]-4-Yl-3-Propyl-3h-Imidazol-4-Yl]-Pyrimidin-2-Yl}Amine (DB03084)","0.9022","http://www.drugbank.ca/drugs/DB03084"
"213","Clozapine (DB00363)","0.9021","http://www.drugbank.ca/drugs/DB00363"
"214","Merimepodib (DB04862)","0.9015","http://www.drugbank.ca/drugs/DB04862"
"215","N-[amino(imino)methyl]-2-[2-(2-chlorophenyl)-4-(4-propoxyphenyl)-3-thienyl]acetamide (DB07089)","0.9014","http://www.drugbank.ca/drugs/DB07089"
"216","Dapoxetine (DB04884)","0.9013","http://www.drugbank.ca/drugs/DB04884"
"217","Tolvaptan (DB06212)","0.9011","http://www.drugbank.ca/drugs/DB06212"
"218","Amoxapine (DB00543)","0.9010","http://www.drugbank.ca/drugs/DB00543"
"219","5-(3,5-DICHLOROPHENYL)THIO-4-ISOPROPYL-1-(PYRIDIN-4-YL-METHYL)-1H-IMIDAZOL-2-YL-METHYL CARBAMATE (DB08502)","0.9009","http://www.drugbank.ca/drugs/DB08502"
"220","5-CHLORO-N-((1R,2S)-2-(4-(2-OXOPYRIDIN-1(2H)-YL)BENZAMIDO) CYCLOPENTYL)THIOPHENE-2-CARBOXAMIDE (DB08174)","0.9003","http://www.drugbank.ca/drugs/DB08174"
"221","[3,5-Dibromo-4-(4-Hydroxy-3-Phenethylcarbamoyl-Phenoxy)-Phenyl]-Acetic Acid (DB02106)","0.9001","http://www.drugbank.ca/drugs/DB02106"
"222","1-[(3S)-5-PHENYL-3-THIOPHEN-2-YL-3H-1,4-BENZODIAZEPIN-2-YL]AZETIDIN-3-OL (DB08698)","0.8994","http://www.drugbank.ca/drugs/DB08698"
"223","Trovafloxacin (DB00685)","0.8990","http://www.drugbank.ca/drugs/DB00685"
"224","1-[3-({[(4-AMINO-5-FLUORO-2-METHYLQUINOLIN-3-YL)METHYL]THIO}METHYL)PHENYL]-2,2,2-TRIFLUOROETHANE-1,1-DIOL (DB07756)","0.8987","http://www.drugbank.ca/drugs/DB07756"
"225","2,6-DIMETHYL-1-(3-[3-METHYL-5-ISOXAZOLYL]-PROPANYL)-4-[2N-METHYL-2H-TETRAZOL-5-YL]-PHENOL (DB08713)","0.8984","http://www.drugbank.ca/drugs/DB08713"
"226","1-[4-(4-chlorophenyl)-1-(7H-pyrrolo[2,3-d]pyrimidin-4-yl)piperidin-4-yl]methanamine (DB08148)","0.8981","http://www.drugbank.ca/drugs/DB08148"
"227","[4-({5-(AMINOCARBONYL)-4-[(3-METHYLPHENYL)AMINO]PYRIMIDIN-2-YL}AMINO)PHENYL]ACETIC ACID (DB08513)","0.8980","http://www.drugbank.ca/drugs/DB08513"
"228","5-(4-Morpholin-4-Yl-Phenylsulfanyl)-2,4-Quinazolinediamine (DB02001)","0.8980","http://www.drugbank.ca/drugs/DB02001"
"229","8-bromo-4-(2-chlorophenyl)-N-(2-hydroxyethyl)-6-methyl-1,3-dioxo-1,2,3,6-tetrahydropyrrolo[3,4-e]indole-7-carboxamide (DB08365)","0.8979","http://www.drugbank.ca/drugs/DB08365"
"230","(S)-2-[(R)-3-amino-4-(2-fluorophenyl)butyryl]-1,2,3,4-tetrahydroisoquinoline-3-carboxamide (DB04578)","0.8974","http://www.drugbank.ca/drugs/DB04578"
"231","2-{[(6-OXO-1,6-DIHYDROPYRIDIN-3-YL)METHYL]AMINO}-N-[4-PROPYL-3-(TRIFLUOROMETHYL)PHENYL]BENZAMIDE (DB07831)","0.8973","http://www.drugbank.ca/drugs/DB07831"
"232","Trimetrexate (DB01157)","0.8972","http://www.drugbank.ca/drugs/DB01157"
"233","1-(3-(2,4-DIMETHYLTHIAZOL-5-YL)-4-OXO-2,4-DIHYDROINDENO[1,2-C]PYRAZOL-5-YL)-3-(4-METHYLPIPERAZIN-1-YL)UREA (DB07622)","0.8967","http://www.drugbank.ca/drugs/DB07622"
"234","N-{(3S,4S)-4-[(6-AMINO-4-METHYLPYRIDIN-2-YL)METHYL]PYRROLIDIN-3-YL}-N'-(4-CHLOROBENZYL)ETHANE-1,2-DIAMINE (DB08018)","0.8966","http://www.drugbank.ca/drugs/DB08018"
"235","N-{(3R,4S)-4-[(6-amino-4-methylpyridin-2-yl)methyl]pyrrolidin-3-yl}-N'-(3-chlorobenzyl)ethane-1,2-diamine (DB08019)","0.8966","http://www.drugbank.ca/drugs/DB08019"
"236","4-CHLORO-6-(4-{4-[4-(METHYLSULFONYL)BENZYL]PIPERAZIN-1-YL}-1H-PYRAZOL-5-YL)BENZENE-1,3-DIOL (DB06957)","0.8966","http://www.drugbank.ca/drugs/DB06957"
"237","Midazolam (DB00683)","0.8965","http://www.drugbank.ca/drugs/DB00683"
"238","(3R,4S)-1-[(4-amino-5H-pyrrolo[3,2-d]pyrimidin-7-yl)methyl]-4-[(benzylsulfanyl)methyl]pyrrolidin-3-ol (DB07649)","0.8963","http://www.drugbank.ca/drugs/DB07649"
"239","3-[(Acetyl-Methyl-Amino)-Methyl]-4-Amino-N-Methyl-N-(1-Methyl-1h-Indol-2-Ylmethyl)-Benzamide (DB03534)","0.8957","http://www.drugbank.ca/drugs/DB03534"
"240","2'-deoxy-N-(naphthalen-1-ylmethyl)guanosine 5'-(dihydrogen phosphate) (DB08237)","0.8954","http://www.drugbank.ca/drugs/DB08237"
"241","D-phenylalanyl-N-(3-chlorobenzyl)-L-prolinamide (DB06919)","0.8953","http://www.drugbank.ca/drugs/DB06919"
"242","Mequitazine (DB01071)","0.8949","http://www.drugbank.ca/drugs/DB01071"
"243","Cinacalcet (DB01012)","0.8948","http://www.drugbank.ca/drugs/DB01012"
"244","4-({[4-(3-METHYLBENZOYL)PYRIDIN-2-YL]AMINO}METHYL)BENZENECARBOXIMIDAMIDE (DB07809)","0.8946","http://www.drugbank.ca/drugs/DB07809"
"245","(2S)-2-ETHOXY-3-{4-[2-(10H-PHENOXAZIN-10-YL)ETHOXY]PHENYL}PROPANOIC ACID (DB07675)","0.8946","http://www.drugbank.ca/drugs/DB07675"
"246","Regorafenib (DB08896)","0.8945","http://www.drugbank.ca/drugs/DB08896"
"247","Diphenidol (DB01231)","0.8941","http://www.drugbank.ca/drugs/DB01231"
"248","5-cyclopropyl-2-(4-fluorophenyl)-6-[(2-hydroxyethyl)(methylsulfonyl)amino]-N-methyl-1-benzofuran-3-carboxamide (DB07238)","0.8938","http://www.drugbank.ca/drugs/DB07238"
"249","Tadalafil (DB00820)","0.8938","http://www.drugbank.ca/drugs/DB00820"
"250","1-Acetyl-4-(4-{4-[(2-Ethoxyphenyl)Thio]-3-Nitrophenyl}Pyridin-2-Yl)Piperazine (DB02177)","0.8938","http://www.drugbank.ca/drugs/DB02177"
"251","Sorafenib (DB00398)","0.8938","http://www.drugbank.ca/drugs/DB00398"
"252","4'-[(1R)-1-amino-2-(2,5-difluorophenyl)ethyl]biphenyl-3-carboxamide (DB07181)","0.8935","http://www.drugbank.ca/drugs/DB07181"
"253","(2S)-1-{4-[(4-ANILINO-5-BROMOPYRIMIDIN-2-YL)AMINO]PHENOXY}-3-(DIMETHYLAMINO)PROPAN-2-OL (DB07501)","0.8932","http://www.drugbank.ca/drugs/DB07501"
"254","(2R)-1-{4-[(4-ANILINO-5-BROMOPYRIMIDIN-2-YL)AMINO]PHENOXY}-3-(DIMETHYLAMINO)PROPAN-2-OL (DB07504)","0.8932","http://www.drugbank.ca/drugs/DB07504"
"255","Paroxetine (DB00715)","0.8929","http://www.drugbank.ca/drugs/DB00715"
"256","(5S)-5-(3-AMINOPROPYL)-3-(2,5-DIFLUOROPHENYL)-N-ETHYL-5-PHENYL-4,5-DIHYDRO-1H-PYRAZOLE-1-CARBOXAMIDE (DB08250)","0.8926","http://www.drugbank.ca/drugs/DB08250"
"257","N~4~-(3-methyl-1H-indazol-6-yl)-N~2~-(3,4,5-trimethoxyphenyl)pyrimidine-2,4-diamine (DB08519)","0.8926","http://www.drugbank.ca/drugs/DB08519"
"258","N,N'-Bis(4-Amino-2-Methylquinolin-6-Yl)Urea (DB04452)","0.8920","http://www.drugbank.ca/drugs/DB04452"
"259","6-chloro-N-pyrimidin-5-yl-3-{[3-(trifluoromethyl)phenyl]amino}-1,2-benzisoxazole-7-carboxamide (DB07326)","0.8919","http://www.drugbank.ca/drugs/DB07326"
"260","Indecainide (DB00192)","0.8919","http://www.drugbank.ca/drugs/DB00192"
"261","(2E)-N-{4-[(3-bromophenyl)amino]quinazolin-6-yl}-4-(dimethylamino)but-2-enamide (DB08564)","0.8911","http://www.drugbank.ca/drugs/DB08564"
"262","2-{4-[2-(2-AMINO-4-OXO-4,7-DIHYDRO-3H-PYRROLO[2,3-D]PYRIMIDIN-5-YL)-ETHYL]-BENZOYLAMINO}-3-METHYL-BUTYRIC ACID (DB08131)","0.8911","http://www.drugbank.ca/drugs/DB08131"
"263","N-{2-[6-(2,4-DIAMINO-6-ETHYLPYRIMIDIN-5-YL)-2,2-DIMETHYL-3-OXO-2,3-DIHYDRO-4H-1,4-BENZOTHIAZIN-4-YL]ETHYL}ACETAMIDE (DB06899)","0.8911","http://www.drugbank.ca/drugs/DB06899"
"264","N~3~-cyclopropyl-N~4~'-(cyclopropylmethyl)-6-methylbiphenyl-3,4'-dicarboxamide (DB07835)","0.8910","http://www.drugbank.ca/drugs/DB07835"
"265","(2S)-1-[4-({6-[(2,6-DIFLUOROPHENYL)AMINO]PYRIMIDIN-4-YL}AMINO)PHENOXY]-3-(DIMETHYLAMINO)PROPAN-2-OL (DB07751)","0.8909","http://www.drugbank.ca/drugs/DB07751"
"266","(2R)-1-[4-({6-[(2,6-DIFLUOROPHENYL)AMINO]PYRIMIDIN-4-YL}AMINO)PHENOXY]-3-(DIMETHYLAMINO)PROPAN-2-OL (DB07761)","0.8909","http://www.drugbank.ca/drugs/DB07761"
"267","3-[3-(4-methylpiperazin-1-yl)-7-(trifluoromethyl)quinoxalin-5-yl]phenol (DB07969)","0.8903","http://www.drugbank.ca/drugs/DB07969"
"268","Benzatropine (DB00245)","0.8901","http://www.drugbank.ca/drugs/DB00245"
"269","ZK-805623 (DB04432)","0.8900","http://www.drugbank.ca/drugs/DB04432"
"270","3-({4-[(5-CHLORO-1,3-BENZODIOXOL-4-YL)AMINO]PYRIMIDIN-2-YL}AMINO)BENZAMIDE (DB07256)","0.8898","http://www.drugbank.ca/drugs/DB07256"
"271","D-phenylalanyl-N-(3-fluorobenzyl)-L-prolinamide (DB07027)","0.8895","http://www.drugbank.ca/drugs/DB07027"
"272","6-(2,5-Dimethoxy-Benzyl)-5-Methyl-Pyrido[2,3-D]Pyrimidine-2,4-Diamine (DB03695)","0.8893","http://www.drugbank.ca/drugs/DB03695"
"273","Citalopram (DB00215)","0.8891","http://www.drugbank.ca/drugs/DB00215"
"274","Escitalopram (DB01175)","0.8891","http://www.drugbank.ca/drugs/DB01175"
"275","Nefazodone (DB01149)","0.8883","http://www.drugbank.ca/drugs/DB01149"
"276","Prochlorperazine (DB00433)","0.8882","http://www.drugbank.ca/drugs/DB00433"
"277","Buclizine (DB00354)","0.8876","http://www.drugbank.ca/drugs/DB00354"
"278","N-({(2S)-1-[(3R)-3-AMINO-4-(2-FLUOROPHENYL)BUTANOYL]PYRROLIDIN-2-YL}METHYL)BENZAMIDE (DB07779)","0.8875","http://www.drugbank.ca/drugs/DB07779"
"279","Loxapine (DB00408)","0.8875","http://www.drugbank.ca/drugs/DB00408"
"280","4-[[(1E)-2-(4-CHLOROPHENYL)ETHENYL]SULFONYL]-1-[[1-(4-PYRIDINYL)-4-PIPERIDINYL]METHYL]PIPERAZINONE (DB08745)","0.8872","http://www.drugbank.ca/drugs/DB08745"
"281","Etravirine (DB06414)","0.8871","http://www.drugbank.ca/drugs/DB06414"
"282","4-({6-AMINO-5-BROMO-2-[(4-CYANOPHENYL)AMINO]PYRIMIDIN-4-YL}OXY)-3,5-DIMETHYLBENZONITRILE (DB07191)","0.8871","http://www.drugbank.ca/drugs/DB07191"
"283","4-{2-[4-(2-Aminoethyl)Piperazin-1-Yl]Pyridin-4-Yl}-N-(3-Chloro-4-Methylphenyl)Pyrimidin-2-Amine (DB03916)","0.8869","http://www.drugbank.ca/drugs/DB03916"
"284","D-phenylalanyl-N-benzyl-L-prolinamide (DB07143)","0.8864","http://www.drugbank.ca/drugs/DB07143"
"285","Quetiapine (DB01224)","0.8864","http://www.drugbank.ca/drugs/DB01224"
"286","1-[1'-(3-phenylacryloyl)spiro[1-benzofuran-3,4'-piperidin]-5-yl]methanamine (DB06849)","0.8863","http://www.drugbank.ca/drugs/DB06849"
"287","(6-[4-(AMINOMETHYL)-2,6-DIMETHYLPHENOXY]-2-{[4-(AMINOMETHYL)PHENYL]AMINO}-5-BROMOPYRIMIDIN-4-YL)METHANOL (DB06874)","0.8860","http://www.drugbank.ca/drugs/DB06874"
"288","Pipazethate (DB08796)","0.8856","http://www.drugbank.ca/drugs/DB08796"
"289","GW 501516 (DB05416)","0.8855","http://www.drugbank.ca/drugs/DB05416"
"290","SC45647 (DB04778)","0.8855","http://www.drugbank.ca/drugs/DB04778"
"291","Anileridine (DB00913)","0.8852","http://www.drugbank.ca/drugs/DB00913"
"292","N-(5-CHLORO-BENZO[B]THIOPHEN-3-YLMETHYL)-2-[6-CHLORO-OXO-3-(2-PYRIDIN-2-YL-ETHYLAMINO)-2H-PYRAZIN-1-YL]-ACETAMIDE (DB07165)","0.8849","http://www.drugbank.ca/drugs/DB07165"
"293","Diampromide (DB01502)","0.8845","http://www.drugbank.ca/drugs/DB01502"
"294","Flunarizine (DB04841)","0.8844","http://www.drugbank.ca/drugs/DB04841"
"295","2-(2,6-DIFLUOROPHENOXY)-N-(2-FLUOROPHENYL)-9-ISOPROPYL-9H-PURIN-8-AMINE (DB08097)","0.8839","http://www.drugbank.ca/drugs/DB08097"
"296","N-cyclohexyl-3-[3-(trifluoromethyl)phenyl][1,2,4]triazolo[4,3-b]pyridazin-6-amine (DB08708)","0.8834","http://www.drugbank.ca/drugs/DB08708"
"297","Tolterodine (DB01036)","0.8833","http://www.drugbank.ca/drugs/DB01036"
"298","1-(2-Amidinophenyl)-3-(Phenoxyphenyl)Urea (DB03337)","0.8828","http://www.drugbank.ca/drugs/DB03337"
"299","4-(2-{[4-{[3-(4-Chlorophenyl)Propyl]Sulfanyl}-6-(1-Piperazinyl)-1,3,5-Triazin-2-Yl]Amino}Ethyl)Phenol (DB04020)","0.8824","http://www.drugbank.ca/drugs/DB04020"
"300","Meclizine (DB00737)","0.8819","http://www.drugbank.ca/drugs/DB00737"
"301","Perphenazine (DB00850)","0.8818","http://www.drugbank.ca/drugs/DB00850"
"302","Cinnarizine (DB00568)","0.8816","http://www.drugbank.ca/drugs/DB00568"
"303","2-(6-CHLORO-3-{[2,2-DIFLUORO-2-(1-OXIDO-2-PYRIDINYL)ETHYL]AMINO}-2-OXO-1(2H)-PYRAZINYL)-N-[(2-FLUOROPHENYL)METHYL]ACETAMIDE (DB07550)","0.8815","http://www.drugbank.ca/drugs/DB07550"
"304","(2R)-1-(DIMETHYLAMINO)-3-{4-[(6-{[2-FLUORO-5-(TRIFLUOROMETHYL)PHENYL]AMINO}PYRIMIDIN-4-YL)AMINO]PHENOXY}PROPAN-2-OL (DB07054)","0.8812","http://www.drugbank.ca/drugs/DB07054"
"305","Piboserod (DB04873)","0.8811","http://www.drugbank.ca/drugs/DB04873"
"306","N~4~-methyl-N~4~-(3-methyl-1H-indazol-6-yl)-N~2~-(3,4,5-trimethoxyphenyl)pyrimidine-2,4-diamine (DB08042)","0.8807","http://www.drugbank.ca/drugs/DB08042"
"307","Beta-hydroxyfentanyl (DB01453)","0.8806","http://www.drugbank.ca/drugs/DB01453"
"308","Acetophenazine (DB01063)","0.8804","http://www.drugbank.ca/drugs/DB01063"
"309","methyl (1R,2S)-2-(hydroxycarbamoyl)-1-{4-[(2-methylquinolin-4-yl)methoxy]benzyl}cyclopropanecarboxylate (DB07147)","0.8803","http://www.drugbank.ca/drugs/DB07147"
"310","N-{3-[(4-{[3-(TRIFLUOROMETHYL)PHENYL]AMINO}PYRIMIDIN-2-YL)AMINO]PHENYL}CYCLOPROPANECARBOXAMIDE (DB07545)","0.8802","http://www.drugbank.ca/drugs/DB07545"
"311","1-[4-(PYRIDIN-4-YLOXY)PHENYL]-3-[3-(TRIFLUOROMETHYL)PHENYL]UREA (DB08043)","0.8799","http://www.drugbank.ca/drugs/DB08043"
"312","Sildenafil (DB00203)","0.8798","http://www.drugbank.ca/drugs/DB00203"
"313","5-Chloro-thiophene-2-carboxylic acid ((3S,4S)-1-{[2-fluoro-4-(2-oxo-2H-pyridin-1-yl)-phenylcarbamoyl]-methyl}-4-hydroxy-pyrrolidin-3-yl)-amide (DB07875)","0.8794","http://www.drugbank.ca/drugs/DB07875"
"314","D-phenylalanyl-N-(3-methylbenzyl)-L-prolinamide (DB07133)","0.8794","http://www.drugbank.ca/drugs/DB07133"
"315","5-chloro-N-[(3R)-1-(2-{[2-fluoro-4-(2-oxopyridin-1(2H)-yl)phenyl]amino}-2-oxoethyl)pyrrolidin-3-yl]thiophene-2-carboxamide (DB07872)","0.8792","http://www.drugbank.ca/drugs/DB07872"
"316","(S)-2-CHLORO-N-(1-(2-(2-HYDROXYETHYLAMINO)-2-OXOETHYL)-2-OXO-1,2,3,4-TETRAHYDROQUINOLIN-3-YL)-6H-THIENO[2,3-B]PYRROLE-5-CARBOXAMIDE (DB07792)","0.8792","http://www.drugbank.ca/drugs/DB07792"
"317","2,4-Diamino-6-[N-(3',5'-Dimethoxybenzyl)-N-Methylamino]Pyrido[2,3-D]Pyrimidine (DB03987)","0.8788","http://www.drugbank.ca/drugs/DB03987"
"318","N-(4-carbamimidoylbenzyl)-1-(3-phenylpropanoyl)-L-prolinamide (DB06942)","0.8788","http://www.drugbank.ca/drugs/DB06942"
"319","(1S)-1-CYCLOPROPYL-2-[(2S)-4-(2,5-DIFLUOROPHENYL)-2-PHENYL-2,5-DIHYDRO-1H-PYRROL-1-YL]-2-OXOETHANAMINE (DB08244)","0.8787","http://www.drugbank.ca/drugs/DB08244"
"320","4-[4-(2,4,6-TRIMETHYL-PHENYLAMINO)-PYRIMIDIN-2-YLAMINO]-BENZONITRILE (DB08639)","0.8786","http://www.drugbank.ca/drugs/DB08639"
"321","N6-(2,5-Dimethoxy-Benzyl)-N6-Methyl-Pyrido[2,3-D]Pyrimidine-2,4,6-Triamine (DB02583)","0.8784","http://www.drugbank.ca/drugs/DB02583"
"322","6-[3-(4-Morpholinyl)Propyl]-2-(3-Nitrophenyl)-5-Thioxo-5,6,-Dihydro-7h-Thienol[2',3':4,5]Pyrrolo[1,2-C]Imidazol-7-One (DB03507)","0.8779","http://www.drugbank.ca/drugs/DB03507"
"323","(4R,5R)-5-AMINO-1-[2-(1,3-BENZODIOXOL-5-YL)ETHYL]-4-(2,4,5-TRIFLUOROPHENYL)PIPERIDIN-2-ONE (DB07830)","0.8779","http://www.drugbank.ca/drugs/DB07830"
"324","1-TERT-BUTYL-3-(2,5-DIMETHYLBENZYL)-1H-PYRAZOLO[3,4-D]PYRIMIDIN-4-AMINE (DB08035)","0.8778","http://www.drugbank.ca/drugs/DB08035"
"325","Darusentan (DB04883)","0.8775","http://www.drugbank.ca/drugs/DB04883"
"326","Zuclopenthixol acetate (DB08919)","0.8775","http://www.drugbank.ca/drugs/DB08919"
"327","Fentanyl (DB00813)","0.8773","http://www.drugbank.ca/drugs/DB00813"
"328","Rilpivirine (DB08864)","0.8772","http://www.drugbank.ca/drugs/DB08864"
"329","TMC278 (DB05083)","0.8772","http://www.drugbank.ca/drugs/DB05083"
"330","4-{[4-({4-[(E)-2-cyanoethenyl]-2,6-dimethylphenyl}amino)pyrimidin-2-yl]amino}benzonitrile (DB08592)","0.8772","http://www.drugbank.ca/drugs/DB08592"
"331","N-(5-{3,4-difluoro-2-[(2-fluoro-4-iodophenyl)amino]phenyl}-1,3,4-oxadiazol-2-yl)ethane-1,2-diamine (DB08130)","0.8769","http://www.drugbank.ca/drugs/DB08130"
"332","Aprindine (DB01429)","0.8769","http://www.drugbank.ca/drugs/DB01429"
"333","Sri-9662 (DB03060)","0.8767","http://www.drugbank.ca/drugs/DB03060"
"334","PYRIMIDINE-4,6-DICARBOXYLIC ACID BIS-(4-FLUORO-3-METHYL-BENZYLAMIDE) (DB04760)","0.8766","http://www.drugbank.ca/drugs/DB04760"
"335","1-[4-(AMINOMETHYL)BENZOYL]-5'-FLUORO-1'H-SPIRO[PIPERIDINE-4,2'-QUINAZOLIN]-4'-AMINE (DB08750)","0.8765","http://www.drugbank.ca/drugs/DB08750"
"336","Thiethylperazine (DB00372)","0.8764","http://www.drugbank.ca/drugs/DB00372"
"337","5-CHLORO-THIOPHENE-2-CARBOXYLIC ACID ((3S,4S)-4-FLUORO- 1-{[2-FLUORO-4-(2-OXO-2H-PYRIDIN-1-YL)-PHENYLCARBAMOYL]-METHYL}-PYRROLIDIN-3-YL)-AMIDE (DB08143)","0.8763","http://www.drugbank.ca/drugs/DB08143"
"338","1-[4-(4-chlorobenzyl)-1-(7H-pyrrolo[2,3-d]pyrimidin-4-yl)piperidin-4-yl]methanamine (DB08149)","0.8763","http://www.drugbank.ca/drugs/DB08149"
"339","PYRIMIDINE-4,6-DICARBOXYLIC ACID BIS-(3-METHYL-BENZYLAMIDE) (DB04759)","0.8761","http://www.drugbank.ca/drugs/DB04759"
"340","4-(2-aminoethoxy)-N-(2,5-diethoxyphenyl)-3,5-dimethylbenzamide (DB07625)","0.8761","http://www.drugbank.ca/drugs/DB07625"
"341","N-ETHYL-N-ISOPROPYL-3-METHYL-5-{[(2S)-2-(PYRIDIN-4-YLAMINO)PROPYL]OXY}BENZAMIDE (DB07279)","0.8756","http://www.drugbank.ca/drugs/DB07279"
"342","Chlorotrianisene (DB00269)","0.8756","http://www.drugbank.ca/drugs/DB00269"
"343","Terconazole (DB00251)","0.8755","http://www.drugbank.ca/drugs/DB00251"
"344","TC-5619 (DB06090)","0.8752","http://www.drugbank.ca/drugs/DB06090"
"345","(METHYLPYRIDAZINE PIPERIDINE ETHYLOXYPHENYL)ETHYLACETATE (DB08012)","0.8748","http://www.drugbank.ca/drugs/DB08012"
"346","Cyclohexyl-{4-[5-(3,4-Dichlorophenyl)-2-Piperidin-4-Yl-3-Propyl-3h-Imidazol-4-Yl]-Pyrimidin-2-Yl}Amine (DB02388)","0.8748","http://www.drugbank.ca/drugs/DB02388"
"347","4-[4-AMINO-6-(2,6-DICHLORO-PHENOXY)-[1,3,5]TRIAZIN-2-YLAMINO]-BENZONITRILE (DB07343)","0.8744","http://www.drugbank.ca/drugs/DB07343"
"348","4-(4-METHYLPIPERAZIN-1-YL)-N-[5-(2-THIENYLACETYL)-1,5-DIHYDROPYRROLO[3,4-C]PYRAZOL-3-YL]BENZAMIDE (DB07186)","0.8738","http://www.drugbank.ca/drugs/DB07186"
"349","(6S)-1-chloro-3-[(4-fluorobenzyl)oxy]-6-(pyrrolidin-1-ylcarbonyl)pyrrolo[1,2-a]pyrazin-4(6H)-one (DB07148)","0.8737","http://www.drugbank.ca/drugs/DB07148"
"350","D-phenylalanyl-N-{4-[amino(iminio)methyl]benzyl}-L-prolinamide (DB07005)","0.8726","http://www.drugbank.ca/drugs/DB07005"
"351","N-(2-chloro-6-methylphenyl)-8-[(3S)-3-methylpiperazin-1-yl]imidazo[1,5-a]quinoxalin-4-amine (DB08057)","0.8726","http://www.drugbank.ca/drugs/DB08057"
"352","Flurazepam (DB00690)","0.8724","http://www.drugbank.ca/drugs/DB00690"
"353","8-(2-CHLOROPHENYLAMINO)-2-(2,6-DIFLUOROPHENYLAMINO)-9-ETHYL-9H-PURINE-1,7-DIIUM (DB08096)","0.8720","http://www.drugbank.ca/drugs/DB08096"
"354","Azimilide (DB04957)","0.8719","http://www.drugbank.ca/drugs/DB04957"
"355","N-{2,2-DIFLUORO-2-[(2R)-PIPERIDIN-2-YL]ETHYL}-2-[2-(1H-1,2,4-TRIAZOL-1-YL)BENZYL][1,3]OXAZOLO[4,5-C]PYRIDIN-4-AMINE (DB04591)","0.8713","http://www.drugbank.ca/drugs/DB04591"
"356","Phenserine (DB04892)","0.8712","http://www.drugbank.ca/drugs/DB04892"
"357","Zuclopenthixol (DB01624)","0.8711","http://www.drugbank.ca/drugs/DB01624"
"358","3-Methylfentanyl (DB01571)","0.8710","http://www.drugbank.ca/drugs/DB01571"
"359","Doxazosin (DB00590)","0.8706","http://www.drugbank.ca/drugs/DB00590"
"360","4-METHYL-5-{(2E)-2-[(4-MORPHOLIN-4-YLPHENYL)IMINO]-2,5-DIHYDROPYRIMIDIN-4-YL}-1,3-THIAZOL-2-AMINE (DB08219)","0.8703","http://www.drugbank.ca/drugs/DB08219"
"361","Canagliflozin (DB08907)","0.8699","http://www.drugbank.ca/drugs/DB08907"
"362","N~2~-1,3-BENZOXAZOL-2-YL-3-CYCLOHEXYL-N-{2-[(4-METHOXYPHENYL)AMINO]ETHYL}-L-ALANINAMIDE (DB07839)","0.8698","http://www.drugbank.ca/drugs/DB07839"
"363","5-[(2-methyl-5-{[3-(trifluoromethyl)phenyl]carbamoyl}phenyl)amino]pyridine-3-carboxamide (DB07970)","0.8697","http://www.drugbank.ca/drugs/DB07970"
"364","Furo[2,3d]Pyrimidine Antifolate (DB02026)","0.8696","http://www.drugbank.ca/drugs/DB02026"
"365","7A-[(4-cyanophenyl)methyl]-6-(3,5-dichlorophenyl)-5-oxo-2,3,5,7A-tetrahydro-1H-pyrrolo[1,2-A]pyrrole-7-carbonitrile (DB06972)","0.8679","http://www.drugbank.ca/drugs/DB06972"
"366","2-{2-[(3,5-dimethylphenyl)amino]pyrimidin-4-yl}-N-[(1S)-2-hydroxy-1-methylethyl]-4-methyl-1,3-thiazole-5-carboxamide (DB07194)","0.8673","http://www.drugbank.ca/drugs/DB07194"
"367","(4R)-7,8-dichloro-1',9-dimethyl-1-oxo-1,2,4,9-tetrahydrospiro[beta-carboline-3,4'-piperidine]-4-carbonitrile (DB07242)","0.8671","http://www.drugbank.ca/drugs/DB07242"
"368","Amineptine (DB04836)","0.8666","http://www.drugbank.ca/drugs/DB04836"
"369","Trifluoperazine (DB00831)","0.8664","http://www.drugbank.ca/drugs/DB00831"
"370","2-({5-CHLORO-2-[(2-METHOXY-4-MORPHOLIN-4-YLPHENYL)AMINO]PYRIMIDIN-4-YL}AMINO)-N-METHYLBENZAMIDE (DB07460)","0.8659","http://www.drugbank.ca/drugs/DB07460"
"371","Acetyl-alpha-methylfentanyl (DB01532)","0.8659","http://www.drugbank.ca/drugs/DB01532"
"372","3-({4-[(5-chloro-1,3-benzodioxol-4-yl)amino]pyrimidin-2-yl}amino)benzenesulfonamide (DB07252)","0.8656","http://www.drugbank.ca/drugs/DB07252"
"373","Pleconaril (DB05105)","0.8647","http://www.drugbank.ca/drugs/DB05105"
"374","4-{[4-(1-CYCLOPROPYL-2-METHYL-1H-IMIDAZOL-5-YL)PYRIMIDIN-2-YL]AMINO}-N-METHYLBENZENESULFONAMIDE (DB07791)","0.8644","http://www.drugbank.ca/drugs/DB07791"
"375","(3R,4R)-4-(pyrrolidin-1-ylcarbonyl)-1-(quinoxalin-2-ylcarbonyl)pyrrolidin-3-amine (DB07015)","0.8642","http://www.drugbank.ca/drugs/DB07015"
"376","Alpha-methylfentanyl (DB01557)","0.8638","http://www.drugbank.ca/drugs/DB01557"
"377","N'-(5-chloro-1,3-benzodioxol-4-yl)-N-(3-methylsulfonylphenyl)pyrimidine-2,4-diamine (DB07253)","0.8638","http://www.drugbank.ca/drugs/DB07253"
"378","1-(6-CYANO-3-PYRIDYLCARBONYL)-5',8'-DIFLUOROSPIRO[PIPERIDINE-4,2'(1'H)-QUINAZOLINE]-4'-AMINE (DB07405)","0.8637","http://www.drugbank.ca/drugs/DB07405"
"379","5-AMINO-2-{4-[(4-AMINOPHENYL)SULFANYL]PHENYL}-1H-ISOINDOLE-1,3(2H)-DIONE (DB07971)","0.8634","http://www.drugbank.ca/drugs/DB07971"
"380","N'-(5-CHLORO-1,3-BENZODIOXOL-4-YL)-N-(3-MORPHOLIN-4-YLPHENYL)PYRIMIDINE-2,4-DIAMINE (DB07255)","0.8634","http://www.drugbank.ca/drugs/DB07255"
"381","Flibanserin (DB04908)","0.8629","http://www.drugbank.ca/drugs/DB04908"
"382","1-(DIMETHYLAMINO)-3-(4-{{4-(2-METHYLIMIDAZO[1,2-A]PYRIDIN-3-YL)PYRIMIDIN-2-YL]AMINO}PHENOXY)PROPAN-2-OL (DB07889)","0.8616","http://www.drugbank.ca/drugs/DB07889"
"383","Quinine (DB00468)","0.8613","http://www.drugbank.ca/drugs/DB00468"
"384","Quinidine (DB00908)","0.8613","http://www.drugbank.ca/drugs/DB00908"
"385","Difenoxin (DB01501)","0.8612","http://www.drugbank.ca/drugs/DB01501"
"386","N-[3-[[4-[(5-CHLORO-1,3-BENZODIOXOL-4-YL)AMINO]PYRIMIDIN-2-YL]AMINO]PHENYL]METHANESULFONAMIDE (DB07254)","0.8611","http://www.drugbank.ca/drugs/DB07254"
"387","Fluphenazine (DB00623)","0.8606","http://www.drugbank.ca/drugs/DB00623"
"388","SU4984 (DB02058)","0.8605","http://www.drugbank.ca/drugs/DB02058"
"389","Hydroxyzine (DB00557)","0.8604","http://www.drugbank.ca/drugs/DB00557"
"390","Delavirdine (DB00705)","0.8597","http://www.drugbank.ca/drugs/DB00705"
"391","Cetirizine (DB00341)","0.8590","http://www.drugbank.ca/drugs/DB00341"
"392","2,4-Diamino-5-Methyl-6-[(3,4,5-Trimethoxy-N-Methylanilino)Methyl]Pyrido[2,3-D]Pyrimidine (DB02104)","0.8580","http://www.drugbank.ca/drugs/DB02104"
"393","Mitoxantrone (DB01204)","0.8576","http://www.drugbank.ca/drugs/DB01204"
"394","N-(2-METHOXYETHYL)-4-({4-[2-METHYL-1-(1-METHYLETHYL)-1H-IMIDAZOL-5-YL]PYRIMIDIN-2-YL}AMINO)BENZENESULFONAMIDE (DB07790)","0.8573","http://www.drugbank.ca/drugs/DB07790"
"395","N-ethyl-4-{[5-(methoxycarbamoyl)-2-methylphenyl]amino}-5-methylpyrrolo[2,1-f][1,2,4]triazine-6-carboxamide (DB06940)","0.8565","http://www.drugbank.ca/drugs/DB06940"
"396","2,4-Diamino-6-[N-(3',4',5'-Trimethoxybenzyl)-N-Methylamino]Pyrido[2,3-D]Pyrimidine (DB02919)","0.8556","http://www.drugbank.ca/drugs/DB02919"
"397","Trazodone (DB00656)","0.8550","http://www.drugbank.ca/drugs/DB00656"
"398","4-[(2-{4-[(CYCLOPROPYLCARBAMOYL)AMINO]-1H-PYRAZOL-3-YL}-1H-BENZIMIDAZOL-6-YL)METHYL]MORPHOLIN-4-IUM (DB08067)","0.8528","http://www.drugbank.ca/drugs/DB08067"
"399","Alphamethadol (DB01498)","0.8527","http://www.drugbank.ca/drugs/DB01498"
"400","Thioproperazine (DB01622)","0.8524","http://www.drugbank.ca/drugs/DB01622"
"401","Thiothixene (DB01623)","0.8504","http://www.drugbank.ca/drugs/DB01623"
"402","1-{7-cyclohexyl-6-[4-(4-methylpiperazin-1-yl)benzyl]-7H-pyrrolo[2,3-d]pyrimidin-2-yl}methanamine (DB07563)","0.8489","http://www.drugbank.ca/drugs/DB07563"
"403","ONO-6818 (DB03925)","0.8488","http://www.drugbank.ca/drugs/DB03925"
"404","Pirenzepine (DB00670)","0.8475","http://www.drugbank.ca/drugs/DB00670"
"405","Dapiprazole (DB00298)","0.8468","http://www.drugbank.ca/drugs/DB00298"
"406","(4R)-N-[4-({[2-(DIMETHYLAMINO)ETHYL]AMINO}CARBONYL)-1,3-THIAZOL-2-YL]-4-METHYL-1-OXO-2,3,4,9-TETRAHYDRO-1H-BETA-CARBOLINE-6-CARBOXAMIDE (DB07406)","0.8468","http://www.drugbank.ca/drugs/DB07406"
"407","[PHENYLALANINYL-PROLINYL]-[2-(PYRIDIN-4-YLAMINO)-ETHYL]-AMINE (DB08422)","0.8467","http://www.drugbank.ca/drugs/DB08422"
"408","N-(M-Trifluoromethylphenyl) Phenoxazine-4,6-Dicarboxylic Acid (DB02698)","0.8466","http://www.drugbank.ca/drugs/DB02698"
"409","Disopyramide (DB00280)","0.8462","http://www.drugbank.ca/drugs/DB00280"
"410","O6-(R)-ROSCOVITINE, R-2-(6-BENZYLOXY-9-ISOPROPYL-9H-PURIN-2-YLAMINO)-BUTAN-1-OL (DB04770)","0.8457","http://www.drugbank.ca/drugs/DB04770"
"411","(5Z)-5-[(5-ETHYL-2-FURYL)METHYLENE]-2-{[(S)-(4-FLUOROPHENYL)(1H-TETRAZOL-5-YL)METHYL]AMINO}-1,3-THIAZOL-4(5H)-ONE (DB08710)","0.8438","http://www.drugbank.ca/drugs/DB08710"
"412","Vardenafil (DB00862)","0.8434","http://www.drugbank.ca/drugs/DB00862"
"413","Prazosin (DB00457)","0.8429","http://www.drugbank.ca/drugs/DB00457"
"414","Lysergic Acid Diethylamide (DB04829)","0.8426","http://www.drugbank.ca/drugs/DB04829"
"415","2,6-DIMETHYL-1-(3-[3-METHYL-5-ISOXAZOLYL]-PROPANYL)-4-[4-METHYL-2H-TETRAZOL-2-YL]-PHENOL (DB08714)","0.8420","http://www.drugbank.ca/drugs/DB08714"
"416","Paliperidone (DB01267)","0.8417","http://www.drugbank.ca/drugs/DB01267"
"417","9-Butyl-8-(3-Methoxybenzyl)-9h-Purin-6-Amine (DB03809)","0.8409","http://www.drugbank.ca/drugs/DB03809"
"418","9-Butyl-8-(4-Methoxybenzyl)-9h-Purin-6-Amine (DB03899)","0.8409","http://www.drugbank.ca/drugs/DB03899"
"419","5-(4-PHENOXYPHENYL)-5-(4-PYRIMIDIN-2-YLPIPERAZIN-1-YL)PYRIMIDINE-2,4,6(2H,3H)-TRIONE (DB07117)","0.8402","http://www.drugbank.ca/drugs/DB07117"
"420","2-{[(1R,2S)-2-aminocyclohexyl]amino}-4-[(3-methylphenyl)amino]pyrimidine-5-carboxamide (DB08361)","0.8381","http://www.drugbank.ca/drugs/DB08361"
"421","(2R)-2-{[4-(benzylamino)-8-(1-methylethyl)pyrazolo[1,5-a][1,3,5]triazin-2-yl]amino}butan-1-ol (DB08285)","0.8379","http://www.drugbank.ca/drugs/DB08285"
"422","Purvalanol (DB02733)","0.8366","http://www.drugbank.ca/drugs/DB02733"
"423","N-(4-{[(3S)-3-(dimethylamino)pyrrolidin-1-yl]carbonyl}phenyl)-5-fluoro-4-[2-methyl-1-(1-methylethyl)-1H-imidazol-5-yl]pyrimidin-2-amine (DB07936)","0.8357","http://www.drugbank.ca/drugs/DB07936"
"424","N7-BUTYL-N2-(5-CHLORO-2-METHYLPHENYL)-5-METHYL[1,2,4]TRIAZOLO[1,5-A]PYRIMIDINE-2,7-DIAMINE (DB07128)","0.8355","http://www.drugbank.ca/drugs/DB07128"
"425","Purvalanol A (DB04751)","0.8354","http://www.drugbank.ca/drugs/DB04751"
"426","[4-({4-[(5-cyclopropyl-1H-pyrazol-3-yl)amino]-6-(methylamino)pyrimidin-2-yl}amino)phenyl]acetonitrile (DB07168)","0.8354","http://www.drugbank.ca/drugs/DB07168"
"427","Avanafil (DB06237)","0.8350","http://www.drugbank.ca/drugs/DB06237"
"428","Isopropamide (DB01625)","0.8344","http://www.drugbank.ca/drugs/DB01625"
"429","Lisuride (DB00589)","0.8321","http://www.drugbank.ca/drugs/DB00589"
"430","Voriconazole (DB00582)","0.8321","http://www.drugbank.ca/drugs/DB00582"
"431","N'-(6-aminopyridin-3-yl)-N-(2-cyclopentylethyl)-4-methyl-benzene-1,3-dicarboxamide (DB07537)","0.8319","http://www.drugbank.ca/drugs/DB07537"
"432","OLOMOUCINE II (DB04662)","0.8312","http://www.drugbank.ca/drugs/DB04662"
"433","1-{5-[2-(thieno[3,2-d]pyrimidin-4-ylamino)ethyl]-1,3-thiazol-2-yl}-3-[3-(trifluoromethyl)phenyl]urea (DB07360)","0.8311","http://www.drugbank.ca/drugs/DB07360"
"434","1-(5-CHLORO-2-METHOXYPHENYL)-3-{6-[2-(DIMETHYLAMINO)-1-METHYLETHOXY]PYRAZIN-2-YL}UREA (DB07228)","0.8289","http://www.drugbank.ca/drugs/DB07228"
"435","9-Butyl-8-(2,5-Dimethoxy-Benzyl)-9h-Purin-6-Ylamine (DB02359)","0.8274","http://www.drugbank.ca/drugs/DB02359"
"436","[4-({4-[(5-CYCLOPROPYL-1H-PYRAZOL-3-YL)AMINO]QUINAZOLIN-2-YL}IMINO)CYCLOHEXA-2,5-DIEN-1-YL]ACETONITRILE (DB07853)","0.8266","http://www.drugbank.ca/drugs/DB07853"
"437","4-[5-(Trans-4-Aminocyclohexylamino)-3-Isopropylpyrazolo[1,5-a]Pyrimidin-7-Ylamino]-N,N-Dimethylbenzenesulfonamide (DB01888)","0.8263","http://www.drugbank.ca/drugs/DB01888"
"438","6-({5-fluoro-2-[(3,4,5-trimethoxyphenyl)amino]pyrimidin-4-yl}amino)-2,2-dimethyl-2H-pyrido[3,2-b][1,4]oxazin-3(4H)-one (DB07159)","0.8258","http://www.drugbank.ca/drugs/DB07159"
"439","9-Butyl-8-(2,5-Dimethoxy-Benzyl)-2-Fluoro-9h-Purin-6-Ylamine (DB04054)","0.8242","http://www.drugbank.ca/drugs/DB04054"
"440","1-(5-{2-[(1-methyl-1H-pyrazolo[4,3-d]pyrimidin-7-yl)amino]ethyl}-1,3-thiazol-2-yl)-3-[3-(trifluoromethyl)phenyl]urea (DB07362)","0.8241","http://www.drugbank.ca/drugs/DB07362"
"441","8-BENZO[1,3]DIOXOL-,5-YLMETHYL-9-BUTYL-9H- (DB08436)","0.8237","http://www.drugbank.ca/drugs/DB08436"
"442","(2S)-2-({6-[(3-AMINO-5-CHLOROPHENYL)AMINO]-9-ISOPROPYL-9H-PURIN-2-YL}AMINO)-3-METHYLBUTAN-1-OL (DB07379)","0.8235","http://www.drugbank.ca/drugs/DB07379"
"443","8-(2,5-Dimethoxy-Benzyl)-2-Fluoro-9-Pent-9h-Purin-6-Ylamine (DB03137)","0.8226","http://www.drugbank.ca/drugs/DB03137"
"444","8-Benzo[1,3]Dioxol-,5-Ylmethyl-9-Butyl-2-Fluoro-9h-Purin-6-Ylamine (DB04254)","0.8205","http://www.drugbank.ca/drugs/DB04254"
"445","Granisetron (DB00889)","0.8174","http://www.drugbank.ca/drugs/DB00889"
"446","N6-METHYL-(R)-ROSCOVITINE, R-2-[6-(BENZYL-METHYL-AMINO)-9-ISOPROPYL-9H-PURIN-2-YLAMINO]-BUTAN-1-OL (DB04776)","0.8165","http://www.drugbank.ca/drugs/DB04776"
"447","N'-(5-CHLORO-1,3-BENZODIOXOL-4-YL)-N-(3,4,5- TRIMETHOXYPHENYL)PYRIMIDINE-2,4-DIAMINE (DB07250)","0.8112","http://www.drugbank.ca/drugs/DB07250"
"448","9-Butyl-8-(2-Chloro-3,4,5-Trimethoxy-Benzyl)-9h-Purin-6-Ylamine (DB03504)","0.8099","http://www.drugbank.ca/drugs/DB03504"
"449","Raltegravir (DB06817)","0.8098","http://www.drugbank.ca/drugs/DB06817"
"450","8-(2-Chloro-3,4,5-Trimethoxy-Benzyl)-9-Pent-4-Ylnyl-9h-Purin-6-Ylamine (DB04505)","0.8087","http://www.drugbank.ca/drugs/DB04505"
"451","N'-(3-CHLORO-4-METHOXY-PHENYL)-N-(3,4,5-TRIMETHOXYPHENYL)-1,3,5-TRIAZINE-2,4-DIAMINE (DB07251)","0.8080","http://www.drugbank.ca/drugs/DB07251"
"452","N-butyl-3-{[6-(9H-purin-6-ylamino)hexanoyl]amino}benzamide (DB07801)","0.8079","http://www.drugbank.ca/drugs/DB07801"
"453","2-{4-[4-({4-[2-methyl-1-(1-methylethyl)-1H-imidazol-5-yl]pyrimidin-2-yl}amino)phenyl]piperazin-1-yl}-2-oxoethanol (DB07982)","0.8071","http://www.drugbank.ca/drugs/DB07982"
"454","1-Allyl-3-Butyl-8-(N-Acetyl-4-Aminobenzyl)-Xanthine (DB03267)","0.8069","http://www.drugbank.ca/drugs/DB03267"
"455","1-{3-[(4-pyridin-2-ylpiperazin-1-yl)sulfonyl]phenyl}-3-(1,3-thiazol-2-yl)urea (DB07817)","0.8068","http://www.drugbank.ca/drugs/DB07817"
"456","6-methyl-5-[3-methyl-3-(3,4,5-trimethoxyphenyl)but-1-yn-1-yl]pyrimidine-2,4-diamine (DB07153)","0.8066","http://www.drugbank.ca/drugs/DB07153"
"457","2-butoxy-9-(2,6-difluorobenzyl)-N-(2-morpholin-4-ylethyl)-9H-purin-6-amine (DB07937)","0.8063","http://www.drugbank.ca/drugs/DB07937"
"458","8-(2-Chloro-3,4,5-Trimethoxy-Benzyl)-2-Fluoro-9-Pent-4-Ylnyl-9h-Purin-6-Ylamine (DB02550)","0.8062","http://www.drugbank.ca/drugs/DB02550"
"459","Almitrine (DB01430)","0.8052","http://www.drugbank.ca/drugs/DB01430"
"460","Fenethylline (DB01482)","0.8038","http://www.drugbank.ca/drugs/DB01482"
"461","METHYL 1-(4-{[(2,4-DIAMINOPTERIDIN-6-YL)METHYL]AMINO}BENZOYL)PIPERIDINE-4-CARBOXYLATE (DB07689)","0.8036","http://www.drugbank.ca/drugs/DB07689"
"462","CF-101 (DB05511)","0.8018","http://www.drugbank.ca/drugs/DB05511"
"463","(2R,3R,4S,5R)-2-[6-amino-8-[(3,4-dichlorophenyl)methylamino]purin-9-yl]-5-(hydroxymethyl)oxolane-3,4-diol (DB07045)","0.7988","http://www.drugbank.ca/drugs/DB07045"
"464","9-Butyl-8-(3,4,5-Trimethoxybenzyl)-9h-Purin-6-Amine (DB02754)","0.7984","http://www.drugbank.ca/drugs/DB02754"
"465","Methotrexate (DB00563)","0.7970","http://www.drugbank.ca/drugs/DB00563"
"466","6-CYCLOHEXYLMETHOXY-2-(3'-CHLOROANILINO) PURINE (DB07203)","0.7953","http://www.drugbank.ca/drugs/DB07203"
"467","3-Methylthiofentanyl (DB01439)","0.7920","http://www.drugbank.ca/drugs/DB01439"
"468","2-(CYCLOHEXYLMETHYLAMINO)-4-(PHENYLAMINO)PYRAZOLO[1,5-A][1,3,5]TRIAZINE-8-CARBONITRILE (DB08353)","0.7908","http://www.drugbank.ca/drugs/DB08353"
"469","2-(6-CHLORO-3-{[2,2-DIFLUORO-2-(2-PYRIDINYL)ETHYL]AMINO}-2-OXO-1(2H)-PYRAZINYL)-N-[(2-FLUORO-6-PYRIDINYL)METHYL]ACETAMIDE (DB07548)","0.7904","http://www.drugbank.ca/drugs/DB07548"
"470","5-[[(2R)-2-cyclopropyl-7,8-dimethoxy-2H-chromen-5-yl]methyl]pyrimidine-2,4-diamine (DB08741)","0.7891","http://www.drugbank.ca/drugs/DB08741"
"471","2-({8-[(3R)-3-AMINOPIPERIDIN-1-YL]-1,3-DIMETHYL-2,6-DIOXO-1,2,3,6-TETRAHYDRO-7H-PURIN-7-YL}METHYL)BENZONITRILE (DB08743)","0.7884","http://www.drugbank.ca/drugs/DB08743"
"472","4-(6-CYCLOHEXYLMETHOXY-9H-PURIN-2-YLAMINO)--BENZAMIDE (DB08241)","0.7871","http://www.drugbank.ca/drugs/DB08241"
"473","METHYL 1-(4-{[(2,4-DIAMINOPTERIDIN-6-YL)METHYL](METHYL)AMINO}BENZOYL)PIPERIDINE-4-CARBOXYLATE (DB07765)","0.7864","http://www.drugbank.ca/drugs/DB07765"
"474","2-(6-CHLORO-3-{[2,2-DIFLUORO-2-(2-PYRIDINYL)ETHYL]AMINO}-2-OXO-1(2H)-PYRAZINYL)-N-[(2-FLUORO-3-METHYL-6-PYRIDINYL)METHYL]ACETAMIDE (DB07549)","0.7856","http://www.drugbank.ca/drugs/DB07549"
"475","2-ANILINO-6-CYCLOHEXYLMETHOXYPURINE (DB06948)","0.7848","http://www.drugbank.ca/drugs/DB06948"
"476","Alpha-methylthiofentanyl (DB01470)","0.7833","http://www.drugbank.ca/drugs/DB01470"
"477","N-[(1S)-1-{1-[(1R,3E)-1-ACETYLPENT-3-EN-1-YL]-1H-1,2,3-TRIAZOL-4-YL}-1,2-DIMETHYLPROPYL]BENZAMIDE (DB07878)","0.7832","http://www.drugbank.ca/drugs/DB07878"
"478","6-CYCLOHEXYLMETHYLOXY-2-(4'-HYDROXYANILINO)PURINE (DB08233)","0.7831","http://www.drugbank.ca/drugs/DB08233"
"479","8-(6-BROMO-BENZO[1,3]DIOXOL-5-YLSULFANYL)-9-(3-ISOPROPYLAMINO-PROPYL)-ADENINE (DB07877)","0.7825","http://www.drugbank.ca/drugs/DB07877"
"480","Bis-Benzamidine (DB02081)","0.7789","http://www.drugbank.ca/drugs/DB02081"
"481","N-[2-(1,3-BENZODIOXOL-5-YL)ETHYL]-1-[2-(1H-IMIDAZOL-1-YL)-6-METHYLPYRIMIDIN-4-YL]-D-PROLINAMIDE (DB06916)","0.7761","http://www.drugbank.ca/drugs/DB06916"
"482","N~6~-cyclohexyl-N~2~-(4-morpholin-4-ylphenyl)-9H-purine-2,6-diamine (DB07340)","0.7743","http://www.drugbank.ca/drugs/DB07340"
"483","(4aS)-5-[(2,4-diaminopteridin-6-yl)methyl]-4a,5-dihydro-2H-dibenzo[b,f]azepin-8-ol (DB08448)","0.7736","http://www.drugbank.ca/drugs/DB08448"
"484","9-CYCLOPENTYL-6-[2-(3-IMIDAZOL-1-YL-PROPOXY)-PHENYLAMINO]-9H-PURINE-2-CARBONITRILE (DB07967)","0.7725","http://www.drugbank.ca/drugs/DB07967"
"485","2-[4-(2H-1,4-BENZOTHIAZINE-3-YL)-PIPERAZINE-1-LY]-1,3-THIAZOLE-4-CARBOXYLIC ACID ETHYLESTER (DB08540)","0.7702","http://www.drugbank.ca/drugs/DB08540"
"486","O6-CYCLOHEXYLMETHOXY-2-(4'-SULPHAMOYLANILINO) PURINE (DB07126)","0.7684","http://www.drugbank.ca/drugs/DB07126"
"487","3-(6-CYCLOHEXYLMETHOXY-9H-PURIN-2-YLAMINO)-BENZENESULFONAMIDE (DB08248)","0.7684","http://www.drugbank.ca/drugs/DB08248"
"488","vapitadine dihydrochloride (DB05738)","0.7672","http://www.drugbank.ca/drugs/DB05738"
"489","4-{[5-(CYCLOHEXYLMETHOXY)[1,2,4]TRIAZOLO[1,5-A]PYRIMIDIN-7-YL]AMINO}BENZENESULFONAMIDE (DB07685)","0.7662","http://www.drugbank.ca/drugs/DB07685"
"490","5-[[(2R)-2-cyclopropyl-7,8-dimethoxy-chroman-5-yl]methyl]pyrimidine-2,4-diamine (DB07938)","0.7627","http://www.drugbank.ca/drugs/DB07938"
"491","Dasatinib (DB01254)","0.7576","http://www.drugbank.ca/drugs/DB01254"
"492","7-BENZYL-1,3-DIMETHYL-8-PIPERAZIN-1-YL-3,7-DIHYDRO-PURINE-2,6-DIONE (DB08530)","0.7524","http://www.drugbank.ca/drugs/DB08530"
"493","(1S,6R)-3-{[3-(TRIFLUOROMETHYL)-5,6-DIHYDRO[1,2,4]TRIAZOLO[4,3-A]PYRAZIN-7(8H)-YL]CARBONYL}-6-(2,4,5-TRIFLUOROPHENYL)CYCLOHEX-3-EN-1-AMINE (DB08044)","0.7513","http://www.drugbank.ca/drugs/DB08044"
"494","2-[Trans-(4-Aminocyclohexyl)Amino]-6-(Benzyl-Amino)-9-Cyclopentylpurine (DB04288)","0.7496","http://www.drugbank.ca/drugs/DB04288"
"495","(1S,2R,5S)-5-[3-(TRIFLUOROMETHYL)-5,6-DIHYDRO[1,2,4]TRIAZOLO[4,3-A]PYRAZIN-7(8H)-YL]-2-(2,4,5-TRIFLUOROPHENYL)CYCLOHEXANAMINE (DB07072)","0.7448","http://www.drugbank.ca/drugs/DB07072"
"496","2-(4-ETHYLPIPERAZIN-1-YL)-4-(PHENYLAMINO)PYRAZOLO[1,5-A][1,3,5]TRIAZINE-8-CARBONITRILE (DB08360)","0.7446","http://www.drugbank.ca/drugs/DB08360"
"497","N-cyclohexyl-4-imidazo[1,2-a]pyridin-3-yl-N-methylpyrimidin-2-amine (DB08023)","0.7299","http://www.drugbank.ca/drugs/DB08023"
"498","Cilostazol (DB01166)","0.7299","http://www.drugbank.ca/drugs/DB01166"
"499","2-{4-[(4-imidazo[1,2-a]pyridin-3-ylpyrimidin-2-yl)amino]piperidin-1-yl}-N-methylacetamide (DB08026)","0.7228","http://www.drugbank.ca/drugs/DB08026"
"500","7-amino-2-tert-butyl-4-(4-pyrimidin-2-ylpiperazin-1-yl)pyrido[2,3-d]pyrimidine-6-carboxamide (DB07043)","0.6957","http://www.drugbank.ca/drugs/DB07043"
