"","DrugBank Compound (Name, ID)","Similarity to ","Link"
"1","Bortezomib (DB00188)","1.0000","http://www.drugbank.ca/drugs/DB00188"
"2","N-[(1R)-1-(DIHYDROXYBORYL)-3-METHYLBUTYL]-N-(PYRAZIN-2-YLCARBONYL)-L-PHENYLALANINAMIDE (DB07475)","1.0000","http://www.drugbank.ca/drugs/DB07475"
"3","Glipizide (DB01067)","0.9456","http://www.drugbank.ca/drugs/DB01067"
"4","N-[4-(1-BENZOYLPIPERIDIN-4-YL)BUTYL]-3-PYRIDIN-3-YLPROPANAMIDE (DB07656)","0.9403","http://www.drugbank.ca/drugs/DB07656"
"5","N1-(1-Dimethylcarbamoyl-2-Phenyl-Ethyl)-2-Oxo-N4-(2-Pyridin-2-Yl-Ethyl)-Succinamide (DB02140)","0.9383","http://www.drugbank.ca/drugs/DB02140"
"6","Piboserod (DB04873)","0.9336","http://www.drugbank.ca/drugs/DB04873"
"7","GM6001 (DB02255)","0.9333","http://www.drugbank.ca/drugs/DB02255"
"8","1-{[1-(2-AMINO-3-PHENYL-PROPIONYL)-PYRROLIDINE-2-CARBONYL]-AMINO}-2-(3-CYANO-PHENYL)-ETHANEBORONIC ACID (DB08420)","0.9277","http://www.drugbank.ca/drugs/DB08420"
"9","N-{(3S,4S)-4-[(6-AMINO-4-METHYLPYRIDIN-2-YL)METHYL]PYRROLIDIN-3-YL}-N'-(4-CHLOROBENZYL)ETHANE-1,2-DIAMINE (DB08018)","0.9271","http://www.drugbank.ca/drugs/DB08018"
"10","N-{(3R,4S)-4-[(6-amino-4-methylpyridin-2-yl)methyl]pyrrolidin-3-yl}-N'-(3-chlorobenzyl)ethane-1,2-diamine (DB08019)","0.9271","http://www.drugbank.ca/drugs/DB08019"
"11","Disopyramide (DB00280)","0.9257","http://www.drugbank.ca/drugs/DB00280"
"12","[PHENYLALANINYL-PROLINYL]-[2-(PYRIDIN-4-YLAMINO)-ETHYL]-AMINE (DB08422)","0.9250","http://www.drugbank.ca/drugs/DB08422"
"13","5,10-Dideazatetrahydrofolic Acid (DB03625)","0.9243","http://www.drugbank.ca/drugs/DB03625"
"14","LY249543 (DB04322)","0.9231","http://www.drugbank.ca/drugs/DB04322"
"15","Methylergometrine (DB00353)","0.9223","http://www.drugbank.ca/drugs/DB00353"
"16","N-{3-[(7ar,12as,12bs)-7-Oxo-1,3,4,6,7,7a,12a,12b-Octahydroindolo[2,3-a]Quinolizin-12(2h)-Yl]Propyl}Propane-2-Sulfonamide (DB01967)","0.9212","http://www.drugbank.ca/drugs/DB01967"
"17","N-[(Furan-2-Yl)Carbonyl]-(S)-Leucyl-(R)-[1-Amino-2(1h-Indol-3-Yl)Ethyl]-Phosphonic Acid (DB02046)","0.9201","http://www.drugbank.ca/drugs/DB02046"
"18","Methysergide (DB00247)","0.9199","http://www.drugbank.ca/drugs/DB00247"
"19","Ergonovine (DB01253)","0.9178","http://www.drugbank.ca/drugs/DB01253"
"20","N-(1-Carboxy-3-Phenylpropyl)Phenylalanyl-Alpha-Asparagine (DB02307)","0.9169","http://www.drugbank.ca/drugs/DB02307"
"21","beta-phenyl-D-phenylalanyl-N-propyl-L-prolinamide (DB07083)","0.9161","http://www.drugbank.ca/drugs/DB07083"
"22","N-[(1S)-1-{1-[(1R,3E)-1-ACETYLPENT-3-EN-1-YL]-1H-1,2,3-TRIAZOL-4-YL}-1,2-DIMETHYLPROPYL]BENZAMIDE (DB07878)","0.9160","http://www.drugbank.ca/drugs/DB07878"
"23","SCV-07 (DB05475)","0.9145","http://www.drugbank.ca/drugs/DB05475"
"24","5-Chloro-1h-Indole-2-Carboxylic Acid{[Cyclopentyl-(2-Hydroxy-Ethyl)-Carbamoyl]-Methyl}-Amide (DB03288)","0.9130","http://www.drugbank.ca/drugs/DB03288"
"25","Bepotastine (DB04890)","0.9121","http://www.drugbank.ca/drugs/DB04890"
"26","2-{[(1R,2S)-2-aminocyclohexyl]amino}-4-[(3-methylphenyl)amino]pyrimidine-5-carboxamide (DB08361)","0.9119","http://www.drugbank.ca/drugs/DB08361"
"27","N-({(2S)-1-[(3R)-3-AMINO-4-(2-FLUOROPHENYL)BUTANOYL]PYRROLIDIN-2-YL}METHYL)BENZAMIDE (DB07779)","0.9112","http://www.drugbank.ca/drugs/DB07779"
"28","(4R)-7-chloro-9-methyl-1-oxo-1,2,4,9-tetrahydrospiro[beta-carboline-3,4'-piperidine]-4-carbonitrile (DB08166)","0.9105","http://www.drugbank.ca/drugs/DB08166"
"29","2-{4-[2-(2-AMINO-4-OXO-4,7-DIHYDRO-3H-PYRROLO[2,3-D]PYRIMIDIN-5-YL)-ETHYL]-BENZOYLAMINO}-3-METHYL-BUTYRIC ACID (DB08131)","0.9091","http://www.drugbank.ca/drugs/DB08131"
"30","IMAZAQUIN (DB04582)","0.9088","http://www.drugbank.ca/drugs/DB04582"
"31","N~2~-[(BENZYLOXY)CARBONYL]-N-[(1S,2S)-2-HYDROXY-1-(4-HYDROXYBENZYL)PROPYL]-L-LEUCINAMIDE (DB07571)","0.9087","http://www.drugbank.ca/drugs/DB07571"
"32","N'-(6-aminopyridin-3-yl)-N-(2-cyclopentylethyl)-4-methyl-benzene-1,3-dicarboxamide (DB07537)","0.9085","http://www.drugbank.ca/drugs/DB07537"
"33","2-[N'-(4-AMINO-BUTYL)-HYDRAZINOCARBONYL]-PYRROLIDINE-1-CARBOXYLIC ACID BENZYL ESTER (DB07366)","0.9083","http://www.drugbank.ca/drugs/DB07366"
"34","Pergolide (DB01186)","0.9078","http://www.drugbank.ca/drugs/DB01186"
"35","N-[(2R)-2-{[(2S)-2-(1,3-benzoxazol-2-yl)pyrrolidin-1-yl]carbonyl}hexyl]-N-hydroxyformamide (DB08310)","0.9078","http://www.drugbank.ca/drugs/DB08310"
"36","RB106 (DB02669)","0.9077","http://www.drugbank.ca/drugs/DB02669"
"37","D-phenylalanyl-N-(3-methylbenzyl)-L-prolinamide (DB07133)","0.9070","http://www.drugbank.ca/drugs/DB07133"
"38","1-(5-BROMO-PYRIDIN-2-YL)-3-[2-(6-FLUORO-2-HYDROXY-3-PROPIONYL-PHENYL)-CYCLOPROPYL]-UREA (DB07451)","0.9069","http://www.drugbank.ca/drugs/DB07451"
"39","4-({4-[(4-methoxypyridin-2-yl)amino]piperidin-1-yl}carbonyl)benzonitrile (DB07002)","0.9064","http://www.drugbank.ca/drugs/DB07002"
"40","N-(4-carbamimidoylbenzyl)-1-(4-methylpentanoyl)-L-prolinamide (DB06936)","0.9053","http://www.drugbank.ca/drugs/DB06936"
"41","Lysergic Acid Diethylamide (DB04829)","0.9045","http://www.drugbank.ca/drugs/DB04829"
"42","Benazepril (DB00542)","0.9045","http://www.drugbank.ca/drugs/DB00542"
"43","N-(PARA-GLUTARAMIDOPHENYL-ETHYL)-PIPERIDINIUM-N-OXIDE (DB08289)","0.9043","http://www.drugbank.ca/drugs/DB08289"
"44","D-phenylalanyl-N-{4-[amino(iminio)methyl]benzyl}-L-prolinamide (DB07005)","0.9042","http://www.drugbank.ca/drugs/DB07005"
"45","N-(4-carbamimidoylbenzyl)-1-(3-phenylpropanoyl)-L-prolinamide (DB06942)","0.9042","http://www.drugbank.ca/drugs/DB06942"
"46","D-phenylalanyl-N-benzyl-L-prolinamide (DB07143)","0.9040","http://www.drugbank.ca/drugs/DB07143"
"47","(2R,4S)-2-[(R)-BENZYLCARBAMOYL-PHENYLACETYL-METHYL]-5,5-DIMETHYL-THIAZOLIDINE-4-CARBOXYLIC ACID (DB07806)","0.9019","http://www.drugbank.ca/drugs/DB07806"
"48","1-butanoyl-N-(4-carbamimidoylbenzyl)-L-prolinamide (DB06929)","0.9018","http://www.drugbank.ca/drugs/DB06929"
"49","N2-[(Benzyloxy)Carbonyl]-N1-[(3s)-1-Cyanopyrrolidin-3-Yl]-L-Leucinamide (DB03456)","0.9014","http://www.drugbank.ca/drugs/DB03456"
"50","D-phenylalanyl-N-(3-chlorobenzyl)-L-prolinamide (DB06919)","0.9014","http://www.drugbank.ca/drugs/DB06919"
"51","D-phenylalanyl-N-(3-fluorobenzyl)-L-prolinamide (DB07027)","0.9014","http://www.drugbank.ca/drugs/DB07027"
"52","(4R)-7,8-dichloro-1',9-dimethyl-1-oxo-1,2,4,9-tetrahydrospiro[beta-carboline-3,4'-piperidine]-4-carbonitrile (DB07242)","0.9013","http://www.drugbank.ca/drugs/DB07242"
"53","METHYLAMINO-PHENYLALANYL-LEUCYL-HYDROXAMIC ACID (DB08403)","0.9012","http://www.drugbank.ca/drugs/DB08403"
"54","Lobeline (DB05137)","0.9009","http://www.drugbank.ca/drugs/DB05137"
"55","Sitamaquine (DB04909)","0.8999","http://www.drugbank.ca/drugs/DB04909"
"56","Pemetrexed (DB00642)","0.8993","http://www.drugbank.ca/drugs/DB00642"
"57","(4R)-N-[4-({[2-(DIMETHYLAMINO)ETHYL]AMINO}CARBONYL)-1,3-THIAZOL-2-YL]-4-METHYL-1-OXO-2,3,4,9-TETRAHYDRO-1H-BETA-CARBOLINE-6-CARBOXAMIDE (DB07406)","0.8991","http://www.drugbank.ca/drugs/DB07406"
"58","7,8-dihydro-6-hydroxymethyl-7-methyl-7-[2-phenylethyl]-pterin (DB04610)","0.8988","http://www.drugbank.ca/drugs/DB04610"
"59","6-Phenyl-4(R)-(7-Phenyl-Heptanoylamino)-Hexanoic Acid (DB03471)","0.8982","http://www.drugbank.ca/drugs/DB03471"
"60","N-(3-Phenyl-2-Sulfanylpropanoyl)Phenylalanylalanine (DB02558)","0.8978","http://www.drugbank.ca/drugs/DB02558"
"61","(S)-2-[(R)-3-amino-4-(2-fluorophenyl)butyryl]-1,2,3,4-tetrahydroisoquinoline-3-carboxamide (DB04578)","0.8974","http://www.drugbank.ca/drugs/DB04578"
"62","Naratriptan (DB00952)","0.8970","http://www.drugbank.ca/drugs/DB00952"
"63","Acebutolol (DB01193)","0.8965","http://www.drugbank.ca/drugs/DB01193"
"64","NALPHA-[(BENZYLOXY)CARBONYL]-N-[(1R)-4-HYDROXY-1-METHYL-2-OXOBUTYL]-L-PHENYLALANINAMIDE (DB08732)","0.8964","http://www.drugbank.ca/drugs/DB08732"
"65","Raltitrexed (DB00293)","0.8959","http://www.drugbank.ca/drugs/DB00293"
"66","Besifloxacin (DB06771)","0.8949","http://www.drugbank.ca/drugs/DB06771"
"67","Halofuginone (DB04866)","0.8947","http://www.drugbank.ca/drugs/DB04866"
"68","Moxifloxacin (DB00218)","0.8946","http://www.drugbank.ca/drugs/DB00218"
"69","Encainide (DB01228)","0.8938","http://www.drugbank.ca/drugs/DB01228"
"70","vapitadine dihydrochloride (DB05738)","0.8936","http://www.drugbank.ca/drugs/DB05738"
"71","Carfentanil (DB01535)","0.8933","http://www.drugbank.ca/drugs/DB01535"
"72","3-Methylfentanyl (DB01571)","0.8920","http://www.drugbank.ca/drugs/DB01571"
"73","(1S)-1-CYCLOPROPYL-2-[(2S)-4-(2,5-DIFLUOROPHENYL)-2-PHENYL-2,5-DIHYDRO-1H-PYRROL-1-YL]-2-OXOETHANAMINE (DB08244)","0.8919","http://www.drugbank.ca/drugs/DB08244"
"74","(3-ENDO)-8-METHYL-8-AZABICYCLO[3.2.1]OCT-3-YL 1H-PYRROLO[2,3-B]PYRIDINE-3-CARBOXYLATE (DB07243)","0.8918","http://www.drugbank.ca/drugs/DB07243"
"75","N-[2-methyl-5-(methylcarbamoyl)phenyl]-2-{[(1R)-1-methylpropyl]amino}-1,3-thiazole-5-carboxamide (DB06991)","0.8917","http://www.drugbank.ca/drugs/DB06991"
"76","1-[1'-(3-phenylacryloyl)spiro[1-benzofuran-3,4'-piperidin]-5-yl]methanamine (DB06849)","0.8912","http://www.drugbank.ca/drugs/DB06849"
"77","Beta-hydroxy-3-methylfentanyl (DB01570)","0.8907","http://www.drugbank.ca/drugs/DB01570"
"78","Quinine (DB00468)","0.8906","http://www.drugbank.ca/drugs/DB00468"
"79","Quinidine (DB00908)","0.8906","http://www.drugbank.ca/drugs/DB00908"
"80","(METHYLPYRIDAZINE PIPERIDINE ETHYLOXYPHENYL)ETHYLACETATE (DB08012)","0.8905","http://www.drugbank.ca/drugs/DB08012"
"81","(2S)-8-[(tert-butoxycarbonyl)amino]-2-(1H-indol-3-yl)octanoic acid (DB06982)","0.8905","http://www.drugbank.ca/drugs/DB06982"
"82","Gemifloxacin (DB01155)","0.8902","http://www.drugbank.ca/drugs/DB01155"
"83","Granisetron (DB00889)","0.8902","http://www.drugbank.ca/drugs/DB00889"
"84","(METHYLPYRIDAZINE PIPERIDINE PROPYLOXYPHENYL)ETHYLACETATE (DB08013)","0.8901","http://www.drugbank.ca/drugs/DB08013"
"85","1-(5-OXO-2,3,5,9B-TETRAHYDRO-1H-PYRROLO[2,1-A]ISOINDOL-9-YL)-3-(5-PYRROLIDIN-2-YL-1H-PYRAZOL-3-YL)-UREA (DB06976)","0.8896","http://www.drugbank.ca/drugs/DB06976"
"86","Grepafloxacin (DB00365)","0.8892","http://www.drugbank.ca/drugs/DB00365"
"87","(2R)-N~4~-hydroxy-2-(3-hydroxybenzyl)-N~1~-[(1S,2R)-2-hydroxy-2,3-dihydro-1H-inden-1-yl]butanediamide (DB06837)","0.8881","http://www.drugbank.ca/drugs/DB06837"
"88","Anileridine (DB00913)","0.8880","http://www.drugbank.ca/drugs/DB00913"
"89","Haloperidol (DB00502)","0.8875","http://www.drugbank.ca/drugs/DB00502"
"90","(METHYLPYRIDAZINE PIPERIDINE BUTYLOXYPHENYL)ETHYLACETATE (DB08014)","0.8872","http://www.drugbank.ca/drugs/DB08014"
"91","Alogliptin  (DB06203)","0.8870","http://www.drugbank.ca/drugs/DB06203"
"92","Alpha-methylfentanyl (DB01557)","0.8869","http://www.drugbank.ca/drugs/DB01557"
"93","1-(6-CYANO-3-PYRIDYLCARBONYL)-5',8'-DIFLUOROSPIRO[PIPERIDINE-4,2'(1'H)-QUINAZOLINE]-4'-AMINE (DB07405)","0.8868","http://www.drugbank.ca/drugs/DB07405"
"94","Cinchocaine (DB00527)","0.8865","http://www.drugbank.ca/drugs/DB00527"
"95","Dihydrofolic Acid (DB02015)","0.8864","http://www.drugbank.ca/drugs/DB02015"
"96","4-{[(2,6-difluorophenyl)carbonyl]amino}-N-[(3S)-piperidin-3-yl]-1H-pyrazole-3-carboxamide (DB08141)","0.8858","http://www.drugbank.ca/drugs/DB08141"
"97","Oxacillin (DB00713)","0.8857","http://www.drugbank.ca/drugs/DB00713"
"98","1-[2-(3-ACETYL-2-HYDROXY-6-METHOXY-PHENYL)-CYCLOPROPYL]-3-(5-CYANO-PYRIDIN-2-YL)-THIOUREA (DB08212)","0.8857","http://www.drugbank.ca/drugs/DB08212"
"99","AS-3201 (DB05327)","0.8855","http://www.drugbank.ca/drugs/DB05327"
"100","N-ETHYL-N-ISOPROPYL-3-METHYL-5-{[(2S)-2-(PYRIDIN-4-YLAMINO)PROPYL]OXY}BENZAMIDE (DB07279)","0.8855","http://www.drugbank.ca/drugs/DB07279"
"101","Pioglitazone (DB01132)","0.8849","http://www.drugbank.ca/drugs/DB01132"
"102","Methotrexate (DB00563)","0.8849","http://www.drugbank.ca/drugs/DB00563"
"103","Lisuride (DB00589)","0.8849","http://www.drugbank.ca/drugs/DB00589"
"104","[2-(1-Amino-2-Hydroxy-Propyl)-4-(1h-Indol-3-Ylmethylene)-5-Oxo-4,5-Dihydro-Imidazol-1-Yl]-Acetaldehyde (DB03914)","0.8848","http://www.drugbank.ca/drugs/DB03914"
"105","4-{[(2,6-dichlorophenyl)carbonyl]amino}-N-piperidin-4-yl-1H-pyrazole-3-carboxamide (DB08142)","0.8843","http://www.drugbank.ca/drugs/DB08142"
"106","[1-(1-Methyl-4,5-Dioxo-Pent-2-Enylcarbamoyl)-2-Phenyl-Ethyl]-Carbamic Acid Benzyl Ester (DB01810)","0.8841","http://www.drugbank.ca/drugs/DB01810"
"107","Cp403700, (S)-1-{2-[(5-Chloro-1h-Indole-2-Carbonyl)-Amino]-3-Phenyl-Propionyl}-Azetidine-3-Carboxylate (DB03744)","0.8841","http://www.drugbank.ca/drugs/DB03744"
"108","3-Methylthiofentanyl (DB01439)","0.8837","http://www.drugbank.ca/drugs/DB01439"
"109","Roxatidine acetate (DB08806)","0.8833","http://www.drugbank.ca/drugs/DB08806"
"110","Tetrahydrofolic acid (DB00116)","0.8833","http://www.drugbank.ca/drugs/DB00116"
"111","(6s)-5,6,7,8-Tetrahydrofolate (DB02031)","0.8833","http://www.drugbank.ca/drugs/DB02031"
"112","N'-(Pyrrolidino[2,1-B]Isoindolin-4-On-8-Yl)-N-(Pyridin-2-Yl)Urea (DB04186)","0.8831","http://www.drugbank.ca/drugs/DB04186"
"113","Dolasetron (DB00757)","0.8828","http://www.drugbank.ca/drugs/DB00757"
"114","2-{3-[(2S)-4,4-difluoro-2-(pyrrolidin-1-ylcarbonyl)pyrrolidin-1-yl]-3-oxopropyl}-isoindole-1,3(2H)-dione (DB08739)","0.8823","http://www.drugbank.ca/drugs/DB08739"
"115","BENZOYL-TYROSINE-ALANINE-METHYL KETONE (DB08775)","0.8821","http://www.drugbank.ca/drugs/DB08775"
"116","Zolmitriptan (DB00315)","0.8812","http://www.drugbank.ca/drugs/DB00315"
"117","Cloxacillin (DB01147)","0.8811","http://www.drugbank.ca/drugs/DB01147"
"118","Diphenidol (DB01231)","0.8810","http://www.drugbank.ca/drugs/DB01231"
"119","1-ethyl-N-(phenylmethyl)-4-(tetrahydro-2H-pyran-4-ylamino)-1H-pyrazolo[3,4-b]pyridine-5-carboxamide (DB06909)","0.8808","http://www.drugbank.ca/drugs/DB06909"
"120","N-{(2S)-3-[(1R)-1-aminoethyl](hydroxy)phosphoryl-2-benzylpropanoyl}-L-phenylalanine (DB08506)","0.8804","http://www.drugbank.ca/drugs/DB08506"
"121","Benzethidine (DB01518)","0.8802","http://www.drugbank.ca/drugs/DB01518"
"122","Benzatropine (DB00245)","0.8797","http://www.drugbank.ca/drugs/DB00245"
"123","HONH-BENZYLMALONYL-L-ALANYLGLYCINE-P-NITROANILIDE (DB07434)","0.8794","http://www.drugbank.ca/drugs/DB07434"
"124","7A-[(4-cyanophenyl)methyl]-6-(3,5-dichlorophenyl)-5-oxo-2,3,5,7A-tetrahydro-1H-pyrrolo[1,2-A]pyrrole-7-carbonitrile (DB06972)","0.8793","http://www.drugbank.ca/drugs/DB06972"
"125","Sufentanil (DB00708)","0.8792","http://www.drugbank.ca/drugs/DB00708"
"126","Fentanyl (DB00813)","0.8792","http://www.drugbank.ca/drugs/DB00813"
"127","4-(3-{[5-(trifluoromethyl)pyridin-2-yl]oxy}benzyl)piperidine-1-carboxylic acid (DB08400)","0.8787","http://www.drugbank.ca/drugs/DB08400"
"128","(5z)-5-(1h-Indol-3-Ylmethylene)-4h-Imidazol-4-One (DB01653)","0.8785","http://www.drugbank.ca/drugs/DB01653"
"129","(S)-2-CHLORO-N-(1-(2-(2-HYDROXYETHYLAMINO)-2-OXOETHYL)-2-OXO-1,2,3,4-TETRAHYDROQUINOLIN-3-YL)-6H-THIENO[2,3-B]PYRROLE-5-CARBOXAMIDE (DB07792)","0.8782","http://www.drugbank.ca/drugs/DB07792"
"130","Beta-hydroxyfentanyl (DB01453)","0.8778","http://www.drugbank.ca/drugs/DB01453"
"131","Isopropamide (DB01625)","0.8777","http://www.drugbank.ca/drugs/DB01625"
"132","Alpha-methylthiofentanyl (DB01470)","0.8772","http://www.drugbank.ca/drugs/DB01470"
"133","Flucloxacillin (DB00301)","0.8766","http://www.drugbank.ca/drugs/DB00301"
"134","Acetyl-alpha-methylfentanyl (DB01532)","0.8766","http://www.drugbank.ca/drugs/DB01532"
"135","(5S)-5-(3-AMINOPROPYL)-3-(2,5-DIFLUOROPHENYL)-N-ETHYL-5-PHENYL-4,5-DIHYDRO-1H-PYRAZOLE-1-CARBOXAMIDE (DB08250)","0.8760","http://www.drugbank.ca/drugs/DB08250"
"136","Gatifloxacin (DB01044)","0.8756","http://www.drugbank.ca/drugs/DB01044"
"137","4-[(2-{4-[(CYCLOPROPYLCARBAMOYL)AMINO]-1H-PYRAZOL-3-YL}-1H-BENZIMIDAZOL-6-YL)METHYL]MORPHOLIN-4-IUM (DB08067)","0.8755","http://www.drugbank.ca/drugs/DB08067"
"138","1-(2-Phenylethyl)-4-phenyl-4-acetoxypiperidine (DB01562)","0.8752","http://www.drugbank.ca/drugs/DB01562"
"139","Amineptine (DB04836)","0.8749","http://www.drugbank.ca/drugs/DB04836"
"140","RWJ-51084 (DB03251)","0.8745","http://www.drugbank.ca/drugs/DB03251"
"141","(5z)-2-[(1s,2r)-1-Amino-2-Hydroxypropyl]-5-[(4-Amino-1h-Indol-3-Yl)Methylene]-3-(2-Hydroxyethyl)-3,5-Dihydro-4h-Imidazol-4-One (DB01641)","0.8736","http://www.drugbank.ca/drugs/DB01641"
"142","3-(HYDROXYMETHYL)-1-METHYL-5-(2-METHYLAZIRIDIN-1-YL)-2-PHENYL-1H-INDOLE-4,7-DIONE (DB07385)","0.8734","http://www.drugbank.ca/drugs/DB07385"
"143","5-CYANO-FURAN-2-CARBOXYLIC ACID [5-HYDROXYMETHYL-2-(4-METHYL-PIPERIDIN-1-YL)-PHENYL]-AMIDE (DB07167)","0.8731","http://www.drugbank.ca/drugs/DB07167"
"144","4-((3r,4s,5r)-4-Amino-3,5-Dihydroxy-Hex-1-Ynyl)-5-Fluoro-3-[1-(3-Methoxy-1h-Pyrrol-2-Yl)-Meth-(Z)-Ylidene]-1,3-Dihydro-Indol-2-One (DB03737)","0.8729","http://www.drugbank.ca/drugs/DB03737"
"145","3-{ISOPROPYL[(TRANS-4-METHYLCYCLOHEXYL)CARBONYL]AMINO}-5-PHENYLTHIOPHENE-2-CARBOXYLIC ACID (DB08279)","0.8710","http://www.drugbank.ca/drugs/DB08279"
"146","N-({(3R,4R)-4-[(benzyloxy)methyl]pyrrolidin-3-yl}methyl)-N-(2-methylpropyl)benzenesulfonamide (DB07505)","0.8710","http://www.drugbank.ca/drugs/DB07505"
"147","(5S)-1-benzyl-3-(1,1-dioxido-1,2-benzisothiazol-3-yl)-4-hydroxy-5-(1-methylethyl)-1,5-dihydro-2H-pyrrol-2-one (DB07414)","0.8710","http://www.drugbank.ca/drugs/DB07414"
"148","Dolutegravir (DB08930)","0.8708","http://www.drugbank.ca/drugs/DB08930"
"149","Clidinium (DB00771)","0.8705","http://www.drugbank.ca/drugs/DB00771"
"150","1-(3-HYDROXYPROPYL)-2-[(3-NITROBENZOYL)AMINO]-1H-BENZIMIDAZOL-5-YL PIVALATE (DB08590)","0.8705","http://www.drugbank.ca/drugs/DB08590"
"151","Hydroxychloroquine (DB01611)","0.8704","http://www.drugbank.ca/drugs/DB01611"
"152","Sparfloxacin (DB01208)","0.8699","http://www.drugbank.ca/drugs/DB01208"
"153","Alizapride (DB01425)","0.8697","http://www.drugbank.ca/drugs/DB01425"
"154","N-HYDROXY-2(R)-[[(4-METHOXYPHENYL)SULFONYL](3-PICOLYL)AMINO]-3-METHYLBUTANAMIDE HYDROCHLORIDE (DB07556)","0.8695","http://www.drugbank.ca/drugs/DB07556"
"155","Sunitinib (DB01268)","0.8695","http://www.drugbank.ca/drugs/DB01268"
"156","5-[(E)-(5-CHLORO-2-OXO-1,2-DIHYDRO-3H-INDOL-3-YLIDENE)METHYL]-N-[2-(DIETHYLAMINO)ETHYL]-2,4-DIMETHYL-1H-PYRROLE-3-CARBOXAMIDE (DB08009)","0.8695","http://www.drugbank.ca/drugs/DB08009"
"157","2[4-BROMO-2-FLUOROPHENYL)METHYL]-6-FLUOROSPIRO[ISOQUINOLINE-4-(1H),3'-PYRROLIDINE]-1,2',3,5'(2H)-TETRONE (DB07450)","0.8694","http://www.drugbank.ca/drugs/DB07450"
"158","Furo[2,3d]Pyrimidine Antifolate (DB02026)","0.8693","http://www.drugbank.ca/drugs/DB02026"
"159","(3S,6S)-3,6-bis(4-hydroxybenzyl)piperazine-2,5-dione (DB08761)","0.8685","http://www.drugbank.ca/drugs/DB08761"
"160","(4-AMINO-2-{[1-(METHYLSULFONYL)PIPERIDIN-4-YL]AMINO}PYRIMIDIN-5-YL)(2,3-DIFLUORO-6-METHOXYPHENYL)METHANONE (DB08094)","0.8684","http://www.drugbank.ca/drugs/DB08094"
"161","R048-8071 (DB02016)","0.8681","http://www.drugbank.ca/drugs/DB02016"
"162","Dicloxacillin (DB00485)","0.8678","http://www.drugbank.ca/drugs/DB00485"
"163","Purvalanol (DB02733)","0.8678","http://www.drugbank.ca/drugs/DB02733"
"164","(1S,2S,5S)2-(4-GLUTARIDYLBENZYL)-5-PHENYL-1-CYCLOHEXANOL (DB07909)","0.8673","http://www.drugbank.ca/drugs/DB07909"
"165","Prazepam (DB01588)","0.8667","http://www.drugbank.ca/drugs/DB01588"
"166","2-[5-Methanesulfonylamino-2-(4-Aminophenyl)-6-Oxo-1,6-Dihydro-1-Pyrimidinyl]-N-(3,3,3-Trifluoro-1-Isopropyl-2-Oxopropyl)Acetamide (DB03202)","0.8665","http://www.drugbank.ca/drugs/DB03202"
"167","4-(6-CYCLOHEXYLMETHOXY-9H-PURIN-2-YLAMINO)--BENZAMIDE (DB08241)","0.8653","http://www.drugbank.ca/drugs/DB08241"
"168","N-{2-[6-(2,4-DIAMINO-6-ETHYLPYRIMIDIN-5-YL)-2,2-DIMETHYL-3-OXO-2,3-DIHYDRO-4H-1,4-BENZOXAZIN-4-YL]ETHYL}ACETAMIDE (DB07059)","0.8651","http://www.drugbank.ca/drugs/DB07059"
"169","Ciprofloxacin (DB00537)","0.8643","http://www.drugbank.ca/drugs/DB00537"
"170","99mTc-ciprofloxacin (DB05488)","0.8643","http://www.drugbank.ca/drugs/DB05488"
"171","N-{2-[6-(2,4-DIAMINO-6-ETHYLPYRIMIDIN-5-YL)-2,2-DIMETHYL-3-OXO-2,3-DIHYDRO-4H-1,4-BENZOTHIAZIN-4-YL]ETHYL}ACETAMIDE (DB06899)","0.8640","http://www.drugbank.ca/drugs/DB06899"
"172","Clemastine (DB00283)","0.8636","http://www.drugbank.ca/drugs/DB00283"
"173","(4-BROMOPHENYL)[4-({(2E)-4-[CYCLOPROPYL(METHYL)AMINO]BUT-2-ENYL}OXY)PHENYL]METHANONE (DB08458)","0.8635","http://www.drugbank.ca/drugs/DB08458"
"174","Tazarotene (DB00799)","0.8633","http://www.drugbank.ca/drugs/DB00799"
"175","Dextropropoxyphene (DB00647)","0.8627","http://www.drugbank.ca/drugs/DB00647"
"176","4-[(3R)-3-{[2-(4-FLUOROPHENYL)-2-OXOETHYL]AMINO}BUTYL]BENZAMIDE (DB08672)","0.8626","http://www.drugbank.ca/drugs/DB08672"
"177","Balanol Analog 1 (DB02611)","0.8610","http://www.drugbank.ca/drugs/DB02611"
"178","Propafenone (DB01182)","0.8602","http://www.drugbank.ca/drugs/DB01182"
"179","(6AR,11AS,11BR)-10-ACETYL-9-HYDROXY-7,7-DIMETHYL-2,6,6A,7,11A,11B-HEXAHYDRO-11H-PYRROLO[1',2':2,3]ISOINDOLO[4,5,6-CD]INDOL-11-ONE (DB07604)","0.8601","http://www.drugbank.ca/drugs/DB07604"
"180","Levomethadyl Acetate (DB01227)","0.8596","http://www.drugbank.ca/drugs/DB01227"
"181","Methadyl Acetate (DB01433)","0.8596","http://www.drugbank.ca/drugs/DB01433"
"182","Betacetylmethadol (DB01522)","0.8596","http://www.drugbank.ca/drugs/DB01522"
"183","Alphacetylmethadol (DB01555)","0.8596","http://www.drugbank.ca/drugs/DB01555"
"184","Labetalol (DB00598)","0.8591","http://www.drugbank.ca/drugs/DB00598"
"185","Rosiglitazone (DB00412)","0.8589","http://www.drugbank.ca/drugs/DB00412"
"186","4-{[4-AMINO-6-(CYCLOHEXYLMETHOXY)-5-NITROSOPYRIMIDIN-2-YL]AMINO}BENZAMIDE (DB08572)","0.8589","http://www.drugbank.ca/drugs/DB08572"
"187","Nialamide (DB04820)","0.8581","http://www.drugbank.ca/drugs/DB04820"
"188","LY374571 (DB02358)","0.8574","http://www.drugbank.ca/drugs/DB02358"
"189","[2-(1-Amino-2-Hydroxy-Propyl)-4-(4-Fluoro-1h-Indol-3-Ylmethyl)-5-Hydroxy-Imidazol-1-Yl]-Acetic Acid (DB01674)","0.8573","http://www.drugbank.ca/drugs/DB01674"
"190","Pipazethate (DB08796)","0.8569","http://www.drugbank.ca/drugs/DB08796"
"191","1-[4-(AMINOMETHYL)BENZOYL]-5'-FLUORO-1'H-SPIRO[PIPERIDINE-4,2'-QUINAZOLIN]-4'-AMINE (DB08750)","0.8568","http://www.drugbank.ca/drugs/DB08750"
"192","RPR131247 (DB02744)","0.8567","http://www.drugbank.ca/drugs/DB02744"
"193","N-[2-(carbamimidamidooxy)ethyl]-2-{6-cyano-3-[(2,2-difluoro-2-pyridin-2-ylethyl)amino]-2-fluorophenyl}acetamide (DB07665)","0.8565","http://www.drugbank.ca/drugs/DB07665"
"194","Trovafloxacin (DB00685)","0.8559","http://www.drugbank.ca/drugs/DB00685"
"195","N~3~-cyclopropyl-N~4~'-(cyclopropylmethyl)-6-methylbiphenyl-3,4'-dicarboxamide (DB07835)","0.8554","http://www.drugbank.ca/drugs/DB07835"
"196","5-CHLORO-N-{(3S)-1-[(1S)-1-METHYL-2-MORPHOLIN-4-YL-2-5-CHLORO-N-{(3S)-1-[(1S)-1-METHYL-2-MORPHOLIN-4-YL-2-SULFONAMIDE (DB07848)","0.8545","http://www.drugbank.ca/drugs/DB07848"
"197","2-(6-{[(3-chloro-2-methylphenyl)sulfonyl]amino}pyridin-2-yl)-N,N-diethylacetamide (DB07056)","0.8537","http://www.drugbank.ca/drugs/DB07056"
"198","[N-(3-DIBENZYLCARBAMOYL-OXIRANECARBONYL)-HYDRAZINO]-ACETIC ACID (DB08229)","0.8534","http://www.drugbank.ca/drugs/DB08229"
"199","5-(7-(5-HYDRO-4-ETHYL-2-OXAZOLYL)PHENOXY)HEPTYL)-3-METHYL ISOXAZOLE (DB08725)","0.8528","http://www.drugbank.ca/drugs/DB08725"
"200","5-(7-(5-HYDRO-4-METHYL-2-OXAZOLYL)PHENOXY)HEPTYL)-3-METHYL ISOXAZOLE (DB08727)","0.8526","http://www.drugbank.ca/drugs/DB08727"
"201","Dioxaphetyl butyrate (DB01475)","0.8519","http://www.drugbank.ca/drugs/DB01475"
"202","Etonitazene (DB01462)","0.8517","http://www.drugbank.ca/drugs/DB01462"
"203","Trimethaphan (DB01116)","0.8515","http://www.drugbank.ca/drugs/DB01116"
"204","6-(2,4-DIAMINO-6-ETHYLPYRIMIDIN-5-YL)-4-(3-METHOXYPROPYL)-2,2-DIMETHYL-2H-1,4-BENZOXAZIN-3(4H)-ONE (DB07174)","0.8501","http://www.drugbank.ca/drugs/DB07174"
"205","1S,3AS,8AS-TRIMETHYL-1-OXIDO-1,2,3,3A,8,8A-HEXAHYDROPYRROLO[2,3-B]INDOL-5-YL 2-ETHYLPHENYLCARBAMATE (DB07846)","0.8500","http://www.drugbank.ca/drugs/DB07846"
"206","Diampromide (DB01502)","0.8499","http://www.drugbank.ca/drugs/DB01502"
"207","5-(7-(4-(4,5-DIHYDRO-2-OXAZOLYL)PHENOXY)HEPTYL)-3-METHYL ISOXAZOLE (DB08726)","0.8493","http://www.drugbank.ca/drugs/DB08726"
"208","2-[({4-[2-(trifluoromethyl)phenyl]piperidin-1-yl}carbonyl)amino]benzoic acid (DB06985)","0.8493","http://www.drugbank.ca/drugs/DB06985"
"209","SU4984 (DB02058)","0.8488","http://www.drugbank.ca/drugs/DB02058"
"210","Asenapine (DB06216)","0.8488","http://www.drugbank.ca/drugs/DB06216"
"211","4-(2-aminoethoxy)-N-(3-chloro-5-piperidin-1-ylphenyl)-3,5-dimethylbenzamide (DB08697)","0.8486","http://www.drugbank.ca/drugs/DB08697"
"212","5-(7-(6-CHLORO-4-(5-HYDRO-4-METHYL-2-OXAZOLYL)PHENOXY)HEPTYL)-3-METHYL ISOXAZOLE (DB08722)","0.8484","http://www.drugbank.ca/drugs/DB08722"
"213","5-(5-(4-(5-HYDRO-4-METHYL-2-OXAZOLYL)PHENOXY)PENTYL)-3-METHYL ISOXAZOLE (DB08724)","0.8483","http://www.drugbank.ca/drugs/DB08724"
"214","2-(2-{2-[(BIPHENYL-4-YLMETHYL)-AMINO]-3-MERCAPTO-PENTANOYLAMINO}-ACETYLAMINO)-3-METHYL-BUTYRIC ACID METHYL ESTER (DB08643)","0.8482","http://www.drugbank.ca/drugs/DB08643"
"215","Tamibarotene (DB04942)","0.8481","http://www.drugbank.ca/drugs/DB04942"
"216","N-[[2-METHYL-4-HYDROXYCARBAMOYL]BUT-4-YL-N]-BENZYL-P-[PHENYL]-P-[METHYL]PHOSPHINAMID (DB08507)","0.8479","http://www.drugbank.ca/drugs/DB08507"
"217","[4-(4-PHENYL-PIPERIDIN-1-YL)-BENZENESULFONYLAMINO]-ACETIC ACID (DB07986)","0.8473","http://www.drugbank.ca/drugs/DB07986"
"218","Etodolac (DB00749)","0.8468","http://www.drugbank.ca/drugs/DB00749"
"219","Oxybuprocaine (DB00892)","0.8468","http://www.drugbank.ca/drugs/DB00892"
"220","Tadalafil (DB00820)","0.8464","http://www.drugbank.ca/drugs/DB00820"
"221","Mepenzolate (DB04843)","0.8455","http://www.drugbank.ca/drugs/DB04843"
"222","PHENYLALANYLAMINODI(ETHYLOXY)ETHYL BENZENESULFONAMIDEAMINOCARBONYLBENZENESULFONAMIDE (DB07710)","0.8454","http://www.drugbank.ca/drugs/DB07710"
"223","3-[[(METHYLAMINO)SULFONYL]AMINO]-2-OXO-6-PHENYL-N-[3,3,3-TRIFLUORO-1-(1-METHYLETHYL)-2-OXOPHENYL]-1(2H)-PYRIDINE ACETAMIDE (DB08614)","0.8454","http://www.drugbank.ca/drugs/DB08614"
"224","(2S)-2-[3-(AMINOMETHYL)PHENYL]-3-[(R)-[(1R)-1-{[(BENZYLOXY)CARBONYL]AMINO}-2-METHYLPROPYL](HYDROXY)PHOSPHORYL]PROPANOIC ACID (DB07269)","0.8451","http://www.drugbank.ca/drugs/DB07269"
"225","4-{[(2R)-2-(2-methylphenyl)pyrrolidin-1-yl]carbonyl}benzene-1,3-diol (DB08442)","0.8451","http://www.drugbank.ca/drugs/DB08442"
"226","6-BENZYL-1-ETHOXYMETHYL-5-ISOPROPYL URACIL (DB08188)","0.8436","http://www.drugbank.ca/drugs/DB08188"
"227","(3R,4S)-1-(3,4-DIMETHOXYPHENYL)-3-(3-METHYLPHENYL)PIPERIDIN-4-AMINE (DB07851)","0.8434","http://www.drugbank.ca/drugs/DB07851"
"228","(S)-blebbistatin (DB01944)","0.8430","http://www.drugbank.ca/drugs/DB01944"
"229","(3aS)-3a-hydroxy-7-methyl-1-phenyl-1,2,3,3a-tetrahydro-4H-pyrrolo[2,3-b]quinolin-4-one (DB07469)","0.8430","http://www.drugbank.ca/drugs/DB07469"
"230","Piclamilast (DB01791)","0.8424","http://www.drugbank.ca/drugs/DB01791"
"231","(3aS)-3a-hydroxy-5-methyl-1-phenyl-1,2,3,3a-tetrahydro-4H-pyrrolo[2,3-b]quinolin-4-one (DB07468)","0.8424","http://www.drugbank.ca/drugs/DB07468"
"232","Nafcillin (DB00607)","0.8418","http://www.drugbank.ca/drugs/DB00607"
"233","Brodimoprim-4,6-Dicarboxylate (DB02809)","0.8416","http://www.drugbank.ca/drugs/DB02809"
"234","1-Menaphthyl Glutathione Conjugate (DB03885)","0.8414","http://www.drugbank.ca/drugs/DB03885"
"235","(2R)-1-[(4-tert-butylphenyl)sulfonyl]-2-methyl-4-(4-nitrophenyl)piperazine (DB07049)","0.8411","http://www.drugbank.ca/drugs/DB07049"
"236","N-(2-AMINOETHYL)-2-{3-CHLORO-4-[(4-ISOPROPYLBENZYL)OXY]PHENYL} ACETAMIDE (DB08610)","0.8408","http://www.drugbank.ca/drugs/DB08610"
"237","R-3-FLUORO-4-[2-HYDROXY-2-(5,5,8,8-TETRAMETHYL-5,6,7,8,-TETRAHYDRO-NAPHTALEN-2-YL)-ACETYLAMINO]-BENZOIC ACID (DB07031)","0.8407","http://www.drugbank.ca/drugs/DB07031"
"238","3-FLUORO-4-[2-HYDROXY-2-(5,5,8,8-TETRAMETHYL-5,6,7,8,-TETRAHYDRO-NAPHTALEN-2-YL)-ACETYLAMINO]-BENZOIC ACID (DB07294)","0.8407","http://www.drugbank.ca/drugs/DB07294"
"239","Cocaine (DB00907)","0.8407","http://www.drugbank.ca/drugs/DB00907"
"240","(3r)-3-{[(Benzyloxy)Carbonyl]Amino}-2-Oxo-4-Phenylbutane-1-Diazonium (DB02766)","0.8407","http://www.drugbank.ca/drugs/DB02766"
"241","1-METHYL-5-(2-PHENOXYMETHYL-PYRROLIDINE-1-SULFONYL)-1H-INDOLE-2,3-DIONE (DB08213)","0.8402","http://www.drugbank.ca/drugs/DB08213"
"242","5-(5-(4-(4,5-DIHYDRO-2-OXAZOLY)PHENOXY)PENTYL)-3-METHYL ISOXAZOLE (DB08720)","0.8400","http://www.drugbank.ca/drugs/DB08720"
"243","Alfentanil (DB00802)","0.8392","http://www.drugbank.ca/drugs/DB00802"
"244","Cilostazol (DB01166)","0.8385","http://www.drugbank.ca/drugs/DB01166"
"245","2-CHLORO-N-(3-CYANO-5,6-DIHYDRO-4H-CYCLOPENTA[B]THIOPHEN-2-YL)-5-DIETHYLSULFAMOYL-BENZAMIDE (DB06970)","0.8381","http://www.drugbank.ca/drugs/DB06970"
"246","Flumazenil (DB01205)","0.8376","http://www.drugbank.ca/drugs/DB01205"
"247","+/-METHYL 4-(AMINOIMINOMETHYL)-BETA-[3- INH (AMINOIMINO)PHENYL]BENZENE PENTANOATE (DB07985)","0.8375","http://www.drugbank.ca/drugs/DB07985"
"248","Alfuzosin (DB00346)","0.8364","http://www.drugbank.ca/drugs/DB00346"
"249","5-ETHYL-3-[(2-METHOXYETHYL)METHYLAMINO]-6-METHYL-4-(3-METHYLBENZYL)PYRIDIN-2(1H)-ONE (DB07018)","0.8363","http://www.drugbank.ca/drugs/DB07018"
"250","GLYCYLALANYL-N-2-NAPHTHYL-L-PROLINEAMIDE (DB07813)","0.8355","http://www.drugbank.ca/drugs/DB07813"
"251","Propantheline (DB00782)","0.8355","http://www.drugbank.ca/drugs/DB00782"
"252","(3R)-METHYLCARBAMOYL-7-SULFOAMINO-3,4-DIHYDRO-1H-ISOQUINOLINE-2-CARBOXYLIC ACID BENZYL ESTER (DB08549)","0.8349","http://www.drugbank.ca/drugs/DB08549"
"253","Diphenylpyraline (DB01146)","0.8348","http://www.drugbank.ca/drugs/DB01146"
"254","5-(5-(6-CHLORO-4-(4,5-DIHYDRO-2-OXAZOLYL)PHENOXY)PENTYL)-3-METHYL ISOXAZOLE (DB08719)","0.8343","http://www.drugbank.ca/drugs/DB08719"
"255","4-BROMO-3-(CARBOXYMETHOXY)-5-[3-(CYCLOHEXYLAMINO)PHENYL]THIOPHENE-2-CARBOXYLIC ACID (DB06829)","0.8343","http://www.drugbank.ca/drugs/DB06829"
"256","(2S)-({(5Z)-5-[(5-ETHYL-2-FURYL)METHYLENE]-4-OXO-4,5-DIHYDRO-1,3-THIAZOL-2-YL}AMINO)(4-FLUOROPHENYL)ACETIC ACID (DB08706)","0.8339","http://www.drugbank.ca/drugs/DB08706"
"257","Phenserine (DB04892)","0.8334","http://www.drugbank.ca/drugs/DB04892"
"258","GTS-21 (DB05708)","0.8332","http://www.drugbank.ca/drugs/DB05708"
"259","(2S)-3-[(R)-[(1S)-1-amino-3-phenylpropyl](hydroxy)phosphoryl]-2-benzylpropanoic acid (DB07448)","0.8324","http://www.drugbank.ca/drugs/DB07448"
"260","1-[2-(S)-AMINO-3-BIPHENYL-4-YL-PROPIONYL]-PYRROLIDINE-2-(S)-CARBONITRILE (DB08024)","0.8323","http://www.drugbank.ca/drugs/DB08024"
"261","Nalpha-(2-Naphthylsulfonylglycyl)-3-Amidino-D,L-Phenylalanine-Isopropylester (DB01737)","0.8316","http://www.drugbank.ca/drugs/DB01737"
"262","Bis-Benzamidine (DB02081)","0.8312","http://www.drugbank.ca/drugs/DB02081"
"263","6-(3',5'-DIMETHYLBENZYL)-1-ETHOXYMETHYL-5-ISOPROPYLURACIL (DB07820)","0.8307","http://www.drugbank.ca/drugs/DB07820"
"264","(3aS)-3a-hydroxy-1-phenyl-1,2,3,3a-tetrahydro-4H-pyrrolo[2,3-b]quinolin-4-one (DB07470)","0.8305","http://www.drugbank.ca/drugs/DB07470"
"265","(5R)-N,N-DIETHYL-5-METHYL-2-[(THIOPHEN-2-YLCARBONYL)AMINO]-4,5,6,7-TETRAHYDRO-1-BENZOTHIOPHENE-3-CARBOXAMIDE (DB08033)","0.8298","http://www.drugbank.ca/drugs/DB08033"
"266","1-{2-[3-(2-Chloro-4,5-difluoro-benzoyl)-ureido]-4-fluoro-phenyl}-piperidine-4-carboxylic acid (DB07396)","0.8297","http://www.drugbank.ca/drugs/DB07396"
"267","tert-butyl 4-(3-thiophen-2-yl-1,2,4-oxadiazol-5-yl)piperidine-1-carboxylate (DB08469)","0.8288","http://www.drugbank.ca/drugs/DB08469"
"268","N-(5,5,8,8-Tetramethyl-5,8-Dihydro-Naphthalen-2-Yl)-Terephthalamic Acid (DB03873)","0.8286","http://www.drugbank.ca/drugs/DB03873"
"269","(2S)-2-{3-[({[2-fluoro-4-(trifluoromethyl)phenyl]carbonyl}amino)methyl]-4-methoxybenzyl}butanoic acid (DB07070)","0.8285","http://www.drugbank.ca/drugs/DB07070"
"270","[(4R)-4-(3-HYDROXYPHENYL)-1,6-DIMETHYL-2-THIOXO-1,2,3,4-TETRAHYDROPYRIMIDIN-5-YL](PHENYL)METHANONE (DB08198)","0.8283","http://www.drugbank.ca/drugs/DB08198"
"271","(1R)-2-PHENYLACETAMIDO-2-(3-CARBOXYPHENYL)ETHYL BORONIC ACID (DB07466)","0.8280","http://www.drugbank.ca/drugs/DB07466"
"272","Diphemanil Methylsulfate (DB00729)","0.8280","http://www.drugbank.ca/drugs/DB00729"
"273","Roflumilast (DB01656)","0.8278","http://www.drugbank.ca/drugs/DB01656"
"274","7-{2,6-DICHLORO-4-[3-(2-CHLORO-BENZOYL)-UREIDO]-PHENOXY}-HEPTANOIC ACID (DB04642)","0.8277","http://www.drugbank.ca/drugs/DB04642"
"275","ANILINOMETHYL GLUCO-PHENYLIMIDAZOLE (DB04712)","0.8261","http://www.drugbank.ca/drugs/DB04712"
"276","Phenylbutazone (DB00812)","0.8261","http://www.drugbank.ca/drugs/DB00812"
"277","(1S)-2-oxo-1-phenyl-2-[(1,3,4-trioxo-1,2,3,4-tetrahydroisoquinolin-5-yl)amino]ethyl acetate (DB08497)","0.8255","http://www.drugbank.ca/drugs/DB08497"
"278","N-ethyl-4-{[5-(methoxycarbamoyl)-2-methylphenyl]amino}-5-methylpyrrolo[2,1-f][1,2,4]triazine-6-carboxamide (DB06940)","0.8252","http://www.drugbank.ca/drugs/DB06940"
"279","Bezafibrate (DB01393)","0.8252","http://www.drugbank.ca/drugs/DB01393"
"280","6,7,8,9-TETRAHYDRO-4-HYDROXY-3-(1-PHENYLPROPYL)CYCLOHEPTA[B]PYRAN-2-ONE (DB08274)","0.8247","http://www.drugbank.ca/drugs/DB08274"
"281","Oxyphenbutazone (DB03585)","0.8245","http://www.drugbank.ca/drugs/DB03585"
"282","4-(4-STYRYL-PHENYLCARBAMOYL)-BUTYRIC ACID (DB08562)","0.8237","http://www.drugbank.ca/drugs/DB08562"
"283","O6-CYCLOHEXYLMETHOXY-2-(4'-SULPHAMOYLANILINO) PURINE (DB07126)","0.8233","http://www.drugbank.ca/drugs/DB07126"
"284","3-(6-CYCLOHEXYLMETHOXY-9H-PURIN-2-YLAMINO)-BENZENESULFONAMIDE (DB08248)","0.8233","http://www.drugbank.ca/drugs/DB08248"
"285","Ridogrel (DB01207)","0.8230","http://www.drugbank.ca/drugs/DB01207"
"286","(1S)-1-(3-chlorophenyl)-2-oxo-2-[(1,3,4-trioxo-1,2,3,4-tetrahydroisoquinolin-5-yl)amino]ethyl acetate (DB08498)","0.8228","http://www.drugbank.ca/drugs/DB08498"
"287","(2S)-2-amino-5-oxo-5-[(4-phenylmethoxyphenyl)amino]pentanoic acid (DB07102)","0.8228","http://www.drugbank.ca/drugs/DB07102"
"288","Dobutamine (DB00841)","0.8226","http://www.drugbank.ca/drugs/DB00841"
"289","Terazosin (DB01162)","0.8226","http://www.drugbank.ca/drugs/DB01162"
"290","(5R,6S,8S)-8-[3-(AMINOMETHYL)PHENYL]-6-HYDROXY-5-ISOPROPYL-3-OXO-1-PHENYL-2,7-DIOXA-4-AZA-6-PHOSPHANONAN-9-OIC ACID 6-OXIDE (DB07157)","0.8224","http://www.drugbank.ca/drugs/DB07157"
"291","Formoterol (DB00983)","0.8218","http://www.drugbank.ca/drugs/DB00983"
"292","Arformoterol (DB01274)","0.8218","http://www.drugbank.ca/drugs/DB01274"
"293","Oxyphencyclimine (DB00383)","0.8216","http://www.drugbank.ca/drugs/DB00383"
"294","3-[3-(2,3-Dihydroxy-Propylamino)-Phenyl]-4-(5-Fluoro-1-Methyl-1h-Indol-3-Yl)-Pyrrole-2,5-Dione (DB01772)","0.8216","http://www.drugbank.ca/drugs/DB01772"
"295","2-{4-[(3,5-DIMETHYLANILINO)-CARBONYL-METHYL]-PHENOXY}-2-METHYLPROPIONIC ACID (DB08486)","0.8213","http://www.drugbank.ca/drugs/DB08486"
"296","Indecainide (DB00192)","0.8210","http://www.drugbank.ca/drugs/DB00192"
"297","3-BENZYLOXYCARBONYLAMINO-2-HYDROXY-4-PHENYL-BUTYRIC ACID (DB08041)","0.8201","http://www.drugbank.ca/drugs/DB08041"
"298","2-[4-(4-Chlorophenyl)Cyclohexylidene]-3,4-Dihydroxy-1(2h)-Naphthalenone (DB04281)","0.8195","http://www.drugbank.ca/drugs/DB04281"
"299","Flurazepam (DB00690)","0.8195","http://www.drugbank.ca/drugs/DB00690"
"300","5-{3-[3-(2,4-DICHLORO-BENZOYL)-UREIDO]-2-METHYL-PHENOXY}-PENTANOIC ACID (DB04645)","0.8192","http://www.drugbank.ca/drugs/DB04645"
"301","CF-101 (DB05511)","0.8186","http://www.drugbank.ca/drugs/DB05511"
"302","Lomefloxacin (DB00978)","0.8186","http://www.drugbank.ca/drugs/DB00978"
"303","2-[2-(4-CHLORO-PHENYLSULFANYL)-ACETYLAMINO]-3-(4-GUANIDINO-PHENYL)-PROPIONAMIDE (DB07105)","0.8182","http://www.drugbank.ca/drugs/DB07105"
"304","Tiagabine (DB00906)","0.8180","http://www.drugbank.ca/drugs/DB00906"
"305","5-(5-(2,6-DICHLORO-4-(4,5-DIHYDRO-2-OXAZOLY)PHENOXY)PENTYL)-3-METHYL ISOXAZOLE (DB08723)","0.8180","http://www.drugbank.ca/drugs/DB08723"
"306","N-(TRANS-4'-NITRO-4-STILBENYL)-N-METHYL-5-AMINO-PENTANOIC ACID (DB08635)","0.8176","http://www.drugbank.ca/drugs/DB08635"
"307","Cetirizine (DB00341)","0.8172","http://www.drugbank.ca/drugs/DB00341"
"308","(2S)-2-[3-(AMINOMETHYL)PHENYL]-3-[(R)-HYDROXY{(1R)-2-METHYL-1-[(PHENYLSULFONYL)AMINO]PROPYL}PHOSPHORYL]PROPANOIC ACID (DB06921)","0.8170","http://www.drugbank.ca/drugs/DB06921"
"309","1-(PHENYLMETHYL)CYCLOPENTYL[(1S)-1-FORMYLPENTYL]CARBAMATE (DB07593)","0.8170","http://www.drugbank.ca/drugs/DB07593"
"310","Ranolazine (DB00243)","0.8167","http://www.drugbank.ca/drugs/DB00243"
"311","N-[(1S)-2-methyl-1-(pyridin-4-ylcarbamoyl)propyl]cyclohexanecarboxamide (DB07560)","0.8163","http://www.drugbank.ca/drugs/DB07560"
"312","Citalopram (DB00215)","0.8157","http://www.drugbank.ca/drugs/DB00215"
"313","Escitalopram (DB01175)","0.8157","http://www.drugbank.ca/drugs/DB01175"
"314","(2s,3r)-3-Amino-2-Hydroxy-5-(Ethylsulfanyl)Pentanoyl-((S)-(-)-(1-Naphthyl)Ethyl)Amide (DB04108)","0.8155","http://www.drugbank.ca/drugs/DB04108"
"315","Enoxacin (DB00467)","0.8147","http://www.drugbank.ca/drugs/DB00467"
"316","Hydroxyzine (DB00557)","0.8139","http://www.drugbank.ca/drugs/DB00557"
"317","Diltiazem (DB00343)","0.8138","http://www.drugbank.ca/drugs/DB00343"
"318","Methantheline (DB00940)","0.8135","http://www.drugbank.ca/drugs/DB00940"
"319","5-Methyl-5-(4-Phenoxy-Phenyl)-Pyrimidine-2,4,6-Trione (DB03368)","0.8134","http://www.drugbank.ca/drugs/DB03368"
"320","6-CARBAMIMIDOYL-2-[2-HYDROXY-5-(3-METHOXY-PHENYL)-INDAN-1-YL]-HEXANOIC ACID (DB06866)","0.8133","http://www.drugbank.ca/drugs/DB06866"
"321","Procyclidine (DB00387)","0.8131","http://www.drugbank.ca/drugs/DB00387"
"322","Moricizine (DB00680)","0.8130","http://www.drugbank.ca/drugs/DB00680"
"323","1-Benzyl-3-(4-Methoxy-Benzenesulfonyl)-6-Oxo-Hexahydro-Pyrimidine-4-Carboxylic Acid Hydroxyamide (DB04140)","0.8129","http://www.drugbank.ca/drugs/DB04140"
"324","6-CARBAMIMIDOYL-2-[2-HYDROXY-6-(4-HYDROXY-PHENYL)-INDAN-1-YL]-HEXANOIC ACID (DB06865)","0.8124","http://www.drugbank.ca/drugs/DB06865"
"325","Arbutamine (DB01102)","0.8123","http://www.drugbank.ca/drugs/DB01102"
"326","(2S)-2-(3-{[AMINO(IMINO)METHYL]AMINO}PHENYL)-3-[(S)-HYDROXY(3-PHENYLPROPYL)PHOSPHORYL]PROPANOIC ACID (DB07182)","0.8115","http://www.drugbank.ca/drugs/DB07182"
"327","3-{[(9-CYANO-9,10-DIHYDRO-10-METHYLACRIDIN-9-YL)CARBONYL]AMINO}PROPANOIC ACID (DB07441)","0.8112","http://www.drugbank.ca/drugs/DB07441"
"328","(6R)-2-amino-6-[2-(3'-methoxybiphenyl-3-yl)ethyl]-3,6-dimethyl-5,6-dihydropyrimidin-4(3H)-one (DB07519)","0.8104","http://www.drugbank.ca/drugs/DB07519"
"329","Isradipine (DB00270)","0.8103","http://www.drugbank.ca/drugs/DB00270"
"330","Levofloxacin (DB01137)","0.8097","http://www.drugbank.ca/drugs/DB01137"
"331","Ofloxacin (DB01165)","0.8097","http://www.drugbank.ca/drugs/DB01165"
"332","Dextrofloxacine (DB03034)","0.8097","http://www.drugbank.ca/drugs/DB03034"
"333","(R)-(+) 5(9BH)-OXO-9B-PHENYL-2,3-DIHYDROTHIAZOLO[2,3-A]ISOINDOL-3-CARBOXYLIC ACID METHYL ESTER (DB07473)","0.8094","http://www.drugbank.ca/drugs/DB07473"
"334","Cinolazepam (DB01594)","0.8090","http://www.drugbank.ca/drugs/DB01594"
"335","6-[3-(4-Morpholinyl)Propyl]-2-(3-Nitrophenyl)-5-Thioxo-5,6,-Dihydro-7h-Thienol[2',3':4,5]Pyrrolo[1,2-C]Imidazol-7-One (DB03507)","0.8077","http://www.drugbank.ca/drugs/DB03507"
"336","5-Methoxy-1,2-Dimethyl-3-(Phenoxymethyl)Indole-4,7-Dione (DB03626)","0.8075","http://www.drugbank.ca/drugs/DB03626"
"337","Mitiglinide (DB01252)","0.8072","http://www.drugbank.ca/drugs/DB01252"
"338","(4R)-4-(3-HYDROXYPHENYL)-N,N,7,8-TETRAMETHYL-3,4-DIHYDROISOQUINOLINE-2(1H)-CARBOXAMIDE (DB07064)","0.8069","http://www.drugbank.ca/drugs/DB07064"
"339","N-[3-[(1-Aminoethyl)(Hydroxy)Phosphoryl]-2-(1,1'-Biphenyl-4-Ylmethyl)Propanoyl]Alanine (DB02062)","0.8062","http://www.drugbank.ca/drugs/DB02062"
"340","4,4'[1,6-Hexanediylbis(Oxy)]Bisbenzenecarboximidamide (DB03808)","0.8060","http://www.drugbank.ca/drugs/DB03808"
"341","Bexarotene (DB00307)","0.8060","http://www.drugbank.ca/drugs/DB00307"
"342","Ketazolam (DB01587)","0.8054","http://www.drugbank.ca/drugs/DB01587"
"343","{4-[2-BENZYL-3-METHOXY-2-(METHOXYCARBONYL)-3-OXOPROPYL]PHENYL}SULFAMIC ACID (DB06989)","0.8054","http://www.drugbank.ca/drugs/DB06989"
"344","Bishydroxy[2h-1-Benzopyran-2-One,1,2-Benzopyrone] (DB04392)","0.8053","http://www.drugbank.ca/drugs/DB04392"
"345","BIA (DB03336)","0.8053","http://www.drugbank.ca/drugs/DB03336"
"346","Paroxetine (DB00715)","0.8052","http://www.drugbank.ca/drugs/DB00715"
"347","N-[2-({[amino(imino)methyl]amino}oxy)ethyl]-2-{6-chloro-3-[(2,2-difluoro-2-phenylethyl)amino]-2-fluorophenyl}acetamide (DB07946)","0.8050","http://www.drugbank.ca/drugs/DB07946"
"348","N-[(2R,3S)-3-AMINO-2-HYDROXY-4-PHENYLBUTYL]-4-METHOXY-2,3,6-TRIMETHYLBENZENESULFONAMIDE (DB07527)","0.8050","http://www.drugbank.ca/drugs/DB07527"
"349","6-(1,1-Dimethylallyl)-2-(1-Hydroxy-1-Methylethyl)-2,3-Dihydro-7h-Furo[3,2-G]Chromen-7-One (DB02205)","0.8047","http://www.drugbank.ca/drugs/DB02205"
"350","4-{4-[3-(2,4-DICHLORO-BENZOYL)-UREIDO]-2,3-DIMETHYL-PHENOXY}-BUTYRIC ACID (DB04644)","0.8044","http://www.drugbank.ca/drugs/DB04644"
"351","Cinalukast (DB00587)","0.8041","http://www.drugbank.ca/drugs/DB00587"
"352","2-Benzo[1,3]Dioxol-5-Ylmethyl-3-Benzyl-Succinic Acid (DB02450)","0.8035","http://www.drugbank.ca/drugs/DB02450"
"353","3-({[(3S)-3,4-dihydroxybutyl]oxy}amino)-1H,2'H-2,3'-biindol-2'-one (DB07676)","0.8032","http://www.drugbank.ca/drugs/DB07676"
"354","Talampanel (DB04982)","0.8031","http://www.drugbank.ca/drugs/DB04982"
"355","(1R)-2-{[AMINO(IMINO)METHYL]AMINO}-1-{4-[(4R)-4-(HYDROXYMETHYL)-1,3,2-DIOXABOROLAN-2-YL]PHENYL}ETHYL NICOTINATE (DB07023)","0.8029","http://www.drugbank.ca/drugs/DB07023"
"356","Norfloxacin (DB01059)","0.8026","http://www.drugbank.ca/drugs/DB01059"
"357","5-Methoxy-1,2-Dimethyl-3-(4-Nitrophenoxymethyl)Indole-4,7-Dione (DB02400)","0.8025","http://www.drugbank.ca/drugs/DB02400"
"358","5-[[(2R)-2-cyclopropyl-7,8-dimethoxy-2H-chromen-5-yl]methyl]pyrimidine-2,4-diamine (DB08741)","0.8011","http://www.drugbank.ca/drugs/DB08741"
"359","AG3340 (DB05100)","0.7993","http://www.drugbank.ca/drugs/DB05100"
"360","Pefloxacin (DB00487)","0.7985","http://www.drugbank.ca/drugs/DB00487"
"361","5-[[(2R)-2-cyclopropyl-7,8-dimethoxy-chroman-5-yl]methyl]pyrimidine-2,4-diamine (DB07938)","0.7982","http://www.drugbank.ca/drugs/DB07938"
"362","5-[3-(2,5-dimethoxyphenyl)prop-1-yn-1-yl]-6-ethylpyrimidine-2,4-diamine (DB08234)","0.7977","http://www.drugbank.ca/drugs/DB08234"
"363","Fenoterol (DB01288)","0.7973","http://www.drugbank.ca/drugs/DB01288"
"364","Ethyl loflazepate (DB01545)","0.7973","http://www.drugbank.ca/drugs/DB01545"
"365","CP-271485 (DB02118)","0.7970","http://www.drugbank.ca/drugs/DB02118"
"366","(2S)-4-(2,5-DIFLUOROPHENYL)-N,N-DIMETHYL-2-PHENYL-2,5-DIHYDRO-1H-PYRROLE-1-CARBOXAMIDE (DB08246)","0.7967","http://www.drugbank.ca/drugs/DB08246"
"367","Metipranolol (DB01214)","0.7966","http://www.drugbank.ca/drugs/DB01214"
"368","4-[(1S)-1-(3-fluoro-4-methoxyphenyl)-2-(2-methoxy-5-nitrophenyl)ethyl]-1H-imidazol-2-amine (DB07415)","0.7963","http://www.drugbank.ca/drugs/DB07415"
"369","Nateglinide (DB00731)","0.7957","http://www.drugbank.ca/drugs/DB00731"
"370","2-Hydroxy-5-({1-[(4-Methylphenoxy)Methyl]-3-Oxoprop-1-Enyl}Amino)-L-Tyrosine (DB02537)","0.7951","http://www.drugbank.ca/drugs/DB02537"
"371","Calanolide A (DB04886)","0.7948","http://www.drugbank.ca/drugs/DB04886"
"372","2-HYDROXY-5-{[(1E)-2-PHENYLETHYLIDENE]AMINO}-L-TYROSINE (DB06988)","0.7943","http://www.drugbank.ca/drugs/DB06988"
"373","4-{(1E)-3-OXO-3-[(2-PHENYLETHYL)AMINO]PROP-1-EN-1-YL}-1,2-PHENYLENE DIACETATE (DB08753)","0.7940","http://www.drugbank.ca/drugs/DB08753"
"374","4-tert-butyl-N'-[(1E)-(3,5-dibromo-2,4-dihydroxyphenyl)methylidene]benzohydrazide (DB07097)","0.7937","http://www.drugbank.ca/drugs/DB07097"
"375","N-Hydroxy-1-(4-Methoxyphenyl)Sulfonyl-4-Benzyloxycarbonyl-Piperazine-2-Carboxamide (DB04232)","0.7932","http://www.drugbank.ca/drugs/DB04232"
"376","4-[4-(4-CHLORO-PHENOXY)-BENZENESULFONYLMETHYL]-TETRAHYDRO-PYRAN-4-CARBOXYLIC ACID HYDROXYAMIDE (DB08490)","0.7924","http://www.drugbank.ca/drugs/DB08490"
"377","Torasemide (DB00214)","0.7924","http://www.drugbank.ca/drugs/DB00214"
"378","Thioproperazine (DB01622)","0.7915","http://www.drugbank.ca/drugs/DB01622"
"379","4-[(7R,7AS)-7-HYDROXY-1,3-DIOXOTETRAHYDRO-1H-PYRROLO[1,2-C]IMIDAZOL-2(3H)-YL]-1-NAPHTHONITRILE (DB08087)","0.7913","http://www.drugbank.ca/drugs/DB08087"
"380","Minaprine (DB00805)","0.7913","http://www.drugbank.ca/drugs/DB00805"
"381","4-{[5-(CYCLOHEXYLMETHOXY)[1,2,4]TRIAZOLO[1,5-A]PYRIMIDIN-7-YL]AMINO}BENZENESULFONAMIDE (DB07685)","0.7913","http://www.drugbank.ca/drugs/DB07685"
"382","(2Z,3E)-2,3'-BIINDOLE-2',3(1H,1'H)-DIONE 3-{O-[(3R)-3,4-DIHYDROXYBUTYL]OXIME} (DB07766)","0.7909","http://www.drugbank.ca/drugs/DB07766"
"383","Haloxazolam (DB01476)","0.7899","http://www.drugbank.ca/drugs/DB01476"
"384","3-{[(4-methylphenyl)sulfonyl]amino}propyl pyridin-4-ylcarbamate (DB07572)","0.7895","http://www.drugbank.ca/drugs/DB07572"
"385","(2S)-N-(4-cyano-3-iodophenyl)-3-(4-cyanophenoxy)-2-hydroxy-2-methylpropanamide (DB07039)","0.7889","http://www.drugbank.ca/drugs/DB07039"
"386","(2R)-({4-[AMINO(IMINO)METHYL]PHENYL}AMINO){5-ETHOXY-2-FLUORO-3-[(3R)-TETRAHYDROFURAN-3-YLOXY]PHENYL}ACETICACID (DB04590)","0.7884","http://www.drugbank.ca/drugs/DB04590"
"387","Masoprocol (DB00179)","0.7884","http://www.drugbank.ca/drugs/DB00179"
"388","Fenofibrate (DB01039)","0.7883","http://www.drugbank.ca/drugs/DB01039"
"389","(3AS,4R,9BR)-4-(4-HYDROXYPHENYL)-6-(METHOXYMETHYL)-1,2,3,3A,4,9B-HEXAHYDROCYCLOPENTA[C]CHROMEN-8-OL (DB08020)","0.7882","http://www.drugbank.ca/drugs/DB08020"
"390","2-((3'-TERTBUTYL-4'-HYDROXYPHENYL)AZO)BENZOIC ACID (DB08216)","0.7877","http://www.drugbank.ca/drugs/DB08216"
"391","Inhibitor Idd 384 (DB01689)","0.7875","http://www.drugbank.ca/drugs/DB01689"
"392","Pentamidine (DB00738)","0.7871","http://www.drugbank.ca/drugs/DB00738"
"393","(3AS,4R,9BR)-4-(4-HYDROXYPHENYL)-1,2,3,3A,4,9B-HEXAHYDROCYCLOPENTA[C]CHROMEN-8-OL (DB07933)","0.7868","http://www.drugbank.ca/drugs/DB07933"
"394","(3AS,4R,9BR)-4-(4-HYDROXYPHENYL)-1,2,3,3A,4,9B-HEXAHYDROCYCLOPENTA[C]CHROMEN-9-OL (DB08737)","0.7861","http://www.drugbank.ca/drugs/DB08737"
"395","1-(3-chloro-4-methylphenyl)-3-{2-[({5-[(dimethylamino)methyl]-2-furyl}methyl)thio]ethyl}urea (DB08027)","0.7851","http://www.drugbank.ca/drugs/DB08027"
"396","1-(5-CHLORO-2-METHOXYPHENYL)-3-{6-[2-(DIMETHYLAMINO)-1-METHYLETHOXY]PYRAZIN-2-YL}UREA (DB07228)","0.7849","http://www.drugbank.ca/drugs/DB07228"
"397","N-{[6-(PENTYLOXY)NAPHTHALEN-2-YL]SULFONYL}-D-GLUTAMIC ACID (DB08107)","0.7848","http://www.drugbank.ca/drugs/DB08107"
"398","Cloxazolam (DB01553)","0.7844","http://www.drugbank.ca/drugs/DB01553"
"399","D-Naphthyl-1-Acetamido Boronic Acid Alanine (DB02677)","0.7843","http://www.drugbank.ca/drugs/DB02677"
"400","L-Naphthyl-1-Acetamido Boronic Acid Alanine (DB03290)","0.7843","http://www.drugbank.ca/drugs/DB03290"
"401","Dipivefrin (DB00449)","0.7825","http://www.drugbank.ca/drugs/DB00449"
"402","6-methyl-5-[3-methyl-3-(3,4,5-trimethoxyphenyl)but-1-yn-1-yl]pyrimidine-2,4-diamine (DB07153)","0.7821","http://www.drugbank.ca/drugs/DB07153"
"403","5-(5-CHLORO-2,4-DIHYDROXYPHENYL)-N-ETHYL-4-PIPERAZIN-1-YL-1H-PYRAZOLE-3-CARBOXAMIDE (DB06958)","0.7818","http://www.drugbank.ca/drugs/DB06958"
"404","Prazosin (DB00457)","0.7813","http://www.drugbank.ca/drugs/DB00457"
"405","Dimenoxadol (DB01461)","0.7810","http://www.drugbank.ca/drugs/DB01461"
"406","(3aS,4R,9bR)-2,2-difluoro-4-(4-hydroxyphenyl)-6-(methoxymethyl)-1,2,3,3a,4,9b-hexahydrocyclopenta[c]chromen-8-ol (DB07036)","0.7804","http://www.drugbank.ca/drugs/DB07036"
"407","SC45647 (DB04778)","0.7798","http://www.drugbank.ca/drugs/DB04778"
"408","Indapamide (DB00808)","0.7793","http://www.drugbank.ca/drugs/DB00808"
"409","5-(2-ETHOXYETHYL)-5-[4-(4-FLUOROPHENOXY)PHENOXY]PYRIMIDINE-2,4,6(1H,3H,5H)-TRIONE (DB08388)","0.7787","http://www.drugbank.ca/drugs/DB08388"
"410","Riboflavin (DB00140)","0.7785","http://www.drugbank.ca/drugs/DB00140"
"411","(3AS,4R,9BR)-2,2-DIFLUORO-4-(4-HYDROXYPHENYL)-1,2,3,3A,4,9B-HEXAHYDROCYCLOPENTA[C]CHROMEN-8-OL (DB07638)","0.7783","http://www.drugbank.ca/drugs/DB07638"
"412","5-CYANO-N-(2,5-DIMETHOXYBENZYL)-6-ETHOXYPYRIDINE-2-CARBOXAMIDE (DB07276)","0.7779","http://www.drugbank.ca/drugs/DB07276"
"413","{4-[4-hydroxy-3-(1-methylethyl)benzyl]-3,5-dimethylphenoxy}acetic acid (DB07425)","0.7769","http://www.drugbank.ca/drugs/DB07425"
"414","2-{[N-(2-ACETYL-5-CHLORO-4-FLUOROPHENYL)GLYCYL]AMINO}BENZOIC ACID (DB07085)","0.7764","http://www.drugbank.ca/drugs/DB07085"
"415","(1S,4S,5S)-1,4,5-TRIHYDROXY-3-[3-(PHENYLTHIO)PHENYL]CYCLOHEX-2-ENE-1-CARBOXYLIC ACID (DB08485)","0.7754","http://www.drugbank.ca/drugs/DB08485"
"416","6-(3-AMINOPROPYL)-4,9-DIMETHYLPYRROLO[3,4-C]CARBAZOLE-1,3(2H,6H)-DIONE (DB07444)","0.7754","http://www.drugbank.ca/drugs/DB07444"
"417","N-(4-AMINO-5-CYANO-6-ETHOXYPYRIDIN-2-YL)-2-(4-BROMO-2,5-DIMETHOXYPHENYL)ACETAMIDE (DB07272)","0.7753","http://www.drugbank.ca/drugs/DB07272"
"418","Matairesinol (DB04200)","0.7741","http://www.drugbank.ca/drugs/DB04200"
"419","(3AALPHA,4ALPHA,7ALPHA,7AALPHA)- 3A,4,7,7A-TETRAHYDRO-2-(4-NITRO-1-NAPHTHALENYL)-4,7-ETHANO-1H-ISOINDOLE-1,3(2H)-DIONE (DB04709)","0.7737","http://www.drugbank.ca/drugs/DB04709"
"420","N-HYDROXY-2-[4-(4-PHENOXY-BENZENESULFONYL)-TETRAHYDRO-PYRAN-4-YL]-ACETAMIDE (DB08491)","0.7737","http://www.drugbank.ca/drugs/DB08491"
"421","Elesclomol (DB05719)","0.7735","http://www.drugbank.ca/drugs/DB05719"
"422","(6S)-2-amino-6-(3'-methoxybiphenyl-3-yl)-3,6-dimethyl-5,6-dihydropyrimidin-4(3H)-one (DB07874)","0.7735","http://www.drugbank.ca/drugs/DB07874"
"423","Balsalazide (DB01014)","0.7735","http://www.drugbank.ca/drugs/DB01014"
"424","9-Butyl-8-(3,4,5-Trimethoxybenzyl)-9h-Purin-6-Amine (DB02754)","0.7715","http://www.drugbank.ca/drugs/DB02754"
"425","2-{4-[4-(4-Chloro-Phenoxy)-Benzenesulfonyl]-Tetrahydro-Pyran-4-Yl}-N-Hydroxy-Acetamide (DB02049)","0.7712","http://www.drugbank.ca/drugs/DB02049"
"426","(2S)-3-[4-(acetylamino)phenoxy]-2-hydroxy-2-methyl-N-[4-nitro-3-(trifluoromethyl)phenyl]propanamide (DB07423)","0.7710","http://www.drugbank.ca/drugs/DB07423"
"427","(2S,3S)-3-{3-[2-chloro-4-(methylsulfonyl)phenyl]-1,2,4-oxadiazol-5-yl}-1-cyclopentylidene-4-cyclopropyl-1-fluorobutan-2-amine (DB06994)","0.7705","http://www.drugbank.ca/drugs/DB06994"
"428","Camazepam (DB01489)","0.7696","http://www.drugbank.ca/drugs/DB01489"
"429","Permethrin (DB04930)","0.7695","http://www.drugbank.ca/drugs/DB04930"
"430","N-[(6-BUTOXYNAPHTHALEN-2-YL)SULFONYL]-L-GLUTAMIC ACID (DB08105)","0.7691","http://www.drugbank.ca/drugs/DB08105"
"431","N-[(6-BUTOXYNAPHTHALEN-2-YL)SULFONYL]-D-GLUTAMIC ACID (DB08106)","0.7691","http://www.drugbank.ca/drugs/DB08106"
"432","4-{3-CHLORO-4-[3-(2,4-DICHLORO-BENZOYL)-UREIDO]-PHENOXY}-BUTYRIC ACID (DB04643)","0.7684","http://www.drugbank.ca/drugs/DB04643"
"433","(2E)-1-[2-hydroxy-4-methoxy-5-(3-methylbut-2-en-1-yl)phenyl]-3-(4-hydroxyphenyl)prop-2-en-1-one (DB07500)","0.7677","http://www.drugbank.ca/drugs/DB07500"
"434","9-Butyl-8-(2-Chloro-3,4,5-Trimethoxy-Benzyl)-9h-Purin-6-Ylamine (DB03504)","0.7671","http://www.drugbank.ca/drugs/DB03504"
"435","N-[4-({[5-(DIMETHYLAMINO)-1-NAPHTHYL]SULFONYL}AMINO)BUTYL]-3-SULFANYLPROPANAMIDE (DB07526)","0.7670","http://www.drugbank.ca/drugs/DB07526"
"436","(1R)-1-PHENYLETHYL 4-(ACETYLAMINO)BENZYLPHOSPHONATE (DB08545)","0.7659","http://www.drugbank.ca/drugs/DB08545"
"437","Dansyllysine (DB04676)","0.7658","http://www.drugbank.ca/drugs/DB04676"
"438","(N-{4-[(ETHYLANILINO)SULFONYL]-2-METHYLPHENYL}-3,3,3-TRIFLUORO-2-HYDROXY-2-METHYLPROPANAMIDE (DB08609)","0.7656","http://www.drugbank.ca/drugs/DB08609"
"439","(1S,5S,7R)-N~7~-(BIPHENYL-4-YLMETHYL)-N~3~-HYDROXY-6,8-DIOXA-3-AZABICYCLO[3.2.1]OCTANE-3,7-DICARBOXAMIDE (DB07026)","0.7654","http://www.drugbank.ca/drugs/DB07026"
"440","2,3-Dicarboxy-4-(2-Chloro-Phenyl)-1-Ethyl-5-Isopropoxycarbonyl-6-Methyl-Pyridinium (DB04055)","0.7653","http://www.drugbank.ca/drugs/DB04055"
"441","(2-AMINO-3-PHENYL-BICYCLO[2.2.1]HEPT-2-YL)-PHENYL-METHANONE (DB07883)","0.7653","http://www.drugbank.ca/drugs/DB07883"
"442","2-({[4-bromo-3-(diethylsulfamoyl)phenyl]carbonyl}amino)benzoic acid (DB07429)","0.7643","http://www.drugbank.ca/drugs/DB07429"
"443","(2S)-3-(4-chloro-3-fluorophenoxy)-N-[4-cyano-3-(trifluoromethyl)phenyl]-2-hydroxy-2-methylpropanamide (DB07419)","0.7639","http://www.drugbank.ca/drugs/DB07419"
"444","(2E)-3-(3,4-DIHYDROXYPHENYL)-N-[2-(4-HYDROXYPHENYL)ETHYL]ACRYLAMIDE (DB08754)","0.7631","http://www.drugbank.ca/drugs/DB08754"
"445","Tamsulosin (DB00706)","0.7609","http://www.drugbank.ca/drugs/DB00706"
"446","3',5'-Dinitro-N-Acetyl-L-Thyronine (DB03239)","0.7608","http://www.drugbank.ca/drugs/DB03239"
"447","(1R)-N,6-DIHYDROXY-7-METHOXY-2-[(4-METHOXYPHENYL)SULFONYL]-1,2,3,4-TETRAHYDROISOQUINOLINE-1-CARBOXAMIDE (DB08170)","0.7607","http://www.drugbank.ca/drugs/DB08170"
"448","N,N'-[biphenyl-4,4'-diyldi(2R)propane-2,1-diyl]dimethanesulfonamide (DB07455)","0.7605","http://www.drugbank.ca/drugs/DB07455"
"449","Bevantolol (DB01295)","0.7599","http://www.drugbank.ca/drugs/DB01295"
"450","{4-[3-(4-acetyl-3-hydroxy-2-propylphenoxy)propoxy]phenoxy}acetic acid (DB08078)","0.7597","http://www.drugbank.ca/drugs/DB08078"
"451","5-bromo-N-(3-chloro-2-(4-(prop-2-ynyl)piperazin-1-yl)phenyl)furan-2-carboxamide (DB08021)","0.7589","http://www.drugbank.ca/drugs/DB08021"
"452","Bicalutamide (DB01128)","0.7588","http://www.drugbank.ca/drugs/DB01128"
"453","(2r)-N-[4-Cyano-3-(Trifluoromethyl)Phenyl]-3-[(4-Fluorophenyl)Sulfonyl]-2-Hydroxy-2-Methylpropanamide (DB02932)","0.7588","http://www.drugbank.ca/drugs/DB02932"
"454","4-[(3-CHLORO-4-{[(2R)-3,3,3-TRIFLUORO-2-HYDROXY-2-METHYLPROPANOYL]AMINO}PHENYL)SULFONYL]-N,N-DIMETHYLBENZAMIDE (DB07403)","0.7570","http://www.drugbank.ca/drugs/DB07403"
"455","Reboxetine (DB00234)","0.7569","http://www.drugbank.ca/drugs/DB00234"
"456","Bumetanide (DB00887)","0.7563","http://www.drugbank.ca/drugs/DB00887"
"457","3-Benzylaminocarbonylphenyl-Alpha-D-Galactoside (DB03446)","0.7543","http://www.drugbank.ca/drugs/DB03446"
"458","[2'-CARBOXYLETHYL]-10-METHYL-ANTHRACENE ENDOPEROXIDE (DB08332)","0.7526","http://www.drugbank.ca/drugs/DB08332"
"459","4-{[(1R,2S)-1,2-dihydroxy-2-methyl-3-(4-nitrophenoxy)propyl]amino}-2-(trifluoromethyl)benzonitrile (DB07421)","0.7498","http://www.drugbank.ca/drugs/DB07421"
"460","4-(2-aminoethoxy)-N-(2,5-diethoxyphenyl)-3,5-dimethylbenzamide (DB07625)","0.7491","http://www.drugbank.ca/drugs/DB07625"
"461","Methotrimeprazine (DB01403)","0.7485","http://www.drugbank.ca/drugs/DB01403"
"462","Dofetilide (DB00204)","0.7476","http://www.drugbank.ca/drugs/DB00204"
"463","17-METHYL-17-ALPHA-DIHYDROEQUILENIN (DB06871)","0.7475","http://www.drugbank.ca/drugs/DB06871"
"464","4-CHLORO-6-(4-{4-[4-(METHYLSULFONYL)BENZYL]PIPERAZIN-1-YL}-1H-PYRAZOL-5-YL)BENZENE-1,3-DIOL (DB06957)","0.7467","http://www.drugbank.ca/drugs/DB06957"
"465","Tofisopam (DB08811)","0.7466","http://www.drugbank.ca/drugs/DB08811"
"466","S-3-(4-FLUOROPHENOXY)-2-HYDROXY-2-METHYL-N-[4-NITRO-3-(TRIFLUOROMETHYL)PHENYL]PROPANAMIDE (DB07769)","0.7464","http://www.drugbank.ca/drugs/DB07769"
"467","4-(2-AMINOETHOXY)-3,5-DICHLORO-N-[3-(1-METHYLETHOXY)PHENYL]BENZAMIDE (DB08072)","0.7452","http://www.drugbank.ca/drugs/DB08072"
"468","Itopride (DB04924)","0.7443","http://www.drugbank.ca/drugs/DB04924"
"469","Phentolamine (DB00692)","0.7424","http://www.drugbank.ca/drugs/DB00692"
"470","Metolazone (DB00524)","0.7422","http://www.drugbank.ca/drugs/DB00524"
"471","Eszopiclone (DB00402)","0.7401","http://www.drugbank.ca/drugs/DB00402"
"472","Zopiclone (DB01198)","0.7401","http://www.drugbank.ca/drugs/DB01198"
"473","[N-(BENZYLOXYCARBONYL)AMINO](4-AMIDINOPHENYL)METHANE-PHOSPHONATE (DB08763)","0.7400","http://www.drugbank.ca/drugs/DB08763"
"474","2-[4-({[(3,5-DICHLOROPHENYL)AMINO]CARBONYL}AMINO)PHENOXY]-2-METHYLPROPANOIC ACID (DB08077)","0.7345","http://www.drugbank.ca/drugs/DB08077"
"475","Colchicine (DB01394)","0.7297","http://www.drugbank.ca/drugs/DB01394"
"476","2-{[(2E)-3-(3,4-dimethoxyphenyl)prop-2-enoyl]amino}benzoic acid (DB07615)","0.7295","http://www.drugbank.ca/drugs/DB07615"
"477","Dpb-T (DB02217)","0.7281","http://www.drugbank.ca/drugs/DB02217"
"478","(3S,5R,7R,8S,9S,10R)-7-(hydroxymethyl)-3-(2-naphthyl)-1,6-dioxa-2-azaspiro[4.5]decane-8,9,10-triol (DB08500)","0.7205","http://www.drugbank.ca/drugs/DB08500"
"479","METHYL 3-CHLORO-2-{3-[(2,5-DIHYDROXY-4-METHOXYPHENYL)AMINO]-3-OXOPROPYL}-4,6-DIHYDROXYBENZOATE (DB08464)","0.7176","http://www.drugbank.ca/drugs/DB08464"
"480","2,5-bis-o-{3-[amino(imino)methyl]phenyl}-1,4:3,6-dianhydro-d-glucitol (DB04790)","0.7174","http://www.drugbank.ca/drugs/DB04790"
"481","2-O-(4'-AMIDINOPHENYL)-5-O-(3''-AMIDINOPHENYL)-1,4:3,6-DIANHYDRO-D-SORBITOL (DB04791)","0.7174","http://www.drugbank.ca/drugs/DB04791"
"482","2,5-O,O-BIS-{4',4''-AMIDINOPHENYL}-1,4:3,6-DIANHYDRO-D-SORBITOL (DB04792)","0.7174","http://www.drugbank.ca/drugs/DB04792"
"483","2-O-(3'-AMIDINOPHENYL)-5-O-(4''-AMIDINOPHENYL}-1,4:3,6-DIANHYDRO-D-SORBITOL (DB04793)","0.7174","http://www.drugbank.ca/drugs/DB04793"
"484","2-HYDROXY-7-METHOXY-5-METHYL-NAPHTHALENE-1-CARBOXYLIC ACID MESO-2,5-DIHYDROXY-CYCLOPENT-3-ENYL ESTER (DB08261)","0.7169","http://www.drugbank.ca/drugs/DB08261"
"485","Trimethobenzamide (DB00662)","0.7154","http://www.drugbank.ca/drugs/DB00662"
"486","2-[(2-chloro-4-iodophenyl)amino]-N-{[(2R)-2,3-dihydroxypropyl]oxy}-3,4-difluorobenzamide (DB07046)","0.7144","http://www.drugbank.ca/drugs/DB07046"
"487","4-chloro-6-{5-[(2-morpholin-4-ylethyl)amino]-1,2-benzisoxazol-3-yl}benzene-1,3-diol (DB07601)","0.7139","http://www.drugbank.ca/drugs/DB07601"
"488","Trimetrexate (DB01157)","0.7098","http://www.drugbank.ca/drugs/DB01157"
"489","(2Z)-2-cyano-N-(3'-ethoxybiphenyl-4-yl)-3-hydroxybut-2-enamide (DB07561)","0.7086","http://www.drugbank.ca/drugs/DB07561"
"490","N-{[(2R)-2,3-dihydroxypropyl]oxy}-3,4-difluoro-2-[(2-fluoro-4-iodophenyl)amino]benzamide (DB07101)","0.7028","http://www.drugbank.ca/drugs/DB07101"
"491","5-Bromo-N-(2,3-Dihydroxypropoxy)-3,4-Difluoro-2-[(2-Fluoro-4-Iodophenyl)Amino]Benzamide (DB03115)","0.6999","http://www.drugbank.ca/drugs/DB03115"
"492","Pyrithiamine Pyrophosphate (DB04768)","0.6804","http://www.drugbank.ca/drugs/DB04768"
"493","Mitoxantrone (DB01204)","0.6803","http://www.drugbank.ca/drugs/DB01204"
"494","Valganciclovir (DB01610)","0.6616","http://www.drugbank.ca/drugs/DB01610"
"495","MN-305 (DB05339)","0.6611","http://www.drugbank.ca/drugs/DB05339"
"496","Famciclovir (DB00426)","0.6557","http://www.drugbank.ca/drugs/DB00426"
"497","CA4P (DB05284)","0.6522","http://www.drugbank.ca/drugs/DB05284"
"498","2-(3-AMINO-2,5,6-TRIMETHOXYPHENYL)ETHYL 5-CHLORO-2,4-DIHYDROXYBENZOATE (DB08465)","0.6487","http://www.drugbank.ca/drugs/DB08465"
"499","N'-(5-CHLORO-1,3-BENZODIOXOL-4-YL)-N-(3,4,5- TRIMETHOXYPHENYL)PYRIMIDINE-2,4-DIAMINE (DB07250)","0.6097","http://www.drugbank.ca/drugs/DB07250"
"500","KW-3902 (DB05360)","0.5894","http://www.drugbank.ca/drugs/DB05360"
