"","DrugBank Compound (Name, ID)","Similarity to ","Link"
"1","2-{4-[4-({4-[2-methyl-1-(1-methylethyl)-1H-imidazol-5-yl]pyrimidin-2-yl}amino)phenyl]piperazin-1-yl}-2-oxoethanol (DB07982)","0.9152","http://www.drugbank.ca/drugs/DB07982"
"2","N~6~-cyclohexyl-N~2~-(4-morpholin-4-ylphenyl)-9H-purine-2,6-diamine (DB07340)","0.9130","http://www.drugbank.ca/drugs/DB07340"
"3","[4-({4-[(5-cyclopropyl-1H-pyrazol-3-yl)amino]-6-(methylamino)pyrimidin-2-yl}amino)phenyl]acetonitrile (DB07168)","0.9069","http://www.drugbank.ca/drugs/DB07168"
"4","4-(4-METHYLPIPERAZIN-1-YL)-N-[5-(2-THIENYLACETYL)-1,5-DIHYDROPYRROLO[3,4-C]PYRAZOL-3-YL]BENZAMIDE (DB07186)","0.9066","http://www.drugbank.ca/drugs/DB07186"
"5","Dasatinib (DB01254)","0.9024","http://www.drugbank.ca/drugs/DB01254"
"6","METHYL 1-(4-{[(2,4-DIAMINOPTERIDIN-6-YL)METHYL](METHYL)AMINO}BENZOYL)PIPERIDINE-4-CARBOXYLATE (DB07765)","0.8979","http://www.drugbank.ca/drugs/DB07765"
"7","Dapiprazole (DB00298)","0.8956","http://www.drugbank.ca/drugs/DB00298"
"8","Trazodone (DB00656)","0.8922","http://www.drugbank.ca/drugs/DB00656"
"9","2-({5-CHLORO-2-[(2-METHOXY-4-MORPHOLIN-4-YLPHENYL)AMINO]PYRIMIDIN-4-YL}AMINO)-N-METHYLBENZAMIDE (DB07460)","0.8921","http://www.drugbank.ca/drugs/DB07460"
"10","Delavirdine (DB00705)","0.8920","http://www.drugbank.ca/drugs/DB00705"
"11","N-[5-(1,1-DIOXIDOISOTHIAZOLIDIN-2-YL)-1H-INDAZOL-3-YL]-2-(4-PIPERIDIN-1-YLPHENYL)ACETAMIDE (DB07220)","0.8897","http://www.drugbank.ca/drugs/DB07220"
"12","Methotrexate (DB00563)","0.8891","http://www.drugbank.ca/drugs/DB00563"
"13","4-[5-(Trans-4-Aminocyclohexylamino)-3-Isopropylpyrazolo[1,5-a]Pyrimidin-7-Ylamino]-N,N-Dimethylbenzenesulfonamide (DB01888)","0.8890","http://www.drugbank.ca/drugs/DB01888"
"14","N-(4-{[(3S)-3-(dimethylamino)pyrrolidin-1-yl]carbonyl}phenyl)-5-fluoro-4-[2-methyl-1-(1-methylethyl)-1H-imidazol-5-yl]pyrimidin-2-amine (DB07936)","0.8886","http://www.drugbank.ca/drugs/DB07936"
"15","N-(2-chloro-6-methylphenyl)-8-[(3S)-3-methylpiperazin-1-yl]imidazo[1,5-a]quinoxalin-4-amine (DB08057)","0.8884","http://www.drugbank.ca/drugs/DB08057"
"16","Furo[2,3d]Pyrimidine Antifolate (DB02026)","0.8880","http://www.drugbank.ca/drugs/DB02026"
"17","4-[(2-{4-[(CYCLOPROPYLCARBAMOYL)AMINO]-1H-PYRAZOL-3-YL}-1H-BENZIMIDAZOL-6-YL)METHYL]MORPHOLIN-4-IUM (DB08067)","0.8872","http://www.drugbank.ca/drugs/DB08067"
"18","3-(2-CHLOROPHENYL)-1-(2-{[(1S)-2-HYDROXY-1,2-DIMETHYLPROPYL]AMINO}PYRIMIDIN-4-YL)-1-(4-METHOXYPHENYL)UREA (DB08095)","0.8867","http://www.drugbank.ca/drugs/DB08095"
"19","2-{[(1R,2S)-2-aminocyclohexyl]amino}-4-[(3-methylphenyl)amino]pyrimidine-5-carboxamide (DB08361)","0.8852","http://www.drugbank.ca/drugs/DB08361"
"20","2-(4-ETHYLPIPERAZIN-1-YL)-4-(PHENYLAMINO)PYRAZOLO[1,5-A][1,3,5]TRIAZINE-8-CARBONITRILE (DB08360)","0.8836","http://www.drugbank.ca/drugs/DB08360"
"21","4-{2-[4-(2-Aminoethyl)Piperazin-1-Yl]Pyridin-4-Yl}-N-(3-Chloro-4-Methylphenyl)Pyrimidin-2-Amine (DB03916)","0.8824","http://www.drugbank.ca/drugs/DB03916"
"22","METHYL 1-(4-{[(2,4-DIAMINOPTERIDIN-6-YL)METHYL]AMINO}BENZOYL)PIPERIDINE-4-CARBOXYLATE (DB07689)","0.8815","http://www.drugbank.ca/drugs/DB07689"
"23","(2S)-2-({6-[(3-AMINO-5-CHLOROPHENYL)AMINO]-9-ISOPROPYL-9H-PURIN-2-YL}AMINO)-3-METHYLBUTAN-1-OL (DB07379)","0.8812","http://www.drugbank.ca/drugs/DB07379"
"24","1-{7-cyclohexyl-6-[4-(4-methylpiperazin-1-yl)benzyl]-7H-pyrrolo[2,3-d]pyrimidin-2-yl}methanamine (DB07563)","0.8809","http://www.drugbank.ca/drugs/DB07563"
"25","N-(3-(8-CYANO-4-(PHENYLAMINO)PYRAZOLO[1,5-A][1,3,5]TRIAZIN-2-YLAMINO)PHENYL)ACETAMIDE (DB08362)","0.8802","http://www.drugbank.ca/drugs/DB08362"
"26","N-butyl-3-{[6-(9H-purin-6-ylamino)hexanoyl]amino}benzamide (DB07801)","0.8794","http://www.drugbank.ca/drugs/DB07801"
"27","N-{2-[6-(2,4-DIAMINO-6-ETHYLPYRIMIDIN-5-YL)-2,2-DIMETHYL-3-OXO-2,3-DIHYDRO-4H-1,4-BENZOTHIAZIN-4-YL]ETHYL}ACETAMIDE (DB06899)","0.8760","http://www.drugbank.ca/drugs/DB06899"
"28","4-METHYL-5-{(2E)-2-[(4-MORPHOLIN-4-YLPHENYL)IMINO]-2,5-DIHYDROPYRIMIDIN-4-YL}-1,3-THIAZOL-2-AMINE (DB08219)","0.8760","http://www.drugbank.ca/drugs/DB08219"
"29","N-{2-[6-(2,4-DIAMINO-6-ETHYLPYRIMIDIN-5-YL)-2,2-DIMETHYL-3-OXO-2,3-DIHYDRO-4H-1,4-BENZOXAZIN-4-YL]ETHYL}ACETAMIDE (DB07059)","0.8757","http://www.drugbank.ca/drugs/DB07059"
"30","5-[4-(DIMETHYLAMINO)PHENYL]-6-[(6-MORPHOLIN-4-YLPYRIDIN-3-YL)ETHYNYL]PYRIMIDIN-4-AMINE (DB07280)","0.8752","http://www.drugbank.ca/drugs/DB07280"
"31","1-ethyl-N-(phenylmethyl)-4-(tetrahydro-2H-pyran-4-ylamino)-1H-pyrazolo[3,4-b]pyridine-5-carboxamide (DB06909)","0.8751","http://www.drugbank.ca/drugs/DB06909"
"32","N-{3-[(4-{[3-(TRIFLUOROMETHYL)PHENYL]AMINO}PYRIMIDIN-2-YL)AMINO]PHENYL}CYCLOPROPANECARBOXAMIDE (DB07545)","0.8746","http://www.drugbank.ca/drugs/DB07545"
"33","CI-1033 (DB05424)","0.8695","http://www.drugbank.ca/drugs/DB05424"
"34","5-CYANO-FURAN-2-CARBOXYLIC ACID [5-HYDROXYMETHYL-2-(4-METHYL-PIPERIDIN-1-YL)-PHENYL]-AMIDE (DB07167)","0.8679","http://www.drugbank.ca/drugs/DB07167"
"35","4-({5-[(4-AMINOCYCLOHEXYL)AMINO][1,2,4]TRIAZOLO[1,5-A]PYRIMIDIN-7-YL}AMINO)BENZENESULFONAMIDE (DB07687)","0.8676","http://www.drugbank.ca/drugs/DB07687"
"36","[PHENYLALANINYL-PROLINYL]-[2-(PYRIDIN-4-YLAMINO)-ETHYL]-AMINE (DB08422)","0.8668","http://www.drugbank.ca/drugs/DB08422"
"37","N7-BUTYL-N2-(5-CHLORO-2-METHYLPHENYL)-5-METHYL[1,2,4]TRIAZOLO[1,5-A]PYRIMIDINE-2,7-DIAMINE (DB07128)","0.8664","http://www.drugbank.ca/drugs/DB07128"
"38","Avanafil (DB06237)","0.8649","http://www.drugbank.ca/drugs/DB06237"
"39","1-{3-[(4-pyridin-2-ylpiperazin-1-yl)sulfonyl]phenyl}-3-(1,3-thiazol-2-yl)urea (DB07817)","0.8647","http://www.drugbank.ca/drugs/DB07817"
"40","Aminopterin (DB08878)","0.8639","http://www.drugbank.ca/drugs/DB08878"
"41","Purvalanol A (DB04751)","0.8634","http://www.drugbank.ca/drugs/DB04751"
"42","4-(4-chlorobenzyl)-1-(7H-pyrrolo[2,3-d]pyrimidin-4-yl)piperidin-4-aminium (DB08150)","0.8626","http://www.drugbank.ca/drugs/DB08150"
"43","5-chloro-N-[(3R)-1-(2-{[2-fluoro-4-(2-oxopyridin-1(2H)-yl)phenyl]amino}-2-oxoethyl)pyrrolidin-3-yl]thiophene-2-carboxamide (DB07872)","0.8619","http://www.drugbank.ca/drugs/DB07872"
"44","Afatinib (DB08916)","0.8611","http://www.drugbank.ca/drugs/DB08916"
"45","4-{[5-(CYCLOHEXYLAMINO)[1,2,4]TRIAZOLO[1,5-A]PYRIMIDIN-7-YL]AMINO}BENZENESULFONAMIDE (DB07686)","0.8608","http://www.drugbank.ca/drugs/DB07686"
"46","Alogliptin  (DB06203)","0.8587","http://www.drugbank.ca/drugs/DB06203"
"47","5-Chloro-thiophene-2-carboxylic acid ((3S,4S)-1-{[2-fluoro-4-(2-oxo-2H-pyridin-1-yl)-phenylcarbamoyl]-methyl}-4-hydroxy-pyrrolidin-3-yl)-amide (DB07875)","0.8585","http://www.drugbank.ca/drugs/DB07875"
"48","(S)-2-CHLORO-N-(1-(2-(2-HYDROXYETHYLAMINO)-2-OXOETHYL)-2-OXO-1,2,3,4-TETRAHYDROQUINOLIN-3-YL)-6H-THIENO[2,3-B]PYRROLE-5-CARBOXAMIDE (DB07792)","0.8577","http://www.drugbank.ca/drugs/DB07792"
"49","Sitamaquine (DB04909)","0.8575","http://www.drugbank.ca/drugs/DB04909"
"50","1-(5-OXO-2,3,5,9B-TETRAHYDRO-1H-PYRROLO[2,1-A]ISOINDOL-9-YL)-3-(5-PYRROLIDIN-2-YL-1H-PYRAZOL-3-YL)-UREA (DB06976)","0.8574","http://www.drugbank.ca/drugs/DB06976"
"51","SU4984 (DB02058)","0.8573","http://www.drugbank.ca/drugs/DB02058"
"52","Purvalanol (DB02733)","0.8567","http://www.drugbank.ca/drugs/DB02733"
"53","N6-METHYL-(R)-ROSCOVITINE, R-2-[6-(BENZYL-METHYL-AMINO)-9-ISOPROPYL-9H-PURIN-2-YLAMINO]-BUTAN-1-OL (DB04776)","0.8566","http://www.drugbank.ca/drugs/DB04776"
"54","(2E)-N-{4-[(3-bromophenyl)amino]quinazolin-6-yl}-4-(dimethylamino)but-2-enamide (DB08564)","0.8565","http://www.drugbank.ca/drugs/DB08564"
"55","(2S)-1-[4-({6-[(2,6-DIFLUOROPHENYL)AMINO]PYRIMIDIN-4-YL}AMINO)PHENOXY]-3-(DIMETHYLAMINO)PROPAN-2-OL (DB07751)","0.8556","http://www.drugbank.ca/drugs/DB07751"
"56","(2R)-1-[4-({6-[(2,6-DIFLUOROPHENYL)AMINO]PYRIMIDIN-4-YL}AMINO)PHENOXY]-3-(DIMETHYLAMINO)PROPAN-2-OL (DB07761)","0.8556","http://www.drugbank.ca/drugs/DB07761"
"57","(2S)-1-{4-[(4-ANILINO-5-BROMOPYRIMIDIN-2-YL)AMINO]PHENOXY}-3-(DIMETHYLAMINO)PROPAN-2-OL (DB07501)","0.8555","http://www.drugbank.ca/drugs/DB07501"
"58","(2R)-1-{4-[(4-ANILINO-5-BROMOPYRIMIDIN-2-YL)AMINO]PHENOXY}-3-(DIMETHYLAMINO)PROPAN-2-OL (DB07504)","0.8555","http://www.drugbank.ca/drugs/DB07504"
"59","N'-(5-CHLORO-1,3-BENZODIOXOL-4-YL)-N-(3-MORPHOLIN-4-YLPHENYL)PYRIMIDINE-2,4-DIAMINE (DB07255)","0.8550","http://www.drugbank.ca/drugs/DB07255"
"60","2-{2-[(3,5-dimethylphenyl)amino]pyrimidin-4-yl}-N-[(1S)-2-hydroxy-1-methylethyl]-4-methyl-1,3-thiazole-5-carboxamide (DB07194)","0.8548","http://www.drugbank.ca/drugs/DB07194"
"61","1-(5-{2-[(1-methyl-1H-pyrazolo[4,3-d]pyrimidin-7-yl)amino]ethyl}-1,3-thiazol-2-yl)-3-[3-(trifluoromethyl)phenyl]urea (DB07362)","0.8546","http://www.drugbank.ca/drugs/DB07362"
"62","[4-({4-[(5-cyclopropyl-1H-pyrazol-3-yl)amino]quinazolin-2-yl}amino)phenyl]acetonitrile (DB07966)","0.8536","http://www.drugbank.ca/drugs/DB07966"
"63","Grepafloxacin (DB00365)","0.8531","http://www.drugbank.ca/drugs/DB00365"
"64","OPC-51803 (DB05838)","0.8529","http://www.drugbank.ca/drugs/DB05838"
"65","N-ethyl-4-{[5-(methoxycarbamoyl)-2-methylphenyl]amino}-5-methylpyrrolo[2,1-f][1,2,4]triazine-6-carboxamide (DB06940)","0.8525","http://www.drugbank.ca/drugs/DB06940"
"66","4-({4-[(4-methoxypyridin-2-yl)amino]piperidin-1-yl}carbonyl)benzonitrile (DB07002)","0.8516","http://www.drugbank.ca/drugs/DB07002"
"67","10-Propargyl-5,8-Dideazafolic Acid (DB03541)","0.8515","http://www.drugbank.ca/drugs/DB03541"
"68","Carphenazine (DB01038)","0.8491","http://www.drugbank.ca/drugs/DB01038"
"69","(2R)-1-(DIMETHYLAMINO)-3-{4-[(6-{[2-FLUORO-5-(TRIFLUOROMETHYL)PHENYL]AMINO}PYRIMIDIN-4-YL)AMINO]PHENOXY}PROPAN-2-OL (DB07054)","0.8490","http://www.drugbank.ca/drugs/DB07054"
"70","S-{3-[(4-ANILINOQUINAZOLIN-6-YL)AMINO]-3-OXOPROPYL}-L-CYSTEINE (DB07602)","0.8482","http://www.drugbank.ca/drugs/DB07602"
"71","1-(5-CHLORO-2-METHOXYPHENYL)-3-{6-[2-(DIMETHYLAMINO)-1-METHYLETHOXY]PYRAZIN-2-YL}UREA (DB07228)","0.8481","http://www.drugbank.ca/drugs/DB07228"
"72","(2R)-1-[4-({4-[(2,5-DICHLOROPHENYL)AMINO]PYRIMIDIN-2-YL}AMINO)PHENOXY]-3-(DIMETHYLAMINO)PROPAN-2-OL (DB07750)","0.8478","http://www.drugbank.ca/drugs/DB07750"
"73","(2S)-1-[4-({4-[(2,5-DICHLOROPHENYL)AMINO]PYRIMIDIN-2-YL}AMINO)PHENOXY]-3-(DIMETHYLAMINO)PROPAN-2-OL (DB07755)","0.8478","http://www.drugbank.ca/drugs/DB07755"
"74","Pazopanib (DB06589)","0.8475","http://www.drugbank.ca/drugs/DB06589"
"75","6-(2,4-DIAMINO-6-ETHYLPYRIMIDIN-5-YL)-4-(3-METHOXYPROPYL)-2,2-DIMETHYL-2H-1,4-BENZOXAZIN-3(4H)-ONE (DB07174)","0.8474","http://www.drugbank.ca/drugs/DB07174"
"76","1-[1-(3-aminophenyl)-3-tert-butyl-1H-pyrazol-5-yl]-3-phenylurea (DB06883)","0.8473","http://www.drugbank.ca/drugs/DB06883"
"77","Nefazodone (DB01149)","0.8472","http://www.drugbank.ca/drugs/DB01149"
"78","1-(6-CYANO-3-PYRIDYLCARBONYL)-5',8'-DIFLUOROSPIRO[PIPERIDINE-4,2'(1'H)-QUINAZOLINE]-4'-AMINE (DB07405)","0.8471","http://www.drugbank.ca/drugs/DB07405"
"79","(3R,4S)-1-[(4-amino-5H-pyrrolo[3,2-d]pyrimidin-7-yl)methyl]-4-[(benzylsulfanyl)methyl]pyrrolidin-3-ol (DB07649)","0.8464","http://www.drugbank.ca/drugs/DB07649"
"80","N-ETHYL-N-ISOPROPYL-3-METHYL-5-{[(2S)-2-(PYRIDIN-4-YLAMINO)PROPYL]OXY}BENZAMIDE (DB07279)","0.8460","http://www.drugbank.ca/drugs/DB07279"
"81","N-{2,2-DIFLUORO-2-[(2R)-PIPERIDIN-2-YL]ETHYL}-2-[2-(1H-1,2,4-TRIAZOL-1-YL)BENZYL][1,3]OXAZOLO[4,5-C]PYRIDIN-4-AMINE (DB04591)","0.8459","http://www.drugbank.ca/drugs/DB04591"
"82","Folic Acid (DB00158)","0.8458","http://www.drugbank.ca/drugs/DB00158"
"83","N-(3-TERT-BUTYL-1H-PYRAZOL-5-YL)-N'-{4-CHLORO-3-[(PYRIDIN-3-YLOXY)METHYL]PHENYL}UREA (DB08064)","0.8439","http://www.drugbank.ca/drugs/DB08064"
"84","Raltitrexed (DB00293)","0.8429","http://www.drugbank.ca/drugs/DB00293"
"85","[4-({5-(AMINOCARBONYL)-4-[(3-METHYLPHENYL)AMINO]PYRIMIDIN-2-YL}AMINO)PHENYL]ACETIC ACID (DB08513)","0.8425","http://www.drugbank.ca/drugs/DB08513"
"86","4-(2-aminoethoxy)-N-(3-chloro-5-piperidin-1-ylphenyl)-3,5-dimethylbenzamide (DB08697)","0.8412","http://www.drugbank.ca/drugs/DB08697"
"87","7-amino-2-tert-butyl-4-(4-pyrimidin-2-ylpiperazin-1-yl)pyrido[2,3-d]pyrimidine-6-carboxamide (DB07043)","0.8409","http://www.drugbank.ca/drugs/DB07043"
"88","1-[4-(4-chlorophenyl)-1-(7H-pyrrolo[2,3-d]pyrimidin-4-yl)piperidin-4-yl]methanamine (DB08148)","0.8396","http://www.drugbank.ca/drugs/DB08148"
"89","Phenserine (DB04892)","0.8394","http://www.drugbank.ca/drugs/DB04892"
"90","(4aS)-5-[(2,4-diaminopteridin-6-yl)methyl]-4a,5-dihydro-2H-dibenzo[b,f]azepin-8-ol (DB08448)","0.8389","http://www.drugbank.ca/drugs/DB08448"
"91","2-(CYCLOHEXYLMETHYLAMINO)-4-(PHENYLAMINO)PYRAZOLO[1,5-A][1,3,5]TRIAZINE-8-CARBONITRILE (DB08353)","0.8386","http://www.drugbank.ca/drugs/DB08353"
"92","1-{2-[(4-CHLOROPHENYL)AMINO]-2-OXOETHYL}-N-(1-ISOPROPYLPIPERIDIN-4-YL)-1H-INDOLE-2-CARBOXAMIDE (DB07974)","0.8375","http://www.drugbank.ca/drugs/DB07974"
"93","N-{(3S,4S)-4-[(6-AMINO-4-METHYLPYRIDIN-2-YL)METHYL]PYRROLIDIN-3-YL}-N'-(4-CHLOROBENZYL)ETHANE-1,2-DIAMINE (DB08018)","0.8375","http://www.drugbank.ca/drugs/DB08018"
"94","N-{(3R,4S)-4-[(6-amino-4-methylpyridin-2-yl)methyl]pyrrolidin-3-yl}-N'-(3-chlorobenzyl)ethane-1,2-diamine (DB08019)","0.8375","http://www.drugbank.ca/drugs/DB08019"
"95","Vandetanib (DB05294)","0.8367","http://www.drugbank.ca/drugs/DB05294"
"96","Flibanserin (DB04908)","0.8366","http://www.drugbank.ca/drugs/DB04908"
"97","Diampromide (DB01502)","0.8331","http://www.drugbank.ca/drugs/DB01502"
"98","Fentanyl (DB00813)","0.8329","http://www.drugbank.ca/drugs/DB00813"
"99","1-[4-(4-chlorobenzyl)-1-(7H-pyrrolo[2,3-d]pyrimidin-4-yl)piperidin-4-yl]methanamine (DB08149)","0.8312","http://www.drugbank.ca/drugs/DB08149"
"100","Beta-hydroxyfentanyl (DB01453)","0.8303","http://www.drugbank.ca/drugs/DB01453"
"101","6-(4-{(1S,2S)-2-AMINO-1-[(DIMETHYLAMINO)CARBONYL]-3-[(3S)-3-FLUOROPYRROLIDIN-1-YL]-3-OXOPROPYL}PHENYL)-1H-[1,2,4]TRIAZOLO[1,5-A]PYRIDIN-4-IUM (DB08504)","0.8300","http://www.drugbank.ca/drugs/DB08504"
"102","Acetyl-alpha-methylfentanyl (DB01532)","0.8298","http://www.drugbank.ca/drugs/DB01532"
"103","OLOMOUCINE II (DB04662)","0.8295","http://www.drugbank.ca/drugs/DB04662"
"104","1S,3AS,8AS-TRIMETHYL-1-OXIDO-1,2,3,3A,8,8A-HEXAHYDROPYRROLO[2,3-B]INDOL-5-YL 2-ETHYLPHENYLCARBAMATE (DB07846)","0.8290","http://www.drugbank.ca/drugs/DB07846"
"105","4-[(3S)-1-AZABICYCLO[2.2.2]OCT-3-YLAMINO]-3-(1H-BENZIMIDAZOL-2-YL)-6-CHLOROQUINOLIN-2(1H)-ONE (DB06852)","0.8285","http://www.drugbank.ca/drugs/DB06852"
"106","N-[2-(carbamimidamidooxy)ethyl]-2-{6-cyano-3-[(2,2-difluoro-2-pyridin-2-ylethyl)amino]-2-fluorophenyl}acetamide (DB07665)","0.8281","http://www.drugbank.ca/drugs/DB07665"
"107","Alpha-methylfentanyl (DB01557)","0.8280","http://www.drugbank.ca/drugs/DB01557"
"108","2,4-Diamino-6-[N-(3',5'-Dimethoxybenzyl)-N-Methylamino]Pyrido[2,3-D]Pyrimidine (DB03987)","0.8279","http://www.drugbank.ca/drugs/DB03987"
"109","3-{(3R,4R)-4-methyl-3-[methyl(7H-pyrrolo[2,3-d]pyrimidin-4-yl)amino]piperidin-1-yl}-3-oxopropanenitrile (DB08183)","0.8279","http://www.drugbank.ca/drugs/DB08183"
"110","(3R,4R)-4-(pyrrolidin-1-ylcarbonyl)-1-(quinoxalin-2-ylcarbonyl)pyrrolidin-3-amine (DB07015)","0.8277","http://www.drugbank.ca/drugs/DB07015"
"111","N6-(2,5-Dimethoxy-Benzyl)-N6-Methyl-Pyrido[2,3-D]Pyrimidine-2,4,6-Triamine (DB02583)","0.8275","http://www.drugbank.ca/drugs/DB02583"
"112","Aprindine (DB01429)","0.8274","http://www.drugbank.ca/drugs/DB01429"
"113","3-Methylfentanyl (DB01571)","0.8273","http://www.drugbank.ca/drugs/DB01571"
"114","(2R)-2-{[4-(benzylamino)-8-(1-methylethyl)pyrazolo[1,5-a][1,3,5]triazin-2-yl]amino}butan-1-ol (DB08285)","0.8271","http://www.drugbank.ca/drugs/DB08285"
"115","Pagoclone (DB04903)","0.8256","http://www.drugbank.ca/drugs/DB04903"
"116","Beta-hydroxy-3-methylfentanyl (DB01570)","0.8250","http://www.drugbank.ca/drugs/DB01570"
"117","4-{[5-chloro-4-(1H-indol-3-yl)pyrimidin-2-yl]amino}-N-ethylpiperidine-1-carboxamide (DB08005)","0.8247","http://www.drugbank.ca/drugs/DB08005"
"118","Terazosin (DB01162)","0.8245","http://www.drugbank.ca/drugs/DB01162"
"119","Sildenafil (DB00203)","0.8239","http://www.drugbank.ca/drugs/DB00203"
"120","(4R)-N-[4-({[2-(DIMETHYLAMINO)ETHYL]AMINO}CARBONYL)-1,3-THIAZOL-2-YL]-4-METHYL-1-OXO-2,3,4,9-TETRAHYDRO-1H-BETA-CARBOLINE-6-CARBOXAMIDE (DB07406)","0.8238","http://www.drugbank.ca/drugs/DB07406"
"121","Udenafil (DB06267)","0.8231","http://www.drugbank.ca/drugs/DB06267"
"122","Sunitinib (DB01268)","0.8228","http://www.drugbank.ca/drugs/DB01268"
"123","5-[(E)-(5-CHLORO-2-OXO-1,2-DIHYDRO-3H-INDOL-3-YLIDENE)METHYL]-N-[2-(DIETHYLAMINO)ETHYL]-2,4-DIMETHYL-1H-PYRROLE-3-CARBOXAMIDE (DB08009)","0.8228","http://www.drugbank.ca/drugs/DB08009"
"124","6-ETHYL-5-[(2S)-1-(3-METHOXYPROPYL)-2-PHENYL-1,2,3,4-TETRAHYDROQUINOLIN-7-YL]PYRIMIDINE-2,4-DIAMINE (DB08099)","0.8228","http://www.drugbank.ca/drugs/DB08099"
"125","Sertindole (DB06144)","0.8227","http://www.drugbank.ca/drugs/DB06144"
"126","Alfuzosin (DB00346)","0.8224","http://www.drugbank.ca/drugs/DB00346"
"127","Vardenafil (DB00862)","0.8224","http://www.drugbank.ca/drugs/DB00862"
"128","Alpha-methylthiofentanyl (DB01470)","0.8223","http://www.drugbank.ca/drugs/DB01470"
"129","Piboserod (DB04873)","0.8223","http://www.drugbank.ca/drugs/DB04873"
"130","N1-(1-Dimethylcarbamoyl-2-Phenyl-Ethyl)-2-Oxo-N4-(2-Pyridin-2-Yl-Ethyl)-Succinamide (DB02140)","0.8221","http://www.drugbank.ca/drugs/DB02140"
"131","3-Methylthiofentanyl (DB01439)","0.8221","http://www.drugbank.ca/drugs/DB01439"
"132","IMIDAZOPYRIDAZIN 1 (DB04715)","0.8213","http://www.drugbank.ca/drugs/DB04715"
"133","Etonitazene (DB01462)","0.8213","http://www.drugbank.ca/drugs/DB01462"
"134","Rilpivirine (DB08864)","0.8211","http://www.drugbank.ca/drugs/DB08864"
"135","TMC278 (DB05083)","0.8211","http://www.drugbank.ca/drugs/DB05083"
"136","4-{[4-({4-[(E)-2-cyanoethenyl]-2,6-dimethylphenyl}amino)pyrimidin-2-yl]amino}benzonitrile (DB08592)","0.8211","http://www.drugbank.ca/drugs/DB08592"
"137","4-{[4-(1-CYCLOPROPYL-2-METHYL-1H-IMIDAZOL-5-YL)PYRIMIDIN-2-YL]AMINO}-N-METHYLBENZENESULFONAMIDE (DB07791)","0.8209","http://www.drugbank.ca/drugs/DB07791"
"138","Vilazodone (DB06684)","0.8204","http://www.drugbank.ca/drugs/DB06684"
"139","Prazosin (DB00457)","0.8204","http://www.drugbank.ca/drugs/DB00457"
"140","5-{[1-(2-fluorobenzyl)piperidin-4-yl]methoxy}quinazoline-2,4-diamine (DB07642)","0.8203","http://www.drugbank.ca/drugs/DB07642"
"141","4-{[4-AMINO-6-(CYCLOHEXYLMETHOXY)-5-NITROSOPYRIMIDIN-2-YL]AMINO}BENZAMIDE (DB08572)","0.8199","http://www.drugbank.ca/drugs/DB08572"
"142","Clonitazene (DB01523)","0.8198","http://www.drugbank.ca/drugs/DB01523"
"143","4-[4-(1-Amino-1-Methylethyl)Phenyl]-5-Chloro-N-[4-(2-Morpholin-4-Ylethyl)Phenyl]Pyrimidin-2-Amine (DB02491)","0.8191","http://www.drugbank.ca/drugs/DB02491"
"144","2-[4-(2H-1,4-BENZOTHIAZINE-3-YL)-PIPERAZINE-1-LY]-1,3-THIAZOLE-4-CARBOXYLIC ACID ETHYLESTER (DB08540)","0.8190","http://www.drugbank.ca/drugs/DB08540"
"145","N-((1R,2S)-2-(5-CHLORO-1H-INDOLE-2-CARBOXAMIDO)CYCLOHEXYL)-5-METHYL-4,5,6,7-TETRAHYDROTHIAZOLO[5,4-C]PYRIDINE-2-CARBOXAMIDE (DB07629)","0.8170","http://www.drugbank.ca/drugs/DB07629"
"146","N-((1R,2R)-2-(5-CHLORO-1H-INDOLE-2-CARBOXAMIDO)CYCLOHEXYL)-5-METHYL-4,5,6,7-TETRAHYDROTHIAZOLO[5,4-C]PYRIDINE-2-CARBOXAMIDE (DB07630)","0.8170","http://www.drugbank.ca/drugs/DB07630"
"147","Bepridil (DB01244)","0.8167","http://www.drugbank.ca/drugs/DB01244"
"148","Cyclopropyl-{4-[5-(3,4-Dichlorophenyl)-2-[(1-Methyl)-Piperidin]-4-Yl-3-Propyl-3h-Imidazol-4-Yl]-Pyrimidin-2-Yl}Amine (DB03084)","0.8167","http://www.drugbank.ca/drugs/DB03084"
"149","2-butoxy-9-(2,6-difluorobenzyl)-N-(2-morpholin-4-ylethyl)-9H-purin-6-amine (DB07937)","0.8165","http://www.drugbank.ca/drugs/DB07937"
"150","4-[4-(2,4,6-TRIMETHYL-PHENYLAMINO)-PYRIMIDIN-2-YLAMINO]-BENZONITRILE (DB08639)","0.8163","http://www.drugbank.ca/drugs/DB08639"
"151","Sufentanil (DB00708)","0.8160","http://www.drugbank.ca/drugs/DB00708"
"152","Cinchocaine (DB00527)","0.8157","http://www.drugbank.ca/drugs/DB00527"
"153","PUROMYCIN (DB08437)","0.8154","http://www.drugbank.ca/drugs/DB08437"
"154","(3R,4S)-1-[6-(6-METHOXYPYRIDIN-3-YL)PYRIMIDIN-4-YL]-4-(2,4,5-TRIFLUOROPHENYL)PYRROLIDIN-3-AMINE (DB08445)","0.8151","http://www.drugbank.ca/drugs/DB08445"
"155","(20S)-19,20,22,23-TETRAHYDRO-19-OXO-5H,21H-18,20-ETHANO-12,14-ETHENO-6,10-METHENOBENZ[D]IMIDAZO[4,3-L][1,6,9,13]OXATRIAZACYCLONOADECOSINE-9-CARBONITRILE (DB08676)","0.8143","http://www.drugbank.ca/drugs/DB08676"
"156","3-FLUORO-N-1H-INDOL-5-YL-5-MORPHOLIN-4-YLBENZAMIDE (DB08092)","0.8140","http://www.drugbank.ca/drugs/DB08092"
"157","Pirenzepine (DB00670)","0.8136","http://www.drugbank.ca/drugs/DB00670"
"158","Gefitinib (DB00317)","0.8134","http://www.drugbank.ca/drugs/DB00317"
"159","Flurazepam (DB00690)","0.8133","http://www.drugbank.ca/drugs/DB00690"
"160","5-{[1-(2,3-dichlorobenzyl)piperidin-4-yl]methoxy}quinazoline-2,4-diamine (DB07643)","0.8133","http://www.drugbank.ca/drugs/DB07643"
"161","(METHYLPYRIDAZINE PIPERIDINE ETHYLOXYPHENYL)ETHYLACETATE (DB08012)","0.8127","http://www.drugbank.ca/drugs/DB08012"
"162","N-{2'-[(4-FLUOROPHENYL)AMINO]-4,4'-BIPYRIDIN-2-YL}-4-METHOXYCYCLOHEXANECARBOXAMIDE (DB08025)","0.8118","http://www.drugbank.ca/drugs/DB08025"
"163","Moricizine (DB00680)","0.8115","http://www.drugbank.ca/drugs/DB00680"
"164","Encainide (DB01228)","0.8115","http://www.drugbank.ca/drugs/DB01228"
"165","Lisuride (DB00589)","0.8114","http://www.drugbank.ca/drugs/DB00589"
"166","2-({2-[(3R)-3-AMINOPIPERIDIN-1-YL]-4-OXOQUINAZOLIN-3(4H)-YL}METHYL)BENZONITRILE (DB08588)","0.8110","http://www.drugbank.ca/drugs/DB08588"
"167","FR236913 (DB02830)","0.8109","http://www.drugbank.ca/drugs/DB02830"
"168","(2R)-1-[(4-tert-butylphenyl)sulfonyl]-2-methyl-4-(4-nitrophenyl)piperazine (DB07049)","0.8090","http://www.drugbank.ca/drugs/DB07049"
"169","N~2~-1,3-BENZOXAZOL-2-YL-3-CYCLOHEXYL-N-{2-[(4-METHOXYPHENYL)AMINO]ETHYL}-L-ALANINAMIDE (DB07839)","0.8088","http://www.drugbank.ca/drugs/DB07839"
"170","Alfentanil (DB00802)","0.8088","http://www.drugbank.ca/drugs/DB00802"
"171","N-(2-METHOXYETHYL)-4-({4-[2-METHYL-1-(1-METHYLETHYL)-1H-IMIDAZOL-5-YL]PYRIMIDIN-2-YL}AMINO)BENZENESULFONAMIDE (DB07790)","0.8084","http://www.drugbank.ca/drugs/DB07790"
"172","N-[2-(1,3-BENZODIOXOL-5-YL)ETHYL]-1-[2-(1H-IMIDAZOL-1-YL)-6-METHYLPYRIMIDIN-4-YL]-D-PROLINAMIDE (DB06916)","0.8080","http://www.drugbank.ca/drugs/DB06916"
"173","2-{4-[(4-imidazo[1,2-a]pyridin-3-ylpyrimidin-2-yl)amino]piperidin-1-yl}-N-methylacetamide (DB08026)","0.8073","http://www.drugbank.ca/drugs/DB08026"
"174","2,4-Diamino-5-Methyl-6-[(3,4,5-Trimethoxy-N-Methylanilino)Methyl]Pyrido[2,3-D]Pyrimidine (DB02104)","0.8070","http://www.drugbank.ca/drugs/DB02104"
"175","Trovafloxacin (DB00685)","0.8066","http://www.drugbank.ca/drugs/DB00685"
"176","3-(2-AMINO-6-BENZOYLQUINAZOLIN-3(4H)-YL)-N-CYCLOHEXYL-N-METHYLPROPANAMIDE (DB08749)","0.8064","http://www.drugbank.ca/drugs/DB08749"
"177","4-(2-{[4-{[3-(4-Chlorophenyl)Propyl]Sulfanyl}-6-(1-Piperazinyl)-1,3,5-Triazin-2-Yl]Amino}Ethyl)Phenol (DB04020)","0.8064","http://www.drugbank.ca/drugs/DB04020"
"178","5-(4-Morpholin-4-Yl-Phenylsulfanyl)-2,4-Quinazolinediamine (DB02001)","0.8058","http://www.drugbank.ca/drugs/DB02001"
"179","5-(4-PHENOXYPHENYL)-5-(4-PYRIMIDIN-2-YLPIPERAZIN-1-YL)PYRIMIDINE-2,4,6(2H,3H)-TRIONE (DB07117)","0.8057","http://www.drugbank.ca/drugs/DB07117"
"180","Acetophenazine (DB01063)","0.8045","http://www.drugbank.ca/drugs/DB01063"
"181","2-(6-CHLORO-3-{[2,2-DIFLUORO-2-(1-OXIDO-2-PYRIDINYL)ETHYL]AMINO}-2-OXO-1(2H)-PYRAZINYL)-N-[(2-FLUOROPHENYL)METHYL]ACETAMIDE (DB07550)","0.8044","http://www.drugbank.ca/drugs/DB07550"
"182","1-[4-(AMINOMETHYL)BENZOYL]-5'-FLUORO-1'H-SPIRO[PIPERIDINE-4,2'-QUINAZOLIN]-4'-AMINE (DB08750)","0.8043","http://www.drugbank.ca/drugs/DB08750"
"183","N'-(6-aminopyridin-3-yl)-N-(2-cyclopentylethyl)-4-methyl-benzene-1,3-dicarboxamide (DB07537)","0.8039","http://www.drugbank.ca/drugs/DB07537"
"184","6-({5-fluoro-2-[(3,4,5-trimethoxyphenyl)amino]pyrimidin-4-yl}amino)-2,2-dimethyl-2H-pyrido[3,2-b][1,4]oxazin-3(4H)-one (DB07159)","0.8039","http://www.drugbank.ca/drugs/DB07159"
"185","2-{4-[5-(4-chlorophenyl)-4-pyrimidin-4-yl-1H-pyrazol-3-yl]piperidin-1-yl}-2-oxoethanol (DB07943)","0.8037","http://www.drugbank.ca/drugs/DB07943"
"186","3-(6-Aminopyridin-3-Yl)-N-Methyl-N-[(1-Methyl-1h-Indol-2-Yl)Methyl]Acrylamide (DB01865)","0.8032","http://www.drugbank.ca/drugs/DB01865"
"187","1-Allyl-3-Butyl-8-(N-Acetyl-4-Aminobenzyl)-Xanthine (DB03267)","0.8030","http://www.drugbank.ca/drugs/DB03267"
"188","Amodiaquine (DB00613)","0.8028","http://www.drugbank.ca/drugs/DB00613"
"189","Bortezomib (DB00188)","0.8025","http://www.drugbank.ca/drugs/DB00188"
"190","N-[(1R)-1-(DIHYDROXYBORYL)-3-METHYLBUTYL]-N-(PYRAZIN-2-YLCARBONYL)-L-PHENYLALANINAMIDE (DB07475)","0.8025","http://www.drugbank.ca/drugs/DB07475"
"191","Mirabegron  (DB08893)","0.8022","http://www.drugbank.ca/drugs/DB08893"
"192","2-({8-[(3R)-3-AMINOPIPERIDIN-1-YL]-1,3-DIMETHYL-2,6-DIOXO-1,2,3,6-TETRAHYDRO-7H-PURIN-7-YL}METHYL)BENZONITRILE (DB08743)","0.8017","http://www.drugbank.ca/drugs/DB08743"
"193","6-amino-2-[(2-morpholin-4-ylethyl)amino]-3,7-dihydro-8H-imidazo[4,5-g]quinazolin-8-one (DB07564)","0.8017","http://www.drugbank.ca/drugs/DB07564"
"194","Azimilide (DB04957)","0.8015","http://www.drugbank.ca/drugs/DB04957"
"195","Chlorhexidine (DB00878)","0.8010","http://www.drugbank.ca/drugs/DB00878"
"196","(METHYLPYRIDAZINE PIPERIDINE PROPYLOXYPHENYL)ETHYLACETATE (DB08013)","0.8009","http://www.drugbank.ca/drugs/DB08013"
"197","Quetiapine (DB01224)","0.8008","http://www.drugbank.ca/drugs/DB01224"
"198","Pipazethate (DB08796)","0.8008","http://www.drugbank.ca/drugs/DB08796"
"199","(2S)-6-(2,4-DIAMINO-6-ETHYLPYRIMIDIN-5-YL)-2-(3,5-DIFLUOROPHENYL)-4-(3-METHOXYPROPYL)-2H-1,4-BENZOXAZIN-3(4H)-ONE (DB07113)","0.8006","http://www.drugbank.ca/drugs/DB07113"
"200","Domperidone (DB01184)","0.8006","http://www.drugbank.ca/drugs/DB01184"
"201","N-[(1S)-2-AMINO-1-(2,4-DICHLOROBENZYL)ETHYL]-5-[2-(METHYLAMINO)PYRIMIDIN-4-YL]THIOPHENE-2-CARBOXAMIDE (DB07235)","0.7998","http://www.drugbank.ca/drugs/DB07235"
"202","5-[(4-AMINOCYCLOHEXYL)AMINO]-7-(PROPAN-2-YLAMINO)PYRAZOLO[1,5-A]PYRIMIDINE-3-CARBONITRILE (DB08140)","0.7998","http://www.drugbank.ca/drugs/DB08140"
"203","3-({4-[(5-CHLORO-1,3-BENZODIOXOL-4-YL)AMINO]PYRIMIDIN-2-YL}AMINO)BENZAMIDE (DB07256)","0.7997","http://www.drugbank.ca/drugs/DB07256"
"204","4-{[5-(CYCLOHEXYLOXY)[1,2,4]TRIAZOLO[1,5-A]PYRIMIDIN-7-YL]AMINO}BENZENESULFONAMIDE (DB07688)","0.7995","http://www.drugbank.ca/drugs/DB07688"
"205","2-(6-CHLORO-3-{[2,2-DIFLUORO-2-(2-PYRIDINYL)ETHYL]AMINO}-2-OXO-1(2H)-PYRAZINYL)-N-[(2-FLUORO-6-PYRIDINYL)METHYL]ACETAMIDE (DB07548)","0.7993","http://www.drugbank.ca/drugs/DB07548"
"206","[5-AMINO-1-(4-FLUOROPHENYL)-1H-PYRAZOL-4-YL][3-(PIPERIDIN-4-YLOXY)PHENYL]METHANONE (DB08423)","0.7986","http://www.drugbank.ca/drugs/DB08423"
"207","[4-({4-[(5-CYCLOPROPYL-1H-PYRAZOL-3-YL)AMINO]QUINAZOLIN-2-YL}IMINO)CYCLOHEXA-2,5-DIEN-1-YL]ACETONITRILE (DB07853)","0.7982","http://www.drugbank.ca/drugs/DB07853"
"208","Quinacrine (DB01103)","0.7975","http://www.drugbank.ca/drugs/DB01103"
"209","2-{4-[2-(2-AMINO-4-OXO-4,7-DIHYDRO-3H-PYRROLO[2,3-D]PYRIMIDIN-5-YL)-ETHYL]-BENZOYLAMINO}-3-METHYL-BUTYRIC ACID (DB08131)","0.7973","http://www.drugbank.ca/drugs/DB08131"
"210","2,4-Diamino-6-[N-(3',4',5'-Trimethoxybenzyl)-N-Methylamino]Pyrido[2,3-D]Pyrimidine (DB02919)","0.7969","http://www.drugbank.ca/drugs/DB02919"
"211","N-(5-CHLORO-BENZO[B]THIOPHEN-3-YLMETHYL)-2-[6-CHLORO-OXO-3-(2-PYRIDIN-2-YL-ETHYLAMINO)-2H-PYRAZIN-1-YL]-ACETAMIDE (DB07165)","0.7963","http://www.drugbank.ca/drugs/DB07165"
"212","Lysergic Acid Diethylamide (DB04829)","0.7963","http://www.drugbank.ca/drugs/DB04829"
"213","N-(1-ISOPROPYLPIPERIDIN-4-YL)-1-(3-METHOXYBENZYL)-1H-INDOLE-2-CARBOXAMIDE (DB07973)","0.7962","http://www.drugbank.ca/drugs/DB07973"
"214","2-(3-CHLORO-6-{[2,2-DIFLUORO-2-(1-OXIDOPYRIDIN-2-YL)ETHYL]AMINO}-1-OXIDOPYRIDIN-2-YL)-N-[1-(3-CHLOROPHENYL)ETHYL]ACETAMIDE (DB04722)","0.7961","http://www.drugbank.ca/drugs/DB04722"
"215","Thiethylperazine (DB00372)","0.7961","http://www.drugbank.ca/drugs/DB00372"
"216","LY341770 (DB03038)","0.7959","http://www.drugbank.ca/drugs/DB03038"
"217","6-[3-(4-Morpholinyl)Propyl]-2-(3-Nitrophenyl)-5-Thioxo-5,6,-Dihydro-7h-Thienol[2',3':4,5]Pyrrolo[1,2-C]Imidazol-7-One (DB03507)","0.7957","http://www.drugbank.ca/drugs/DB03507"
"218","N-[(Furan-2-Yl)Carbonyl]-(S)-Leucyl-(R)-[1-Amino-2(1h-Indol-3-Yl)Ethyl]-Phosphonic Acid (DB02046)","0.7947","http://www.drugbank.ca/drugs/DB02046"
"219","2,4-Diamino-6-[N-(2',5'-Dimethoxybenzyl)-N-Methylamino]Quinazoline (DB02427)","0.7947","http://www.drugbank.ca/drugs/DB02427"
"220","Ziprasidone (DB00246)","0.7943","http://www.drugbank.ca/drugs/DB00246"
"221","Temafloxacin (DB01405)","0.7943","http://www.drugbank.ca/drugs/DB01405"
"222","9-CYCLOPENTYL-6-[2-(3-IMIDAZOL-1-YL-PROPOXY)-PHENYLAMINO]-9H-PURINE-2-CARBONITRILE (DB07967)","0.7941","http://www.drugbank.ca/drugs/DB07967"
"223","5-Chloro-1h-Indole-2-Carboxylic Acid [1-(4-Fluorobenzyl)-2-(4-Hydroxypiperidin-1yl)-2-Oxoethyl]Amide (DB03383)","0.7941","http://www.drugbank.ca/drugs/DB03383"
"224","Propericiazine (DB01608)","0.7934","http://www.drugbank.ca/drugs/DB01608"
"225","4-BROMO-2-FLUORO-N-[(4E)-6-METHOXY-7-[(1-METHYLPIPERIDIN-4-YL)METHOXY]QUINAZOLIN-4(1H)-YLIDENE]ANILINE (DB08764)","0.7932","http://www.drugbank.ca/drugs/DB08764"
"226","3-[(Acetyl-Methyl-Amino)-Methyl]-4-Amino-N-Methyl-N-(1-Methyl-1h-Indol-2-Ylmethyl)-Benzamide (DB03534)","0.7932","http://www.drugbank.ca/drugs/DB03534"
"227","2-(6-CHLORO-3-{[2,2-DIFLUORO-2-(2-PYRIDINYL)ETHYL]AMINO}-2-OXO-1(2H)-PYRAZINYL)-N-[(2-FLUORO-3-METHYL-6-PYRIDINYL)METHYL]ACETAMIDE (DB07549)","0.7931","http://www.drugbank.ca/drugs/DB07549"
"228","Perphenazine (DB00850)","0.7927","http://www.drugbank.ca/drugs/DB00850"
"229","Almitrine (DB01430)","0.7925","http://www.drugbank.ca/drugs/DB01430"
"230","Prochlorperazine (DB00433)","0.7921","http://www.drugbank.ca/drugs/DB00433"
"231","Linagliptin  (DB08882)","0.7915","http://www.drugbank.ca/drugs/DB08882"
"232","2-(2-HYDROXYETHYLAMINO)-6-(3-CHLOROANILINO)-9-ISOPROPYLPURINE (DB08325)","0.7914","http://www.drugbank.ca/drugs/DB08325"
"233","3-[(1R)-1-(2,6-dichloro-3-fluorophenyl)ethoxy]-5-(1-piperidin-4-yl-1H-pyrazol-4-yl)pyridin-2-amine (DB08700)","0.7910","http://www.drugbank.ca/drugs/DB08700"
"234","1-(3-HYDROXYPROPYL)-2-[(3-NITROBENZOYL)AMINO]-1H-BENZIMIDAZOL-5-YL PIVALATE (DB08590)","0.7904","http://www.drugbank.ca/drugs/DB08590"
"235","Granisetron (DB00889)","0.7903","http://www.drugbank.ca/drugs/DB00889"
"236","Thioproperazine (DB01622)","0.7901","http://www.drugbank.ca/drugs/DB01622"
"237","Pemetrexed (DB00642)","0.7899","http://www.drugbank.ca/drugs/DB00642"
"238","1-[5-methyl-2-(trifluoromethyl)furan-3-yl]-3-[(2Z)-5-(2-{[6-(1H-1,2,4-triazol-3-ylamino)pyrimidin-4-yl]amino}ethyl)-1,3-thiazol-2(3H)-ylidene]urea (DB07789)","0.7897","http://www.drugbank.ca/drugs/DB07789"
"239","4-(6-CYCLOHEXYLMETHOXY-9H-PURIN-2-YLAMINO)--BENZAMIDE (DB08241)","0.7896","http://www.drugbank.ca/drugs/DB08241"
"240","TC-5619 (DB06090)","0.7894","http://www.drugbank.ca/drugs/DB06090"
"241","Pipotiazine (DB01621)","0.7889","http://www.drugbank.ca/drugs/DB01621"
"242","5-[(2-methyl-5-{[3-(trifluoromethyl)phenyl]carbamoyl}phenyl)amino]pyridine-3-carboxamide (DB07970)","0.7885","http://www.drugbank.ca/drugs/DB07970"
"243","(3R,4S)-1-(3,4-DIMETHOXYPHENYL)-3-(3-METHYLPHENYL)PIPERIDIN-4-AMINE (DB07851)","0.7880","http://www.drugbank.ca/drugs/DB07851"
"244","(METHYLPYRIDAZINE PIPERIDINE BUTYLOXYPHENYL)ETHYLACETATE (DB08014)","0.7878","http://www.drugbank.ca/drugs/DB08014"
"245","Ergonovine (DB01253)","0.7878","http://www.drugbank.ca/drugs/DB01253"
"246","RPR131247 (DB02744)","0.7869","http://www.drugbank.ca/drugs/DB02744"
"247","D-phenylalanyl-N-benzyl-L-prolinamide (DB07143)","0.7867","http://www.drugbank.ca/drugs/DB07143"
"248","1-[2-(3-ACETYL-2-HYDROXY-6-METHOXY-PHENYL)-CYCLOPROPYL]-3-(5-CYANO-PYRIDIN-2-YL)-THIOUREA (DB08212)","0.7856","http://www.drugbank.ca/drugs/DB08212"
"249","5-ETHYL-3-[(2-METHOXYETHYL)METHYLAMINO]-6-METHYL-4-(3-METHYLBENZYL)PYRIDIN-2(1H)-ONE (DB07018)","0.7855","http://www.drugbank.ca/drugs/DB07018"
"250","Cp403700, (S)-1-{2-[(5-Chloro-1h-Indole-2-Carbonyl)-Amino]-3-Phenyl-Propionyl}-Azetidine-3-Carboxylate (DB03744)","0.7850","http://www.drugbank.ca/drugs/DB03744"
"251","3-({2-[(4-{[6-(CYCLOHEXYLMETHOXY)-9H-PURIN-2-YL]AMINO}PHENYL)SULFONYL]ETHYL}AMINO)PROPAN-1-OL (DB08309)","0.7850","http://www.drugbank.ca/drugs/DB08309"
"252","N-({(2S)-1-[(3R)-3-AMINO-4-(2-FLUOROPHENYL)BUTANOYL]PYRROLIDIN-2-YL}METHYL)BENZAMIDE (DB07779)","0.7848","http://www.drugbank.ca/drugs/DB07779"
"253","Thioridazine (DB00679)","0.7847","http://www.drugbank.ca/drugs/DB00679"
"254","(3,3-dimethylpiperidin-1-yl)(6-(3-fluoro-4-methylphenyl)pyridin-2-yl)methanone (DB06992)","0.7846","http://www.drugbank.ca/drugs/DB06992"
"255","Methysergide (DB00247)","0.7846","http://www.drugbank.ca/drugs/DB00247"
"256","D-phenylalanyl-N-(3-chlorobenzyl)-L-prolinamide (DB06919)","0.7844","http://www.drugbank.ca/drugs/DB06919"
"257","D-phenylalanyl-N-(3-fluorobenzyl)-L-prolinamide (DB07027)","0.7844","http://www.drugbank.ca/drugs/DB07027"
"258","ONO-6818 (DB03925)","0.7842","http://www.drugbank.ca/drugs/DB03925"
"259","D-phenylalanyl-N-{4-[amino(iminio)methyl]benzyl}-L-prolinamide (DB07005)","0.7842","http://www.drugbank.ca/drugs/DB07005"
"260","N-cyclopropyl-4-methyl-3-{2-[(2-morpholin-4-ylethyl)amino]quinazolin-6-yl}benzamide (DB08351)","0.7841","http://www.drugbank.ca/drugs/DB08351"
"261","GLYCYLALANYL-N-2-NAPHTHYL-L-PROLINEAMIDE (DB07813)","0.7834","http://www.drugbank.ca/drugs/DB07813"
"262","O6-(R)-ROSCOVITINE, R-2-(6-BENZYLOXY-9-ISOPROPYL-9H-PURIN-2-YLAMINO)-BUTAN-1-OL (DB04770)","0.7831","http://www.drugbank.ca/drugs/DB04770"
"263","N-[4-(1-BENZOYLPIPERIDIN-4-YL)BUTYL]-3-PYRIDIN-3-YLPROPANAMIDE (DB07656)","0.7828","http://www.drugbank.ca/drugs/DB07656"
"264","Mesoridazine (DB00933)","0.7825","http://www.drugbank.ca/drugs/DB00933"
"265","4-((3r,4s,5r)-4-Amino-3,5-Dihydroxy-Hex-1-Ynyl)-5-Fluoro-3-[1-(3-Methoxy-1h-Pyrrol-2-Yl)-Meth-(Z)-Ylidene]-1,3-Dihydro-Indol-2-One (DB03737)","0.7825","http://www.drugbank.ca/drugs/DB03737"
"266","4-CHLORO-6-(4-{4-[4-(METHYLSULFONYL)BENZYL]PIPERAZIN-1-YL}-1H-PYRAZOL-5-YL)BENZENE-1,3-DIOL (DB06957)","0.7825","http://www.drugbank.ca/drugs/DB06957"
"267","7-BENZYL-1,3-DIMETHYL-8-PIPERAZIN-1-YL-3,7-DIHYDRO-PURINE-2,6-DIONE (DB08530)","0.7824","http://www.drugbank.ca/drugs/DB08530"
"268","Methylergometrine (DB00353)","0.7823","http://www.drugbank.ca/drugs/DB00353"
"269","Fluphenazine (DB00623)","0.7822","http://www.drugbank.ca/drugs/DB00623"
"270","Pralatrexate (DB06813)","0.7820","http://www.drugbank.ca/drugs/DB06813"
"271","4-{[5-(CYCLOHEXYLMETHOXY)[1,2,4]TRIAZOLO[1,5-A]PYRIMIDIN-7-YL]AMINO}BENZENESULFONAMIDE (DB07685)","0.7816","http://www.drugbank.ca/drugs/DB07685"
"272","Trifluoperazine (DB00831)","0.7816","http://www.drugbank.ca/drugs/DB00831"
"273","D-phenylalanyl-N-(3-methylbenzyl)-L-prolinamide (DB07133)","0.7816","http://www.drugbank.ca/drugs/DB07133"
"274","2-(4-(AMINOMETHYL)PIPERIDIN-1-YL)-N-(3_CYCLOHEXYL-4-OXO-2,4-DIHYDROINDENO[1,2-C]PYRAZOL-5-YL)ACETAMIDE (DB07618)","0.7812","http://www.drugbank.ca/drugs/DB07618"
"275","Amperozide (DB08927)","0.7811","http://www.drugbank.ca/drugs/DB08927"
"276","N-(4-carbamimidoylbenzyl)-1-(3-phenylpropanoyl)-L-prolinamide (DB06942)","0.7811","http://www.drugbank.ca/drugs/DB06942"
"277","(4R)-7,8-dichloro-1',9-dimethyl-1-oxo-1,2,4,9-tetrahydrospiro[beta-carboline-3,4'-piperidine]-4-carbonitrile (DB07242)","0.7799","http://www.drugbank.ca/drugs/DB07242"
"278","CF-101 (DB05511)","0.7798","http://www.drugbank.ca/drugs/DB05511"
"279","N,N'-Bis(4-Amino-2-Methylquinolin-6-Yl)Urea (DB04452)","0.7787","http://www.drugbank.ca/drugs/DB04452"
"280","Propiomazine (DB00777)","0.7781","http://www.drugbank.ca/drugs/DB00777"
"281","Eszopiclone (DB00402)","0.7781","http://www.drugbank.ca/drugs/DB00402"
"282","Zopiclone (DB01198)","0.7781","http://www.drugbank.ca/drugs/DB01198"
"283","2-ANILINO-6-CYCLOHEXYLMETHOXYPURINE (DB06948)","0.7781","http://www.drugbank.ca/drugs/DB06948"
"284","Bepotastine (DB04890)","0.7779","http://www.drugbank.ca/drugs/DB04890"
"285","1-(3-(2,4-DIMETHYLTHIAZOL-5-YL)-4-OXO-2,4-DIHYDROINDENO[1,2-C]PYRAZOL-5-YL)-3-(4-METHYLPIPERAZIN-1-YL)UREA (DB07622)","0.7770","http://www.drugbank.ca/drugs/DB07622"
"286","Raltegravir (DB06817)","0.7758","http://www.drugbank.ca/drugs/DB06817"
"287","Merimepodib (DB04862)","0.7757","http://www.drugbank.ca/drugs/DB04862"
"288","Glipizide (DB01067)","0.7756","http://www.drugbank.ca/drugs/DB01067"
"289","3-(5-{[4-(AMINOMETHYL)PIPERIDIN-1-YL]METHYL}-1H-INDOL-2-YL)-1H-INDAZOLE-6-CARBONITRILE (DB07075)","0.7753","http://www.drugbank.ca/drugs/DB07075"
"290","6-CYCLOHEXYLMETHOXY-2-(3'-CHLOROANILINO) PURINE (DB07203)","0.7747","http://www.drugbank.ca/drugs/DB07203"
"291","GM6001 (DB02255)","0.7736","http://www.drugbank.ca/drugs/DB02255"
"292","1-TERT-BUTYL-3-(2,5-DIMETHYLBENZYL)-1H-PYRAZOLO[3,4-D]PYRIMIDIN-4-AMINE (DB08035)","0.7736","http://www.drugbank.ca/drugs/DB08035"
"293","Paliperidone (DB01267)","0.7736","http://www.drugbank.ca/drugs/DB01267"
"294","3-[3-(2,3-Dihydroxy-Propylamino)-Phenyl]-4-(5-Fluoro-1-Methyl-1h-Indol-3-Yl)-Pyrrole-2,5-Dione (DB01772)","0.7733","http://www.drugbank.ca/drugs/DB01772"
"295","SC45647 (DB04778)","0.7726","http://www.drugbank.ca/drugs/DB04778"
"296","Zanapezil (DB04859)","0.7725","http://www.drugbank.ca/drugs/DB04859"
"297","Mequitazine (DB01071)","0.7724","http://www.drugbank.ca/drugs/DB01071"
"298","2-[Trans-(4-Aminocyclohexyl)Amino]-6-(Benzyl-Amino)-9-Cyclopentylpurine (DB04288)","0.7716","http://www.drugbank.ca/drugs/DB04288"
"299","6-CYCLOHEXYLMETHYLOXY-2-(4'-HYDROXYANILINO)PURINE (DB08233)","0.7706","http://www.drugbank.ca/drugs/DB08233"
"300","Sorafenib (DB00398)","0.7704","http://www.drugbank.ca/drugs/DB00398"
"301","N-[2-({[amino(imino)methyl]amino}oxy)ethyl]-2-{6-chloro-3-[(2,2-difluoro-2-phenylethyl)amino]-2-fluorophenyl}acetamide (DB07946)","0.7703","http://www.drugbank.ca/drugs/DB07946"
"302","Tadalafil (DB00820)","0.7701","http://www.drugbank.ca/drugs/DB00820"
"303","Nicergoline (DB00699)","0.7697","http://www.drugbank.ca/drugs/DB00699"
"304","1-Acetyl-4-(4-{4-[(2-Ethoxyphenyl)Thio]-3-Nitrophenyl}Pyridin-2-Yl)Piperazine (DB02177)","0.7697","http://www.drugbank.ca/drugs/DB02177"
"305","beta-phenyl-D-phenylalanyl-N-propyl-L-prolinamide (DB07083)","0.7696","http://www.drugbank.ca/drugs/DB07083"
"306","Doxazosin (DB00590)","0.7695","http://www.drugbank.ca/drugs/DB00590"
"307","Disopyramide (DB00280)","0.7692","http://www.drugbank.ca/drugs/DB00280"
"308","(2R)-N-HYDROXY-2-[(3S)-3-METHYL-3-{4-[(2-METHYLQUINOLIN-4-YL)METHOXY]PHENYL}-2-OXOPYRROLIDIN-1-YL]PROPANAMIDE (DB07145)","0.7690","http://www.drugbank.ca/drugs/DB07145"
"309","N-(4-AMINO-5-CYANO-6-ETHOXYPYRIDIN-2-YL)-2-(4-BROMO-2,5-DIMETHOXYPHENYL)ACETAMIDE (DB07272)","0.7686","http://www.drugbank.ca/drugs/DB07272"
"310","[4-(3-AMINOMETHYL-PHENYL)-PIPERIDIN-1-YL]-(5-PHENETHYL- PYRIDIN-3-YL)-METHANONE (DB04764)","0.7680","http://www.drugbank.ca/drugs/DB04764"
"311","(3R,4S)-1-{6-[3-(METHYLSULFONYL)PHENYL]PYRIMIDIN-4-YL}-4-(2,4,5-TRIFLUOROPHENYL)PYRROLIDIN-3-AMINE (DB07666)","0.7679","http://www.drugbank.ca/drugs/DB07666"
"312","(9S)-9-[(8-AMMONIOOCTYL)AMINO]-1,2,3,4,9,10-HEXAHYDROACRIDINIUM (DB04617)","0.7670","http://www.drugbank.ca/drugs/DB04617"
"313","N-cyclohexyl-4-imidazo[1,2-a]pyridin-3-yl-N-methylpyrimidin-2-amine (DB08023)","0.7670","http://www.drugbank.ca/drugs/DB08023"
"314","7-amino-2-tert-butyl-4-{[2-(1H-imidazol-4-yl)ethyl]amino}pyrido[2,3-d]pyrimidine-6-carboxamide (DB07042)","0.7669","http://www.drugbank.ca/drugs/DB07042"
"315","(S)-2-[(R)-3-amino-4-(2-fluorophenyl)butyryl]-1,2,3,4-tetrahydroisoquinoline-3-carboxamide (DB04578)","0.7667","http://www.drugbank.ca/drugs/DB04578"
"316","Regorafenib (DB08896)","0.7665","http://www.drugbank.ca/drugs/DB08896"
"317","Azelastine (DB00972)","0.7659","http://www.drugbank.ca/drugs/DB00972"
"318","Etravirine (DB06414)","0.7655","http://www.drugbank.ca/drugs/DB06414"
"319","4-({6-AMINO-5-BROMO-2-[(4-CYANOPHENYL)AMINO]PYRIMIDIN-4-YL}OXY)-3,5-DIMETHYLBENZONITRILE (DB07191)","0.7655","http://www.drugbank.ca/drugs/DB07191"
"320","8-ethyl-3,10,10-trimethyl-4,5,6,8,10,12-hexahydropyrazolo[4',3':6,7]cyclohepta[1,2-b]pyrrolo[2,3-f]indol-9(1H)-one (DB07266)","0.7651","http://www.drugbank.ca/drugs/DB07266"
"321","Aminacrine (DB02842)","0.7646","http://www.drugbank.ca/drugs/DB02842"
"322","O6-CYCLOHEXYLMETHOXY-2-(4'-SULPHAMOYLANILINO) PURINE (DB07126)","0.7637","http://www.drugbank.ca/drugs/DB07126"
"323","3-(6-CYCLOHEXYLMETHOXY-9H-PURIN-2-YLAMINO)-BENZENESULFONAMIDE (DB08248)","0.7637","http://www.drugbank.ca/drugs/DB08248"
"324","(3S)-1-(1,3-BENZODIOXOL-5-YLMETHYL)-3-[4-(1H-IMIDAZOL-1-YL)PHENOXY]PIPERIDINE (DB07011)","0.7631","http://www.drugbank.ca/drugs/DB07011"
"325","Fenethylline (DB01482)","0.7628","http://www.drugbank.ca/drugs/DB01482"
"326","Eletriptan (DB00216)","0.7621","http://www.drugbank.ca/drugs/DB00216"
"327","3-[3-(4-methylpiperazin-1-yl)-7-(trifluoromethyl)quinoxalin-5-yl]phenol (DB07969)","0.7616","http://www.drugbank.ca/drugs/DB07969"
"328","9-Butyl-8-(3-Methoxybenzyl)-9h-Purin-6-Amine (DB03809)","0.7611","http://www.drugbank.ca/drugs/DB03809"
"329","9-Butyl-8-(4-Methoxybenzyl)-9h-Purin-6-Amine (DB03899)","0.7611","http://www.drugbank.ca/drugs/DB03899"
"330","Anileridine (DB00913)","0.7606","http://www.drugbank.ca/drugs/DB00913"
"331","4-(BENZHYDRYLOXY)-1-[3-(1H-TETRAAZOL-5-YL)PROPYL]PIPERIDINE (DB07917)","0.7606","http://www.drugbank.ca/drugs/DB07917"
"332","1-CYCLOHEXYL-N-{[1-(4-METHYLPHENYL)-1H-INDOL-3-YL]METHYL}METHANAMINE (DB06833)","0.7591","http://www.drugbank.ca/drugs/DB06833"
"333","1-[(3S)-5-PHENYL-3-THIOPHEN-2-YL-3H-1,4-BENZODIAZEPIN-2-YL]AZETIDIN-3-OL (DB08698)","0.7590","http://www.drugbank.ca/drugs/DB08698"
"334","Trimethaphan (DB01116)","0.7572","http://www.drugbank.ca/drugs/DB01116"
"335","N-{3-[5-(6-Amino-Purin-9-Yl)-3,4-Dihydroxy-Tetrahydro-Furan-2-Yl]-Allyl}-2,3-Dihydroxy-5-Nitro-Benzamide (DB03907)","0.7571","http://www.drugbank.ca/drugs/DB03907"
"336","Dextromoramide (DB01529)","0.7555","http://www.drugbank.ca/drugs/DB01529"
"337","Rimonabant (DB06155)","0.7550","http://www.drugbank.ca/drugs/DB06155"
"338","Cetirizine (DB00341)","0.7526","http://www.drugbank.ca/drugs/DB00341"
"339","Hydroxyzine (DB00557)","0.7524","http://www.drugbank.ca/drugs/DB00557"
"340","Asimadoline (DB05104)","0.7523","http://www.drugbank.ca/drugs/DB05104"
"341","AZD2563 (DB04850)","0.7519","http://www.drugbank.ca/drugs/DB04850"
"342","Allyl-{6-[3-(4-Bromo-Phenyl)-1-Methyl-1h-Indazol-6-Yl]Oxy}Hexyl)-N-Methylamine (DB03888)","0.7515","http://www.drugbank.ca/drugs/DB03888"
"343","5-Bromo-N[2-(Dimethylamino)Ethyl]-9-Aminoacridine-4-Carboxamide (DB02390)","0.7510","http://www.drugbank.ca/drugs/DB02390"
"344","Quinine (DB00468)","0.7499","http://www.drugbank.ca/drugs/DB00468"
"345","Quinidine (DB00908)","0.7499","http://www.drugbank.ca/drugs/DB00908"
"346","Ondansetron (DB00904)","0.7498","http://www.drugbank.ca/drugs/DB00904"
"347","ZK-806711 (DB03373)","0.7496","http://www.drugbank.ca/drugs/DB03373"
"348","(2Z,3E)-2,3'-BIINDOLE-2',3(1H,1'H)-DIONE 3-{O-[(3R)-3,4-DIHYDROXYBUTYL]OXIME} (DB07766)","0.7490","http://www.drugbank.ca/drugs/DB07766"
"349","(1S)-1-CYCLOPROPYL-2-[(2S)-4-(2,5-DIFLUOROPHENYL)-2-PHENYL-2,5-DIHYDRO-1H-PYRROL-1-YL]-2-OXOETHANAMINE (DB08244)","0.7490","http://www.drugbank.ca/drugs/DB08244"
"350","N-{(1s)-4-[Bis(2-Chloroethyl)Amino]-1-Methylbutyl}-N-(6-Chloro-2-Methoxy-9-Acridinyl)Amine (DB02240)","0.7469","http://www.drugbank.ca/drugs/DB02240"
"351","Irbesartan (DB01029)","0.7469","http://www.drugbank.ca/drugs/DB01029"
"352","(6-[4-(AMINOMETHYL)-2,6-DIMETHYLPHENOXY]-2-{[4-(AMINOMETHYL)PHENYL]AMINO}-5-BROMOPYRIMIDIN-4-YL)METHANOL (DB06874)","0.7464","http://www.drugbank.ca/drugs/DB06874"
"353","Lobeline (DB05137)","0.7459","http://www.drugbank.ca/drugs/DB05137"
"354","Doxapram (DB00561)","0.7458","http://www.drugbank.ca/drugs/DB00561"
"355","Iloperidone (DB04946)","0.7454","http://www.drugbank.ca/drugs/DB04946"
"356","(5S)-5-(3-AMINOPROPYL)-3-(2,5-DIFLUOROPHENYL)-N-ETHYL-5-PHENYL-4,5-DIHYDRO-1H-PYRAZOLE-1-CARBOXAMIDE (DB08250)","0.7453","http://www.drugbank.ca/drugs/DB08250"
"357","Trimetrexate (DB01157)","0.7453","http://www.drugbank.ca/drugs/DB01157"
"358","2-[1-(4-CHLOROBENZOYL)-5-METHOXY-2-METHYL-1H-INDOL-3-YL]-N-[(1R)-1-(HYDROXYMETHYL)PROPYL]ACETAMIDE (DB07981)","0.7450","http://www.drugbank.ca/drugs/DB07981"
"359","2-[1-(4-CHLOROBENZOYL)-5-METHOXY-2-METHYL-1H-INDOL-3-YL]-N-[(1S)-1-(HYDROXYMETHYL)PROPYL]ACETAMIDE (DB07984)","0.7450","http://www.drugbank.ca/drugs/DB07984"
"360","1-(2-Phenylethyl)-4-phenyl-4-acetoxypiperidine (DB01562)","0.7449","http://www.drugbank.ca/drugs/DB01562"
"361","1-[1'-(3-phenylacryloyl)spiro[1-benzofuran-3,4'-piperidin]-5-yl]methanamine (DB06849)","0.7445","http://www.drugbank.ca/drugs/DB06849"
"362","Isopropamide (DB01625)","0.7430","http://www.drugbank.ca/drugs/DB01625"
"363","Erlotinib (DB00530)","0.7426","http://www.drugbank.ca/drugs/DB00530"
"364","Valsartan (DB00177)","0.7426","http://www.drugbank.ca/drugs/DB00177"
"365","PYRIMIDINE-4,6-DICARBOXYLIC ACID BIS-(3-METHYL-BENZYLAMIDE) (DB04759)","0.7422","http://www.drugbank.ca/drugs/DB04759"
"366","Benzatropine (DB00245)","0.7400","http://www.drugbank.ca/drugs/DB00245"
"367","(5-(aminomethyl)-2H-spiro[benzofuran-3,4'-piperidine]-1'-yl)(5-(phenylethynyl)furan-2-yl)methanone (DB06962)","0.7400","http://www.drugbank.ca/drugs/DB06962"
"368","Haloperidol (DB00502)","0.7400","http://www.drugbank.ca/drugs/DB00502"
"369","Tolterodine (DB01036)","0.7400","http://www.drugbank.ca/drugs/DB01036"
"370","1-(CYCLOHEXYLAMINO)-3-(6-METHYL-3,4-DIHYDRO-1H-CARBAZOL-9(2H)-YL)PROPAN-2-OL (DB07061)","0.7390","http://www.drugbank.ca/drugs/DB07061"
"371","9-Butyl-8-(2,5-Dimethoxy-Benzyl)-9h-Purin-6-Ylamine (DB02359)","0.7387","http://www.drugbank.ca/drugs/DB02359"
"372","Mepenzolate (DB04843)","0.7386","http://www.drugbank.ca/drugs/DB04843"
"373","Clidinium (DB00771)","0.7378","http://www.drugbank.ca/drugs/DB00771"
"374","5-(3,5-DICHLOROPHENYL)THIO-4-ISOPROPYL-1-(PYRIDIN-4-YL-METHYL)-1H-IMIDAZOL-2-YL-METHYL CARBAMATE (DB08502)","0.7375","http://www.drugbank.ca/drugs/DB08502"
"375","Bopindolol (DB08807)","0.7373","http://www.drugbank.ca/drugs/DB08807"
"376","Diphenidol (DB01231)","0.7372","http://www.drugbank.ca/drugs/DB01231"
"377","CRA_10655 (DB02526)","0.7364","http://www.drugbank.ca/drugs/DB02526"
"378","7A-[(4-cyanophenyl)methyl]-6-(3,5-dichlorophenyl)-5-oxo-2,3,5,7A-tetrahydro-1H-pyrrolo[1,2-A]pyrrole-7-carbonitrile (DB06972)","0.7359","http://www.drugbank.ca/drugs/DB06972"
"379","8-(2,5-Dimethoxy-Benzyl)-2-Fluoro-9-Pent-9h-Purin-6-Ylamine (DB03137)","0.7351","http://www.drugbank.ca/drugs/DB03137"
"380","Benzethidine (DB01518)","0.7351","http://www.drugbank.ca/drugs/DB01518"
"381","9-Butyl-8-(2,5-Dimethoxy-Benzyl)-2-Fluoro-9h-Purin-6-Ylamine (DB04054)","0.7348","http://www.drugbank.ca/drugs/DB04054"
"382","CRA_11092 (DB03555)","0.7340","http://www.drugbank.ca/drugs/DB03555"
"383","1-[2-(S)-AMINO-3-BIPHENYL-4-YL-PROPIONYL]-PYRROLIDINE-2-(S)-CARBONITRILE (DB08024)","0.7340","http://www.drugbank.ca/drugs/DB08024"
"384","N-(3-CYCLOPROPYL-1H-PYRAZOL-5-YL)-2-(2-NAPHTHYL)ACETAMIDE (DB06944)","0.7340","http://www.drugbank.ca/drugs/DB06944"
"385","8-BENZO[1,3]DIOXOL-,5-YLMETHYL-9-BUTYL-9H- (DB08436)","0.7337","http://www.drugbank.ca/drugs/DB08436"
"386","PYRIMIDINE-4,6-DICARBOXYLIC ACID BIS-(4-FLUORO-3-METHYL-BENZYLAMIDE) (DB04760)","0.7332","http://www.drugbank.ca/drugs/DB04760"
"387","Sri-9662 (DB03060)","0.7329","http://www.drugbank.ca/drugs/DB03060"
"388","(5E,7S)-2-amino-7-(4-fluoro-2-pyridin-3-ylphenyl)-4-methyl-7,8-dihydroquinazolin-5(6H)-one oxime (DB08197)","0.7324","http://www.drugbank.ca/drugs/DB08197"
"389","N-[(1S)-1-{1-[(1R,3E)-1-ACETYLPENT-3-EN-1-YL]-1H-1,2,3-TRIAZOL-4-YL}-1,2-DIMETHYLPROPYL]BENZAMIDE (DB07878)","0.7315","http://www.drugbank.ca/drugs/DB07878"
"390","Clemastine (DB00283)","0.7306","http://www.drugbank.ca/drugs/DB00283"
"391","Bis(5-Amidino-Benzimidazolyl)Methanone Zinc (DB03443)","0.7303","http://www.drugbank.ca/drugs/DB03443"
"392","Propantheline (DB00782)","0.7301","http://www.drugbank.ca/drugs/DB00782"
"393","Methantheline (DB00940)","0.7300","http://www.drugbank.ca/drugs/DB00940"
"394","8-Benzo[1,3]Dioxol-,5-Ylmethyl-9-Butyl-2-Fluoro-9h-Purin-6-Ylamine (DB04254)","0.7298","http://www.drugbank.ca/drugs/DB04254"
"395","N-(P-CYANOPHENYL)-N'-DIPHENYLMETHYL-GUANIDINE-ACETIC ACID (DB07816)","0.7295","http://www.drugbank.ca/drugs/DB07816"
"396","(5Z)-5-[(5-ETHYL-2-FURYL)METHYLENE]-2-{[(S)-(4-FLUOROPHENYL)(1H-TETRAZOL-5-YL)METHYL]AMINO}-1,3-THIAZOL-4(5H)-ONE (DB08710)","0.7274","http://www.drugbank.ca/drugs/DB08710"
"397","Dextropropoxyphene (DB00647)","0.7265","http://www.drugbank.ca/drugs/DB00647"
"398","4-chloro-6-{5-[(2-morpholin-4-ylethyl)amino]-1,2-benzisoxazol-3-yl}benzene-1,3-diol (DB07601)","0.7254","http://www.drugbank.ca/drugs/DB07601"
"399","(4R,5R)-5-AMINO-1-[2-(1,3-BENZODIOXOL-5-YL)ETHYL]-4-(2,4,5-TRIFLUOROPHENYL)PIPERIDIN-2-ONE (DB07830)","0.7245","http://www.drugbank.ca/drugs/DB07830"
"400","1-(1'-{[3-(methylsulfanyl)-2-benzothiophen-1-yl]carbonyl}spiro[1-benzofuran-3,4'-piperidin]-5-yl)methanamine (DB06848)","0.7244","http://www.drugbank.ca/drugs/DB06848"
"401","4-(2-HYDROXYBENZYLAMINO)-N-(3-(4-FLUOROPHENOXY)PHENYL)PIPERIDINE-1-SULFONAMIDE (DB04632)","0.7235","http://www.drugbank.ca/drugs/DB04632"
"402","(2S)-1-{[5-(1H-INDAZOL-5-YL)PYRIDIN-3-YL]OXY}-3-[(7AS)-7AH-INDOL-3-YL]PROPAN-2-AMINE (DB06977)","0.7231","http://www.drugbank.ca/drugs/DB06977"
"403","Propafenone (DB01182)","0.7230","http://www.drugbank.ca/drugs/DB01182"
"404","(2R,3R,4S,5R)-2-[6-amino-8-[(3,4-dichlorophenyl)methylamino]purin-9-yl]-5-(hydroxymethyl)oxolane-3,4-diol (DB07045)","0.7229","http://www.drugbank.ca/drugs/DB07045"
"405","6-[N-(1-Isopropyl-1,2,3,4-Tetrahydro-7-Isoquinolinyl)Carbamyl]-2-Naphthalenecarboxamidine (DB02705)","0.7229","http://www.drugbank.ca/drugs/DB02705"
"406","4-({[4-(3-METHYLBENZOYL)PYRIDIN-2-YL]AMINO}METHYL)BENZENECARBOXIMIDAMIDE (DB07809)","0.7218","http://www.drugbank.ca/drugs/DB07809"
"407","Lucanthone (DB04967)","0.7216","http://www.drugbank.ca/drugs/DB04967"
"408","N-(6-{[3-(4-Bromophenyl)-1,2-Benzisothiazol-6-Yl]Oxy}Hexyl)-N-Methylprop-2-En-1-Amine (DB02544)","0.7213","http://www.drugbank.ca/drugs/DB02544"
"409","Amiodarone (DB01118)","0.7202","http://www.drugbank.ca/drugs/DB01118"
"410","Ruxolitinib (DB08877)","0.7200","http://www.drugbank.ca/drugs/DB08877"
"411","4-(1-Benzyl-3-Carbamoylmethyl-2-Methyl-1h-Indol-5-Yloxy)-Butyric Acid (DB02936)","0.7199","http://www.drugbank.ca/drugs/DB02936"
"412","Zuclopenthixol acetate (DB08919)","0.7195","http://www.drugbank.ca/drugs/DB08919"
"413","4-[(1S)-1-(3-fluoro-4-methoxyphenyl)-2-(2-methoxy-5-nitrophenyl)ethyl]-1H-imidazol-2-amine (DB07415)","0.7195","http://www.drugbank.ca/drugs/DB07415"
"414","(2S)-8-[(tert-butoxycarbonyl)amino]-2-(1H-indol-3-yl)octanoic acid (DB06982)","0.7171","http://www.drugbank.ca/drugs/DB06982"
"415","(6R)-2-amino-6-[2-(3'-methoxybiphenyl-3-yl)ethyl]-3,6-dimethyl-5,6-dihydropyrimidin-4(3H)-one (DB07519)","0.7170","http://www.drugbank.ca/drugs/DB07519"
"416","Tyrosyladenylate (DB03325)","0.7162","http://www.drugbank.ca/drugs/DB03325"
"417","(4R)-4-(3-HYDROXYPHENYL)-N,N,7,8-TETRAMETHYL-3,4-DIHYDROISOQUINOLINE-2(1H)-CARBOXAMIDE (DB07064)","0.7162","http://www.drugbank.ca/drugs/DB07064"
"418","Mercaptocarboxylate Inhibitor (DB02706)","0.7152","http://www.drugbank.ca/drugs/DB02706"
"419","Talampanel (DB04982)","0.7150","http://www.drugbank.ca/drugs/DB04982"
"420","(2e)-N-Allyl-4-{[3-(4-Bromophenyl)-5-Fluoro-1-Methyl-1h-Indazol-6-Yl]Oxy}-N-Methyl-2-Buten-1-Amine (DB02139)","0.7146","http://www.drugbank.ca/drugs/DB02139"
"421","(4R,2S)-5'-(4-(4-CHLOROBENZYLOXY)PYRROLIDIN-2-YLMETHANESULFONYL)ISOQUINOLINE (DB07583)","0.7145","http://www.drugbank.ca/drugs/DB07583"
"422","Thiothixene (DB01623)","0.7144","http://www.drugbank.ca/drugs/DB01623"
"423","N~3~-cyclopropyl-N~4~'-(cyclopropylmethyl)-6-methylbiphenyl-3,4'-dicarboxamide (DB07835)","0.7143","http://www.drugbank.ca/drugs/DB07835"
"424","6-[N-(4-Ethyl-1,2,3,4-Tetrahydro-6-Isoquinolinyl)Carbamyl]-2-Naphthalenecarboxamidine (DB02551)","0.7141","http://www.drugbank.ca/drugs/DB02551"
"425","Zuclopenthixol (DB01624)","0.7127","http://www.drugbank.ca/drugs/DB01624"
"426","6-(CYCLOHEXYLAMINO)-9-[2-(4-METHYLPIPERAZIN-1-YL)-ETHYL]-9H-PURINE-2-CARBONITRILE (DB07965)","0.7117","http://www.drugbank.ca/drugs/DB07965"
"427","Dioxaphetyl butyrate (DB01475)","0.7114","http://www.drugbank.ca/drugs/DB01475"
"428","Indacaterol (DB05039)","0.7110","http://www.drugbank.ca/drugs/DB05039"
"429","FR233623 (DB03220)","0.7094","http://www.drugbank.ca/drugs/DB03220"
"430","RWJ-51084 (DB03251)","0.7078","http://www.drugbank.ca/drugs/DB03251"
"431","[3-(1-Benzyl-3-Carbamoylmethyl-2-Methyl-1h-Indol-5-Yloxy)-Propyl-]-Phosphonic Acid (DB02504)","0.7074","http://www.drugbank.ca/drugs/DB02504"
"432","5-[(3R)-3-(5-methoxy-4'-methylbiphenyl-3-yl)but-1-yn-1-yl]-6-methylpyrimidine-2,4-diamine (DB07141)","0.7069","http://www.drugbank.ca/drugs/DB07141"
"433","5-[(3R)-3-(5-methoxy-3',5'-dimethylbiphenyl-3-yl)but-1-yn-1-yl]-6-methylpyrimidine-2,4-diamine (DB07142)","0.7060","http://www.drugbank.ca/drugs/DB07142"
"434","Levomethadyl Acetate (DB01227)","0.7059","http://www.drugbank.ca/drugs/DB01227"
"435","Methadyl Acetate (DB01433)","0.7059","http://www.drugbank.ca/drugs/DB01433"
"436","Betacetylmethadol (DB01522)","0.7059","http://www.drugbank.ca/drugs/DB01522"
"437","Alphacetylmethadol (DB01555)","0.7059","http://www.drugbank.ca/drugs/DB01555"
"438","Methadone (DB00333)","0.7053","http://www.drugbank.ca/drugs/DB00333"
"439","5-[(3R)-3-(5-methoxybiphenyl-3-yl)but-1-yn-1-yl]-6-methylpyrimidine-2,4-diamine (DB07140)","0.7050","http://www.drugbank.ca/drugs/DB07140"
"440","5-[(3S)-3-(2-methoxybiphenyl-4-yl)but-1-yn-1-yl]-6-methylpyrimidine-2,4-diamine (DB06847)","0.7043","http://www.drugbank.ca/drugs/DB06847"
"441","N'-(3-CHLORO-4-METHOXY-PHENYL)-N-(3,4,5-TRIMETHOXYPHENYL)-1,3,5-TRIAZINE-2,4-DIAMINE (DB07251)","0.7036","http://www.drugbank.ca/drugs/DB07251"
"442","9-Butyl-8-(3,4,5-Trimethoxybenzyl)-9h-Purin-6-Amine (DB02754)","0.7036","http://www.drugbank.ca/drugs/DB02754"
"443","6-[N-(1-Isopropyl-3,4-Dihydro-7-Isoquinolinyl)Carbamyl]-2-Naphthalenecarboxamidine (DB02473)","0.7036","http://www.drugbank.ca/drugs/DB02473"
"444","6-[(Z)-AMINO(IMINO)METHYL]-N-[3-(CYCLOPENTYLOXY)PHENYL]-2-NAPHTHAMIDE (DB07076)","0.7035","http://www.drugbank.ca/drugs/DB07076"
"445","Alphamethadol (DB01498)","0.7034","http://www.drugbank.ca/drugs/DB01498"
"446","Dipipanone (DB01491)","0.7029","http://www.drugbank.ca/drugs/DB01491"
"447","4-(2-aminoethoxy)-N-(2,5-diethoxyphenyl)-3,5-dimethylbenzamide (DB07625)","0.7021","http://www.drugbank.ca/drugs/DB07625"
"448","5-[(3R)-3-(5-methoxy-2',6'-dimethylbiphenyl-3-yl)but-1-yn-1-yl]-6-methylpyrimidine-2,4-diamine (DB07144)","0.7016","http://www.drugbank.ca/drugs/DB07144"
"449","Citalopram (DB00215)","0.7015","http://www.drugbank.ca/drugs/DB00215"
"450","Escitalopram (DB01175)","0.7015","http://www.drugbank.ca/drugs/DB01175"
"451","Amineptine (DB04836)","0.7009","http://www.drugbank.ca/drugs/DB04836"
"452","(1S,5S,7R)-N~7~-(BIPHENYL-4-YLMETHYL)-N~3~-HYDROXY-6,8-DIOXA-3-AZABICYCLO[3.2.1]OCTANE-3,7-DICARBOXAMIDE (DB07026)","0.7008","http://www.drugbank.ca/drugs/DB07026"
"453","8-(2-Chloro-3,4,5-Trimethoxy-Benzyl)-9-Pent-4-Ylnyl-9h-Purin-6-Ylamine (DB04505)","0.7004","http://www.drugbank.ca/drugs/DB04505"
"454","Itopride (DB04924)","0.6999","http://www.drugbank.ca/drugs/DB04924"
"455","9-Butyl-8-(2-Chloro-3,4,5-Trimethoxy-Benzyl)-9h-Purin-6-Ylamine (DB03504)","0.6996","http://www.drugbank.ca/drugs/DB03504"
"456","Cilostazol (DB01166)","0.6994","http://www.drugbank.ca/drugs/DB01166"
"457","N'-(5-CHLORO-1,3-BENZODIOXOL-4-YL)-N-(3,4,5- TRIMETHOXYPHENYL)PYRIMIDINE-2,4-DIAMINE (DB07250)","0.6989","http://www.drugbank.ca/drugs/DB07250"
"458","N-(cyclopropylmethyl)-2'-methyl-5'-(5-methyl-1,3,4-oxadiazol-2-yl)biphenyl-4-carboxamide (DB07834)","0.6987","http://www.drugbank.ca/drugs/DB07834"
"459","1-{(1R,2S)-2-HYDROXY-1-[2-(2-NAPHTHYLOXY)ETHYL]PROPYL}-1H-IMIDAZONE-4-CARBOXAMIDE (DB07785)","0.6986","http://www.drugbank.ca/drugs/DB07785"
"460","6-(3-AMINOPROPYL)-4,9-DIMETHYLPYRROLO[3,4-C]CARBAZOLE-1,3(2H,6H)-DIONE (DB07444)","0.6978","http://www.drugbank.ca/drugs/DB07444"
"461","Mitoxantrone (DB01204)","0.6976","http://www.drugbank.ca/drugs/DB01204"
"462","8-(2-Chloro-3,4,5-Trimethoxy-Benzyl)-2-Fluoro-9-Pent-4-Ylnyl-9h-Purin-6-Ylamine (DB02550)","0.6972","http://www.drugbank.ca/drugs/DB02550"
"463","6-FLUORO-2-[2-HYDROXY-3-(2-METHYL-CYCLOHEXYLOXY)-PHENYL]-1H-INDOLE-5-CARBOXAMIDINE (DB06856)","0.6967","http://www.drugbank.ca/drugs/DB06856"
"464","4,4'[1,6-Hexanediylbis(Oxy)]Bisbenzenecarboximidamide (DB03808)","0.6952","http://www.drugbank.ca/drugs/DB03808"
"465","Difenoxin (DB01501)","0.6930","http://www.drugbank.ca/drugs/DB01501"
"466","N-cyclopropyl-2',6-dimethyl-4'-(5-methyl-1,3,4-oxadiazol-2-yl)biphenyl-3-carboxamide (DB07811)","0.6927","http://www.drugbank.ca/drugs/DB07811"
"467","Tazarotene (DB00799)","0.6913","http://www.drugbank.ca/drugs/DB00799"
"468","5-(5-chloro-2,4-dihydroxyphenyl)-N-ethyl-4-[4-(morpholin-4-ylmethyl)phenyl]isoxazole-3-carboxamide (DB06961)","0.6909","http://www.drugbank.ca/drugs/DB06961"
"469","methyl (1R,2S)-2-(hydroxycarbamoyl)-1-{4-[(2-methylquinolin-4-yl)methoxy]benzyl}cyclopropanecarboxylate (DB07147)","0.6899","http://www.drugbank.ca/drugs/DB07147"
"470","CRA_10433 (DB03173)","0.6899","http://www.drugbank.ca/drugs/DB03173"
"471","3-(7-DIAMINOMETHYL-NAPHTHALEN-2-YL)-PROPIONIC ACID ETHYL ESTER (DB07639)","0.6889","http://www.drugbank.ca/drugs/DB07639"
"472","+/-METHYL 4-(AMINOIMINOMETHYL)-BETA-[3- INH (AMINOIMINO)PHENYL]BENZENE PENTANOATE (DB07985)","0.6888","http://www.drugbank.ca/drugs/DB07985"
"473","5-[1-(3,4-Dimethoxy-Benzoyl)-1,2,3,4-Tetrahydro-Quinolin-6-Yl]-6-Methyl-3,6-Dihydro-[1,3,4]Thiadiazin-2-One (DB03944)","0.6886","http://www.drugbank.ca/drugs/DB03944"
"474","CRA_10991 (DB01771)","0.6884","http://www.drugbank.ca/drugs/DB01771"
"475","Pentamidine (DB00738)","0.6879","http://www.drugbank.ca/drugs/DB00738"
"476","5-[[(2R)-2-cyclopropyl-7,8-dimethoxy-2H-chromen-5-yl]methyl]pyrimidine-2,4-diamine (DB08741)","0.6862","http://www.drugbank.ca/drugs/DB08741"
"477","6-methyl-5-[3-methyl-3-(3,4,5-trimethoxyphenyl)but-1-yn-1-yl]pyrimidine-2,4-diamine (DB07153)","0.6842","http://www.drugbank.ca/drugs/DB07153"
"478","5-(7-(4-(4,5-DIHYDRO-2-OXAZOLYL)PHENOXY)HEPTYL)-3-METHYL ISOXAZOLE (DB08726)","0.6841","http://www.drugbank.ca/drugs/DB08726"
"479","(1S,6R)-3-{[3-(TRIFLUOROMETHYL)-5,6-DIHYDRO[1,2,4]TRIAZOLO[4,3-A]PYRAZIN-7(8H)-YL]CARBONYL}-6-(2,4,5-TRIFLUOROPHENYL)CYCLOHEX-3-EN-1-AMINE (DB08044)","0.6810","http://www.drugbank.ca/drugs/DB08044"
"480","5-(7-(5-HYDRO-4-METHYL-2-OXAZOLYL)PHENOXY)HEPTYL)-3-METHYL ISOXAZOLE (DB08727)","0.6792","http://www.drugbank.ca/drugs/DB08727"
"481","5-(7-(6-CHLORO-4-(5-HYDRO-4-METHYL-2-OXAZOLYL)PHENOXY)HEPTYL)-3-METHYL ISOXAZOLE (DB08722)","0.6759","http://www.drugbank.ca/drugs/DB08722"
"482","Indecainide (DB00192)","0.6752","http://www.drugbank.ca/drugs/DB00192"
"483","(1S,2R,5S)-5-[3-(TRIFLUOROMETHYL)-5,6-DIHYDRO[1,2,4]TRIAZOLO[4,3-A]PYRAZIN-7(8H)-YL]-2-(2,4,5-TRIFLUOROPHENYL)CYCLOHEXANAMINE (DB07072)","0.6729","http://www.drugbank.ca/drugs/DB07072"
"484","5-(7-(5-HYDRO-4-ETHYL-2-OXAZOLYL)PHENOXY)HEPTYL)-3-METHYL ISOXAZOLE (DB08725)","0.6718","http://www.drugbank.ca/drugs/DB08725"
"485","Trimethobenzamide (DB00662)","0.6711","http://www.drugbank.ca/drugs/DB00662"
"486","5-[[(2R)-2-cyclopropyl-7,8-dimethoxy-chroman-5-yl]methyl]pyrimidine-2,4-diamine (DB07938)","0.6663","http://www.drugbank.ca/drugs/DB07938"
"487","ZK-805623 (DB04432)","0.6619","http://www.drugbank.ca/drugs/DB04432"
"488","6-CARBAMIMIDOYL-2-[2-HYDROXY-5-(3-METHOXY-PHENYL)-INDAN-1-YL]-HEXANOIC ACID (DB06866)","0.6525","http://www.drugbank.ca/drugs/DB06866"
"489","6-CARBAMIMIDOYL-2-[2-HYDROXY-6-(4-HYDROXY-PHENYL)-INDAN-1-YL]-HEXANOIC ACID (DB06865)","0.6513","http://www.drugbank.ca/drugs/DB06865"
"490","Bis-Benzamidine (DB02081)","0.6494","http://www.drugbank.ca/drugs/DB02081"
"491","Oxyphencyclimine (DB00383)","0.6458","http://www.drugbank.ca/drugs/DB00383"
"492","2,5-bis-o-{3-[amino(imino)methyl]phenyl}-1,4:3,6-dianhydro-d-glucitol (DB04790)","0.6168","http://www.drugbank.ca/drugs/DB04790"
"493","2-O-(4'-AMIDINOPHENYL)-5-O-(3''-AMIDINOPHENYL)-1,4:3,6-DIANHYDRO-D-SORBITOL (DB04791)","0.6168","http://www.drugbank.ca/drugs/DB04791"
"494","2,5-O,O-BIS-{4',4''-AMIDINOPHENYL}-1,4:3,6-DIANHYDRO-D-SORBITOL (DB04792)","0.6168","http://www.drugbank.ca/drugs/DB04792"
"495","2-O-(3'-AMIDINOPHENYL)-5-O-(4''-AMIDINOPHENYL}-1,4:3,6-DIANHYDRO-D-SORBITOL (DB04793)","0.6168","http://www.drugbank.ca/drugs/DB04793"
"496","Tofisopam (DB08811)","0.6114","http://www.drugbank.ca/drugs/DB08811"
"497","Regadenoson (DB06213)","0.6108","http://www.drugbank.ca/drugs/DB06213"
"498","(2-AMINO-3-PHENYL-BICYCLO[2.2.1]HEPT-2-YL)-PHENYL-METHANONE (DB07883)","0.5881","http://www.drugbank.ca/drugs/DB07883"
"499","6-[1-(3,5,5,8,8-Pentamethyl-5,6,7,8-Tetrahydronaphthalen-2-Yl)Cyclopropyl]Pyridine-3-Carboxylic Acid (DB01941)","0.5416","http://www.drugbank.ca/drugs/DB01941"
"500","KW-3902 (DB05360)","0.4205","http://www.drugbank.ca/drugs/DB05360"
