"","DrugBank Compound (Name, ID)","Similarity to ","Link"
"1","Azelastine (DB00972)","0.9785","http://www.drugbank.ca/drugs/DB00972"
"2","5-Chloro-1h-Indole-2-Carboxylic Acid [1-(4-Fluorobenzyl)-2-(4-Hydroxypiperidin-1yl)-2-Oxoethyl]Amide (DB03383)","0.9729","http://www.drugbank.ca/drugs/DB03383"
"3","RPR128515 (DB04424)","0.9714","http://www.drugbank.ca/drugs/DB04424"
"4","N-cyclopropyl-2',6-dimethyl-4'-(5-methyl-1,3,4-oxadiazol-2-yl)biphenyl-3-carboxamide (DB07811)","0.9689","http://www.drugbank.ca/drugs/DB07811"
"5","3-(7-DIAMINOMETHYL-NAPHTHALEN-2-YL)-PROPIONIC ACID ETHYL ESTER (DB07639)","0.9688","http://www.drugbank.ca/drugs/DB07639"
"6","6-[N-(1-Isopropyl-1,2,3,4-Tetrahydro-7-Isoquinolinyl)Carbamyl]-2-Naphthalenecarboxamidine (DB02705)","0.9687","http://www.drugbank.ca/drugs/DB02705"
"7","2-[1-(4-CHLOROBENZOYL)-5-METHOXY-2-METHYL-1H-INDOL-3-YL]-N-[(1R)-1-(HYDROXYMETHYL)PROPYL]ACETAMIDE (DB07981)","0.9681","http://www.drugbank.ca/drugs/DB07981"
"8","2-[1-(4-CHLOROBENZOYL)-5-METHOXY-2-METHYL-1H-INDOL-3-YL]-N-[(1S)-1-(HYDROXYMETHYL)PROPYL]ACETAMIDE (DB07984)","0.9681","http://www.drugbank.ca/drugs/DB07984"
"9","4-[(3R)-3-{[2-(4-FLUOROPHENYL)-2-OXOETHYL]AMINO}BUTYL]BENZAMIDE (DB08672)","0.9671","http://www.drugbank.ca/drugs/DB08672"
"10","Valsartan (DB00177)","0.9669","http://www.drugbank.ca/drugs/DB00177"
"11","(2R)-N-HYDROXY-2-[(3S)-3-METHYL-3-{4-[(2-METHYLQUINOLIN-4-YL)METHOXY]PHENYL}-2-OXOPYRROLIDIN-1-YL]PROPANAMIDE (DB07145)","0.9660","http://www.drugbank.ca/drugs/DB07145"
"12","6-[N-(4-Ethyl-1,2,3,4-Tetrahydro-6-Isoquinolinyl)Carbamyl]-2-Naphthalenecarboxamidine (DB02551)","0.9656","http://www.drugbank.ca/drugs/DB02551"
"13","Labetalol (DB00598)","0.9656","http://www.drugbank.ca/drugs/DB00598"
"14","Bopindolol (DB08807)","0.9649","http://www.drugbank.ca/drugs/DB08807"
"15","{4-[(2R)-pyrrolidin-2-ylmethoxy]phenyl}(4-thiophen-3-ylphenyl)methanone (DB07237)","0.9649","http://www.drugbank.ca/drugs/DB07237"
"16","Cp403700, (S)-1-{2-[(5-Chloro-1h-Indole-2-Carbonyl)-Amino]-3-Phenyl-Propionyl}-Azetidine-3-Carboxylate (DB03744)","0.9647","http://www.drugbank.ca/drugs/DB03744"
"17","Bentiromide (DB00522)","0.9645","http://www.drugbank.ca/drugs/DB00522"
"18","N-(cyclopropylmethyl)-2'-methyl-5'-(5-methyl-1,3,4-oxadiazol-2-yl)biphenyl-4-carboxamide (DB07834)","0.9643","http://www.drugbank.ca/drugs/DB07834"
"19","Ezetimibe (DB00973)","0.9639","http://www.drugbank.ca/drugs/DB00973"
"20","Butenafine (DB01091)","0.9637","http://www.drugbank.ca/drugs/DB01091"
"21","4-[3-(dibenzylamino)phenyl]-2,4-dioxobutanoic acid (DB08147)","0.9637","http://www.drugbank.ca/drugs/DB08147"
"22","N-[2-(1h-Indol-5-Yl)-Butyl]-4-Sulfamoyl-Benzamide (DB03596)","0.9625","http://www.drugbank.ca/drugs/DB03596"
"23","Asimadoline (DB05104)","0.9618","http://www.drugbank.ca/drugs/DB05104"
"24","Eletriptan (DB00216)","0.9612","http://www.drugbank.ca/drugs/DB00216"
"25","4-(1-Benzyl-3-Carbamoylmethyl-2-Methyl-1h-Indol-5-Yloxy)-Butyric Acid (DB02936)","0.9610","http://www.drugbank.ca/drugs/DB02936"
"26","Flavoxate (DB01148)","0.9606","http://www.drugbank.ca/drugs/DB01148"
"27","[2-(5-MERCAPTO-[1,3,4]THIADIAZOL-2-YLCARBAMOYL)-1-PHENYL-ETHYL]-CARBAMIC ACID BENZYL ESTER (DB07987)","0.9606","http://www.drugbank.ca/drugs/DB07987"
"28","(2S)-6-(2,4-DIAMINO-6-ETHYLPYRIMIDIN-5-YL)-2-(3,5-DIFLUOROPHENYL)-4-(3-METHOXYPROPYL)-2H-1,4-BENZOXAZIN-3(4H)-ONE (DB07113)","0.9599","http://www.drugbank.ca/drugs/DB07113"
"29","[5-AMINO-1-(4-FLUOROPHENYL)-1H-PYRAZOL-4-YL][3-(PIPERIDIN-4-YLOXY)PHENYL]METHANONE (DB08423)","0.9597","http://www.drugbank.ca/drugs/DB08423"
"30","6-[N-(1-Isopropyl-3,4-Dihydro-7-Isoquinolinyl)Carbamyl]-2-Naphthalenecarboxamidine (DB02473)","0.9591","http://www.drugbank.ca/drugs/DB02473"
"31","(4-BROMOPHENYL)[4-({(2E)-4-[CYCLOPROPYL(METHYL)AMINO]BUT-2-ENYL}OXY)PHENYL]METHANONE (DB08458)","0.9590","http://www.drugbank.ca/drugs/DB08458"
"32","1-[2-(S)-AMINO-3-BIPHENYL-4-YL-PROPIONYL]-PYRROLIDINE-2-(S)-CARBONITRILE (DB08024)","0.9588","http://www.drugbank.ca/drugs/DB08024"
"33","R048-8071 (DB02016)","0.9586","http://www.drugbank.ca/drugs/DB02016"
"34","Propafenone (DB01182)","0.9585","http://www.drugbank.ca/drugs/DB01182"
"35","BENZOYL-TYROSINE-ALANINE-METHYL KETONE (DB08775)","0.9582","http://www.drugbank.ca/drugs/DB08775"
"36","Allyl-{6-[3-(4-Bromo-Phenyl)-1-Methyl-1h-Indazol-6-Yl]Oxy}Hexyl)-N-Methylamine (DB03888)","0.9580","http://www.drugbank.ca/drugs/DB03888"
"37","6-[(Z)-AMINO(IMINO)METHYL]-N-[3-(CYCLOPENTYLOXY)PHENYL]-2-NAPHTHAMIDE (DB07076)","0.9579","http://www.drugbank.ca/drugs/DB07076"
"38","1-[2-(3-Biphenyl)-4-Methylvaleryl)]Amino-3-(2-Pyridylsulfonyl)Amino-2-Propanone (DB04244)","0.9576","http://www.drugbank.ca/drugs/DB04244"
"39","Tolvaptan (DB06212)","0.9576","http://www.drugbank.ca/drugs/DB06212"
"40","N-(1-ISOPROPYLPIPERIDIN-4-YL)-1-(3-METHOXYBENZYL)-1H-INDOLE-2-CARBOXAMIDE (DB07973)","0.9563","http://www.drugbank.ca/drugs/DB07973"
"41","4-(6-{[(4-METHYLCYCLOHEXYL)AMINO]METHYL}-1,4-DIHYDROINDENO[1,2-C]PYRAZOL-3-YL)BENZOIC ACID (DB07320)","0.9561","http://www.drugbank.ca/drugs/DB07320"
"42","1-(1'-{[3-(methylsulfanyl)-2-benzothiophen-1-yl]carbonyl}spiro[1-benzofuran-3,4'-piperidin]-5-yl)methanamine (DB06848)","0.9557","http://www.drugbank.ca/drugs/DB06848"
"43","NALPHA-[(BENZYLOXY)CARBONYL]-N-[(1R)-4-HYDROXY-1-METHYL-2-OXOBUTYL]-L-PHENYLALANINAMIDE (DB08732)","0.9552","http://www.drugbank.ca/drugs/DB08732"
"44","5-{[1-(2-fluorobenzyl)piperidin-4-yl]methoxy}quinazoline-2,4-diamine (DB07642)","0.9551","http://www.drugbank.ca/drugs/DB07642"
"45","1-(2-Phenylethyl)-4-phenyl-4-acetoxypiperidine (DB01562)","0.9547","http://www.drugbank.ca/drugs/DB01562"
"46","3-[Isopropyl(4-Methylbenzoyl)Amino]-5-Phenylthiophene-2-Carboxylic Acid (DB03647)","0.9543","http://www.drugbank.ca/drugs/DB03647"
"47","2-({2-[(3R)-3-AMINOPIPERIDIN-1-YL]-4-OXOQUINAZOLIN-3(4H)-YL}METHYL)BENZONITRILE (DB08588)","0.9542","http://www.drugbank.ca/drugs/DB08588"
"48","(3,3-dimethylpiperidin-1-yl)(6-(3-fluoro-4-methylphenyl)pyridin-2-yl)methanone (DB06992)","0.9541","http://www.drugbank.ca/drugs/DB06992"
"49","[4-(3-AMINOMETHYL-PHENYL)-PIPERIDIN-1-YL]-(5-PHENETHYL- PYRIDIN-3-YL)-METHANONE (DB04764)","0.9540","http://www.drugbank.ca/drugs/DB04764"
"50","(2s)-2-[(2,4-Dichloro-Benzoyl)-(3-Trifluoromethyl-Benzyl)-Amino]-3-Phenyl-Propionic Acid (DB03605)","0.9538","http://www.drugbank.ca/drugs/DB03605"
"51","N-[3-[(1-Aminoethyl)(Hydroxy)Phosphoryl]-2-(1,1'-Biphenyl-4-Ylmethyl)Propanoyl]Alanine (DB02062)","0.9537","http://www.drugbank.ca/drugs/DB02062"
"52","Mirabegron  (DB08893)","0.9535","http://www.drugbank.ca/drugs/DB08893"
"53","Indacaterol (DB05039)","0.9534","http://www.drugbank.ca/drugs/DB05039"
"54","N-(3-Phenyl-2-Sulfanylpropanoyl)Phenylalanylalanine (DB02558)","0.9533","http://www.drugbank.ca/drugs/DB02558"
"55","N-(2-AMINOETHYL)-2-{3-CHLORO-4-[(4-ISOPROPYLBENZYL)OXY]PHENYL} ACETAMIDE (DB08610)","0.9532","http://www.drugbank.ca/drugs/DB08610"
"56","N-(6-{[3-(4-Bromophenyl)-1,2-Benzisothiazol-6-Yl]Oxy}Hexyl)-N-Methylprop-2-En-1-Amine (DB02544)","0.9532","http://www.drugbank.ca/drugs/DB02544"
"57","Clomifene (DB00882)","0.9527","http://www.drugbank.ca/drugs/DB00882"
"58","(S)-2-[(R)-3-amino-4-(2-fluorophenyl)butyryl]-1,2,3,4-tetrahydroisoquinoline-3-carboxamide (DB04578)","0.9524","http://www.drugbank.ca/drugs/DB04578"
"59","Iloperidone (DB04946)","0.9522","http://www.drugbank.ca/drugs/DB04946"
"60","3-[3-(2,3-Dihydroxy-Propylamino)-Phenyl]-4-(5-Fluoro-1-Methyl-1h-Indol-3-Yl)-Pyrrole-2,5-Dione (DB01772)","0.9520","http://www.drugbank.ca/drugs/DB01772"
"61","(4R,2S)-5'-(4-(4-CHLOROBENZYLOXY)PYRROLIDIN-2-YLMETHANESULFONYL)ISOQUINOLINE (DB07583)","0.9520","http://www.drugbank.ca/drugs/DB07583"
"62","[3-(1-Benzyl-3-Carbamoylmethyl-2-Methyl-1h-Indol-5-Yloxy)-Propyl-]-Phosphonic Acid (DB02504)","0.9518","http://www.drugbank.ca/drugs/DB02504"
"63","Amiodarone (DB01118)","0.9517","http://www.drugbank.ca/drugs/DB01118"
"64","Formoterol (DB00983)","0.9514","http://www.drugbank.ca/drugs/DB00983"
"65","Arformoterol (DB01274)","0.9514","http://www.drugbank.ca/drugs/DB01274"
"66","[N-(3-DIBENZYLCARBAMOYL-OXIRANECARBONYL)-HYDRAZINO]-ACETIC ACID (DB08229)","0.9512","http://www.drugbank.ca/drugs/DB08229"
"67","N~3~-cyclopropyl-N~4~'-(cyclopropylmethyl)-6-methylbiphenyl-3,4'-dicarboxamide (DB07835)","0.9512","http://www.drugbank.ca/drugs/DB07835"
"68","Cinacalcet (DB01012)","0.9512","http://www.drugbank.ca/drugs/DB01012"
"69","Bepridil (DB01244)","0.9508","http://www.drugbank.ca/drugs/DB01244"
"70","1-BENZYL-3-(4-METHOXYPHENYLAMINO)-4-PHENYLPYRROLE-2,5-DIONE (DB08063)","0.9508","http://www.drugbank.ca/drugs/DB08063"
"71","(6S)-2-amino-6-(3'-methoxybiphenyl-3-yl)-3,6-dimethyl-5,6-dihydropyrimidin-4(3H)-one (DB07874)","0.9508","http://www.drugbank.ca/drugs/DB07874"
"72","(6R)-2-amino-6-[2-(3'-methoxybiphenyl-3-yl)ethyl]-3,6-dimethyl-5,6-dihydropyrimidin-4(3H)-one (DB07519)","0.9501","http://www.drugbank.ca/drugs/DB07519"
"73","N-(P-CYANOPHENYL)-N'-DIPHENYLMETHYL-GUANIDINE-ACETIC ACID (DB07816)","0.9500","http://www.drugbank.ca/drugs/DB07816"
"74","FR233623 (DB03220)","0.9498","http://www.drugbank.ca/drugs/DB03220"
"75","(2Z,3E)-2,3'-BIINDOLE-2',3(1H,1'H)-DIONE 3-{O-[(3R)-3,4-DIHYDROXYBUTYL]OXIME} (DB07766)","0.9493","http://www.drugbank.ca/drugs/DB07766"
"76","Flunarizine (DB04841)","0.9491","http://www.drugbank.ca/drugs/DB04841"
"77","6-(3-AMINOPROPYL)-4,9-DIMETHYLPYRROLO[3,4-C]CARBAZOLE-1,3(2H,6H)-DIONE (DB07444)","0.9490","http://www.drugbank.ca/drugs/DB07444"
"78","4-(2-chlorophenyl)-8-(2-hydroxyethyl)-6-methylpyrrolo[3,4-e]indole-1,3(2H,6H)-dione (DB07257)","0.9488","http://www.drugbank.ca/drugs/DB07257"
"79","2-{4-[(3,5-DIMETHYLANILINO)-CARBONYL-METHYL]-PHENOXY}-2-METHYLPROPIONIC ACID (DB08486)","0.9487","http://www.drugbank.ca/drugs/DB08486"
"80","({3-[1-(4-HYDROXY-2-OXO-2H-CHROMEN-3-YL)-PROPYL]-PHENYLCARBAMOYL}-METHYL)-CARBAMIC ACID TERT-BUTYL ESTER (DB08664)","0.9481","http://www.drugbank.ca/drugs/DB08664"
"81","Quinacrine (DB01103)","0.9481","http://www.drugbank.ca/drugs/DB01103"
"82","(2R)-4-(2-BENZOYL-1,2-DIAZEPAN-1-YL)-4-OXO-1-(2,4,5-TRIFLUOROPHENYL)BUTAN-2-AMINE (DB08051)","0.9481","http://www.drugbank.ca/drugs/DB08051"
"83","5-(5-chloro-2,4-dihydroxyphenyl)-N-ethyl-4-[4-(morpholin-4-ylmethyl)phenyl]isoxazole-3-carboxamide (DB06961)","0.9480","http://www.drugbank.ca/drugs/DB06961"
"84","Encainide (DB01228)","0.9479","http://www.drugbank.ca/drugs/DB01228"
"85","(1S,5S,7R)-N~7~-(BIPHENYL-4-YLMETHYL)-N~3~-HYDROXY-6,8-DIOXA-3-AZABICYCLO[3.2.1]OCTANE-3,7-DICARBOXAMIDE (DB07026)","0.9478","http://www.drugbank.ca/drugs/DB07026"
"86","Cinnarizine (DB00568)","0.9477","http://www.drugbank.ca/drugs/DB00568"
"87","Tamoxifen (DB00675)","0.9476","http://www.drugbank.ca/drugs/DB00675"
"88","Cinchocaine (DB00527)","0.9475","http://www.drugbank.ca/drugs/DB00527"
"89","2-{4-[5-(4-chlorophenyl)-4-pyrimidin-4-yl-1H-pyrazol-3-yl]piperidin-1-yl}-2-oxoethanol (DB07943)","0.9475","http://www.drugbank.ca/drugs/DB07943"
"90","Toremifene (DB00539)","0.9470","http://www.drugbank.ca/drugs/DB00539"
"91","5-(4-METHYL-BENZOYLAMINO)-BIPHENYL-3,4'-DICARBOXYLIC ACID 3-DIMETHYLAMIDE-4'-HYDROXYAMIDE (DB07586)","0.9468","http://www.drugbank.ca/drugs/DB07586"
"92","Meclizine (DB00737)","0.9460","http://www.drugbank.ca/drugs/DB00737"
"93","Fluvastatin (DB01095)","0.9460","http://www.drugbank.ca/drugs/DB01095"
"94","1-(CYCLOHEXYLAMINO)-3-(6-METHYL-3,4-DIHYDRO-1H-CARBAZOL-9(2H)-YL)PROPAN-2-OL (DB07061)","0.9459","http://www.drugbank.ca/drugs/DB07061"
"95","7-[3-(4-FLUORO-PHENYL)-1-ISOPROPYL-1H-INDOL-2-YL]-3,5-DIHYDROXY-HEPTANOIC ACID (DB06846)","0.9458","http://www.drugbank.ca/drugs/DB06846"
"96","(R)-N-(3-Indol-1-Yl-2-Methyl-Propyl)-4-Sulfamoyl-Benzamide (DB02479)","0.9456","http://www.drugbank.ca/drugs/DB02479"
"97","(S)-N-(3-Indol-1-Yl-2-Methyl-Propyl)-4-Sulfamoyl-Benzamide (DB03950)","0.9456","http://www.drugbank.ca/drugs/DB03950"
"98","3-[(Acetyl-Methyl-Amino)-Methyl]-4-Amino-N-Methyl-N-(1-Methyl-1h-Indol-2-Ylmethyl)-Benzamide (DB03534)","0.9454","http://www.drugbank.ca/drugs/DB03534"
"99","5-cyclopropyl-2-(4-fluorophenyl)-6-[(2-hydroxyethyl)(methylsulfonyl)amino]-N-methyl-1-benzofuran-3-carboxamide (DB07238)","0.9454","http://www.drugbank.ca/drugs/DB07238"
"100","Rbt205 Inhibitor (DB03777)","0.9452","http://www.drugbank.ca/drugs/DB03777"
"101","4-(BENZHYDRYLOXY)-1-[3-(1H-TETRAAZOL-5-YL)PROPYL]PIPERIDINE (DB07917)","0.9451","http://www.drugbank.ca/drugs/DB07917"
"102","Licofelone (DB04725)","0.9450","http://www.drugbank.ca/drugs/DB04725"
"103","Indomethacin (DB00328)","0.9450","http://www.drugbank.ca/drugs/DB00328"
"104","8-bromo-4-(2-chlorophenyl)-N-(2-hydroxyethyl)-6-methyl-1,3-dioxo-1,2,3,6-tetrahydropyrrolo[3,4-e]indole-7-carboxamide (DB08365)","0.9447","http://www.drugbank.ca/drugs/DB08365"
"105","N-{[4-(but-2-yn-1-yloxy)phenyl]sulfonyl}-5-methyl-D-tryptophan (DB07233)","0.9445","http://www.drugbank.ca/drugs/DB07233"
"106","(1-Tert-Butyl-5-Hydroxy-1h-Pyrazol-4-Yl)-(6-Methanesulfonyl-4'-Methoxy-2-Methyl-Biphenyl-3-Yl)-Methanone (DB02850)","0.9444","http://www.drugbank.ca/drugs/DB02850"
"107","3-[(1R)-1-(2,6-dichloro-3-fluorophenyl)ethoxy]-5-(1-piperidin-4-yl-1H-pyrazol-4-yl)pyridin-2-amine (DB08700)","0.9443","http://www.drugbank.ca/drugs/DB08700"
"108","N-{(1s)-4-[Bis(2-Chloroethyl)Amino]-1-Methylbutyl}-N-(6-Chloro-2-Methoxy-9-Acridinyl)Amine (DB02240)","0.9437","http://www.drugbank.ca/drugs/DB02240"
"109","Afimoxifene (DB04468)","0.9436","http://www.drugbank.ca/drugs/DB04468"
"110","4-({[4-(3-METHYLBENZOYL)PYRIDIN-2-YL]AMINO}METHYL)BENZENECARBOXIMIDAMIDE (DB07809)","0.9431","http://www.drugbank.ca/drugs/DB07809"
"111","3-(2-AMINO-6-BENZOYLQUINAZOLIN-3(4H)-YL)-N-CYCLOHEXYL-N-METHYLPROPANAMIDE (DB08749)","0.9429","http://www.drugbank.ca/drugs/DB08749"
"112","N-({6-[(4-CYANO-2-FLUOROBENZYL)OXY]NAPHTHALEN-2-YL}SULFONYL)-D-GLUTAMIC ACID (DB08112)","0.9424","http://www.drugbank.ca/drugs/DB08112"
"113","(3R,4R)-1-{6-[3-(METHYLSULFONYL)PHENYL]PYRIMIDIN-4-YL}-4-(2,4,5-TRIFLUOROPHENYL)PIPERIDIN-3-AMINE (DB08164)","0.9424","http://www.drugbank.ca/drugs/DB08164"
"114","2-[4-chloro-2-(phenylcarbonyl)phenoxy]-N-phenylacetamide (DB07826)","0.9418","http://www.drugbank.ca/drugs/DB07826"
"115","3-FLUORO-N-1H-INDOL-5-YL-5-MORPHOLIN-4-YLBENZAMIDE (DB08092)","0.9418","http://www.drugbank.ca/drugs/DB08092"
"116","Pitavastatin (DB08860)","0.9415","http://www.drugbank.ca/drugs/DB08860"
"117","5-{[1-(2,3-dichlorobenzyl)piperidin-4-yl]methoxy}quinazoline-2,4-diamine (DB07643)","0.9414","http://www.drugbank.ca/drugs/DB07643"
"118","6-CARBAMIMIDOYL-4-(3-HYDROXY-2-METHYL-BENZOYLAMINO)-NAPHTHALENE-2-CARBOXYLIC ACID METHYL ESTER (DB07074)","0.9412","http://www.drugbank.ca/drugs/DB07074"
"119","Ziprasidone (DB00246)","0.9411","http://www.drugbank.ca/drugs/DB00246"
"120","3-(HYDROXYMETHYL)-1-METHYL-5-(2-METHYLAZIRIDIN-1-YL)-2-PHENYL-1H-INDOLE-4,7-DIONE (DB07385)","0.9408","http://www.drugbank.ca/drugs/DB07385"
"121","Flavopiridol (DB03496)","0.9408","http://www.drugbank.ca/drugs/DB03496"
"122","D-phenylalanyl-N-(3-fluorobenzyl)-L-prolinamide (DB07027)","0.9404","http://www.drugbank.ca/drugs/DB07027"
"123","Tadalafil (DB00820)","0.9403","http://www.drugbank.ca/drugs/DB00820"
"124","CRA_10433 (DB03173)","0.9403","http://www.drugbank.ca/drugs/DB03173"
"125","1-(5-Carboxypentyl)-5-[(2,6-Dichlorobenzyl)Oxy]-1 H-Indole-2-Carboxylic Acid (DB02316)","0.9402","http://www.drugbank.ca/drugs/DB02316"
"126","3-[1-(3-AMINOPROPYL)-1H-INDOL-3-YL]-4-(1H-INDOL-3-YL)-1H-PYRROLE-2,5-DIONE (DB07457)","0.9400","http://www.drugbank.ca/drugs/DB07457"
"127","CP-526423 (DB02089)","0.9399","http://www.drugbank.ca/drugs/DB02089"
"128","N-({6-[(4-CYANOBENZYL)OXY]NAPHTHALEN-2-YL}SULFONYL)-D-GLUTAMIC ACID (DB08108)","0.9399","http://www.drugbank.ca/drugs/DB08108"
"129","(3R,4S)-1-{6-[3-(METHYLSULFONYL)PHENYL]PYRIMIDIN-4-YL}-4-(2,4,5-TRIFLUOROPHENYL)PYRROLIDIN-3-AMINE (DB07666)","0.9398","http://www.drugbank.ca/drugs/DB07666"
"130","2-(Biphenyl-4-Sulfonyl)-1,2,3,4-Tetrahydro-Isoquinoline-3-Carboxylic Acid (DB03207)","0.9398","http://www.drugbank.ca/drugs/DB03207"
"131","Allyl-{6-[3-(4-Bromo-Phenyl)-Benzofuran-6-Yloxy]-Hexyl-}-Methyl-Amin (DB02339)","0.9398","http://www.drugbank.ca/drugs/DB02339"
"132","Indecainide (DB00192)","0.9397","http://www.drugbank.ca/drugs/DB00192"
"133","(9S)-9-[(8-AMMONIOOCTYL)AMINO]-1,2,3,4,9,10-HEXAHYDROACRIDINIUM (DB04617)","0.9396","http://www.drugbank.ca/drugs/DB04617"
"134","Irbesartan (DB01029)","0.9396","http://www.drugbank.ca/drugs/DB01029"
"135","3-[(2,4-Dichlorobenzoyl)(Isopropyl)Amino]-5-Phenylthiophene-2-Carboxylic Acid (DB03388)","0.9395","http://www.drugbank.ca/drugs/DB03388"
"136","1-[(3S)-5-PHENYL-3-THIOPHEN-2-YL-3H-1,4-BENZODIAZEPIN-2-YL]AZETIDIN-3-OL (DB08698)","0.9395","http://www.drugbank.ca/drugs/DB08698"
"137","N-(4-carbamimidoylbenzyl)-1-(3-phenylpropanoyl)-L-prolinamide (DB06942)","0.9394","http://www.drugbank.ca/drugs/DB06942"
"138","Tolterodine (DB01036)","0.9391","http://www.drugbank.ca/drugs/DB01036"
"139","2-METHYL-2-(4-{[({4-METHYL-2-[4-(TRIFLUOROMETHYL)PHENYL]-1,3-THIAZOL-5-YL}CARBONYL)AMINO]METHYL}PHENOXY)PROPANOIC ACID (DB07215)","0.9384","http://www.drugbank.ca/drugs/DB07215"
"140","CRA_10991 (DB01771)","0.9384","http://www.drugbank.ca/drugs/DB01771"
"141","2-{[(6-OXO-1,6-DIHYDROPYRIDIN-3-YL)METHYL]AMINO}-N-[4-PROPYL-3-(TRIFLUOROMETHYL)PHENYL]BENZAMIDE (DB07831)","0.9381","http://www.drugbank.ca/drugs/DB07831"
"142","D-phenylalanyl-N-benzyl-L-prolinamide (DB07143)","0.9380","http://www.drugbank.ca/drugs/DB07143"
"143","Haloperidol (DB00502)","0.9378","http://www.drugbank.ca/drugs/DB00502"
"144","Eltrombopag (DB06210)","0.9376","http://www.drugbank.ca/drugs/DB06210"
"145","Mepenzolate (DB04843)","0.9374","http://www.drugbank.ca/drugs/DB04843"
"146","N-({(2S)-1-[(3R)-3-AMINO-4-(2-FLUOROPHENYL)BUTANOYL]PYRROLIDIN-2-YL}METHYL)BENZAMIDE (DB07779)","0.9373","http://www.drugbank.ca/drugs/DB07779"
"147","(5-(aminomethyl)-2H-spiro[benzofuran-3,4'-piperidine]-1'-yl)(5-(phenylethynyl)furan-2-yl)methanone (DB06962)","0.9372","http://www.drugbank.ca/drugs/DB06962"
"148","1-{2-[(4-CHLOROPHENYL)AMINO]-2-OXOETHYL}-N-(1-ISOPROPYLPIPERIDIN-4-YL)-1H-INDOLE-2-CARBOXAMIDE (DB07974)","0.9372","http://www.drugbank.ca/drugs/DB07974"
"149","N-(TRANS-4'-NITRO-4-STILBENYL)-N-METHYL-5-AMINO-PENTANOIC ACID (DB08635)","0.9370","http://www.drugbank.ca/drugs/DB08635"
"150","Rimonabant (DB06155)","0.9368","http://www.drugbank.ca/drugs/DB06155"
"151","3-(1,1-dioxido-4H-1,2,4-benzothiadiazin-3-yl)-4-hydroxy-1-(3-methylbutyl)quinolin-2(1H)-one (DB07275)","0.9365","http://www.drugbank.ca/drugs/DB07275"
"152","5-hydroxy-4-(7-methoxy-1,1-dioxido-2H-1,2,4-benzothiadiazin-3-yl)-2-(3-methylbutyl)-6-phenylpyridazin-3(2H)-one (DB06974)","0.9365","http://www.drugbank.ca/drugs/DB06974"
"153","(2e)-N-Allyl-4-{[3-(4-Bromophenyl)-5-Fluoro-1-Methyl-1h-Indazol-6-Yl]Oxy}-N-Methyl-2-Buten-1-Amine (DB02139)","0.9364","http://www.drugbank.ca/drugs/DB02139"
"154","D-phenylalanyl-N-(3-methylbenzyl)-L-prolinamide (DB07133)","0.9362","http://www.drugbank.ca/drugs/DB07133"
"155","3-HYDROXYPROPYL 3-[({7-[AMINO(IMINO)METHYL]-1-NAPHTHYL}AMINO)CARBONYL]BENZENESULFONATE (DB07022)","0.9361","http://www.drugbank.ca/drugs/DB07022"
"156","1-ethyl-N-(phenylmethyl)-4-(tetrahydro-2H-pyran-4-ylamino)-1H-pyrazolo[3,4-b]pyridine-5-carboxamide (DB06909)","0.9360","http://www.drugbank.ca/drugs/DB06909"
"157","Citalopram (DB00215)","0.9357","http://www.drugbank.ca/drugs/DB00215"
"158","Escitalopram (DB01175)","0.9357","http://www.drugbank.ca/drugs/DB01175"
"159","[5-AMINO-1-(4-FLUOROPHENYL)-1H-PYRAZOL-4-YL](3-{[(2R)-2,3-DIHYDROXYPROPYL]OXY}PHENYL)METHANONE (DB08424)","0.9356","http://www.drugbank.ca/drugs/DB08424"
"160","N-[3-(2-fluoroethoxy)phenyl]-N'-(1,3,4-trioxo-1,2,3,4-tetrahydroisoquinolin-6-yl)butanediamide (DB08499)","0.9355","http://www.drugbank.ca/drugs/DB08499"
"161","D-phenylalanyl-N-(3-chlorobenzyl)-L-prolinamide (DB06919)","0.9352","http://www.drugbank.ca/drugs/DB06919"
"162","1-[1'-(3-phenylacryloyl)spiro[1-benzofuran-3,4'-piperidin]-5-yl]methanamine (DB06849)","0.9352","http://www.drugbank.ca/drugs/DB06849"
"163","Olopatadine (DB00768)","0.9350","http://www.drugbank.ca/drugs/DB00768"
"164","1-{(1R,2S)-2-HYDROXY-1-[2-(2-NAPHTHYLOXY)ETHYL]PROPYL}-1H-IMIDAZONE-4-CARBOXAMIDE (DB07785)","0.9346","http://www.drugbank.ca/drugs/DB07785"
"165","6-FLUORO-2-[2-HYDROXY-3-(2-METHYL-CYCLOHEXYLOXY)-PHENYL]-1H-INDOLE-5-CARBOXAMIDINE (DB06856)","0.9344","http://www.drugbank.ca/drugs/DB06856"
"166","Amodiaquine (DB00613)","0.9343","http://www.drugbank.ca/drugs/DB00613"
"167","Diampromide (DB01502)","0.9343","http://www.drugbank.ca/drugs/DB01502"
"168","1-((1R)-1-(HYDROXYMETHYL)-3-{6-[(3-PHENYLPROPANOYL)AMINO]-1H-INDOL-1-YL}PROPYL)-1H-IMIDAZOLE-4-CARBOXAMIDE (DB07783)","0.9342","http://www.drugbank.ca/drugs/DB07783"
"169","2-Hydroxy-5-({1-[(2-Naphthyloxy)Methyl]-3-Oxoprop-1-Enyl}Amino)Tyrosine (DB02511)","0.9341","http://www.drugbank.ca/drugs/DB02511"
"170","N-(7-CARBAMIMIDOYL-NAPHTHALEN-1-YL)-3-HYDROXY-2-METHYL-BENZAMIDE (DB07212)","0.9341","http://www.drugbank.ca/drugs/DB07212"
"171","Dimenoxadol (DB01461)","0.9340","http://www.drugbank.ca/drugs/DB01461"
"172","(3Z)-6-(4-HYDROXY-3-METHOXYPHENYL)-3-(1H-PYRROL-2-YLMETHYLENE)-1,3-DIHYDRO-2H-INDOL-2-ONE (DB07078)","0.9337","http://www.drugbank.ca/drugs/DB07078"
"173","3-[1-(3-Aminopropyl)-1h-Indol-3-Yl]-4-(1-Methyl-1h-Indol-3-Yl)-1h-Pyrrole-2,5-Dione (DB01946)","0.9336","http://www.drugbank.ca/drugs/DB01946"
"174","Propiomazine (DB00777)","0.9336","http://www.drugbank.ca/drugs/DB00777"
"175","OPC-51803 (DB05838)","0.9334","http://www.drugbank.ca/drugs/DB05838"
"176","2-[({2-[(1Z)-3-(DIMETHYLAMINO)PROP-1-ENYL]-4-FLUOROPHENYL}SULFONYL)AMINO]-5,6,7,8-TETRAHYDRONAPHTHALENE-1-CARBOXYLIC ACID (DB07323)","0.9333","http://www.drugbank.ca/drugs/DB07323"
"177","5-[1-(3,4-Dimethoxy-Benzoyl)-1,2,3,4-Tetrahydro-Quinolin-6-Yl]-6-Methyl-3,6-Dihydro-[1,3,4]Thiadiazin-2-One (DB03944)","0.9332","http://www.drugbank.ca/drugs/DB03944"
"178","N-[(2R,3S)-3-AMINO-2-HYDROXY-4-PHENYLBUTYL]NAPHTHALENE-2-SULFONAMIDE (DB07522)","0.9332","http://www.drugbank.ca/drugs/DB07522"
"179","6-BENZYL-1-BENZYLOXYMETHYL-5-ISOPROPYL URACIL (DB08634)","0.9332","http://www.drugbank.ca/drugs/DB08634"
"180","Sulindac (DB00605)","0.9331","http://www.drugbank.ca/drugs/DB00605"
"181","N-[amino(imino)methyl]-2-[2-(2-chlorophenyl)-4-(4-propoxyphenyl)-3-thienyl]acetamide (DB07089)","0.9331","http://www.drugbank.ca/drugs/DB07089"
"182","[{2-bromo-4-[(2R)-3-oxo-2,3-diphenylpropyl]phenyl}(difluoro)methyl]phosphonic acid (DB07263)","0.9330","http://www.drugbank.ca/drugs/DB07263"
"183","ISOQUINOLINE-5-SULFONIC ACID (2-(2-(4-CHLOROBENZYLOXY)ETHYLAMINO)ETHYL)AMIDE (DB07947)","0.9330","http://www.drugbank.ca/drugs/DB07947"
"184","(2z)-2-(Benzoylamino)-3-[4-(2-Bromophenoxy)Phenyl]-2-Propenoic Acid (DB01720)","0.9329","http://www.drugbank.ca/drugs/DB01720"
"185","Pagoclone (DB04903)","0.9328","http://www.drugbank.ca/drugs/DB04903"
"186","Dextropropoxyphene (DB00647)","0.9328","http://www.drugbank.ca/drugs/DB00647"
"187","N-[[2-METHYL-4-HYDROXYCARBAMOYL]BUT-4-YL-N]-BENZYL-P-[PHENYL]-P-[METHYL]PHOSPHINAMID (DB08507)","0.9327","http://www.drugbank.ca/drugs/DB08507"
"188","6-(4-{(1S,2S)-2-AMINO-1-[(DIMETHYLAMINO)CARBONYL]-3-[(3S)-3-FLUOROPYRROLIDIN-1-YL]-3-OXOPROPYL}PHENYL)-1H-[1,2,4]TRIAZOLO[1,5-A]PYRIDIN-4-IUM (DB08504)","0.9324","http://www.drugbank.ca/drugs/DB08504"
"189","Diphenidol (DB01231)","0.9320","http://www.drugbank.ca/drugs/DB01231"
"190","N-[(Furan-2-Yl)Carbonyl]-(S)-Leucyl-(R)-[1-Amino-2(1h-Indol-3-Yl)Ethyl]-Phosphonic Acid (DB02046)","0.9320","http://www.drugbank.ca/drugs/DB02046"
"191","PYRIMIDINE-4,6-DICARBOXYLIC ACID BIS-(3-METHYL-BENZYLAMIDE) (DB04759)","0.9319","http://www.drugbank.ca/drugs/DB04759"
"192","PYRIMIDINE-4,6-DICARBOXYLIC ACID BIS-(4-FLUORO-3-METHYL-BENZYLAMIDE) (DB04760)","0.9316","http://www.drugbank.ca/drugs/DB04760"
"193","(2S)-2-(3-{[AMINO(IMINO)METHYL]AMINO}PHENYL)-3-[(S)-HYDROXY(3-PHENYLPROPYL)PHOSPHORYL]PROPANOIC ACID (DB07182)","0.9312","http://www.drugbank.ca/drugs/DB07182"
"194","Etonitazene (DB01462)","0.9310","http://www.drugbank.ca/drugs/DB01462"
"195","GC-24 (DB03788)","0.9309","http://www.drugbank.ca/drugs/DB03788"
"196","FAMOXADONE (DB07778)","0.9306","http://www.drugbank.ca/drugs/DB07778"
"197","Propericiazine (DB01608)","0.9304","http://www.drugbank.ca/drugs/DB01608"
"198","4-BROMO-2-FLUORO-N-[(4E)-6-METHOXY-7-[(1-METHYLPIPERIDIN-4-YL)METHOXY]QUINAZOLIN-4(1H)-YLIDENE]ANILINE (DB08764)","0.9303","http://www.drugbank.ca/drugs/DB08764"
"199","Ivacaftor (DB08820)","0.9293","http://www.drugbank.ca/drugs/DB08820"
"200","4-(2-HYDROXYBENZYLAMINO)-N-(3-(4-FLUOROPHENOXY)PHENYL)PIPERIDINE-1-SULFONAMIDE (DB04632)","0.9289","http://www.drugbank.ca/drugs/DB04632"
"201","Clonitazene (DB01523)","0.9289","http://www.drugbank.ca/drugs/DB01523"
"202","Pentamidine (DB00738)","0.9287","http://www.drugbank.ca/drugs/DB00738"
"203","Methantheline (DB00940)","0.9284","http://www.drugbank.ca/drugs/DB00940"
"204","N-{2'-[(4-FLUOROPHENYL)AMINO]-4,4'-BIPYRIDIN-2-YL}-4-METHOXYCYCLOHEXANECARBOXAMIDE (DB08025)","0.9279","http://www.drugbank.ca/drugs/DB08025"
"205","3-{3-bromo-4-[(2,4-difluorobenzyl)oxy]-6-methyl-2-oxopyridin-1(2H)-yl}-N,4-dimethylbenzamide (DB07941)","0.9278","http://www.drugbank.ca/drugs/DB07941"
"206","N-[2-(4-BROMOCINNAMYLAMINO)ETHYL]-5-ISOQUINOLINE SULFONAMIDE (DB07995)","0.9275","http://www.drugbank.ca/drugs/DB07995"
"207","DERIVATIVE OF AKLANONIC ACID METHYL ESTER (AAME) (DB04624)","0.9271","http://www.drugbank.ca/drugs/DB04624"
"208","Diltiazem (DB00343)","0.9271","http://www.drugbank.ca/drugs/DB00343"
"209","(5E,7S)-2-amino-7-(4-fluoro-2-pyridin-3-ylphenyl)-4-methyl-7,8-dihydroquinazolin-5(6H)-one oxime (DB08197)","0.9269","http://www.drugbank.ca/drugs/DB08197"
"210","Dextromoramide (DB01529)","0.9269","http://www.drugbank.ca/drugs/DB01529"
"211","4,4'[1,6-Hexanediylbis(Oxy)]Bisbenzenecarboximidamide (DB03808)","0.9268","http://www.drugbank.ca/drugs/DB03808"
"212","+/-METHYL 4-(AMINOIMINOMETHYL)-BETA-[3- INH (AMINOIMINO)PHENYL]BENZENE PENTANOATE (DB07985)","0.9268","http://www.drugbank.ca/drugs/DB07985"
"213","1-Acetyl-4-(4-{4-[(2-Ethoxyphenyl)Thio]-3-Nitrophenyl}Pyridin-2-Yl)Piperazine (DB02177)","0.9267","http://www.drugbank.ca/drugs/DB02177"
"214","Merimepodib (DB04862)","0.9266","http://www.drugbank.ca/drugs/DB04862"
"215","Dioxaphetyl butyrate (DB01475)","0.9263","http://www.drugbank.ca/drugs/DB01475"
"216","Diphemanil Methylsulfate (DB00729)","0.9263","http://www.drugbank.ca/drugs/DB00729"
"217","N-[(2R,3S)-3-AMINO-2-HYDROXY-4-PHENYLBUTYL]-4-METHOXY-2,3,6-TRIMETHYLBENZENESULFONAMIDE (DB07527)","0.9261","http://www.drugbank.ca/drugs/DB07527"
"218","Talampanel (DB04982)","0.9256","http://www.drugbank.ca/drugs/DB04982"
"219","Anileridine (DB00913)","0.9255","http://www.drugbank.ca/drugs/DB00913"
"220","Vandetanib (DB05294)","0.9253","http://www.drugbank.ca/drugs/DB05294"
"221","N-[5-(1,1-DIOXIDOISOTHIAZOLIDIN-2-YL)-1H-INDAZOL-3-YL]-2-(4-PIPERIDIN-1-YLPHENYL)ACETAMIDE (DB07220)","0.9252","http://www.drugbank.ca/drugs/DB07220"
"222","Sertindole (DB06144)","0.9249","http://www.drugbank.ca/drugs/DB06144"
"223","Pioglitazone (DB01132)","0.9248","http://www.drugbank.ca/drugs/DB01132"
"224","6,7-DIMETHOXY-4-[(3R)-3-(2-NAPHTHYLOXY)PYRROLIDIN-1-YL]QUINAZOLINE (DB08389)","0.9246","http://www.drugbank.ca/drugs/DB08389"
"225","HCV-086 (DB05884)","0.9245","http://www.drugbank.ca/drugs/DB05884"
"226","2-(4-fluorophenyl)-N-{[3-fluoro-4-(1H-pyrrolo[2,3-b]pyridin-4-yloxy)phenyl]carbamoyl}acetamide (DB06997)","0.9244","http://www.drugbank.ca/drugs/DB06997"
"227","FR236913 (DB02830)","0.9244","http://www.drugbank.ca/drugs/DB02830"
"228","1-(3-(2,4-DIMETHYLTHIAZOL-5-YL)-4-OXO-2,4-DIHYDROINDENO[1,2-C]PYRAZOL-5-YL)-3-(4-METHYLPIPERAZIN-1-YL)UREA (DB07622)","0.9242","http://www.drugbank.ca/drugs/DB07622"
"229","1-(2-CYCLOPROPYLETHYL)-3-(1,1-DIOXIDO-2H-1,2,4-BENZOTHIADIAZIN-3-YL)-6-FLUORO-4-HYDROXYQUINOLIN-2(1H)-ONE (DB08278)","0.9238","http://www.drugbank.ca/drugs/DB08278"
"230","Compound 9 (DB02014)","0.9238","http://www.drugbank.ca/drugs/DB02014"
"231","(13R,15S)-13-METHYL-16-OXA-8,9,12,22,24-PENTAAZAHEXACYCLO[15.6.2.16,9.1,12,15.0,2,7.0,21,25]HEPTACOSA-1(24),2,4,6,17(25),18,20-HEPTAENE-23,26-DIONE (DB06888)","0.9238","http://www.drugbank.ca/drugs/DB06888"
"232","4-chloro-6-{5-[(2-morpholin-4-ylethyl)amino]-1,2-benzisoxazol-3-yl}benzene-1,3-diol (DB07601)","0.9238","http://www.drugbank.ca/drugs/DB07601"
"233","1-((1R,2S)-1-{2-[2-(4-CHLOROPHENYL)-1,3-BENZOXAZOL-7-YL]ETHYL}-2-HYDROXYPROPYL)-1H-IMIDAZOLE-4-CARBOXAMIDE (DB07786)","0.9235","http://www.drugbank.ca/drugs/DB07786"
"234","(5Z)-3-(4-CHLOROPHENYL)-4-HYDROXY-5-(1-NAPHTHYLMETHYLENE)FURAN-2(5H)-ONE (DB07296)","0.9233","http://www.drugbank.ca/drugs/DB07296"
"235","1-((2-HYDROXYETHOXY)METHYL)-5-(3-(BENZYLOXY)BENZYL)PYRIMIDINE-2,4(1H,3H)-DIONE (DB06873)","0.9233","http://www.drugbank.ca/drugs/DB06873"
"236","Atovaquone (DB01117)","0.9232","http://www.drugbank.ca/drugs/DB01117"
"237","Topotecan (DB01030)","0.9231","http://www.drugbank.ca/drugs/DB01030"
"238","Rosiglitazone (DB00412)","0.9231","http://www.drugbank.ca/drugs/DB00412"
"239","Beta-hydroxyfentanyl (DB01453)","0.9227","http://www.drugbank.ca/drugs/DB01453"
"240","N-({4-[(2-aminopyridin-4-yl)oxy]-3-fluorophenyl}carbamoyl)-2-(4-fluorophenyl)acetamide (DB06995)","0.9221","http://www.drugbank.ca/drugs/DB06995"
"241","AZD2563 (DB04850)","0.9219","http://www.drugbank.ca/drugs/DB04850"
"242","Fentanyl (DB00813)","0.9219","http://www.drugbank.ca/drugs/DB00813"
"243","(1-Methyl-1h-Imidazol-2-Yl)-(3-Methyl-4-{3-[(Pyridin-3-Ylmethyl)-Amino]-Propoxy}-Benzofuran-2-Yl)-Methanone (DB03062)","0.9219","http://www.drugbank.ca/drugs/DB03062"
"244","(1S)-1-CYCLOPROPYL-2-[(2S)-4-(2,5-DIFLUOROPHENYL)-2-PHENYL-2,5-DIHYDRO-1H-PYRROL-1-YL]-2-OXOETHANAMINE (DB08244)","0.9217","http://www.drugbank.ca/drugs/DB08244"
"245","1-[3-({[(4-AMINO-5-FLUORO-2-METHYLQUINOLIN-3-YL)METHYL]THIO}METHYL)PHENYL]-2,2,2-TRIFLUOROETHANE-1,1-DIOL (DB07756)","0.9211","http://www.drugbank.ca/drugs/DB07756"
"246","Amineptine (DB04836)","0.9207","http://www.drugbank.ca/drugs/DB04836"
"247","Zuclopenthixol acetate (DB08919)","0.9206","http://www.drugbank.ca/drugs/DB08919"
"248","WAY-151693 (DB02071)","0.9205","http://www.drugbank.ca/drugs/DB02071"
"249","Temafloxacin (DB01405)","0.9201","http://www.drugbank.ca/drugs/DB01405"
"250","Ketazolam (DB01587)","0.9201","http://www.drugbank.ca/drugs/DB01587"
"251","Reboxetine (DB00234)","0.9200","http://www.drugbank.ca/drugs/DB00234"
"252","2,6-DIMETHYL-1-(3-[3-METHYL-5-ISOXAZOLYL]-PROPANYL)-4-[2-METHYL-4-ISOXAZOLYL]-PHENOL (DB08715)","0.9200","http://www.drugbank.ca/drugs/DB08715"
"253","Flurazepam (DB00690)","0.9197","http://www.drugbank.ca/drugs/DB00690"
"254","(4R)-4-(3-HYDROXYPHENYL)-N,N,7,8-TETRAMETHYL-3,4-DIHYDROISOQUINOLINE-2(1H)-CARBOXAMIDE (DB07064)","0.9196","http://www.drugbank.ca/drugs/DB07064"
"255","(3R,4S)-1-[6-(6-METHOXYPYRIDIN-3-YL)PYRIMIDIN-4-YL]-4-(2,4,5-TRIFLUOROPHENYL)PYRROLIDIN-3-AMINE (DB08445)","0.9193","http://www.drugbank.ca/drugs/DB08445"
"256","4-CHLORO-6-(4-{4-[4-(METHYLSULFONYL)BENZYL]PIPERAZIN-1-YL}-1H-PYRAZOL-5-YL)BENZENE-1,3-DIOL (DB06957)","0.9193","http://www.drugbank.ca/drugs/DB06957"
"257","Lobeline (DB05137)","0.9190","http://www.drugbank.ca/drugs/DB05137"
"258","1-CYCLOHEXYL-N-{[1-(4-METHYLPHENYL)-1H-INDOL-3-YL]METHYL}METHANAMINE (DB06833)","0.9189","http://www.drugbank.ca/drugs/DB06833"
"259","(4R,5R)-5-AMINO-1-[2-(1,3-BENZODIOXOL-5-YL)ETHYL]-4-(2,4,5-TRIFLUOROPHENYL)PIPERIDIN-2-ONE (DB07830)","0.9186","http://www.drugbank.ca/drugs/DB07830"
"260","Ciprofloxacin (DB00537)","0.9182","http://www.drugbank.ca/drugs/DB00537"
"261","99mTc-ciprofloxacin (DB05488)","0.9182","http://www.drugbank.ca/drugs/DB05488"
"262","(2R,4R)-N~1~-(4-CHLOROPHENYL)-N~2~-[2-FLUORO-4-(2-OXOPYRIDIN-1(2H)-YL)PHENYL]-4-METHOXYPYRROLIDINE-1,2-DICARBOXAMIDE (DB06920)","0.9181","http://www.drugbank.ca/drugs/DB06920"
"263","Cetirizine (DB00341)","0.9180","http://www.drugbank.ca/drugs/DB00341"
"264","Colchicine (DB01394)","0.9178","http://www.drugbank.ca/drugs/DB01394"
"265","Grepafloxacin (DB00365)","0.9177","http://www.drugbank.ca/drugs/DB00365"
"266","1-(3-HYDROXYPROPYL)-2-[(3-NITROBENZOYL)AMINO]-1H-BENZIMIDAZOL-5-YL PIVALATE (DB08590)","0.9173","http://www.drugbank.ca/drugs/DB08590"
"267","5-(3-{3-[3-HYDROXY-2-(METHOXYCARBONYL)PHENOXY]PROPENYL}PHENYL)-4-(HYDROXYMETHYL)ISOXAZOLE-3-CARBOXYLIC ACID (DB08001)","0.9169","http://www.drugbank.ca/drugs/DB08001"
"268","5-AMINO-2-{4-[(4-AMINOPHENYL)SULFANYL]PHENYL}-1H-ISOINDOLE-1,3(2H)-DIONE (DB07971)","0.9163","http://www.drugbank.ca/drugs/DB07971"
"269","RPR131247 (DB02744)","0.9160","http://www.drugbank.ca/drugs/DB02744"
"270","1-((2-HYDROXYETHOXY)METHYL)-5-(3-(BENZYLOXY)BENZYL)-6-HYDROXYPYRIMIDINE-2,4(1H,3H)-DIONE (DB07439)","0.9160","http://www.drugbank.ca/drugs/DB07439"
"271","SU4984 (DB02058)","0.9157","http://www.drugbank.ca/drugs/DB02058"
"272","Allyl-{4-[3-(4-Bromo-Phenyl)-Benzofuran-6-Yloxy]-but-2-Enyl}-Methyl-Amine (DB03771)","0.9155","http://www.drugbank.ca/drugs/DB03771"
"273","CRA_10950 (DB03494)","0.9153","http://www.drugbank.ca/drugs/DB03494"
"274","6-FLUORO-2-(2-HYDROXY-3-ISOBUTOXY-PHENYL)-1H-BENZOIMIDAZOLE-5-CARBOXAMIDINE (DB06855)","0.9153","http://www.drugbank.ca/drugs/DB06855"
"275","Sulfinpyrazone (DB01138)","0.9153","http://www.drugbank.ca/drugs/DB01138"
"276","Carvedilol (DB01136)","0.9152","http://www.drugbank.ca/drugs/DB01136"
"277","Raltitrexed (DB00293)","0.9147","http://www.drugbank.ca/drugs/DB00293"
"278","Camazepam (DB01489)","0.9146","http://www.drugbank.ca/drugs/DB01489"
"279","CRA_10655 (DB02526)","0.9146","http://www.drugbank.ca/drugs/DB02526"
"280","[4-({5-(AMINOCARBONYL)-4-[(3-METHYLPHENYL)AMINO]PYRIMIDIN-2-YL}AMINO)PHENYL]ACETIC ACID (DB08513)","0.9145","http://www.drugbank.ca/drugs/DB08513"
"281","Zuclopenthixol (DB01624)","0.9143","http://www.drugbank.ca/drugs/DB01624"
"282","Norfloxacin (DB01059)","0.9142","http://www.drugbank.ca/drugs/DB01059"
"283","Acetyl-alpha-methylfentanyl (DB01532)","0.9138","http://www.drugbank.ca/drugs/DB01532"
"284","Gefitinib (DB00317)","0.9138","http://www.drugbank.ca/drugs/DB00317"
"285","(2S)-2-ETHOXY-3-{4-[2-(10H-PHENOXAZIN-10-YL)ETHOXY]PHENYL}PROPANOIC ACID (DB07675)","0.9136","http://www.drugbank.ca/drugs/DB07675"
"286","(E)-3,4-DIHYDROXY-N'-[(2-METHOXYNAPHTHALEN-1-YL)METHYLENE]BENZOHYDRAZIDE (DB08034)","0.9131","http://www.drugbank.ca/drugs/DB08034"
"287","CI-1033 (DB05424)","0.9125","http://www.drugbank.ca/drugs/DB05424"
"288","2-(3-CHLORO-6-{[2,2-DIFLUORO-2-(1-OXIDOPYRIDIN-2-YL)ETHYL]AMINO}-1-OXIDOPYRIDIN-2-YL)-N-[1-(3-CHLOROPHENYL)ETHYL]ACETAMIDE (DB04722)","0.9125","http://www.drugbank.ca/drugs/DB04722"
"289","2-[(2-methoxyethyl)amino]-4-(4-oxo-1,2,3,4-tetrahydro-9H-carbazol-9-yl)benzamide (DB08557)","0.9124","http://www.drugbank.ca/drugs/DB08557"
"290","3-[3-(4-methylpiperazin-1-yl)-7-(trifluoromethyl)quinoxalin-5-yl]phenol (DB07969)","0.9123","http://www.drugbank.ca/drugs/DB07969"
"291","beta-phenyl-D-phenylalanyl-N-propyl-L-prolinamide (DB07083)","0.9122","http://www.drugbank.ca/drugs/DB07083"
"292","Clidinium (DB00771)","0.9115","http://www.drugbank.ca/drugs/DB00771"
"293","N-ETHYL-N-ISOPROPYL-3-METHYL-5-{[(2S)-2-(PYRIDIN-4-YLAMINO)PROPYL]OXY}BENZAMIDE (DB07279)","0.9112","http://www.drugbank.ca/drugs/DB07279"
"294","CD564 (DB02741)","0.9112","http://www.drugbank.ca/drugs/DB02741"
"295","Afatinib (DB08916)","0.9106","http://www.drugbank.ca/drugs/DB08916"
"296","LE-SN38 (DB05482)","0.9103","http://www.drugbank.ca/drugs/DB05482"
"297","S-{3-[(4-ANILINOQUINAZOLIN-6-YL)AMINO]-3-OXOPROPYL}-L-CYSTEINE (DB07602)","0.9102","http://www.drugbank.ca/drugs/DB07602"
"298","(S)-2-CHLORO-N-(1-(2-(2-HYDROXYETHYLAMINO)-2-OXOETHYL)-2-OXO-1,2,3,4-TETRAHYDROQUINOLIN-3-YL)-6H-THIENO[2,3-B]PYRROLE-5-CARBOXAMIDE (DB07792)","0.9101","http://www.drugbank.ca/drugs/DB07792"
"299","Lomefloxacin (DB00978)","0.9101","http://www.drugbank.ca/drugs/DB00978"
"300","Glisoxepide (DB01289)","0.9095","http://www.drugbank.ca/drugs/DB01289"
"301","GW 501516 (DB05416)","0.9094","http://www.drugbank.ca/drugs/DB05416"
"302","SR11254 (DB02258)","0.9094","http://www.drugbank.ca/drugs/DB02258"
"303","BMS184394 (DB03466)","0.9092","http://www.drugbank.ca/drugs/DB03466"
"304","N-{3-METHYL-5-[2-(PYRIDIN-4-YLAMINO)-ETHOXY]-PHENYL}-BENZENESULFONAMIDE (DB07944)","0.9091","http://www.drugbank.ca/drugs/DB07944"
"305","Thioridazine (DB00679)","0.9089","http://www.drugbank.ca/drugs/DB00679"
"306","Quetiapine (DB01224)","0.9089","http://www.drugbank.ca/drugs/DB01224"
"307","N-(5-CHLORO-BENZO[B]THIOPHEN-3-YLMETHYL)-2-[6-CHLORO-OXO-3-(2-PYRIDIN-2-YL-ETHYLAMINO)-2H-PYRAZIN-1-YL]-ACETAMIDE (DB07165)","0.9088","http://www.drugbank.ca/drugs/DB07165"
"308","Oxyphenisatin (DB04823)","0.9083","http://www.drugbank.ca/drugs/DB04823"
"309","4-[(1S)-1-(3-fluoro-4-methoxyphenyl)-2-(2-methoxy-5-nitrophenyl)ethyl]-1H-imidazol-2-amine (DB07415)","0.9080","http://www.drugbank.ca/drugs/DB07415"
"310","Nicergoline (DB00699)","0.9077","http://www.drugbank.ca/drugs/DB00699"
"311","5-[(2-methyl-5-{[3-(trifluoromethyl)phenyl]carbamoyl}phenyl)amino]pyridine-3-carboxamide (DB07970)","0.9076","http://www.drugbank.ca/drugs/DB07970"
"312","Zolpidem (DB00425)","0.9073","http://www.drugbank.ca/drugs/DB00425"
"313","Mesoridazine (DB00933)","0.9069","http://www.drugbank.ca/drugs/DB00933"
"314","6-[3-(4-Morpholinyl)Propyl]-2-(3-Nitrophenyl)-5-Thioxo-5,6,-Dihydro-7h-Thienol[2',3':4,5]Pyrrolo[1,2-C]Imidazol-7-One (DB03507)","0.9068","http://www.drugbank.ca/drugs/DB03507"
"315","Propantheline (DB00782)","0.9064","http://www.drugbank.ca/drugs/DB00782"
"316","2-[4-(4-Hydroxy-3-Isopropyl-Phenoxy)-3,5-Dimethyl-Phenyl]-2h-[1,2,4]Triazine-3,5-Dione (DB03181)","0.9061","http://www.drugbank.ca/drugs/DB03181"
"317","4-{[5-chloro-4-(1H-indol-3-yl)pyrimidin-2-yl]amino}-N-ethylpiperidine-1-carboxamide (DB08005)","0.9059","http://www.drugbank.ca/drugs/DB08005"
"318","Itopride (DB04924)","0.9058","http://www.drugbank.ca/drugs/DB04924"
"319","1-(2-Amidinophenyl)-3-(Phenoxyphenyl)Urea (DB03337)","0.9051","http://www.drugbank.ca/drugs/DB03337"
"320","5-ETHYL-3-[(2-METHOXYETHYL)METHYLAMINO]-6-METHYL-4-(3-METHYLBENZYL)PYRIDIN-2(1H)-ONE (DB07018)","0.9050","http://www.drugbank.ca/drugs/DB07018"
"321","Mitoxantrone (DB01204)","0.9048","http://www.drugbank.ca/drugs/DB01204"
"322","Loratadine (DB00455)","0.9046","http://www.drugbank.ca/drugs/DB00455"
"323","Moricizine (DB00680)","0.9043","http://www.drugbank.ca/drugs/DB00680"
"324","4-(2-aminoethoxy)-N-(2,5-diethoxyphenyl)-3,5-dimethylbenzamide (DB07625)","0.9040","http://www.drugbank.ca/drugs/DB07625"
"325","5-[4-(DIMETHYLAMINO)PHENYL]-6-[(6-MORPHOLIN-4-YLPYRIDIN-3-YL)ETHYNYL]PYRIMIDIN-4-AMINE (DB07280)","0.9038","http://www.drugbank.ca/drugs/DB07280"
"326","Chlorotrianisene (DB00269)","0.9036","http://www.drugbank.ca/drugs/DB00269"
"327","Acetophenazine (DB01063)","0.9034","http://www.drugbank.ca/drugs/DB01063"
"328","N-(3-TERT-BUTYL-1H-PYRAZOL-5-YL)-N'-{4-CHLORO-3-[(PYRIDIN-3-YLOXY)METHYL]PHENYL}UREA (DB08064)","0.9018","http://www.drugbank.ca/drugs/DB08064"
"329","Risperidone (DB00734)","0.9006","http://www.drugbank.ca/drugs/DB00734"
"330","{(2Z)-4-AMINO-2-[(4-METHOXYPHENYL)IMINO]-2,3-DIHYDRO-1,3-THIAZOL-5-YL}(4-METHOXYPHENYL)METHANONE (DB07488)","0.9005","http://www.drugbank.ca/drugs/DB07488"
"331","ZK-805623 (DB04432)","0.9004","http://www.drugbank.ca/drugs/DB04432"
"332","(2S)-1-{[5-(1H-INDAZOL-5-YL)PYRIDIN-3-YL]OXY}-3-[(7AS)-7AH-INDOL-3-YL]PROPAN-2-AMINE (DB06977)","0.8999","http://www.drugbank.ca/drugs/DB06977"
"333","TC-5619 (DB06090)","0.8996","http://www.drugbank.ca/drugs/DB06090"
"334","CRA_11092 (DB03555)","0.8994","http://www.drugbank.ca/drugs/DB03555"
"335","Thiothixene (DB01623)","0.8994","http://www.drugbank.ca/drugs/DB01623"
"336","(2R,3R)-7-(methylsulfonyl)-3-(2,4,5-trifluorophenyl)-1,2,3,4-tetrahydropyrido[1,2-a]benzimidazol-2-amine (DB07193)","0.8992","http://www.drugbank.ca/drugs/DB07193"
"337","5-CHLORO-N-((1R,2S)-2-(4-(2-OXOPYRIDIN-1(2H)-YL)BENZAMIDO) CYCLOPENTYL)THIOPHENE-2-CARBOXAMIDE (DB08174)","0.8991","http://www.drugbank.ca/drugs/DB08174"
"338","Pefloxacin (DB00487)","0.8986","http://www.drugbank.ca/drugs/DB00487"
"339","BNP 1350 (DB05806)","0.8980","http://www.drugbank.ca/drugs/DB05806"
"340","1-(5-BROMO-PYRIDIN-2-YL)-3-[2-(6-FLUORO-2-HYDROXY-3-PROPIONYL-PHENYL)-CYCLOPROPYL]-UREA (DB07451)","0.8975","http://www.drugbank.ca/drugs/DB07451"
"341","Levomethadyl Acetate (DB01227)","0.8975","http://www.drugbank.ca/drugs/DB01227"
"342","Methadyl Acetate (DB01433)","0.8975","http://www.drugbank.ca/drugs/DB01433"
"343","Betacetylmethadol (DB01522)","0.8975","http://www.drugbank.ca/drugs/DB01522"
"344","Alphacetylmethadol (DB01555)","0.8975","http://www.drugbank.ca/drugs/DB01555"
"345","6-CARBAMIMIDOYL-2-[2-HYDROXY-5-(3-METHOXY-PHENYL)-INDAN-1-YL]-HEXANOIC ACID (DB06866)","0.8970","http://www.drugbank.ca/drugs/DB06866"
"346","2-{4-[2-(2-AMINO-4-OXO-4,7-DIHYDRO-3H-PYRROLO[2,3-D]PYRIMIDIN-5-YL)-ETHYL]-BENZOYLAMINO}-3-METHYL-BUTYRIC ACID (DB08131)","0.8966","http://www.drugbank.ca/drugs/DB08131"
"347","6-CARBAMIMIDOYL-2-[2-HYDROXY-6-(4-HYDROXY-PHENYL)-INDAN-1-YL]-HEXANOIC ACID (DB06865)","0.8965","http://www.drugbank.ca/drugs/DB06865"
"348","1-(2-Fluorobenzyl)-3-Butyl-8-(N-Acetyl-4-Aminobenzyl)-Xanthine (DB02008)","0.8964","http://www.drugbank.ca/drugs/DB02008"
"349","Prasugrel (DB06209)","0.8957","http://www.drugbank.ca/drugs/DB06209"
"350","Phenylbutazone (DB00812)","0.8953","http://www.drugbank.ca/drugs/DB00812"
"351","Regorafenib (DB08896)","0.8952","http://www.drugbank.ca/drugs/DB08896"
"352","Sorafenib (DB00398)","0.8950","http://www.drugbank.ca/drugs/DB00398"
"353","Phenserine (DB04892)","0.8950","http://www.drugbank.ca/drugs/DB04892"
"354","N-(TERT-BUTYL)-3,5-DIMETHYL-N'-[(5-METHYL-2,3-DIHYDRO-1,4-BENZODIOXIN-6-YL)CARBONYL]BENZOHYDRAZIDE (DB07929)","0.8944","http://www.drugbank.ca/drugs/DB07929"
"355","methyl (1R,2S)-2-(hydroxycarbamoyl)-1-{4-[(2-methylquinolin-4-yl)methoxy]benzyl}cyclopropanecarboxylate (DB07147)","0.8940","http://www.drugbank.ca/drugs/DB07147"
"356","Pemetrexed (DB00642)","0.8937","http://www.drugbank.ca/drugs/DB00642"
"357","Oxyphenbutazone (DB03585)","0.8937","http://www.drugbank.ca/drugs/DB03585"
"358","Fluorescein (DB00693)","0.8935","http://www.drugbank.ca/drugs/DB00693"
"359","(3S)-1-(1,3-BENZODIOXOL-5-YLMETHYL)-3-[4-(1H-IMIDAZOL-1-YL)PHENOXY]PIPERIDINE (DB07011)","0.8930","http://www.drugbank.ca/drugs/DB07011"
"360","(2E)-N-{4-[(3-bromophenyl)amino]quinazolin-6-yl}-4-(dimethylamino)but-2-enamide (DB08564)","0.8915","http://www.drugbank.ca/drugs/DB08564"
"361","[2-(1-Amino-2-Hydroxy-Propyl)-4-(4-Fluoro-1h-Indol-3-Ylmethyl)-5-Hydroxy-Imidazol-1-Yl]-Acetic Acid (DB01674)","0.8914","http://www.drugbank.ca/drugs/DB01674"
"362","1S,3AS,8AS-TRIMETHYL-1-OXIDO-1,2,3,3A,8,8A-HEXAHYDROPYRROLO[2,3-B]INDOL-5-YL 2-ETHYLPHENYLCARBAMATE (DB07846)","0.8913","http://www.drugbank.ca/drugs/DB07846"
"363","Isopropamide (DB01625)","0.8912","http://www.drugbank.ca/drugs/DB01625"
"364","Drotaverine (DB06751)","0.8906","http://www.drugbank.ca/drugs/DB06751"
"365","N-((1R,2S)-2-(5-CHLORO-1H-INDOLE-2-CARBOXAMIDO)CYCLOHEXYL)-5-METHYL-4,5,6,7-TETRAHYDROTHIAZOLO[5,4-C]PYRIDINE-2-CARBOXAMIDE (DB07629)","0.8905","http://www.drugbank.ca/drugs/DB07629"
"366","N-((1R,2R)-2-(5-CHLORO-1H-INDOLE-2-CARBOXAMIDO)CYCLOHEXYL)-5-METHYL-4,5,6,7-TETRAHYDROTHIAZOLO[5,4-C]PYRIDINE-2-CARBOXAMIDE (DB07630)","0.8905","http://www.drugbank.ca/drugs/DB07630"
"367","3-{[(9-CYANO-9,10-DIHYDRO-10-METHYLACRIDIN-9-YL)CARBONYL]AMINO}PROPANOIC ACID (DB07441)","0.8900","http://www.drugbank.ca/drugs/DB07441"
"368","Erlotinib (DB00530)","0.8897","http://www.drugbank.ca/drugs/DB00530"
"369","Papaverine (DB01113)","0.8885","http://www.drugbank.ca/drugs/DB01113"
"370","N1-(1-Dimethylcarbamoyl-2-Phenyl-Ethyl)-2-Oxo-N4-(2-Pyridin-2-Yl-Ethyl)-Succinamide (DB02140)","0.8875","http://www.drugbank.ca/drugs/DB02140"
"371","Azimilide (DB04957)","0.8873","http://www.drugbank.ca/drugs/DB04957"
"372","2-fluoro-6-{[2-({2-methoxy-4-[(methylsulfonyl)methyl]phenyl}amino)-7H-pyrrolo[2,3-d]pyrimidin-4-yl]amino}benzamide (DB07845)","0.8871","http://www.drugbank.ca/drugs/DB07845"
"373","Darusentan (DB04883)","0.8868","http://www.drugbank.ca/drugs/DB04883"
"374","(4R)-N-[4-({[2-(DIMETHYLAMINO)ETHYL]AMINO}CARBONYL)-1,3-THIAZOL-2-YL]-4-METHYL-1-OXO-2,3,4,9-TETRAHYDRO-1H-BETA-CARBOLINE-6-CARBOXAMIDE (DB07406)","0.8863","http://www.drugbank.ca/drugs/DB07406"
"375","Trimetrexate (DB01157)","0.8859","http://www.drugbank.ca/drugs/DB01157"
"376","Prochlorperazine (DB00433)","0.8850","http://www.drugbank.ca/drugs/DB00433"
"377","3-(2-CHLOROPHENYL)-1-(2-{[(1S)-2-HYDROXY-1,2-DIMETHYLPROPYL]AMINO}PYRIMIDIN-4-YL)-1-(4-METHOXYPHENYL)UREA (DB08095)","0.8847","http://www.drugbank.ca/drugs/DB08095"
"378","(3R,4S)-1-[(4-amino-5H-pyrrolo[3,2-d]pyrimidin-7-yl)methyl]-4-[(benzylsulfanyl)methyl]pyrrolidin-3-ol (DB07649)","0.8845","http://www.drugbank.ca/drugs/DB07649"
"379","Thiethylperazine (DB00372)","0.8844","http://www.drugbank.ca/drugs/DB00372"
"380","Pipotiazine (DB01621)","0.8840","http://www.drugbank.ca/drugs/DB01621"
"381","Mequitazine (DB01071)","0.8838","http://www.drugbank.ca/drugs/DB01071"
"382","Dimenhydrinate (DB00985)","0.8836","http://www.drugbank.ca/drugs/DB00985"
"383","1-[4-(PYRIDIN-4-YLOXY)PHENYL]-3-[3-(TRIFLUOROMETHYL)PHENYL]UREA (DB08043)","0.8834","http://www.drugbank.ca/drugs/DB08043"
"384","Piboserod (DB04873)","0.8824","http://www.drugbank.ca/drugs/DB04873"
"385","Ridogrel (DB01207)","0.8823","http://www.drugbank.ca/drugs/DB01207"
"386","Perphenazine (DB00850)","0.8822","http://www.drugbank.ca/drugs/DB00850"
"387","(2S)-1-{4-[(4-ANILINO-5-BROMOPYRIMIDIN-2-YL)AMINO]PHENOXY}-3-(DIMETHYLAMINO)PROPAN-2-OL (DB07501)","0.8819","http://www.drugbank.ca/drugs/DB07501"
"388","(2R)-1-{4-[(4-ANILINO-5-BROMOPYRIMIDIN-2-YL)AMINO]PHENOXY}-3-(DIMETHYLAMINO)PROPAN-2-OL (DB07504)","0.8819","http://www.drugbank.ca/drugs/DB07504"
"389","Trifluoperazine (DB00831)","0.8815","http://www.drugbank.ca/drugs/DB00831"
"390","(METHYLPYRIDAZINE PIPERIDINE ETHYLOXYPHENYL)ETHYLACETATE (DB08012)","0.8813","http://www.drugbank.ca/drugs/DB08012"
"391","4-(3,5-DIMETHYLPHENOXY)-5-(FURAN-2-YLMETHYLSULFANYLMETHYL)-3-IODO-6-METHYLPYRIDIN-2(1H)-ONE (DB08457)","0.8811","http://www.drugbank.ca/drugs/DB08457"
"392","4-(4-METHYLPIPERAZIN-1-YL)-N-[5-(2-THIENYLACETYL)-1,5-DIHYDROPYRROLO[3,4-C]PYRAZOL-3-YL]BENZAMIDE (DB07186)","0.8796","http://www.drugbank.ca/drugs/DB07186"
"393","N-ethyl-4-{[5-(methoxycarbamoyl)-2-methylphenyl]amino}-5-methylpyrrolo[2,1-f][1,2,4]triazine-6-carboxamide (DB06940)","0.8787","http://www.drugbank.ca/drugs/DB06940"
"394","5-Chloro-thiophene-2-carboxylic acid ((3S,4S)-1-{[2-fluoro-4-(2-oxo-2H-pyridin-1-yl)-phenylcarbamoyl]-methyl}-4-hydroxy-pyrrolidin-3-yl)-amide (DB07875)","0.8787","http://www.drugbank.ca/drugs/DB07875"
"395","(2S)-1-[4-({6-[(2,6-DIFLUOROPHENYL)AMINO]PYRIMIDIN-4-YL}AMINO)PHENOXY]-3-(DIMETHYLAMINO)PROPAN-2-OL (DB07751)","0.8785","http://www.drugbank.ca/drugs/DB07751"
"396","(2R)-1-[4-({6-[(2,6-DIFLUOROPHENYL)AMINO]PYRIMIDIN-4-YL}AMINO)PHENOXY]-3-(DIMETHYLAMINO)PROPAN-2-OL (DB07761)","0.8785","http://www.drugbank.ca/drugs/DB07761"
"397","(5Z)-5-[(5-ETHYL-2-FURYL)METHYLENE]-2-{[(S)-(4-FLUOROPHENYL)(1H-TETRAZOL-5-YL)METHYL]AMINO}-1,3-THIAZOL-4(5H)-ONE (DB08710)","0.8784","http://www.drugbank.ca/drugs/DB08710"
"398","Fluphenazine (DB00623)","0.8784","http://www.drugbank.ca/drugs/DB00623"
"399","Flibanserin (DB04908)","0.8783","http://www.drugbank.ca/drugs/DB04908"
"400","N-(M-Trifluoromethylphenyl) Phenoxazine-4,6-Dicarboxylic Acid (DB02698)","0.8783","http://www.drugbank.ca/drugs/DB02698"
"401","Tazarotene (DB00799)","0.8779","http://www.drugbank.ca/drugs/DB00799"
"402","5-chloro-N-[(3R)-1-(2-{[2-fluoro-4-(2-oxopyridin-1(2H)-yl)phenyl]amino}-2-oxoethyl)pyrrolidin-3-yl]thiophene-2-carboxamide (DB07872)","0.8773","http://www.drugbank.ca/drugs/DB07872"
"403","METHYL (2Z)-2-(2-{[6-(2-CYANOPHENOXY)PYRIMIDIN-4-YL]OXY}PHENYL)-3-METHOXYACRYLATE (DB07401)","0.8761","http://www.drugbank.ca/drugs/DB07401"
"404","5-CHLORO-THIOPHENE-2-CARBOXYLIC ACID ((3S,4S)-4-FLUORO- 1-{[2-FLUORO-4-(2-OXO-2H-PYRIDIN-1-YL)-PHENYLCARBAMOYL]-METHYL}-PYRROLIDIN-3-YL)-AMIDE (DB08143)","0.8742","http://www.drugbank.ca/drugs/DB08143"
"405","(2R)-1-[4-({4-[(2,5-DICHLOROPHENYL)AMINO]PYRIMIDIN-2-YL}AMINO)PHENOXY]-3-(DIMETHYLAMINO)PROPAN-2-OL (DB07750)","0.8739","http://www.drugbank.ca/drugs/DB07750"
"406","(2S)-1-[4-({4-[(2,5-DICHLOROPHENYL)AMINO]PYRIMIDIN-2-YL}AMINO)PHENOXY]-3-(DIMETHYLAMINO)PROPAN-2-OL (DB07755)","0.8739","http://www.drugbank.ca/drugs/DB07755"
"407","N-{3-[(4-{[3-(TRIFLUOROMETHYL)PHENYL]AMINO}PYRIMIDIN-2-YL)AMINO]PHENYL}CYCLOPROPANECARBOXAMIDE (DB07545)","0.8733","http://www.drugbank.ca/drugs/DB07545"
"408","N-(5,5,8,8-Tetramethyl-5,8-Dihydro-Naphthalen-2-Yl)-Terephthalamic Acid (DB03873)","0.8733","http://www.drugbank.ca/drugs/DB03873"
"409","Delavirdine (DB00705)","0.8721","http://www.drugbank.ca/drugs/DB00705"
"410","Trovafloxacin (DB00685)","0.8715","http://www.drugbank.ca/drugs/DB00685"
"411","Pleconaril (DB05105)","0.8711","http://www.drugbank.ca/drugs/DB05105"
"412","5-[5,6-BIS(METHYLOXY)-1H-BENZIMIDAZOL-1-YL]-3-{[1-(2-CHLOROPHENYL)ETHYL]OXY}-2-THIOPHENECARBOXAMIDE (DB07471)","0.8710","http://www.drugbank.ca/drugs/DB07471"
"413","Disopyramide (DB00280)","0.8704","http://www.drugbank.ca/drugs/DB00280"
"414","6,7-DIMETHOXY-4-[(3R)-3-(QUINOXALIN-2-YLOXY)PYRROLIDIN-1-YL]QUINAZOLINE (DB08391)","0.8681","http://www.drugbank.ca/drugs/DB08391"
"415","3-({4-[(5-CHLORO-1,3-BENZODIOXOL-4-YL)AMINO]PYRIMIDIN-2-YL}AMINO)BENZAMIDE (DB07256)","0.8671","http://www.drugbank.ca/drugs/DB07256"
"416","Pipazethate (DB08796)","0.8660","http://www.drugbank.ca/drugs/DB08796"
"417","N~2~-1,3-BENZOXAZOL-2-YL-3-CYCLOHEXYL-N-{2-[(4-METHOXYPHENYL)AMINO]ETHYL}-L-ALANINAMIDE (DB07839)","0.8655","http://www.drugbank.ca/drugs/DB07839"
"418","2-({5-CHLORO-2-[(2-METHOXY-4-MORPHOLIN-4-YLPHENYL)AMINO]PYRIMIDIN-4-YL}AMINO)-N-METHYLBENZAMIDE (DB07460)","0.8645","http://www.drugbank.ca/drugs/DB07460"
"419","2-{2-[(3,5-dimethylphenyl)amino]pyrimidin-4-yl}-N-[(1S)-2-hydroxy-1-methylethyl]-4-methyl-1,3-thiazole-5-carboxamide (DB07194)","0.8641","http://www.drugbank.ca/drugs/DB07194"
"420","2-(6-CHLORO-3-{[2,2-DIFLUORO-2-(1-OXIDO-2-PYRIDINYL)ETHYL]AMINO}-2-OXO-1(2H)-PYRAZINYL)-N-[(2-FLUOROPHENYL)METHYL]ACETAMIDE (DB07550)","0.8639","http://www.drugbank.ca/drugs/DB07550"
"421","Doxazosin (DB00590)","0.8633","http://www.drugbank.ca/drugs/DB00590"
"422","(METHYLPYRIDAZINE PIPERIDINE PROPYLOXYPHENYL)ETHYLACETATE (DB08013)","0.8629","http://www.drugbank.ca/drugs/DB08013"
"423","Thioproperazine (DB01622)","0.8606","http://www.drugbank.ca/drugs/DB01622"
"424","Tamibarotene (DB04942)","0.8592","http://www.drugbank.ca/drugs/DB04942"
"425","Mercaptocarboxylate Inhibitor (DB02706)","0.8588","http://www.drugbank.ca/drugs/DB02706"
"426","5-(3,5-DICHLOROPHENYL)THIO-4-ISOPROPYL-1-(PYRIDIN-4-YL-METHYL)-1H-IMIDAZOL-2-YL-METHYL CARBAMATE (DB08502)","0.8586","http://www.drugbank.ca/drugs/DB08502"
"427","N'-(6-aminopyridin-3-yl)-N-(2-cyclopentylethyl)-4-methyl-benzene-1,3-dicarboxamide (DB07537)","0.8578","http://www.drugbank.ca/drugs/DB07537"
"428","Domperidone (DB01184)","0.8539","http://www.drugbank.ca/drugs/DB01184"
"429","2-[4-(4-Chlorophenyl)Cyclohexylidene]-3,4-Dihydroxy-1(2h)-Naphthalenone (DB04281)","0.8535","http://www.drugbank.ca/drugs/DB04281"
"430","Sildenafil (DB00203)","0.8530","http://www.drugbank.ca/drugs/DB00203"
"431","3-{ISOPROPYL[(TRANS-4-METHYLCYCLOHEXYL)CARBONYL]AMINO}-5-PHENYLTHIOPHENE-2-CARBOXYLIC ACID (DB08279)","0.8524","http://www.drugbank.ca/drugs/DB08279"
"432","Sunitinib (DB01268)","0.8520","http://www.drugbank.ca/drugs/DB01268"
"433","N~4~-methyl-N~4~-(3-methyl-1H-indazol-6-yl)-N~2~-(3,4,5-trimethoxyphenyl)pyrimidine-2,4-diamine (DB08042)","0.8513","http://www.drugbank.ca/drugs/DB08042"
"434","4-[[(1E)-2-(4-CHLOROPHENYL)ETHENYL]SULFONYL]-1-[[1-(4-PYRIDINYL)-4-PIPERIDINYL]METHYL]PIPERAZINONE (DB08745)","0.8493","http://www.drugbank.ca/drugs/DB08745"
"435","Rabeprazole (DB01129)","0.8490","http://www.drugbank.ca/drugs/DB01129"
"436","Tofisopam (DB08811)","0.8456","http://www.drugbank.ca/drugs/DB08811"
"437","Paliperidone (DB01267)","0.8455","http://www.drugbank.ca/drugs/DB01267"
"438","Eprosartan (DB00876)","0.8448","http://www.drugbank.ca/drugs/DB00876"
"439","Prazosin (DB00457)","0.8433","http://www.drugbank.ca/drugs/DB00457"
"440","Trazodone (DB00656)","0.8369","http://www.drugbank.ca/drugs/DB00656"
"441","N'-(5-CHLORO-1,3-BENZODIOXOL-4-YL)-N-(3-MORPHOLIN-4-YLPHENYL)PYRIMIDINE-2,4-DIAMINE (DB07255)","0.8367","http://www.drugbank.ca/drugs/DB07255"
"442","6-(3',5'-DIMETHYLBENZYL)-1-ETHOXYMETHYL-5-ISOPROPYLURACIL (DB07820)","0.8353","http://www.drugbank.ca/drugs/DB07820"
"443","Rivaroxaban (DB06228)","0.8327","http://www.drugbank.ca/drugs/DB06228"
"444","5-chloro-N-({(5S)-2-oxo-3-[4-(3-oxomorpholin-4-yl)phenyl]-1,3-oxazolidin-5-yl}methyl)thiophene-2-carboxamide (DB08477)","0.8327","http://www.drugbank.ca/drugs/DB08477"
"445","Pirenzepine (DB00670)","0.8320","http://www.drugbank.ca/drugs/DB00670"
"446","N'-(5-chloro-1,3-benzodioxol-4-yl)-N-(3-methylsulfonylphenyl)pyrimidine-2,4-diamine (DB07253)","0.8298","http://www.drugbank.ca/drugs/DB07253"
"447","Raltegravir (DB06817)","0.8284","http://www.drugbank.ca/drugs/DB06817"
"448","Vardenafil (DB00862)","0.8275","http://www.drugbank.ca/drugs/DB00862"
"449","4-[(7-OXO-7H-THIAZOLO[5,4-E]INDOL-8-YLMETHYL)-AMINO]-N-PYRIDIN-2-YL-BENZENESULFONAMIDE (DB06844)","0.8258","http://www.drugbank.ca/drugs/DB06844"
"450","N-[3-[[4-[(5-CHLORO-1,3-BENZODIOXOL-4-YL)AMINO]PYRIMIDIN-2-YL]AMINO]PHENYL]METHANESULFONAMIDE (DB07254)","0.8235","http://www.drugbank.ca/drugs/DB07254"
"451","2,4-Diamino-5-Methyl-6-[(3,4,5-Trimethoxy-N-Methylanilino)Methyl]Pyrido[2,3-D]Pyrimidine (DB02104)","0.8224","http://www.drugbank.ca/drugs/DB02104"
"452","(3R,4R)-4-(pyrrolidin-1-ylcarbonyl)-1-(quinoxalin-2-ylcarbonyl)pyrrolidin-3-amine (DB07015)","0.8215","http://www.drugbank.ca/drugs/DB07015"
"453","Omeprazole (DB00338)","0.8212","http://www.drugbank.ca/drugs/DB00338"
"454","Esomeprazole (DB00736)","0.8212","http://www.drugbank.ca/drugs/DB00736"
"455","(6S)-1-chloro-3-[(4-fluorobenzyl)oxy]-6-(pyrrolidin-1-ylcarbonyl)pyrrolo[1,2-a]pyrazin-4(6H)-one (DB07148)","0.8206","http://www.drugbank.ca/drugs/DB07148"
"456","ONO-6818 (DB03925)","0.8194","http://www.drugbank.ca/drugs/DB03925"
"457","Bexarotene (DB00307)","0.8139","http://www.drugbank.ca/drugs/DB00307"
"458","2,4-Diamino-6-[N-(3',4',5'-Trimethoxybenzyl)-N-Methylamino]Pyrido[2,3-D]Pyrimidine (DB02919)","0.8120","http://www.drugbank.ca/drugs/DB02919"
"459","1-{3-[(4-pyridin-2-ylpiperazin-1-yl)sulfonyl]phenyl}-3-(1,3-thiazol-2-yl)urea (DB07817)","0.8058","http://www.drugbank.ca/drugs/DB07817"
"460","N-(2-METHOXYETHYL)-4-({4-[2-METHYL-1-(1-METHYLETHYL)-1H-IMIDAZOL-5-YL]PYRIMIDIN-2-YL}AMINO)BENZENESULFONAMIDE (DB07790)","0.7973","http://www.drugbank.ca/drugs/DB07790"
"461","Folic Acid (DB00158)","0.7940","http://www.drugbank.ca/drugs/DB00158"
"462","N-[(1S)-1-{1-[(1R,3E)-1-ACETYLPENT-3-EN-1-YL]-1H-1,2,3-TRIAZOL-4-YL}-1,2-DIMETHYLPROPYL]BENZAMIDE (DB07878)","0.7909","http://www.drugbank.ca/drugs/DB07878"
"463","O6-(R)-ROSCOVITINE, R-2-(6-BENZYLOXY-9-ISOPROPYL-9H-PURIN-2-YLAMINO)-BUTAN-1-OL (DB04770)","0.7908","http://www.drugbank.ca/drugs/DB04770"
"464","[4-({4-[(5-CYCLOPROPYL-1H-PYRAZOL-3-YL)AMINO]QUINAZOLIN-2-YL}IMINO)CYCLOHEXA-2,5-DIEN-1-YL]ACETONITRILE (DB07853)","0.7876","http://www.drugbank.ca/drugs/DB07853"
"465","METHYL 1-(4-{[(2,4-DIAMINOPTERIDIN-6-YL)METHYL]AMINO}BENZOYL)PIPERIDINE-4-CARBOXYLATE (DB07689)","0.7847","http://www.drugbank.ca/drugs/DB07689"
"466","N-butyl-3-{[6-(9H-purin-6-ylamino)hexanoyl]amino}benzamide (DB07801)","0.7831","http://www.drugbank.ca/drugs/DB07801"
"467","OLOMOUCINE II (DB04662)","0.7825","http://www.drugbank.ca/drugs/DB04662"
"468","2-{4-[4-({4-[2-methyl-1-(1-methylethyl)-1H-imidazol-5-yl]pyrimidin-2-yl}amino)phenyl]piperazin-1-yl}-2-oxoethanol (DB07982)","0.7823","http://www.drugbank.ca/drugs/DB07982"
"469","N6-METHYL-(R)-ROSCOVITINE, R-2-[6-(BENZYL-METHYL-AMINO)-9-ISOPROPYL-9H-PURIN-2-YLAMINO]-BUTAN-1-OL (DB04776)","0.7794","http://www.drugbank.ca/drugs/DB04776"
"470","Methotrexate (DB00563)","0.7782","http://www.drugbank.ca/drugs/DB00563"
"471","METHYL 1-(4-{[(2,4-DIAMINOPTERIDIN-6-YL)METHYL](METHYL)AMINO}BENZOYL)PIPERIDINE-4-CARBOXYLATE (DB07765)","0.7735","http://www.drugbank.ca/drugs/DB07765"
"472","2-[4-(2H-1,4-BENZOTHIAZINE-3-YL)-PIPERAZINE-1-LY]-1,3-THIAZOLE-4-CARBOXYLIC ACID ETHYLESTER (DB08540)","0.7730","http://www.drugbank.ca/drugs/DB08540"
"473","1-Allyl-3-Butyl-8-(N-Acetyl-4-Aminobenzyl)-Xanthine (DB03267)","0.7723","http://www.drugbank.ca/drugs/DB03267"
"474","Purvalanol (DB02733)","0.7708","http://www.drugbank.ca/drugs/DB02733"
"475","Pantoprazole (DB00213)","0.7683","http://www.drugbank.ca/drugs/DB00213"
"476","N'-(3-CHLORO-4-METHOXY-PHENYL)-N-(3,4,5-TRIMETHOXYPHENYL)-1,3,5-TRIAZINE-2,4-DIAMINE (DB07251)","0.7679","http://www.drugbank.ca/drugs/DB07251"
"477","9-Butyl-8-(2,5-Dimethoxy-Benzyl)-2-Fluoro-9h-Purin-6-Ylamine (DB04054)","0.7629","http://www.drugbank.ca/drugs/DB04054"
"478","N'-(5-CHLORO-1,3-BENZODIOXOL-4-YL)-N-(3,4,5- TRIMETHOXYPHENYL)PYRIMIDINE-2,4-DIAMINE (DB07250)","0.7626","http://www.drugbank.ca/drugs/DB07250"
"479","6-({5-fluoro-2-[(3,4,5-trimethoxyphenyl)amino]pyrimidin-4-yl}amino)-2,2-dimethyl-2H-pyrido[3,2-b][1,4]oxazin-3(4H)-one (DB07159)","0.7625","http://www.drugbank.ca/drugs/DB07159"
"480","8-(2,5-Dimethoxy-Benzyl)-2-Fluoro-9-Pent-9h-Purin-6-Ylamine (DB03137)","0.7615","http://www.drugbank.ca/drugs/DB03137"
"481","2-({8-[(3R)-3-AMINOPIPERIDIN-1-YL]-1,3-DIMETHYL-2,6-DIOXO-1,2,3,6-TETRAHYDRO-7H-PURIN-7-YL}METHYL)BENZONITRILE (DB08743)","0.7607","http://www.drugbank.ca/drugs/DB08743"
"482","8-Benzo[1,3]Dioxol-,5-Ylmethyl-9-Butyl-2-Fluoro-9h-Purin-6-Ylamine (DB04254)","0.7594","http://www.drugbank.ca/drugs/DB04254"
"483","4-{[5-(CYCLOHEXYLOXY)[1,2,4]TRIAZOLO[1,5-A]PYRIMIDIN-7-YL]AMINO}BENZENESULFONAMIDE (DB07688)","0.7514","http://www.drugbank.ca/drugs/DB07688"
"484","4-(6-CYCLOHEXYLMETHOXY-9H-PURIN-2-YLAMINO)--BENZAMIDE (DB08241)","0.7500","http://www.drugbank.ca/drugs/DB08241"
"485","2-(6-CHLORO-3-{[2,2-DIFLUORO-2-(2-PYRIDINYL)ETHYL]AMINO}-2-OXO-1(2H)-PYRAZINYL)-N-[(2-FLUORO-3-METHYL-6-PYRIDINYL)METHYL]ACETAMIDE (DB07549)","0.7497","http://www.drugbank.ca/drugs/DB07549"
"486","N-[2-(1,3-BENZODIOXOL-5-YL)ETHYL]-1-[2-(1H-IMIDAZOL-1-YL)-6-METHYLPYRIMIDIN-4-YL]-D-PROLINAMIDE (DB06916)","0.7493","http://www.drugbank.ca/drugs/DB06916"
"487","2-(6-CHLORO-3-{[2,2-DIFLUORO-2-(2-PYRIDINYL)ETHYL]AMINO}-2-OXO-1(2H)-PYRAZINYL)-N-[(2-FLUORO-6-PYRIDINYL)METHYL]ACETAMIDE (DB07548)","0.7436","http://www.drugbank.ca/drugs/DB07548"
"488","(4aS)-5-[(2,4-diaminopteridin-6-yl)methyl]-4a,5-dihydro-2H-dibenzo[b,f]azepin-8-ol (DB08448)","0.7383","http://www.drugbank.ca/drugs/DB08448"
"489","Riboflavin (DB00140)","0.7330","http://www.drugbank.ca/drugs/DB00140"
"490","9-Butyl-8-(3,4,5-Trimethoxybenzyl)-9h-Purin-6-Amine (DB02754)","0.7325","http://www.drugbank.ca/drugs/DB02754"
"491","7-BENZYL-1,3-DIMETHYL-8-PIPERAZIN-1-YL-3,7-DIHYDRO-PURINE-2,6-DIONE (DB08530)","0.7296","http://www.drugbank.ca/drugs/DB08530"
"492","4-{[5-(CYCLOHEXYLMETHOXY)[1,2,4]TRIAZOLO[1,5-A]PYRIMIDIN-7-YL]AMINO}BENZENESULFONAMIDE (DB07685)","0.7290","http://www.drugbank.ca/drugs/DB07685"
"493","9-Butyl-8-(2-Chloro-3,4,5-Trimethoxy-Benzyl)-9h-Purin-6-Ylamine (DB03504)","0.7284","http://www.drugbank.ca/drugs/DB03504"
"494","Oxyphencyclimine (DB00383)","0.7281","http://www.drugbank.ca/drugs/DB00383"
"495","8-(2-Chloro-3,4,5-Trimethoxy-Benzyl)-9-Pent-4-Ylnyl-9h-Purin-6-Ylamine (DB04505)","0.7276","http://www.drugbank.ca/drugs/DB04505"
"496","6-CYCLOHEXYLMETHYLOXY-2-(4'-HYDROXYANILINO)PURINE (DB08233)","0.7272","http://www.drugbank.ca/drugs/DB08233"
"497","8-(2-Chloro-3,4,5-Trimethoxy-Benzyl)-2-Fluoro-9-Pent-4-Ylnyl-9h-Purin-6-Ylamine (DB02550)","0.7253","http://www.drugbank.ca/drugs/DB02550"
"498","O6-CYCLOHEXYLMETHOXY-2-(4'-SULPHAMOYLANILINO) PURINE (DB07126)","0.7176","http://www.drugbank.ca/drugs/DB07126"
"499","3-(6-CYCLOHEXYLMETHOXY-9H-PURIN-2-YLAMINO)-BENZENESULFONAMIDE (DB08248)","0.7176","http://www.drugbank.ca/drugs/DB08248"
"500","2-{4-[(4-imidazo[1,2-a]pyridin-3-ylpyrimidin-2-yl)amino]piperidin-1-yl}-N-methylacetamide (DB08026)","0.6592","http://www.drugbank.ca/drugs/DB08026"
