"","DrugBank Compound (Name, ID)","Similarity to ","Link"
"1","Cisplatin (DB00515)","0.56840","http://www.drugbank.ca/drugs/DB00515"
"2","pimagedine HCl (DB05383)","0.29696","http://www.drugbank.ca/drugs/DB05383"
"3","Cyanamide (DB02679)","0.26318","http://www.drugbank.ca/drugs/DB02679"
"4","Aminoguanidine (DB02533)","0.24939","http://www.drugbank.ca/drugs/DB02533"
"5","Methylhydrazine (DB04361)","0.24209","http://www.drugbank.ca/drugs/DB04361"
"6","Guanidine (DB00536)","0.23146","http://www.drugbank.ca/drugs/DB00536"
"7","Methylamine (DB01828)","0.21822","http://www.drugbank.ca/drugs/DB01828"
"8","Nitric Oxide (DB00435)","0.21822","http://www.drugbank.ca/drugs/DB00435"
"9","N-Hydroxyguanidine (DB03770)","0.20448","http://www.drugbank.ca/drugs/DB03770"
"10","2-Aminoethanimidic Acid (DB02108)","0.18610","http://www.drugbank.ca/drugs/DB02108"
"11","1,2,4-Triazole-Carboxamidine (DB02048)","0.17471","http://www.drugbank.ca/drugs/DB02048"
"12","histamine dihydrochloride (DB05381)","0.17252","http://www.drugbank.ca/drugs/DB05381"
"13","HD-O (DB05891)","0.17252","http://www.drugbank.ca/drugs/DB05891"
"14","Urea (DB03904)","0.16496","http://www.drugbank.ca/drugs/DB03904"
"15","Ethylene Dichloride (DB03733)","0.15430","http://www.drugbank.ca/drugs/DB03733"
"16","Carmustine (DB00262)","0.15204","http://www.drugbank.ca/drugs/DB00262"
"17","Descarboxy-nor-N(Omega)-Hydroxy-L-Arginine (DB04197)","0.15025","http://www.drugbank.ca/drugs/DB04197"
"18","N-[Amino(Imino)Methyl]Glycine (DB02751)","0.14286","http://www.drugbank.ca/drugs/DB02751"
"19","Hydroxyurea (DB01005)","0.13977","http://www.drugbank.ca/drugs/DB01005"
"20","Glycinamid (DB03636)","0.13632","http://www.drugbank.ca/drugs/DB03636"
"21","Picoplatin (DB04874)","0.13585","http://www.drugbank.ca/drugs/DB04874"
"22","Agmatine (DB08838)","0.13429","http://www.drugbank.ca/drugs/DB08838"
"23","Dinor-N(Omega)-Hydroxy-L-Arginine (DB02499)","0.13429","http://www.drugbank.ca/drugs/DB02499"
"24","1,2,4-Triazole (DB03594)","0.13294","http://www.drugbank.ca/drugs/DB03594"
"25","Guanidine-3-Propanol (DB03637)","0.13226","http://www.drugbank.ca/drugs/DB03637"
"26","Buformin (DB04830)","0.13207","http://www.drugbank.ca/drugs/DB04830"
"27","Methyl Isocyanide (DB04337)","0.13159","http://www.drugbank.ca/drugs/DB04337"
"28","2-Amino-6-Chloropyrazine (DB02297)","0.12665","http://www.drugbank.ca/drugs/DB02297"
"29","Metformin (DB00331)","0.12662","http://www.drugbank.ca/drugs/DB00331"
"30","Ethylisothiourea (DB02234)","0.12599","http://www.drugbank.ca/drugs/DB02234"
"31","S-Ethylisothiourea (DB02539)","0.12599","http://www.drugbank.ca/drugs/DB02539"
"32","Se-Ethyl-Isoselenourea (DB02589)","0.12599","http://www.drugbank.ca/drugs/DB02589"
"33","N-Isopropyl-N'-Hydroxyguanidine (DB02143)","0.12484","http://www.drugbank.ca/drugs/DB02143"
"34","Tri-Chloro-Acetaldehyde (DB02650)","0.12372","http://www.drugbank.ca/drugs/DB02650"
"35","2,4-Diamino-4,6-Dihydroxypyrimidine (DB02037)","0.11561","http://www.drugbank.ca/drugs/DB02037"
"36","2-Aminoprop-2-Enamide (DB02002)","0.11461","http://www.drugbank.ca/drugs/DB02002"
"37","5-(Aminomethyl)-2-Methylpyrimidin-4-Amine (DB03204)","0.11461","http://www.drugbank.ca/drugs/DB03204"
"38","5,6-Diaminouracil (DB03826)","0.11412","http://www.drugbank.ca/drugs/DB03826"
"39","Dichloroacetic Acid (DB08809)","0.11085","http://www.drugbank.ca/drugs/DB08809"
"40","Betazole (DB00272)","0.11066","http://www.drugbank.ca/drugs/DB00272"
"41","N-Butyl-N'-Hydroxyguanidine (DB02727)","0.10873","http://www.drugbank.ca/drugs/DB02727"
"42","Chlormerodrin (DB00534)","0.10873","http://www.drugbank.ca/drugs/DB00534"
"43","1,2-Dichloro-Propane (DB01701)","0.10827","http://www.drugbank.ca/drugs/DB01701"
"44","2-Aminothiazoline (DB02335)","0.10744","http://www.drugbank.ca/drugs/DB02335"
"45","Creatine (DB00148)","0.10517","http://www.drugbank.ca/drugs/DB00148"
"46","3-Chloroalaninate (DB01735)","0.10359","http://www.drugbank.ca/drugs/DB01735"
"47","Carbamic Acid (DB04261)","0.10287","http://www.drugbank.ca/drugs/DB04261"
"48","Mechlorethamine (DB00888)","0.10224","http://www.drugbank.ca/drugs/DB00888"
"49","Flucytosine (DB01099)","0.09786","http://www.drugbank.ca/drugs/DB01099"
"50","Cysteamine (DB00847)","0.09759","http://www.drugbank.ca/drugs/DB00847"
"51","2-Thioethenamine (DB01968)","0.09759","http://www.drugbank.ca/drugs/DB01968"
"52","Nitrosoethane (DB02646)","0.09759","http://www.drugbank.ca/drugs/DB02646"
"53","Acetamide (DB02736)","0.09759","http://www.drugbank.ca/drugs/DB02736"
"54","Ethanolamine (DB03994)","0.09759","http://www.drugbank.ca/drugs/DB03994"
"55","Pyrazole (DB02757)","0.09699","http://www.drugbank.ca/drugs/DB02757"
"56","Chloral hydrate (DB01563)","0.09626","http://www.drugbank.ca/drugs/DB01563"
"57","S-Isopropyl-Isothiourea (DB04018)","0.09581","http://www.drugbank.ca/drugs/DB04018"
"58","1-Methylcytosine (DB04314)","0.09575","http://www.drugbank.ca/drugs/DB04314"
"59","3-Methylcytosine (DB04103)","0.09524","http://www.drugbank.ca/drugs/DB04103"
"60","2-Amino-3-Mercapto-Propionamide (DB03275)","0.09468","http://www.drugbank.ca/drugs/DB03275"
"61","3-Amino-Alanine (DB03320)","0.09358","http://www.drugbank.ca/drugs/DB03320"
"62","2-Bromo-6-Chloro-Purine (DB01706)","0.09330","http://www.drugbank.ca/drugs/DB01706"
"63","6-Chloro-2-Fluoropurine (DB03520)","0.09330","http://www.drugbank.ca/drugs/DB03520"
"64","5-Amino-1h-Pyrimidine-2,4-Dione (DB03792)","0.09235","http://www.drugbank.ca/drugs/DB03792"
"65","Pyrazinamide (DB00339)","0.09057","http://www.drugbank.ca/drugs/DB00339"
"66","2,5-Dimethylpyrimidin-4-Amine (DB02372)","0.09057","http://www.drugbank.ca/drugs/DB02372"
"67","(Diaminomethyl-Methyl-Amino)-Acetic Acid (DB02490)","0.09014","http://www.drugbank.ca/drugs/DB02490"
"68","4-Imino-5-Methidyl-2-Methylpyrimidine (DB01788)","0.09014","http://www.drugbank.ca/drugs/DB01788"
"69","Ethyl Isocyanide (DB03399)","0.08909","http://www.drugbank.ca/drugs/DB03399"
"70","Histidinol (DB03811)","0.08868","http://www.drugbank.ca/drugs/DB03811"
"71","4-Amino-5-Hydroxymethyl-2-Methylpyrimidine (DB02022)","0.08787","http://www.drugbank.ca/drugs/DB02022"
"72","Putrescine (DB01917)","0.08729","http://www.drugbank.ca/drugs/DB01917"
"73","4-Iodopyrazole (DB02721)","0.08729","http://www.drugbank.ca/drugs/DB02721"
"74","Cycloserine (DB00260)","0.08685","http://www.drugbank.ca/drugs/DB00260"
"75","Fomepizole (DB01213)","0.08399","http://www.drugbank.ca/drugs/DB01213"
"76","Isoniazid (DB00951)","0.08215","http://www.drugbank.ca/drugs/DB00951"
"77","4-Methylimidazole (DB03385)","0.08104","http://www.drugbank.ca/drugs/DB03385"
"78","1-Methylimidazole (DB02671)","0.08035","http://www.drugbank.ca/drugs/DB02671"
"79","Methylethylamine (DB02396)","0.07968","http://www.drugbank.ca/drugs/DB02396"
"80","Glycine (DB00145)","0.07839","http://www.drugbank.ca/drugs/DB00145"
"81","Acetohydroxamic Acid (DB00551)","0.07839","http://www.drugbank.ca/drugs/DB00551"
"82","N-Carbamoyl-Alanine (DB04048)","0.07745","http://www.drugbank.ca/drugs/DB04048"
"83","4-Hydroxy-1,2,5-Thiadiazole-3-Carboxylic Acid (DB03162)","0.07685","http://www.drugbank.ca/drugs/DB03162"
"84","Carbachol (DB00411)","0.07649","http://www.drugbank.ca/drugs/DB00411"
"85","2,4-Diaminobutyric Acid (DB03817)","0.07597","http://www.drugbank.ca/drugs/DB03817"
"86","Methoxyflurane (DB01028)","0.07540","http://www.drugbank.ca/drugs/DB01028"
"87","4-Hydroxy-3,4-Dihydro-1h-Pyrimidin-2-One (DB03939)","0.07540","http://www.drugbank.ca/drugs/DB03939"
"88","4-Hydroxy-1,2,5-Oxadiazole-3-Carboxylic Acid (DB02401)","0.07512","http://www.drugbank.ca/drugs/DB02401"
"89","Spermidine (DB03566)","0.07485","http://www.drugbank.ca/drugs/DB03566"
"90","Imexon (DB05003)","0.07436","http://www.drugbank.ca/drugs/DB05003"
"91","Methimazole (DB00763)","0.07404","http://www.drugbank.ca/drugs/DB00763"
"92","Canaline (DB02821)","0.07404","http://www.drugbank.ca/drugs/DB02821"
"93","2,6-Diamino-Hexanoic Acid Amide (DB03988)","0.07229","http://www.drugbank.ca/drugs/DB03988"
"94","5-Fluoro-4-(S)-Hydroxy-3,4-Dihydropyrimidine (DB04135)","0.07199","http://www.drugbank.ca/drugs/DB04135"
"95","2,3-Dimethylimidazolium Ion (DB03789)","0.07151","http://www.drugbank.ca/drugs/DB03789"
"96","Sevelamer (DB00658)","0.07057","http://www.drugbank.ca/drugs/DB00658"
"97","Glycoluril (DB03533)","0.06989","http://www.drugbank.ca/drugs/DB03533"
"98","L-Asparagine (DB00174)","0.06966","http://www.drugbank.ca/drugs/DB00174"
"99","D-Asparagine (DB03943)","0.06966","http://www.drugbank.ca/drugs/DB03943"
"100","Piperazine (DB00592)","0.06816","http://www.drugbank.ca/drugs/DB00592"
"101","Pentane-1,5-Diamine (DB03854)","0.06714","http://www.drugbank.ca/drugs/DB03854"
"102","3,4-Dihydrouracil (DB01849)","0.06580","http://www.drugbank.ca/drugs/DB01849"
"103","Uracil (DB03419)","0.06580","http://www.drugbank.ca/drugs/DB03419"
"104","Cysteine-S-Acetamide (DB02987)","0.06561","http://www.drugbank.ca/drugs/DB02987"
"105","ZK-800270 (DB01665)","0.06514","http://www.drugbank.ca/drugs/DB01665"
"106","Propionamide (DB04161)","0.06506","http://www.drugbank.ca/drugs/DB04161"
"107","(1s,2s)-1-Amino-1-(1,3-Thiazol-2-Yl)Propan-2-Ol (DB03724)","0.06435","http://www.drugbank.ca/drugs/DB03724"
"108","trans-urocanic acid (DB01971)","0.06400","http://www.drugbank.ca/drugs/DB01971"
"109","Ethyl carbamate (DB04827)","0.06299","http://www.drugbank.ca/drugs/DB04827"
"110","2,3-Didehydroalanine (DB02688)","0.06299","http://www.drugbank.ca/drugs/DB02688"
"111","(3s)-2,3,4,5-Tetrahydropyridin-3-Amine (DB04504)","0.06251","http://www.drugbank.ca/drugs/DB04504"
"112","F-Loop of Vitamin B12 (DB02576)","0.06235","http://www.drugbank.ca/drugs/DB02576"
"113","N-Propyl Isocyanide (DB04050)","0.06235","http://www.drugbank.ca/drugs/DB04050"
"114","S-propylamine-L-cysteine (DB04648)","0.06235","http://www.drugbank.ca/drugs/DB04648"
"115","(5s)-5-Iododihydro-2,4(1h,3h)-Pyrimidinedione (DB02303)","0.06219","http://www.drugbank.ca/drugs/DB02303"
"116","Fluorouracil (DB00544)","0.06219","http://www.drugbank.ca/drugs/DB00544"
"117","5-Iodouracil (DB03554)","0.06219","http://www.drugbank.ca/drugs/DB03554"
"118","Dalfampridine  (DB06637)","0.06188","http://www.drugbank.ca/drugs/DB06637"
"119","L-Ornithine (DB00129)","0.06157","http://www.drugbank.ca/drugs/DB00129"
"120","3-Aminosuccinimide (DB03487)","0.06082","http://www.drugbank.ca/drugs/DB03487"
"121","Thymine (DB03462)","0.06067","http://www.drugbank.ca/drugs/DB03462"
"122","(Aminooxy)Acetic Acid (DB02079)","0.06052","http://www.drugbank.ca/drugs/DB02079"
"123","Beta-Hydroxyasparagine (DB04527)","0.06023","http://www.drugbank.ca/drugs/DB04527"
"124","Beta-Alanine (DB03107)","0.05939","http://www.drugbank.ca/drugs/DB03107"
"125","Oxamic Acid (DB03940)","0.05832","http://www.drugbank.ca/drugs/DB03940"
"126","L-Glutamine (DB00130)","0.05806","http://www.drugbank.ca/drugs/DB00130"
"127","D-Glutamine (DB02174)","0.05806","http://www.drugbank.ca/drugs/DB02174"
"128","4-Amido-4-Carbamoyl-Butyric Acid (DB03091)","0.05781","http://www.drugbank.ca/drugs/DB03091"
"129","Nicotinamide (DB02701)","0.05694","http://www.drugbank.ca/drugs/DB02701"
"130","2-Amino-4-(2-Amino-Ethoxy)-Butyric Acid (DB02971)","0.05694","http://www.drugbank.ca/drugs/DB02971"
"131","(2s)-Pyrrolidin-2-Ylmethylamine (DB03253)","0.05646","http://www.drugbank.ca/drugs/DB03253"
"132","Glutamine Hydroxamate (DB02446)","0.05623","http://www.drugbank.ca/drugs/DB02446"
"133","Hydroxyaminovaline (DB02697)","0.05599","http://www.drugbank.ca/drugs/DB02697"
"134","L-Alanine (DB00160)","0.05543","http://www.drugbank.ca/drugs/DB00160"
"135","D-Alanine (DB01786)","0.05543","http://www.drugbank.ca/drugs/DB01786"
"136","2-Iminiopropanoate (DB04212)","0.05543","http://www.drugbank.ca/drugs/DB04212"
"137","5-Bromonicotinamide (DB01854)","0.05521","http://www.drugbank.ca/drugs/DB01854"
"138","Pralidoxime (DB00733)","0.05499","http://www.drugbank.ca/drugs/DB00733"
"139","N5-Methylglutamine (DB03473)","0.05466","http://www.drugbank.ca/drugs/DB03473"
"140","1,6-Diaminohexane (DB03260)","0.05372","http://www.drugbank.ca/drugs/DB03260"
"141","Betahistine (DB06698)","0.05312","http://www.drugbank.ca/drugs/DB06698"
"142","Methyl-Carbamic Acid Ethyl Ester (DB02856)","0.05254","http://www.drugbank.ca/drugs/DB02856"
"143","Ethyl-Carbamic Acid Methyl Ester (DB03919)","0.05254","http://www.drugbank.ca/drugs/DB03919"
"144","N-Methyl-Alpha-Beta-Dehydroalanine (DB03920)","0.05254","http://www.drugbank.ca/drugs/DB03920"
"145","N-Carbamyl-D-Valine (DB01847)","0.05226","http://www.drugbank.ca/drugs/DB01847"
"146","L-Cysteine (DB00151)","0.05180","http://www.drugbank.ca/drugs/DB00151"
"147","2-Aminoethanesulfonic Acid (DB01956)","0.05180","http://www.drugbank.ca/drugs/DB01956"
"148","Selenocysteine (DB02345)","0.05180","http://www.drugbank.ca/drugs/DB02345"
"149","D-Cysteine (DB03201)","0.05180","http://www.drugbank.ca/drugs/DB03201"
"150","1,3,5-Trichloro-Benzene (DB03836)","0.05180","http://www.drugbank.ca/drugs/DB03836"
"151","N-Aminoethylmorpholine (DB03096)","0.05135","http://www.drugbank.ca/drugs/DB03096"
"152","L-Lysine (DB00123)","0.05073","http://www.drugbank.ca/drugs/DB00123"
"153","D-Lysine (DB03252)","0.05073","http://www.drugbank.ca/drugs/DB03252"
"154","Pyruvamide (DB03578)","0.05006","http://www.drugbank.ca/drugs/DB03578"
"155","Dimethylformamide (DB01844)","0.04974","http://www.drugbank.ca/drugs/DB01844"
"156","S-Selanyl Cysteine (DB03049)","0.04942","http://www.drugbank.ca/drugs/DB03049"
"157","Butylamine (DB03659)","0.04910","http://www.drugbank.ca/drugs/DB03659"
"158","2-Ammoniobut-3-Enoate, 2-Amino-3-Butenoate (DB01804)","0.04910","http://www.drugbank.ca/drugs/DB01804"
"159","3-Amino-3-Oxopropanoic Acid (DB02649)","0.04910","http://www.drugbank.ca/drugs/DB02649"
"160","Vinylglycine (DB03214)","0.04910","http://www.drugbank.ca/drugs/DB03214"
"161","Z-Dehydrobutyrine (DB03720)","0.04910","http://www.drugbank.ca/drugs/DB03720"
"162","L-2-amino-3-butynoic acid (DB04217)","0.04910","http://www.drugbank.ca/drugs/DB04217"
"163","Ammonium lactate (DB06768)","0.04849","http://www.drugbank.ca/drugs/DB06768"
"164","N-Methyl-Lysine (DB01714)","0.04842","http://www.drugbank.ca/drugs/DB01714"
"165","S-Hydroxycysteine (DB01915)","0.04820","http://www.drugbank.ca/drugs/DB01915"
"166","S-Mercaptocysteine (DB02761)","0.04820","http://www.drugbank.ca/drugs/DB02761"
"167","Bethanechol (DB01019)","0.04769","http://www.drugbank.ca/drugs/DB01019"
"168","Hadacidin (DB02109)","0.04762","http://www.drugbank.ca/drugs/DB02109"
"169","L-Leucyl-Hydroxylamine (DB03308)","0.04762","http://www.drugbank.ca/drugs/DB03308"
"170","4-Hydroxybutan-1-Aminium (DB02541)","0.04706","http://www.drugbank.ca/drugs/DB02541"
"171","Butyramide (DB02121)","0.04652","http://www.drugbank.ca/drugs/DB02121"
"172","Thiarsahydroxy-Cysteine (DB01808)","0.04626","http://www.drugbank.ca/drugs/DB01808"
"173","S-Methylcysteine (DB02216)","0.04600","http://www.drugbank.ca/drugs/DB02216"
"174","Perchlorate Ion (DB03138)","0.04575","http://www.drugbank.ca/drugs/DB03138"
"175","L-Serine (DB00133)","0.04575","http://www.drugbank.ca/drugs/DB00133"
"176","D-Serine (DB03929)","0.04575","http://www.drugbank.ca/drugs/DB03929"
"177","S-(Methylmercury)-L-Cysteine (DB02750)","0.04575","http://www.drugbank.ca/drugs/DB02750"
"178","Methionine Phosphinate (DB04015)","0.04526","http://www.drugbank.ca/drugs/DB04015"
"179","N-Butyl Isocyanide (DB01826)","0.04501","http://www.drugbank.ca/drugs/DB01826"
"180","1,3-Thiazole-4-Carboxylic Acid (DB03422)","0.04454","http://www.drugbank.ca/drugs/DB03422"
"181","Gamma(Amino)-Butyric Acid (DB02530)","0.04431","http://www.drugbank.ca/drugs/DB02530"
"182","3-Sulfinoalanine (DB02153)","0.04431","http://www.drugbank.ca/drugs/DB02153"
"183","Acetylamino-Acetic Acid (DB02713)","0.04364","http://www.drugbank.ca/drugs/DB02713"
"184","N-Methyldehydrobutyrine (DB04225)","0.04321","http://www.drugbank.ca/drugs/DB04225"
"185","Dimethylglycine (DB02083)","0.04300","http://www.drugbank.ca/drugs/DB02083"
"186","Phosphonoacetohydroxamic Acid (DB03645)","0.04300","http://www.drugbank.ca/drugs/DB03645"
"187","S-Methyl Thiocysteine Group (DB02361)","0.04259","http://www.drugbank.ca/drugs/DB02361"
"188","Alpha-Aminobutyric Acid (DB04454)","0.04219","http://www.drugbank.ca/drugs/DB04454"
"189","Clodronate (DB00720)","0.04214","http://www.drugbank.ca/drugs/DB00720"
"190","5-Amino-3-Methyl-Pyrrolidine-2-Carboxylic Acid (DB03184)","0.04180","http://www.drugbank.ca/drugs/DB03184"
"191","(Carboxyhydroxyamino)Ethanoic Acid (DB02954)","0.04142","http://www.drugbank.ca/drugs/DB02954"
"192","2-Amino-4-Mercapto-Butyric Acid (DB04422)","0.04088","http://www.drugbank.ca/drugs/DB04422"
"193","Thioproline (DB02846)","0.04088","http://www.drugbank.ca/drugs/DB02846"
"194","4-Methylpiperazin-1-Yl Carbonyl Group (DB04451)","0.04065","http://www.drugbank.ca/drugs/DB04451"
"195","2-Amino-N,3,3-Trimethylbutanamide (DB01949)","0.04001","http://www.drugbank.ca/drugs/DB01949"
"196","L-2-Amino-4-Methoxy-Cis-but-3-Enoic Acid (DB03611)","0.04001","http://www.drugbank.ca/drugs/DB03611"
"197","Acetone Cyanohydrin (DB02203)","0.03919","http://www.drugbank.ca/drugs/DB02203"
"198","2-Amino-Vinyl-Phosphate (DB02907)","0.03919","http://www.drugbank.ca/drugs/DB02907"
"199","[2(Formyl-Hydroxy-Amino)-Ethyl]-Phosphonic Acid (DB03135)","0.03919","http://www.drugbank.ca/drugs/DB03135"
"200","2-Aminopropanedioic Acid (DB02289)","0.03858","http://www.drugbank.ca/drugs/DB02289"
"201","L-Homoserine (DB04193)","0.03828","http://www.drugbank.ca/drugs/DB04193"
"202","Reduced Threonine (DB01724)","0.03813","http://www.drugbank.ca/drugs/DB01724"
"203","Beta-Amino Isobutyrate (DB03432)","0.03813","http://www.drugbank.ca/drugs/DB03432"
"204","Methionine Phosphonate (DB02151)","0.03799","http://www.drugbank.ca/drugs/DB02151"
"205","Benzamidine (DB03127)","0.03788","http://www.drugbank.ca/drugs/DB03127"
"206","Octamethylenediamine (DB04333)","0.03784","http://www.drugbank.ca/drugs/DB04333"
"207","5-Methylpyrrole (DB01932)","0.03770","http://www.drugbank.ca/drugs/DB01932"
"208","D-2-Amino-3-Phosphono-Propionic Acid (DB03292)","0.03770","http://www.drugbank.ca/drugs/DB03292"
"209","L-Methionine (DB00134)","0.03756","http://www.drugbank.ca/drugs/DB00134"
"210","D-Methionine (DB02893)","0.03756","http://www.drugbank.ca/drugs/DB02893"
"211","3-Hydroxyisoxazole-4-Carboxylic Acid (DB02111)","0.03756","http://www.drugbank.ca/drugs/DB02111"
"212","Halothane (DB01159)","0.03729","http://www.drugbank.ca/drugs/DB01159"
"213","N-Phenylthiourea (DB03694)","0.03722","http://www.drugbank.ca/drugs/DB03694"
"214","Homoserine Lactone (DB02624)","0.03702","http://www.drugbank.ca/drugs/DB02624"
"215","Phenelzine (DB00780)","0.03695","http://www.drugbank.ca/drugs/DB00780"
"216","Alpha-Aminoisobutyric Acid (DB02952)","0.03650","http://www.drugbank.ca/drugs/DB02952"
"217","Beta-3-Cysteine (DB02780)","0.03637","http://www.drugbank.ca/drugs/DB02780"
"218","L-Threonine (DB00156)","0.03612","http://www.drugbank.ca/drugs/DB00156"
"219","D-Threonine (DB03700)","0.03612","http://www.drugbank.ca/drugs/DB03700"
"220","2-Amino-3-Ketobutyric Acid (DB03915)","0.03612","http://www.drugbank.ca/drugs/DB03915"
"221","O-Phosphoethanolamine (DB01738)","0.03600","http://www.drugbank.ca/drugs/DB01738"
"222","Amylamine (DB02045)","0.03587","http://www.drugbank.ca/drugs/DB02045"
"223","Hydroxyethylcysteine (DB02413)","0.03563","http://www.drugbank.ca/drugs/DB02413"
"224","Pyrrole-2-Carboxylate (DB02543)","0.03540","http://www.drugbank.ca/drugs/DB02543"
"225","S-Acetyl-Cysteine (DB02039)","0.03540","http://www.drugbank.ca/drugs/DB02039"
"226","Methionine Sulfoxide (DB02235)","0.03540","http://www.drugbank.ca/drugs/DB02235"
"227","S-Oxymethionine (DB02467)","0.03540","http://www.drugbank.ca/drugs/DB02467"
"228","Selenomethionine Selenoxide (DB02958)","0.03540","http://www.drugbank.ca/drugs/DB02958"
"229","N-Acetylalanine (DB02518)","0.03483","http://www.drugbank.ca/drugs/DB02518"
"230","4-Methyl-5-Hydroxyethylthiazole (DB02969)","0.03483","http://www.drugbank.ca/drugs/DB02969"
"231","Phosphoglycolohydroxamic Acid (DB03026)","0.03450","http://www.drugbank.ca/drugs/DB03026"
"232","L-Aspartic Acid (DB00128)","0.03440","http://www.drugbank.ca/drugs/DB00128"
"233","D-Aspartic Acid (DB02655)","0.03440","http://www.drugbank.ca/drugs/DB02655"
"234","L-Iso-Aspartate (DB03089)","0.03440","http://www.drugbank.ca/drugs/DB03089"
"235","N,N-Dimethyl-L-Alanine (DB02167)","0.03429","http://www.drugbank.ca/drugs/DB02167"
"236","Amyl Nitrite (DB01612)","0.03408","http://www.drugbank.ca/drugs/DB01612"
"237","4,5-Dimethyl-1,2-Phenylenediamine (DB03180)","0.03398","http://www.drugbank.ca/drugs/DB03180"
"238","Delta-Amino Valeric Acid (DB02068)","0.03387","http://www.drugbank.ca/drugs/DB02068"
"239","Diethylcarbamodithioic Acid (DB02520)","0.03387","http://www.drugbank.ca/drugs/DB02520"
"240","Acetylcysteine (DB06151)","0.03387","http://www.drugbank.ca/drugs/DB06151"
"241","(4e)-4-Aminohex-4-Enoic Acid (DB01699)","0.03377","http://www.drugbank.ca/drugs/DB01699"
"242","Beta-3-Serine (DB02904)","0.03328","http://www.drugbank.ca/drugs/DB02904"
"243","2-Amino-Pentanoic Acid (DB03519)","0.03290","http://www.drugbank.ca/drugs/DB03519"
"244","Norvaline (DB04185)","0.03290","http://www.drugbank.ca/drugs/DB04185"
"245","Trifluoroalanine (DB03794)","0.03262","http://www.drugbank.ca/drugs/DB03794"
"246","O-Acetylserine (DB01837)","0.03200","http://www.drugbank.ca/drugs/DB01837"
"247","N-Acetyl-Serine (DB02340)","0.03183","http://www.drugbank.ca/drugs/DB02340"
"248","2-Pyridinethiol (DB03329)","0.03175","http://www.drugbank.ca/drugs/DB03329"
"249","Tetramethylammonium Ion (DB03095)","0.03142","http://www.drugbank.ca/drugs/DB03095"
"250","Vigabatrin (DB01080)","0.03142","http://www.drugbank.ca/drugs/DB01080"
"251","3,4-Dihydro-2h-Pyrrolium-5-Carboxylate (DB02838)","0.03133","http://www.drugbank.ca/drugs/DB02838"
"252","N-Hydroxy-N-Isopropyloxamic Acid (DB03387)","0.03117","http://www.drugbank.ca/drugs/DB03387"
"253","L-Valinol (DB04383)","0.03109","http://www.drugbank.ca/drugs/DB04383"
"254","5-Hydroxy Norvaline (DB03105)","0.03094","http://www.drugbank.ca/drugs/DB03105"
"255","Glutamyl Group (DB03774)","0.03094","http://www.drugbank.ca/drugs/DB03774"
"256","4-Carboxy-4-Aminobutanal (DB04388)","0.03094","http://www.drugbank.ca/drugs/DB04388"
"257","Aminolevulinic acid (DB00855)","0.03078","http://www.drugbank.ca/drugs/DB00855"
"258","3-Methylpyridine (DB01996)","0.03048","http://www.drugbank.ca/drugs/DB01996"
"259","L-Valine (DB00161)","0.03012","http://www.drugbank.ca/drugs/DB00161"
"260","1-Ethyl-Pyrrolidine-2,5-Dione (DB01902)","0.02990","http://www.drugbank.ca/drugs/DB01902"
"261","Pyridin-3-Ylmethanol (DB04145)","0.02956","http://www.drugbank.ca/drugs/DB04145"
"262","3-(Mercaptomethylene)Pyridine (DB04490)","0.02956","http://www.drugbank.ca/drugs/DB04490"
"263","Norleucine Phosphonate (DB02088)","0.02956","http://www.drugbank.ca/drugs/DB02088"
"264","L-Proline (DB00172)","0.02942","http://www.drugbank.ca/drugs/DB00172"
"265","D-Proline (DB02853)","0.02942","http://www.drugbank.ca/drugs/DB02853"
"266","D-Isovaline (DB04171)","0.02903","http://www.drugbank.ca/drugs/DB04171"
"267","Methyl aminolevulinate (DB00992)","0.02903","http://www.drugbank.ca/drugs/DB00992"
"268","L-Glutamic Acid (DB00142)","0.02878","http://www.drugbank.ca/drugs/DB00142"
"269","D-Glutamic Acid (DB02517)","0.02878","http://www.drugbank.ca/drugs/DB02517"
"270","5-Oxo-Pyrrolidine-2-Carbaldehyde (DB03901)","0.02865","http://www.drugbank.ca/drugs/DB03901"
"271","Choline (DB00122)","0.02859","http://www.drugbank.ca/drugs/DB00122"
"272","2-(Trimethylammonium)Ethyl Thiol (DB01803)","0.02859","http://www.drugbank.ca/drugs/DB01803"
"273","[Formylmethyl]Trimethyl-Ammonium, N,N,N-Trimethylammonium Acetaldehyde (DB04401)","0.02859","http://www.drugbank.ca/drugs/DB04401"
"274","Penicillamine (DB00859)","0.02847","http://www.drugbank.ca/drugs/DB00859"
"275","Niacin (DB00627)","0.02847","http://www.drugbank.ca/drugs/DB00627"
"276","Guvacine (DB08848)","0.02847","http://www.drugbank.ca/drugs/DB08848"
"277","Enflurane (DB00228)","0.02829","http://www.drugbank.ca/drugs/DB00228"
"278","Tris(Hydroxymethyl)Aminomethane (DB03754)","0.02794","http://www.drugbank.ca/drugs/DB03754"
"279","Trimethyl Glycine (DB04455)","0.02794","http://www.drugbank.ca/drugs/DB04455"
"280","Leucine Phosphonic Acid (DB02386)","0.02783","http://www.drugbank.ca/drugs/DB02386"
"281","Pyroglutamic Acid (DB03088)","0.02777","http://www.drugbank.ca/drugs/DB03088"
"282","1-Aminocyclopropylphosphonate (DB03053)","0.02771","http://www.drugbank.ca/drugs/DB03053"
"283","Isoflurane (DB00753)","0.02771","http://www.drugbank.ca/drugs/DB00753"
"284","Ethchlorvynol (DB00189)","0.02733","http://www.drugbank.ca/drugs/DB00189"
"285","1-Amino-1-Carbonyl Pentane (DB03241)","0.02717","http://www.drugbank.ca/drugs/DB03241"
"286","Hydroxyproline (DB08847)","0.02712","http://www.drugbank.ca/drugs/DB08847"
"287","4-Methyl-Pyrroline-5-Carboxylic Acid (DB03930)","0.02712","http://www.drugbank.ca/drugs/DB03930"
"288","Aminocaproic Acid (DB00513)","0.02701","http://www.drugbank.ca/drugs/DB00513"
"289","2-(Sec-Butyl)Thiazole (DB03087)","0.02691","http://www.drugbank.ca/drugs/DB03087"
"290","(2s,3r)-1-Amino-2-Methylbutane-2,3-Diol (DB02847)","0.02666","http://www.drugbank.ca/drugs/DB02847"
"291","N-Formylpiperidine (DB04113)","0.02666","http://www.drugbank.ca/drugs/DB04113"
"292","3-Oxiran-2ylalanine (DB03191)","0.02661","http://www.drugbank.ca/drugs/DB03191"
"293","Norleucine (DB04419)","0.02651","http://www.drugbank.ca/drugs/DB04419"
"294","4-Amino Hexanoic Acid (DB04235)","0.02641","http://www.drugbank.ca/drugs/DB04235"
"295","Leucine - Reduced Carbonyl (DB02107)","0.02585","http://www.drugbank.ca/drugs/DB02107"
"296","6-Hydroxy-D-Norleucine (DB02233)","0.02545","http://www.drugbank.ca/drugs/DB02233"
"297","2-Amino-6-Oxo-Hexanoic Acid (DB02571)","0.02545","http://www.drugbank.ca/drugs/DB02571"
"298","6-Hydroxy-L-Norleucine (DB03412)","0.02545","http://www.drugbank.ca/drugs/DB03412"
"299","Acetylcholine (DB03128)","0.02503","http://www.drugbank.ca/drugs/DB03128"
"300","L-Leucine (DB00149)","0.02491","http://www.drugbank.ca/drugs/DB00149"
"301","D-Leucine (DB01746)","0.02491","http://www.drugbank.ca/drugs/DB01746"
"302","N-Ethylmaleimide (DB02967)","0.02483","http://www.drugbank.ca/drugs/DB02967"
"303","(4s)-5-Fluoro-L-Leucine (DB02542)","0.02440","http://www.drugbank.ca/drugs/DB02542"
"304","2-Hydroxymethyl-Pyrrolidine-3,4-Diol (DB03411)","0.02406","http://www.drugbank.ca/drugs/DB03411"
"305","L-Isoleucine (DB00167)","0.02363","http://www.drugbank.ca/drugs/DB00167"
"306","Allo-Isoleucine (DB01739)","0.02363","http://www.drugbank.ca/drugs/DB01739"
"307","1-Aminocyclopropanecarboxylic Acid (DB02085)","0.02357","http://www.drugbank.ca/drugs/DB02085"
"308","Beta-Hydroxyleucine (DB02978)","0.02269","http://www.drugbank.ca/drugs/DB02978"
"309","Heptanamide (DB02641)","0.02260","http://www.drugbank.ca/drugs/DB02641"
"310","Isometheptene (DB06706)","0.02251","http://www.drugbank.ca/drugs/DB06706"
"311","Tris-Hydroxymethyl-Methyl-Ammonium (DB03570)","0.02182","http://www.drugbank.ca/drugs/DB03570"
"312","(R)-N-(1-Methyl-Hexyl)-Formamide (DB03061)","0.02155","http://www.drugbank.ca/drugs/DB03061"
"313","2-Chloro-6-Methyl-Aniline (DB03842)","0.02064","http://www.drugbank.ca/drugs/DB03842"
"314","Cyclohexylammonium Ion (DB02995)","0.01978","http://www.drugbank.ca/drugs/DB02995"
"315","Aniline (DB06728)","0.01978","http://www.drugbank.ca/drugs/DB06728"
"316","3-Chlorophenol (DB01957)","0.01940","http://www.drugbank.ca/drugs/DB01957"
"317","2-Aminophenol (DB01726)","0.01936","http://www.drugbank.ca/drugs/DB01726"
"318","2-Fluoroaniline (DB02403)","0.01936","http://www.drugbank.ca/drugs/DB02403"
"319","2-Chlorophenol (DB03110)","0.01936","http://www.drugbank.ca/drugs/DB03110"
"320","Benzylamine (DB02464)","0.01925","http://www.drugbank.ca/drugs/DB02464"
"321","Cyclohexylformamide (DB03559)","0.01905","http://www.drugbank.ca/drugs/DB03559"
"322","1-Methyl-2-Oxy-5,5-Dimethyl Pyrrolidine (DB03968)","0.01905","http://www.drugbank.ca/drugs/DB03968"
"323","4-Fluorobenzylamine (DB03243)","0.01890","http://www.drugbank.ca/drugs/DB03243"
"324","Isatoic Anhydride (DB03058)","0.01887","http://www.drugbank.ca/drugs/DB03058"
"325","2-Amino-P-Cresol (DB04533)","0.01876","http://www.drugbank.ca/drugs/DB04533"
"326","3-Fluoro-2-Methyl-Aniline (DB01986)","0.01873","http://www.drugbank.ca/drugs/DB01986"
"327","2-Phenylethylamine (DB04325)","0.01866","http://www.drugbank.ca/drugs/DB04325"
"328","3,5-Difluoroaniline (DB03238)","0.01839","http://www.drugbank.ca/drugs/DB03238"
"329","2,5-Xylidine (DB02163)","0.01786","http://www.drugbank.ca/drugs/DB02163"
"330","3,4-Dimethylaniline (DB03018)","0.01783","http://www.drugbank.ca/drugs/DB03018"
"331","Tetraethylammonium (DB08837)","0.01746","http://www.drugbank.ca/drugs/DB08837"
"332","Cycloleucine (DB04620)","0.01732","http://www.drugbank.ca/drugs/DB04620"
"333","Aminomethylcyclohexane (DB02435)","0.01573","http://www.drugbank.ca/drugs/DB02435"
"334","Ethanol (DB00898)","0.00000","http://www.drugbank.ca/drugs/DB00898"
"335","molecular iodine (DB05382)","0.00000","http://www.drugbank.ca/drugs/DB05382"
"336","Methyl Mercury Ion (DB03674)","0.00000","http://www.drugbank.ca/drugs/DB03674"
"337","Mercury Diiodide (DB04445)","0.00000","http://www.drugbank.ca/drugs/DB04445"
"338","Selenium Sulfide (DB00971)","0.00000","http://www.drugbank.ca/drugs/DB00971"
"339","Dimethyl sulfoxide (DB01093)","0.00000","http://www.drugbank.ca/drugs/DB01093"
"340","Magnesium oxide (DB01377)","0.00000","http://www.drugbank.ca/drugs/DB01377"
"341","Acetic acid (DB03166)","0.00000","http://www.drugbank.ca/drugs/DB03166"
"342","Formic Acid (DB01942)","0.00000","http://www.drugbank.ca/drugs/DB01942"
"343","Trihydroxyantimonite(Iii) (DB02453)","0.00000","http://www.drugbank.ca/drugs/DB02453"
"344","Methylphosphonic Acid Ester Group (DB02825)","0.00000","http://www.drugbank.ca/drugs/DB02825"
"345","Methylphosphinic Acid (DB02845)","0.00000","http://www.drugbank.ca/drugs/DB02845"
"346","Tribromomethane (DB03054)","0.00000","http://www.drugbank.ca/drugs/DB03054"
"347","1-Proponol (DB03175)","0.00000","http://www.drugbank.ca/drugs/DB03175"
"348","Beta-Mercaptoethanol (DB03345)","0.00000","http://www.drugbank.ca/drugs/DB03345"
"349","Formaldehyde (DB03843)","0.00000","http://www.drugbank.ca/drugs/DB03843"
"350","Hypophosphite (DB04053)","0.00000","http://www.drugbank.ca/drugs/DB04053"
"351","Trihydroxyarsenite(Iii) (DB04456)","0.00000","http://www.drugbank.ca/drugs/DB04456"
"352","Sodium bicarbonate (DB01390)","0.00000","http://www.drugbank.ca/drugs/DB01390"
"353","polyacrylic acid (DB05384)","0.00000","http://www.drugbank.ca/drugs/DB05384"
"354","1,2-Propanediol (DB01839)","0.00000","http://www.drugbank.ca/drugs/DB01839"
"355","Butan-1-Ol (DB02145)","0.00000","http://www.drugbank.ca/drugs/DB02145"
"356","R-1,2-Propanediol (DB02159)","0.00000","http://www.drugbank.ca/drugs/DB02159"
"357","Mercury Acetate Ion (DB02176)","0.00000","http://www.drugbank.ca/drugs/DB02176"
"358","2-Bromoacetyl Group (DB02198)","0.00000","http://www.drugbank.ca/drugs/DB02198"
"359","Fluoro-Phosphite Ion (DB02348)","0.00000","http://www.drugbank.ca/drugs/DB02348"
"360","Acrylic Acid (DB02579)","0.00000","http://www.drugbank.ca/drugs/DB02579"
"361","2-Butanol (DB02606)","0.00000","http://www.drugbank.ca/drugs/DB02606"
"362","1,3-Propandiol (DB02774)","0.00000","http://www.drugbank.ca/drugs/DB02774"
"363","2-Methoxyethanol (DB02806)","0.00000","http://www.drugbank.ca/drugs/DB02806"
"364","Dihydrogenphosphate Ion (DB02831)","0.00000","http://www.drugbank.ca/drugs/DB02831"
"365","Pentasulfide-Sulfur (DB02956)","0.00000","http://www.drugbank.ca/drugs/DB02956"
"366","Hydroxydimethylarsine Oxide (DB02994)","0.00000","http://www.drugbank.ca/drugs/DB02994"
"367","Malonaldehyde (DB03057)","0.00000","http://www.drugbank.ca/drugs/DB03057"
"368","Hydroxyacetic Acid (DB03085)","0.00000","http://www.drugbank.ca/drugs/DB03085"
"369","Pentane (DB03119)","0.00000","http://www.drugbank.ca/drugs/DB03119"
"370","1-Bromopropane-2-Ol (DB03335)","0.00000","http://www.drugbank.ca/drugs/DB03335"
"371","Pyruvoyl Group (DB03587)","0.00000","http://www.drugbank.ca/drugs/DB03587"
"372","Propanoic Acid (DB03766)","0.00000","http://www.drugbank.ca/drugs/DB03766"
"373","Lactaldehyde (DB03776)","0.00000","http://www.drugbank.ca/drugs/DB03776"
"374","2-Methyl-2-Propanol (DB03900)","0.00000","http://www.drugbank.ca/drugs/DB03900"
"375","2-Bromo-2-Propene-1-Ol (DB04320)","0.00000","http://www.drugbank.ca/drugs/DB04320"
"376","Glyoxalate, Glyoxylate (DB04343)","0.00000","http://www.drugbank.ca/drugs/DB04343"
"377","S-1,2-Propanediol (DB04349)","0.00000","http://www.drugbank.ca/drugs/DB04349"
"378","Crotonaldehyde (DB04381)","0.00000","http://www.drugbank.ca/drugs/DB04381"
"379","Magnesium Sulfate (DB00653)","0.00000","http://www.drugbank.ca/drugs/DB00653"
"380","Pyruvic acid (DB00119)","0.00000","http://www.drugbank.ca/drugs/DB00119"
"381","Arsenic trioxide (DB01169)","0.00000","http://www.drugbank.ca/drugs/DB01169"
"382","Dimercaprol (DB06782)","0.00000","http://www.drugbank.ca/drugs/DB06782"
"383","1,2-Dimethoxyethane (DB01749)","0.00000","http://www.drugbank.ca/drugs/DB01749"
"384","Dihydroxyacetone (DB01775)","0.00000","http://www.drugbank.ca/drugs/DB01775"
"385","[Methyltelluro]Acetate (DB01918)","0.00000","http://www.drugbank.ca/drugs/DB01918"
"386","Pentanal (DB01919)","0.00000","http://www.drugbank.ca/drugs/DB01919"
"387","1,4-Butanediol (DB01955)","0.00000","http://www.drugbank.ca/drugs/DB01955"
"388","Butenoic Acid (DB02074)","0.00000","http://www.drugbank.ca/drugs/DB02074"
"389","1,3-Butanediol (DB02202)","0.00000","http://www.drugbank.ca/drugs/DB02202"
"390","2-Ethoxyethanol (DB02249)","0.00000","http://www.drugbank.ca/drugs/DB02249"
"391","Ethyl-Trimethyl-Silane (DB02265)","0.00000","http://www.drugbank.ca/drugs/DB02265"
"392","1-Hydroxy-3-Methylbutane (DB02296)","0.00000","http://www.drugbank.ca/drugs/DB02296"
"393","Methyl Methylsulfinylmethyl Sulfide (DB02311)","0.00000","http://www.drugbank.ca/drugs/DB02311"
"394","(R,R)-2,3-Butanediol (DB02418)","0.00000","http://www.drugbank.ca/drugs/DB02418"
"395","Isobutyric Acid (DB02531)","0.00000","http://www.drugbank.ca/drugs/DB02531"
"396","(2r)-2,3-Dihydroxypropanal (DB02536)","0.00000","http://www.drugbank.ca/drugs/DB02536"
"397","Hexane (DB02764)","0.00000","http://www.drugbank.ca/drugs/DB02764"
"398","S,3-Hydroxybutan-2-One (DB02788)","0.00000","http://www.drugbank.ca/drugs/DB02788"
"399","D-Lactic Acid (DB03066)","0.00000","http://www.drugbank.ca/drugs/DB03066"
"400","[Methylseleno]Acetate (DB03098)","0.00000","http://www.drugbank.ca/drugs/DB03098"
"401","Trifluoroethanol (DB03226)","0.00000","http://www.drugbank.ca/drugs/DB03226"
"402","Mercaptomethyl Phosphonate (DB03498)","0.00000","http://www.drugbank.ca/drugs/DB03498"
"403","[Methylthio]Acetate (DB03517)","0.00000","http://www.drugbank.ca/drugs/DB03517"
"404","Butanoic Acid (DB03568)","0.00000","http://www.drugbank.ca/drugs/DB03568"
"405","Ethanesulfonic Acid (DB03635)","0.00000","http://www.drugbank.ca/drugs/DB03635"
"406","3-Hydroxy-Propanoic Acid (DB03688)","0.00000","http://www.drugbank.ca/drugs/DB03688"
"407","Monothioglycerol (DB03864)","0.00000","http://www.drugbank.ca/drugs/DB03864"
"408","Oxalic Acid (DB03902)","0.00000","http://www.drugbank.ca/drugs/DB03902"
"409","Glycerol (DB04077)","0.00000","http://www.drugbank.ca/drugs/DB04077"
"410","4-Hydroxy-2-Butanone (DB04094)","0.00000","http://www.drugbank.ca/drugs/DB04094"
"411","Vinylsulphonic Acid (DB04359)","0.00000","http://www.drugbank.ca/drugs/DB04359"
"412","R,3-Hydroxybutan-2-One (DB04364)","0.00000","http://www.drugbank.ca/drugs/DB04364"
"413","Lactic Acid (DB04398)","0.00000","http://www.drugbank.ca/drugs/DB04398"
"414","3-Bromo-3-buten-1-ol (DB04592)","0.00000","http://www.drugbank.ca/drugs/DB04592"
"415","Tetrahydropyran (DB02412)","0.00000","http://www.drugbank.ca/drugs/DB02412"
"416","1,4-Diethylene Dioxide (DB03316)","0.00000","http://www.drugbank.ca/drugs/DB03316"
"417","Cyclohexane (DB03561)","0.00000","http://www.drugbank.ca/drugs/DB03561"
"418","1,3,2-Dioxaborolan-2-Ol (DB04369)","0.00000","http://www.drugbank.ca/drugs/DB04369"
"419","4-Butyrolactone (DB04699)","0.00000","http://www.drugbank.ca/drugs/DB04699"
"420","Foscarnet (DB00529)","0.00000","http://www.drugbank.ca/drugs/DB00529"
"421","Gamma Hydroxybutyric Acid (DB01440)","0.00000","http://www.drugbank.ca/drugs/DB01440"
"422","Propyl Acetate (DB01670)","0.00000","http://www.drugbank.ca/drugs/DB01670"
"423","1-Hydroxy-1-Thio-Glycerol (DB01684)","0.00000","http://www.drugbank.ca/drugs/DB01684"
"424","Acetoacetic Acid (DB01762)","0.00000","http://www.drugbank.ca/drugs/DB01762"
"425","Malonic acid (DB02175)","0.00000","http://www.drugbank.ca/drugs/DB02175"
"426","Malonate Ion (DB02201)","0.00000","http://www.drugbank.ca/drugs/DB02201"
"427","N-Valeric Acid (DB02406)","0.00000","http://www.drugbank.ca/drugs/DB02406"
"428","1-Butane Boronic Acid (DB02664)","0.00000","http://www.drugbank.ca/drugs/DB02664"
"429","Tert-Butyloxycarbonyl Group (DB02768)","0.00000","http://www.drugbank.ca/drugs/DB02768"
"430","3-Hydroxypyruvic Acid (DB02951)","0.00000","http://www.drugbank.ca/drugs/DB02951"
"431","Phosphonoacetaldehyde (DB03174)","0.00000","http://www.drugbank.ca/drugs/DB03174"
"432","Pentanedial (DB03266)","0.00000","http://www.drugbank.ca/drugs/DB03266"
"433","2-Methylbutanoic Acid (DB03741)","0.00000","http://www.drugbank.ca/drugs/DB03741"
"434","Isovaleric Acid (DB03750)","0.00000","http://www.drugbank.ca/drugs/DB03750"
"435","Ethyl Dihydrogen Phosphate (DB03822)","0.00000","http://www.drugbank.ca/drugs/DB03822"
"436","Monoisopropyl Ester Phosphonic Acid Group (DB04251)","0.00000","http://www.drugbank.ca/drugs/DB04251"
"437","2-Oxobutanoic Acid (DB04553)","0.00000","http://www.drugbank.ca/drugs/DB04553"
"438","DIMETHYL THIOPHOSPHATE (DB04687)","0.00000","http://www.drugbank.ca/drugs/DB04687"
"439","Cyclohexanol (DB03703)","0.00000","http://www.drugbank.ca/drugs/DB03703"
"440","Succinic acid (DB00139)","0.00000","http://www.drugbank.ca/drugs/DB00139"
"441","Calcium Acetate (DB00258)","0.00000","http://www.drugbank.ca/drugs/DB00258"
"442","CTI-01 (DB05869)","0.00000","http://www.drugbank.ca/drugs/DB05869"
"443","Fumarate (DB01677)","0.00000","http://www.drugbank.ca/drugs/DB01677"
"444","Dithioerythritol (DB01692)","0.00000","http://www.drugbank.ca/drugs/DB01692"
"445","2-Oxo-3-Pentenoic Acid (DB02005)","0.00000","http://www.drugbank.ca/drugs/DB02005"
"446","(2s,3s)-1,4-Dimercaptobutane-2,3-Diol (DB02184)","0.00000","http://www.drugbank.ca/drugs/DB02184"
"447","Hexane-1,6-Diol (DB02210)","0.00000","http://www.drugbank.ca/drugs/DB02210"
"448","Laevulinic Acid (DB02239)","0.00000","http://www.drugbank.ca/drugs/DB02239"
"449","N-Octane (DB02440)","0.00000","http://www.drugbank.ca/drugs/DB02440"
"450","2-Hydroxyethyl Disulfide (DB02486)","0.00000","http://www.drugbank.ca/drugs/DB02486"
"451","Diethylphosphono Group (DB02811)","0.00000","http://www.drugbank.ca/drugs/DB02811"
"452","Phosphonoacetic Acid (DB02823)","0.00000","http://www.drugbank.ca/drugs/DB02823"
"453","Acetylphosphate (DB02897)","0.00000","http://www.drugbank.ca/drugs/DB02897"
"454","D-Treitol (DB03278)","0.00000","http://www.drugbank.ca/drugs/DB03278"
"455","(4r)-2-Methylpentane-2,4-Diol (DB03564)","0.00000","http://www.drugbank.ca/drugs/DB03564"
"456","Alpha-Ketomalonic Acid (DB03589)","0.00000","http://www.drugbank.ca/drugs/DB03589"
"457","Tartronate (DB03680)","0.00000","http://www.drugbank.ca/drugs/DB03680"
"458","Phosphorylisopropane (DB03976)","0.00000","http://www.drugbank.ca/drugs/DB03976"
"459","4-Methyl Valeric Acid (DB03993)","0.00000","http://www.drugbank.ca/drugs/DB03993"
"460","Butylphosphonate (DB03999)","0.00000","http://www.drugbank.ca/drugs/DB03999"
"461","Alpha-ketoisovalerate (DB04074)","0.00000","http://www.drugbank.ca/drugs/DB04074"
"462","Methylmalonic Acid (DB04183)","0.00000","http://www.drugbank.ca/drugs/DB04183"
"463","Maleic Acid (DB04299)","0.00000","http://www.drugbank.ca/drugs/DB04299"
"464","1,4-Dithiothreitol (DB04447)","0.00000","http://www.drugbank.ca/drugs/DB04447"
"465","Meso-Erythritol (DB04481)","0.00000","http://www.drugbank.ca/drugs/DB04481"
"466","6-Bromo-1-hexanol (DB04637)","0.00000","http://www.drugbank.ca/drugs/DB04637"
"467","5-hydroxyvaleric acid (DB04781)","0.00000","http://www.drugbank.ca/drugs/DB04781"
"468","Fosfomycin (DB00828)","0.00000","http://www.drugbank.ca/drugs/DB00828"
"469","Phenol (DB03255)","0.00000","http://www.drugbank.ca/drugs/DB03255"
"470","Benzyl alcohol (DB06770)","0.00000","http://www.drugbank.ca/drugs/DB06770"
"471","P-Cresol (DB01688)","0.00000","http://www.drugbank.ca/drugs/DB01688"
"472","Ethylbenzene (DB01722)","0.00000","http://www.drugbank.ca/drugs/DB01722"
"473","M-Cresol (DB01776)","0.00000","http://www.drugbank.ca/drugs/DB01776"
"474","Dithiane Diol (DB01822)","0.00000","http://www.drugbank.ca/drugs/DB01822"
"475","Toluene (DB01900)","0.00000","http://www.drugbank.ca/drugs/DB01900"
"476","1,2-Dihydroxybenzene (DB02232)","0.00000","http://www.drugbank.ca/drugs/DB02232"
"477","Iodophenyl (DB02252)","0.00000","http://www.drugbank.ca/drugs/DB02252"
"478","(4s,5s)-1,2-Dithiane-4,5-Diol (DB02693)","0.00000","http://www.drugbank.ca/drugs/DB02693"
"479","4-Iodophenol (DB03002)","0.00000","http://www.drugbank.ca/drugs/DB03002"
"480","Ortho-Xylene (DB03029)","0.00000","http://www.drugbank.ca/drugs/DB03029"
"481","Tetrahydrofuran-2-Carboxylic Acid (DB03051)","0.00000","http://www.drugbank.ca/drugs/DB03051"
"482","Para-Xylene (DB03463)","0.00000","http://www.drugbank.ca/drugs/DB03463"
"483","2-Cyclopropylmethylenepropanal (DB03736)","0.00000","http://www.drugbank.ca/drugs/DB03736"
"484","Phenylmercury (DB04558)","0.00000","http://www.drugbank.ca/drugs/DB04558"
"485","2-bromophenol (DB04586)","0.00000","http://www.drugbank.ca/drugs/DB04586"
"486","2-Methylpentane-1,2,4-Triol (DB01881)","0.00000","http://www.drugbank.ca/drugs/DB01881"
"487","4-(Methylsulfanyl)-2-Oxobutanoic Acid (DB02238)","0.00000","http://www.drugbank.ca/drugs/DB02238"
"488","Thiopyrophosphate (DB02423)","0.00000","http://www.drugbank.ca/drugs/DB02423"
"489","Oxaloacetate Ion (DB02637)","0.00000","http://www.drugbank.ca/drugs/DB02637"
"490","2-Phosphoglycolic Acid (DB02726)","0.00000","http://www.drugbank.ca/drugs/DB02726"
"491","5-Fluorolevulinic Acid (DB02828)","0.00000","http://www.drugbank.ca/drugs/DB02828"
"492","3-(Prop-2-Ene-1-Sulfinyl)-Propene-1-Thiol (DB02895)","0.00000","http://www.drugbank.ca/drugs/DB02895"
"493","1-Methoxy-2-(2-Methoxyethoxy)Ethane (DB02935)","0.00000","http://www.drugbank.ca/drugs/DB02935"
"494","Heptanoic Acid (DB02938)","0.00000","http://www.drugbank.ca/drugs/DB02938"
"495","1-Octen-3-Ol (DB03025)","0.00000","http://www.drugbank.ca/drugs/DB03025"
"496","2-Oxo-4-Methylpentanoic Acid (DB03229)","0.00000","http://www.drugbank.ca/drugs/DB03229"
"497","Malate Like Intermediate (DB03343)","0.00000","http://www.drugbank.ca/drugs/DB03343"
"498","2-Carboxyethylphosphonic Acid (DB03379)","0.00000","http://www.drugbank.ca/drugs/DB03379"
"499","Malate Ion (DB03499)","0.00000","http://www.drugbank.ca/drugs/DB03499"
"500","Norcamphor (DB03540)","0.00000","http://www.drugbank.ca/drugs/DB03540"
