"","DrugBank Compound (Name, ID)","Similarity to ","Link"
"1","6-amino-2-[(2-morpholin-4-ylethyl)amino]-3,7-dihydro-8H-imidazo[4,5-g]quinazolin-8-one (DB07564)","0.9040","http://www.drugbank.ca/drugs/DB07564"
"2","Terazosin (DB01162)","0.8880","http://www.drugbank.ca/drugs/DB01162"
"3","Avanafil (DB06237)","0.8860","http://www.drugbank.ca/drugs/DB06237"
"4","2-{4-[4-({4-[2-methyl-1-(1-methylethyl)-1H-imidazol-5-yl]pyrimidin-2-yl}amino)phenyl]piperazin-1-yl}-2-oxoethanol (DB07982)","0.8858","http://www.drugbank.ca/drugs/DB07982"
"5","Dasatinib (DB01254)","0.8831","http://www.drugbank.ca/drugs/DB01254"
"6","N-(4-{[(3S)-3-(dimethylamino)pyrrolidin-1-yl]carbonyl}phenyl)-5-fluoro-4-[2-methyl-1-(1-methylethyl)-1H-imidazol-5-yl]pyrimidin-2-amine (DB07936)","0.8791","http://www.drugbank.ca/drugs/DB07936"
"7","Enoxacin (DB00467)","0.8785","http://www.drugbank.ca/drugs/DB00467"
"8","2-butoxy-9-(2,6-difluorobenzyl)-N-(2-morpholin-4-ylethyl)-9H-purin-6-amine (DB07937)","0.8731","http://www.drugbank.ca/drugs/DB07937"
"9","2-(4-ETHYLPIPERAZIN-1-YL)-4-(PHENYLAMINO)PYRAZOLO[1,5-A][1,3,5]TRIAZINE-8-CARBONITRILE (DB08360)","0.8729","http://www.drugbank.ca/drugs/DB08360"
"10","4-[(2-{4-[(CYCLOPROPYLCARBAMOYL)AMINO]-1H-PYRAZOL-3-YL}-1H-BENZIMIDAZOL-6-YL)METHYL]MORPHOLIN-4-IUM (DB08067)","0.8716","http://www.drugbank.ca/drugs/DB08067"
"11","Flibanserin (DB04908)","0.8691","http://www.drugbank.ca/drugs/DB04908"
"12","Prazosin (DB00457)","0.8670","http://www.drugbank.ca/drugs/DB00457"
"13","N6-METHYL-(R)-ROSCOVITINE, R-2-[6-(BENZYL-METHYL-AMINO)-9-ISOPROPYL-9H-PURIN-2-YLAMINO]-BUTAN-1-OL (DB04776)","0.8667","http://www.drugbank.ca/drugs/DB04776"
"14","Alfuzosin (DB00346)","0.8658","http://www.drugbank.ca/drugs/DB00346"
"15","2-[4-(2H-1,4-BENZOTHIAZINE-3-YL)-PIPERAZINE-1-LY]-1,3-THIAZOLE-4-CARBOXYLIC ACID ETHYLESTER (DB08540)","0.8632","http://www.drugbank.ca/drugs/DB08540"
"16","Delavirdine (DB00705)","0.8565","http://www.drugbank.ca/drugs/DB00705"
"17","Dapiprazole (DB00298)","0.8525","http://www.drugbank.ca/drugs/DB00298"
"18","Fluphenazine (DB00623)","0.8518","http://www.drugbank.ca/drugs/DB00623"
"19","METHYL 1-(4-{[(2,4-DIAMINOPTERIDIN-6-YL)METHYL](METHYL)AMINO}BENZOYL)PIPERIDINE-4-CARBOXYLATE (DB07765)","0.8506","http://www.drugbank.ca/drugs/DB07765"
"20","(2R)-1-(DIMETHYLAMINO)-3-{4-[(6-{[2-FLUORO-5-(TRIFLUOROMETHYL)PHENYL]AMINO}PYRIMIDIN-4-YL)AMINO]PHENOXY}PROPAN-2-OL (DB07054)","0.8493","http://www.drugbank.ca/drugs/DB07054"
"21","4-{[4-{[(1R,2R)-2-(dimethylamino)cyclopentyl]amino}-5-(trifluoromethyl)pyrimidin-2-yl]amino}-N-methylbenzenesulfonamide (DB08341)","0.8493","http://www.drugbank.ca/drugs/DB08341"
"22","CI-1033 (DB05424)","0.8475","http://www.drugbank.ca/drugs/DB05424"
"23","7-amino-2-tert-butyl-4-(4-pyrimidin-2-ylpiperazin-1-yl)pyrido[2,3-d]pyrimidine-6-carboxamide (DB07043)","0.8474","http://www.drugbank.ca/drugs/DB07043"
"24","N-{2-[6-(2,4-DIAMINO-6-ETHYLPYRIMIDIN-5-YL)-2,2-DIMETHYL-3-OXO-2,3-DIHYDRO-4H-1,4-BENZOXAZIN-4-YL]ETHYL}ACETAMIDE (DB07059)","0.8468","http://www.drugbank.ca/drugs/DB07059"
"25","OLOMOUCINE II (DB04662)","0.8429","http://www.drugbank.ca/drugs/DB04662"
"26","Mepyramine (DB06691)","0.8423","http://www.drugbank.ca/drugs/DB06691"
"27","METHYL 1-(4-{[(2,4-DIAMINOPTERIDIN-6-YL)METHYL]AMINO}BENZOYL)PIPERIDINE-4-CARBOXYLATE (DB07689)","0.8405","http://www.drugbank.ca/drugs/DB07689"
"28","(3R,4S)-1-[(4-amino-5H-pyrrolo[3,2-d]pyrimidin-7-yl)methyl]-4-[(benzylsulfanyl)methyl]pyrrolidin-3-ol (DB07649)","0.8404","http://www.drugbank.ca/drugs/DB07649"
"29","Trazodone (DB00656)","0.8402","http://www.drugbank.ca/drugs/DB00656"
"30","Trifluoperazine (DB00831)","0.8397","http://www.drugbank.ca/drugs/DB00831"
"31","1-[2-(4-ETHOXY-3-FLUOROPYRIDIN-2-YL)ETHYL]-3-(5-METHYLPYRIDIN-2-YL)THIOUREA (DB08372)","0.8395","http://www.drugbank.ca/drugs/DB08372"
"32","N~6~-cyclohexyl-N~2~-(4-morpholin-4-ylphenyl)-9H-purine-2,6-diamine (DB07340)","0.8380","http://www.drugbank.ca/drugs/DB07340"
"33","N-ETHYL-N-ISOPROPYL-3-METHYL-5-{[(2S)-2-(PYRIDIN-4-YLAMINO)PROPYL]OXY}BENZAMIDE (DB07279)","0.8365","http://www.drugbank.ca/drugs/DB07279"
"34","2-{4-[(4-imidazo[1,2-a]pyridin-3-ylpyrimidin-2-yl)amino]piperidin-1-yl}-N-methylacetamide (DB08026)","0.8362","http://www.drugbank.ca/drugs/DB08026"
"35","N-[[3-FLUORO-4-ETHOXY-PYRID-2-YL]ETHYL]-N'-[5-NITRILOMETHYL-PYRIDYL]-THIOUREA (DB07781)","0.8356","http://www.drugbank.ca/drugs/DB07781"
"36","2-({5-CHLORO-2-[(2-METHOXY-4-MORPHOLIN-4-YLPHENYL)AMINO]PYRIMIDIN-4-YL}AMINO)-N-METHYLBENZAMIDE (DB07460)","0.8355","http://www.drugbank.ca/drugs/DB07460"
"37","5-Methyl-5,6,7,8-Tetrahydrofolic Acid (DB04375)","0.8350","http://www.drugbank.ca/drugs/DB04375"
"38","5-methyltetrahydrofolate (DB04789)","0.8350","http://www.drugbank.ca/drugs/DB04789"
"39","PUROMYCIN (DB08437)","0.8334","http://www.drugbank.ca/drugs/DB08437"
"40","Cinchocaine (DB00527)","0.8320","http://www.drugbank.ca/drugs/DB00527"
"41","Levofloxacin (DB01137)","0.8315","http://www.drugbank.ca/drugs/DB01137"
"42","Ofloxacin (DB01165)","0.8315","http://www.drugbank.ca/drugs/DB01165"
"43","Dextrofloxacine (DB03034)","0.8315","http://www.drugbank.ca/drugs/DB03034"
"44","3-METHOXY-6-[4-(3-METHYLPHENYL)-1-PIPERAZINYL]PYRIDAZINE (DB08017)","0.8315","http://www.drugbank.ca/drugs/DB08017"
"45","2-(6-CHLORO-3-{[2,2-DIFLUORO-2-(2-PYRIDINYL)ETHYL]AMINO}-2-OXO-1(2H)-PYRAZINYL)-N-[(2-FLUORO-6-PYRIDINYL)METHYL]ACETAMIDE (DB07548)","0.8314","http://www.drugbank.ca/drugs/DB07548"
"46","6-(2,4-DIAMINO-6-ETHYLPYRIMIDIN-5-YL)-4-(3-METHOXYPROPYL)-2,2-DIMETHYL-2H-1,4-BENZOXAZIN-3(4H)-ONE (DB07174)","0.8307","http://www.drugbank.ca/drugs/DB07174"
"47","4-{[5-chloro-4-(1H-indol-3-yl)pyrimidin-2-yl]amino}-N-ethylpiperidine-1-carboxamide (DB08005)","0.8305","http://www.drugbank.ca/drugs/DB08005"
"48","Tetrahydrofolic acid (DB00116)","0.8304","http://www.drugbank.ca/drugs/DB00116"
"49","(6s)-5,6,7,8-Tetrahydrofolate (DB02031)","0.8304","http://www.drugbank.ca/drugs/DB02031"
"50","5-Hydroxymethylene-6-Hydrofolic Acid (DB02800)","0.8304","http://www.drugbank.ca/drugs/DB02800"
"51","2-(6-CHLORO-3-{[2,2-DIFLUORO-2-(2-PYRIDINYL)ETHYL]AMINO}-2-OXO-1(2H)-PYRAZINYL)-N-[(2-FLUORO-3-METHYL-6-PYRIDINYL)METHYL]ACETAMIDE (DB07549)","0.8291","http://www.drugbank.ca/drugs/DB07549"
"52","Doxazosin (DB00590)","0.8279","http://www.drugbank.ca/drugs/DB00590"
"53","Gefitinib (DB00317)","0.8274","http://www.drugbank.ca/drugs/DB00317"
"54","1-(5-CHLORO-2-METHOXYPHENYL)-3-{6-[2-(DIMETHYLAMINO)-1-METHYLETHOXY]PYRAZIN-2-YL}UREA (DB07228)","0.8270","http://www.drugbank.ca/drugs/DB07228"
"55","Leucovorin (DB00650)","0.8269","http://www.drugbank.ca/drugs/DB00650"
"56","5-Formyl-5,6,7,8-Tetrahydrofolate (DB03256)","0.8269","http://www.drugbank.ca/drugs/DB03256"
"57","2-(6-CHLORO-3-{[2,2-DIFLUORO-2-(1-OXIDO-2-PYRIDINYL)ETHYL]AMINO}-2-OXO-1(2H)-PYRAZINYL)-N-[(2-FLUOROPHENYL)METHYL]ACETAMIDE (DB07550)","0.8258","http://www.drugbank.ca/drugs/DB07550"
"58","5,10-Methylene-6-Hydrofolic Acid (DB02301)","0.8244","http://www.drugbank.ca/drugs/DB02301"
"59","Afatinib (DB08916)","0.8236","http://www.drugbank.ca/drugs/DB08916"
"60","Minaprine (DB00805)","0.8235","http://www.drugbank.ca/drugs/DB00805"
"61","Mirtazapine (DB00370)","0.8229","http://www.drugbank.ca/drugs/DB00370"
"62","Pefloxacin (DB00487)","0.8224","http://www.drugbank.ca/drugs/DB00487"
"63","LGD2941 (DB05234)","0.8223","http://www.drugbank.ca/drugs/DB05234"
"64","7-BENZYL-1,3-DIMETHYL-8-PIPERAZIN-1-YL-3,7-DIHYDRO-PURINE-2,6-DIONE (DB08530)","0.8222","http://www.drugbank.ca/drugs/DB08530"
"65","4-({4-[(4-methoxypyridin-2-yl)amino]piperidin-1-yl}carbonyl)benzonitrile (DB07002)","0.8221","http://www.drugbank.ca/drugs/DB07002"
"66","1-ethyl-N-(phenylmethyl)-4-(tetrahydro-2H-pyran-4-ylamino)-1H-pyrazolo[3,4-b]pyridine-5-carboxamide (DB06909)","0.8214","http://www.drugbank.ca/drugs/DB06909"
"67","O6-(R)-ROSCOVITINE, R-2-(6-BENZYLOXY-9-ISOPROPYL-9H-PURIN-2-YLAMINO)-BUTAN-1-OL (DB04770)","0.8214","http://www.drugbank.ca/drugs/DB04770"
"68","3-[3-(4-methylpiperazin-1-yl)-7-(trifluoromethyl)quinoxalin-5-yl]phenol (DB07969)","0.8213","http://www.drugbank.ca/drugs/DB07969"
"69","Hydroxychloroquine (DB01611)","0.8210","http://www.drugbank.ca/drugs/DB01611"
"70","Rosiglitazone (DB00412)","0.8207","http://www.drugbank.ca/drugs/DB00412"
"71","Purvalanol (DB02733)","0.8206","http://www.drugbank.ca/drugs/DB02733"
"72","4-(2-{[4-{[3-(4-Chlorophenyl)Propyl]Sulfanyl}-6-(1-Piperazinyl)-1,3,5-Triazin-2-Yl]Amino}Ethyl)Phenol (DB04020)","0.8204","http://www.drugbank.ca/drugs/DB04020"
"73","Dihydrofolic Acid (DB02015)","0.8202","http://www.drugbank.ca/drugs/DB02015"
"74","(4R)-N-[4-({[2-(DIMETHYLAMINO)ETHYL]AMINO}CARBONYL)-1,3-THIAZOL-2-YL]-4-METHYL-1-OXO-2,3,4,9-TETRAHYDRO-1H-BETA-CARBOLINE-6-CARBOXAMIDE (DB07406)","0.8201","http://www.drugbank.ca/drugs/DB07406"
"75","Zolmitriptan (DB00315)","0.8192","http://www.drugbank.ca/drugs/DB00315"
"76","2,4-Diamino-6-[N-(3',5'-Dimethoxybenzyl)-N-Methylamino]Pyrido[2,3-D]Pyrimidine (DB03987)","0.8178","http://www.drugbank.ca/drugs/DB03987"
"77","LY374571 (DB02358)","0.8177","http://www.drugbank.ca/drugs/DB02358"
"78","N6-(2,5-Dimethoxy-Benzyl)-N6-Methyl-Pyrido[2,3-D]Pyrimidine-2,4,6-Triamine (DB02583)","0.8174","http://www.drugbank.ca/drugs/DB02583"
"79","N-[4-CHLORO-3-(PYRIDIN-3-YLOXYMETHYL)-PHENYL]-3-FLUORO- (DB08068)","0.8164","http://www.drugbank.ca/drugs/DB08068"
"80","Sitamaquine (DB04909)","0.8160","http://www.drugbank.ca/drugs/DB04909"
"81","CF-101 (DB05511)","0.8150","http://www.drugbank.ca/drugs/DB05511"
"82","N-[2-(carbamimidamidooxy)ethyl]-2-{6-cyano-3-[(2,2-difluoro-2-pyridin-2-ylethyl)amino]-2-fluorophenyl}acetamide (DB07665)","0.8143","http://www.drugbank.ca/drugs/DB07665"
"83","N-{2-[6-(2,4-DIAMINO-6-ETHYLPYRIMIDIN-5-YL)-2,2-DIMETHYL-3-OXO-2,3-DIHYDRO-4H-1,4-BENZOTHIAZIN-4-YL]ETHYL}ACETAMIDE (DB06899)","0.8140","http://www.drugbank.ca/drugs/DB06899"
"84","Purvalanol A (DB04751)","0.8138","http://www.drugbank.ca/drugs/DB04751"
"85","N'-(Pyrrolidino[2,1-B]Isoindolin-4-On-8-Yl)-N-(Pyridin-2-Yl)Urea (DB04186)","0.8122","http://www.drugbank.ca/drugs/DB04186"
"86","(2R)-2-{[4-(benzylamino)-8-(1-methylethyl)pyrazolo[1,5-a][1,3,5]triazin-2-yl]amino}butan-1-ol (DB08285)","0.8121","http://www.drugbank.ca/drugs/DB08285"
"87","N-[2-(1,3-BENZODIOXOL-5-YL)ETHYL]-1-[2-(1H-IMIDAZOL-1-YL)-6-METHYLPYRIMIDIN-4-YL]-D-PROLINAMIDE (DB06916)","0.8114","http://www.drugbank.ca/drugs/DB06916"
"88","(2S)-2-({6-[(3-AMINO-5-CHLOROPHENYL)AMINO]-9-ISOPROPYL-9H-PURIN-2-YL}AMINO)-3-METHYLBUTAN-1-OL (DB07379)","0.8111","http://www.drugbank.ca/drugs/DB07379"
"89","Chloroquine (DB00608)","0.8105","http://www.drugbank.ca/drugs/DB00608"
"90","5-CHLORO-N-{(3S)-1-[(1S)-1-METHYL-2-MORPHOLIN-4-YL-2-5-CHLORO-N-{(3S)-1-[(1S)-1-METHYL-2-MORPHOLIN-4-YL-2-SULFONAMIDE (DB07848)","0.8098","http://www.drugbank.ca/drugs/DB07848"
"91","1-{7-cyclohexyl-6-[4-(4-methylpiperazin-1-yl)benzyl]-7H-pyrrolo[2,3-d]pyrimidin-2-yl}methanamine (DB07563)","0.8082","http://www.drugbank.ca/drugs/DB07563"
"92","Alogliptin  (DB06203)","0.8064","http://www.drugbank.ca/drugs/DB06203"
"93","BIA (DB03336)","0.8060","http://www.drugbank.ca/drugs/DB03336"
"94","Eszopiclone (DB00402)","0.8059","http://www.drugbank.ca/drugs/DB00402"
"95","Zopiclone (DB01198)","0.8059","http://www.drugbank.ca/drugs/DB01198"
"96","2,4-Diamino-5-Methyl-6-[(3,4,5-Trimethoxy-N-Methylanilino)Methyl]Pyrido[2,3-D]Pyrimidine (DB02104)","0.8058","http://www.drugbank.ca/drugs/DB02104"
"97","Lomefloxacin (DB00978)","0.8053","http://www.drugbank.ca/drugs/DB00978"
"98","N'-(5-CHLORO-1,3-BENZODIOXOL-4-YL)-N-(3-MORPHOLIN-4-YLPHENYL)PYRIMIDINE-2,4-DIAMINE (DB07255)","0.8049","http://www.drugbank.ca/drugs/DB07255"
"99","2-({8-[(3R)-3-AMINOPIPERIDIN-1-YL]-1,3-DIMETHYL-2,6-DIOXO-1,2,3,6-TETRAHYDRO-7H-PURIN-7-YL}METHYL)BENZONITRILE (DB08743)","0.8046","http://www.drugbank.ca/drugs/DB08743"
"100","Lisuride (DB00589)","0.8043","http://www.drugbank.ca/drugs/DB00589"
"101","(3R,4S)-1-[6-(6-METHOXYPYRIDIN-3-YL)PYRIMIDIN-4-YL]-4-(2,4,5-TRIFLUOROPHENYL)PYRROLIDIN-3-AMINE (DB08445)","0.8030","http://www.drugbank.ca/drugs/DB08445"
"102","6-({5-fluoro-2-[(3,4,5-trimethoxyphenyl)amino]pyrimidin-4-yl}amino)-2,2-dimethyl-2H-pyrido[3,2-b][1,4]oxazin-3(4H)-one (DB07159)","0.8026","http://www.drugbank.ca/drugs/DB07159"
"103","5-{[1-(2-fluorobenzyl)piperidin-4-yl]methoxy}quinazoline-2,4-diamine (DB07642)","0.8022","http://www.drugbank.ca/drugs/DB07642"
"104","Dolutegravir (DB08930)","0.8020","http://www.drugbank.ca/drugs/DB08930"
"105","Ranolazine (DB00243)","0.8002","http://www.drugbank.ca/drugs/DB00243"
"106","Flupirtine (DB06623)","0.8000","http://www.drugbank.ca/drugs/DB06623"
"107","4-(4-chlorobenzyl)-1-(7H-pyrrolo[2,3-d]pyrimidin-4-yl)piperidin-4-aminium (DB08150)","0.7990","http://www.drugbank.ca/drugs/DB08150"
"108","Nefazodone (DB01149)","0.7983","http://www.drugbank.ca/drugs/DB01149"
"109","(2S)-1-[4-({6-[(2,6-DIFLUOROPHENYL)AMINO]PYRIMIDIN-4-YL}AMINO)PHENOXY]-3-(DIMETHYLAMINO)PROPAN-2-OL (DB07751)","0.7977","http://www.drugbank.ca/drugs/DB07751"
"110","(2R)-1-[4-({6-[(2,6-DIFLUOROPHENYL)AMINO]PYRIMIDIN-4-YL}AMINO)PHENOXY]-3-(DIMETHYLAMINO)PROPAN-2-OL (DB07761)","0.7977","http://www.drugbank.ca/drugs/DB07761"
"111","2,4-Diamino-6-[N-(3',4',5'-Trimethoxybenzyl)-N-Methylamino]Pyrido[2,3-D]Pyrimidine (DB02919)","0.7976","http://www.drugbank.ca/drugs/DB02919"
"112","5-Chloro-1h-Indole-2-Carboxylic Acid{[Cyclopentyl-(2-Hydroxy-Ethyl)-Carbamoyl]-Methyl}-Amide (DB03288)","0.7975","http://www.drugbank.ca/drugs/DB03288"
"113","N-{3-[(4-{[3-(TRIFLUOROMETHYL)PHENYL]AMINO}PYRIMIDIN-2-YL)AMINO]PHENYL}CYCLOPROPANECARBOXAMIDE (DB07545)","0.7975","http://www.drugbank.ca/drugs/DB07545"
"114","Gatifloxacin (DB01044)","0.7961","http://www.drugbank.ca/drugs/DB01044"
"115","N-butyl-3-{[6-(9H-purin-6-ylamino)hexanoyl]amino}benzamide (DB07801)","0.7958","http://www.drugbank.ca/drugs/DB07801"
"116","Grepafloxacin (DB00365)","0.7951","http://www.drugbank.ca/drugs/DB00365"
"117","N-(5-CHLORO-BENZO[B]THIOPHEN-3-YLMETHYL)-2-[6-CHLORO-OXO-3-(2-PYRIDIN-2-YL-ETHYLAMINO)-2H-PYRAZIN-1-YL]-ACETAMIDE (DB07165)","0.7948","http://www.drugbank.ca/drugs/DB07165"
"118","(3R,4R)-4-(pyrrolidin-1-ylcarbonyl)-1-(quinoxalin-2-ylcarbonyl)pyrrolidin-3-amine (DB07015)","0.7947","http://www.drugbank.ca/drugs/DB07015"
"119","Ciprofloxacin (DB00537)","0.7941","http://www.drugbank.ca/drugs/DB00537"
"120","99mTc-ciprofloxacin (DB05488)","0.7941","http://www.drugbank.ca/drugs/DB05488"
"121","Enzalutamide  (DB08899)","0.7931","http://www.drugbank.ca/drugs/DB08899"
"122","Sunitinib (DB01268)","0.7927","http://www.drugbank.ca/drugs/DB01268"
"123","Lesopitron (DB04970)","0.7927","http://www.drugbank.ca/drugs/DB04970"
"124","5-{[1-(2,3-dichlorobenzyl)piperidin-4-yl]methoxy}quinazoline-2,4-diamine (DB07643)","0.7921","http://www.drugbank.ca/drugs/DB07643"
"125","N-ethyl-4-{[5-(methoxycarbamoyl)-2-methylphenyl]amino}-5-methylpyrrolo[2,1-f][1,2,4]triazine-6-carboxamide (DB06940)","0.7913","http://www.drugbank.ca/drugs/DB06940"
"126","5-(4-Morpholin-4-Yl-Phenylsulfanyl)-2,4-Quinazolinediamine (DB02001)","0.7910","http://www.drugbank.ca/drugs/DB02001"
"127","(2S)-6-(2,4-DIAMINO-6-ETHYLPYRIMIDIN-5-YL)-2-(3,5-DIFLUOROPHENYL)-4-(3-METHOXYPROPYL)-2H-1,4-BENZOXAZIN-3(4H)-ONE (DB07113)","0.7904","http://www.drugbank.ca/drugs/DB07113"
"128","Alizapride (DB01425)","0.7898","http://www.drugbank.ca/drugs/DB01425"
"129","1-[[(1E)-2-(4-CHLOROPHENYL)ETHENYL]SULFONYL]-4-[[1-(4-PYRIDINYL)-4-PIPERIDINYL]METHYL]PIPERAZINE (DB08746)","0.7891","http://www.drugbank.ca/drugs/DB08746"
"130","5-[(E)-(5-CHLORO-2-OXO-1,2-DIHYDRO-3H-INDOL-3-YLIDENE)METHYL]-N-[2-(DIETHYLAMINO)ETHYL]-2,4-DIMETHYL-1H-PYRROLE-3-CARBOXAMIDE (DB08009)","0.7889","http://www.drugbank.ca/drugs/DB08009"
"131","5-(5-CHLORO-2,4-DIHYDROXYPHENYL)-N-ETHYL-4-PIPERAZIN-1-YL-1H-PYRAZOLE-3-CARBOXAMIDE (DB06958)","0.7887","http://www.drugbank.ca/drugs/DB06958"
"132","3-({4-[(1E)-3-morpholin-4-yl-3-oxoprop-1-en-1-yl]-2,3-bis(trifluoromethyl)phenyl}sulfanyl)aniline (DB07486)","0.7886","http://www.drugbank.ca/drugs/DB07486"
"133","[PHENYLALANINYL-PROLINYL]-[2-(PYRIDIN-4-YLAMINO)-ETHYL]-AMINE (DB08422)","0.7886","http://www.drugbank.ca/drugs/DB08422"
"134","Vandetanib (DB05294)","0.7879","http://www.drugbank.ca/drugs/DB05294"
"135","3-{(3R,4R)-4-methyl-3-[methyl(7H-pyrrolo[2,3-d]pyrimidin-4-yl)amino]piperidin-1-yl}-3-oxopropanenitrile (DB08183)","0.7866","http://www.drugbank.ca/drugs/DB08183"
"136","N-[2-methyl-5-(methylcarbamoyl)phenyl]-2-{[(1R)-1-methylpropyl]amino}-1,3-thiazole-5-carboxamide (DB06991)","0.7863","http://www.drugbank.ca/drugs/DB06991"
"137","Hydroxyzine (DB00557)","0.7858","http://www.drugbank.ca/drugs/DB00557"
"138","Cetirizine (DB00341)","0.7850","http://www.drugbank.ca/drugs/DB00341"
"139","1-(6-CYANO-3-PYRIDYLCARBONYL)-5',8'-DIFLUOROSPIRO[PIPERIDINE-4,2'(1'H)-QUINAZOLINE]-4'-AMINE (DB07405)","0.7844","http://www.drugbank.ca/drugs/DB07405"
"140","6-(4-{(1S,2S)-2-AMINO-1-[(DIMETHYLAMINO)CARBONYL]-3-[(3S)-3-FLUOROPYRROLIDIN-1-YL]-3-OXOPROPYL}PHENYL)-1H-[1,2,4]TRIAZOLO[1,5-A]PYRIDIN-4-IUM (DB08504)","0.7838","http://www.drugbank.ca/drugs/DB08504"
"141","(2R,3R,4S,5R)-2-[6-amino-8-[(3,4-dichlorophenyl)methylamino]purin-9-yl]-5-(hydroxymethyl)oxolane-3,4-diol (DB07045)","0.7824","http://www.drugbank.ca/drugs/DB07045"
"142","Sparfloxacin (DB01208)","0.7816","http://www.drugbank.ca/drugs/DB01208"
"143","Piboserod (DB04873)","0.7815","http://www.drugbank.ca/drugs/DB04873"
"144","(4-AMINO-2-{[1-(METHYLSULFONYL)PIPERIDIN-4-YL]AMINO}PYRIMIDIN-5-YL)(2,3-DIFLUORO-6-METHOXYPHENYL)METHANONE (DB08094)","0.7814","http://www.drugbank.ca/drugs/DB08094"
"145","Lysergic Acid Diethylamide (DB04829)","0.7811","http://www.drugbank.ca/drugs/DB04829"
"146","Triflupromazine (DB00508)","0.7798","http://www.drugbank.ca/drugs/DB00508"
"147","3-FLUORO-N-1H-INDOL-5-YL-5-MORPHOLIN-4-YLBENZAMIDE (DB08092)","0.7797","http://www.drugbank.ca/drugs/DB08092"
"148","2-[5-Methanesulfonylamino-2-(4-Aminophenyl)-6-Oxo-1,6-Dihydro-1-Pyrimidinyl]-N-(3,3,3-Trifluoro-1-Isopropyl-2-Oxopropyl)Acetamide (DB03202)","0.7791","http://www.drugbank.ca/drugs/DB03202"
"149","Mefloquine (DB00358)","0.7788","http://www.drugbank.ca/drugs/DB00358"
"150","N-{3-[5-(6-Amino-Purin-9-Yl)-3,4-Dihydroxy-Tetrahydro-Furan-2-Yl]-Allyl}-2,3-Dihydroxy-5-Nitro-Benzamide (DB03907)","0.7785","http://www.drugbank.ca/drugs/DB03907"
"151","N-{(3S,4S)-4-[(6-AMINO-4-METHYLPYRIDIN-2-YL)METHYL]PYRROLIDIN-3-YL}-N'-(4-CHLOROBENZYL)ETHANE-1,2-DIAMINE (DB08018)","0.7785","http://www.drugbank.ca/drugs/DB08018"
"152","N-{(3R,4S)-4-[(6-amino-4-methylpyridin-2-yl)methyl]pyrrolidin-3-yl}-N'-(3-chlorobenzyl)ethane-1,2-diamine (DB08019)","0.7785","http://www.drugbank.ca/drugs/DB08019"
"153","Carphenazine (DB01038)","0.7774","http://www.drugbank.ca/drugs/DB01038"
"154","Diltiazem (DB00343)","0.7768","http://www.drugbank.ca/drugs/DB00343"
"155","Aripiprazole (DB01238)","0.7766","http://www.drugbank.ca/drugs/DB01238"
"156","Bepotastine (DB04890)","0.7763","http://www.drugbank.ca/drugs/DB04890"
"157","4-(3-{[5-(trifluoromethyl)pyridin-2-yl]oxy}benzyl)piperidine-1-carboxylic acid (DB08400)","0.7743","http://www.drugbank.ca/drugs/DB08400"
"158","2-{3-[(2S)-4,4-difluoro-2-(pyrrolidin-1-ylcarbonyl)pyrrolidin-1-yl]-3-oxopropyl}-isoindole-1,3(2H)-dione (DB08739)","0.7729","http://www.drugbank.ca/drugs/DB08739"
"159","Cisapride (DB00604)","0.7725","http://www.drugbank.ca/drugs/DB00604"
"160","2,4-Diamino-6-[N-(2',5'-Dimethoxybenzyl)-N-Methylamino]Quinazoline (DB02427)","0.7714","http://www.drugbank.ca/drugs/DB02427"
"161","1-[2-HYDROXY-3-(4-CYCLOHEXYL-PHENOXY)-PROPYL]-4-(2-PYRIDYL)-PIPERAZINE (DB08543)","0.7708","http://www.drugbank.ca/drugs/DB08543"
"162","Lansoprazole (DB00448)","0.7707","http://www.drugbank.ca/drugs/DB00448"
"163","1-[4-(4-chlorophenyl)-1-(7H-pyrrolo[2,3-d]pyrimidin-4-yl)piperidin-4-yl]methanamine (DB08148)","0.7696","http://www.drugbank.ca/drugs/DB08148"
"164","Ergonovine (DB01253)","0.7694","http://www.drugbank.ca/drugs/DB01253"
"165","5-bromo-N-(3-chloro-2-(4-(prop-2-ynyl)piperazin-1-yl)phenyl)furan-2-carboxamide (DB08021)","0.7678","http://www.drugbank.ca/drugs/DB08021"
"166","2-{[(1R,2S)-2-aminocyclohexyl]amino}-4-[(3-methylphenyl)amino]pyrimidine-5-carboxamide (DB08361)","0.7677","http://www.drugbank.ca/drugs/DB08361"
"167","Beta-hydroxyfentanyl (DB01453)","0.7674","http://www.drugbank.ca/drugs/DB01453"
"168","4-chloro-N-(3-methoxypropyl)-N-[(3S)-1-(2-phenylethyl)piperidin-3-yl]benzamide (DB08344)","0.7673","http://www.drugbank.ca/drugs/DB08344"
"169","Flurazepam (DB00690)","0.7672","http://www.drugbank.ca/drugs/DB00690"
"170","N-cyclohexyl-3-[3-(trifluoromethyl)phenyl][1,2,4]triazolo[4,3-b]pyridazin-6-amine (DB08708)","0.7662","http://www.drugbank.ca/drugs/DB08708"
"171","Gemifloxacin (DB01155)","0.7658","http://www.drugbank.ca/drugs/DB01155"
"172","(3-ENDO)-8-METHYL-8-AZABICYCLO[3.2.1]OCT-3-YL 1H-PYRROLO[2,3-B]PYRIDINE-3-CARBOXYLATE (DB07243)","0.7639","http://www.drugbank.ca/drugs/DB07243"
"173","4-BROMO-2-FLUORO-N-[(4E)-6-METHOXY-7-[(1-METHYLPIPERIDIN-4-YL)METHOXY]QUINAZOLIN-4(1H)-YLIDENE]ANILINE (DB08764)","0.7638","http://www.drugbank.ca/drugs/DB08764"
"174","2-chloro-4-{[(1R,3Z,7S,7aS)-7-hydroxy-1-(trifluoromethyl)tetrahydro-1H-pyrrolo[1,2-c][1,3]oxazol-3-ylidene]amino}-3-methylbenzonitrile (DB08088)","0.7638","http://www.drugbank.ca/drugs/DB08088"
"175","4-{[(2,6-difluorophenyl)carbonyl]amino}-N-[(3S)-piperidin-3-yl]-1H-pyrazole-3-carboxamide (DB08141)","0.7631","http://www.drugbank.ca/drugs/DB08141"
"176","7,8-dihydro-6-hydroxymethyl-7-methyl-7-[2-phenylethyl]-pterin (DB04610)","0.7626","http://www.drugbank.ca/drugs/DB04610"
"177","[2-(1-Amino-2-Hydroxy-Propyl)-4-(4-Fluoro-1h-Indol-3-Ylmethyl)-5-Hydroxy-Imidazol-1-Yl]-Acetic Acid (DB01674)","0.7623","http://www.drugbank.ca/drugs/DB01674"
"178","4-(2-aminoethoxy)-N-(3-chloro-2-ethoxy-5-piperidin-1-ylphenyl)-3,5-dimethylbenzamide (DB07626)","0.7620","http://www.drugbank.ca/drugs/DB07626"
"179","Haloxazolam (DB01476)","0.7617","http://www.drugbank.ca/drugs/DB01476"
"180","(2S)-3-[4-(acetylamino)phenoxy]-2-hydroxy-2-methyl-N-[4-nitro-3-(trifluoromethyl)phenyl]propanamide (DB07423)","0.7617","http://www.drugbank.ca/drugs/DB07423"
"181","3-[(1R)-1-(2,6-dichloro-3-fluorophenyl)ethoxy]-5-(1-piperidin-4-yl-1H-pyrazol-4-yl)pyridin-2-amine (DB08700)","0.7614","http://www.drugbank.ca/drugs/DB08700"
"182","Trovafloxacin (DB00685)","0.7610","http://www.drugbank.ca/drugs/DB00685"
"183","5-ETHYL-3-[(2-METHOXYETHYL)METHYLAMINO]-6-METHYL-4-(3-METHYLBENZYL)PYRIDIN-2(1H)-ONE (DB07018)","0.7601","http://www.drugbank.ca/drugs/DB07018"
"184","4-(2-aminoethoxy)-N-(3-chloro-5-piperidin-1-ylphenyl)-3,5-dimethylbenzamide (DB08697)","0.7591","http://www.drugbank.ca/drugs/DB08697"
"185","(3R,4S)-1-[(4-amino-5H-pyrrolo[3,2-d]pyrimidin-7-yl)methyl]-4-[(butylsulfanyl)methyl]pyrrolidin-3-ol (DB07463)","0.7583","http://www.drugbank.ca/drugs/DB07463"
"186","1-(5-OXO-2,3,5,9B-TETRAHYDRO-1H-PYRROLO[2,1-A]ISOINDOL-9-YL)-3-(5-PYRROLIDIN-2-YL-1H-PYRAZOL-3-YL)-UREA (DB06976)","0.7580","http://www.drugbank.ca/drugs/DB06976"
"187","PA824 (DB05154)","0.7578","http://www.drugbank.ca/drugs/DB05154"
"188","N-[2-({[amino(imino)methyl]amino}oxy)ethyl]-2-{6-chloro-3-[(2,2-difluoro-2-phenylethyl)amino]-2-fluorophenyl}acetamide (DB07946)","0.7577","http://www.drugbank.ca/drugs/DB07946"
"189","(METHYLPYRIDAZINE PIPERIDINE ETHYLOXYPHENYL)ETHYLACETATE (DB08012)","0.7576","http://www.drugbank.ca/drugs/DB08012"
"190","SU4984 (DB02058)","0.7565","http://www.drugbank.ca/drugs/DB02058"
"191","2-[({4-[2-(trifluoromethyl)phenyl]piperidin-1-yl}carbonyl)amino]benzoic acid (DB06985)","0.7563","http://www.drugbank.ca/drugs/DB06985"
"192","(2S)-4-(2,5-difluorophenyl)-N-[(3R,4S)-3-fluoro-1-methylpiperidin-4-yl]-2-(hydroxymethyl)-N-methyl-2-phenyl-2,5-dihydro-1H-pyrrole-1-carboxamide (DB08037)","0.7560","http://www.drugbank.ca/drugs/DB08037"
"193","Sorafenib (DB00398)","0.7551","http://www.drugbank.ca/drugs/DB00398"
"194","Methysergide (DB00247)","0.7549","http://www.drugbank.ca/drugs/DB00247"
"195","Methylergometrine (DB00353)","0.7539","http://www.drugbank.ca/drugs/DB00353"
"196","Mianserin (DB06148)","0.7536","http://www.drugbank.ca/drugs/DB06148"
"197","Cloxazolam (DB01553)","0.7528","http://www.drugbank.ca/drugs/DB01553"
"198","4-{[(2,6-dichlorophenyl)carbonyl]amino}-N-piperidin-4-yl-1H-pyrazole-3-carboxamide (DB08142)","0.7512","http://www.drugbank.ca/drugs/DB08142"
"199","N-(4-AMINO-5-CYANO-6-ETHOXYPYRIDIN-2-YL)-2-(4-BROMO-2,5-DIMETHOXYPHENYL)ACETAMIDE (DB07272)","0.7502","http://www.drugbank.ca/drugs/DB07272"
"200","Beta-hydroxy-3-methylfentanyl (DB01570)","0.7501","http://www.drugbank.ca/drugs/DB01570"
"201","4-((3r,4s,5r)-4-Amino-3,5-Dihydroxy-Hex-1-Ynyl)-5-Fluoro-3-[1-(3-Methoxy-1h-Pyrrol-2-Yl)-Meth-(Z)-Ylidene]-1,3-Dihydro-Indol-2-One (DB03737)","0.7481","http://www.drugbank.ca/drugs/DB03737"
"202","(2S)-4-(2,5-DIFLUOROPHENYL)-N-METHYL-2-PHENYL-N-PIPERIDIN-4-YL-2,5-DIHYDRO-1H-PYRROLE-1-CARBOXAMIDE (DB08239)","0.7480","http://www.drugbank.ca/drugs/DB08239"
"203","Amperozide (DB08927)","0.7480","http://www.drugbank.ca/drugs/DB08927"
"204","1-(3-chloro-4-methylphenyl)-3-{2-[({5-[(dimethylamino)methyl]-2-furyl}methyl)thio]ethyl}urea (DB08027)","0.7470","http://www.drugbank.ca/drugs/DB08027"
"205","1-[4-(4-chlorobenzyl)-1-(7H-pyrrolo[2,3-d]pyrimidin-4-yl)piperidin-4-yl]methanamine (DB08149)","0.7470","http://www.drugbank.ca/drugs/DB08149"
"206","Oxacillin (DB00713)","0.7465","http://www.drugbank.ca/drugs/DB00713"
"207","Trimetrexate (DB01157)","0.7451","http://www.drugbank.ca/drugs/DB01157"
"208","(1R)-2-{[AMINO(IMINO)METHYL]AMINO}-1-{4-[(4R)-4-(HYDROXYMETHYL)-1,3,2-DIOXABOROLAN-2-YL]PHENYL}ETHYL NICOTINATE (DB07023)","0.7440","http://www.drugbank.ca/drugs/DB07023"
"209","4-{[(1R,2S)-1,2-dihydroxy-2-methyl-3-(4-nitrophenoxy)propyl]amino}-2-(trifluoromethyl)benzonitrile (DB07421)","0.7435","http://www.drugbank.ca/drugs/DB07421"
"210","5-[3-(2,5-dimethoxyphenyl)prop-1-yn-1-yl]-6-ethylpyrimidine-2,4-diamine (DB08234)","0.7434","http://www.drugbank.ca/drugs/DB08234"
"211","Cloxacillin (DB01147)","0.7426","http://www.drugbank.ca/drugs/DB01147"
"212","Sufentanil (DB00708)","0.7426","http://www.drugbank.ca/drugs/DB00708"
"213","9-Butyl-8-(2,5-Dimethoxy-Benzyl)-2-Fluoro-9h-Purin-6-Ylamine (DB04054)","0.7425","http://www.drugbank.ca/drugs/DB04054"
"214","Flucloxacillin (DB00301)","0.7424","http://www.drugbank.ca/drugs/DB00301"
"215","8-(2,5-Dimethoxy-Benzyl)-2-Fluoro-9-Pent-9h-Purin-6-Ylamine (DB03137)","0.7423","http://www.drugbank.ca/drugs/DB03137"
"216","N-(R-Carboxy-Ethyl)-Alpha-(S)-(2-Phenylethyl)Glycyl-L-Arginine-N-Phenylamide (DB02747)","0.7422","http://www.drugbank.ca/drugs/DB02747"
"217","9-Butyl-8-(2,5-Dimethoxy-Benzyl)-9h-Purin-6-Ylamine (DB02359)","0.7419","http://www.drugbank.ca/drugs/DB02359"
"218","1-[4-(AMINOMETHYL)BENZOYL]-5'-FLUORO-1'H-SPIRO[PIPERIDINE-4,2'-QUINAZOLIN]-4'-AMINE (DB08750)","0.7418","http://www.drugbank.ca/drugs/DB08750"
"219","N-{3-[(7ar,12as,12bs)-7-Oxo-1,3,4,6,7,7a,12a,12b-Octahydroindolo[2,3-a]Quinolizin-12(2h)-Yl]Propyl}Propane-2-Sulfonamide (DB01967)","0.7408","http://www.drugbank.ca/drugs/DB01967"
"220","4-[5-(Trans-4-Aminocyclohexylamino)-3-Isopropylpyrazolo[1,5-a]Pyrimidin-7-Ylamino]-N,N-Dimethylbenzenesulfonamide (DB01888)","0.7393","http://www.drugbank.ca/drugs/DB01888"
"221","Pleconaril (DB05105)","0.7390","http://www.drugbank.ca/drugs/DB05105"
"222","4-({(2R,5S)-2,5-DIMETHYL-4-[(2R)-3,3,3-TRIFLUORO-2-HYDROXY-2-METHYLPROPANOYL]PIPERAZIN-1-YL}CARBONYL)BENZONITRILE (DB08608)","0.7386","http://www.drugbank.ca/drugs/DB08608"
"223","(METHYLPYRIDAZINE PIPERIDINE PROPYLOXYPHENYL)ETHYLACETATE (DB08013)","0.7383","http://www.drugbank.ca/drugs/DB08013"
"224","(2S)-3-(4-chloro-3-fluorophenoxy)-N-[4-cyano-3-(trifluoromethyl)phenyl]-2-hydroxy-2-methylpropanamide (DB07419)","0.7381","http://www.drugbank.ca/drugs/DB07419"
"225","(3,3-dimethylpiperidin-1-yl)(6-(3-fluoro-4-methylphenyl)pyridin-2-yl)methanone (DB06992)","0.7380","http://www.drugbank.ca/drugs/DB06992"
"226","Bortezomib (DB00188)","0.7378","http://www.drugbank.ca/drugs/DB00188"
"227","N-[(1R)-1-(DIHYDROXYBORYL)-3-METHYLBUTYL]-N-(PYRAZIN-2-YLCARBONYL)-L-PHENYLALANINAMIDE (DB07475)","0.7378","http://www.drugbank.ca/drugs/DB07475"
"228","8-Benzo[1,3]Dioxol-,5-Ylmethyl-9-Butyl-2-Fluoro-9h-Purin-6-Ylamine (DB04254)","0.7378","http://www.drugbank.ca/drugs/DB04254"
"229","K201 (DB02929)","0.7376","http://www.drugbank.ca/drugs/DB02929"
"230","8-BENZO[1,3]DIOXOL-,5-YLMETHYL-9-BUTYL-9H- (DB08436)","0.7372","http://www.drugbank.ca/drugs/DB08436"
"231","N-(4-carbamimidoylbenzyl)-1-(3-phenylpropanoyl)-L-prolinamide (DB06942)","0.7368","http://www.drugbank.ca/drugs/DB06942"
"232","D-phenylalanyl-N-(3-fluorobenzyl)-L-prolinamide (DB07027)","0.7361","http://www.drugbank.ca/drugs/DB07027"
"233","S-3-(4-FLUOROPHENOXY)-2-HYDROXY-2-METHYL-N-[4-NITRO-3-(TRIFLUOROMETHYL)PHENYL]PROPANAMIDE (DB07769)","0.7357","http://www.drugbank.ca/drugs/DB07769"
"234","D-phenylalanyl-N-{4-[amino(iminio)methyl]benzyl}-L-prolinamide (DB07005)","0.7355","http://www.drugbank.ca/drugs/DB07005"
"235","D-phenylalanyl-N-(3-methylbenzyl)-L-prolinamide (DB07133)","0.7353","http://www.drugbank.ca/drugs/DB07133"
"236","5-CYANO-N-(2,5-DIMETHOXYBENZYL)-6-ETHOXYPYRIDINE-2-CARBOXAMIDE (DB07276)","0.7351","http://www.drugbank.ca/drugs/DB07276"
"237","D-phenylalanyl-N-benzyl-L-prolinamide (DB07143)","0.7349","http://www.drugbank.ca/drugs/DB07143"
"238","3-[[(METHYLAMINO)SULFONYL]AMINO]-2-OXO-6-PHENYL-N-[3,3,3-TRIFLUORO-1-(1-METHYLETHYL)-2-OXOPHENYL]-1(2H)-PYRIDINE ACETAMIDE (DB08614)","0.7347","http://www.drugbank.ca/drugs/DB08614"
"239","SC45647 (DB04778)","0.7346","http://www.drugbank.ca/drugs/DB04778"
"240","Encainide (DB01228)","0.7338","http://www.drugbank.ca/drugs/DB01228"
"241","Tyrosyladenylate (DB03325)","0.7338","http://www.drugbank.ca/drugs/DB03325"
"242","4-(BENZHYDRYLOXY)-1-[3-(1H-TETRAAZOL-5-YL)PROPYL]PIPERIDINE (DB07917)","0.7338","http://www.drugbank.ca/drugs/DB07917"
"243","Besifloxacin (DB06771)","0.7328","http://www.drugbank.ca/drugs/DB06771"
"244","D-phenylalanyl-N-(3-chlorobenzyl)-L-prolinamide (DB06919)","0.7328","http://www.drugbank.ca/drugs/DB06919"
"245","Ridogrel (DB01207)","0.7325","http://www.drugbank.ca/drugs/DB01207"
"246","N-benzyl-4-[(2R)-pyrrolidin-2-ylmethoxy]aniline (DB07260)","0.7318","http://www.drugbank.ca/drugs/DB07260"
"247","Dicloxacillin (DB00485)","0.7314","http://www.drugbank.ca/drugs/DB00485"
"248","Halazepam (DB00801)","0.7301","http://www.drugbank.ca/drugs/DB00801"
"249","(1S,5S,7R)-N~7~-(BIPHENYL-4-YLMETHYL)-N~3~-HYDROXY-6,8-DIOXA-3-AZABICYCLO[3.2.1]OCTANE-3,7-DICARBOXAMIDE (DB07026)","0.7300","http://www.drugbank.ca/drugs/DB07026"
"250","N-({(2S)-1-[(3R)-3-AMINO-4-(2-FLUOROPHENYL)BUTANOYL]PYRROLIDIN-2-YL}METHYL)BENZAMIDE (DB07779)","0.7294","http://www.drugbank.ca/drugs/DB07779"
"251","5-CYANO-FURAN-2-CARBOXYLIC ACID [5-HYDROXYMETHYL-2-(4-METHYL-PIPERIDIN-1-YL)-PHENYL]-AMIDE (DB07167)","0.7291","http://www.drugbank.ca/drugs/DB07167"
"252","Fluoxetine (DB00472)","0.7290","http://www.drugbank.ca/drugs/DB00472"
"253","(3R)-N-methyl-3-phenyl-3-[4-(trifluoromethyl)phenoxy]propan-1-amine (DB08472)","0.7290","http://www.drugbank.ca/drugs/DB08472"
"254","(3S)-N-methyl-3-phenyl-3-[4-(trifluoromethyl)phenoxy]propan-1-amine (DB08544)","0.7290","http://www.drugbank.ca/drugs/DB08544"
"255","Alfentanil (DB00802)","0.7284","http://www.drugbank.ca/drugs/DB00802"
"256","N-ACETYL-L-PHENYLALANYL-4-[DIFLUORO(PHOSPHONO)METHYL]-L-PHENYLALANINAMIDE (DB07651)","0.7284","http://www.drugbank.ca/drugs/DB07651"
"257","1-cyclobutyl-3-(3,4-dimethoxyphenyl)-1H-pyrazolo[3,4-d]pyrimidin-4-amine (DB08053)","0.7271","http://www.drugbank.ca/drugs/DB08053"
"258","(2S)-4-(2,5-DIFLUOROPHENYL)-N,N-DIMETHYL-2-PHENYL-2,5-DIHYDRO-1H-PYRROLE-1-CARBOXAMIDE (DB08246)","0.7258","http://www.drugbank.ca/drugs/DB08246"
"259","(2s,4r)-1-Acetyl-N-[(1s)-4-[(Aminoiminomethyl)Amino]-1-(2-Benzothiazolylcarbonyl)Butyl]-4-Hydroxy-2-Pyrrolidinecarboxamide (DB02812)","0.7248","http://www.drugbank.ca/drugs/DB02812"
"260","Cinolazepam (DB01594)","0.7245","http://www.drugbank.ca/drugs/DB01594"
"261","Paliperidone (DB01267)","0.7242","http://www.drugbank.ca/drugs/DB01267"
"262","Moxifloxacin (DB00218)","0.7242","http://www.drugbank.ca/drugs/DB00218"
"263","(2R)-({4-[AMINO(IMINO)METHYL]PHENYL}AMINO){5-ETHOXY-2-FLUORO-3-[(3R)-TETRAHYDROFURAN-3-YLOXY]PHENYL}ACETICACID (DB04590)","0.7239","http://www.drugbank.ca/drugs/DB04590"
"264","1-{[1-(2-AMINO-3-PHENYL-PROPIONYL)-PYRROLIDINE-2-CARBONYL]-AMINO}-2-(3-CYANO-PHENYL)-ETHANEBORONIC ACID (DB08420)","0.7237","http://www.drugbank.ca/drugs/DB08420"
"265","4-({5-[(4-AMINOCYCLOHEXYL)AMINO][1,2,4]TRIAZOLO[1,5-A]PYRIMIDIN-7-YL}AMINO)BENZENESULFONAMIDE (DB07687)","0.7229","http://www.drugbank.ca/drugs/DB07687"
"266","3-({2-[(4-{[6-(CYCLOHEXYLMETHOXY)-9H-PURIN-2-YL]AMINO}PHENYL)SULFONYL]ETHYL}AMINO)PROPAN-1-OL (DB08309)","0.7228","http://www.drugbank.ca/drugs/DB08309"
"267","GLYCYLALANYL-N-2-NAPHTHYL-L-PROLINEAMIDE (DB07813)","0.7219","http://www.drugbank.ca/drugs/DB07813"
"268","Formoterol (DB00983)","0.7219","http://www.drugbank.ca/drugs/DB00983"
"269","Arformoterol (DB01274)","0.7219","http://www.drugbank.ca/drugs/DB01274"
"270","2-[N'-(4-AMINO-BUTYL)-HYDRAZINOCARBONYL]-PYRROLIDINE-1-CARBOXYLIC ACID BENZYL ESTER (DB07366)","0.7216","http://www.drugbank.ca/drugs/DB07366"
"271","Itopride (DB04924)","0.7215","http://www.drugbank.ca/drugs/DB04924"
"272","Phenserine (DB04892)","0.7204","http://www.drugbank.ca/drugs/DB04892"
"273","LY249543 (DB04322)","0.7201","http://www.drugbank.ca/drugs/DB04322"
"274","4-{[5-(CYCLOHEXYLAMINO)[1,2,4]TRIAZOLO[1,5-A]PYRIMIDIN-7-YL]AMINO}BENZENESULFONAMIDE (DB07686)","0.7201","http://www.drugbank.ca/drugs/DB07686"
"275","(S)-2-[(R)-3-amino-4-(2-fluorophenyl)butyryl]-1,2,3,4-tetrahydroisoquinoline-3-carboxamide (DB04578)","0.7201","http://www.drugbank.ca/drugs/DB04578"
"276","Benzoyl-Arginine-Alanine-Methyl Ketone (DB03536)","0.7193","http://www.drugbank.ca/drugs/DB03536"
"277","4-(6-CYCLOHEXYLMETHOXY-9H-PURIN-2-YLAMINO)--BENZAMIDE (DB08241)","0.7191","http://www.drugbank.ca/drugs/DB08241"
"278","(METHYLPYRIDAZINE PIPERIDINE BUTYLOXYPHENYL)ETHYLACETATE (DB08014)","0.7187","http://www.drugbank.ca/drugs/DB08014"
"279","1-{2-[3-(2-Chloro-4,5-difluoro-benzoyl)-ureido]-4-fluoro-phenyl}-piperidine-4-carboxylic acid (DB07396)","0.7184","http://www.drugbank.ca/drugs/DB07396"
"280","9-Butyl-8-(3,4,5-Trimethoxybenzyl)-9h-Purin-6-Amine (DB02754)","0.7181","http://www.drugbank.ca/drugs/DB02754"
"281","1-[2-(3-ACETYL-2-HYDROXY-6-METHOXY-PHENYL)-CYCLOPROPYL]-3-(5-CYANO-PYRIDIN-2-YL)-THIOUREA (DB08212)","0.7180","http://www.drugbank.ca/drugs/DB08212"
"282","2-(CYCLOHEXYLMETHYLAMINO)-4-(PHENYLAMINO)PYRAZOLO[1,5-A][1,3,5]TRIAZINE-8-CARBONITRILE (DB08353)","0.7180","http://www.drugbank.ca/drugs/DB08353"
"283","(2R)-4-[(8R)-8-METHYL-2-(TRIFLUOROMETHYL)-5,6-DIHYDRO[1,2,4]TRIAZOLO[1,5-A]PYRAZIN-7(8H)-YL]-4-OXO-1-(2,4,5-TRIFLUOROPHENYL)BUTAN-2-AMINE (DB07081)","0.7179","http://www.drugbank.ca/drugs/DB07081"
"284","Disopyramide (DB00280)","0.7177","http://www.drugbank.ca/drugs/DB00280"
"285","Trimethaphan (DB01116)","0.7173","http://www.drugbank.ca/drugs/DB01116"
"286","N-[2-(4-AMINO-5,8-DIFLUORO-1,2-DIHYDROQUINAZOLIN-2-YL)ETHYL]-3-FURAMIDE (DB07318)","0.7167","http://www.drugbank.ca/drugs/DB07318"
"287","N-[1-(2,6-dimethoxybenzyl)piperidin-4-yl]-4-sulfanylbutanamide (DB07735)","0.7167","http://www.drugbank.ca/drugs/DB07735"
"288","Clidinium (DB00771)","0.7166","http://www.drugbank.ca/drugs/DB00771"
"289","5,10-Dideazatetrahydrofolic Acid (DB03625)","0.7163","http://www.drugbank.ca/drugs/DB03625"
"290","N2-[(Benzyloxy)Carbonyl]-N1-[(3s)-1-Cyanopyrrolidin-3-Yl]-L-Leucinamide (DB03456)","0.7162","http://www.drugbank.ca/drugs/DB03456"
"291","1S,3AS,8AS-TRIMETHYL-1-OXIDO-1,2,3,3A,8,8A-HEXAHYDROPYRROLO[2,3-B]INDOL-5-YL 2-ETHYLPHENYLCARBAMATE (DB07846)","0.7161","http://www.drugbank.ca/drugs/DB07846"
"292","Bicalutamide (DB01128)","0.7158","http://www.drugbank.ca/drugs/DB01128"
"293","(2r)-N-[4-Cyano-3-(Trifluoromethyl)Phenyl]-3-[(4-Fluorophenyl)Sulfonyl]-2-Hydroxy-2-Methylpropanamide (DB02932)","0.7158","http://www.drugbank.ca/drugs/DB02932"
"294","5-(5-CHLORO-2-THIENYL)-N-{(3S)-1-[(1S)-1-METHYL-2-MORPHOLIN-4-YL-2-OXOETHYL]-2-OXOPYRROLIDIN-3-YL}-1H-1,2,4-TRIAZOLE-3-SULFONAMIDE (DB07804)","0.7153","http://www.drugbank.ca/drugs/DB07804"
"295","8-(2-Chloro-3,4,5-Trimethoxy-Benzyl)-2-Fluoro-9-Pent-4-Ylnyl-9h-Purin-6-Ylamine (DB02550)","0.7153","http://www.drugbank.ca/drugs/DB02550"
"296","8-(2-Chloro-3,4,5-Trimethoxy-Benzyl)-9-Pent-4-Ylnyl-9h-Purin-6-Ylamine (DB04505)","0.7144","http://www.drugbank.ca/drugs/DB04505"
"297","9-Butyl-8-(2-Chloro-3,4,5-Trimethoxy-Benzyl)-9h-Purin-6-Ylamine (DB03504)","0.7141","http://www.drugbank.ca/drugs/DB03504"
"298","Cefamandole (DB01326)","0.7137","http://www.drugbank.ca/drugs/DB01326"
"299","Methotrimeprazine (DB01403)","0.7136","http://www.drugbank.ca/drugs/DB01403"
"300","N-[1-(5-bromo-2,3-dimethoxybenzyl)piperidin-4-yl]-4-sulfanylbutanamide (DB07738)","0.7132","http://www.drugbank.ca/drugs/DB07738"
"301","(S)-blebbistatin (DB01944)","0.7121","http://www.drugbank.ca/drugs/DB01944"
"302","(3aS)-3a-hydroxy-7-methyl-1-phenyl-1,2,3,3a-tetrahydro-4H-pyrrolo[2,3-b]quinolin-4-one (DB07469)","0.7121","http://www.drugbank.ca/drugs/DB07469"
"303","(3aS)-3a-hydroxy-5-methyl-1-phenyl-1,2,3,3a-tetrahydro-4H-pyrrolo[2,3-b]quinolin-4-one (DB07468)","0.7116","http://www.drugbank.ca/drugs/DB07468"
"304","(2S)-2-{3-[({[2-fluoro-4-(trifluoromethyl)phenyl]carbonyl}amino)methyl]-4-methoxybenzyl}butanoic acid (DB07070)","0.7113","http://www.drugbank.ca/drugs/DB07070"
"305","(4R)-7,8-dichloro-1',9-dimethyl-1-oxo-1,2,4,9-tetrahydrospiro[beta-carboline-3,4'-piperidine]-4-carbonitrile (DB07242)","0.7111","http://www.drugbank.ca/drugs/DB07242"
"306","N-[1-(AMINOMETHYL)CYCLOPROPYL]-3-(BENZYLSULFONYL)-N~2~-[(1S)-2,2,2-TRIFLUORO-1-(4-HYDROXYPHENYL)ETHYL]-L-ALANINAMIDE (DB07589)","0.7111","http://www.drugbank.ca/drugs/DB07589"
"307","(N-{4-[(ETHYLANILINO)SULFONYL]-2-METHYLPHENYL}-3,3,3-TRIFLUORO-2-HYDROXY-2-METHYLPROPANAMIDE (DB08609)","0.7110","http://www.drugbank.ca/drugs/DB08609"
"308","(3R,4S)-1-(3,4-DIMETHOXYPHENYL)-3-(3-METHYLPHENYL)PIPERIDIN-4-AMINE (DB07851)","0.7107","http://www.drugbank.ca/drugs/DB07851"
"309","Reboxetine (DB00234)","0.7106","http://www.drugbank.ca/drugs/DB00234"
"310","Fluvoxamine (DB00176)","0.7101","http://www.drugbank.ca/drugs/DB00176"
"311","Clemastine (DB00283)","0.7100","http://www.drugbank.ca/drugs/DB00283"
"312","Granisetron (DB00889)","0.7096","http://www.drugbank.ca/drugs/DB00889"
"313","2-[2-(4-CHLORO-PHENYLSULFANYL)-ACETYLAMINO]-3-(4-GUANIDINO-PHENYL)-PROPIONAMIDE (DB07105)","0.7083","http://www.drugbank.ca/drugs/DB07105"
"314","N-ALLYL-5-AMIDINOAMINOOXY-PROPYLOXY-3-CHLORO-N-CYCLOPENTYLBENZAMIDE (DB06859)","0.7071","http://www.drugbank.ca/drugs/DB06859"
"315","Piclamilast (DB01791)","0.7068","http://www.drugbank.ca/drugs/DB01791"
"316","(7R,8R)-8-(2,4,5-trifluorophenyl)-6,7,8,9-tetrahydroimidazo[1,2-a:4,5-c']dipyridin-7-amine (DB07021)","0.7065","http://www.drugbank.ca/drugs/DB07021"
"317","4-{[4-AMINO-6-(CYCLOHEXYLMETHOXY)-5-NITROSOPYRIMIDIN-2-YL]AMINO}BENZAMIDE (DB08572)","0.7060","http://www.drugbank.ca/drugs/DB08572"
"318","Roflumilast (DB01656)","0.7059","http://www.drugbank.ca/drugs/DB01656"
"319","2-ANILINO-6-CYCLOHEXYLMETHOXYPURINE (DB06948)","0.7049","http://www.drugbank.ca/drugs/DB06948"
"320","1-(5-BROMO-PYRIDIN-2-YL)-3-[2-(6-FLUORO-2-HYDROXY-3-PROPIONYL-PHENYL)-CYCLOPROPYL]-UREA (DB07451)","0.7045","http://www.drugbank.ca/drugs/DB07451"
"321","Seproxetine (DB06731)","0.7043","http://www.drugbank.ca/drugs/DB06731"
"322","1-[(2R)-2-aminobutanoyl]-N-(4-carbamimidoylbenzyl)-L-prolinamide (DB06947)","0.7041","http://www.drugbank.ca/drugs/DB06947"
"323","Benzatropine (DB00245)","0.7039","http://www.drugbank.ca/drugs/DB00245"
"324","4-(2-aminoethoxy)-N-(2,5-diethoxyphenyl)-3,5-dimethylbenzamide (DB07625)","0.7039","http://www.drugbank.ca/drugs/DB07625"
"325","4-[(3-CHLORO-4-{[(2R)-3,3,3-TRIFLUORO-2-HYDROXY-2-METHYLPROPANOYL]AMINO}PHENYL)SULFONYL]-N,N-DIMETHYLBENZAMIDE (DB07403)","0.7034","http://www.drugbank.ca/drugs/DB07403"
"326","beta-phenyl-D-phenylalanyl-N-propyl-L-prolinamide (DB07083)","0.7034","http://www.drugbank.ca/drugs/DB07083"
"327","(3-EXO)-3-(10,11-DIHYDRO-5H-DIBENZO[A,D][7]ANNULEN-5-YLOXY)-8,8-DIMETHYL-8-AZONIABICYCLO[3.2.1]OCTANE (DB07494)","0.7025","http://www.drugbank.ca/drugs/DB07494"
"328","6-CYCLOHEXYLMETHYLOXY-2-(4'-HYDROXYANILINO)PURINE (DB08233)","0.7023","http://www.drugbank.ca/drugs/DB08233"
"329","6-CYCLOHEXYLMETHOXY-2-(3'-CHLOROANILINO) PURINE (DB07203)","0.7019","http://www.drugbank.ca/drugs/DB07203"
"330","CRA_11092 (DB03555)","0.7018","http://www.drugbank.ca/drugs/DB03555"
"331","N~2~-1,3-BENZOXAZOL-2-YL-3-CYCLOHEXYL-N-{2-[(4-METHOXYPHENYL)AMINO]ETHYL}-L-ALANINAMIDE (DB07839)","0.7010","http://www.drugbank.ca/drugs/DB07839"
"332","Trimethobenzamide (DB00662)","0.7009","http://www.drugbank.ca/drugs/DB00662"
"333","Quinine (DB00468)","0.7008","http://www.drugbank.ca/drugs/DB00468"
"334","Quinidine (DB00908)","0.7008","http://www.drugbank.ca/drugs/DB00908"
"335","Doxapram (DB00561)","0.6999","http://www.drugbank.ca/drugs/DB00561"
"336","(4R)-4-(3-HYDROXYPHENYL)-N,N,7,8-TETRAMETHYL-3,4-DIHYDROISOQUINOLINE-2(1H)-CARBOXAMIDE (DB07064)","0.6998","http://www.drugbank.ca/drugs/DB07064"
"337","1-[3-({[(4-AMINO-5-FLUORO-2-METHYLQUINOLIN-3-YL)METHYL]THIO}METHYL)PHENYL]-2,2,2-TRIFLUOROETHANE-1,1-DIOL (DB07756)","0.6998","http://www.drugbank.ca/drugs/DB07756"
"338","Labetalol (DB00598)","0.6995","http://www.drugbank.ca/drugs/DB00598"
"339","Ezogabine  (DB04953)","0.6984","http://www.drugbank.ca/drugs/DB04953"
"340","Trospium (DB00209)","0.6959","http://www.drugbank.ca/drugs/DB00209"
"341","N-[4-(1-BENZOYLPIPERIDIN-4-YL)BUTYL]-3-PYRIDIN-3-YLPROPANAMIDE (DB07656)","0.6958","http://www.drugbank.ca/drugs/DB07656"
"342","N-(2-AMINOETHYL)-N~2~-{(1S)-1-[4'-(AMINOSULFONYL)BIPHENYL-4-YL]-2,2,2-TRIFLUOROETHYL}-L-LEUCINAMIDE (DB08270)","0.6947","http://www.drugbank.ca/drugs/DB08270"
"343","(4R)-7-chloro-9-methyl-1-oxo-1,2,4,9-tetrahydrospiro[beta-carboline-3,4'-piperidine]-4-carbonitrile (DB08166)","0.6944","http://www.drugbank.ca/drugs/DB08166"
"344","4-(2-AMINOETHOXY)-3,5-DICHLORO-N-[3-(1-METHYLETHOXY)PHENYL]BENZAMIDE (DB08072)","0.6944","http://www.drugbank.ca/drugs/DB08072"
"345","O6-CYCLOHEXYLMETHOXY-2-(4'-SULPHAMOYLANILINO) PURINE (DB07126)","0.6924","http://www.drugbank.ca/drugs/DB07126"
"346","3-(6-CYCLOHEXYLMETHOXY-9H-PURIN-2-YLAMINO)-BENZENESULFONAMIDE (DB08248)","0.6924","http://www.drugbank.ca/drugs/DB08248"
"347","4-{[5-(CYCLOHEXYLOXY)[1,2,4]TRIAZOLO[1,5-A]PYRIMIDIN-7-YL]AMINO}BENZENESULFONAMIDE (DB07688)","0.6923","http://www.drugbank.ca/drugs/DB07688"
"348","1-[1'-(3-phenylacryloyl)spiro[1-benzofuran-3,4'-piperidin]-5-yl]methanamine (DB06849)","0.6921","http://www.drugbank.ca/drugs/DB06849"
"349","Anileridine (DB00913)","0.6917","http://www.drugbank.ca/drugs/DB00913"
"350","Glipizide (DB01067)","0.6912","http://www.drugbank.ca/drugs/DB01067"
"351","(3R)-4-[(3R)-3-AMINO-4-(2,4,5-TRIFLUOROPHENYL)BUTANOYL]-3-METHYL-1,4-DIAZEPAN-2-ONE (DB07154)","0.6910","http://www.drugbank.ca/drugs/DB07154"
"352","Citalopram (DB00215)","0.6907","http://www.drugbank.ca/drugs/DB00215"
"353","Escitalopram (DB01175)","0.6907","http://www.drugbank.ca/drugs/DB01175"
"354","Pergolide (DB01186)","0.6906","http://www.drugbank.ca/drugs/DB01186"
"355","N-(2-AMINOETHYL)-2-{3-CHLORO-4-[(4-ISOPROPYLBENZYL)OXY]PHENYL} ACETAMIDE (DB08610)","0.6905","http://www.drugbank.ca/drugs/DB08610"
"356","N'-(6-aminopyridin-3-yl)-N-(2-cyclopentylethyl)-4-methyl-benzene-1,3-dicarboxamide (DB07537)","0.6902","http://www.drugbank.ca/drugs/DB07537"
"357","5-(5-(4-(4,5-DIHYDRO-2-OXAZOLY)PHENOXY)PENTYL)-3-METHYL ISOXAZOLE (DB08720)","0.6891","http://www.drugbank.ca/drugs/DB08720"
"358","(3R)-4-[(3R)-3-AMINO-4-(2,4,5-TRIFLUOROPHENYL)BUTANOYL]-3-(2,2,2-TRIFLUOROETHYL)-1,4-DIAZEPAN-2-ONE (DB07271)","0.6889","http://www.drugbank.ca/drugs/DB07271"
"359","Sitagliptin (DB01261)","0.6885","http://www.drugbank.ca/drugs/DB01261"
"360","1-[2-(S)-AMINO-3-BIPHENYL-4-YL-PROPIONYL]-PYRROLIDINE-2-(S)-CARBONITRILE (DB08024)","0.6883","http://www.drugbank.ca/drugs/DB08024"
"361","2-[Trans-(4-Aminocyclohexyl)Amino]-6-(Benzyl-Amino)-9-Cyclopentylpurine (DB04288)","0.6883","http://www.drugbank.ca/drugs/DB04288"
"362","Bevantolol (DB01295)","0.6881","http://www.drugbank.ca/drugs/DB01295"
"363","Haloperidol (DB00502)","0.6846","http://www.drugbank.ca/drugs/DB00502"
"364","5-(5-(6-CHLORO-4-(4,5-DIHYDRO-2-OXAZOLYL)PHENOXY)PENTYL)-3-METHYL ISOXAZOLE (DB08719)","0.6844","http://www.drugbank.ca/drugs/DB08719"
"365","4-[(3R)-3-{[2-(4-FLUOROPHENYL)-2-OXOETHYL]AMINO}BUTYL]BENZAMIDE (DB08672)","0.6837","http://www.drugbank.ca/drugs/DB08672"
"366","GM6001 (DB02255)","0.6829","http://www.drugbank.ca/drugs/DB02255"
"367","(5Z)-5-[(5-ETHYL-2-FURYL)METHYLENE]-2-{[(S)-(4-FLUOROPHENYL)(1H-TETRAZOL-5-YL)METHYL]AMINO}-1,3-THIAZOL-4(5H)-ONE (DB08710)","0.6821","http://www.drugbank.ca/drugs/DB08710"
"368","Talampanel (DB04982)","0.6820","http://www.drugbank.ca/drugs/DB04982"
"369","(1S)-1-CYCLOPROPYL-2-[(2S)-4-(2,5-DIFLUOROPHENYL)-2-PHENYL-2,5-DIHYDRO-1H-PYRROL-1-YL]-2-OXOETHANAMINE (DB08244)","0.6811","http://www.drugbank.ca/drugs/DB08244"
"370","5-(5-(4-(5-HYDRO-4-METHYL-2-OXAZOLYL)PHENOXY)PENTYL)-3-METHYL ISOXAZOLE (DB08724)","0.6798","http://www.drugbank.ca/drugs/DB08724"
"371","(3ASR,4RS,8ASR,8BRS)-4-(2-(4-FLUOROBENZYL)-1,3-DIOXODEACAHYDROPYRROLO[3,4-A] PYRROLIZIN-4-YL)BENZAMIDINE (DB07796)","0.6798","http://www.drugbank.ca/drugs/DB07796"
"372","6-(CYCLOHEXYLAMINO)-9-[2-(4-METHYLPIPERAZIN-1-YL)-ETHYL]-9H-PURINE-2-CARBONITRILE (DB07965)","0.6795","http://www.drugbank.ca/drugs/DB07965"
"373","Salmeterol (DB00938)","0.6794","http://www.drugbank.ca/drugs/DB00938"
"374","(2R,3R)-7-(methylsulfonyl)-3-(2,4,5-trifluorophenyl)-1,2,3,4-tetrahydropyrido[1,2-a]benzimidazol-2-amine (DB07193)","0.6793","http://www.drugbank.ca/drugs/DB07193"
"375","6-methyl-5-[3-methyl-3-(3,4,5-trimethoxyphenyl)but-1-yn-1-yl]pyrimidine-2,4-diamine (DB07153)","0.6778","http://www.drugbank.ca/drugs/DB07153"
"376","4-(1R,3AS,4R,8AS,8BR)-[1-DIFLUOROMETHYL-2-(4-FLUOROBENZYL)-3-OXODECAHYDROPYRROLO[3,4-A]PYRROLIZIN-4-YL]BENZAMIDINE (DB07741)","0.6778","http://www.drugbank.ca/drugs/DB07741"
"377","(2S)-2-hydroxy-2-methyl-N-[4-nitro-3-(trifluoromethyl)phenyl]-3-(pentafluorophenoxy)propanamide (DB07422)","0.6766","http://www.drugbank.ca/drugs/DB07422"
"378","N-[(2R)-2-{[(2S)-2-(1,3-benzoxazol-2-yl)pyrrolidin-1-yl]carbonyl}hexyl]-N-hydroxyformamide (DB08310)","0.6764","http://www.drugbank.ca/drugs/DB08310"
"379","N(4)-adenosyl-N(4)-methyl-2,4-diaminobutanoic acid (DB03458)","0.6758","http://www.drugbank.ca/drugs/DB03458"
"380","(2s,3r)-3-Amino-2-Hydroxy-5-(Ethylsulfanyl)Pentanoyl-((S)-(-)-(1-Naphthyl)Ethyl)Amide (DB04108)","0.6738","http://www.drugbank.ca/drugs/DB04108"
"381","(4R,5R)-5-AMINO-1-[2-(1,3-BENZODIOXOL-5-YL)ETHYL]-4-(2,4,5-TRIFLUOROPHENYL)PIPERIDIN-2-ONE (DB07830)","0.6732","http://www.drugbank.ca/drugs/DB07830"
"382","2-(4-{(3S,5S)-5-[(3,3-difluoropyrrolidin-1-yl)carbonyl]pyrrolidin-3-yl}piperazin-1-yl)pyrimidine (DB08382)","0.6727","http://www.drugbank.ca/drugs/DB08382"
"383","(5S)-5-(3-AMINOPROPYL)-3-(2,5-DIFLUOROPHENYL)-N-ETHYL-5-PHENYL-4,5-DIHYDRO-1H-PYRAZOLE-1-CARBOXAMIDE (DB08250)","0.6719","http://www.drugbank.ca/drugs/DB08250"
"384","Arbutamine (DB01102)","0.6714","http://www.drugbank.ca/drugs/DB01102"
"385","5'-{[4-(aminooxy)butyl](methyl)amino}-5'-deoxy-8-ethenyladenosine (DB08163)","0.6714","http://www.drugbank.ca/drugs/DB08163"
"386","Dolasetron (DB00757)","0.6713","http://www.drugbank.ca/drugs/DB00757"
"387","N-(4-carbamimidoylbenzyl)-1-(4-methylpentanoyl)-L-prolinamide (DB06936)","0.6712","http://www.drugbank.ca/drugs/DB06936"
"388","5-(5-(2,6-DICHLORO-4-(4,5-DIHYDRO-2-OXAZOLY)PHENOXY)PENTYL)-3-METHYL ISOXAZOLE (DB08723)","0.6710","http://www.drugbank.ca/drugs/DB08723"
"389","2-(4-(AMINOMETHYL)PIPERIDIN-1-YL)-N-(3_CYCLOHEXYL-4-OXO-2,4-DIHYDROINDENO[1,2-C]PYRAZOL-5-YL)ACETAMIDE (DB07618)","0.6705","http://www.drugbank.ca/drugs/DB07618"
"390","2[4-BROMO-2-FLUOROPHENYL)METHYL]-6-FLUOROSPIRO[ISOQUINOLINE-4-(1H),3'-PYRROLIDINE]-1,2',3,5'(2H)-TETRONE (DB07450)","0.6701","http://www.drugbank.ca/drugs/DB07450"
"391","Dobutamine (DB00841)","0.6697","http://www.drugbank.ca/drugs/DB00841"
"392","2-[(2-chloro-4-iodophenyl)amino]-N-{[(2R)-2,3-dihydroxypropyl]oxy}-3,4-difluorobenzamide (DB07046)","0.6695","http://www.drugbank.ca/drugs/DB07046"
"393","Voriconazole (DB00582)","0.6693","http://www.drugbank.ca/drugs/DB00582"
"394","Pentamidine (DB00738)","0.6691","http://www.drugbank.ca/drugs/DB00738"
"395","Nebivolol (DB04861)","0.6683","http://www.drugbank.ca/drugs/DB04861"
"396","D-leucyl-N-(4-carbamimidoylbenzyl)-L-prolinamide (DB06996)","0.6678","http://www.drugbank.ca/drugs/DB06996"
"397","Brodimoprim-4,6-Dicarboxylate (DB02809)","0.6677","http://www.drugbank.ca/drugs/DB02809"
"398","4,4'[1,6-Hexanediylbis(Oxy)]Bisbenzenecarboximidamide (DB03808)","0.6675","http://www.drugbank.ca/drugs/DB03808"
"399","Zanapezil (DB04859)","0.6667","http://www.drugbank.ca/drugs/DB04859"
"400","2-[(4-ETHYNYL-2-FLUOROPHENYL)AMINO]-3,4-DIFLUORO-N-(2-HYDROXYETHOXY)BENZAMIDE (DB08208)","0.6662","http://www.drugbank.ca/drugs/DB08208"
"401","4-(4-CHLORO-PHENYL)-1-{3-[2-(4-FLUORO-PHENYL)-[1,3]DITHIOLAN-2-YL]-PROPYL}-PIPERIDIN-4-OL (DB08622)","0.6660","http://www.drugbank.ca/drugs/DB08622"
"402","5-[(4-AMINOCYCLOHEXYL)AMINO]-7-(PROPAN-2-YLAMINO)PYRAZOLO[1,5-A]PYRIMIDINE-3-CARBONITRILE (DB08140)","0.6654","http://www.drugbank.ca/drugs/DB08140"
"403","D-leucyl-N-(3-chlorobenzyl)-L-prolinamide (DB06911)","0.6653","http://www.drugbank.ca/drugs/DB06911"
"404","(S)-N-(4-carbamimidoylbenzyl)-1-(2-(cyclopentylamino)ethanoyl)pyrrolidine-2-carboxamide (DB06845)","0.6642","http://www.drugbank.ca/drugs/DB06845"
"405","N-hydroxy-4-({4-[4-(trifluoromethyl)phenoxy]phenyl}sulfonyl)tetrahydro-2H-pyran-4-carboxamide (DB06945)","0.6629","http://www.drugbank.ca/drugs/DB06945"
"406","N-{[(2R)-2,3-dihydroxypropyl]oxy}-3,4-difluoro-2-[(2-fluoro-4-iodophenyl)amino]benzamide (DB07101)","0.6625","http://www.drugbank.ca/drugs/DB07101"
"407","Apomorphine (DB00714)","0.6623","http://www.drugbank.ca/drugs/DB00714"
"408","(6R)-2-amino-6-[2-(3'-methoxybiphenyl-3-yl)ethyl]-3,6-dimethyl-5,6-dihydropyrimidin-4(3H)-one (DB07519)","0.6608","http://www.drugbank.ca/drugs/DB07519"
"409","5-Bromo-N-(2,3-Dihydroxypropoxy)-3,4-Difluoro-2-[(2-Fluoro-4-Iodophenyl)Amino]Benzamide (DB03115)","0.6598","http://www.drugbank.ca/drugs/DB03115"
"410","(6S)-2-amino-6-(3'-methoxybiphenyl-3-yl)-3,6-dimethyl-5,6-dihydropyrimidin-4(3H)-one (DB07874)","0.6594","http://www.drugbank.ca/drugs/DB07874"
"411","5-[[(2R)-2-cyclopropyl-7,8-dimethoxy-2H-chromen-5-yl]methyl]pyrimidine-2,4-diamine (DB08741)","0.6584","http://www.drugbank.ca/drugs/DB08741"
"412","Methylscopolamine bromide (DB00462)","0.6582","http://www.drugbank.ca/drugs/DB00462"
"413","Ticagrelor (DB08816)","0.6577","http://www.drugbank.ca/drugs/DB08816"
"414","1,1,1-TRIFLUORO-3-((N-ACETYL)-L-LEUCYLAMIDO)-4-PHENYL-BUTAN-2-ONE(N-ACETYL-L-LEUCYL-L-PHENYLALANYL TRIFLUOROMETHYL KETONE) (DB08119)","0.6571","http://www.drugbank.ca/drugs/DB08119"
"415","5-(7-(4-(4,5-DIHYDRO-2-OXAZOLYL)PHENOXY)HEPTYL)-3-METHYL ISOXAZOLE (DB08726)","0.6568","http://www.drugbank.ca/drugs/DB08726"
"416","2,5-bis-o-{3-[amino(imino)methyl]phenyl}-1,4:3,6-dianhydro-d-glucitol (DB04790)","0.6560","http://www.drugbank.ca/drugs/DB04790"
"417","2-O-(4'-AMIDINOPHENYL)-5-O-(3''-AMIDINOPHENYL)-1,4:3,6-DIANHYDRO-D-SORBITOL (DB04791)","0.6560","http://www.drugbank.ca/drugs/DB04791"
"418","2,5-O,O-BIS-{4',4''-AMIDINOPHENYL}-1,4:3,6-DIANHYDRO-D-SORBITOL (DB04792)","0.6560","http://www.drugbank.ca/drugs/DB04792"
"419","2-O-(3'-AMIDINOPHENYL)-5-O-(4''-AMIDINOPHENYL}-1,4:3,6-DIANHYDRO-D-SORBITOL (DB04793)","0.6560","http://www.drugbank.ca/drugs/DB04793"
"420","4-{[5-(CYCLOHEXYLMETHOXY)[1,2,4]TRIAZOLO[1,5-A]PYRIMIDIN-7-YL]AMINO}BENZENESULFONAMIDE (DB07685)","0.6546","http://www.drugbank.ca/drugs/DB07685"
"421","N~3~-cyclopropyl-N~4~'-(cyclopropylmethyl)-6-methylbiphenyl-3,4'-dicarboxamide (DB07835)","0.6514","http://www.drugbank.ca/drugs/DB07835"
"422","(2S)-N-[(3Z)-5-CYCLOPROPYL-3H-PYRAZOL-3-YLIDENE]-2-[4-(2-OXOIMIDAZOLIDIN-1-YL)PHENYL]PROPANAMIDE (DB07137)","0.6493","http://www.drugbank.ca/drugs/DB07137"
"423","N-cyclopropyl-N-(trans-4-pyridin-3-ylcyclohexyl)-4-[(1S)-2,2,2-trifluoro-1-hydroxy-1-methylethyl]benzamide (DB07619)","0.6492","http://www.drugbank.ca/drugs/DB07619"
"424","Betaxolol (DB00195)","0.6482","http://www.drugbank.ca/drugs/DB00195"
"425","5-(7-(5-HYDRO-4-METHYL-2-OXAZOLYL)PHENOXY)HEPTYL)-3-METHYL ISOXAZOLE (DB08727)","0.6469","http://www.drugbank.ca/drugs/DB08727"
"426","5-(7-(6-CHLORO-4-(5-HYDRO-4-METHYL-2-OXAZOLYL)PHENOXY)HEPTYL)-3-METHYL ISOXAZOLE (DB08722)","0.6436","http://www.drugbank.ca/drugs/DB08722"
"427","(1S,6R)-3-{[3-(TRIFLUOROMETHYL)-5,6-DIHYDRO[1,2,4]TRIAZOLO[4,3-A]PYRAZIN-7(8H)-YL]CARBONYL}-6-(2,4,5-TRIFLUOROPHENYL)CYCLOHEX-3-EN-1-AMINE (DB08044)","0.6435","http://www.drugbank.ca/drugs/DB08044"
"428","+/-METHYL 4-(AMINOIMINOMETHYL)-BETA-[3- INH (AMINOIMINO)PHENYL]BENZENE PENTANOATE (DB07985)","0.6390","http://www.drugbank.ca/drugs/DB07985"
"429","2-({[3,5-DIFLUORO-3'-(TRIFLUOROMETHOXY)BIPHENYL-4-YL]AMINO}CARBONYL)CYCLOPENT-1-ENE-1-CARBOXYLIC ACID (DB07975)","0.6384","http://www.drugbank.ca/drugs/DB07975"
"430","Paroxetine (DB00715)","0.6371","http://www.drugbank.ca/drugs/DB00715"
"431","(2R,6S)-6-{[methyl(3,4,5-trimethoxyphenyl)amino]methyl}-1,2,5,6,7,8-hexahydroquinazoline-2,4-diamine (DB08642)","0.6366","http://www.drugbank.ca/drugs/DB08642"
"432","Praziquantel (DB01058)","0.6366","http://www.drugbank.ca/drugs/DB01058"
"433","2-NONYL-4-HYDROXYQUINOLINE N-OXIDE (DB08453)","0.6354","http://www.drugbank.ca/drugs/DB08453"
"434","Donepezil (DB00843)","0.6335","http://www.drugbank.ca/drugs/DB00843"
"435","1-BENZYL-4-[(5,6-DIMETHOXY-1-INDANON-2-YL)METHYL]PIPERIDINE (DB07701)","0.6335","http://www.drugbank.ca/drugs/DB07701"
"436","MN-305 (DB05339)","0.6328","http://www.drugbank.ca/drugs/DB05339"
"437","N-(2,2,2-TRIFLUOROETHYL)-N-{4-[2,2,2-TRIFLUORO-1-HYDROXY-1-(TRIFLUOROMETHYL)ETHYL]PHENYL}BENZENESULFONAMIDE (DB07080)","0.6314","http://www.drugbank.ca/drugs/DB07080"
"438","5-(7-(5-HYDRO-4-ETHYL-2-OXAZOLYL)PHENOXY)HEPTYL)-3-METHYL ISOXAZOLE (DB08725)","0.6293","http://www.drugbank.ca/drugs/DB08725"
"439","[(4-{4-[4-(Difluoro-Phosphono-Methyl)-Phenyl]-Butyl}-Phenyl)-Difluoro-Methyl]-Phosphonic Acid (DB04204)","0.6283","http://www.drugbank.ca/drugs/DB04204"
"440","(1S,2R,5S)-5-[3-(TRIFLUOROMETHYL)-5,6-DIHYDRO[1,2,4]TRIAZOLO[4,3-A]PYRAZIN-7(8H)-YL]-2-(2,4,5-TRIFLUOROPHENYL)CYCLOHEXANAMINE (DB07072)","0.6233","http://www.drugbank.ca/drugs/DB07072"
"441","5-[[(2R)-2-cyclopropyl-7,8-dimethoxy-chroman-5-yl]methyl]pyrimidine-2,4-diamine (DB07938)","0.6222","http://www.drugbank.ca/drugs/DB07938"
"442","Tecadenoson (DB04954)","0.6199","http://www.drugbank.ca/drugs/DB04954"
"443","Indecainide (DB00192)","0.6180","http://www.drugbank.ca/drugs/DB00192"
"444","2-[3-(5-MERCAPTO-[1,3,4]THIADIAZOL-2YL)-UREIDO]-N-METHYL-3-PENTAFLUOROPHENYL-PROPIONAMIDE (DB07988)","0.6174","http://www.drugbank.ca/drugs/DB07988"
"445","N-[(1S)-1-{1-[(1R,3E)-1-ACETYLPENT-3-EN-1-YL]-1H-1,2,3-TRIAZOL-4-YL}-1,2-DIMETHYLPROPYL]BENZAMIDE (DB07878)","0.6170","http://www.drugbank.ca/drugs/DB07878"
"446","vapitadine dihydrochloride (DB05738)","0.6155","http://www.drugbank.ca/drugs/DB05738"
"447","Tiotropium (DB01409)","0.6056","http://www.drugbank.ca/drugs/DB01409"
"448","(3S,5R,7R,8S,9S,10R)-7-(hydroxymethyl)-3-(2-naphthyl)-1,6-dioxa-2-azaspiro[4.5]decane-8,9,10-triol (DB08500)","0.5983","http://www.drugbank.ca/drugs/DB08500"
"449","Palonosetron (DB00377)","0.5976","http://www.drugbank.ca/drugs/DB00377"
"450","S-Adenosyl-L-Homocysteine (DB01752)","0.5935","http://www.drugbank.ca/drugs/DB01752"
"451","S-Adenosyl-L-Homoselenocysteine (DB03423)","0.5935","http://www.drugbank.ca/drugs/DB03423"
"452","Benzylmorphine (DB01573)","0.5921","http://www.drugbank.ca/drugs/DB01573"
"453","RWJ-51084 (DB03251)","0.5899","http://www.drugbank.ca/drugs/DB03251"
"454","Yohimbine (DB01392)","0.5899","http://www.drugbank.ca/drugs/DB01392"
"455","Penbutolol (DB01359)","0.5885","http://www.drugbank.ca/drugs/DB01359"
"456","S-Adenosylmethionine (DB00118)","0.5853","http://www.drugbank.ca/drugs/DB00118"
"457","5'-[[2-(Aminooxy)Ethyl]Methylsulfonio]-5'-Deoxy-Adenosine (DB02523)","0.5825","http://www.drugbank.ca/drugs/DB02523"
"458","N6-ISOPENTENYL-ADENOSINE-5'-MONOPHOSPHATE (DB07205)","0.5822","http://www.drugbank.ca/drugs/DB07205"
"459","S-Adenosyl-1,8-Diamino-3-Thiooctane (DB02844)","0.5819","http://www.drugbank.ca/drugs/DB02844"
"460","(3aS,4R,9bR)-2,2-difluoro-4-(4-hydroxyphenyl)-6-(methoxymethyl)-1,2,3,3a,4,9b-hexahydrocyclopenta[c]chromen-8-ol (DB07036)","0.5795","http://www.drugbank.ca/drugs/DB07036"
"461","Abacavir (DB01048)","0.5793","http://www.drugbank.ca/drugs/DB01048"
"462","Histidyl-Adenosine Monophosphate (DB04201)","0.5790","http://www.drugbank.ca/drugs/DB04201"
"463","Oxyphencyclimine (DB00383)","0.5719","http://www.drugbank.ca/drugs/DB00383"
"464","(3AS,4R,9BR)-4-(4-HYDROXYPHENYL)-6-(METHOXYMETHYL)-1,2,3,3A,4,9B-HEXAHYDROCYCLOPENTA[C]CHROMEN-8-OL (DB08020)","0.5671","http://www.drugbank.ca/drugs/DB08020"
"465","Ioflupane I 123 (DB08824)","0.5643","http://www.drugbank.ca/drugs/DB08824"
"466","(3AS,4R,9BR)-2,2-DIFLUORO-4-(4-HYDROXYPHENYL)-1,2,3,3A,4,9B-HEXAHYDROCYCLOPENTA[C]CHROMEN-8-OL (DB07638)","0.5637","http://www.drugbank.ca/drugs/DB07638"
"467","Cilostazol (DB01166)","0.5597","http://www.drugbank.ca/drugs/DB01166"
"468","Adenosyl-Ornithine (DB01910)","0.5535","http://www.drugbank.ca/drugs/DB01910"
"469","(3AS,4R,9BR)-4-(4-HYDROXYPHENYL)-1,2,3,3A,4,9B-HEXAHYDROCYCLOPENTA[C]CHROMEN-8-OL (DB07933)","0.5508","http://www.drugbank.ca/drugs/DB07933"
"470","5'-S-[2-(decylamino)ethyl]-5'-thioadenosine (DB07413)","0.5503","http://www.drugbank.ca/drugs/DB07413"
"471","(3AS,4R,9BR)-4-(4-HYDROXYPHENYL)-1,2,3,3A,4,9B-HEXAHYDROCYCLOPENTA[C]CHROMEN-9-OL (DB08737)","0.5503","http://www.drugbank.ca/drugs/DB08737"
"472","[1-(4-Fluorobenzyl)Cyclobutyl]Methyl (1s)-1-[Oxo(1h-Pyrazol-5-Ylamino)Acetyl]Pentylcarbamate (DB01858)","0.5486","http://www.drugbank.ca/drugs/DB01858"
"473","Procyclidine (DB00387)","0.5285","http://www.drugbank.ca/drugs/DB00387"
"474","(2S,3S)-3-AMINO-4-(3,3-DIFLUOROPYRROLIDIN-1-YL)-N,N-DIMETHYL-4-OXO-2-(TRANS-4-[1,2,4]TRIAZOLO[1,5-A]PYRIDIN-6-YLCYCLOHEXYL)BUTANAMIDE (DB07092)","0.5224","http://www.drugbank.ca/drugs/DB07092"
"475","Levocabastine (DB01106)","0.5222","http://www.drugbank.ca/drugs/DB01106"
"476","(2S,3S)-3-AMINO-4-[(3S)-3-FLUOROPYRROLIDIN-1-YL]-N,N-DIMETHYL-4-OXO-2-(TRANS-4-[1,2,4]TRIAZOLO[1,5-A]PYRIDIN-5-YLCYCLOHEXYL)BUTANAMIDE (DB07135)","0.5145","http://www.drugbank.ca/drugs/DB07135"
"477","CIS-4-METHYL-N-[(1S)-3-(METHYLSULFANYL)-1-(PYRIDIN-4-YLCARBAMOYL)PROPYL]CYCLOHEXANECARBOXAMIDE (DB07569)","0.5082","http://www.drugbank.ca/drugs/DB07569"
"478","Binodenoson (DB04853)","0.5082","http://www.drugbank.ca/drugs/DB04853"
"479","N'-(2s,3r)-3-Amino-4-Cyclohexyl-2-Hydroxy-Butano-N-(4-Methylphenyl)Hydrazide (DB03086)","0.5065","http://www.drugbank.ca/drugs/DB03086"
"480","Codeine (DB00318)","0.4934","http://www.drugbank.ca/drugs/DB00318"
"481","Trihexyphenidyl (DB00376)","0.4888","http://www.drugbank.ca/drugs/DB00376"
"482","Morphine (DB00295)","0.4874","http://www.drugbank.ca/drugs/DB00295"
"483","(2S,3S)-3-{3-[2-chloro-4-(methylsulfonyl)phenyl]-1,2,4-oxadiazol-5-yl}-1-cyclopentylidene-4-cyclopropyl-1-fluorobutan-2-amine (DB06994)","0.4851","http://www.drugbank.ca/drugs/DB06994"
"484","6-(CYCLOHEXYLMETHOXY)-8-ISOPROPYL-9H-PURIN-2-AMINE (DB08247)","0.4773","http://www.drugbank.ca/drugs/DB08247"
"485","17-METHYL-17-ALPHA-DIHYDROEQUILENIN (DB06871)","0.4739","http://www.drugbank.ca/drugs/DB06871"
"486","Dihydrocodeine (DB01551)","0.4494","http://www.drugbank.ca/drugs/DB01551"
"487","Oxycodone (DB00497)","0.4486","http://www.drugbank.ca/drugs/DB00497"
"488","Hydrocodone (DB00956)","0.4451","http://www.drugbank.ca/drugs/DB00956"
"489","6-[1-(3,5,5,8,8-Pentamethyl-5,6,7,8-Tetrahydronaphthalen-2-Yl)Cyclopropyl]Pyridine-3-Carboxylic Acid (DB01941)","0.4441","http://www.drugbank.ca/drugs/DB01941"
"490","Dihydromorphine (DB01565)","0.4430","http://www.drugbank.ca/drugs/DB01565"
"491","Desomorphine (DB01531)","0.4390","http://www.drugbank.ca/drugs/DB01531"
"492","Hydromorphone (DB00327)","0.4384","http://www.drugbank.ca/drugs/DB00327"
"493","Dextromethorphan (DB00514)","0.4353","http://www.drugbank.ca/drugs/DB00514"
"494","N-(1-Adamantyl)-N'-(4-Guanidinobenzyl)Urea (DB03782)","0.4120","http://www.drugbank.ca/drugs/DB03782"
"495","2-Methoxyestradiol (DB02342)","0.3005","http://www.drugbank.ca/drugs/DB02342"
"496","Estriol (DB04573)","0.2970","http://www.drugbank.ca/drugs/DB04573"
"497","(16ALPHA,17ALPHA)-ESTRA-1,3,5(10)-TRIENE-3,16,17-TRIOL (DB07702)","0.2970","http://www.drugbank.ca/drugs/DB07702"
"498","2,3,17BETA-TRIHYDROXY-1,3,5(10)-ESTRATRIENE (DB07706)","0.2934","http://www.drugbank.ca/drugs/DB07706"
"499","Estradiol (DB00783)","0.2923","http://www.drugbank.ca/drugs/DB00783"
"500","KW-3902 (DB05360)","0.2896","http://www.drugbank.ca/drugs/DB05360"
