"","DrugBank Compound (Name, ID)","Similarity to ","Link"
"1","Fluorouracil (DB00544)","1.0000","http://www.drugbank.ca/drugs/DB00544"
"2","Uracil (DB03419)","0.9452","http://www.drugbank.ca/drugs/DB03419"
"3","Flucytosine (DB01099)","0.9319","http://www.drugbank.ca/drugs/DB01099"
"4","5-Amino-1h-Pyrimidine-2,4-Dione (DB03792)","0.8945","http://www.drugbank.ca/drugs/DB03792"
"5","5-Iodouracil (DB03554)","0.8934","http://www.drugbank.ca/drugs/DB03554"
"6","Thymine (DB03462)","0.8914","http://www.drugbank.ca/drugs/DB03462"
"7","Uric Acid (DB08844)","0.8788","http://www.drugbank.ca/drugs/DB08844"
"8","7,9-Dihydro-1h-Purine-2,6,8(3h)-Trione (DB01696)","0.8788","http://www.drugbank.ca/drugs/DB01696"
"9","Orotic Acid (DB02262)","0.8738","http://www.drugbank.ca/drugs/DB02262"
"10","9-Methyl Uric Acid (DB03293)","0.8682","http://www.drugbank.ca/drugs/DB03293"
"11","Eniluracil (DB03516)","0.8607","http://www.drugbank.ca/drugs/DB03516"
"12","Xanthine (DB02134)","0.8483","http://www.drugbank.ca/drugs/DB02134"
"13","6-Carboxymethyluracil (DB03048)","0.8451","http://www.drugbank.ca/drugs/DB03048"
"14","5,6-Diaminouracil (DB03826)","0.8384","http://www.drugbank.ca/drugs/DB03826"
"15","Fluoro-Willardiine (DB02966)","0.8376","http://www.drugbank.ca/drugs/DB02966"
"16","1-Methylcytosine (DB04314)","0.8336","http://www.drugbank.ca/drugs/DB04314"
"17","Oxypurinol (DB05262)","0.8330","http://www.drugbank.ca/drugs/DB05262"
"18","3-Methylcytosine (DB04103)","0.8292","http://www.drugbank.ca/drugs/DB04103"
"19","Enprofylline (DB00824)","0.8197","http://www.drugbank.ca/drugs/DB00824"
"20","5-Amino 6-Nitro Uracil (DB03099)","0.8068","http://www.drugbank.ca/drugs/DB03099"
"21","Theobromine (DB01412)","0.8031","http://www.drugbank.ca/drugs/DB01412"
"22","Theophylline (DB00277)","0.7996","http://www.drugbank.ca/drugs/DB00277"
"23","7-Deazaguanine (DB02245)","0.7906","http://www.drugbank.ca/drugs/DB02245"
"24","Hypoxanthine (DB04076)","0.7876","http://www.drugbank.ca/drugs/DB04076"
"25","9-Deazahypoxanthine (DB04095)","0.7871","http://www.drugbank.ca/drugs/DB04095"
"26","8-Azaxanthine (DB01875)","0.7859","http://www.drugbank.ca/drugs/DB01875"
"27","8-Amino-1,3-Dimethyl-3,7-Dihydropurine-2,6-Dione (DB01778)","0.7850","http://www.drugbank.ca/drugs/DB01778"
"28","Willardiine (DB04129)","0.7813","http://www.drugbank.ca/drugs/DB04129"
"29","9-Deazaguanine (DB04356)","0.7744","http://www.drugbank.ca/drugs/DB04356"
"30","Guanine (DB02377)","0.7742","http://www.drugbank.ca/drugs/DB02377"
"31","Allopurinol (DB00437)","0.7692","http://www.drugbank.ca/drugs/DB00437"
"32","8-Iodo-Guanine (DB02985)","0.7613","http://www.drugbank.ca/drugs/DB02985"
"33","Iodo-Willardiine (DB02818)","0.7573","http://www.drugbank.ca/drugs/DB02818"
"34","Bromo-Willardiine (DB04000)","0.7573","http://www.drugbank.ca/drugs/DB04000"
"35","Caffeine (DB00201)","0.7551","http://www.drugbank.ca/drugs/DB00201"
"36","8-Methyl-9-Oxoguanine (DB02993)","0.7408","http://www.drugbank.ca/drugs/DB02993"
"37","1-Ethyl-Pyrrolidine-2,5-Dione (DB01902)","0.7323","http://www.drugbank.ca/drugs/DB01902"
"38","6-Hydroxypropylthymine (DB04139)","0.7275","http://www.drugbank.ca/drugs/DB04139"
"39","6-Methylpurine (DB02113)","0.7236","http://www.drugbank.ca/drugs/DB02113"
"40","Oxonic Acid (DB03209)","0.7208","http://www.drugbank.ca/drugs/DB03209"
"41","Adenine (DB00173)","0.7201","http://www.drugbank.ca/drugs/DB00173"
"42","Mercaptopurine (DB01033)","0.7193","http://www.drugbank.ca/drugs/DB01033"
"43","Bromopurine (DB02168)","0.7193","http://www.drugbank.ca/drugs/DB02168"
"44","9-Deazaadenine (DB03506)","0.7193","http://www.drugbank.ca/drugs/DB03506"
"45","6-Chloro-2-Fluoropurine (DB03520)","0.7159","http://www.drugbank.ca/drugs/DB03520"
"46","2-Bromo-6-Hydroxy-Purine (DB04283)","0.7128","http://www.drugbank.ca/drugs/DB04283"
"47","Thioguanine (DB00352)","0.7077","http://www.drugbank.ca/drugs/DB00352"
"48","2-Bromo-6-Chloro-Purine (DB01706)","0.7067","http://www.drugbank.ca/drugs/DB01706"
"49","Propylthiouracil (DB00550)","0.7049","http://www.drugbank.ca/drugs/DB00550"
"50","Temozolomide (DB00853)","0.7048","http://www.drugbank.ca/drugs/DB00853"
"51","2-methyl-3,5,7,8-tetrahydro-4H-thiopyrano[4,3-d]pyrimidin-4-one (DB07677)","0.6906","http://www.drugbank.ca/drugs/DB07677"
"52","4-Methylimidazole (DB03385)","0.6880","http://www.drugbank.ca/drugs/DB03385"
"53","1-Methylimidazole (DB02671)","0.6821","http://www.drugbank.ca/drugs/DB02671"
"54","Uracil mustard (DB00791)","0.6769","http://www.drugbank.ca/drugs/DB00791"
"55","3h-Pyrazolo[4,3-D]Pyrimidin-7-Ol (DB03153)","0.6752","http://www.drugbank.ca/drugs/DB03153"
"56","2,5-Dimethylpyrimidin-4-Amine (DB02372)","0.6604","http://www.drugbank.ca/drugs/DB02372"
"57","4-Amino-5-Hydroxymethyl-2-Methylpyrimidine (DB02022)","0.6503","http://www.drugbank.ca/drugs/DB02022"
"58","6-Methylamino-5-Nitroisocytosine (DB03705)","0.6485","http://www.drugbank.ca/drugs/DB03705"
"59","5-(Aminomethyl)-2-Methylpyrimidin-4-Amine (DB03204)","0.6362","http://www.drugbank.ca/drugs/DB03204"
"60","Pyrrole-2-Carboxylate (DB02543)","0.6357","http://www.drugbank.ca/drugs/DB02543"
"61","Pyrazinamide (DB00339)","0.6308","http://www.drugbank.ca/drugs/DB00339"
"62","2,3-Dimethylimidazolium Ion (DB03789)","0.6304","http://www.drugbank.ca/drugs/DB03789"
"63","Methimazole (DB00763)","0.6285","http://www.drugbank.ca/drugs/DB00763"
"64","5-Methylpyrrole (DB01932)","0.6278","http://www.drugbank.ca/drugs/DB01932"
"65","trans-urocanic acid (DB01971)","0.6269","http://www.drugbank.ca/drugs/DB01971"
"66","8-azaguanine (DB01667)","0.6253","http://www.drugbank.ca/drugs/DB01667"
"67","6-(Dihydroxy-Isobutyl)-Thymine (DB02500)","0.6231","http://www.drugbank.ca/drugs/DB02500"
"68","2,4-Diamino-4,6-Dihydroxypyrimidine (DB02037)","0.6228","http://www.drugbank.ca/drugs/DB02037"
"69","histamine dihydrochloride (DB05381)","0.6196","http://www.drugbank.ca/drugs/DB05381"
"70","HD-O (DB05891)","0.6196","http://www.drugbank.ca/drugs/DB05891"
"71","6-Hydroxymethyl-7,8-Dihydropterin (DB02119)","0.6182","http://www.drugbank.ca/drugs/DB02119"
"72","2-AMINO-4-HYDROXYPYRIMIDINE-5-CARBOXYLIC ACID ETHYL ESTER (DB06906)","0.6160","http://www.drugbank.ca/drugs/DB06906"
"73","2-Amino-6-Chloropyrazine (DB02297)","0.6099","http://www.drugbank.ca/drugs/DB02297"
"74","1h-Benoximidazole-2-Carboxylic Acid (DB03028)","0.5989","http://www.drugbank.ca/drugs/DB03028"
"75","4-(2-methoxyethoxy)-6-methylpyrimidin-2-amine (DB08786)","0.5976","http://www.drugbank.ca/drugs/DB08786"
"76","Gaboxadol (DB06554)","0.5964","http://www.drugbank.ca/drugs/DB06554"
"77","Benzimidazole (DB02962)","0.5947","http://www.drugbank.ca/drugs/DB02962"
"78","Deferiprone (DB08826)","0.5940","http://www.drugbank.ca/drugs/DB08826"
"79","Picoplatin (DB04874)","0.5914","http://www.drugbank.ca/drugs/DB04874"
"80","2-Pyridinethiol (DB03329)","0.5908","http://www.drugbank.ca/drugs/DB03329"
"81","5-methylbenzimidazole (DB03177)","0.5902","http://www.drugbank.ca/drugs/DB03177"
"82","5-Methoxybenzimidazole (DB04130)","0.5883","http://www.drugbank.ca/drugs/DB04130"
"83","3-Methylpyridine (DB01996)","0.5872","http://www.drugbank.ca/drugs/DB01996"
"84","2-Amino-5-Hydroxy-Benzimidazole (DB03729)","0.5871","http://www.drugbank.ca/drugs/DB03729"
"85","Dalfampridine  (DB06637)","0.5859","http://www.drugbank.ca/drugs/DB06637"
"86","Niacin (DB00627)","0.5856","http://www.drugbank.ca/drugs/DB00627"
"87","Nicotinamide (DB02701)","0.5856","http://www.drugbank.ca/drugs/DB02701"
"88","Guvacine (DB08848)","0.5856","http://www.drugbank.ca/drugs/DB08848"
"89","2-Aminoquinazolin-4(3h)-One (DB03780)","0.5835","http://www.drugbank.ca/drugs/DB03780"
"90","NU1025 (DB02690)","0.5816","http://www.drugbank.ca/drugs/DB02690"
"91","Pyridin-3-Ylmethanol (DB04145)","0.5791","http://www.drugbank.ca/drugs/DB04145"
"92","Histidinol (DB03811)","0.5791","http://www.drugbank.ca/drugs/DB03811"
"93","N-ACETYLHISTAMINE (DB04622)","0.5788","http://www.drugbank.ca/drugs/DB04622"
"94","Isoniazid (DB00951)","0.5722","http://www.drugbank.ca/drugs/DB00951"
"95","L-Histidine (DB00117)","0.5719","http://www.drugbank.ca/drugs/DB00117"
"96","3-(Mercaptomethylene)Pyridine (DB04490)","0.5694","http://www.drugbank.ca/drugs/DB04490"
"97","5-Bromonicotinamide (DB01854)","0.5678","http://www.drugbank.ca/drugs/DB01854"
"98","Pralidoxime (DB00733)","0.5655","http://www.drugbank.ca/drugs/DB00733"
"99","Mimosine (DB01055)","0.5615","http://www.drugbank.ca/drugs/DB01055"
"100","Metronidazole (DB00916)","0.5565","http://www.drugbank.ca/drugs/DB00916"
"101","Arecoline (DB04365)","0.5559","http://www.drugbank.ca/drugs/DB04365"
"102","Betahistine (DB06698)","0.5550","http://www.drugbank.ca/drugs/DB06698"
"103","4-Methyl-Histidine (DB04151)","0.5546","http://www.drugbank.ca/drugs/DB04151"
"104","Dacarbazine (DB00851)","0.5515","http://www.drugbank.ca/drugs/DB00851"
"105","Quisqualate (DB02999)","0.5461","http://www.drugbank.ca/drugs/DB02999"
"106","Pyrazole (DB02757)","0.5383","http://www.drugbank.ca/drugs/DB02757"
"107","Carbimazole (DB00389)","0.5357","http://www.drugbank.ca/drugs/DB00389"
"108","Dipicolinic Acid (DB04267)","0.5348","http://www.drugbank.ca/drugs/DB04267"
"109","4-[(5-bromopyridin-2-yl)amino]-4-oxobutanoic acid (DB08578)","0.5315","http://www.drugbank.ca/drugs/DB08578"
"110","Tirapazamine (DB04858)","0.5292","http://www.drugbank.ca/drugs/DB04858"
"111","Quinolinic Acid (DB01796)","0.5255","http://www.drugbank.ca/drugs/DB01796"
"112","2-Methoxy-3-Isopropylpyrazine (DB01760)","0.5216","http://www.drugbank.ca/drugs/DB01760"
"113","TC-2403-12 (DB05855)","0.5165","http://www.drugbank.ca/drugs/DB05855"
"114","3-(Phosphonomethyl)Pyridine-2-Carboxylic Acid (DB04406)","0.5165","http://www.drugbank.ca/drugs/DB04406"
"115","Iproniazid (DB04818)","0.5097","http://www.drugbank.ca/drugs/DB04818"
"116","Pyridostigmine (DB00545)","0.5084","http://www.drugbank.ca/drugs/DB00545"
"117","1,2,4-Triazole (DB03594)","0.5064","http://www.drugbank.ca/drugs/DB03594"
"118","HYDROXY[3-(6-METHYLPYRIDIN-2-YL)PROPYL]FORMAMIDE (DB08525)","0.5018","http://www.drugbank.ca/drugs/DB08525"
"119","Ethionamide (DB00609)","0.5013","http://www.drugbank.ca/drugs/DB00609"
"120","Chlorzoxazone (DB00356)","0.4965","http://www.drugbank.ca/drugs/DB00356"
"121","Fomepizole (DB01213)","0.4936","http://www.drugbank.ca/drugs/DB01213"
"122","Isatin (DB02095)","0.4847","http://www.drugbank.ca/drugs/DB02095"
"123","4-Iodopyrazole (DB02721)","0.4845","http://www.drugbank.ca/drugs/DB02721"
"124","2-Isobutyl-3-Methoxypyrazine (DB04512)","0.4844","http://www.drugbank.ca/drugs/DB04512"
"125","Pyridoxal (DB00147)","0.4821","http://www.drugbank.ca/drugs/DB00147"
"126","1,3-Thiazole-4-Carboxylic Acid (DB03422)","0.4799","http://www.drugbank.ca/drugs/DB03422"
"127","Betazole (DB00272)","0.4697","http://www.drugbank.ca/drugs/DB00272"
"128","Pyridoxine (DB00165)","0.4525","http://www.drugbank.ca/drugs/DB00165"
"129","1,2,4-Triazole-Carboxamidine (DB02048)","0.4449","http://www.drugbank.ca/drugs/DB02048"
"130","2-Amino-3-Methyl-1-Pyrrolidin-1-Yl-Butan-1-One (DB01884)","0.4423","http://www.drugbank.ca/drugs/DB01884"
"131","6-HYDROXY-1,3-BENZOTHIAZOLE-2-SULFONAMIDE (DB08765)","0.4388","http://www.drugbank.ca/drugs/DB08765"
"132","(S)-Des-Me-Ampa (DB01664)","0.4304","http://www.drugbank.ca/drugs/DB01664"
"133","TASQ (DB05861)","0.4251","http://www.drugbank.ca/drugs/DB05861"
"134","4-Aminophthalhydrazide (DB02041)","0.4195","http://www.drugbank.ca/drugs/DB02041"
"135","3h-Indole-5,6-Diol (DB01811)","0.4146","http://www.drugbank.ca/drugs/DB01811"
"136","Nitroxoline (DB01422)","0.4145","http://www.drugbank.ca/drugs/DB01422"
"137","3,5-Diaminophthalhydrazide (DB04169)","0.4116","http://www.drugbank.ca/drugs/DB04169"
"138","6-Nitroindazole (DB03100)","0.4078","http://www.drugbank.ca/drugs/DB03100"
"139","5-Nitroindazole (DB04534)","0.4078","http://www.drugbank.ca/drugs/DB04534"
"140","7-Nitroindazole (DB02207)","0.4074","http://www.drugbank.ca/drugs/DB02207"
"141","3-Hydroxyisoxazole-4-Carboxylic Acid (DB02111)","0.4047","http://www.drugbank.ca/drugs/DB02111"
"142","3-Bromo-7-Nitroindazole (DB01997)","0.4037","http://www.drugbank.ca/drugs/DB01997"
"143","Thiotepa (DB04572)","0.4024","http://www.drugbank.ca/drugs/DB04572"
"144","5-Hydroxy-2-(Hydroxymethyl)-4h-Pyran-4-One (DB01759)","0.3873","http://www.drugbank.ca/drugs/DB01759"
"145","4-Methyl-5-Hydroxyethylthiazole (DB02969)","0.3867","http://www.drugbank.ca/drugs/DB02969"
"146","3,5-Dimethyl-1h-Pyrazole-4-Carboxylic Acid Ethyl Ester (DB04271)","0.3731","http://www.drugbank.ca/drugs/DB04271"
"147","4-Hydroxy-1,2,5-Oxadiazole-3-Carboxylic Acid (DB02401)","0.3679","http://www.drugbank.ca/drugs/DB02401"
"148","(1s,2s)-1-Amino-1-(1,3-Thiazol-2-Yl)Propan-2-Ol (DB03724)","0.3677","http://www.drugbank.ca/drugs/DB03724"
"149","1,2,3,4-Tetrahydro-Isoquinoline-7-Sulfonic Acid Amide (DB03468)","0.3653","http://www.drugbank.ca/drugs/DB03468"
"150","4-Hydroxy-1,2,5-Thiadiazole-3-Carboxylic Acid (DB03162)","0.3638","http://www.drugbank.ca/drugs/DB03162"
"151","2,4-Difluorobenzyl Alcohol 2,4-Difluoro-1-(Hydroxymethyl)Benzene (DB04448)","0.3631","http://www.drugbank.ca/drugs/DB04448"
"152","2,3-Difluorobenzyl Alcohol (DB04312)","0.3619","http://www.drugbank.ca/drugs/DB04312"
"153","3,5-Difluoroaniline (DB03238)","0.3603","http://www.drugbank.ca/drugs/DB03238"
"154","3-Fluorotyrosine (DB04436)","0.3590","http://www.drugbank.ca/drugs/DB04436"
"155","2-[(4-fluorophenyl)sulfonylamino]-N-oxo-ethanamide (DB07921)","0.3579","http://www.drugbank.ca/drugs/DB07921"
"156","Cyclohexanone (DB02060)","0.3551","http://www.drugbank.ca/drugs/DB02060"
"157","Zonisamide (DB00909)","0.3539","http://www.drugbank.ca/drugs/DB00909"
"158","Acetic Acid Salicyloyl-Amino-Ester (DB03667)","0.3532","http://www.drugbank.ca/drugs/DB03667"
"159","4-Fluorophenethyl Alcohol (DB03669)","0.3504","http://www.drugbank.ca/drugs/DB03669"
"160","Phenacemide (DB01121)","0.3500","http://www.drugbank.ca/drugs/DB01121"
"161","4-acetamidobenzoic acid (DB04500)","0.3500","http://www.drugbank.ca/drugs/DB04500"
"162","Aminohippurate (DB00345)","0.3500","http://www.drugbank.ca/drugs/DB00345"
"163","[[4-(Aminomethyl)Phenyl]Amino]Oxo-Acetic Acid, (DB02420)","0.3500","http://www.drugbank.ca/drugs/DB02420"
"164","3-Hydroxyhippuric acid (DB07069)","0.3500","http://www.drugbank.ca/drugs/DB07069"
"165","3,5-Difluorobenzenesulfonamide (DB02087)","0.3492","http://www.drugbank.ca/drugs/DB02087"
"166","Ifosfamide (DB01181)","0.3490","http://www.drugbank.ca/drugs/DB01181"
"167","D-[(Amino)Carbonyl]Phenylalanine (DB04058)","0.3488","http://www.drugbank.ca/drugs/DB04058"
"168","4-Fluorobenzylamine (DB03243)","0.3487","http://www.drugbank.ca/drugs/DB03243"
"169","2,6-Difluorobenzenesulfonamide (DB03270)","0.3471","http://www.drugbank.ca/drugs/DB03270"
"170","N-BENZOYL-D-ALANINE (DB08508)","0.3457","http://www.drugbank.ca/drugs/DB08508"
"171","3-Fluoro-2-Methyl-Aniline (DB01986)","0.3455","http://www.drugbank.ca/drugs/DB01986"
"172","3-(Benzoylamino)-L-Alanine (DB03992)","0.3454","http://www.drugbank.ca/drugs/DB03992"
"173","2-Fluoroaniline (DB02403)","0.3446","http://www.drugbank.ca/drugs/DB02403"
"174","(E)-2-Fluoro-P-Hydroxycinnamate (DB02384)","0.3443","http://www.drugbank.ca/drugs/DB02384"
"175","Acetylsalicylic acid (DB00945)","0.3436","http://www.drugbank.ca/drugs/DB00945"
"176","Benzoylformic Acid (DB02279)","0.3435","http://www.drugbank.ca/drugs/DB02279"
"177","Phenacetin (DB03783)","0.3433","http://www.drugbank.ca/drugs/DB03783"
"178","Phenyldehydroalanine (DB04584)","0.3432","http://www.drugbank.ca/drugs/DB04584"
"179","N-[(Aminooxy)Carbonyl]Aniline (DB04157)","0.3412","http://www.drugbank.ca/drugs/DB04157"
"180","3-Phenylpyruvic Acid (DB03884)","0.3409","http://www.drugbank.ca/drugs/DB03884"
"181","N-Benzylformamide (DB02481)","0.3409","http://www.drugbank.ca/drugs/DB02481"
"182","Formic Acid Benzyl Ester (DB04569)","0.3403","http://www.drugbank.ca/drugs/DB04569"
"183","Acetaminophen (DB00316)","0.3399","http://www.drugbank.ca/drugs/DB00316"
"184","2-(4-METHOXYPHENYL)ACETAMIDE (DB08767)","0.3398","http://www.drugbank.ca/drugs/DB08767"
"185","Nitrofural (DB00336)","0.3398","http://www.drugbank.ca/drugs/DB00336"
"186","Para-Coumaric Acid (DB04066)","0.3393","http://www.drugbank.ca/drugs/DB04066"
"187","3-(4-HYDROXY-PHENYL)PYRUVIC ACID (DB07718)","0.3390","http://www.drugbank.ca/drugs/DB07718"
"188","(1Z)-4-(4-FLUOROPHENYL)-2-METHYLIDENEBUTAN-1-IMINE (DB08176)","0.3390","http://www.drugbank.ca/drugs/DB08176"
"189","2-(4-NITROPHENYL)ACETIC ACID (DB07331)","0.3390","http://www.drugbank.ca/drugs/DB07331"
"190","(2E)-3-(4-CHLOROPHENYL)-N-HYDROXYACRYLAMIDE (DB07819)","0.3390","http://www.drugbank.ca/drugs/DB07819"
"191","2-(3-NITROPHENYL)ACETIC ACID (DB08193)","0.3390","http://www.drugbank.ca/drugs/DB08193"
"192","4-(Acetylamino)-3-Amino Benzoic Acid (DB02268)","0.3388","http://www.drugbank.ca/drugs/DB02268"
"193","AMPA (DB02057)","0.3388","http://www.drugbank.ca/drugs/DB02057"
"194","trans-2-hydroxycinnamic acid (DB01650)","0.3387","http://www.drugbank.ca/drugs/DB01650"
"195","methyl L-phenylalaninate (DB06838)","0.3381","http://www.drugbank.ca/drugs/DB06838"
"196","4-Guanidinobenzoic Acid (DB02459)","0.3379","http://www.drugbank.ca/drugs/DB02459"
"197","Benzocaine (DB01086)","0.3376","http://www.drugbank.ca/drugs/DB01086"
"198","Benzhydroxamic Acid (DB01924)","0.3373","http://www.drugbank.ca/drugs/DB01924"
"199","4-(ACETYLAMINO)-5-AMINO-3-HYDROXYBENZOIC ACID (DB08571)","0.3368","http://www.drugbank.ca/drugs/DB08571"
"200","3-Methoxybenzamide (DB03073)","0.3364","http://www.drugbank.ca/drugs/DB03073"
"201","Pemoline (DB01230)","0.3361","http://www.drugbank.ca/drugs/DB01230"
"202","2-(4-HYDROXY-3-NITROPHENYL)ACETIC ACID (DB08294)","0.3359","http://www.drugbank.ca/drugs/DB08294"
"203","N-(2-AMINOETHYL)-P-CHLOROBENZAMIDE (DB08082)","0.3357","http://www.drugbank.ca/drugs/DB08082"
"204","Salicylhydroxamic Acid (DB03819)","0.3357","http://www.drugbank.ca/drugs/DB03819"
"205","L-Phenylalanine (DB00120)","0.3355","http://www.drugbank.ca/drugs/DB00120"
"206","D-Phenylalanine (DB02556)","0.3355","http://www.drugbank.ca/drugs/DB02556"
"207","4-Hydroxyphenylglycine (DB02601)","0.3352","http://www.drugbank.ca/drugs/DB02601"
"208","(2s)-Amino(4-Hydroxyphenyl)Acetic Acid (DB04291)","0.3352","http://www.drugbank.ca/drugs/DB04291"
"209","(2r)-Amino(4-Hydroxyphenyl)Acetic Acid (DB04308)","0.3352","http://www.drugbank.ca/drugs/DB04308"
"210","Phenylacetaldehyde (DB02178)","0.3351","http://www.drugbank.ca/drugs/DB02178"
"211","4-Aminohydrocinnamic Acid (DB03210)","0.3349","http://www.drugbank.ca/drugs/DB03210"
"212","4-[(METHYLSULFONYL)AMINO]BENZOIC ACID (DB07114)","0.3344","http://www.drugbank.ca/drugs/DB07114"
"213","3-phenylpropionic acid (DB02024)","0.3344","http://www.drugbank.ca/drugs/DB02024"
"214","Gabaculine (DB02054)","0.3342","http://www.drugbank.ca/drugs/DB02054"
"215","4-Aminobenzoic Acid (DB02362)","0.3342","http://www.drugbank.ca/drugs/DB02362"
"216","L-Tyrosine (DB00135)","0.3341","http://www.drugbank.ca/drugs/DB00135"
"217","3-Hydroxyphenylalanine (DB02387)","0.3341","http://www.drugbank.ca/drugs/DB02387"
"218","Meta-Tyrosine (DB03552)","0.3341","http://www.drugbank.ca/drugs/DB03552"
"219","D-Tyrosine (DB03839)","0.3341","http://www.drugbank.ca/drugs/DB03839"
"220","Benzoic Acid (DB03793)","0.3339","http://www.drugbank.ca/drugs/DB03793"
"221","2-Methyl-3-(2-Aminothiazolo)Propanal (DB03024)","0.3339","http://www.drugbank.ca/drugs/DB03024"
"222","Salicylamide (DB08797)","0.3336","http://www.drugbank.ca/drugs/DB08797"
"223","6-Aminobenzoic Acid (DB04056)","0.3336","http://www.drugbank.ca/drugs/DB04056"
"224","2-Aminobenzoic Acid (DB04166)","0.3336","http://www.drugbank.ca/drugs/DB04166"
"225","4-Flourobenzenesulfonamide (DB01784)","0.3334","http://www.drugbank.ca/drugs/DB01784"
"226","Tyrosinal (DB03978)","0.3334","http://www.drugbank.ca/drugs/DB03978"
"227","N-(1-PHENYL-PROPYL)-FORMAMIDE (DB07436)","0.3333","http://www.drugbank.ca/drugs/DB07436"
"228","P-Anisic Acid (DB02795)","0.3330","http://www.drugbank.ca/drugs/DB02795"
"229","Hydroxyphenyl Propionic Acid (DB03897)","0.3328","http://www.drugbank.ca/drugs/DB03897"
"230","Amido Phenyl Pyruvic Acid (DB02018)","0.3327","http://www.drugbank.ca/drugs/DB02018"
"231","L-2-Amino-4-[2-Aminophenyl]-4-Oxobutanoic Acid (DB02070)","0.3327","http://www.drugbank.ca/drugs/DB02070"
"232","P-Hydroxybenzaldehyde (DB03560)","0.3327","http://www.drugbank.ca/drugs/DB03560"
"233","4-(2-AMINOPHENYL)-4-OXOBUTANOIC ACID (DB08060)","0.3326","http://www.drugbank.ca/drugs/DB08060"
"234","N-oxo-2-(phenylsulfonylamino)ethanamide (DB07922)","0.3325","http://www.drugbank.ca/drugs/DB07922"
"235","(R)-Mandelic Acid (DB02280)","0.3319","http://www.drugbank.ca/drugs/DB02280"
"236","(S)-Mandelic Acid (DB03357)","0.3319","http://www.drugbank.ca/drugs/DB03357"
"237","P-Hydroxybenzoic Acid (DB04242)","0.3318","http://www.drugbank.ca/drugs/DB04242"
"238","Aminosalicylic Acid (DB00233)","0.3316","http://www.drugbank.ca/drugs/DB00233"
"239","Mesalazine (DB00244)","0.3316","http://www.drugbank.ca/drugs/DB00244"
"240","ACETOPHENONE (DB04619)","0.3315","http://www.drugbank.ca/drugs/DB04619"
"241","Salicyclic acid (DB00936)","0.3312","http://www.drugbank.ca/drugs/DB00936"
"242","3-Hydroxyanthranilic Acid (DB03644)","0.3311","http://www.drugbank.ca/drugs/DB03644"
"243","L-Tyrosinamide (DB03380)","0.3310","http://www.drugbank.ca/drugs/DB03380"
"244","Salicylate-sodium (DB01398)","0.3309","http://www.drugbank.ca/drugs/DB01398"
"245","Phenylalanine Amide (DB04029)","0.3308","http://www.drugbank.ca/drugs/DB04029"
"246","Iodo-Phenylalanine (DB03660)","0.3305","http://www.drugbank.ca/drugs/DB03660"
"247","4-IODOPHENYLALANINE (DB04713)","0.3305","http://www.drugbank.ca/drugs/DB04713"
"248","Alpha-Hydroxy-Beta-Phenyl-Propionic Acid (DB02494)","0.3298","http://www.drugbank.ca/drugs/DB02494"
"249","Cyclophosphamide (DB00531)","0.3298","http://www.drugbank.ca/drugs/DB00531"
"250","Cathinone (DB01560)","0.3295","http://www.drugbank.ca/drugs/DB01560"
"251","3-Chloro-4-Hydroxyphenylglycine (DB03898)","0.3295","http://www.drugbank.ca/drugs/DB03898"
"252","N-Allyl-Aniline (DB02870)","0.3294","http://www.drugbank.ca/drugs/DB02870"
"253","Sulfacetamide (DB00634)","0.3292","http://www.drugbank.ca/drugs/DB00634"
"254","4-(Hydroxymercury)Benzoic Acid (DB01671)","0.3291","http://www.drugbank.ca/drugs/DB01671"
"255","5-Mercapto-2-Nitro-Benzoic Acid (DB02763)","0.3291","http://www.drugbank.ca/drugs/DB02763"
"256","S-Ethyl-N-Phenyl-Isothiourea (DB03707)","0.3291","http://www.drugbank.ca/drugs/DB03707"
"257","Para-Iodo-D-Phenylalanine Hydroxamic Acid (DB01980)","0.3288","http://www.drugbank.ca/drugs/DB01980"
"258","(2S)-hydroxy(4-hydroxyphenyl)ethanoic acid (DB07896)","0.3288","http://www.drugbank.ca/drugs/DB07896"
"259","4-Chlorobenzoic Acid (DB03728)","0.3281","http://www.drugbank.ca/drugs/DB03728"
"260","Mercuribenzoic Acid (DB03975)","0.3281","http://www.drugbank.ca/drugs/DB03975"
"261","2-[(Dioxidophosphino)Oxy]Benzoate (DB04340)","0.3281","http://www.drugbank.ca/drugs/DB04340"
"262","2,4-Dihydroxy-Trans Cinnamic Acid (DB01704)","0.3276","http://www.drugbank.ca/drugs/DB01704"
"263","3,4-Dihydroxycinnamic Acid (DB01880)","0.3271","http://www.drugbank.ca/drugs/DB01880"
"264","2-Phenylamino-Ethanesulfonic Acid (DB02283)","0.3260","http://www.drugbank.ca/drugs/DB02283"
"265","(R)-1-Para-Nitro-Phenyl-2-Azido-Ethanol (DB04472)","0.3260","http://www.drugbank.ca/drugs/DB04472"
"266","4-(DIMETHYLAMINO)BENZOIC ACID (DB08748)","0.3258","http://www.drugbank.ca/drugs/DB08748"
"267","Phenelzine (DB00780)","0.3257","http://www.drugbank.ca/drugs/DB00780"
"268","Phenylephrine (DB00388)","0.3257","http://www.drugbank.ca/drugs/DB00388"
"269","Gamma-Phenyl-Butyric Acid (DB02000)","0.3255","http://www.drugbank.ca/drugs/DB02000"
"270","2-AMINO-4-CHLORO-3-HYDROXYBENZOIC ACID (DB04598)","0.3252","http://www.drugbank.ca/drugs/DB04598"
"271","1-[4-(hydroxymethyl)phenyl]guanidine (DB06900)","0.3252","http://www.drugbank.ca/drugs/DB06900"
"272","N-Methyl-N-(Methylbenzyl)Formamide (DB04379)","0.3250","http://www.drugbank.ca/drugs/DB04379"
"273","(2r)-Amino(3,5-Dihydroxyphenyl)Acetic Acid (DB04228)","0.3241","http://www.drugbank.ca/drugs/DB04228"
"274","(2E)-3-(2,4-DICHLOROPHENYL)-N-HYDROXYACRYLAMIDE (DB07818)","0.3238","http://www.drugbank.ca/drugs/DB07818"
"275","2-Allylphenol (DB02534)","0.3238","http://www.drugbank.ca/drugs/DB02534"
"276","2-(3,6-DIHYDROXYPHENYL)ACETIC ACID (DB08327)","0.3237","http://www.drugbank.ca/drugs/DB08327"
"277","3-Methylphenylalanine (DB02685)","0.3233","http://www.drugbank.ca/drugs/DB02685"
"278","2-(3,4-Dihydroxyphenyl)Acetic Acid (DB01702)","0.3232","http://www.drugbank.ca/drugs/DB01702"
"279","Phthalic Acid (DB02746)","0.3231","http://www.drugbank.ca/drugs/DB02746"
"280","Aminorex (DB01490)","0.3231","http://www.drugbank.ca/drugs/DB01490"
"281","(2E)-3-(3,4-DIHYDROXYPHENYL)-2-IMINOPROPANOIC ACID (DB07979)","0.3230","http://www.drugbank.ca/drugs/DB07979"
"282","2-Phenyl-Ethanol (DB02192)","0.3229","http://www.drugbank.ca/drugs/DB02192"
"283","2-Phenylethylamine (DB04325)","0.3229","http://www.drugbank.ca/drugs/DB04325"
"284","(S)-HYDROXY(PHENYL)ACETONITRILE (DB04737)","0.3229","http://www.drugbank.ca/drugs/DB04737"
"285","4-Carboxyphenylboronic Acid (DB03140)","0.3220","http://www.drugbank.ca/drugs/DB03140"
"286","RU78191 (DB04080)","0.3220","http://www.drugbank.ca/drugs/DB04080"
"287","(2s)-Hydroxy(4-Hydroxyphenyl)Ethanenitrile (DB03430)","0.3218","http://www.drugbank.ca/drugs/DB03430"
"288","Trencam-3,2-Hopo (DB04476)","0.3218","http://www.drugbank.ca/drugs/DB04476"
"289","L-Phenylalaninol (DB04484)","0.3218","http://www.drugbank.ca/drugs/DB04484"
"290","Phenylalanylmethane (DB03149)","0.3218","http://www.drugbank.ca/drugs/DB03149"
"291","3-(P-Tolyl)Propionic Acid (DB03400)","0.3218","http://www.drugbank.ca/drugs/DB03400"
"292","phenyl ethenesulfonate (DB08433)","0.3216","http://www.drugbank.ca/drugs/DB08433"
"293","Benzamidine (DB03127)","0.3216","http://www.drugbank.ca/drugs/DB03127"
"294","Benzylsulfinic Acid (DB03297)","0.3213","http://www.drugbank.ca/drugs/DB03297"
"295","PHENYLALANINE BORONIC ACID (DB07411)","0.3210","http://www.drugbank.ca/drugs/DB07411"
"296","2-Nitro-P-Cresol (DB04110)","0.3209","http://www.drugbank.ca/drugs/DB04110"
"297","Benzyl alcohol (DB06770)","0.3205","http://www.drugbank.ca/drugs/DB06770"
"298","Benzylamine (DB02464)","0.3205","http://www.drugbank.ca/drugs/DB02464"
"299","Iobenguane (DB06704)","0.3205","http://www.drugbank.ca/drugs/DB06704"
"300","METHYL-PHOSPHONIC ACID MONO-(4-NITRO-PHENYL) ESTER (DB08413)","0.3205","http://www.drugbank.ca/drugs/DB08413"
"301","Isatoic Anhydride (DB03058)","0.3203","http://www.drugbank.ca/drugs/DB03058"
"302","3-Phenylpropylamine (DB04410)","0.3200","http://www.drugbank.ca/drugs/DB04410"
"303","Phenylethane Boronic Acid (DB01963)","0.3198","http://www.drugbank.ca/drugs/DB01963"
"304","4-Hydroxy-3-Methoxybenzoate (DB02130)","0.3198","http://www.drugbank.ca/drugs/DB02130"
"305","(4-ETHYLPHENYL)SULFAMIC ACID (DB08678)","0.3197","http://www.drugbank.ca/drugs/DB08678"
"306","PHENYLALANINDIOL (DB07910)","0.3196","http://www.drugbank.ca/drugs/DB07910"
"307","Methylphenyl carbinol (DB04784)","0.3194","http://www.drugbank.ca/drugs/DB04784"
"308","2,4-Dihydroxybenzoic Acid (DB02839)","0.3192","http://www.drugbank.ca/drugs/DB02839"
"309","N-(Chlorophenyl)-N'-Hydroxyguanidine (DB04559)","0.3190","http://www.drugbank.ca/drugs/DB04559"
"310","P-Nitrophenol (DB04417)","0.3189","http://www.drugbank.ca/drugs/DB04417"
"311","Ethylbenzene (DB01722)","0.3189","http://www.drugbank.ca/drugs/DB01722"
"312","Tolazoline (DB00797)","0.3188","http://www.drugbank.ca/drugs/DB00797"
"313","P-Cresol (DB01688)","0.3187","http://www.drugbank.ca/drugs/DB01688"
"314","M-Cresol (DB01776)","0.3187","http://www.drugbank.ca/drugs/DB01776"
"315","3,4-Dihydroxybenzoic Acid (DB03946)","0.3187","http://www.drugbank.ca/drugs/DB03946"
"316","Beta(2-Thienyl)Alanine (DB03673)","0.3186","http://www.drugbank.ca/drugs/DB03673"
"317","2-Amino-P-Cresol (DB04533)","0.3186","http://www.drugbank.ca/drugs/DB04533"
"318","Amphetamine (DB00182)","0.3184","http://www.drugbank.ca/drugs/DB00182"
"319","Dextroamphetamine (DB01576)","0.3184","http://www.drugbank.ca/drugs/DB01576"
"320","Toluene (DB01900)","0.3183","http://www.drugbank.ca/drugs/DB01900"
"321","2,3-Dihydroxy-Benzoic Acid (DB01672)","0.3182","http://www.drugbank.ca/drugs/DB01672"
"322","Phenylpropanolamine (DB00397)","0.3182","http://www.drugbank.ca/drugs/DB00397"
"323","Cathine (DB01486)","0.3182","http://www.drugbank.ca/drugs/DB01486"
"324","RU78262 (DB01947)","0.3178","http://www.drugbank.ca/drugs/DB01947"
"325","Metaraminol (DB00610)","0.3176","http://www.drugbank.ca/drugs/DB00610"
"326","4-Methylaminorex (DB01447)","0.3175","http://www.drugbank.ca/drugs/DB01447"
"327","N-(3-AMINOPROPYL)-2-NITROBENZENAMINE (DB08291)","0.3173","http://www.drugbank.ca/drugs/DB08291"
"328","N-Butyl-Benzenesulfonamide (DB02055)","0.3169","http://www.drugbank.ca/drugs/DB02055"
"329","3-Phenyl-1,2-Propandiol (DB02803)","0.3167","http://www.drugbank.ca/drugs/DB02803"
"330","DEAMINO-METHYL-PHENYLALANINE (DB07673)","0.3164","http://www.drugbank.ca/drugs/DB07673"
"331","Phenol (DB03255)","0.3164","http://www.drugbank.ca/drugs/DB03255"
"332","Aniline (DB06728)","0.3164","http://www.drugbank.ca/drugs/DB06728"
"333","2-Propyl-Aniline (DB02970)","0.3163","http://www.drugbank.ca/drugs/DB02970"
"334","4-Nitro-Inden-1-One (DB04479)","0.3162","http://www.drugbank.ca/drugs/DB04479"
"335","2-Aminophenol (DB01726)","0.3161","http://www.drugbank.ca/drugs/DB01726"
"336","N-Phenylthiourea (DB03694)","0.3160","http://www.drugbank.ca/drugs/DB03694"
"337","4-(Hydroxymethyl)Benzamidine (DB02585)","0.3150","http://www.drugbank.ca/drugs/DB02585"
"338","Para-Bromobenzyl Alcohol (DB02822)","0.3148","http://www.drugbank.ca/drugs/DB02822"
"339","3-Iodo-Benzyl Alcohol (DB03339)","0.3148","http://www.drugbank.ca/drugs/DB03339"
"340","4-(2-AMINOETHYL)BENZENESULFONAMIDE (DB08782)","0.3142","http://www.drugbank.ca/drugs/DB08782"
"341","S-Atrolactic Acid (DB07381)","0.3138","http://www.drugbank.ca/drugs/DB07381"
"342","Benzenesulfonyl (DB03848)","0.3133","http://www.drugbank.ca/drugs/DB03848"
"343","2-Methoxy-4-Vinyl-Phenol (DB03514)","0.3132","http://www.drugbank.ca/drugs/DB03514"
"344","Dopamine (DB00988)","0.3130","http://www.drugbank.ca/drugs/DB00988"
"345","4-(2-AMINOETHYL)BENZENESULFONYL FLUORIDE (DB07347)","0.3119","http://www.drugbank.ca/drugs/DB07347"
"346","2-Allyl-6-Methyl-Phenol (DB03301)","0.3117","http://www.drugbank.ca/drugs/DB03301"
"347","(R)-4-Nitrostyrene oxide (DB04777)","0.3116","http://www.drugbank.ca/drugs/DB04777"
"348","(S)-4-Nitrostyrene oxide (DB04782)","0.3116","http://www.drugbank.ca/drugs/DB04782"
"349","Norepinephrine (DB00368)","0.3106","http://www.drugbank.ca/drugs/DB00368"
"350","3-Chlorophenol (DB01957)","0.3104","http://www.drugbank.ca/drugs/DB01957"
"351","4-Iodophenol (DB03002)","0.3104","http://www.drugbank.ca/drugs/DB03002"
"352","2-HYDROXY-3,5-DIIODOBENZOIC ACID (DB04674)","0.3103","http://www.drugbank.ca/drugs/DB04674"
"353","Iodophenyl (DB02252)","0.3099","http://www.drugbank.ca/drugs/DB02252"
"354","Phenylmercury (DB04558)","0.3099","http://www.drugbank.ca/drugs/DB04558"
"355","4-(METHYLSULFONYL)BENZENECARBOXIMIDAMIDE (DB07368)","0.3099","http://www.drugbank.ca/drugs/DB07368"
"356","2-Chlorophenol (DB03110)","0.3098","http://www.drugbank.ca/drugs/DB03110"
"357","2-bromophenol (DB04586)","0.3098","http://www.drugbank.ca/drugs/DB04586"
"358","2,5-Xylidine (DB02163)","0.3091","http://www.drugbank.ca/drugs/DB02163"
"359","Para-Xylene (DB03463)","0.3087","http://www.drugbank.ca/drugs/DB03463"
"360","3,4-Dimethylaniline (DB03018)","0.3086","http://www.drugbank.ca/drugs/DB03018"
"361","3,4-Dimethylphenol (DB04052)","0.3086","http://www.drugbank.ca/drugs/DB04052"
"362","3-Nitrophenylboronic Acid (DB02797)","0.3083","http://www.drugbank.ca/drugs/DB02797"
"363","Para-Toluene Sulfonate (DB03120)","0.3081","http://www.drugbank.ca/drugs/DB03120"
"364","2-Iodobenzylthio Group (DB03630)","0.3080","http://www.drugbank.ca/drugs/DB03630"
"365","Ortho-Xylene (DB03029)","0.3077","http://www.drugbank.ca/drugs/DB03029"
"366","R-Styrene Oxide (DB04499)","0.3075","http://www.drugbank.ca/drugs/DB04499"
"367","2-(Sec-Butyl)Thiazole (DB03087)","0.3075","http://www.drugbank.ca/drugs/DB03087"
"368","4-Methyl-1,2-Benzenediol (DB04120)","0.3074","http://www.drugbank.ca/drugs/DB04120"
"369","4-Nitrocatechol (DB03407)","0.3070","http://www.drugbank.ca/drugs/DB03407"
"370","Para-Isopropylaniline (DB02114)","0.3069","http://www.drugbank.ca/drugs/DB02114"
"371","3-Methyl-Benzene-1,2-Diol (DB03454)","0.3069","http://www.drugbank.ca/drugs/DB03454"
"372","M-Aminophenylboronic Acid (DB01896)","0.3065","http://www.drugbank.ca/drugs/DB01896"
"373","Sulfanilamide (DB00259)","0.3064","http://www.drugbank.ca/drugs/DB00259"
"374","4-Aminophenylarsonic Acid (DB03006)","0.3058","http://www.drugbank.ca/drugs/DB03006"
"375","Phenyl Boronic Acid (DB01795)","0.3058","http://www.drugbank.ca/drugs/DB01795"
"376","Diazoxide (DB01119)","0.3051","http://www.drugbank.ca/drugs/DB01119"
"377","Alpha,Alpha,Alpha-Trifluoro-P-Cresol (DB03610)","0.3048","http://www.drugbank.ca/drugs/DB03610"
"378","4-Nitrophenyl Phosphate (DB04214)","0.3046","http://www.drugbank.ca/drugs/DB04214"
"379","1,2-Dihydroxybenzene (DB02232)","0.3044","http://www.drugbank.ca/drugs/DB02232"
"380","1,2,5-THIADIAZOLIDIN-3-ONE-1,1-DIOXIDE (DB08593)","0.3042","http://www.drugbank.ca/drugs/DB08593"
"381","Ethotoin (DB00754)","0.3034","http://www.drugbank.ca/drugs/DB00754"
"382","Phenylphosphate (DB03298)","0.3033","http://www.drugbank.ca/drugs/DB03298"
"383","Phensuximide (DB00832)","0.3027","http://www.drugbank.ca/drugs/DB00832"
"384","3-Mercuri-4-Aminobenzenesulfonamide (DB04203)","0.3010","http://www.drugbank.ca/drugs/DB04203"
"385","Para-Mercury-Benzenesulfonic Acid (DB02983)","0.2999","http://www.drugbank.ca/drugs/DB02983"
"386","4,5-Dimethyl-1,2-Phenylenediamine (DB03180)","0.2995","http://www.drugbank.ca/drugs/DB03180"
"387","Dinitrophenylene (DB02680)","0.2986","http://www.drugbank.ca/drugs/DB02680"
"388","2,4-Dinitrophenol (DB04528)","0.2977","http://www.drugbank.ca/drugs/DB04528"
"389","Menadione (DB00170)","0.2950","http://www.drugbank.ca/drugs/DB00170"
"390","4-(2-Thienyl)Butyric Acid (DB02434)","0.2947","http://www.drugbank.ca/drugs/DB02434"
"391","4-Hydroperoxy-2-Methoxy-Phenol (DB03764)","0.2902","http://www.drugbank.ca/drugs/DB03764"
"392","3,5-Dinitrocatechol (DB02105)","0.2891","http://www.drugbank.ca/drugs/DB02105"
"393","1,3,5-Trichloro-Benzene (DB03836)","0.2706","http://www.drugbank.ca/drugs/DB03836"
"394","2,4,6-Tribromophenol (DB02417)","0.2706","http://www.drugbank.ca/drugs/DB02417"
"395","Tranylcypromine (DB00752)","0.2682","http://www.drugbank.ca/drugs/DB00752"
"396","Formic Acid (DB01942)","0.2578","http://www.drugbank.ca/drugs/DB01942"
"397","Methazolamide (DB00703)","0.2559","http://www.drugbank.ca/drugs/DB00703"
"398","Acetamide (DB02736)","0.2549","http://www.drugbank.ca/drugs/DB02736"
"399","indane-5-sulfonamide (DB08165)","0.2526","http://www.drugbank.ca/drugs/DB08165"
"400","Acetazolamide (DB00819)","0.2476","http://www.drugbank.ca/drugs/DB00819"
"401","Acetic acid (DB03166)","0.2430","http://www.drugbank.ca/drugs/DB03166"
"402","Calcium Acetate (DB00258)","0.2417","http://www.drugbank.ca/drugs/DB00258"
"403","Carbamic Acid (DB04261)","0.2351","http://www.drugbank.ca/drugs/DB04261"
"404","polyacrylic acid (DB05384)","0.2343","http://www.drugbank.ca/drugs/DB05384"
"405","Acrylic Acid (DB02579)","0.2343","http://www.drugbank.ca/drugs/DB02579"
"406","Glyoxalate, Glyoxylate (DB04343)","0.2337","http://www.drugbank.ca/drugs/DB04343"
"407","Glycine (DB00145)","0.2303","http://www.drugbank.ca/drugs/DB00145"
"408","Acetohydroxamic Acid (DB00551)","0.2303","http://www.drugbank.ca/drugs/DB00551"
"409","Oxamic Acid (DB03940)","0.2285","http://www.drugbank.ca/drugs/DB03940"
"410","Acetylamino-Acetic Acid (DB02713)","0.2280","http://www.drugbank.ca/drugs/DB02713"
"411","Malonaldehyde (DB03057)","0.2265","http://www.drugbank.ca/drugs/DB03057"
"412","2,3-Didehydroalanine (DB02688)","0.2262","http://www.drugbank.ca/drugs/DB02688"
"413","Ethyl carbamate (DB04827)","0.2262","http://www.drugbank.ca/drugs/DB04827"
"414","3-Amino-3-Oxopropanoic Acid (DB02649)","0.2244","http://www.drugbank.ca/drugs/DB02649"
"415","N-Methyl-Alpha-Beta-Dehydroalanine (DB03920)","0.2230","http://www.drugbank.ca/drugs/DB03920"
"416","Methyl-Carbamic Acid Ethyl Ester (DB02856)","0.2230","http://www.drugbank.ca/drugs/DB02856"
"417","Ethyl-Carbamic Acid Methyl Ester (DB03919)","0.2230","http://www.drugbank.ca/drugs/DB03919"
"418","N-Carbamoyl-Alanine (DB04048)","0.2150","http://www.drugbank.ca/drugs/DB04048"
"419","Beta-Alanine (DB03107)","0.2133","http://www.drugbank.ca/drugs/DB03107"
"420","Pyruvamide (DB03578)","0.2125","http://www.drugbank.ca/drugs/DB03578"
"421","Propionamide (DB04161)","0.2124","http://www.drugbank.ca/drugs/DB04161"
"422","Pyruvoyl Group (DB03587)","0.2121","http://www.drugbank.ca/drugs/DB03587"
"423","N-Methyldehydrobutyrine (DB04225)","0.2116","http://www.drugbank.ca/drugs/DB04225"
"424","Crotonaldehyde (DB04381)","0.2114","http://www.drugbank.ca/drugs/DB04381"
"425","Butenoic Acid (DB02074)","0.2105","http://www.drugbank.ca/drugs/DB02074"
"426","2-Ammoniobut-3-Enoate, 2-Amino-3-Butenoate (DB01804)","0.2084","http://www.drugbank.ca/drugs/DB01804"
"427","Vinylglycine (DB03214)","0.2084","http://www.drugbank.ca/drugs/DB03214"
"428","Z-Dehydrobutyrine (DB03720)","0.2084","http://www.drugbank.ca/drugs/DB03720"
"429","L-2-amino-3-butynoic acid (DB04217)","0.2084","http://www.drugbank.ca/drugs/DB04217"
"430","Fumarate (DB01677)","0.2081","http://www.drugbank.ca/drugs/DB01677"
"431","Propanoic Acid (DB03766)","0.2078","http://www.drugbank.ca/drugs/DB03766"
"432","Pyruvic acid (DB00119)","0.2071","http://www.drugbank.ca/drugs/DB00119"
"433","2-Aminoprop-2-Enamide (DB02002)","0.2058","http://www.drugbank.ca/drugs/DB02002"
"434","CTI-01 (DB05869)","0.2033","http://www.drugbank.ca/drugs/DB05869"
"435","N-[Amino(Imino)Methyl]Glycine (DB02751)","0.2021","http://www.drugbank.ca/drugs/DB02751"
"436","Glycinamid (DB03636)","0.2003","http://www.drugbank.ca/drugs/DB03636"
"437","Lactaldehyde (DB03776)","0.1995","http://www.drugbank.ca/drugs/DB03776"
"438","2-Iminiopropanoate (DB04212)","0.1991","http://www.drugbank.ca/drugs/DB04212"
"439","L-Alanine (DB00160)","0.1991","http://www.drugbank.ca/drugs/DB00160"
"440","D-Alanine (DB01786)","0.1991","http://www.drugbank.ca/drugs/DB01786"
"441","Ethanol (DB00898)","0.1976","http://www.drugbank.ca/drugs/DB00898"
"442","L-Asparagine (DB00174)","0.1933","http://www.drugbank.ca/drugs/DB00174"
"443","D-Asparagine (DB03943)","0.1933","http://www.drugbank.ca/drugs/DB03943"
"444","Propyl Acetate (DB01670)","0.1929","http://www.drugbank.ca/drugs/DB01670"
"445","Acetoacetic Acid (DB01762)","0.1927","http://www.drugbank.ca/drugs/DB01762"
"446","Nitrosoethane (DB02646)","0.1912","http://www.drugbank.ca/drugs/DB02646"
"447","L-Aspartic Acid (DB00128)","0.1909","http://www.drugbank.ca/drugs/DB00128"
"448","Ammonium lactate (DB06768)","0.1900","http://www.drugbank.ca/drugs/DB06768"
"449","Succinic acid (DB00139)","0.1900","http://www.drugbank.ca/drugs/DB00139"
"450","2-Amino-3-Ketobutyric Acid (DB03915)","0.1887","http://www.drugbank.ca/drugs/DB03915"
"451","Urea (DB03904)","0.1885","http://www.drugbank.ca/drugs/DB03904"
"452","2-Oxobutanoic Acid (DB04553)","0.1882","http://www.drugbank.ca/drugs/DB04553"
"453","Gamma(Amino)-Butyric Acid (DB02530)","0.1881","http://www.drugbank.ca/drugs/DB02530"
"454","(4e)-4-Aminohex-4-Enoic Acid (DB01699)","0.1875","http://www.drugbank.ca/drugs/DB01699"
"455","L-Cysteine (DB00151)","0.1860","http://www.drugbank.ca/drugs/DB00151"
"456","3-Chloroalaninate (DB01735)","0.1860","http://www.drugbank.ca/drugs/DB01735"
"457","3-Amino-Alanine (DB03320)","0.1833","http://www.drugbank.ca/drugs/DB03320"
"458","Hydroxyurea (DB01005)","0.1825","http://www.drugbank.ca/drugs/DB01005"
"459","Dimethylglycine (DB02083)","0.1825","http://www.drugbank.ca/drugs/DB02083"
"460","2-Aminoethanimidic Acid (DB02108)","0.1823","http://www.drugbank.ca/drugs/DB02108"
"461","Butyramide (DB02121)","0.1823","http://www.drugbank.ca/drugs/DB02121"
"462","5-Fluoro-4-(S)-Hydroxy-3,4-Dihydropyrimidine (DB04135)","0.1822","http://www.drugbank.ca/drugs/DB04135"
"463","Aminolevulinic acid (DB00855)","0.1809","http://www.drugbank.ca/drugs/DB00855"
"464","Butanoic Acid (DB03568)","0.1802","http://www.drugbank.ca/drugs/DB03568"
"465","L-Glutamine (DB00130)","0.1801","http://www.drugbank.ca/drugs/DB00130"
"466","L-Serine (DB00133)","0.1792","http://www.drugbank.ca/drugs/DB00133"
"467","Alpha-Aminobutyric Acid (DB04454)","0.1791","http://www.drugbank.ca/drugs/DB04454"
"468","4-Hydroxy-2-Butanone (DB04094)","0.1764","http://www.drugbank.ca/drugs/DB04094"
"469","Pentanedial (DB03266)","0.1754","http://www.drugbank.ca/drugs/DB03266"
"470","Vigabatrin (DB01080)","0.1744","http://www.drugbank.ca/drugs/DB01080"
"471","Gamma Hydroxybutyric Acid (DB01440)","0.1743","http://www.drugbank.ca/drugs/DB01440"
"472","2,4-Diaminobutyric Acid (DB03817)","0.1736","http://www.drugbank.ca/drugs/DB03817"
"473","4-Hydroxy-3,4-Dihydro-1h-Pyrimidin-2-One (DB03939)","0.1723","http://www.drugbank.ca/drugs/DB03939"
"474","3,4-Dihydrouracil (DB01849)","0.1719","http://www.drugbank.ca/drugs/DB01849"
"475","Creatine (DB00148)","0.1717","http://www.drugbank.ca/drugs/DB00148"
"476","Cycloserine (DB00260)","0.1701","http://www.drugbank.ca/drugs/DB00260"
"477","S,3-Hydroxybutan-2-One (DB02788)","0.1693","http://www.drugbank.ca/drugs/DB02788"
"478","R,3-Hydroxybutan-2-One (DB04364)","0.1693","http://www.drugbank.ca/drugs/DB04364"
"479","L-Threonine (DB00156)","0.1651","http://www.drugbank.ca/drugs/DB00156"
"480","(5s)-5-Iododihydro-2,4(1h,3h)-Pyrimidinedione (DB02303)","0.1624","http://www.drugbank.ca/drugs/DB02303"
"481","Dimethylformamide (DB01844)","0.1624","http://www.drugbank.ca/drugs/DB01844"
"482","Beta-Amino Isobutyrate (DB03432)","0.1618","http://www.drugbank.ca/drugs/DB03432"
"483","L-Ornithine (DB00129)","0.1608","http://www.drugbank.ca/drugs/DB00129"
"484","5-Oxo-Pyrrolidine-2-Carbaldehyde (DB03901)","0.1590","http://www.drugbank.ca/drugs/DB03901"
"485","3-Aminosuccinimide (DB03487)","0.1588","http://www.drugbank.ca/drugs/DB03487"
"486","Methylhydrazine (DB04361)","0.1581","http://www.drugbank.ca/drugs/DB04361"
"487","Isobutyric Acid (DB02531)","0.1574","http://www.drugbank.ca/drugs/DB02531"
"488","Homoserine Lactone (DB02624)","0.1571","http://www.drugbank.ca/drugs/DB02624"
"489","Alpha-Aminoisobutyric Acid (DB02952)","0.1549","http://www.drugbank.ca/drugs/DB02952"
"490","4-Butyrolactone (DB04699)","0.1548","http://www.drugbank.ca/drugs/DB04699"
"491","3,4-Dihydro-2h-Pyrrolium-5-Carboxylate (DB02838)","0.1535","http://www.drugbank.ca/drugs/DB02838"
"492","1,2-Dimethoxyethane (DB01749)","0.1486","http://www.drugbank.ca/drugs/DB01749"
"493","L-Valine (DB00161)","0.1475","http://www.drugbank.ca/drugs/DB00161"
"494","Amyl Nitrite (DB01612)","0.1446","http://www.drugbank.ca/drugs/DB01612"
"495","Nitric Oxide (DB00435)","0.1425","http://www.drugbank.ca/drugs/DB00435"
"496","Reduced Threonine (DB01724)","0.1369","http://www.drugbank.ca/drugs/DB01724"
"497","Dimethyl sulfoxide (DB01093)","0.1346","http://www.drugbank.ca/drugs/DB01093"
"498","Guanidine (DB00536)","0.1259","http://www.drugbank.ca/drugs/DB00536"
"499","Imexon (DB05003)","0.1133","http://www.drugbank.ca/drugs/DB05003"
"500","1-Aminocyclopropanecarboxylic Acid (DB02085)","0.1000","http://www.drugbank.ca/drugs/DB02085"
