"","DrugBank Compound (Name, ID)","Similarity to ","Link"
"1","Afimoxifene (DB04468)","1.0000","http://www.drugbank.ca/drugs/DB04468"
"2","Tamoxifen (DB00675)","0.9982","http://www.drugbank.ca/drugs/DB00675"
"3","Toremifene (DB00539)","0.9976","http://www.drugbank.ca/drugs/DB00539"
"4","Ospemifene (DB04938)","0.9906","http://www.drugbank.ca/drugs/DB04938"
"5","Clomifene (DB00882)","0.9877","http://www.drugbank.ca/drugs/DB00882"
"6","Chlorotrianisene (DB00269)","0.9742","http://www.drugbank.ca/drugs/DB00269"
"7","(2z)-2-(Benzoylamino)-3-[4-(2-Bromophenoxy)Phenyl]-2-Propenoic Acid (DB01720)","0.9654","http://www.drugbank.ca/drugs/DB01720"
"8","(3Z)-6-(4-HYDROXY-3-METHOXYPHENYL)-3-(1H-PYRROL-2-YLMETHYLENE)-1,3-DIHYDRO-2H-INDOL-2-ONE (DB07078)","0.9650","http://www.drugbank.ca/drugs/DB07078"
"9","1-BENZYL-3-(4-METHOXYPHENYLAMINO)-4-PHENYLPYRROLE-2,5-DIONE (DB08063)","0.9644","http://www.drugbank.ca/drugs/DB08063"
"10","{4-[(2R)-pyrrolidin-2-ylmethoxy]phenyl}(4-thiophen-3-ylphenyl)methanone (DB07237)","0.9617","http://www.drugbank.ca/drugs/DB07237"
"11","Prenylamine (DB04825)","0.9615","http://www.drugbank.ca/drugs/DB04825"
"12","[3,5-Dibromo-4-(4-Hydroxy-3-Phenethylcarbamoyl-Phenoxy)-Phenyl]-Acetic Acid (DB02106)","0.9613","http://www.drugbank.ca/drugs/DB02106"
"13","131-I-TM-601 (DB05462)","0.9609","http://www.drugbank.ca/drugs/DB05462"
"14","2-[4-chloro-2-(phenylcarbonyl)phenoxy]-N-phenylacetamide (DB07826)","0.9592","http://www.drugbank.ca/drugs/DB07826"
"15","Raloxifene (DB00481)","0.9592","http://www.drugbank.ca/drugs/DB00481"
"16","GC-24 (DB03788)","0.9590","http://www.drugbank.ca/drugs/DB03788"
"17","Bentiromide (DB00522)","0.9576","http://www.drugbank.ca/drugs/DB00522"
"18","N-(2-AMINOETHYL)-2-{3-CHLORO-4-[(4-ISOPROPYLBENZYL)OXY]PHENYL} ACETAMIDE (DB08610)","0.9574","http://www.drugbank.ca/drugs/DB08610"
"19","3-(7-DIAMINOMETHYL-NAPHTHALEN-2-YL)-PROPIONIC ACID ETHYL ESTER (DB07639)","0.9571","http://www.drugbank.ca/drugs/DB07639"
"20","Compound 4-D (DB03742)","0.9569","http://www.drugbank.ca/drugs/DB03742"
"21","Butenafine (DB01091)","0.9569","http://www.drugbank.ca/drugs/DB01091"
"22","Dimetindene (DB08801)","0.9566","http://www.drugbank.ca/drugs/DB08801"
"23","2-Hydroxy-5-({1-[(2-Naphthyloxy)Methyl]-3-Oxoprop-1-Enyl}Amino)Tyrosine (DB02511)","0.9560","http://www.drugbank.ca/drugs/DB02511"
"24","N-(P-CYANOPHENYL)-N'-DIPHENYLMETHYL-GUANIDINE-ACETIC ACID (DB07816)","0.9557","http://www.drugbank.ca/drugs/DB07816"
"25","(5Z)-3-(4-CHLOROPHENYL)-4-HYDROXY-5-(1-NAPHTHYLMETHYLENE)FURAN-2(5H)-ONE (DB07296)","0.9549","http://www.drugbank.ca/drugs/DB07296"
"26","Coelenteramide (DB04049)","0.9549","http://www.drugbank.ca/drugs/DB04049"
"27","Br-Coeleneterazine (DB02006)","0.9542","http://www.drugbank.ca/drugs/DB02006"
"28","I-Coeleneterazine (DB04146)","0.9542","http://www.drugbank.ca/drugs/DB04146"
"29","[1-(1-Benzyl-3-Hydroxy-2-Oxo-Propylcarbamoyl)-2-Phenyl-Ethyl]-Carbamic Acid Benzyl Ester (DB01871)","0.9541","http://www.drugbank.ca/drugs/DB01871"
"30","3-[3-(2,3-Dihydroxy-Propylamino)-Phenyl]-4-(5-Fluoro-1-Methyl-1h-Indol-3-Yl)-Pyrrole-2,5-Dione (DB01772)","0.9538","http://www.drugbank.ca/drugs/DB01772"
"31","(2R,3R,4S)-3-(4-HYDROXYPHENYL)-4-METHYL-2-[4-(2-PYRROLIDIN-1-YLETHOXY)PHENYL]CHROMAN-6-OL (DB07567)","0.9538","http://www.drugbank.ca/drugs/DB07567"
"32","Labetalol (DB00598)","0.9537","http://www.drugbank.ca/drugs/DB00598"
"33","ERA-923 (DB05414)","0.9534","http://www.drugbank.ca/drugs/DB05414"
"34","Compound 19 (DB02615)","0.9532","http://www.drugbank.ca/drugs/DB02615"
"35","Compound 18 (DB02715)","0.9532","http://www.drugbank.ca/drugs/DB02715"
"36","N-[(1R)-3-(4-HYDROXYPHENYL)-1-METHYLPROPYL]-2-(2-PHENYL-1H-INDOL-3-YL)ACETAMIDE (DB07991)","0.9530","http://www.drugbank.ca/drugs/DB07991"
"37","(2-Sulfanyl-3-Phenylpropanoyl)-Phe-Tyr (DB03949)","0.9528","http://www.drugbank.ca/drugs/DB03949"
"38","FAMOXADONE (DB07778)","0.9526","http://www.drugbank.ca/drugs/DB07778"
"39","(4'-{[Allyl(Methyl)Amino]Methyl}-1,1'-Biphenyl-4-Yl)(4-Bromophenyl)Methanone (DB03234)","0.9524","http://www.drugbank.ca/drugs/DB03234"
"40","Propafenone (DB01182)","0.9523","http://www.drugbank.ca/drugs/DB01182"
"41","Dapoxetine (DB04884)","0.9522","http://www.drugbank.ca/drugs/DB04884"
"42","4-[3-(dibenzylamino)phenyl]-2,4-dioxobutanoic acid (DB08147)","0.9522","http://www.drugbank.ca/drugs/DB08147"
"43","Bitolterol (DB00901)","0.9521","http://www.drugbank.ca/drugs/DB00901"
"44","FLUORESCIN (DB07764)","0.9521","http://www.drugbank.ca/drugs/DB07764"
"45","(4-BROMOPHENYL)[4-({(2E)-4-[CYCLOPROPYL(METHYL)AMINO]BUT-2-ENYL}OXY)PHENYL]METHANONE (DB08458)","0.9519","http://www.drugbank.ca/drugs/DB08458"
"46","8-Benzyl-2-Hydroxy-2-(4-Hydroxy-Benzyl)-6-(4-Hydroxy-Phenyl)-2h-Imidazo[1,2-a]Pyrazin-3-One (DB02194)","0.9512","http://www.drugbank.ca/drugs/DB02194"
"47","Naftifine (DB00735)","0.9511","http://www.drugbank.ca/drugs/DB00735"
"48","5-[(3R)-3-(5-methoxy-4'-methylbiphenyl-3-yl)but-1-yn-1-yl]-6-methylpyrimidine-2,4-diamine (DB07141)","0.9506","http://www.drugbank.ca/drugs/DB07141"
"49","1-Benzyl-5-Methoxy-2-Methyl-1h-Indol-3-Yl)-Acetic Acid (DB03121)","0.9499","http://www.drugbank.ca/drugs/DB03121"
"50","8-Benzyl-2-Hydroperoxy-2-(4-Hydroxy-Benzyl)-6-(4-Hydroxy-Phenyl)-2h-Imidazo[1,2-a]Pyrazin-3-One (DB02241)","0.9498","http://www.drugbank.ca/drugs/DB02241"
"51","5-[(3R)-3-(5-methoxy-3',5'-dimethylbiphenyl-3-yl)but-1-yn-1-yl]-6-methylpyrimidine-2,4-diamine (DB07142)","0.9494","http://www.drugbank.ca/drugs/DB07142"
"52","RPR128515 (DB04424)","0.9488","http://www.drugbank.ca/drugs/DB04424"
"53","5-[(3S)-3-(2-methoxybiphenyl-4-yl)but-1-yn-1-yl]-6-methylpyrimidine-2,4-diamine (DB06847)","0.9487","http://www.drugbank.ca/drugs/DB06847"
"54","4-(1-Benzyl-3-Carbamoylmethyl-2-Methyl-1h-Indol-5-Yloxy)-Butyric Acid (DB02936)","0.9482","http://www.drugbank.ca/drugs/DB02936"
"55","5-[(3R)-3-(5-methoxybiphenyl-3-yl)but-1-yn-1-yl]-6-methylpyrimidine-2,4-diamine (DB07140)","0.9481","http://www.drugbank.ca/drugs/DB07140"
"56","4-PHENOXY-N-(PYRIDIN-2-YLMETHYL)BENZAMIDE (DB07459)","0.9480","http://www.drugbank.ca/drugs/DB07459"
"57","Balanol Analog 2 (DB01940)","0.9480","http://www.drugbank.ca/drugs/DB01940"
"58","5-[(3R)-3-(5-methoxy-2',6'-dimethylbiphenyl-3-yl)but-1-yn-1-yl]-6-methylpyrimidine-2,4-diamine (DB07144)","0.9480","http://www.drugbank.ca/drugs/DB07144"
"59","6-[N-(4-Ethyl-1,2,3,4-Tetrahydro-6-Isoquinolinyl)Carbamyl]-2-Naphthalenecarboxamidine (DB02551)","0.9478","http://www.drugbank.ca/drugs/DB02551"
"60","Diphenylpyraline (DB01146)","0.9475","http://www.drugbank.ca/drugs/DB01146"
"61","Compound 9 (DB02014)","0.9467","http://www.drugbank.ca/drugs/DB02014"
"62","2-Phenyl-1-[4-(2-Piperidin-1-Yl-Ethoxy)-Phenyl]-1,2,3,4-Tetrahydro-Isoquinolin-6-Ol (DB04471)","0.9462","http://www.drugbank.ca/drugs/DB04471"
"63","3-DIPHENOL-6-NITRO-3H-BENZO[DE]ISOCHROMEN-1-ONE (DB08204)","0.9462","http://www.drugbank.ca/drugs/DB08204"
"64","6-[N-(1-Isopropyl-3,4-Dihydro-7-Isoquinolinyl)Carbamyl]-2-Naphthalenecarboxamidine (DB02473)","0.9461","http://www.drugbank.ca/drugs/DB02473"
"65","6-[N-(1-Isopropyl-1,2,3,4-Tetrahydro-7-Isoquinolinyl)Carbamyl]-2-Naphthalenecarboxamidine (DB02705)","0.9459","http://www.drugbank.ca/drugs/DB02705"
"66","6-[(Z)-AMINO(IMINO)METHYL]-N-[3-(CYCLOPENTYLOXY)PHENYL]-2-NAPHTHAMIDE (DB07076)","0.9458","http://www.drugbank.ca/drugs/DB07076"
"67","N-(4-(2-((3-Chlorophenylmethyl)Amino)Ethyl)Phenyl)-2-Thiophecarboxamidine (DB03449)","0.9458","http://www.drugbank.ca/drugs/DB03449"
"68","3-[3-chloro-5-(5-{[(1S)-1-phenylethyl]amino}isoxazolo[5,4-c]pyridin-3-yl)phenyl]propan-1-ol (DB06897)","0.9455","http://www.drugbank.ca/drugs/DB06897"
"69","2-{4-[(3,5-DIMETHYLANILINO)-CARBONYL-METHYL]-PHENOXY}-2-METHYLPROPIONIC ACID (DB08486)","0.9454","http://www.drugbank.ca/drugs/DB08486"
"70","2-[1-(4-CHLOROBENZOYL)-5-METHOXY-2-METHYL-1H-INDOL-3-YL]-N-[(1R)-1-(HYDROXYMETHYL)PROPYL]ACETAMIDE (DB07981)","0.9451","http://www.drugbank.ca/drugs/DB07981"
"71","2-[1-(4-CHLOROBENZOYL)-5-METHOXY-2-METHYL-1H-INDOL-3-YL]-N-[(1S)-1-(HYDROXYMETHYL)PROPYL]ACETAMIDE (DB07984)","0.9451","http://www.drugbank.ca/drugs/DB07984"
"72","[3-(1-Benzyl-3-Carbamoylmethyl-2-Methyl-1h-Indol-5-Yloxy)-Propyl-]-Phosphonic Acid (DB02504)","0.9450","http://www.drugbank.ca/drugs/DB02504"
"73","Cinacalcet (DB01012)","0.9450","http://www.drugbank.ca/drugs/DB01012"
"74","Phenolphthalein (DB04824)","0.9448","http://www.drugbank.ca/drugs/DB04824"
"75","({3-[1-(4-HYDROXY-2-OXO-2H-CHROMEN-3-YL)-PROPYL]-PHENYLCARBAMOYL}-METHYL)-CARBAMIC ACID TERT-BUTYL ESTER (DB08664)","0.9438","http://www.drugbank.ca/drugs/DB08664"
"76","5-amino-2-methyl-N-[(1R)-1-naphthalen-1-ylethyl]benzamide (DB08656)","0.9436","http://www.drugbank.ca/drugs/DB08656"
"77","3-(1h-Indol-3-Yl)-2-[4-(4-Phenyl-Piperidin-1-Yl)-Benzenesulfonylamino]-Propionic Acid (DB02449)","0.9432","http://www.drugbank.ca/drugs/DB02449"
"78","R048-8071 (DB02016)","0.9430","http://www.drugbank.ca/drugs/DB02016"
"79","4-CHLORO-3',3''-DIBROMOPHENOL-1,8-NAPHTHALEIN (DB04696)","0.9429","http://www.drugbank.ca/drugs/DB04696"
"80","5-(3-{3-[3-HYDROXY-2-(METHOXYCARBONYL)PHENOXY]PROPENYL}PHENYL)-4-(HYDROXYMETHYL)ISOXAZOLE-3-CARBOXYLIC ACID (DB08001)","0.9428","http://www.drugbank.ca/drugs/DB08001"
"81","Indomethacin (DB00328)","0.9427","http://www.drugbank.ca/drugs/DB00328"
"82","Aleglitazar (DB08915)","0.9426","http://www.drugbank.ca/drugs/DB08915"
"83","Bopindolol (DB08807)","0.9425","http://www.drugbank.ca/drugs/DB08807"
"84","N-(5-{[(2S)-4-amino-2-(3-chlorophenyl)butanoyl]amino}-1H-indazol-3-yl)benzamide (DB07608)","0.9421","http://www.drugbank.ca/drugs/DB07608"
"85","(2S)-2-(biphenyl-4-yloxy)-3-phenylpropanoic acid (DB08121)","0.9419","http://www.drugbank.ca/drugs/DB08121"
"86","Mirabegron  (DB08893)","0.9415","http://www.drugbank.ca/drugs/DB08893"
"87","Amiodarone (DB01118)","0.9409","http://www.drugbank.ca/drugs/DB01118"
"88","2-[({2-[(1Z)-3-(DIMETHYLAMINO)PROP-1-ENYL]-4-FLUOROPHENYL}SULFONYL)AMINO]-5,6,7,8-TETRAHYDRONAPHTHALENE-1-CARBOXYLIC ACID (DB07323)","0.9408","http://www.drugbank.ca/drugs/DB07323"
"89","(1-Tert-Butyl-5-Hydroxy-1h-Pyrazol-4-Yl)-(6-Methanesulfonyl-4'-Methoxy-2-Methyl-Biphenyl-3-Yl)-Methanone (DB02850)","0.9407","http://www.drugbank.ca/drugs/DB02850"
"90","N-{[4-(but-2-yn-1-yloxy)phenyl]sulfonyl}-5-methyl-D-tryptophan (DB07233)","0.9406","http://www.drugbank.ca/drugs/DB07233"
"91","Ezetimibe (DB00973)","0.9405","http://www.drugbank.ca/drugs/DB00973"
"92","4'-[(1R)-1-amino-2-(2,5-difluorophenyl)ethyl]biphenyl-3-carboxamide (DB07181)","0.9404","http://www.drugbank.ca/drugs/DB07181"
"93","5-[1-(3,4-Dimethoxy-Benzoyl)-1,2,3,4-Tetrahydro-Quinolin-6-Yl]-6-Methyl-3,6-Dihydro-[1,3,4]Thiadiazin-2-One (DB03944)","0.9404","http://www.drugbank.ca/drugs/DB03944"
"94","(20S)-19,20,21,22-TETRAHYDRO-19-OXO-5H-18,20-ETHANO-12,14-ETHENO-6,10-METHENO-18H-BENZ[D]IMIDAZO[4,3-K][1,6,9,12]OXATRIAZA-CYCLOOCTADECOSINE-9-CARBONITRILE (DB08674)","0.9400","http://www.drugbank.ca/drugs/DB08674"
"95","(2Z,3E)-2,3'-BIINDOLE-2',3(1H,1'H)-DIONE 3-{O-[(3R)-3,4-DIHYDROXYBUTYL]OXIME} (DB07766)","0.9399","http://www.drugbank.ca/drugs/DB07766"
"96","6-CARBAMIMIDOYL-4-(3-HYDROXY-2-METHYL-BENZOYLAMINO)-NAPHTHALENE-2-CARBOXYLIC ACID METHYL ESTER (DB07074)","0.9396","http://www.drugbank.ca/drugs/DB07074"
"97","N-[amino(imino)methyl]-2-[2-(2-chlorophenyl)-4-(4-propoxyphenyl)-3-thienyl]acetamide (DB07089)","0.9396","http://www.drugbank.ca/drugs/DB07089"
"98","[{2-bromo-4-[(2R)-3-oxo-2,3-diphenylpropyl]phenyl}(difluoro)methyl]phosphonic acid (DB07263)","0.9395","http://www.drugbank.ca/drugs/DB07263"
"99","Eltrombopag (DB06210)","0.9393","http://www.drugbank.ca/drugs/DB06210"
"100","Cinnarizine (DB00568)","0.9390","http://www.drugbank.ca/drugs/DB00568"
"101","3-[Isopropyl(4-Methylbenzoyl)Amino]-5-Phenylthiophene-2-Carboxylic Acid (DB03647)","0.9389","http://www.drugbank.ca/drugs/DB03647"
"102","(2S)-2-ETHOXY-3-{4-[2-(10H-PHENOXAZIN-10-YL)ETHOXY]PHENYL}PROPANOIC ACID (DB07675)","0.9388","http://www.drugbank.ca/drugs/DB07675"
"103","Flavopiridol (DB03496)","0.9387","http://www.drugbank.ca/drugs/DB03496"
"104","Rbt205 Inhibitor (DB03777)","0.9384","http://www.drugbank.ca/drugs/DB03777"
"105","Oxyphenisatin (DB04823)","0.9383","http://www.drugbank.ca/drugs/DB04823"
"106","N-(6-{[3-(4-Bromophenyl)-1,2-Benzisothiazol-6-Yl]Oxy}Hexyl)-N-Methylprop-2-En-1-Amine (DB02544)","0.9381","http://www.drugbank.ca/drugs/DB02544"
"107","4-({[4-(3-METHYLBENZOYL)PYRIDIN-2-YL]AMINO}METHYL)BENZENECARBOXIMIDAMIDE (DB07809)","0.9378","http://www.drugbank.ca/drugs/DB07809"
"108","Indacaterol (DB05039)","0.9377","http://www.drugbank.ca/drugs/DB05039"
"109","Fluorescein (DB00693)","0.9376","http://www.drugbank.ca/drugs/DB00693"
"110","6-ETHYL-5-[(2S)-1-(3-METHOXYPROPYL)-2-PHENYL-1,2,3,4-TETRAHYDROQUINOLIN-7-YL]PYRIMIDINE-2,4-DIAMINE (DB08099)","0.9375","http://www.drugbank.ca/drugs/DB08099"
"111","Azelastine (DB00972)","0.9374","http://www.drugbank.ca/drugs/DB00972"
"112","3-[1-(3-AMINOPROPYL)-1H-INDOL-3-YL]-4-(1H-INDOL-3-YL)-1H-PYRROLE-2,5-DIONE (DB07457)","0.9371","http://www.drugbank.ca/drugs/DB07457"
"113","Asimadoline (DB05104)","0.9370","http://www.drugbank.ca/drugs/DB05104"
"114","Flavoxate (DB01148)","0.9369","http://www.drugbank.ca/drugs/DB01148"
"115","2-(Biphenyl-4-Sulfonyl)-1,2,3,4-Tetrahydro-Isoquinoline-3-Carboxylic Acid (DB03207)","0.9368","http://www.drugbank.ca/drugs/DB03207"
"116","Colchicine (DB01394)","0.9368","http://www.drugbank.ca/drugs/DB01394"
"117","(1S)-2-(1H-INDOL-3-YL)-1-{[(5-ISOQUINOLIN-6-YLPYRIDIN-3-YL)OXY]METHYL}ETHYLAMINE (DB06959)","0.9367","http://www.drugbank.ca/drugs/DB06959"
"118","Tolvaptan (DB06212)","0.9367","http://www.drugbank.ca/drugs/DB06212"
"119","Astemizole (DB00637)","0.9365","http://www.drugbank.ca/drugs/DB00637"
"120","5-[3-(BENZYLAMINO)PHENYL]-4-BROMO-3-(CARBOXYMETHOXY)THIOPHENE-2-CARBOXYLIC ACID (DB07289)","0.9364","http://www.drugbank.ca/drugs/DB07289"
"121","1-[2-(3-Biphenyl)-4-Methylvaleryl)]Amino-3-(2-Pyridylsulfonyl)Amino-2-Propanone (DB04244)","0.9361","http://www.drugbank.ca/drugs/DB04244"
"122","Lumefantrine (DB06708)","0.9360","http://www.drugbank.ca/drugs/DB06708"
"123","4-(2-HYDROXYBENZYLAMINO)-N-(3-(4-FLUOROPHENOXY)PHENYL)PIPERIDINE-1-SULFONAMIDE (DB04632)","0.9358","http://www.drugbank.ca/drugs/DB04632"
"124","N-(3-Cyclopropyl(5,6,7,8,9,10-Hexahydro-2-Oxo-2h-Cycloocta[B]Pyran-3-Yl)Methyl)Phenylbenzensulfonamide (DB02033)","0.9357","http://www.drugbank.ca/drugs/DB02033"
"125","Trisalicylate-choline (DB01401)","0.9356","http://www.drugbank.ca/drugs/DB01401"
"126","(S)-3-(4-(2-Carbazol-9-Yl-Ethoxy)-Phenyl)-2-Ethoxy-Propionic Acid (DB04270)","0.9355","http://www.drugbank.ca/drugs/DB04270"
"127","5-(5-chloro-2,4-dihydroxyphenyl)-N-ethyl-4-[4-(morpholin-4-ylmethyl)phenyl]isoxazole-3-carboxamide (DB06961)","0.9353","http://www.drugbank.ca/drugs/DB06961"
"128","ZK-806711 (DB03373)","0.9353","http://www.drugbank.ca/drugs/DB03373"
"129","N-cyclopropyl-6-[(6,7-dimethoxyquinolin-4-yl)oxy]naphthalene-1-carboxamide (DB07274)","0.9352","http://www.drugbank.ca/drugs/DB07274"
"130","1-((2-HYDROXYETHOXY)METHYL)-5-(3-(BENZYLOXY)BENZYL)PYRIMIDINE-2,4(1H,3H)-DIONE (DB06873)","0.9351","http://www.drugbank.ca/drugs/DB06873"
"131","4-[4-(1-Amino-1-Methylethyl)Phenyl]-5-Chloro-N-[4-(2-Morpholin-4-Ylethyl)Phenyl]Pyrimidin-2-Amine (DB02491)","0.9350","http://www.drugbank.ca/drugs/DB02491"
"132","Olopatadine (DB00768)","0.9350","http://www.drugbank.ca/drugs/DB00768"
"133","(6R)-2-amino-6-[2-(3'-methoxybiphenyl-3-yl)ethyl]-3,6-dimethyl-5,6-dihydropyrimidin-4(3H)-one (DB07519)","0.9347","http://www.drugbank.ca/drugs/DB07519"
"134","N-cyclopropyl-2',6-dimethyl-4'-(5-methyl-1,3,4-oxadiazol-2-yl)biphenyl-3-carboxamide (DB07811)","0.9346","http://www.drugbank.ca/drugs/DB07811"
"135","4-{[1-METHYL-2,4-DIOXO-6-(3-PHENYLPROP-1-YN-1-YL)-1,4-DIHYDROQUINAZOLIN-3(2H)-YL]METHYL}BENZOIC ACID (DB07827)","0.9345","http://www.drugbank.ca/drugs/DB07827"
"136","3-FLUORO-5-MORPHOLIN-4-YL-N-[3-(2-PYRIDIN-4-YLETHYL)-1H-INDOL-5-YL]BENZAMIDE (DB08091)","0.9344","http://www.drugbank.ca/drugs/DB08091"
"137","Allyl-{6-[3-(4-Bromo-Phenyl)-Benzofuran-6-Yloxy]-Hexyl-}-Methyl-Amin (DB02339)","0.9343","http://www.drugbank.ca/drugs/DB02339"
"138","Reboxetine (DB00234)","0.9341","http://www.drugbank.ca/drugs/DB00234"
"139","1-(2-Amidinophenyl)-3-(Phenoxyphenyl)Urea (DB03337)","0.9338","http://www.drugbank.ca/drugs/DB03337"
"140","2-[2-(1,3-Dioxo-1,3-Dihydro-2h-Isoindol-2-Yl)Ethyl]-4-(4'-Ethoxy-1,1'-Biphenyl-4-Yl)-4-Oxobutanoic Acid (DB04405)","0.9336","http://www.drugbank.ca/drugs/DB04405"
"141","(2s)-2-[(2,4-Dichloro-Benzoyl)-(3-Trifluoromethyl-Benzyl)-Amino]-3-Phenyl-Propionic Acid (DB03605)","0.9336","http://www.drugbank.ca/drugs/DB03605"
"142","Trans-6-(2-Phenylcyclopropyl)-Naphthalene-2-Carboxamidine (DB03476)","0.9334","http://www.drugbank.ca/drugs/DB03476"
"143","(2S)-6-(2,4-DIAMINO-6-ETHYLPYRIMIDIN-5-YL)-2-(3,5-DIFLUOROPHENYL)-4-(3-METHOXYPROPYL)-2H-1,4-BENZOXAZIN-3(4H)-ONE (DB07113)","0.9334","http://www.drugbank.ca/drugs/DB07113"
"144","Dimenoxadol (DB01461)","0.9334","http://www.drugbank.ca/drugs/DB01461"
"145","Flunarizine (DB04841)","0.9328","http://www.drugbank.ca/drugs/DB04841"
"146","N-(4-phenoxyphenyl)-2-[(pyridin-4-ylmethyl)amino]nicotinamide (DB07183)","0.9324","http://www.drugbank.ca/drugs/DB07183"
"147","N-[(2R,3S)-3-AMINO-2-HYDROXY-4-PHENYLBUTYL]NAPHTHALENE-2-SULFONAMIDE (DB07522)","0.9322","http://www.drugbank.ca/drugs/DB07522"
"148","5-(4-METHYL-BENZOYLAMINO)-BIPHENYL-3,4'-DICARBOXYLIC ACID 3-DIMETHYLAMIDE-4'-HYDROXYAMIDE (DB07586)","0.9318","http://www.drugbank.ca/drugs/DB07586"
"149","1-((2-HYDROXYETHOXY)METHYL)-5-(3-(BENZYLOXY)BENZYL)-6-HYDROXYPYRIMIDINE-2,4(1H,3H)-DIONE (DB07439)","0.9317","http://www.drugbank.ca/drugs/DB07439"
"150","6-BENZYL-1-BENZYLOXYMETHYL-5-ISOPROPYL URACIL (DB08634)","0.9314","http://www.drugbank.ca/drugs/DB08634"
"151","{4-[4-hydroxy-3-(1-methylethyl)benzyl]-3,5-dimethylphenoxy}acetic acid (DB07425)","0.9314","http://www.drugbank.ca/drugs/DB07425"
"152","N-({4-[(2-aminopyridin-4-yl)oxy]-3-fluorophenyl}carbamoyl)-2-(4-fluorophenyl)acetamide (DB06995)","0.9311","http://www.drugbank.ca/drugs/DB06995"
"153","Methantheline (DB00940)","0.9310","http://www.drugbank.ca/drugs/DB00940"
"154","3-[1-(3-Aminopropyl)-1h-Indol-3-Yl]-4-(1-Methyl-1h-Indol-3-Yl)-1h-Pyrrole-2,5-Dione (DB01946)","0.9308","http://www.drugbank.ca/drugs/DB01946"
"155","1-(2,6-Dichlorophenyl)-5-(2,4-Difluorophenyl)-7-Piperidin-4-Yl-3,4-Dihydroquinolin-2(1h)-One (DB01948)","0.9307","http://www.drugbank.ca/drugs/DB01948"
"156","1-[(3S)-5-PHENYL-3-THIOPHEN-2-YL-3H-1,4-BENZODIAZEPIN-2-YL]AZETIDIN-3-OL (DB08698)","0.9306","http://www.drugbank.ca/drugs/DB08698"
"157","Eletriptan (DB00216)","0.9304","http://www.drugbank.ca/drugs/DB00216"
"158","4-[(1S)-1-(3-fluoro-4-methoxyphenyl)-2-(2-methoxy-5-nitrophenyl)ethyl]-1H-imidazol-2-amine (DB07415)","0.9301","http://www.drugbank.ca/drugs/DB07415"
"159","[1-(3-Hydroxy-2-Oxo-1-Phenethyl-Propylcarbamoyl)2-Phenyl-Ethyl]-Carbamic Acid Pyridin-4-Ylmethyl Ester (DB02128)","0.9299","http://www.drugbank.ca/drugs/DB02128"
"160","1-{(2S,5S)-4-FLUORO-5-[(TRITYLOXY)METHYL]TETRAHYDROFURAN-2-YL}PYRIMIDINE-2,4(1H,3H)-DIONE (DB04685)","0.9299","http://www.drugbank.ca/drugs/DB04685"
"161","Bepridil (DB01244)","0.9298","http://www.drugbank.ca/drugs/DB01244"
"162","1-(1'-{[3-(methylsulfanyl)-2-benzothiophen-1-yl]carbonyl}spiro[1-benzofuran-3,4'-piperidin]-5-yl)methanamine (DB06848)","0.9296","http://www.drugbank.ca/drugs/DB06848"
"163","Tolnaftate (DB00525)","0.9294","http://www.drugbank.ca/drugs/DB00525"
"164","Allyl-{4-[3-(4-Bromo-Phenyl)-Benzofuran-6-Yloxy]-but-2-Enyl}-Methyl-Amine (DB03771)","0.9291","http://www.drugbank.ca/drugs/DB03771"
"165","5-hydroxy-4-(7-methoxy-1,1-dioxido-2H-1,2,4-benzothiadiazin-3-yl)-2-(3-methylbutyl)-6-phenylpyridazin-3(2H)-one (DB06974)","0.9291","http://www.drugbank.ca/drugs/DB06974"
"166","N-(cyclopropylmethyl)-2'-methyl-5'-(5-methyl-1,3,4-oxadiazol-2-yl)biphenyl-4-carboxamide (DB07834)","0.9290","http://www.drugbank.ca/drugs/DB07834"
"167","(2R)-N-HYDROXY-2-[(3S)-3-METHYL-3-{4-[(2-METHYLQUINOLIN-4-YL)METHOXY]PHENYL}-2-OXOPYRROLIDIN-1-YL]PROPANAMIDE (DB07145)","0.9289","http://www.drugbank.ca/drugs/DB07145"
"168","(4R,2S)-5'-(4-(4-CHLOROBENZYLOXY)PYRROLIDIN-2-YLMETHANESULFONYL)ISOQUINOLINE (DB07583)","0.9288","http://www.drugbank.ca/drugs/DB07583"
"169","(S)-5-(4-Benzyloxy-Phenyl)-4-(7-Phenyl-Heptanoylamino)-Pentanoic Acid (DB04287)","0.9286","http://www.drugbank.ca/drugs/DB04287"
"170","CRA_10433 (DB03173)","0.9284","http://www.drugbank.ca/drugs/DB03173"
"171","2-{5-[3-(7-PROPYL-3-TRIFLUOROMETHYLBENZO[D]ISOXAZOL-6-YLOXY)PROPOXY]INDOL-1-YL}ETHANOIC ACID (DB07053)","0.9283","http://www.drugbank.ca/drugs/DB07053"
"172","Allyl-{6-[3-(4-Bromo-Phenyl)-1-Methyl-1h-Indazol-6-Yl]Oxy}Hexyl)-N-Methylamine (DB03888)","0.9276","http://www.drugbank.ca/drugs/DB03888"
"173","(1S)-2-(1H-INDOL-3-YL)-1-[({5-[(E)-2-PYRIDIN-4-YLVINYL]PYRIDIN-3-YL}OXY)METHYL]ETHYLAMINE (DB07107)","0.9273","http://www.drugbank.ca/drugs/DB07107"
"174","6,7-DIMETHOXY-4-[(3R)-3-(2-NAPHTHYLOXY)PYRROLIDIN-1-YL]QUINAZOLINE (DB08389)","0.9273","http://www.drugbank.ca/drugs/DB08389"
"175","Iloperidone (DB04946)","0.9272","http://www.drugbank.ca/drugs/DB04946"
"176","Drotaverine (DB06751)","0.9272","http://www.drugbank.ca/drugs/DB06751"
"177","Papaverine (DB01113)","0.9271","http://www.drugbank.ca/drugs/DB01113"
"178","Genz-10850 (DB04289)","0.9270","http://www.drugbank.ca/drugs/DB04289"
"179","5-cyclopropyl-2-(4-fluorophenyl)-6-[(2-hydroxyethyl)(methylsulfonyl)amino]-N-methyl-1-benzofuran-3-carboxamide (DB07238)","0.9269","http://www.drugbank.ca/drugs/DB07238"
"180","N-{3-METHYL-5-[2-(PYRIDIN-4-YLAMINO)-ETHOXY]-PHENYL}-BENZENESULFONAMIDE (DB07944)","0.9268","http://www.drugbank.ca/drugs/DB07944"
"181","WAY-151693 (DB02071)","0.9268","http://www.drugbank.ca/drugs/DB02071"
"182","FR233623 (DB03220)","0.9266","http://www.drugbank.ca/drugs/DB03220"
"183","CRA_10991 (DB01771)","0.9265","http://www.drugbank.ca/drugs/DB01771"
"184","N-cyclopropyl-4-methyl-3-[1-(2-methylphenyl)phthalazin-6-yl]benzamide (DB07307)","0.9262","http://www.drugbank.ca/drugs/DB07307"
"185","Carvedilol (DB01136)","0.9260","http://www.drugbank.ca/drugs/DB01136"
"186","[5-AMINO-1-(4-FLUOROPHENYL)-1H-PYRAZOL-4-YL][3-(PIPERIDIN-4-YLOXY)PHENYL]METHANONE (DB08423)","0.9259","http://www.drugbank.ca/drugs/DB08423"
"187","1-(5-Carboxypentyl)-5-[(2,6-Dichlorobenzyl)Oxy]-1 H-Indole-2-Carboxylic Acid (DB02316)","0.9257","http://www.drugbank.ca/drugs/DB02316"
"188","ISOQUINOLINE-5-SULFONIC ACID (2-(2-(4-CHLOROBENZYLOXY)ETHYLAMINO)ETHYL)AMIDE (DB07947)","0.9257","http://www.drugbank.ca/drugs/DB07947"
"189","3-[(2,4-Dichlorobenzoyl)(Isopropyl)Amino]-5-Phenylthiophene-2-Carboxylic Acid (DB03388)","0.9256","http://www.drugbank.ca/drugs/DB03388"
"190","4-(4-CHLOROPHENYL)-4-[4-(1H-PYRAZOL-4-YL)PHENYL]PIPERIDINE (DB07859)","0.9254","http://www.drugbank.ca/drugs/DB07859"
"191","3-(1,1-dioxido-4H-1,2,4-benzothiadiazin-3-yl)-4-hydroxy-1-(3-methylbutyl)quinolin-2(1H)-one (DB07275)","0.9252","http://www.drugbank.ca/drugs/DB07275"
"192","3-(1H-INDOL-3-YL)-4-(1-{2-[(2S)-1-METHYLPYRROLIDINYL]ETHYL}-1H-INDOL-3-YL)-1H-PYRROLE-2,5-DIONE (DB07456)","0.9251","http://www.drugbank.ca/drugs/DB07456"
"193","3-(1H-INDOL-3-YL)-4-{1-[2-(1-METHYLPYRROLIDIN-2-YL)ETHYL]-1H-INDOL-3-YL}-1H-PYRROLE-2,5-DIONE (DB07458)","0.9251","http://www.drugbank.ca/drugs/DB07458"
"194","Meclizine (DB00737)","0.9245","http://www.drugbank.ca/drugs/DB00737"
"195","Rhodamine 6g (DB03825)","0.9242","http://www.drugbank.ca/drugs/DB03825"
"196","HCV-086 (DB05884)","0.9242","http://www.drugbank.ca/drugs/DB05884"
"197","4-(2-chlorophenyl)-8-(2-hydroxyethyl)-6-methylpyrrolo[3,4-e]indole-1,3(2H,6H)-dione (DB07257)","0.9240","http://www.drugbank.ca/drugs/DB07257"
"198","Licofelone (DB04725)","0.9236","http://www.drugbank.ca/drugs/DB04725"
"199","Fluvastatin (DB01095)","0.9236","http://www.drugbank.ca/drugs/DB01095"
"200","1-(2-Phenylethyl)-4-phenyl-4-acetoxypiperidine (DB01562)","0.9235","http://www.drugbank.ca/drugs/DB01562"
"201","Amodiaquine (DB00613)","0.9233","http://www.drugbank.ca/drugs/DB00613"
"202","Buclizine (DB00354)","0.9233","http://www.drugbank.ca/drugs/DB00354"
"203","3-FLUORO-5-MORPHOLIN-4-YL-N-[1-(2-PYRIDIN-4-YLETHYL)-1H-INDOL-6-YL]BENZAMIDE (DB08730)","0.9231","http://www.drugbank.ca/drugs/DB08730"
"204","[4-(3-AMINOMETHYL-PHENYL)-PIPERIDIN-1-YL]-(5-PHENETHYL- PYRIDIN-3-YL)-METHANONE (DB04764)","0.9228","http://www.drugbank.ca/drugs/DB04764"
"205","ZK-805623 (DB04432)","0.9223","http://www.drugbank.ca/drugs/DB04432"
"206","9-HYDROXY-6-(3-HYDROXYPROPYL)-4-(2-METHOXYPHENYL)PYRROLO[3,4-C]CARBAZOLE-1,3(2H,6H)-DIONE (DB07006)","0.9221","http://www.drugbank.ca/drugs/DB07006"
"207","(2e)-N-Allyl-4-{[3-(4-Bromophenyl)-5-Fluoro-1-Methyl-1h-Indazol-6-Yl]Oxy}-N-Methyl-2-Buten-1-Amine (DB02139)","0.9221","http://www.drugbank.ca/drugs/DB02139"
"208","(2S)-3-(1-{[2-(2-CHLOROPHENYL)-5-METHYL-1,3-OXAZOL-4-YL]METHYL}-1H-INDOL-5-YL)-2-ETHOXYPROPANOIC ACID (DB06908)","0.9218","http://www.drugbank.ca/drugs/DB06908"
"209","Vilazodone (DB06684)","0.9216","http://www.drugbank.ca/drugs/DB06684"
"210","2-{[(6-OXO-1,6-DIHYDROPYRIDIN-3-YL)METHYL]AMINO}-N-[4-PROPYL-3-(TRIFLUOROMETHYL)PHENYL]BENZAMIDE (DB07831)","0.9215","http://www.drugbank.ca/drugs/DB07831"
"211","METHYL (2Z)-2-(2-{[6-(2-CYANOPHENOXY)PYRIMIDIN-4-YL]OXY}PHENYL)-3-METHOXYACRYLATE (DB07401)","0.9214","http://www.drugbank.ca/drugs/DB07401"
"212","Indecainide (DB00192)","0.9211","http://www.drugbank.ca/drugs/DB00192"
"213","1-{(1R,2S)-2-HYDROXY-1-[2-(2-NAPHTHYLOXY)ETHYL]PROPYL}-1H-IMIDAZONE-4-CARBOXAMIDE (DB07785)","0.9210","http://www.drugbank.ca/drugs/DB07785"
"214","N-[2-(2,4-diaminopyrido[2,3-d]pyrimidin-7-yl)-2-methylpropyl]-4-phenoxybenzamide (DB07041)","0.9209","http://www.drugbank.ca/drugs/DB07041"
"215","Pimozide (DB01100)","0.9208","http://www.drugbank.ca/drugs/DB01100"
"216","2-METHYL-2-(4-{[({4-METHYL-2-[4-(TRIFLUOROMETHYL)PHENYL]-1,3-THIAZOL-5-YL}CARBONYL)AMINO]METHYL}PHENOXY)PROPANOIC ACID (DB07215)","0.9206","http://www.drugbank.ca/drugs/DB07215"
"217","1-[1-(3-aminophenyl)-3-tert-butyl-1H-pyrazol-5-yl]-3-naphthalen-1-ylurea (DB06882)","0.9201","http://www.drugbank.ca/drugs/DB06882"
"218","1-[2-(S)-AMINO-3-BIPHENYL-4-YL-PROPIONYL]-PYRROLIDINE-2-(S)-CARBONITRILE (DB08024)","0.9200","http://www.drugbank.ca/drugs/DB08024"
"219","Merimepodib (DB04862)","0.9195","http://www.drugbank.ca/drugs/DB04862"
"220","1-[1'-(3-phenylacryloyl)spiro[1-benzofuran-3,4'-piperidin]-5-yl]methanamine (DB06849)","0.9194","http://www.drugbank.ca/drugs/DB06849"
"221","[5-AMINO-1-(4-FLUOROPHENYL)-1H-PYRAZOL-4-YL](3-{[(2R)-2,3-DIHYDROXYPROPYL]OXY}PHENYL)METHANONE (DB08424)","0.9194","http://www.drugbank.ca/drugs/DB08424"
"222","Tolterodine (DB01036)","0.9193","http://www.drugbank.ca/drugs/DB01036"
"223","Halofantrine (DB01218)","0.9183","http://www.drugbank.ca/drugs/DB01218"
"224","GW 501516 (DB05416)","0.9181","http://www.drugbank.ca/drugs/DB05416"
"225","Bifeprunox (DB04888)","0.9176","http://www.drugbank.ca/drugs/DB04888"
"226","(6-[4-(AMINOMETHYL)-2,6-DIMETHYLPHENOXY]-2-{[4-(AMINOMETHYL)PHENYL]AMINO}-5-BROMOPYRIMIDIN-4-YL)METHANOL (DB06874)","0.9174","http://www.drugbank.ca/drugs/DB06874"
"227","Pitavastatin (DB08860)","0.9173","http://www.drugbank.ca/drugs/DB08860"
"228","Encainide (DB01228)","0.9172","http://www.drugbank.ca/drugs/DB01228"
"229","2-[4-(4-Hydroxy-3-Isopropyl-Phenoxy)-3,5-Dimethyl-Phenyl]-2h-[1,2,4]Triazine-3,5-Dione (DB03181)","0.9171","http://www.drugbank.ca/drugs/DB03181"
"230","Quinacrine (DB01103)","0.9167","http://www.drugbank.ca/drugs/DB01103"
"231","4-chloro-6-{5-[(2-morpholin-4-ylethyl)amino]-1,2-benzisoxazol-3-yl}benzene-1,3-diol (DB07601)","0.9166","http://www.drugbank.ca/drugs/DB07601"
"232","N-{(1s)-4-[Bis(2-Chloroethyl)Amino]-1-Methylbutyl}-N-(6-Chloro-2-Methoxy-9-Acridinyl)Amine (DB02240)","0.9163","http://www.drugbank.ca/drugs/DB02240"
"233","Loratadine (DB00455)","0.9163","http://www.drugbank.ca/drugs/DB00455"
"234","(2R)-4-(2-BENZOYL-1,2-DIAZEPAN-1-YL)-4-OXO-1-(2,4,5-TRIFLUOROPHENYL)BUTAN-2-AMINE (DB08051)","0.9156","http://www.drugbank.ca/drugs/DB08051"
"235","(4R)-4-(3-HYDROXYPHENYL)-N,N,7,8-TETRAMETHYL-3,4-DIHYDROISOQUINOLINE-2(1H)-CARBOXAMIDE (DB07064)","0.9153","http://www.drugbank.ca/drugs/DB07064"
"236","Clemastine (DB00283)","0.9152","http://www.drugbank.ca/drugs/DB00283"
"237","N-(4-METHYLBENZOYL)-4-BENZYLPIPERIDINE (DB07123)","0.9148","http://www.drugbank.ca/drugs/DB07123"
"238","Aminacrine (DB02842)","0.9145","http://www.drugbank.ca/drugs/DB02842"
"239","Trimipramine (DB00726)","0.9144","http://www.drugbank.ca/drugs/DB00726"
"240","Doxepin (DB01142)","0.9142","http://www.drugbank.ca/drugs/DB01142"
"241","3-{3-bromo-4-[(2,4-difluorobenzyl)oxy]-6-methyl-2-oxopyridin-1(2H)-yl}-N,4-dimethylbenzamide (DB07941)","0.9142","http://www.drugbank.ca/drugs/DB07941"
"242","N-cyclopropyl-4-methyl-3-{2-[(2-morpholin-4-ylethyl)amino]quinazolin-6-yl}benzamide (DB08351)","0.9140","http://www.drugbank.ca/drugs/DB08351"
"243","Ivacaftor (DB08820)","0.9139","http://www.drugbank.ca/drugs/DB08820"
"244","Atovaquone (DB01117)","0.9138","http://www.drugbank.ca/drugs/DB01117"
"245","5-{[1-(2-fluorobenzyl)piperidin-4-yl]methoxy}quinazoline-2,4-diamine (DB07642)","0.9138","http://www.drugbank.ca/drugs/DB07642"
"246","Mepenzolate (DB04843)","0.9135","http://www.drugbank.ca/drugs/DB04843"
"247","(5-(aminomethyl)-2H-spiro[benzofuran-3,4'-piperidine]-1'-yl)(5-(phenylethynyl)furan-2-yl)methanone (DB06962)","0.9132","http://www.drugbank.ca/drugs/DB06962"
"248","3-CYCLOHEXYL-1-(2-MORPHOLIN-4-YL-2-OXOETHYL)-2-PHENYL-1H-INDOLE-6-CARBOXYLIC ACID (DB07570)","0.9128","http://www.drugbank.ca/drugs/DB07570"
"249","2,6-DIMETHYL-1-(3-[3-METHYL-5-ISOXAZOLYL]-PROPANYL)-4-[2-METHYL-4-ISOXAZOLYL]-PHENOL (DB08715)","0.9126","http://www.drugbank.ca/drugs/DB08715"
"250","5-Chloro-1h-Indole-2-Carboxylic Acid [1-(4-Fluorobenzyl)-2-(4-Hydroxypiperidin-1yl)-2-Oxoethyl]Amide (DB03383)","0.9124","http://www.drugbank.ca/drugs/DB03383"
"251","3-FLUORO-N-1H-INDOL-5-YL-5-MORPHOLIN-4-YLBENZAMIDE (DB08092)","0.9121","http://www.drugbank.ca/drugs/DB08092"
"252","4-(6-{[(4-METHYLCYCLOHEXYL)AMINO]METHYL}-1,4-DIHYDROINDENO[1,2-C]PYRAZOL-3-YL)BENZOIC ACID (DB07320)","0.9120","http://www.drugbank.ca/drugs/DB07320"
"253","Darifenacin (DB00496)","0.9118","http://www.drugbank.ca/drugs/DB00496"
"254","Lucanthone (DB04967)","0.9114","http://www.drugbank.ca/drugs/DB04967"
"255","2-({2-[(3R)-3-AMINOPIPERIDIN-1-YL]-4-OXOQUINAZOLIN-3(4H)-YL}METHYL)BENZONITRILE (DB08588)","0.9111","http://www.drugbank.ca/drugs/DB08588"
"256","1-Acetyl-4-(4-{4-[(2-Ethoxyphenyl)Thio]-3-Nitrophenyl}Pyridin-2-Yl)Piperazine (DB02177)","0.9103","http://www.drugbank.ca/drugs/DB02177"
"257","8-bromo-4-(2-chlorophenyl)-N-(2-hydroxyethyl)-6-methyl-1,3-dioxo-1,2,3,6-tetrahydropyrrolo[3,4-e]indole-7-carboxamide (DB08365)","0.9103","http://www.drugbank.ca/drugs/DB08365"
"258","Valsartan (DB00177)","0.9101","http://www.drugbank.ca/drugs/DB00177"
"259","Sulfinpyrazone (DB01138)","0.9098","http://www.drugbank.ca/drugs/DB01138"
"260","7-[3-(4-FLUORO-PHENYL)-1-ISOPROPYL-1H-INDOL-2-YL]-3,5-DIHYDROXY-HEPTANOIC ACID (DB06846)","0.9097","http://www.drugbank.ca/drugs/DB06846"
"261","6-FLUORO-2-[2-HYDROXY-3-(2-METHYL-CYCLOHEXYLOXY)-PHENYL]-1H-INDOLE-5-CARBOXAMIDINE (DB06856)","0.9097","http://www.drugbank.ca/drugs/DB06856"
"262","2-(4-Morpholinyl)-8-Phenyl-4h-1-Benzopyran-4-One (DB02656)","0.9097","http://www.drugbank.ca/drugs/DB02656"
"263","N-(1-ISOPROPYLPIPERIDIN-4-YL)-1-(3-METHOXYBENZYL)-1H-INDOLE-2-CARBOXAMIDE (DB07973)","0.9095","http://www.drugbank.ca/drugs/DB07973"
"264","5-AMINO-2-{4-[(4-AMINOPHENYL)SULFANYL]PHENYL}-1H-ISOINDOLE-1,3(2H)-DIONE (DB07971)","0.9094","http://www.drugbank.ca/drugs/DB07971"
"265","3-[3-(3-methyl-6-{[(1S)-1-phenylethyl]amino}-1H-pyrazolo[4,3-c]pyridin-1-yl)phenyl]propanamide (DB06963)","0.9089","http://www.drugbank.ca/drugs/DB06963"
"266","1-[4-(PYRIDIN-4-YLOXY)PHENYL]-3-[3-(TRIFLUOROMETHYL)PHENYL]UREA (DB08043)","0.9087","http://www.drugbank.ca/drugs/DB08043"
"267","Rilpivirine (DB08864)","0.9086","http://www.drugbank.ca/drugs/DB08864"
"268","TMC278 (DB05083)","0.9086","http://www.drugbank.ca/drugs/DB05083"
"269","Cp403700, (S)-1-{2-[(5-Chloro-1h-Indole-2-Carbonyl)-Amino]-3-Phenyl-Propionyl}-Azetidine-3-Carboxylate (DB03744)","0.9085","http://www.drugbank.ca/drugs/DB03744"
"270","6-(3-AMINOPROPYL)-4,9-DIMETHYLPYRROLO[3,4-C]CARBAZOLE-1,3(2H,6H)-DIONE (DB07444)","0.9084","http://www.drugbank.ca/drugs/DB07444"
"271","(1-Methyl-1h-Imidazol-2-Yl)-(3-Methyl-4-{3-[(Pyridin-3-Ylmethyl)-Amino]-Propoxy}-Benzofuran-2-Yl)-Methanone (DB03062)","0.9083","http://www.drugbank.ca/drugs/DB03062"
"272","Sorafenib (DB00398)","0.9081","http://www.drugbank.ca/drugs/DB00398"
"273","(9S)-9-[(8-AMMONIOOCTYL)AMINO]-1,2,3,4,9,10-HEXAHYDROACRIDINIUM (DB04617)","0.9081","http://www.drugbank.ca/drugs/DB04617"
"274","Etonitazene (DB01462)","0.9079","http://www.drugbank.ca/drugs/DB01462"
"275","4-BROMO-2-FLUORO-N-[(4E)-6-METHOXY-7-[(1-METHYLPIPERIDIN-4-YL)METHOXY]QUINAZOLIN-4(1H)-YLIDENE]ANILINE (DB08764)","0.9079","http://www.drugbank.ca/drugs/DB08764"
"276","Dextropropoxyphene (DB00647)","0.9078","http://www.drugbank.ca/drugs/DB00647"
"277","Olmesartan (DB00275)","0.9075","http://www.drugbank.ca/drugs/DB00275"
"278","3-(5-{[4-(AMINOMETHYL)PIPERIDIN-1-YL]METHYL}-1H-INDOL-2-YL)QUINOLIN-2(1H)-ONE (DB07025)","0.9070","http://www.drugbank.ca/drugs/DB07025"
"279","[4-({5-(AMINOCARBONYL)-4-[(3-METHYLPHENYL)AMINO]PYRIMIDIN-2-YL}AMINO)PHENYL]ACETIC ACID (DB08513)","0.9070","http://www.drugbank.ca/drugs/DB08513"
"280","4-(3,5-DIMETHYLPHENOXY)-5-(FURAN-2-YLMETHYLSULFANYLMETHYL)-3-IODO-6-METHYLPYRIDIN-2(1H)-ONE (DB08457)","0.9068","http://www.drugbank.ca/drugs/DB08457"
"281","Dioxaphetyl butyrate (DB01475)","0.9066","http://www.drugbank.ca/drugs/DB01475"
"282","8-ethyl-3,10,10-trimethyl-4,5,6,8,10,12-hexahydropyrazolo[4',3':6,7]cyclohepta[1,2-b]pyrrolo[2,3-f]indol-9(1H)-one (DB07266)","0.9063","http://www.drugbank.ca/drugs/DB07266"
"283","Acepromazine (DB01614)","0.9062","http://www.drugbank.ca/drugs/DB01614"
"284","(1S,3R,6S)-4-oxo-6-{4-[(2-phenylquinolin-4-yl)methoxy]phenyl}-5-azaspiro[2.4]heptane-1-carboxylic acid (DB07189)","0.9057","http://www.drugbank.ca/drugs/DB07189"
"285","Amitriptyline (DB00321)","0.9052","http://www.drugbank.ca/drugs/DB00321"
"286","Cyclobenzaprine (DB00924)","0.9052","http://www.drugbank.ca/drugs/DB00924"
"287","Loperamide (DB00836)","0.9051","http://www.drugbank.ca/drugs/DB00836"
"288","Ziprasidone (DB00246)","0.9050","http://www.drugbank.ca/drugs/DB00246"
"289","2,4-Diamino-6-[N-(2',5'-Dimethoxybenzyl)-N-Methylamino]Quinazoline (DB02427)","0.9050","http://www.drugbank.ca/drugs/DB02427"
"290","3-[(Acetyl-Methyl-Amino)-Methyl]-4-Amino-N-Methyl-N-(1-Methyl-1h-Indol-2-Ylmethyl)-Benzamide (DB03534)","0.9046","http://www.drugbank.ca/drugs/DB03534"
"291","Diphenidol (DB01231)","0.9044","http://www.drugbank.ca/drugs/DB01231"
"292","Propidium (DB02166)","0.9043","http://www.drugbank.ca/drugs/DB02166"
"293","Tadalafil (DB00820)","0.9043","http://www.drugbank.ca/drugs/DB00820"
"294","Trimetrexate (DB01157)","0.9041","http://www.drugbank.ca/drugs/DB01157"
"295","2,3-DIPHENYL-N-(2-PIPERAZIN-1-YLETHYL)FURO[2,3-B]PYRIDIN-4-AMINE (DB07146)","0.9041","http://www.drugbank.ca/drugs/DB07146"
"296","Propiomazine (DB00777)","0.9038","http://www.drugbank.ca/drugs/DB00777"
"297","Aceprometazine (DB01615)","0.9034","http://www.drugbank.ca/drugs/DB01615"
"298","CP-526423 (DB02089)","0.9033","http://www.drugbank.ca/drugs/DB02089"
"299","ACCLAIM (DB05252)","0.9030","http://www.drugbank.ca/drugs/DB05252"
"300","N-[(3z)-5-Tert-Butyl-2-Phenyl-1,2-Dihydro-3h-Pyrazol-3-Ylidene]-N'-(4-Chlorophenyl)Urea (DB01807)","0.9026","http://www.drugbank.ca/drugs/DB01807"
"301","Vandetanib (DB05294)","0.9026","http://www.drugbank.ca/drugs/DB05294"
"302","(3R,4S)-1-{6-[3-(METHYLSULFONYL)PHENYL]PYRIMIDIN-4-YL}-4-(2,4,5-TRIFLUOROPHENYL)PYRROLIDIN-3-AMINE (DB07666)","0.9026","http://www.drugbank.ca/drugs/DB07666"
"303","(3R,4R)-1-{6-[3-(METHYLSULFONYL)PHENYL]PYRIMIDIN-4-YL}-4-(2,4,5-TRIFLUOROPHENYL)PIPERIDIN-3-AMINE (DB08164)","0.9022","http://www.drugbank.ca/drugs/DB08164"
"304","PYRIMIDINE-4,6-DICARBOXYLIC ACID BIS-(3-METHYL-BENZYLAMIDE) (DB04759)","0.9018","http://www.drugbank.ca/drugs/DB04759"
"305","Canagliflozin (DB08907)","0.9015","http://www.drugbank.ca/drugs/DB08907"
"306","Dextromoramide (DB01529)","0.9012","http://www.drugbank.ca/drugs/DB01529"
"307","1-((1R)-1-(HYDROXYMETHYL)-3-{6-[(3-PHENYLPROPANOYL)AMINO]-1H-INDOL-1-YL}PROPYL)-1H-IMIDAZOLE-4-CARBOXAMIDE (DB07783)","0.9011","http://www.drugbank.ca/drugs/DB07783"
"308","CRA_10972 (DB02989)","0.9011","http://www.drugbank.ca/drugs/DB02989"
"309","4-(BENZHYDRYLOXY)-1-[3-(1H-TETRAAZOL-5-YL)PROPYL]PIPERIDINE (DB07917)","0.9009","http://www.drugbank.ca/drugs/DB07917"
"310","Diampromide (DB01502)","0.9008","http://www.drugbank.ca/drugs/DB01502"
"311","1-(CYCLOHEXYLAMINO)-3-(6-METHYL-3,4-DIHYDRO-1H-CARBAZOL-9(2H)-YL)PROPAN-2-OL (DB07061)","0.9007","http://www.drugbank.ca/drugs/DB07061"
"312","Erlotinib (DB00530)","0.9007","http://www.drugbank.ca/drugs/DB00530"
"313","N~3~-cyclopropyl-N~4~'-(cyclopropylmethyl)-6-methylbiphenyl-3,4'-dicarboxamide (DB07835)","0.9006","http://www.drugbank.ca/drugs/DB07835"
"314","N-(M-Trifluoromethylphenyl) Phenoxazine-4,6-Dicarboxylic Acid (DB02698)","0.9002","http://www.drugbank.ca/drugs/DB02698"
"315","SR11254 (DB02258)","0.8995","http://www.drugbank.ca/drugs/DB02258"
"316","4-CHLORO-6-(4-{4-[4-(METHYLSULFONYL)BENZYL]PIPERAZIN-1-YL}-1H-PYRAZOL-5-YL)BENZENE-1,3-DIOL (DB06957)","0.8994","http://www.drugbank.ca/drugs/DB06957"
"317","BMS184394 (DB03466)","0.8992","http://www.drugbank.ca/drugs/DB03466"
"318","(5E,7S)-2-amino-7-(4-fluoro-2-pyridin-3-ylphenyl)-4-methyl-7,8-dihydroquinazolin-5(6H)-one oxime (DB08197)","0.8991","http://www.drugbank.ca/drugs/DB08197"
"319","Gentian Violet (DB00406)","0.8989","http://www.drugbank.ca/drugs/DB00406"
"320","CD564 (DB02741)","0.8977","http://www.drugbank.ca/drugs/DB02741"
"321","(2S)-1-{[5-(1H-INDAZOL-5-YL)PYRIDIN-3-YL]OXY}-3-[(7AS)-7AH-INDOL-3-YL]PROPAN-2-AMINE (DB06977)","0.8975","http://www.drugbank.ca/drugs/DB06977"
"322","Benzethidine (DB01518)","0.8969","http://www.drugbank.ca/drugs/DB01518"
"323","Clonitazene (DB01523)","0.8969","http://www.drugbank.ca/drugs/DB01523"
"324","Rimonabant (DB06155)","0.8969","http://www.drugbank.ca/drugs/DB06155"
"325","Haloperidol (DB00502)","0.8958","http://www.drugbank.ca/drugs/DB00502"
"326","1-((1R,2S)-1-{2-[2-(4-CHLOROPHENYL)-1,3-BENZOXAZOL-7-YL]ETHYL}-2-HYDROXYPROPYL)-1H-IMIDAZOLE-4-CARBOXAMIDE (DB07786)","0.8958","http://www.drugbank.ca/drugs/DB07786"
"327","1,2,3-TRIHYDROXY-1,2,3,4-TETRAHYDROBENZO[A]PYRENE (DB07435)","0.8953","http://www.drugbank.ca/drugs/DB07435"
"328","5-[(2-methyl-5-{[3-(trifluoromethyl)phenyl]carbamoyl}phenyl)amino]pyridine-3-carboxamide (DB07970)","0.8953","http://www.drugbank.ca/drugs/DB07970"
"329","Amineptine (DB04836)","0.8950","http://www.drugbank.ca/drugs/DB04836"
"330","Zuclopenthixol acetate (DB08919)","0.8944","http://www.drugbank.ca/drugs/DB08919"
"331","CRA_10655 (DB02526)","0.8936","http://www.drugbank.ca/drugs/DB02526"
"332","5-ETHYL-3-[(2-METHOXYETHYL)METHYLAMINO]-6-METHYL-4-(3-METHYLBENZYL)PYRIDIN-2(1H)-ONE (DB07018)","0.8932","http://www.drugbank.ca/drugs/DB07018"
"333","Darusentan (DB04883)","0.8931","http://www.drugbank.ca/drugs/DB04883"
"334","Fluspirilene (DB04842)","0.8931","http://www.drugbank.ca/drugs/DB04842"
"335","FR236913 (DB02830)","0.8921","http://www.drugbank.ca/drugs/DB02830"
"336","Zuclopenthixol (DB01624)","0.8914","http://www.drugbank.ca/drugs/DB01624"
"337","Anileridine (DB00913)","0.8914","http://www.drugbank.ca/drugs/DB00913"
"338","PYRIMIDINE-4,6-DICARBOXYLIC ACID BIS-(4-FLUORO-3-METHYL-BENZYLAMIDE) (DB04760)","0.8909","http://www.drugbank.ca/drugs/DB04760"
"339","1-[4-(Octahydro-Pyrido[1,2-a]Pyrazin-2-Yl)-Phenyl]-2-Phenyl-1,2,3,4-Tetrahydro-Isoquinolin-6-Ol (DB03802)","0.8907","http://www.drugbank.ca/drugs/DB03802"
"340","1-[1-(3-aminophenyl)-3-tert-butyl-1H-pyrazol-5-yl]-3-phenylurea (DB06883)","0.8903","http://www.drugbank.ca/drugs/DB06883"
"341","Aprindine (DB01429)","0.8893","http://www.drugbank.ca/drugs/DB01429"
"342","(3S)-1-(1,3-BENZODIOXOL-5-YLMETHYL)-3-[4-(1H-IMIDAZOL-1-YL)PHENOXY]PIPERIDINE (DB07011)","0.8892","http://www.drugbank.ca/drugs/DB07011"
"343","5-[5,6-BIS(METHYLOXY)-1H-BENZIMIDAZOL-1-YL]-3-{[1-(2-CHLOROPHENYL)ETHYL]OXY}-2-THIOPHENECARBOXAMIDE (DB07471)","0.8887","http://www.drugbank.ca/drugs/DB07471"
"344","Propantheline (DB00782)","0.8885","http://www.drugbank.ca/drugs/DB00782"
"345","Fesoterodine (DB06702)","0.8881","http://www.drugbank.ca/drugs/DB06702"
"346","(3,3-dimethylpiperidin-1-yl)(6-(3-fluoro-4-methylphenyl)pyridin-2-yl)methanone (DB06992)","0.8880","http://www.drugbank.ca/drugs/DB06992"
"347","Topotecan (DB01030)","0.8877","http://www.drugbank.ca/drugs/DB01030"
"348","3-({4-[(5-CHLORO-1,3-BENZODIOXOL-4-YL)AMINO]PYRIMIDIN-2-YL}AMINO)BENZAMIDE (DB07256)","0.8876","http://www.drugbank.ca/drugs/DB07256"
"349","N-[(13-CYCLOHEXYL-6,7-DIHYDROINDOLO[1,2-D][1,4]BENZOXAZEPIN-10-YL)CARBONYL]-2-METHYL-L-ALANINE (DB08031)","0.8875","http://www.drugbank.ca/drugs/DB08031"
"350","N-{2'-[(4-FLUOROPHENYL)AMINO]-4,4'-BIPYRIDIN-2-YL}-4-METHOXYCYCLOHEXANECARBOXAMIDE (DB08025)","0.8874","http://www.drugbank.ca/drugs/DB08025"
"351","(2S)-1-{4-[(4-ANILINO-5-BROMOPYRIMIDIN-2-YL)AMINO]PHENOXY}-3-(DIMETHYLAMINO)PROPAN-2-OL (DB07501)","0.8866","http://www.drugbank.ca/drugs/DB07501"
"352","(2R)-1-{4-[(4-ANILINO-5-BROMOPYRIMIDIN-2-YL)AMINO]PHENOXY}-3-(DIMETHYLAMINO)PROPAN-2-OL (DB07504)","0.8866","http://www.drugbank.ca/drugs/DB07504"
"353","N-cyclopropyl-3-{[1-(2,4-difluorophenyl)-7-methyl-6-oxo-6,7-dihydro-1H-pyrazolo[3,4-b]pyridin-4-yl]amino}-4-methylbenzamide (DB08349)","0.8865","http://www.drugbank.ca/drugs/DB08349"
"354","Diphenoxylate (DB01081)","0.8865","http://www.drugbank.ca/drugs/DB01081"
"355","OPC-51803 (DB05838)","0.8860","http://www.drugbank.ca/drugs/DB05838"
"356","3-(2-AMINO-6-BENZOYLQUINAZOLIN-3(4H)-YL)-N-CYCLOHEXYL-N-METHYLPROPANAMIDE (DB08749)","0.8857","http://www.drugbank.ca/drugs/DB08749"
"357","OPC-6535 (DB05298)","0.8857","http://www.drugbank.ca/drugs/DB05298"
"358","Difenoxin (DB01501)","0.8857","http://www.drugbank.ca/drugs/DB01501"
"359","S-{3-[(4-ANILINOQUINAZOLIN-6-YL)AMINO]-3-OXOPROPYL}-L-CYSTEINE (DB07602)","0.8855","http://www.drugbank.ca/drugs/DB07602"
"360","3-[3-(4-methylpiperazin-1-yl)-7-(trifluoromethyl)quinoxalin-5-yl]phenol (DB07969)","0.8853","http://www.drugbank.ca/drugs/DB07969"
"361","Propericiazine (DB01608)","0.8847","http://www.drugbank.ca/drugs/DB01608"
"362","Benzatropine (DB00245)","0.8824","http://www.drugbank.ca/drugs/DB00245"
"363","LE-SN38 (DB05482)","0.8817","http://www.drugbank.ca/drugs/DB05482"
"364","Thiothixene (DB01623)","0.8816","http://www.drugbank.ca/drugs/DB01623"
"365","Daidzin (DB02115)","0.8812","http://www.drugbank.ca/drugs/DB02115"
"366","N-(3-TERT-BUTYL-1H-PYRAZOL-5-YL)-N'-{4-CHLORO-3-[(PYRIDIN-3-YLOXY)METHYL]PHENYL}UREA (DB08064)","0.8811","http://www.drugbank.ca/drugs/DB08064"
"367","AZD2171 (DB04849)","0.8807","http://www.drugbank.ca/drugs/DB04849"
"368","[4-(6-Chloro-Naphthalene-2-Sulfonyl)-Piperazin-1-Yl]-(3,4,5,6-Tetrahydro-2h-[1,4']Bipyridinyl-4-Yl)-Methanone (DB01836)","0.8807","http://www.drugbank.ca/drugs/DB01836"
"369","(2R)-1-[4-({4-[(2,5-DICHLOROPHENYL)AMINO]PYRIMIDIN-2-YL}AMINO)PHENOXY]-3-(DIMETHYLAMINO)PROPAN-2-OL (DB07750)","0.8786","http://www.drugbank.ca/drugs/DB07750"
"370","(2S)-1-[4-({4-[(2,5-DICHLOROPHENYL)AMINO]PYRIMIDIN-2-YL}AMINO)PHENOXY]-3-(DIMETHYLAMINO)PROPAN-2-OL (DB07755)","0.8786","http://www.drugbank.ca/drugs/DB07755"
"371","Sri-9662 (DB03060)","0.8784","http://www.drugbank.ca/drugs/DB03060"
"372","Irbesartan (DB01029)","0.8783","http://www.drugbank.ca/drugs/DB01029"
"373","1-{2-[(4-CHLOROPHENYL)AMINO]-2-OXOETHYL}-N-(1-ISOPROPYLPIPERIDIN-4-YL)-1H-INDOLE-2-CARBOXAMIDE (DB07974)","0.8781","http://www.drugbank.ca/drugs/DB07974"
"374","Zolpidem (DB00425)","0.8778","http://www.drugbank.ca/drugs/DB00425"
"375","N-{5-[4-(4-METHYLPIPERAZIN-1-YL)PHENYL]-1H-PYRROLO[2,3-B]PYRIDIN-3-YL}NICOTINAMIDE (DB06876)","0.8771","http://www.drugbank.ca/drugs/DB06876"
"376","1-CYCLOHEXYL-N-{[1-(4-METHYLPHENYL)-1H-INDOL-3-YL]METHYL}METHANAMINE (DB06833)","0.8771","http://www.drugbank.ca/drugs/DB06833"
"377","5-[4-(DIMETHYLAMINO)PHENYL]-6-[(6-MORPHOLIN-4-YLPYRIDIN-3-YL)ETHYNYL]PYRIMIDIN-4-AMINE (DB07280)","0.8769","http://www.drugbank.ca/drugs/DB07280"
"378","2-{4-[5-(4-chlorophenyl)-4-pyrimidin-4-yl-1H-pyrazol-3-yl]piperidin-1-yl}-2-oxoethanol (DB07943)","0.8766","http://www.drugbank.ca/drugs/DB07943"
"379","Oxyphenbutazone (DB03585)","0.8764","http://www.drugbank.ca/drugs/DB03585"
"380","Quetiapine (DB01224)","0.8755","http://www.drugbank.ca/drugs/DB01224"
"381","N-(2-hydroxy-1,1-dimethylethyl)-1-methyl-3-(1H-pyrrolo[2,3-b]pyridin-2-yl)-1H-indole-5-carboxamide (DB06834)","0.8752","http://www.drugbank.ca/drugs/DB06834"
"382","Alphamethadol (DB01498)","0.8747","http://www.drugbank.ca/drugs/DB01498"
"383","(2R,4R)-N~1~-(4-CHLOROPHENYL)-N~2~-[2-FLUORO-4-(2-OXOPYRIDIN-1(2H)-YL)PHENYL]-4-METHOXYPYRROLIDINE-1,2-DICARBOXAMIDE (DB06920)","0.8744","http://www.drugbank.ca/drugs/DB06920"
"384","Beta-hydroxyfentanyl (DB01453)","0.8735","http://www.drugbank.ca/drugs/DB01453"
"385","Fentanyl (DB00813)","0.8732","http://www.drugbank.ca/drugs/DB00813"
"386","(2S)-1-[4-({6-[(2,6-DIFLUOROPHENYL)AMINO]PYRIMIDIN-4-YL}AMINO)PHENOXY]-3-(DIMETHYLAMINO)PROPAN-2-OL (DB07751)","0.8728","http://www.drugbank.ca/drugs/DB07751"
"387","(2R)-1-[4-({6-[(2,6-DIFLUOROPHENYL)AMINO]PYRIMIDIN-4-YL}AMINO)PHENOXY]-3-(DIMETHYLAMINO)PROPAN-2-OL (DB07761)","0.8728","http://www.drugbank.ca/drugs/DB07761"
"388","3-(2-CHLOROPHENYL)-1-(2-{[(1S)-2-HYDROXY-1,2-DIMETHYLPROPYL]AMINO}PYRIMIDIN-4-YL)-1-(4-METHOXYPHENYL)UREA (DB08095)","0.8728","http://www.drugbank.ca/drugs/DB08095"
"389","Methadone (DB00333)","0.8724","http://www.drugbank.ca/drugs/DB00333"
"390","(4R,5R)-5-AMINO-1-[2-(1,3-BENZODIOXOL-5-YL)ETHYL]-4-(2,4,5-TRIFLUOROPHENYL)PIPERIDIN-2-ONE (DB07830)","0.8722","http://www.drugbank.ca/drugs/DB07830"
"391","Pagoclone (DB04903)","0.8722","http://www.drugbank.ca/drugs/DB04903"
"392","Levomethadyl Acetate (DB01227)","0.8721","http://www.drugbank.ca/drugs/DB01227"
"393","Methadyl Acetate (DB01433)","0.8721","http://www.drugbank.ca/drugs/DB01433"
"394","Betacetylmethadol (DB01522)","0.8721","http://www.drugbank.ca/drugs/DB01522"
"395","Alphacetylmethadol (DB01555)","0.8721","http://www.drugbank.ca/drugs/DB01555"
"396","Lobeline (DB05137)","0.8712","http://www.drugbank.ca/drugs/DB05137"
"397","Temafloxacin (DB01405)","0.8700","http://www.drugbank.ca/drugs/DB01405"
"398","Phenylbutazone (DB00812)","0.8697","http://www.drugbank.ca/drugs/DB00812"
"399","Dimenhydrinate (DB00985)","0.8691","http://www.drugbank.ca/drugs/DB00985"
"400","Terfenadine (DB00342)","0.8689","http://www.drugbank.ca/drugs/DB00342"
"401","N-(5,5,8,8-Tetramethyl-5,8-Dihydro-Naphthalen-2-Yl)-Terephthalamic Acid (DB03873)","0.8688","http://www.drugbank.ca/drugs/DB03873"
"402","Clidinium (DB00771)","0.8687","http://www.drugbank.ca/drugs/DB00771"
"403","Sertindole (DB06144)","0.8680","http://www.drugbank.ca/drugs/DB06144"
"404","N-(TERT-BUTYL)-3,5-DIMETHYL-N'-[(5-METHYL-2,3-DIHYDRO-1,4-BENZODIOXIN-6-YL)CARBONYL]BENZOHYDRAZIDE (DB07929)","0.8679","http://www.drugbank.ca/drugs/DB07929"
"405","Moricizine (DB00680)","0.8673","http://www.drugbank.ca/drugs/DB00680"
"406","Thioridazine (DB00679)","0.8656","http://www.drugbank.ca/drugs/DB00679"
"407","N-ETHYL-N-ISOPROPYL-3-METHYL-5-{[(2S)-2-(PYRIDIN-4-YLAMINO)PROPYL]OXY}BENZAMIDE (DB07279)","0.8654","http://www.drugbank.ca/drugs/DB07279"
"408","BNP 1350 (DB05806)","0.8650","http://www.drugbank.ca/drugs/DB05806"
"409","1-ethyl-N-(phenylmethyl)-4-(tetrahydro-2H-pyran-4-ylamino)-1H-pyrazolo[3,4-b]pyridine-5-carboxamide (DB06909)","0.8650","http://www.drugbank.ca/drugs/DB06909"
"410","CRA_11092 (DB03555)","0.8641","http://www.drugbank.ca/drugs/DB03555"
"411","Prasugrel (DB06209)","0.8637","http://www.drugbank.ca/drugs/DB06209"
"412","Mesoridazine (DB00933)","0.8633","http://www.drugbank.ca/drugs/DB00933"
"413","N~4~-methyl-N~4~-(3-methyl-1H-indazol-6-yl)-N~2~-(3,4,5-trimethoxyphenyl)pyrimidine-2,4-diamine (DB08042)","0.8625","http://www.drugbank.ca/drugs/DB08042"
"414","methyl (1R,2S)-2-(hydroxycarbamoyl)-1-{4-[(2-methylquinolin-4-yl)methoxy]benzyl}cyclopropanecarboxylate (DB07147)","0.8620","http://www.drugbank.ca/drugs/DB07147"
"415","1-{3-oxo-3-[(2S)-2-(pyrrolidin-1-ylcarbonyl)pyrrolidin-1-yl]propyl}-3-phenylquinoxalin-2(1H)-one (DB08738)","0.8618","http://www.drugbank.ca/drugs/DB08738"
"416","(13R,15S)-13-METHYL-16-OXA-8,9,12,22,24-PENTAAZAHEXACYCLO[15.6.2.16,9.1,12,15.0,2,7.0,21,25]HEPTACOSA-1(24),2,4,6,17(25),18,20-HEPTAENE-23,26-DIONE (DB06888)","0.8616","http://www.drugbank.ca/drugs/DB06888"
"417","Acetyl-alpha-methylfentanyl (DB01532)","0.8604","http://www.drugbank.ca/drugs/DB01532"
"418","6-(4-{(1S,2S)-2-AMINO-1-[(DIMETHYLAMINO)CARBONYL]-3-[(3S)-3-FLUOROPYRROLIDIN-1-YL]-3-OXOPROPYL}PHENYL)-1H-[1,2,4]TRIAZOLO[1,5-A]PYRIDIN-4-IUM (DB08504)","0.8602","http://www.drugbank.ca/drugs/DB08504"
"419","1-(2-Fluorobenzyl)-3-Butyl-8-(N-Acetyl-4-Aminobenzyl)-Xanthine (DB02008)","0.8596","http://www.drugbank.ca/drugs/DB02008"
"420","Tazarotene (DB00799)","0.8573","http://www.drugbank.ca/drugs/DB00799"
"421","Beta-hydroxy-3-methylfentanyl (DB01570)","0.8563","http://www.drugbank.ca/drugs/DB01570"
"422","3-Methylfentanyl (DB01571)","0.8558","http://www.drugbank.ca/drugs/DB01571"
"423","Nefazodone (DB01149)","0.8555","http://www.drugbank.ca/drugs/DB01149"
"424","2-({5-CHLORO-2-[(2-METHOXY-4-MORPHOLIN-4-YLPHENYL)AMINO]PYRIMIDIN-4-YL}AMINO)-N-METHYLBENZAMIDE (DB07460)","0.8543","http://www.drugbank.ca/drugs/DB07460"
"425","Alpha-methylfentanyl (DB01557)","0.8528","http://www.drugbank.ca/drugs/DB01557"
"426","Pleconaril (DB05105)","0.8520","http://www.drugbank.ca/drugs/DB05105"
"427","Acetophenazine (DB01063)","0.8517","http://www.drugbank.ca/drugs/DB01063"
"428","N-{3-[(4-{[3-(TRIFLUOROMETHYL)PHENYL]AMINO}PYRIMIDIN-2-YL)AMINO]PHENYL}CYCLOPROPANECARBOXAMIDE (DB07545)","0.8506","http://www.drugbank.ca/drugs/DB07545"
"429","Cilansetron (DB04885)","0.8496","http://www.drugbank.ca/drugs/DB04885"
"430","6,7-DIMETHOXY-4-[(3R)-3-(QUINOXALIN-2-YLOXY)PYRROLIDIN-1-YL]QUINAZOLINE (DB08391)","0.8494","http://www.drugbank.ca/drugs/DB08391"
"431","Isopropamide (DB01625)","0.8486","http://www.drugbank.ca/drugs/DB01625"
"432","4-[(3S)-1-AZABICYCLO[2.2.2]OCT-3-YLAMINO]-3-(1H-BENZIMIDAZOL-2-YL)-6-CHLOROQUINOLIN-2(1H)-ONE (DB06852)","0.8475","http://www.drugbank.ca/drugs/DB06852"
"433","6-Phenyl-4(R)-(7-Phenyl-Heptanoylamino)-Hexanoic Acid (DB03471)","0.8467","http://www.drugbank.ca/drugs/DB03471"
"434","Carfentanil (DB01535)","0.8459","http://www.drugbank.ca/drugs/DB01535"
"435","Nicergoline (DB00699)","0.8451","http://www.drugbank.ca/drugs/DB00699"
"436","Prochlorperazine (DB00433)","0.8444","http://www.drugbank.ca/drugs/DB00433"
"437","Thiethylperazine (DB00372)","0.8436","http://www.drugbank.ca/drugs/DB00372"
"438","Risperidone (DB00734)","0.8428","http://www.drugbank.ca/drugs/DB00734"
"439","Donepezil (DB00843)","0.8418","http://www.drugbank.ca/drugs/DB00843"
"440","1-BENZYL-4-[(5,6-DIMETHOXY-1-INDANON-2-YL)METHYL]PIPERIDINE (DB07701)","0.8418","http://www.drugbank.ca/drugs/DB07701"
"441","Azimilide (DB04957)","0.8416","http://www.drugbank.ca/drugs/DB04957"
"442","5-(3,5-DICHLOROPHENYL)THIO-4-ISOPROPYL-1-(PYRIDIN-4-YL-METHYL)-1H-IMIDAZOL-2-YL-METHYL CARBAMATE (DB08502)","0.8407","http://www.drugbank.ca/drugs/DB08502"
"443","4-{[5-chloro-4-(1H-indol-3-yl)pyrimidin-2-yl]amino}-N-ethylpiperidine-1-carboxamide (DB08005)","0.8389","http://www.drugbank.ca/drugs/DB08005"
"444","5-CHLORO-N-((1R,2S)-2-(4-(2-OXOPYRIDIN-1(2H)-YL)BENZAMIDO) CYCLOPENTYL)THIOPHENE-2-CARBOXAMIDE (DB08174)","0.8368","http://www.drugbank.ca/drugs/DB08174"
"445","Perphenazine (DB00850)","0.8356","http://www.drugbank.ca/drugs/DB00850"
"446","Doxapram (DB00561)","0.8347","http://www.drugbank.ca/drugs/DB00561"
"447","Zanapezil (DB04859)","0.8343","http://www.drugbank.ca/drugs/DB04859"
"448","Rabeprazole (DB01129)","0.8342","http://www.drugbank.ca/drugs/DB01129"
"449","Eprosartan (DB00876)","0.8338","http://www.drugbank.ca/drugs/DB00876"
"450","Tamibarotene (DB04942)","0.8337","http://www.drugbank.ca/drugs/DB04942"
"451","Pipotiazine (DB01621)","0.8337","http://www.drugbank.ca/drugs/DB01621"
"452","TC-5619 (DB06090)","0.8329","http://www.drugbank.ca/drugs/DB06090"
"453","2,4-Diamino-5-Methyl-6-[(3,4,5-Trimethoxy-N-Methylanilino)Methyl]Pyrido[2,3-D]Pyrimidine (DB02104)","0.8314","http://www.drugbank.ca/drugs/DB02104"
"454","TTNPB (DB02877)","0.8301","http://www.drugbank.ca/drugs/DB02877"
"455","Mequitazine (DB01071)","0.8297","http://www.drugbank.ca/drugs/DB01071"
"456","2-{2-[(3,5-dimethylphenyl)amino]pyrimidin-4-yl}-N-[(1S)-2-hydroxy-1-methylethyl]-4-methyl-1,3-thiazole-5-carboxamide (DB07194)","0.8246","http://www.drugbank.ca/drugs/DB07194"
"457","(2R)-2-({9-(1-methylethyl)-6-[(4-pyridin-2-ylbenzyl)amino]-9H-purin-2-yl}amino)butan-1-ol (DB08463)","0.8246","http://www.drugbank.ca/drugs/DB08463"
"458","2,4-Diamino-6-[N-(3',4',5'-Trimethoxybenzyl)-N-Methylamino]Pyrido[2,3-D]Pyrimidine (DB02919)","0.8233","http://www.drugbank.ca/drugs/DB02919"
"459","N~2~-1,3-BENZOXAZOL-2-YL-3-CYCLOHEXYL-N-{2-[(4-METHOXYPHENYL)AMINO]ETHYL}-L-ALANINAMIDE (DB07839)","0.8219","http://www.drugbank.ca/drugs/DB07839"
"460","4-[3-Oxo-3-(5,5,8,8-Tetramethyl-5,6,7,8-Tetrahydro-Naphthalen-2-Yl)-Propenyl]-Benzoic Acid (DB02466)","0.8208","http://www.drugbank.ca/drugs/DB02466"
"461","Thioproperazine (DB01622)","0.8208","http://www.drugbank.ca/drugs/DB01622"
"462","4-(4-METHYLPIPERAZIN-1-YL)-N-[5-(2-THIENYLACETYL)-1,5-DIHYDROPYRROLO[3,4-C]PYRAZOL-3-YL]BENZAMIDE (DB07186)","0.8199","http://www.drugbank.ca/drugs/DB07186"
"463","Dipipanone (DB01491)","0.8185","http://www.drugbank.ca/drugs/DB01491"
"464","4-[[(1E)-2-(4-CHLOROPHENYL)ETHENYL]SULFONYL]-1-[[1-(4-PYRIDINYL)-4-PIPERIDINYL]METHYL]PIPERAZINONE (DB08745)","0.8169","http://www.drugbank.ca/drugs/DB08745"
"465","N-((1R,2S)-2-(5-CHLORO-1H-INDOLE-2-CARBOXAMIDO)CYCLOHEXYL)-5-METHYL-4,5,6,7-TETRAHYDROTHIAZOLO[5,4-C]PYRIDINE-2-CARBOXAMIDE (DB07629)","0.8162","http://www.drugbank.ca/drugs/DB07629"
"466","N-((1R,2R)-2-(5-CHLORO-1H-INDOLE-2-CARBOXAMIDO)CYCLOHEXYL)-5-METHYL-4,5,6,7-TETRAHYDROTHIAZOLO[5,4-C]PYRIDINE-2-CARBOXAMIDE (DB07630)","0.8162","http://www.drugbank.ca/drugs/DB07630"
"467","5-chloro-N-[(3R)-1-(2-{[2-fluoro-4-(2-oxopyridin-1(2H)-yl)phenyl]amino}-2-oxoethyl)pyrrolidin-3-yl]thiophene-2-carboxamide (DB07872)","0.8160","http://www.drugbank.ca/drugs/DB07872"
"468","Disopyramide (DB00280)","0.8150","http://www.drugbank.ca/drugs/DB00280"
"469","Bexarotene (DB00307)","0.8136","http://www.drugbank.ca/drugs/DB00307"
"470","Pipazethate (DB08796)","0.8133","http://www.drugbank.ca/drugs/DB08796"
"471","Piboserod (DB04873)","0.8067","http://www.drugbank.ca/drugs/DB04873"
"472","Adapalene (DB00210)","0.8063","http://www.drugbank.ca/drugs/DB00210"
"473","Maprotiline (DB00934)","0.8035","http://www.drugbank.ca/drugs/DB00934"
"474","Trovafloxacin (DB00685)","0.7931","http://www.drugbank.ca/drugs/DB00685"
"475","Domperidone (DB01184)","0.7896","http://www.drugbank.ca/drugs/DB01184"
"476","1-(DIMETHYLAMINO)-3-(4-{{4-(2-METHYLIMIDAZO[1,2-A]PYRIDIN-3-YL)PYRIMIDIN-2-YL]AMINO}PHENOXY)PROPAN-2-OL (DB07889)","0.7887","http://www.drugbank.ca/drugs/DB07889"
"477","Trospium (DB00209)","0.7876","http://www.drugbank.ca/drugs/DB00209"
"478","Aclidinium (DB08897)","0.7786","http://www.drugbank.ca/drugs/DB08897"
"479","Trazodone (DB00656)","0.7779","http://www.drugbank.ca/drugs/DB00656"
"480","N-(2-METHOXYETHYL)-4-({4-[2-METHYL-1-(1-METHYLETHYL)-1H-IMIDAZOL-5-YL]PYRIMIDIN-2-YL}AMINO)BENZENESULFONAMIDE (DB07790)","0.7687","http://www.drugbank.ca/drugs/DB07790"
"481","Paliperidone (DB01267)","0.7676","http://www.drugbank.ca/drugs/DB01267"
"482","Pirenzepine (DB00670)","0.7670","http://www.drugbank.ca/drugs/DB00670"
"483","9-Butyl-8-(2,5-Dimethoxy-Benzyl)-9h-Purin-6-Ylamine (DB02359)","0.7621","http://www.drugbank.ca/drugs/DB02359"
"484","8-(2,5-Dimethoxy-Benzyl)-2-Fluoro-9-Pent-9h-Purin-6-Ylamine (DB03137)","0.7571","http://www.drugbank.ca/drugs/DB03137"
"485","O6-(R)-ROSCOVITINE, R-2-(6-BENZYLOXY-9-ISOPROPYL-9H-PURIN-2-YLAMINO)-BUTAN-1-OL (DB04770)","0.7506","http://www.drugbank.ca/drugs/DB04770"
"486","9-Butyl-8-(3,4,5-Trimethoxybenzyl)-9h-Purin-6-Amine (DB02754)","0.7419","http://www.drugbank.ca/drugs/DB02754"
"487","N-(4-{[(3S)-3-(dimethylamino)pyrrolidin-1-yl]carbonyl}phenyl)-5-fluoro-4-[2-methyl-1-(1-methylethyl)-1H-imidazol-5-yl]pyrimidin-2-amine (DB07936)","0.7395","http://www.drugbank.ca/drugs/DB07936"
"488","ONO-6818 (DB03925)","0.7377","http://www.drugbank.ca/drugs/DB03925"
"489","1-Allyl-3-Butyl-8-(N-Acetyl-4-Aminobenzyl)-Xanthine (DB03267)","0.7257","http://www.drugbank.ca/drugs/DB03267"
"490","2-[4-(2H-1,4-BENZOTHIAZINE-3-YL)-PIPERAZINE-1-LY]-1,3-THIAZOLE-4-CARBOXYLIC ACID ETHYLESTER (DB08540)","0.7235","http://www.drugbank.ca/drugs/DB08540"
"491","2-{4-[4-({4-[2-methyl-1-(1-methylethyl)-1H-imidazol-5-yl]pyrimidin-2-yl}amino)phenyl]piperazin-1-yl}-2-oxoethanol (DB07982)","0.7198","http://www.drugbank.ca/drugs/DB07982"
"492","N-[2-(1,3-BENZODIOXOL-5-YL)ETHYL]-1-[2-(1H-IMIDAZOL-1-YL)-6-METHYLPYRIMIDIN-4-YL]-D-PROLINAMIDE (DB06916)","0.7124","http://www.drugbank.ca/drugs/DB06916"
"493","4-(6-CYCLOHEXYLMETHOXY-9H-PURIN-2-YLAMINO)--BENZAMIDE (DB08241)","0.6930","http://www.drugbank.ca/drugs/DB08241"
"494","6-CYCLOHEXYLMETHYLOXY-2-(4'-HYDROXYANILINO)PURINE (DB08233)","0.6906","http://www.drugbank.ca/drugs/DB08233"
"495","Procyclidine (DB00387)","0.6902","http://www.drugbank.ca/drugs/DB00387"
"496","(2-AMINO-3-PHENYL-BICYCLO[2.2.1]HEPT-2-YL)-PHENYL-METHANONE (DB07883)","0.6817","http://www.drugbank.ca/drugs/DB07883"
"497","Oxyphencyclimine (DB00383)","0.6760","http://www.drugbank.ca/drugs/DB00383"
"498","Linagliptin  (DB08882)","0.6693","http://www.drugbank.ca/drugs/DB08882"
"499","6-[1-(3,5,5,8,8-Pentamethyl-5,6,7,8-Tetrahydronaphthalen-2-Yl)Cyclopropyl]Pyridine-3-Carboxylic Acid (DB01941)","0.6340","http://www.drugbank.ca/drugs/DB01941"
"500","2-{4-[(4-imidazo[1,2-a]pyridin-3-ylpyrimidin-2-yl)amino]piperidin-1-yl}-N-methylacetamide (DB08026)","0.5750","http://www.drugbank.ca/drugs/DB08026"
