"","DrugBank Compound (Name, ID)","Similarity to ","Link"
"1","Diltiazem (DB00343)","0.9687","http://www.drugbank.ca/drugs/DB00343"
"2","Vilazodone (DB06684)","0.9538","http://www.drugbank.ca/drugs/DB06684"
"3","2-Phenyl-1-[4-(2-Piperidin-1-Yl-Ethoxy)-Phenyl]-1,2,3,4-Tetrahydro-Isoquinolin-6-Ol (DB04471)","0.9534","http://www.drugbank.ca/drugs/DB04471"
"4","Morpholine-4-Carboxylic Acid [1-(2-Benzylsulfanyl-1-Formyl-Ethylcarbamoyl)-2-Phenyl-Ethyl]-Amide (DB03984)","0.9483","http://www.drugbank.ca/drugs/DB03984"
"5","PHENYLALANYLAMINODI(ETHYLOXY)ETHYL BENZENESULFONAMIDEAMINOCARBONYLBENZENESULFONAMIDE (DB07710)","0.9476","http://www.drugbank.ca/drugs/DB07710"
"6","Asimadoline (DB05104)","0.9462","http://www.drugbank.ca/drugs/DB05104"
"7","Compound 12, N-Acetyl-4-[(Carboxycarbonyl)(2-Carboxyphenyl)Amino]-N-Pentyl-1-Napthylalaniamide (DB01820)","0.9457","http://www.drugbank.ca/drugs/DB01820"
"8","DMP450 (DB02102)","0.9452","http://www.drugbank.ca/drugs/DB02102"
"9","Flavoxate (DB01148)","0.9450","http://www.drugbank.ca/drugs/DB01148"
"10","4-[4-(1-Amino-1-Methylethyl)Phenyl]-5-Chloro-N-[4-(2-Morpholin-4-Ylethyl)Phenyl]Pyrimidin-2-Amine (DB02491)","0.9450","http://www.drugbank.ca/drugs/DB02491"
"11","1-Acetyl-4-(4-{4-[(2-Ethoxyphenyl)Thio]-3-Nitrophenyl}Pyridin-2-Yl)Piperazine (DB02177)","0.9448","http://www.drugbank.ca/drugs/DB02177"
"12","(1S,5S,7R)-N~7~-(BIPHENYL-4-YLMETHYL)-N~3~-HYDROXY-6,8-DIOXA-3-AZABICYCLO[3.2.1]OCTANE-3,7-DICARBOXAMIDE (DB07026)","0.9439","http://www.drugbank.ca/drugs/DB07026"
"13","1-(5-Tert-Butyl-2-P-Tolyl-2h-Pyrazol-3-Yl)-3-[4-(2-Morpholin-4-Yl-Ethoxy)-Naphthalen-1-Yl]-Urea (DB03044)","0.9434","http://www.drugbank.ca/drugs/DB03044"
"14","(4r,5s,6s,7r)-1,3-Dibenzyl-4,7-Bis(Phenoxymethyl)-5,6-Dihydroxy-1,3 Diazepan-2-One (DB01732)","0.9429","http://www.drugbank.ca/drugs/DB01732"
"15","RU85493 (DB01908)","0.9407","http://www.drugbank.ca/drugs/DB01908"
"16","RU82129 (DB03104)","0.9404","http://www.drugbank.ca/drugs/DB03104"
"17","Benazepril (DB00542)","0.9404","http://www.drugbank.ca/drugs/DB00542"
"18","2-(2-{2-[(BIPHENYL-4-YLMETHYL)-AMINO]-3-MERCAPTO-PENTANOYLAMINO}-ACETYLAMINO)-3-METHYL-BUTYRIC ACID METHYL ESTER (DB08643)","0.9403","http://www.drugbank.ca/drugs/DB08643"
"19","1-[4-(Octahydro-Pyrido[1,2-a]Pyrazin-2-Yl)-Phenyl]-2-Phenyl-1,2,3,4-Tetrahydro-Isoquinolin-6-Ol (DB03802)","0.9402","http://www.drugbank.ca/drugs/DB03802"
"20","N-Alpha-(2-Naphthylsulfonyl)-N(3-Amidino-L-Phenylalaninyl)-4-Acetyl-Piperazine (DB04125)","0.9401","http://www.drugbank.ca/drugs/DB04125"
"21","RU85053 (DB03712)","0.9398","http://www.drugbank.ca/drugs/DB03712"
"22","3-[[N-[4-Methyl-Piperazinyl]Carbonyl]-Phenylalaninyl-Amino]-5-Phenyl-Pentane-1-Sulfonic Acid Benzyloxy-Amide (DB04427)","0.9397","http://www.drugbank.ca/drugs/DB04427"
"23","({3-[1-(4-HYDROXY-2-OXO-2H-CHROMEN-3-YL)-PROPYL]-PHENYLCARBAMOYL}-METHYL)-CARBAMIC ACID TERT-BUTYL ESTER (DB08664)","0.9390","http://www.drugbank.ca/drugs/DB08664"
"24","Cinnarizine (DB00568)","0.9387","http://www.drugbank.ca/drugs/DB00568"
"25","N-(4-MORPHOLINE)CARBONYL-B-(1-NAPHTHYL)-L-ALANINE-L-LEUCINE BORONIC ACID (DB04732)","0.9385","http://www.drugbank.ca/drugs/DB04732"
"26","Br-Coeleneterazine (DB02006)","0.9384","http://www.drugbank.ca/drugs/DB02006"
"27","I-Coeleneterazine (DB04146)","0.9384","http://www.drugbank.ca/drugs/DB04146"
"28","N-(R-Carboxy-Ethyl)-Alpha-(S)-(2-Phenylethyl) (DB02505)","0.9383","http://www.drugbank.ca/drugs/DB02505"
"29","[1-(1-Benzyl-3-Hydroxy-2-Oxo-Propylcarbamoyl)-2-Phenyl-Ethyl]-Carbamic Acid Benzyl Ester (DB01871)","0.9380","http://www.drugbank.ca/drugs/DB01871"
"30","Carphenazine (DB01038)","0.9376","http://www.drugbank.ca/drugs/DB01038"
"31","RU82197 (DB03268)","0.9376","http://www.drugbank.ca/drugs/DB03268"
"32","Amiodarone (DB01118)","0.9375","http://www.drugbank.ca/drugs/DB01118"
"33","N-cyclopropyl-4-methyl-3-{2-[(2-morpholin-4-ylethyl)amino]quinazolin-6-yl}benzamide (DB08351)","0.9371","http://www.drugbank.ca/drugs/DB08351"
"34","Cis-[4,5-Bis-(4-Chlorophenyl)-2-(2-Isopropoxy-4-Methoxyphenyl)-4,5-Dihyd Roimidazol-1-Yl]-Piperazin-1-Yl-Methanone (DB04144)","0.9367","http://www.drugbank.ca/drugs/DB04144"
"35","N-(Allyloxycarbonyl)-4-[N-(Carboxy-Formyl)-2-(Benzoic Acid)-Amino]-L-Phenylalaninyl-Amino-Butyloxy-(6-Hydroxy-Benzoic Acid Methyl Ester) (DB04088)","0.9366","http://www.drugbank.ca/drugs/DB04088"
"36","Ranolazine (DB00243)","0.9366","http://www.drugbank.ca/drugs/DB00243"
"37","6-ETHYL-5-[(2S)-1-(3-METHOXYPROPYL)-2-PHENYL-1,2,3,4-TETRAHYDROQUINOLIN-7-YL]PYRIMIDINE-2,4-DIAMINE (DB08099)","0.9350","http://www.drugbank.ca/drugs/DB08099"
"38","RU81843 (DB04495)","0.9345","http://www.drugbank.ca/drugs/DB04495"
"39","Aripiprazole (DB01238)","0.9344","http://www.drugbank.ca/drugs/DB01238"
"40","1-BENZYL-3-(4-METHOXYPHENYLAMINO)-4-PHENYLPYRROLE-2,5-DIONE (DB08063)","0.9342","http://www.drugbank.ca/drugs/DB08063"
"41","RU84687 (DB01678)","0.9342","http://www.drugbank.ca/drugs/DB01678"
"42","(S)-2-((S)-3-ISOBUTYL-2,5-DIOXO-4-QUINOLIN-3-YLMETHYL-[1,4]DIAZEPAN-1YL)-N-METHYL-3-NAPHTALEN-2-YL-PROPIONAMIDE (DB04724)","0.9338","http://www.drugbank.ca/drugs/DB04724"
"43","5-Chloro-1h-Indole-2-Carboxylic Acid [1-(4-Fluorobenzyl)-2-(4-Hydroxypiperidin-1yl)-2-Oxoethyl]Amide (DB03383)","0.9334","http://www.drugbank.ca/drugs/DB03383"
"44","(2-Sulfanyl-3-Phenylpropanoyl)-Phe-Tyr (DB03949)","0.9330","http://www.drugbank.ca/drugs/DB03949"
"45","Cis-[4,5-Bis-(4-Bromophenyl)-2-(2-Ethoxy-4-Methoxyphenyl)-4,5-Dihydroimidazol-1-Yl]-[4-(2-Hydroxyethyl)Piperazin-1-Yl]Methanone (DB02872)","0.9330","http://www.drugbank.ca/drugs/DB02872"
"46","N-Alpha-(2-Naphthylsulfonyl)-N-(3-Amidino-L-Phenylalaninyl)-D-Pipecolinic Acid (DB04238)","0.9329","http://www.drugbank.ca/drugs/DB04238"
"47","RU90395 (DB02432)","0.9327","http://www.drugbank.ca/drugs/DB02432"
"48","(3r)-4-(P-Toluenesulfonyl)-1,4-Thiazane-3-Carboxylicacid-L-Phenylalanine Ethyl Ester (DB01712)","0.9327","http://www.drugbank.ca/drugs/DB01712"
"49","Flunarizine (DB04841)","0.9325","http://www.drugbank.ca/drugs/DB04841"
"50","Cisapride (DB00604)","0.9324","http://www.drugbank.ca/drugs/DB00604"
"51","3-FLUORO-5-MORPHOLIN-4-YL-N-[3-(2-PYRIDIN-4-YLETHYL)-1H-INDOL-5-YL]BENZAMIDE (DB08091)","0.9322","http://www.drugbank.ca/drugs/DB08091"
"52","RU82209 (DB03591)","0.9321","http://www.drugbank.ca/drugs/DB03591"
"53","6-CHLORO-N-{(3S)-1-[(1S)-1-METHYL-2-(4-MORPHOLINYL)-2-OXO ETHYL]-2-OXO-3-PYRROLIDINYL}-2-NAPHTHALENESULFONAMIDE (DB07847)","0.9316","http://www.drugbank.ca/drugs/DB07847"
"54","N-{(1S,2R)-2-hydroxy-1-[(hydroxyamino)carbonyl]propyl}-4-{[4-(morpholin-4-ylmethyl)phenyl]ethynyl}benzamide (DB07536)","0.9314","http://www.drugbank.ca/drugs/DB07536"
"55","1-{2-[(4-CHLOROPHENYL)AMINO]-2-OXOETHYL}-N-(1-ISOPROPYLPIPERIDIN-4-YL)-1H-INDOLE-2-CARBOXAMIDE (DB07974)","0.9313","http://www.drugbank.ca/drugs/DB07974"
"56","(2S)-6-(2,4-DIAMINO-6-ETHYLPYRIMIDIN-5-YL)-2-(3,5-DIFLUOROPHENYL)-4-(3-METHOXYPROPYL)-2H-1,4-BENZOXAZIN-3(4H)-ONE (DB07113)","0.9312","http://www.drugbank.ca/drugs/DB07113"
"57","[4-(6-Chloro-Naphthalene-2-Sulfonyl)-Piperazin-1-Yl]-(3,4,5,6-Tetrahydro-2h-[1,4']Bipyridinyl-4-Yl)-Methanone (DB01836)","0.9308","http://www.drugbank.ca/drugs/DB01836"
"58","N-(1-ISOPROPYLPIPERIDIN-4-YL)-1-(3-METHOXYBENZYL)-1H-INDOLE-2-CARBOXAMIDE (DB07973)","0.9307","http://www.drugbank.ca/drugs/DB07973"
"59","Cp403700, (S)-1-{2-[(5-Chloro-1h-Indole-2-Carbonyl)-Amino]-3-Phenyl-Propionyl}-Azetidine-3-Carboxylate (DB03744)","0.9306","http://www.drugbank.ca/drugs/DB03744"
"60","3-[N-[Benzyloxycarbonyl]-Phenylalaninyl-Amino]-5-Phenyl-Pentane-1-Sulfonic Acid 4-Nitro-Phenyl Ester (DB02051)","0.9304","http://www.drugbank.ca/drugs/DB02051"
"61","5-(5-chloro-2,4-dihydroxyphenyl)-N-ethyl-4-[4-(morpholin-4-ylmethyl)phenyl]isoxazole-3-carboxamide (DB06961)","0.9303","http://www.drugbank.ca/drugs/DB06961"
"62","Merimepodib (DB04862)","0.9300","http://www.drugbank.ca/drugs/DB04862"
"63","3-({5-Benzyl-6-Hydroxy-2,4-Bis-(4-Hydroxy-Benzyl)-3-Oxo-[1,2,4]-Triazepane-1-Sulfonyl)-Benzonitrile (DB03141)","0.9297","http://www.drugbank.ca/drugs/DB03141"
"64","3-FLUORO-5-MORPHOLIN-4-YL-N-[1-(2-PYRIDIN-4-YLETHYL)-1H-INDOL-6-YL]BENZAMIDE (DB08730)","0.9295","http://www.drugbank.ca/drugs/DB08730"
"65","CI-1033 (DB05424)","0.9293","http://www.drugbank.ca/drugs/DB05424"
"66","10-Propargyl-5,8-Dideazafolic Acid (DB03541)","0.9292","http://www.drugbank.ca/drugs/DB03541"
"67","Zuclopenthixol acetate (DB08919)","0.9292","http://www.drugbank.ca/drugs/DB08919"
"68","Compound 4-D (DB03742)","0.9291","http://www.drugbank.ca/drugs/DB03742"
"69","4-(2-aminoethoxy)-N-(3-chloro-2-ethoxy-5-piperidin-1-ylphenyl)-3,5-dimethylbenzamide (DB07626)","0.9289","http://www.drugbank.ca/drugs/DB07626"
"70","Bentiromide (DB00522)","0.9289","http://www.drugbank.ca/drugs/DB00522"
"71","Buclizine (DB00354)","0.9287","http://www.drugbank.ca/drugs/DB00354"
"72","N-Coeleneterazine (DB04118)","0.9286","http://www.drugbank.ca/drugs/DB04118"
"73","WRR-204 (DB04502)","0.9282","http://www.drugbank.ca/drugs/DB04502"
"74","N-Alpha-(2-Naphthylsulfonyl)-N(3-Amidino-L-Phenylalaninyl)Isopipecolinic Acid Methyl Ester (DB01745)","0.9281","http://www.drugbank.ca/drugs/DB01745"
"75","Tolvaptan (DB06212)","0.9281","http://www.drugbank.ca/drugs/DB06212"
"76","Je-2147, Ag1776, Kni-764 (DB02668)","0.9278","http://www.drugbank.ca/drugs/DB02668"
"77","Ketoconazole (DB01026)","0.9272","http://www.drugbank.ca/drugs/DB01026"
"78","L-756,423 (DB02009)","0.9272","http://www.drugbank.ca/drugs/DB02009"
"79","3-[N-[Benzyloxycarbonyl]-Phenylalaninyl-Amino]-5-Phenyl-Pentane-1-Sulfonylmethylbenzene (DB02200)","0.9269","http://www.drugbank.ca/drugs/DB02200"
"80","Clomifene (DB00882)","0.9269","http://www.drugbank.ca/drugs/DB00882"
"81","Nafcillin (DB00607)","0.9268","http://www.drugbank.ca/drugs/DB00607"
"82","(20S)-19,20,21,22-TETRAHYDRO-19-OXO-5H-18,20-ETHANO-12,14-ETHENO-6,10-METHENO-18H-BENZ[D]IMIDAZO[4,3-K][1,6,9,12]OXATRIAZA-CYCLOOCTADECOSINE-9-CARBONITRILE (DB08674)","0.9264","http://www.drugbank.ca/drugs/DB08674"
"83","[1-(3-Hydroxy-2-Oxo-1-Phenethyl-Propylcarbamoyl)2-Phenyl-Ethyl]-Carbamic Acid Pyridin-4-Ylmethyl Ester (DB02128)","0.9253","http://www.drugbank.ca/drugs/DB02128"
"84","3-(1h-Indol-3-Yl)-2-[4-(4-Phenyl-Piperidin-1-Yl)-Benzenesulfonylamino]-Propionic Acid (DB02449)","0.9253","http://www.drugbank.ca/drugs/DB02449"
"85","Astemizole (DB00637)","0.9252","http://www.drugbank.ca/drugs/DB00637"
"86","(9r,10r)-9-(S-Glutathionyl)-10-Hydroxy-9,10-Dihydrophenanthrene (DB01834)","0.9252","http://www.drugbank.ca/drugs/DB01834"
"87","(9s,10s)-9-(S-Glutathionyl)-10-Hydroxy-9,10-Dihydrophenanthrene (DB04187)","0.9252","http://www.drugbank.ca/drugs/DB04187"
"88","Silodosin (DB06207)","0.9245","http://www.drugbank.ca/drugs/DB06207"
"89","Quinapril (DB00881)","0.9245","http://www.drugbank.ca/drugs/DB00881"
"90","Anatibant (DB05038)","0.9244","http://www.drugbank.ca/drugs/DB05038"
"91","Balanol Analog 2 (DB01940)","0.9239","http://www.drugbank.ca/drugs/DB01940"
"92","Tadalafil (DB00820)","0.9238","http://www.drugbank.ca/drugs/DB00820"
"93","Fexaramine (DB02545)","0.9235","http://www.drugbank.ca/drugs/DB02545"
"94","Carfentanil (DB01535)","0.9234","http://www.drugbank.ca/drugs/DB01535"
"95","3-(7-DIAMINOMETHYL-NAPHTHALEN-2-YL)-PROPIONIC ACID ETHYL ESTER (DB07639)","0.9229","http://www.drugbank.ca/drugs/DB07639"
"96","Terconazole (DB00251)","0.9226","http://www.drugbank.ca/drugs/DB00251"
"97","(2R)-N-HYDROXY-2-[(3S)-3-METHYL-3-{4-[(2-METHYLQUINOLIN-4-YL)METHOXY]PHENYL}-2-OXOPYRROLIDIN-1-YL]PROPANAMIDE (DB07145)","0.9223","http://www.drugbank.ca/drugs/DB07145"
"98","A-98881 (DB02804)","0.9221","http://www.drugbank.ca/drugs/DB02804"
"99","Tl-3-093 (DB01891)","0.9219","http://www.drugbank.ca/drugs/DB01891"
"100","TLK-199 (DB05460)","0.9219","http://www.drugbank.ca/drugs/DB05460"
"101","AHA047 (DB03076)","0.9205","http://www.drugbank.ca/drugs/DB03076"
"102","(4R,2S)-5'-(4-(4-CHLOROBENZYLOXY)PYRROLIDIN-2-YLMETHANESULFONYL)ISOQUINOLINE (DB07583)","0.9204","http://www.drugbank.ca/drugs/DB07583"
"103","Nefazodone (DB01149)","0.9201","http://www.drugbank.ca/drugs/DB01149"
"104","4-CHLORO-6-(4-{4-[4-(METHYLSULFONYL)BENZYL]PIPERAZIN-1-YL}-1H-PYRAZOL-5-YL)BENZENE-1,3-DIOL (DB06957)","0.9200","http://www.drugbank.ca/drugs/DB06957"
"105","RU83876 (DB02336)","0.9197","http://www.drugbank.ca/drugs/DB02336"
"106","Ezetimibe (DB00973)","0.9196","http://www.drugbank.ca/drugs/DB00973"
"107","6-[3-(4-Morpholinyl)Propyl]-2-(3-Nitrophenyl)-5-Thioxo-5,6,-Dihydro-7h-Thienol[2',3':4,5]Pyrrolo[1,2-C]Imidazol-7-One (DB03507)","0.9196","http://www.drugbank.ca/drugs/DB03507"
"108","Fluspirilene (DB04842)","0.9193","http://www.drugbank.ca/drugs/DB04842"
"109","ZK-806711 (DB03373)","0.9184","http://www.drugbank.ca/drugs/DB03373"
"110","Moricizine (DB00680)","0.9180","http://www.drugbank.ca/drugs/DB00680"
"111","6-[N-(1-Isopropyl-1,2,3,4-Tetrahydro-7-Isoquinolinyl)Carbamyl]-2-Naphthalenecarboxamidine (DB02705)","0.9180","http://www.drugbank.ca/drugs/DB02705"
"112","Inhibitor Bea425 (DB04190)","0.9178","http://www.drugbank.ca/drugs/DB04190"
"113","4-Amino-N-{4-[2-(2,6-Dimethyl-Phenoxy)-Acetylamino]-3-Hydroxy-1-Isobutyl-5-Phenyl-Pentyl}-Benzamide (DB04373)","0.9177","http://www.drugbank.ca/drugs/DB04373"
"114","3-Amino-N-{4-[2-(2,6-Dimethyl-Phenoxy)-Acetylamino]-3-Hydroxy-1-Isobutyl-5-Phenyl-Pentyl}-Benzamide (DB04378)","0.9177","http://www.drugbank.ca/drugs/DB04378"
"115","Bosutinib (DB06616)","0.9176","http://www.drugbank.ca/drugs/DB06616"
"116","Iloperidone (DB04946)","0.9171","http://www.drugbank.ca/drugs/DB04946"
"117","Imatinib (DB00619)","0.9168","http://www.drugbank.ca/drugs/DB00619"
"118","K201 (DB02929)","0.9168","http://www.drugbank.ca/drugs/DB02929"
"119","N-(5-CHLORO-BENZO[B]THIOPHEN-3-YLMETHYL)-2-[6-CHLORO-OXO-3-(2-PYRIDIN-2-YL-ETHYLAMINO)-2H-PYRAZIN-1-YL]-ACETAMIDE (DB07165)","0.9163","http://www.drugbank.ca/drugs/DB07165"
"120","[4-R-(4-ALPHA,6-BETA,7-BETA]-HEXAHYDRO-5,6-DI(HYDROXY)-1,3-DI(ALLYL)-4,7-BISPHENYLMETHYL)-2H-1,3-DIAZEPINONE (DB06910)","0.9160","http://www.drugbank.ca/drugs/DB06910"
"121","Gefitinib (DB00317)","0.9158","http://www.drugbank.ca/drugs/DB00317"
"122","(2S)-2-ETHOXY-3-{4-[2-(10H-PHENOXAZIN-10-YL)ETHOXY]PHENYL}PROPANOIC ACID (DB07675)","0.9155","http://www.drugbank.ca/drugs/DB07675"
"123","3-[3-(2,3-Dihydroxy-Propylamino)-Phenyl]-4-(5-Fluoro-1-Methyl-1h-Indol-3-Yl)-Pyrrole-2,5-Dione (DB01772)","0.9154","http://www.drugbank.ca/drugs/DB01772"
"124","N-[5-(1,1-DIOXIDOISOTHIAZOLIDIN-2-YL)-1H-INDAZOL-3-YL]-2-(4-PIPERIDIN-1-YLPHENYL)ACETAMIDE (DB07220)","0.9154","http://www.drugbank.ca/drugs/DB07220"
"125","(2R,4S)-2-[(R)-BENZYLCARBAMOYL-PHENYLACETYL-METHYL]-5,5-DIMETHYL-THIAZOLIDINE-4-CARBOXYLIC ACID (DB07806)","0.9153","http://www.drugbank.ca/drugs/DB07806"
"126","1-(1'-{[3-(methylsulfanyl)-2-benzothiophen-1-yl]carbonyl}spiro[1-benzofuran-3,4'-piperidin]-5-yl)methanamine (DB06848)","0.9152","http://www.drugbank.ca/drugs/DB06848"
"127","Azimilide (DB04957)","0.9146","http://www.drugbank.ca/drugs/DB04957"
"128","Dronedarone (DB04855)","0.9145","http://www.drugbank.ca/drugs/DB04855"
"129","(2R,4R)-N~1~-(4-CHLOROPHENYL)-N~2~-[2-FLUORO-4-(2-OXOPYRIDIN-1(2H)-YL)PHENYL]-4-METHOXYPYRROLIDINE-1,2-DICARBOXAMIDE (DB06920)","0.9143","http://www.drugbank.ca/drugs/DB06920"
"130","2-[1-(4-CHLOROBENZOYL)-5-METHOXY-2-METHYL-1H-INDOL-3-YL]-N-[(1R)-1-(HYDROXYMETHYL)PROPYL]ACETAMIDE (DB07981)","0.9142","http://www.drugbank.ca/drugs/DB07981"
"131","2-[1-(4-CHLOROBENZOYL)-5-METHOXY-2-METHYL-1H-INDOL-3-YL]-N-[(1S)-1-(HYDROXYMETHYL)PROPYL]ACETAMIDE (DB07984)","0.9142","http://www.drugbank.ca/drugs/DB07984"
"132","Afatinib (DB08916)","0.9141","http://www.drugbank.ca/drugs/DB08916"
"133","OPC-28326 (DB05461)","0.9138","http://www.drugbank.ca/drugs/DB05461"
"134","N-({(2S)-1-[(3R)-3-amino-4-(3-chlorophenyl)butanoyl]pyrrolidin-2-yl}methyl)-3-(methylsulfonyl)benzamide (DB08429)","0.9136","http://www.drugbank.ca/drugs/DB08429"
"135","N-BENZYLOXYCARBONYL-ALA-PRO-3-AMINO-4-PHENYL-BUTAN-2-OL (DB06886)","0.9135","http://www.drugbank.ca/drugs/DB06886"
"136","N-(R-Carboxy-Ethyl)-Alpha-(S)-(2-Phenylethyl)Glycyl-L-Arginine-N-Phenylamide (DB02747)","0.9135","http://www.drugbank.ca/drugs/DB02747"
"137","5-cyclopropyl-2-(4-fluorophenyl)-6-[(2-hydroxyethyl)(methylsulfonyl)amino]-N-methyl-1-benzofuran-3-carboxamide (DB07238)","0.9133","http://www.drugbank.ca/drugs/DB07238"
"138","Raloxifene (DB00481)","0.9129","http://www.drugbank.ca/drugs/DB00481"
"139","Morpholine-4-Carboxylic Acid (1-(3-Benzenesulfonyl-1-Phenethylallylcarbamoyl)-3-Methylbutyl)-Amide (DB03837)","0.9127","http://www.drugbank.ca/drugs/DB03837"
"140","Bitolterol (DB00901)","0.9124","http://www.drugbank.ca/drugs/DB00901"
"141","1-(2,6-Dichlorophenyl)-5-(2,4-Difluorophenyl)-7-Piperidin-4-Yl-3,4-Dihydroquinolin-2(1h)-One (DB01948)","0.9120","http://www.drugbank.ca/drugs/DB01948"
"142","Antrafenine (DB01419)","0.9118","http://www.drugbank.ca/drugs/DB01419"
"143","2-[4-(Hydroxy-Methoxy-Methyl)-Benzyl]-7-(4-Hydroxymethyl-Benzyl)-1,1-Dioxo-3,6-Bis-Phenoxymethyl-1lambda6-[1,2,7]Thiadiazepane-4,5-Diol (DB04042)","0.9116","http://www.drugbank.ca/drugs/DB04042"
"144","ERA-923 (DB05414)","0.9116","http://www.drugbank.ca/drugs/DB05414"
"145","Tamoxifen (DB00675)","0.9113","http://www.drugbank.ca/drugs/DB00675"
"146","Valsartan (DB00177)","0.9108","http://www.drugbank.ca/drugs/DB00177"
"147","Toremifene (DB00539)","0.9107","http://www.drugbank.ca/drugs/DB00539"
"148","RPR128515 (DB04424)","0.9106","http://www.drugbank.ca/drugs/DB04424"
"149","(2R)-({4-[AMINO(IMINO)METHYL]PHENYL}AMINO){5-ETHOXY-2-FLUORO-3-[(3R)-TETRAHYDROFURAN-3-YLOXY]PHENYL}ACETICACID (DB04590)","0.9098","http://www.drugbank.ca/drugs/DB04590"
"150","Acetophenazine (DB01063)","0.9096","http://www.drugbank.ca/drugs/DB01063"
"151","Moexipril (DB00691)","0.9094","http://www.drugbank.ca/drugs/DB00691"
"152","AZD2563 (DB04850)","0.9088","http://www.drugbank.ca/drugs/DB04850"
"153","Thiothixene (DB01623)","0.9084","http://www.drugbank.ca/drugs/DB01623"
"154","Amprenavir (DB00701)","0.9083","http://www.drugbank.ca/drugs/DB00701"
"155","3-CYCLOHEXYL-1-(2-MORPHOLIN-4-YL-2-OXOETHYL)-2-PHENYL-1H-INDOLE-6-CARBOXYLIC ACID (DB07570)","0.9083","http://www.drugbank.ca/drugs/DB07570"
"156","Afimoxifene (DB04468)","0.9082","http://www.drugbank.ca/drugs/DB04468"
"157","Zafirlukast (DB00549)","0.9081","http://www.drugbank.ca/drugs/DB00549"
"158","(2e,3s)-3-Hydroxy-5'-[(4-Hydroxypiperidin-1-Yl)Sulfonyl]-3-Methyl-1,3-Dihydro-2,3'-Biindol-2'(1'h)-One (DB03583)","0.9081","http://www.drugbank.ca/drugs/DB03583"
"159","1-[2-(3-Biphenyl)-4-Methylvaleryl)]Amino-3-(2-Pyridylsulfonyl)Amino-2-Propanone (DB04244)","0.9080","http://www.drugbank.ca/drugs/DB04244"
"160","1-{[1-(2-AMINO-3-PHENYL-PROPIONYL)-PYRROLIDINE-2-CARBONYL]-AMINO}-2-(3-CYANO-PHENYL)-ETHANEBORONIC ACID (DB08420)","0.9078","http://www.drugbank.ca/drugs/DB08420"
"161","N~2~-[(BENZYLOXY)CARBONYL]-N-[(1S,2S)-2-HYDROXY-1-(4-HYDROXYBENZYL)PROPYL]-L-LEUCINAMIDE (DB07571)","0.9075","http://www.drugbank.ca/drugs/DB07571"
"162","Lefradafiban (DB04863)","0.9073","http://www.drugbank.ca/drugs/DB04863"
"163","Nicardipine (DB00622)","0.9063","http://www.drugbank.ca/drugs/DB00622"
"164","SC-74020 (DB01630)","0.9059","http://www.drugbank.ca/drugs/DB01630"
"165","N-(1-Carboxy-3-Phenylpropyl)Phenylalanyl-Alpha-Asparagine (DB02307)","0.9053","http://www.drugbank.ca/drugs/DB02307"
"166","Zuclopenthixol decanoate (DB08920)","0.9051","http://www.drugbank.ca/drugs/DB08920"
"167","2-[2-ETHANESULFONYLAMINO-3-(5-PROPOXY-1H-INDOL-3-YL)-PROPIONYLAMINO]-PENTANEDIOIC ACID 5-AMIDE 1-(4-CARBAMIMIDOYL-BENZYLAMIDE) (DB04606)","0.9047","http://www.drugbank.ca/drugs/DB04606"
"168","Lopinavir (DB01601)","0.9046","http://www.drugbank.ca/drugs/DB01601"
"169","Inhibitor Bea388 (DB04255)","0.9043","http://www.drugbank.ca/drugs/DB04255"
"170","2-[2-ETHANESULFONYLAMINO-3-(1H-INDOL-3-YL)-PROPIONYLAMINO]-PENTANEDIOIC ACID 5-AMIDE 1-(4-CARBAMIM IDOYL-BENZYLAMIDE) (DB04758)","0.9043","http://www.drugbank.ca/drugs/DB04758"
"171","INHIBITOR Q8467 OF DUPONT MERCK (DB04609)","0.9042","http://www.drugbank.ca/drugs/DB04609"
"172","MLN-518 (DB05465)","0.9036","http://www.drugbank.ca/drugs/DB05465"
"173","6-[(Z)-AMINO(IMINO)METHYL]-N-[3-(CYCLOPENTYLOXY)PHENYL]-2-NAPHTHAMIDE (DB07076)","0.9036","http://www.drugbank.ca/drugs/DB07076"
"174","Tmr (DB03903)","0.9034","http://www.drugbank.ca/drugs/DB03903"
"175","FAMOXADONE (DB07778)","0.9033","http://www.drugbank.ca/drugs/DB07778"
"176","Mycophenolate mofetil (DB00688)","0.9032","http://www.drugbank.ca/drugs/DB00688"
"177","2-Hydroxy-5-({1-[(2-Naphthyloxy)Methyl]-3-Oxoprop-1-Enyl}Amino)Tyrosine (DB02511)","0.9031","http://www.drugbank.ca/drugs/DB02511"
"178","Dabigatran etexilate (DB06695)","0.9027","http://www.drugbank.ca/drugs/DB06695"
"179","Sulfinpyrazone (DB01138)","0.9023","http://www.drugbank.ca/drugs/DB01138"
"180","(5-(aminomethyl)-2H-spiro[benzofuran-3,4'-piperidine]-1'-yl)(5-(phenylethynyl)furan-2-yl)methanone (DB06962)","0.9021","http://www.drugbank.ca/drugs/DB06962"
"181","Lercanidipine (DB00528)","0.9016","http://www.drugbank.ca/drugs/DB00528"
"182","3-(1H-INDOL-3-YL)-4-(1-{2-[(2S)-1-METHYLPYRROLIDINYL]ETHYL}-1H-INDOL-3-YL)-1H-PYRROLE-2,5-DIONE (DB07456)","0.9012","http://www.drugbank.ca/drugs/DB07456"
"183","3-(1H-INDOL-3-YL)-4-{1-[2-(1-METHYLPYRROLIDIN-2-YL)ETHYL]-1H-INDOL-3-YL}-1H-PYRROLE-2,5-DIONE (DB07458)","0.9012","http://www.drugbank.ca/drugs/DB07458"
"184","5-(4-METHYL-BENZOYLAMINO)-BIPHENYL-3,4'-DICARBOXYLIC ACID 3-DIMETHYLAMIDE-4'-HYDROXYAMIDE (DB07586)","0.9010","http://www.drugbank.ca/drugs/DB07586"
"185","Atorvastatin (DB01076)","0.9010","http://www.drugbank.ca/drugs/DB01076"
"186","2-({5-CHLORO-2-[(2-METHOXY-4-MORPHOLIN-4-YLPHENYL)AMINO]PYRIMIDIN-4-YL}AMINO)-N-METHYLBENZAMIDE (DB07460)","0.9007","http://www.drugbank.ca/drugs/DB07460"
"187","1S,3AS,8AS-TRIMETHYL-1-OXIDO-1,2,3,3A,8,8A-HEXAHYDROPYRROLO[2,3-B]INDOL-5-YL 2-ETHYLPHENYLCARBAMATE (DB07846)","0.9001","http://www.drugbank.ca/drugs/DB07846"
"188","Mitoxantrone (DB01204)","0.8999","http://www.drugbank.ca/drugs/DB01204"
"189","CP-526423 (DB02089)","0.8998","http://www.drugbank.ca/drugs/DB02089"
"190","4-(2-HYDROXYBENZYLAMINO)-N-(3-(4-FLUOROPHENOXY)PHENYL)PIPERIDINE-1-SULFONAMIDE (DB04632)","0.8995","http://www.drugbank.ca/drugs/DB04632"
"191","Lumefantrine (DB06708)","0.8995","http://www.drugbank.ca/drugs/DB06708"
"192","Fesoterodine (DB06702)","0.8993","http://www.drugbank.ca/drugs/DB06702"
"193","N-Naphthalen-1-Ylmethyl-2'-[3,5-Dimethoxybenzamido]-2'-Deoxy-Adenosine (DB03331)","0.8993","http://www.drugbank.ca/drugs/DB03331"
"194","Lapatinib (DB01259)","0.8993","http://www.drugbank.ca/drugs/DB01259"
"195","OPC-51803 (DB05838)","0.8993","http://www.drugbank.ca/drugs/DB05838"
"196","Trisalicylate-choline (DB01401)","0.8992","http://www.drugbank.ca/drugs/DB01401"
"197","Repaglinide (DB00912)","0.8990","http://www.drugbank.ca/drugs/DB00912"
"198","SP4160 (DB02555)","0.8989","http://www.drugbank.ca/drugs/DB02555"
"199","Pimozide (DB01100)","0.8988","http://www.drugbank.ca/drugs/DB01100"
"200","Zk-806450 (DB02112)","0.8988","http://www.drugbank.ca/drugs/DB02112"
"201","[4-(3-AMINOMETHYL-PHENYL)-PIPERIDIN-1-YL]-(5-PHENETHYL- PYRIDIN-3-YL)-METHANONE (DB04764)","0.8985","http://www.drugbank.ca/drugs/DB04764"
"202","Aleglitazar (DB08915)","0.8983","http://www.drugbank.ca/drugs/DB08915"
"203","Balanol Analog 8 (DB02155)","0.8981","http://www.drugbank.ca/drugs/DB02155"
"204","Sertindole (DB06144)","0.8978","http://www.drugbank.ca/drugs/DB06144"
"205","(3R,4R)-1-{6-[3-(METHYLSULFONYL)PHENYL]PYRIMIDIN-4-YL}-4-(2,4,5-TRIFLUOROPHENYL)PIPERIDIN-3-AMINE (DB08164)","0.8965","http://www.drugbank.ca/drugs/DB08164"
"206","N-[4-CHLORO-3-(PYRIDIN-3-YLOXYMETHYL)-PHENYL]-3-FLUORO- (DB08068)","0.8956","http://www.drugbank.ca/drugs/DB08068"
"207","Halofantrine (DB01218)","0.8953","http://www.drugbank.ca/drugs/DB01218"
"208","(R)-N-[2-[1-(Aminoiminomethyl)-3-Piperidinyl]-1-Oxoethyl]-4-(Phenylethynyl)-L-Phenylalanine Methylester (DB03453)","0.8949","http://www.drugbank.ca/drugs/DB03453"
"209","2-{4-[(2s)-2-[({[(1s)-1-Carboxy-2-Phenylethyl]Amino}Carbonyl)Amino]-3-Oxo-3-(Pentylamino)Propyl]Phenoxy}Malonic Acid (DB02436)","0.8948","http://www.drugbank.ca/drugs/DB02436"
"210","3-(2-CHLOROPHENYL)-1-(2-{[(1S)-2-HYDROXY-1,2-DIMETHYLPROPYL]AMINO}PYRIMIDIN-4-YL)-1-(4-METHOXYPHENYL)UREA (DB08095)","0.8948","http://www.drugbank.ca/drugs/DB08095"
"211","Rbt205 Inhibitor (DB03777)","0.8948","http://www.drugbank.ca/drugs/DB03777"
"212","Fosamprenavir (DB01319)","0.8945","http://www.drugbank.ca/drugs/DB01319"
"213","Loperamide (DB00836)","0.8944","http://www.drugbank.ca/drugs/DB00836"
"214","2-METHYL-2-(4-{[({4-METHYL-2-[4-(TRIFLUOROMETHYL)PHENYL]-1,3-THIAZOL-5-YL}CARBONYL)AMINO]METHYL}PHENOXY)PROPANOIC ACID (DB07215)","0.8943","http://www.drugbank.ca/drugs/DB07215"
"215","Balanol (DB04098)","0.8938","http://www.drugbank.ca/drugs/DB04098"
"216","Rhodamine 6g (DB03825)","0.8934","http://www.drugbank.ca/drugs/DB03825"
"217","Delavirdine (DB00705)","0.8934","http://www.drugbank.ca/drugs/DB00705"
"218","Dextromoramide (DB01529)","0.8932","http://www.drugbank.ca/drugs/DB01529"
"219","(S)-5-(4-Benzyloxy-Phenyl)-4-(7-Phenyl-Heptanoylamino)-Pentanoic Acid (DB04287)","0.8930","http://www.drugbank.ca/drugs/DB04287"
"220","Analogue of Indinavir Drug (DB01721)","0.8930","http://www.drugbank.ca/drugs/DB01721"
"221","[3,5-Dibromo-4-(4-Hydroxy-3-Phenethylcarbamoyl-Phenoxy)-Phenyl]-Acetic Acid (DB02106)","0.8928","http://www.drugbank.ca/drugs/DB02106"
"222","Eltrombopag (DB06210)","0.8928","http://www.drugbank.ca/drugs/DB06210"
"223","2-{5-[3-(6-BENZOYL-1-PROPYLNAPHTHALEN-2-YLOXY)PROPOXY]INDOL-1-YL}ETHANOIC ACID (DB04689)","0.8918","http://www.drugbank.ca/drugs/DB04689"
"224","Raltitrexed (DB00293)","0.8916","http://www.drugbank.ca/drugs/DB00293"
"225","Indacaterol (DB05039)","0.8911","http://www.drugbank.ca/drugs/DB05039"
"226","(20S)-19,20,22,23-TETRAHYDRO-19-OXO-5H,21H-18,20-ETHANO-12,14-ETHENO-6,10-METHENOBENZ[D]IMIDAZO[4,3-L][1,6,9,13]OXATRIAZACYCLONOADECOSINE-9-CARBONITRILE (DB08676)","0.8899","http://www.drugbank.ca/drugs/DB08676"
"227","(1-Tert-Butyl-5-Hydroxy-1h-Pyrazol-4-Yl)-(6-Methanesulfonyl-4'-Methoxy-2-Methyl-Biphenyl-3-Yl)-Methanone (DB02850)","0.8897","http://www.drugbank.ca/drugs/DB02850"
"228","4-(2-{[4-{[3-(4-Chlorophenyl)Propyl]Sulfanyl}-6-(1-Piperazinyl)-1,3,5-Triazin-2-Yl]Amino}Ethyl)Phenol (DB04020)","0.8892","http://www.drugbank.ca/drugs/DB04020"
"229","Glyburide (DB01016)","0.8890","http://www.drugbank.ca/drugs/DB01016"
"230","4-Morpholin-4-Yl-Piperidine-1-Carboxylic Acid [1-(3-Benzenesulfonyl-1-Propyl-Allylcarbamoyl)-2-Phenylethyl]-Amide (DB02243)","0.8889","http://www.drugbank.ca/drugs/DB02243"
"231","1-((1R)-1-(HYDROXYMETHYL)-3-{6-[(3-PHENYLPROPANOYL)AMINO]-1H-INDOL-1-YL}PROPYL)-1H-IMIDAZOLE-4-CARBOXAMIDE (DB07783)","0.8887","http://www.drugbank.ca/drugs/DB07783"
"232","5-Chloro-thiophene-2-carboxylic acid ((3S,4S)-1-{[2-fluoro-4-(2-oxo-2H-pyridin-1-yl)-phenylcarbamoyl]-methyl}-4-hydroxy-pyrrolidin-3-yl)-amide (DB07875)","0.8880","http://www.drugbank.ca/drugs/DB07875"
"233","(2S)-4-(2,5-difluorophenyl)-N-[(3R,4S)-3-fluoro-1-methylpiperidin-4-yl]-2-(hydroxymethyl)-N-methyl-2-phenyl-2,5-dihydro-1H-pyrrole-1-carboxamide (DB08037)","0.8877","http://www.drugbank.ca/drugs/DB08037"
"234","5-(4-PHENOXYPHENYL)-5-(4-PYRIMIDIN-2-YLPIPERAZIN-1-YL)PYRIMIDINE-2,4,6(2H,3H)-TRIONE (DB07117)","0.8872","http://www.drugbank.ca/drugs/DB07117"
"235","Compound 19 (DB02615)","0.8869","http://www.drugbank.ca/drugs/DB02615"
"236","Compound 18 (DB02715)","0.8869","http://www.drugbank.ca/drugs/DB02715"
"237","1-{(2S,5S)-4-FLUORO-5-[(TRITYLOXY)METHYL]TETRAHYDROFURAN-2-YL}PYRIMIDINE-2,4(1H,3H)-DIONE (DB04685)","0.8868","http://www.drugbank.ca/drugs/DB04685"
"238","Inhibitor BEA369 (DB01887)","0.8867","http://www.drugbank.ca/drugs/DB01887"
"239","3-(2-AMINO-6-BENZOYLQUINAZOLIN-3(4H)-YL)-N-CYCLOHEXYL-N-METHYLPROPANAMIDE (DB08749)","0.8864","http://www.drugbank.ca/drugs/DB08749"
"240","(S)-3-(4-(2-Carbazol-9-Yl-Ethoxy)-Phenyl)-2-Ethoxy-Propionic Acid (DB04270)","0.8860","http://www.drugbank.ca/drugs/DB04270"
"241","WAY-151693 (DB02071)","0.8854","http://www.drugbank.ca/drugs/DB02071"
"242","Tubocurarine (DB01199)","0.8853","http://www.drugbank.ca/drugs/DB01199"
"243","FR236913 (DB02830)","0.8853","http://www.drugbank.ca/drugs/DB02830"
"244","8-Benzyl-2-Hydroperoxy-2-(4-Hydroxy-Benzyl)-6-(4-Hydroxy-Phenyl)-2h-Imidazo[1,2-a]Pyrazin-3-One (DB02241)","0.8844","http://www.drugbank.ca/drugs/DB02241"
"245","4-(4-METHYLPIPERAZIN-1-YL)-N-[5-(2-THIENYLACETYL)-1,5-DIHYDROPYRROLO[3,4-C]PYRAZOL-3-YL]BENZAMIDE (DB07186)","0.8837","http://www.drugbank.ca/drugs/DB07186"
"246","N-({(3R,4R)-4-[(benzyloxy)methyl]pyrrolidin-3-yl}methyl)-N-(2-methylpropyl)benzenesulfonamide (DB07505)","0.8837","http://www.drugbank.ca/drugs/DB07505"
"247","5-hydroxy-4-(7-methoxy-1,1-dioxido-2H-1,2,4-benzothiadiazin-3-yl)-2-(3-methylbutyl)-6-phenylpyridazin-3(2H)-one (DB06974)","0.8826","http://www.drugbank.ca/drugs/DB06974"
"248","Bezitramide (DB01459)","0.8826","http://www.drugbank.ca/drugs/DB01459"
"249","Solifenacin (DB01591)","0.8818","http://www.drugbank.ca/drugs/DB01591"
"250","Thioproperazine (DB01622)","0.8814","http://www.drugbank.ca/drugs/DB01622"
"251","2-{5-[3-(7-PROPYL-3-TRIFLUOROMETHYLBENZO[D]ISOXAZOL-6-YLOXY)PROPOXY]INDOL-1-YL}ETHANOIC ACID (DB07053)","0.8813","http://www.drugbank.ca/drugs/DB07053"
"252","10-(4-Dimethylamino-5-Hydroxy-6-Methyl-Tetrahydro-Pyran-2-Yloxy)-8-Ethyl-1,8,11-Trihydroxy-7,8,9,10-Tetrahydro-Naphthacene-5,12-Dione (DB04131)","0.8813","http://www.drugbank.ca/drugs/DB04131"
"253","5-chloro-N-[(3R)-1-(2-{[2-fluoro-4-(2-oxopyridin-1(2H)-yl)phenyl]amino}-2-oxoethyl)pyrrolidin-3-yl]thiophene-2-carboxamide (DB07872)","0.8800","http://www.drugbank.ca/drugs/DB07872"
"254","Ponatinib  (DB08901)","0.8798","http://www.drugbank.ca/drugs/DB08901"
"255","2-[2-(1,3-Dioxo-1,3-Dihydro-2h-Isoindol-2-Yl)Ethyl]-4-(4'-Ethoxy-1,1'-Biphenyl-4-Yl)-4-Oxobutanoic Acid (DB04405)","0.8797","http://www.drugbank.ca/drugs/DB04405"
"256","7-Hydroxystaurosporine (DB01933)","0.8796","http://www.drugbank.ca/drugs/DB01933"
"257","Glycerol Phenylbutyrate (DB08909)","0.8795","http://www.drugbank.ca/drugs/DB08909"
"258","(10R)-10-Formyl-5,8,10-Trideazafolic Acid (DB04264)","0.8790","http://www.drugbank.ca/drugs/DB04264"
"259","Salmeterol (DB00938)","0.8788","http://www.drugbank.ca/drugs/DB00938"
"260","Temocapril (DB08836)","0.8781","http://www.drugbank.ca/drugs/DB08836"
"261","Implitapide (DB04852)","0.8780","http://www.drugbank.ca/drugs/DB04852"
"262","Fluvastatin (DB01095)","0.8772","http://www.drugbank.ca/drugs/DB01095"
"263","N-{2'-[(4-FLUOROPHENYL)AMINO]-4,4'-BIPYRIDIN-2-YL}-4-METHOXYCYCLOHEXANECARBOXAMIDE (DB08025)","0.8770","http://www.drugbank.ca/drugs/DB08025"
"264","Clorobiocin (DB03966)","0.8770","http://www.drugbank.ca/drugs/DB03966"
"265","Darifenacin (DB00496)","0.8769","http://www.drugbank.ca/drugs/DB00496"
"266","Doxazosin (DB00590)","0.8769","http://www.drugbank.ca/drugs/DB00590"
"267","N-[1-(AMINOMETHYL)CYCLOPROPYL]-3-(BENZYLSULFONYL)-N~2~-[(1S)-2,2,2-TRIFLUORO-1-(4-HYDROXYPHENYL)ETHYL]-L-ALANINAMIDE (DB07589)","0.8767","http://www.drugbank.ca/drugs/DB07589"
"268","5-CHLORO-THIOPHENE-2-CARBOXYLIC ACID ((3S,4S)-4-FLUORO- 1-{[2-FLUORO-4-(2-OXO-2H-PYRIDIN-1-YL)-PHENYLCARBAMOYL]-METHYL}-PYRROLIDIN-3-YL)-AMIDE (DB08143)","0.8761","http://www.drugbank.ca/drugs/DB08143"
"269","Crc200 (Chiron-Behring) (DB03081)","0.8753","http://www.drugbank.ca/drugs/DB03081"
"270","Irbesartan (DB01029)","0.8749","http://www.drugbank.ca/drugs/DB01029"
"271","N-(TERT-BUTYL)-3,5-DIMETHYL-N'-[(5-METHYL-2,3-DIHYDRO-1,4-BENZODIOXIN-6-YL)CARBONYL]BENZOHYDRAZIDE (DB07929)","0.8747","http://www.drugbank.ca/drugs/DB07929"
"272","Doxapram (DB00561)","0.8747","http://www.drugbank.ca/drugs/DB00561"
"273","3-{6-[(8-HYDROXY-QUINOLINE-2-CARBONYL)-AMINO]-2-THIOPHEN-2-YL-HEXANOYLAMINO}-4-OXO-BUTYRI ACID (DB07916)","0.8746","http://www.drugbank.ca/drugs/DB07916"
"274","PNU177836 (DB02977)","0.8740","http://www.drugbank.ca/drugs/DB02977"
"275","2-MERCAPTO-N-[1,2,3,10-TETRAMETHOXY-9-OXO-5,6,7,9-TETRAHYDRO-BENZO[A]HEPTALEN-7-YL]ACETAMIDE (DB07574)","0.8732","http://www.drugbank.ca/drugs/DB07574"
"276","Colchicine (DB01394)","0.8731","http://www.drugbank.ca/drugs/DB01394"
"277","N-(5-chloro-1,3-benzodioxol-4-yl)-6-methoxy-7-(3-piperidin-1-ylpropoxy)quinazolin-4-amine (DB07249)","0.8730","http://www.drugbank.ca/drugs/DB07249"
"278","Benzofuran-2-Carboxylic Acid {(S)-3-Methyl-1-[3-Oxo-1-(Pyridin-2-Ylsulfonyl)Azepan-4-Ylcarbamoyl]Butyl}Amide (DB03642)","0.8728","http://www.drugbank.ca/drugs/DB03642"
"279","Pagoclone (DB04903)","0.8726","http://www.drugbank.ca/drugs/DB04903"
"280","Carvedilol (DB01136)","0.8726","http://www.drugbank.ca/drugs/DB01136"
"281","5-[1-(3,4-Dimethoxy-Benzoyl)-1,2,3,4-Tetrahydro-Quinolin-6-Yl]-6-Methyl-3,6-Dihydro-[1,3,4]Thiadiazin-2-One (DB03944)","0.8720","http://www.drugbank.ca/drugs/DB03944"
"282","Atazanavir (DB01072)","0.8718","http://www.drugbank.ca/drugs/DB01072"
"283","7-[3-(4-FLUORO-PHENYL)-1-ISOPROPYL-1H-INDOL-2-YL]-3,5-DIHYDROXY-HEPTANOIC ACID (DB06846)","0.8718","http://www.drugbank.ca/drugs/DB06846"
"284","Indinavir (DB00224)","0.8717","http://www.drugbank.ca/drugs/DB00224"
"285","(R)-tacrine(10)-hupyridone (DB04614)","0.8713","http://www.drugbank.ca/drugs/DB04614"
"286","(S)-tacrine(10)-hupyridone (DB04615)","0.8713","http://www.drugbank.ca/drugs/DB04615"
"287","(3S)-1-(1,3-BENZODIOXOL-5-YLMETHYL)-3-[4-(1H-IMIDAZOL-1-YL)PHENOXY]PIPERIDINE (DB07011)","0.8711","http://www.drugbank.ca/drugs/DB07011"
"288","Novobiocin (DB01051)","0.8710","http://www.drugbank.ca/drugs/DB01051"
"289","Erlotinib (DB00530)","0.8707","http://www.drugbank.ca/drugs/DB00530"
"290","4-(6-{[(4-METHYLCYCLOHEXYL)AMINO]METHYL}-1,4-DIHYDROINDENO[1,2-C]PYRAZOL-3-YL)BENZOIC ACID (DB07320)","0.8705","http://www.drugbank.ca/drugs/DB07320"
"291","N-[(13-CYCLOHEXYL-6,7-DIHYDROINDOLO[1,2-D][1,4]BENZOXAZEPIN-10-YL)CARBONYL]-2-METHYL-L-ALANINE (DB08031)","0.8704","http://www.drugbank.ca/drugs/DB08031"
"292","(2R,3R,4S)-3-(4-HYDROXYPHENYL)-4-METHYL-2-[4-(2-PYRROLIDIN-1-YLETHOXY)PHENYL]CHROMAN-6-OL (DB07567)","0.8704","http://www.drugbank.ca/drugs/DB07567"
"293","Irinotecan (DB00762)","0.8701","http://www.drugbank.ca/drugs/DB00762"
"294","1-(3-HYDROXYPROPYL)-2-[(3-NITROBENZOYL)AMINO]-1H-BENZIMIDAZOL-5-YL PIVALATE (DB08590)","0.8696","http://www.drugbank.ca/drugs/DB08590"
"295","Ivacaftor (DB08820)","0.8682","http://www.drugbank.ca/drugs/DB08820"
"296","Saprisartan (DB01347)","0.8676","http://www.drugbank.ca/drugs/DB01347"
"297","N-cyclopropyl-6-[(6,7-dimethoxyquinolin-4-yl)oxy]naphthalene-1-carboxamide (DB07274)","0.8673","http://www.drugbank.ca/drugs/DB07274"
"298","Osanetant (DB04872)","0.8673","http://www.drugbank.ca/drugs/DB04872"
"299","2-(Carboxymethoxy)-5-[(2s)-2-({(2s)-2-[(3-Carboxypropanoyl)Amino] -3-Phenylpropanoyl}Amino)-3-Oxo-3-(Pentylamino)Propyl]Benzoic Acid (DB04525)","0.8672","http://www.drugbank.ca/drugs/DB04525"
"300","OXIMINOARYLSULFONAMIDE (DB04748)","0.8670","http://www.drugbank.ca/drugs/DB04748"
"301","{(1s)-1-Benzyl-4-[3-Carbamoyl-1-(1-Carbamoyl-2-Phenyl-Ethylcarbamoyl)-(S)-Propylcarbamoyl]-2-Oxo-5-Phenyl-Pentyl}-Carbamic Acid Tert-Butyl Ester (DB04353)","0.8668","http://www.drugbank.ca/drugs/DB04353"
"302","1-[[(1E)-2-(4-CHLOROPHENYL)ETHENYL]SULFONYL]-4-[[1-(4-PYRIDINYL)-4-PIPERIDINYL]METHYL]PIPERAZINE (DB08746)","0.8660","http://www.drugbank.ca/drugs/DB08746"
"303","9-HYDROXY-6-(3-HYDROXYPROPYL)-4-(2-METHOXYPHENYL)PYRROLO[3,4-C]CARBAZOLE-1,3(2H,6H)-DIONE (DB07006)","0.8657","http://www.drugbank.ca/drugs/DB07006"
"304","Canagliflozin (DB08907)","0.8656","http://www.drugbank.ca/drugs/DB08907"
"305","Ergotamine (DB00696)","0.8650","http://www.drugbank.ca/drugs/DB00696"
"306","5-[2,3-Dichloro-4-(5-{1-[2-(2-Guanidino-4-Methyl-Pentanoylamino)-Acetyl]-Piperidin-4-Yl}-1-Methyl-1h-Pyrazol-3-Yl)-Phenoxymethyl]-Furan-2-Carboxylic Acid (DB02581)","0.8646","http://www.drugbank.ca/drugs/DB02581"
"307","Pipotiazine (DB01621)","0.8625","http://www.drugbank.ca/drugs/DB01621"
"308","2-(11-{2-[Benzenesulfonyl-(3-Methyl-Butyl)-Amino]-1-Hydroxy-Ethyl}-6,9-Dioxo-2-Oxa-7,10-Diaza-Bicyclo[11.2.2]Heptadeca-1(16),13(17),14-Trien-8-Yl)-Acetamide, Inhibitor 2 (DB02411)","0.8616","http://www.drugbank.ca/drugs/DB02411"
"309","Pitavastatin (DB08860)","0.8604","http://www.drugbank.ca/drugs/DB08860"
"310","(3-{3-[[2-Chloro-3-(Trifluoromethyl)Benzyl](2,2-Diphenylethyl)Amino]Propoxy}Phenyl)Acetic Acid (DB03791)","0.8602","http://www.drugbank.ca/drugs/DB03791"
"311","Pipazethate (DB08796)","0.8602","http://www.drugbank.ca/drugs/DB08796"
"312","Nicergoline (DB00699)","0.8601","http://www.drugbank.ca/drugs/DB00699"
"313","Dequadin (DB04209)","0.8596","http://www.drugbank.ca/drugs/DB04209"
"314","4-Methoxy-E-Rhodomycin T (DB03199)","0.8587","http://www.drugbank.ca/drugs/DB03199"
"315","Diphenoxylate (DB01081)","0.8586","http://www.drugbank.ca/drugs/DB01081"
"316","(2r,3r,4r,5r)-3,4-Dihydroxy-N,N'-Bis[(1s,2r)-2-Hydroxy-2,3-Dihydro-1h-Inden-1-Yl]-2,5-Bis(2-Phenylethyl)Hexanediamide (DB02704)","0.8581","http://www.drugbank.ca/drugs/DB02704"
"317","(1S,3R,6S)-4-oxo-6-{4-[(2-phenylquinolin-4-yl)methoxy]phenyl}-5-azaspiro[2.4]heptane-1-carboxylic acid (DB07189)","0.8566","http://www.drugbank.ca/drugs/DB07189"
"318","Topotecan (DB01030)","0.8566","http://www.drugbank.ca/drugs/DB01030"
"319","Idarubicin (DB01177)","0.8562","http://www.drugbank.ca/drugs/DB01177"
"320","Darunavir (DB01264)","0.8560","http://www.drugbank.ca/drugs/DB01264"
"321","2-ETHOXYETHYL (2S,3S)-4-((S)-2-BENZYL-3-OXO-4-((3AR,8R,8AS)-2-OXO-3,3A,8,8A-TETRAHYDRO-2H-INDENO[1,2-D]OXAZOL-8-YL)-2,3-DIHYDRO-1H-PYRROL-2-YL)-3-HYDROXY-1-PHENYLBUTAN-2-YLCARBAMATE (DB04623)","0.8560","http://www.drugbank.ca/drugs/DB04623"
"322","Elsamitrucin (DB05129)","0.8556","http://www.drugbank.ca/drugs/DB05129"
"323","FKB-001 (DB02888)","0.8552","http://www.drugbank.ca/drugs/DB02888"
"324","1,5-Bis(N-Benzyloxycarbonyl-L-Leucinyl)Carbohydrazide (DB03891)","0.8548","http://www.drugbank.ca/drugs/DB03891"
"325","(2S)-2-[3-(AMINOMETHYL)PHENYL]-3-{(R)-HYDROXY[(1R)-2-METHYL-1-{[(3-PHENYLPROPYL)SULFONYL]AMINO}PROPYL]PHOSPHORYL}PROPANOIC ACID (DB07136)","0.8541","http://www.drugbank.ca/drugs/DB07136"
"326","Drotaverine (DB06751)","0.8538","http://www.drugbank.ca/drugs/DB06751"
"327","Methyl-[4-(4-Piperidine-1-Ylmethyl-Phenyl)-Cyclohexyl]-Carbaminic Acid-(4-Chlorophenyl)-Ester (DB03748)","0.8538","http://www.drugbank.ca/drugs/DB03748"
"328","Trospium (DB00209)","0.8533","http://www.drugbank.ca/drugs/DB00209"
"329","N-1,2,3,4-Tetrahydronaphth-1-Yl-2'-[3,5-Dimethoxybenzamido]-2'-Deoxy-Adenosine (DB04477)","0.8533","http://www.drugbank.ca/drugs/DB04477"
"330","3-({1-[3-CARBAMIMIDOYL-1-(4-CARBAMIMIDOYL-BENZYLCARBAMOYL)-PROPYLCARBAMOYL]-2-METHYL-BUTYLSULFAMOYL}-METHYL)-BENZOIC ACID (DB04593)","0.8529","http://www.drugbank.ca/drugs/DB04593"
"331","Almitrine (DB01430)","0.8528","http://www.drugbank.ca/drugs/DB01430"
"332","5-CHLORO-N-((1R,2S)-2-(4-(2-OXOPYRIDIN-1(2H)-YL)BENZAMIDO) CYCLOPENTYL)THIOPHENE-2-CARBOXAMIDE (DB08174)","0.8514","http://www.drugbank.ca/drugs/DB08174"
"333","Pralnacasan (DB04875)","0.8512","http://www.drugbank.ca/drugs/DB04875"
"334","1-[N[(Phenylmethoxy)Carbonyl]-L-Leucyl-4-[[N/N-[(Phenylmethoxy)Carbonyl]-/Nl-Leucyl]Amino]-3-Pyrrolidinone/N (DB03405)","0.8508","http://www.drugbank.ca/drugs/DB03405"
"335","Difenoxin (DB01501)","0.8507","http://www.drugbank.ca/drugs/DB01501"
"336","Daunorubicin (DB00694)","0.8506","http://www.drugbank.ca/drugs/DB00694"
"337","N~2~-1,3-BENZOXAZOL-2-YL-3-CYCLOHEXYL-N-{2-[(4-METHOXYPHENYL)AMINO]ETHYL}-L-ALANINAMIDE (DB07839)","0.8480","http://www.drugbank.ca/drugs/DB07839"
"338","Zanapezil (DB04859)","0.8479","http://www.drugbank.ca/drugs/DB04859"
"339","Epirubicin (DB00445)","0.8473","http://www.drugbank.ca/drugs/DB00445"
"340","Doxorubicin (DB00997)","0.8473","http://www.drugbank.ca/drugs/DB00997"
"341","Darusentan (DB04883)","0.8471","http://www.drugbank.ca/drugs/DB04883"
"342","Bilh 434 (DB04330)","0.8470","http://www.drugbank.ca/drugs/DB04330"
"343","1-[2-HYDROXY-3-(4-CYCLOHEXYL-PHENOXY)-PROPYL]-4-(2-PYRIDYL)-PIPERAZINE (DB08543)","0.8463","http://www.drugbank.ca/drugs/DB08543"
"344","Aprepitant (DB00673)","0.8461","http://www.drugbank.ca/drugs/DB00673"
"345","Troglitazone (DB00197)","0.8456","http://www.drugbank.ca/drugs/DB00197"
"346","(5R)-5-(4-{[(2R)-6-HYDROXY-2,5,7,8-TETRAMETHYL-3,4-DIHYDRO-2H-CHROMEN-2-YL]METHOXY}BENZYL)-1,3-THIAZOLIDINE-2,4-DIONE (DB08607)","0.8456","http://www.drugbank.ca/drugs/DB08607"
"347","Gliquidone (DB01251)","0.8456","http://www.drugbank.ca/drugs/DB01251"
"348","CBZ-LEU-LEU-TYR-CH2F (DB04653)","0.8451","http://www.drugbank.ca/drugs/DB04653"
"349","N-[2-Hydroxy-2-(8-Isopropyl-6,9-Dioxo-2-Oxa-7,10-Diaza-Bicyclo[11.2.2]Heptadeca-1(16),13(17),14-Trien-11-Yl)-Ethyl]-N-(3-Methyl-Butyl)-Benzenesulfonamide,Inhibitor 3 (DB03768)","0.8445","http://www.drugbank.ca/drugs/DB03768"
"350","Ritonavir (DB00503)","0.8444","http://www.drugbank.ca/drugs/DB00503"
"351","4-[(3AS,4R,7R,8AS,8BR)-2-(1,3-BENZODIOXOL-5-YLMETHYL)-7-HYDROXY-1,3-DIOXODECAHYDROPYRROLO[3,4-A]PYRROLIZIN-4-YL]BENZENECARBOXIMIDAMIDE (DB08546)","0.8443","http://www.drugbank.ca/drugs/DB08546"
"352","{[2-(1h-1,2,3-Benzotriazol-1-Yl)-2-(3,4-Difluorophenyl)Propane-1,3-Diyl]Bis[4,1-Phenylene(Difluoromethylene)]}Bis(Phosphonic Acid) (DB02651)","0.8441","http://www.drugbank.ca/drugs/DB02651"
"353","CEP-1347 (DB05403)","0.8440","http://www.drugbank.ca/drugs/DB05403"
"354","Terfenadine (DB00342)","0.8440","http://www.drugbank.ca/drugs/DB00342"
"355","Cerivastatin (DB00439)","0.8439","http://www.drugbank.ca/drugs/DB00439"
"356","Fexofenadine (DB00950)","0.8428","http://www.drugbank.ca/drugs/DB00950"
"357","Montelukast (DB00471)","0.8420","http://www.drugbank.ca/drugs/DB00471"
"358","[2,4,6-Triisopropyl-Phenylsulfonyl-L-[3-Amidino-Phenylalanine]]-Piperazine-N'-Beta-Alanine (DB04172)","0.8406","http://www.drugbank.ca/drugs/DB04172"
"359","Dihydroergotamine (DB00320)","0.8403","http://www.drugbank.ca/drugs/DB00320"
"360","2-(4-(AMINOMETHYL)PIPERIDIN-1-YL)-N-(3_CYCLOHEXYL-4-OXO-2,4-DIHYDROINDENO[1,2-C]PYRAZOL-5-YL)ACETAMIDE (DB07618)","0.8396","http://www.drugbank.ca/drugs/DB07618"
"361","Fosaprepitant (DB06717)","0.8395","http://www.drugbank.ca/drugs/DB06717"
"362","Aclidinium (DB08897)","0.8387","http://www.drugbank.ca/drugs/DB08897"
"363","Chymostatin (DB01683)","0.8375","http://www.drugbank.ca/drugs/DB01683"
"364","[(1-{2[(4-Carbamimidoyl-Phenylamino)-Methyl]-1-Methyl-1h-Benzoimidazol-5-Yl}-Cyclopropyl)-Pyridin-2-Yl-Methyleneaminooxy]-Acetic Acid Ethyl Ester (DB04107)","0.8356","http://www.drugbank.ca/drugs/DB04107"
"365","Cp-Coeleneterazine (DB03960)","0.8345","http://www.drugbank.ca/drugs/DB03960"
"366","Edotecarin (DB04882)","0.8345","http://www.drugbank.ca/drugs/DB04882"
"367","BMS184394 (DB03466)","0.8340","http://www.drugbank.ca/drugs/DB03466"
"368","Ambenonium (DB01122)","0.8340","http://www.drugbank.ca/drugs/DB01122"
"369","N-((1R,2S)-2-(5-CHLORO-1H-INDOLE-2-CARBOXAMIDO)CYCLOHEXYL)-5-METHYL-4,5,6,7-TETRAHYDROTHIAZOLO[5,4-C]PYRIDINE-2-CARBOXAMIDE (DB07629)","0.8331","http://www.drugbank.ca/drugs/DB07629"
"370","N-((1R,2R)-2-(5-CHLORO-1H-INDOLE-2-CARBOXAMIDO)CYCLOHEXYL)-5-METHYL-4,5,6,7-TETRAHYDROTHIAZOLO[5,4-C]PYRIDINE-2-CARBOXAMIDE (DB07630)","0.8331","http://www.drugbank.ca/drugs/DB07630"
"371","6-Phenyl-4(R)-(7-Phenyl-Heptanoylamino)-Hexanoic Acid (DB03471)","0.8328","http://www.drugbank.ca/drugs/DB03471"
"372","Sildenafil (DB00203)","0.8324","http://www.drugbank.ca/drugs/DB00203"
"373","SR11254 (DB02258)","0.8316","http://www.drugbank.ca/drugs/DB02258"
"374","Moxifloxacin (DB00218)","0.8315","http://www.drugbank.ca/drugs/DB00218"
"375","METHYL (2Z)-2-(2-{[6-(2-CYANOPHENOXY)PYRIMIDIN-4-YL]OXY}PHENYL)-3-METHOXYACRYLATE (DB07401)","0.8314","http://www.drugbank.ca/drugs/DB07401"
"376","CD564 (DB02741)","0.8308","http://www.drugbank.ca/drugs/DB02741"
"377","Sofalcone (DB05197)","0.8308","http://www.drugbank.ca/drugs/DB05197"
"378","Quinidine barbiturate (DB01346)","0.8305","http://www.drugbank.ca/drugs/DB01346"
"379","SR 140333 (DB05790)","0.8298","http://www.drugbank.ca/drugs/DB05790"
"380","(4-{2-Acetylamino-2-[1-(3-Carbamoyl-4-Cyclohexylmethoxy-Phenyl)-Ethylcarbamoyl}-Ethyl}-2-Phosphono-Phenoxy)-Acetic Acid (DB04003)","0.8294","http://www.drugbank.ca/drugs/DB04003"
"381","N-METHYLALANYL-3-METHYLVALYL-4-PHENOXY-N-(1,2,3,4-TETRAHYDRONAPHTHALEN-1-YL)PROLINAMIDE (DB04612)","0.8291","http://www.drugbank.ca/drugs/DB04612"
"382","LE-SN38 (DB05482)","0.8290","http://www.drugbank.ca/drugs/DB05482"
"383","Cefpiramide (DB00430)","0.8284","http://www.drugbank.ca/drugs/DB00430"
"384","4-[[(1E)-2-(4-CHLOROPHENYL)ETHENYL]SULFONYL]-1-[[1-(4-PYRIDINYL)-4-PIPERIDINYL]METHYL]PIPERAZINONE (DB08745)","0.8281","http://www.drugbank.ca/drugs/DB08745"
"385","K-252a (DB02152)","0.8270","http://www.drugbank.ca/drugs/DB02152"
"386","Liotrix (DB01583)","0.8257","http://www.drugbank.ca/drugs/DB01583"
"387","Rosuvastatin (DB01098)","0.8237","http://www.drugbank.ca/drugs/DB01098"
"388","6-CARBAMIMIDOYL-2-[2-HYDROXY-5-(3-METHOXY-PHENYL)-INDAN-1-YL]-HEXANOIC ACID (DB06866)","0.8227","http://www.drugbank.ca/drugs/DB06866"
"389","2-{4-[4-({4-[2-methyl-1-(1-methylethyl)-1H-imidazol-5-yl]pyrimidin-2-yl}amino)phenyl]piperazin-1-yl}-2-oxoethanol (DB07982)","0.8215","http://www.drugbank.ca/drugs/DB07982"
"390","N-(4-{[(3S)-3-(dimethylamino)pyrrolidin-1-yl]carbonyl}phenyl)-5-fluoro-4-[2-methyl-1-(1-methylethyl)-1H-imidazol-5-yl]pyrimidin-2-amine (DB07936)","0.8212","http://www.drugbank.ca/drugs/DB07936"
"391","1-{7-cyclohexyl-6-[4-(4-methylpiperazin-1-yl)benzyl]-7H-pyrrolo[2,3-d]pyrimidin-2-yl}methanamine (DB07563)","0.8208","http://www.drugbank.ca/drugs/DB07563"
"392","Alvimopan (DB06274)","0.8204","http://www.drugbank.ca/drugs/DB06274"
"393","BNP 1350 (DB05806)","0.8195","http://www.drugbank.ca/drugs/DB05806"
"394","Demecarium (DB00944)","0.8183","http://www.drugbank.ca/drugs/DB00944"
"395","Donepezil (DB00843)","0.8168","http://www.drugbank.ca/drugs/DB00843"
"396","1-BENZYL-4-[(5,6-DIMETHOXY-1-INDANON-2-YL)METHYL]PIPERIDINE (DB07701)","0.8168","http://www.drugbank.ca/drugs/DB07701"
"397","Vardenafil (DB00862)","0.8162","http://www.drugbank.ca/drugs/DB00862"
"398","Dasatinib (DB01254)","0.8160","http://www.drugbank.ca/drugs/DB01254"
"399","Udenafil (DB06267)","0.8146","http://www.drugbank.ca/drugs/DB06267"
"400","(METHYLPYRIDAZINE PIPERIDINE BUTYLOXYPHENYL)ETHYLACETATE (DB08014)","0.8126","http://www.drugbank.ca/drugs/DB08014"
"401","Brecanavir (DB04887)","0.8120","http://www.drugbank.ca/drugs/DB04887"
"402","methyl (1R,2S)-2-(hydroxycarbamoyl)-1-{4-[(2-methylquinolin-4-yl)methoxy]benzyl}cyclopropanecarboxylate (DB07147)","0.8095","http://www.drugbank.ca/drugs/DB07147"
"403","Avanafil (DB06237)","0.8094","http://www.drugbank.ca/drugs/DB06237"
"404","(11S)-8-CHLORO-11-[1-(METHYLSULFONYL)PIPERIDIN-4-YL]-6-PIPERAZIN-1-YL-11H-BENZO[5,6]CYCLOHEPTA[1,2-B]PYRIDINE (DB07216)","0.8093","http://www.drugbank.ca/drugs/DB07216"
"405","N-[4-(1-BENZOYLPIPERIDIN-4-YL)BUTYL]-3-PYRIDIN-3-YLPROPANAMIDE (DB07656)","0.8078","http://www.drugbank.ca/drugs/DB07656"
"406","Paliperidone (DB01267)","0.8066","http://www.drugbank.ca/drugs/DB01267"
"407","(3s)-Tetrahydrofuran-3-Yl (1r,2s)-3-[4-((1r)-2-{[(S)-Amino(Hydroxy)Methyl]Oxy}-2,3-Dihydro-1h-Inden-1-Yl)-2-Benzyl-3-Oxopyrrolidin-2-Yl]-1-Benzyl-2-Hydroxypropylcarbamate (DB01824)","0.8066","http://www.drugbank.ca/drugs/DB01824"
"408","(4ar,6s,8ar)-11-[8-(1,3-Dioxo-1,3-Dihydro-2h-Isoindol-2-Yl)Octyl]-6-Hydroxy-3-Methoxy-5,6,9,10-Tetrahydro-4ah-[1]Benzofuro[3a,3,2-Ef][2]Benzazepin-11-Ium (DB02673)","0.8050","http://www.drugbank.ca/drugs/DB02673"
"409","4-(1R,3AS,4R,8AS,8BR)-[1-DIFLUOROMETHYL-2-(4-FLUOROBENZYL)-3-OXODECAHYDROPYRROLO[3,4-A]PYRROLIZIN-4-YL]BENZAMIDINE (DB07741)","0.8030","http://www.drugbank.ca/drugs/DB07741"
"410","Cabergoline (DB00248)","0.8013","http://www.drugbank.ca/drugs/DB00248"
"411","N-{3-[4-(3-Amino-Propyl)-Piperazin-1-Yl]-Propyl}-3-(2-Thiophen-2-Yl-Acetylamino)-5-(3,4,5-Trihydroxy-6-Hydroxymethyl-Tetrahydro-Pyran-2-Yloxy)-Benzamide (DB03524)","0.8000","http://www.drugbank.ca/drugs/DB03524"
"412","Bosentan (DB00559)","0.7994","http://www.drugbank.ca/drugs/DB00559"
"413","(S)-TETRAHYDROFURAN-3-YL (2S,3S)-4-((S)-4-((1R,3R)-3-(2-AMINO-2-OXOETHYL)-2,3-DIHYDRO-1H-INDEN-1-YL)-2-BENZYL-3-OXO-2,3-DIHYDRO-1H-PYRROL-2-YL)-3-HYDROXY-1-PHENYLBUTAN-2-YLCARBAMATE (DB04708)","0.7991","http://www.drugbank.ca/drugs/DB04708"
"414","N-{(1S,2R)-1-BENZYL-3-[(CYCLOPROPYLMETHYL)(2-FURYLSULFONYL)AMINO]-2-HYDROXYPROPYL}-N'-METHYLSUCCINAMIDE (DB08223)","0.7984","http://www.drugbank.ca/drugs/DB08223"
"415","Cyclopropyl-{4-[5-(3,4-Dichlorophenyl)-2-[(1-Methyl)-Piperidin]-4-Yl-3-Propyl-3h-Imidazol-4-Yl]-Pyrimidin-2-Yl}Amine (DB03084)","0.7980","http://www.drugbank.ca/drugs/DB03084"
"416","Saquinavir (DB01232)","0.7968","http://www.drugbank.ca/drugs/DB01232"
"417","Verapamil (DB00661)","0.7932","http://www.drugbank.ca/drugs/DB00661"
"418","Deserpidine (DB01089)","0.7899","http://www.drugbank.ca/drugs/DB01089"
"419","Eprosartan (DB00876)","0.7895","http://www.drugbank.ca/drugs/DB00876"
"420","Benzquinamide (DB00767)","0.7885","http://www.drugbank.ca/drugs/DB00767"
"421","Tipranavir (DB00932)","0.7845","http://www.drugbank.ca/drugs/DB00932"
"422","N-Methylmesoporphyrin (DB01911)","0.7837","http://www.drugbank.ca/drugs/DB01911"
"423","Nelfinavir (DB00220)","0.7819","http://www.drugbank.ca/drugs/DB00220"
"424","VRX496 (DB05251)","0.7819","http://www.drugbank.ca/drugs/DB05251"
"425","Mibefradil (DB01388)","0.7807","http://www.drugbank.ca/drugs/DB01388"
"426","1,2-Hydro-1-Oxy-3,4-Hydro-3-(1-Methoxy-2-Oxy-3,4-Dihydroxypentyl)-8,9-Dihydroxy-7-(Sec-Butyl)-Anthracene (DB04240)","0.7803","http://www.drugbank.ca/drugs/DB04240"
"427","Rescinnamine (DB01180)","0.7796","http://www.drugbank.ca/drugs/DB01180"
"428","Reserpine (DB00206)","0.7787","http://www.drugbank.ca/drugs/DB00206"
"429","Spirapril (DB01348)","0.7775","http://www.drugbank.ca/drugs/DB01348"
"430","6-({5-fluoro-2-[(3,4,5-trimethoxyphenyl)amino]pyrimidin-4-yl}amino)-2,2-dimethyl-2H-pyrido[3,2-b][1,4]oxazin-3(4H)-one (DB07159)","0.7768","http://www.drugbank.ca/drugs/DB07159"
"431","DIETHYL (1R,2S,3R,4S)-5,6-BIS(4-HYDROXYPHENYL)-7-OXABICYCLO[2.2.1]HEPT-5-ENE-2,3-DICARBOXYLATE (DB08320)","0.7758","http://www.drugbank.ca/drugs/DB08320"
"432","METHYL 1-(4-{[(2,4-DIAMINOPTERIDIN-6-YL)METHYL](METHYL)AMINO}BENZOYL)PIPERIDINE-4-CARBOXYLATE (DB07765)","0.7754","http://www.drugbank.ca/drugs/DB07765"
"433","PUROMYCIN (DB08437)","0.7752","http://www.drugbank.ca/drugs/DB08437"
"434","N-[(5R,14R)-5-AMINO-5,14-DIMETHYL-4-OXO-3-OXA-18-AZATRICYCLO[15.3.1.1~7,11~]DOCOSA-1(21),7(22),8,10,17,19-HEXAEN-19-YL]-N-METHYLMETHANESULFONAMIDE (DB07019)","0.7741","http://www.drugbank.ca/drugs/DB07019"
"435","ONO-6818 (DB03925)","0.7722","http://www.drugbank.ca/drugs/DB03925"
"436","Glimepiride (DB00222)","0.7657","http://www.drugbank.ca/drugs/DB00222"
"437","Benzylmorphine (DB01573)","0.7642","http://www.drugbank.ca/drugs/DB01573"
"438","N'-(5-CHLORO-1,3-BENZODIOXOL-4-YL)-N-(3,4,5- TRIMETHOXYPHENYL)PYRIMIDINE-2,4-DIAMINE (DB07250)","0.7623","http://www.drugbank.ca/drugs/DB07250"
"439","4-[5-(Trans-4-Aminocyclohexylamino)-3-Isopropylpyrazolo[1,5-a]Pyrimidin-7-Ylamino]-N,N-Dimethylbenzenesulfonamide (DB01888)","0.7609","http://www.drugbank.ca/drugs/DB01888"
"440","Cyclohexyl-{4-[5-(3,4-Dichlorophenyl)-2-Piperidin-4-Yl-3-Propyl-3h-Imidazol-4-Yl]-Pyrimidin-2-Yl}Amine (DB02388)","0.7544","http://www.drugbank.ca/drugs/DB02388"
"441","Batimastat (DB03880)","0.7529","http://www.drugbank.ca/drugs/DB03880"
"442","N-[2-(1,3-BENZODIOXOL-5-YL)ETHYL]-1-[2-(1H-IMIDAZOL-1-YL)-6-METHYLPYRIMIDIN-4-YL]-D-PROLINAMIDE (DB06916)","0.7498","http://www.drugbank.ca/drugs/DB06916"
"443","Cilazapril (DB01340)","0.7489","http://www.drugbank.ca/drugs/DB01340"
"444","Adapalene (DB00210)","0.7467","http://www.drugbank.ca/drugs/DB00210"
"445","SP2456 (DB03957)","0.7429","http://www.drugbank.ca/drugs/DB03957"
"446","5-METHYL-3-(9-OXO-1,8-DIAZA-TRICYCLO[10.6.1.013,18]NONADECA-12(19),13,15,17-TETRAEN-10-YLCARBAMOYL)-HEXANOIC ACID (DB08493)","0.7425","http://www.drugbank.ca/drugs/DB08493"
"447","N-cyclopropyl-N-(trans-4-pyridin-3-ylcyclohexyl)-4-[(1S)-2,2,2-trifluoro-1-hydroxy-1-methylethyl]benzamide (DB07619)","0.7392","http://www.drugbank.ca/drugs/DB07619"
"448","Pivampicillin (DB01604)","0.7390","http://www.drugbank.ca/drugs/DB01604"
"449","N4-HYDROXY-2-ISOBUTYL-N1-(9-OXO-1,8-DIAZA-TRICYCLO[10.6.1.013,18]NONADECA-12(19),13,15,17-TETRAEN-10-YL)-SUCCINAMIDE (DB08489)","0.7378","http://www.drugbank.ca/drugs/DB08489"
"450","Tryptophanyl-5'amp (DB01831)","0.7353","http://www.drugbank.ca/drugs/DB01831"
"451","SLV 306 (DB05796)","0.7334","http://www.drugbank.ca/drugs/DB05796"
"452","Podofilox (DB01179)","0.7249","http://www.drugbank.ca/drugs/DB01179"
"453","Pralatrexate (DB06813)","0.7220","http://www.drugbank.ca/drugs/DB06813"
"454","Coproporphyrin I Containing Co(Iii) (DB04423)","0.7190","http://www.drugbank.ca/drugs/DB04423"
"455","Dimethyl Propionate Ester Heme (DB04009)","0.7180","http://www.drugbank.ca/drugs/DB04009"
"456","Heme C (DB03317)","0.7180","http://www.drugbank.ca/drugs/DB03317"
"457","3-(4-Amino-2-Tert-Butyl-5-Methyl-Phenylsulfanyl)-6-Cyclopentyl-4-Hydroxy-6-[2-(4-Hydroxy-Phenyl)-Ethyl]-5,6-Dihydro-Pyran-2-One (DB04298)","0.7162","http://www.drugbank.ca/drugs/DB04298"
"458","Diacetyldeuteroheme (DB03418)","0.7155","http://www.drugbank.ca/drugs/DB03418"
"459","Hybrid Between B and C Type Hemes (Protoporphyrin Ixcontaining Fe) (DB02182)","0.7140","http://www.drugbank.ca/drugs/DB02182"
"460","Protoporphyrin Ix Containing Co (DB02110)","0.7107","http://www.drugbank.ca/drugs/DB02110"
"461","Mesoheme (DB02577)","0.7107","http://www.drugbank.ca/drugs/DB02577"
"462","3-({2-[(4-{[6-(CYCLOHEXYLMETHOXY)-9H-PURIN-2-YL]AMINO}PHENYL)SULFONYL]ETHYL}AMINO)PROPAN-1-OL (DB08309)","0.7047","http://www.drugbank.ca/drugs/DB08309"
"463","Levocabastine (DB01106)","0.6928","http://www.drugbank.ca/drugs/DB01106"
"464","6,7-Dicarboxyl-1,2,3,4,5,8-Hexamethylhemin (DB03404)","0.6887","http://www.drugbank.ca/drugs/DB03404"
"465","Ramipril (DB00178)","0.6883","http://www.drugbank.ca/drugs/DB00178"
"466","2-Formyl-Protoporphryn Ix (DB03224)","0.6859","http://www.drugbank.ca/drugs/DB03224"
"467","Ticagrelor (DB08816)","0.6802","http://www.drugbank.ca/drugs/DB08816"
"468","Probucol (DB01599)","0.6771","http://www.drugbank.ca/drugs/DB01599"
"469","N-[3-(Dimethylamino)Propyl]-2-({[4-({[4-(Formylamino)-1-Methyl-1h-Pyrrol-2-Yl]Carbonyl}Amino)-1-Methyl-1h-Pyrrol-2-Yl]Carbonyl}Amino)-5-Isopropyl-1,3-Thiazole-4-Carboxamide (DB02295)","0.6761","http://www.drugbank.ca/drugs/DB02295"
"470","Tirofiban (DB00775)","0.6744","http://www.drugbank.ca/drugs/DB00775"
"471","AGI-1067 (DB05399)","0.6737","http://www.drugbank.ca/drugs/DB05399"
"472","Trandolapril (DB00519)","0.6728","http://www.drugbank.ca/drugs/DB00519"
"473","Pivmecillinam (DB01605)","0.6684","http://www.drugbank.ca/drugs/DB01605"
"474","AG7088 (DB05102)","0.6672","http://www.drugbank.ca/drugs/DB05102"
"475","(2S,4S,5R)-1-(4-TERT-BUTYLBENZOYL)-2-ISOBUTYL-5-(1,3-THIAZOL-2-YL)PYRROLIDINE-2,4-DICARBOXYLIC ACID (DB07199)","0.6572","http://www.drugbank.ca/drugs/DB07199"
"476","Adamantane-1-Carboxylic Acid-5-Dimethylamino-Naphthalene-1-Sulfonylamino-Butyl-Amide (DB04032)","0.6508","http://www.drugbank.ca/drugs/DB04032"
"477","[1-(4-Fluorobenzyl)Cyclobutyl]Methyl (1s)-1-[Oxo(1h-Pyrazol-5-Ylamino)Acetyl]Pentylcarbamate (DB01858)","0.6425","http://www.drugbank.ca/drugs/DB01858"
"478","4-{2-(4-Fluoro-Benzyl)-6-Methyl-5-[(5-Methyl-Isoxazole-3-Carbonyl)-Amino]-4-Oxo-Heptanoylamino}-5-(2-Oxo-Pyrrolidin-3-Yl)-Pentanoic Acid Ethyl Ester (DB02313)","0.6399","http://www.drugbank.ca/drugs/DB02313"
"479","2-Acetyl-Protoporphyrin Ix (DB02949)","0.6223","http://www.drugbank.ca/drugs/DB02949"
"480","Adamantane-1-Carboxylic Acid-5-Dimethylamino-Naphthalene-1-Sulfonylamino-Octyl-Amide (DB03031)","0.6150","http://www.drugbank.ca/drugs/DB03031"
"481","Rolitetracycline (DB01301)","0.6092","http://www.drugbank.ca/drugs/DB01301"
"482","Cinalukast (DB00587)","0.5974","http://www.drugbank.ca/drugs/DB00587"
"483","Heme D (DB03469)","0.5820","http://www.drugbank.ca/drugs/DB03469"
"484","Maraviroc (DB04835)","0.5817","http://www.drugbank.ca/drugs/DB04835"
"485","(4aS,4bR,10bS,12aS)-12a-methyl-1,3-dioxo-2-(pyridin-3-ylmethyl)-1,2,3,4,4a,4b,5,6,10b,11,12,12a-dodecahydronaphtho[2,1-f]isoquinolin-8-yl sulfamate (DB08418)","0.5799","http://www.drugbank.ca/drugs/DB08418"
"486","Bimatoprost (DB00905)","0.5754","http://www.drugbank.ca/drugs/DB00905"
"487","Mifepristone (DB00834)","0.5657","http://www.drugbank.ca/drugs/DB00834"
"488","CDB-2914 (DB05366)","0.5605","http://www.drugbank.ca/drugs/DB05366"
"489","Aliskiren (DB01258)","0.5444","http://www.drugbank.ca/drugs/DB01258"
"490","Lurasidone (DB08815)","0.5272","http://www.drugbank.ca/drugs/DB08815"
"491","Remikiren (DB00212)","0.5202","http://www.drugbank.ca/drugs/DB00212"
"492","Latanoprost (DB00654)","0.5191","http://www.drugbank.ca/drugs/DB00654"
"493","Phylloquinone (DB01022)","0.4828","http://www.drugbank.ca/drugs/DB01022"
"494","Treprostinil (DB00374)","0.4753","http://www.drugbank.ca/drugs/DB00374"
"495","Iloprost (DB01088)","0.4729","http://www.drugbank.ca/drugs/DB01088"
"496","(1S,3R,4S,5S,7S)-4-{[2-(4-METHOXYPHENOXY)-2-METHYLPROPANOYL]AMINO}ADAMANTANE-1-CARBOXAMIDE (DB08280)","0.4561","http://www.drugbank.ca/drugs/DB08280"
"497","Myxothiazol (DB04741)","0.4417","http://www.drugbank.ca/drugs/DB04741"
"498","BMS068645 (DB05009)","0.4027","http://www.drugbank.ca/drugs/DB05009"
"499","Nandrolone phenpropionate (DB00984)","0.3597","http://www.drugbank.ca/drugs/DB00984"
"500","Epothilone D (DB01873)","0.3168","http://www.drugbank.ca/drugs/DB01873"
