"","DrugBank Compound (Name, ID)","Similarity to ","Link"
"1","Cyclohexylammonium Ion (DB02995)","0.97948","http://www.drugbank.ca/drugs/DB02995"
"2","7,8-Diamino-Nonanoic Acid (DB01715)","0.97557","http://www.drugbank.ca/drugs/DB01715"
"3","Octamethylenediamine (DB04333)","0.97048","http://www.drugbank.ca/drugs/DB04333"
"4","1,6-Diaminohexane (DB03260)","0.96751","http://www.drugbank.ca/drugs/DB03260"
"5","Cyclohexylformamide (DB03559)","0.96201","http://www.drugbank.ca/drugs/DB03559"
"6","Octahydroindole-2-Carboxylic Acid (DB03409)","0.96131","http://www.drugbank.ca/drugs/DB03409"
"7","4-PIPERIDIN-4-YLBUTANAL (DB04654)","0.96062","http://www.drugbank.ca/drugs/DB04654"
"8","Aminomethylcyclohexane (DB02435)","0.96061","http://www.drugbank.ca/drugs/DB02435"
"9","(2s)-2,8-Diaminooctanoic Acid (DB04486)","0.95693","http://www.drugbank.ca/drugs/DB04486"
"10","Leucine - Reduced Carbonyl (DB02107)","0.95649","http://www.drugbank.ca/drugs/DB02107"
"11","Pentane-1,5-Diamine (DB03854)","0.95294","http://www.drugbank.ca/drugs/DB03854"
"12","Cycloleucine (DB04620)","0.95271","http://www.drugbank.ca/drugs/DB04620"
"13","Valpromide (DB04165)","0.95118","http://www.drugbank.ca/drugs/DB04165"
"14","Propylhexedrine (DB06714)","0.95026","http://www.drugbank.ca/drugs/DB06714"
"15","1-Hydroxy-2-Amino-3-Cyclohexylpropane (DB04387)","0.94856","http://www.drugbank.ca/drugs/DB04387"
"16","L-Isoleucine (DB00167)","0.94845","http://www.drugbank.ca/drugs/DB00167"
"17","Allo-Isoleucine (DB01739)","0.94845","http://www.drugbank.ca/drugs/DB01739"
"18","2,6-Diamino-Hexanoic Acid Amide (DB03988)","0.94820","http://www.drugbank.ca/drugs/DB03988"
"19","Pregabalin (DB00230)","0.94579","http://www.drugbank.ca/drugs/DB00230"
"20","(1r,4s)-2-Azabornane (DB02409)","0.94434","http://www.drugbank.ca/drugs/DB02409"
"21","Beta-Cyclohexyl-Alanine (DB02884)","0.94389","http://www.drugbank.ca/drugs/DB02884"
"22","L-Leucyl-Hydroxylamine (DB03308)","0.94150","http://www.drugbank.ca/drugs/DB03308"
"23","1-Amino-1-Carbonyl Pentane (DB03241)","0.94146","http://www.drugbank.ca/drugs/DB03241"
"24","Gabapentin (DB00996)","0.94130","http://www.drugbank.ca/drugs/DB00996"
"25","Amylamine (DB02045)","0.94105","http://www.drugbank.ca/drugs/DB02045"
"26","N-1-Methylheptylformamide (DB02131)","0.93952","http://www.drugbank.ca/drugs/DB02131"
"27","Tranexamic Acid (DB00302)","0.93947","http://www.drugbank.ca/drugs/DB00302"
"28","Heptanamide (DB02641)","0.93782","http://www.drugbank.ca/drugs/DB02641"
"29","L-Valinol (DB04383)","0.93741","http://www.drugbank.ca/drugs/DB04383"
"30","Neramexane (DB04926)","0.93687","http://www.drugbank.ca/drugs/DB04926"
"31","1-Aminocyclopropanecarboxylic Acid (DB02085)","0.93646","http://www.drugbank.ca/drugs/DB02085"
"32","4-Amino Hexanoic Acid (DB04235)","0.93592","http://www.drugbank.ca/drugs/DB04235"
"33","2-Amino-N,3,3-Trimethylbutanamide (DB01949)","0.93591","http://www.drugbank.ca/drugs/DB01949"
"34","Tris(Hydroxyethyl)Aminomethane (DB04237)","0.93413","http://www.drugbank.ca/drugs/DB04237"
"35","L-Lysine (DB00123)","0.93358","http://www.drugbank.ca/drugs/DB00123"
"36","D-Lysine (DB03252)","0.93358","http://www.drugbank.ca/drugs/DB03252"
"37","(R)-N-(1-Methyl-Hexyl)-Formamide (DB03061)","0.93248","http://www.drugbank.ca/drugs/DB03061"
"38","N-Heptylformamide (DB04105)","0.92930","http://www.drugbank.ca/drugs/DB04105"
"39","5-Amino-3-Methyl-Pyrrolidine-2-Carboxylic Acid (DB03184)","0.92471","http://www.drugbank.ca/drugs/DB03184"
"40","1-(HYDROXYMETHYLENEAMINO)-8-HYDROXY-OCTANE (DB07897)","0.92424","http://www.drugbank.ca/drugs/DB07897"
"41","Cyclohexane (DB03561)","0.92413","http://www.drugbank.ca/drugs/DB03561"
"42","(3s)-2,3,4,5-Tetrahydropyridin-3-Amine (DB04504)","0.92385","http://www.drugbank.ca/drugs/DB04504"
"43","2-Methylleucine (DB04063)","0.92309","http://www.drugbank.ca/drugs/DB04063"
"44","Ethosuximide (DB00593)","0.92208","http://www.drugbank.ca/drugs/DB00593"
"45","L-Leucine (DB00149)","0.92158","http://www.drugbank.ca/drugs/DB00149"
"46","D-Leucine (DB01746)","0.92158","http://www.drugbank.ca/drugs/DB01746"
"47","Dodecane (DB02771)","0.92012","http://www.drugbank.ca/drugs/DB02771"
"48","Norleucine (DB04419)","0.91860","http://www.drugbank.ca/drugs/DB04419"
"49","Decane (DB02826)","0.91794","http://www.drugbank.ca/drugs/DB02826"
"50","Amantadine (DB00915)","0.91693","http://www.drugbank.ca/drugs/DB00915"
"51","7-Keto-8-Aminopelargonic Acid (DB02274)","0.91536","http://www.drugbank.ca/drugs/DB02274"
"52","Hydroxyaminovaline (DB02697)","0.91528","http://www.drugbank.ca/drugs/DB02697"
"53","Aminocaproic Acid (DB00513)","0.91488","http://www.drugbank.ca/drugs/DB00513"
"54","N-Methyl-Lysine (DB01714)","0.91465","http://www.drugbank.ca/drugs/DB01714"
"55","Cyclohexane Propionic Acid (DB02242)","0.91456","http://www.drugbank.ca/drugs/DB02242"
"56","Mecamylamine (DB00657)","0.91445","http://www.drugbank.ca/drugs/DB00657"
"57","DECANE-1-THIOL (DB07611)","0.91430","http://www.drugbank.ca/drugs/DB07611"
"58","N-Octane (DB02440)","0.91335","http://www.drugbank.ca/drugs/DB02440"
"59","Butylamine (DB03659)","0.91317","http://www.drugbank.ca/drugs/DB03659"
"60","Nonan-1-Ol (DB03143)","0.91141","http://www.drugbank.ca/drugs/DB03143"
"61","5-Hydroxyamino-3-Methyl-Pyrrolidine-2-Carboxylic Acid (DB02298)","0.91122","http://www.drugbank.ca/drugs/DB02298"
"62","2-Cyclopropylmethylenepropanal (DB03736)","0.91113","http://www.drugbank.ca/drugs/DB03736"
"63","Decanoic Acid (DB03600)","0.90865","http://www.drugbank.ca/drugs/DB03600"
"64","Menthol (DB00825)","0.90803","http://www.drugbank.ca/drugs/DB00825"
"65","L-Valine (DB00161)","0.90793","http://www.drugbank.ca/drugs/DB00161"
"66","Cyclohexanol (DB03703)","0.90592","http://www.drugbank.ca/drugs/DB03703"
"67","Putrescine (DB01917)","0.90562","http://www.drugbank.ca/drugs/DB01917"
"68","(4s)-5-Fluoro-L-Leucine (DB02542)","0.90266","http://www.drugbank.ca/drugs/DB02542"
"69","N5-(1-Imino-3-Butenyl)-L-Ornithine (DB03710)","0.90211","http://www.drugbank.ca/drugs/DB03710"
"70","N-Methylleucine (DB04487)","0.90154","http://www.drugbank.ca/drugs/DB04487"
"71","Hexane (DB02764)","0.90095","http://www.drugbank.ca/drugs/DB02764"
"72","6,8-DIMERCAPTO-OCTANOIC ACID AMIDE (DB08120)","0.89979","http://www.drugbank.ca/drugs/DB08120"
"73","Valproic Acid (DB00313)","0.89861","http://www.drugbank.ca/drugs/DB00313"
"74","L-Ornithine (DB00129)","0.89790","http://www.drugbank.ca/drugs/DB00129"
"75","Caprylic acid (DB04519)","0.89746","http://www.drugbank.ca/drugs/DB04519"
"76","(5r)-5-Amino-6-Hydroxyhexylcarbamic Acid (DB02437)","0.89689","http://www.drugbank.ca/drugs/DB02437"
"77","Methyl Nonanoate (Ester) (DB01631)","0.89294","http://www.drugbank.ca/drugs/DB01631"
"78","2,6-Dimethyl-7-Octen-2-Ol (DB02273)","0.89096","http://www.drugbank.ca/drugs/DB02273"
"79","1-Guanidinium-7-Aminoheptane (DB03639)","0.89051","http://www.drugbank.ca/drugs/DB03639"
"80","Norcamphor (DB03540)","0.89011","http://www.drugbank.ca/drugs/DB03540"
"81","(2s)-Pyrrolidin-2-Ylmethylamine (DB03253)","0.88975","http://www.drugbank.ca/drugs/DB03253"
"82","2-Amino-Pentanoic Acid (DB03519)","0.88871","http://www.drugbank.ca/drugs/DB03519"
"83","Norvaline (DB04185)","0.88871","http://www.drugbank.ca/drugs/DB04185"
"84","Delta-Amino Valeric Acid (DB02068)","0.88857","http://www.drugbank.ca/drugs/DB02068"
"85","Tropinone (DB01874)","0.88824","http://www.drugbank.ca/drugs/DB01874"
"86","Pseudotropine (DB04026)","0.88824","http://www.drugbank.ca/drugs/DB04026"
"87","Heptanoic Acid (DB02938)","0.88679","http://www.drugbank.ca/drugs/DB02938"
"88","Adamantane (DB03627)","0.88583","http://www.drugbank.ca/drugs/DB03627"
"89","2-{[Formyl(Hydroxy)Amino]Methyl}-4-Methylpentanoic Acid (DB03683)","0.88532","http://www.drugbank.ca/drugs/DB03683"
"90","2,6-Diaminopimelic Acid (DB03590)","0.88527","http://www.drugbank.ca/drugs/DB03590"
"91","Pentane (DB03119)","0.88498","http://www.drugbank.ca/drugs/DB03119"
"92","(2r)-2-{[Formyl(Hydroxy)Amino]Methyl}Hexanoic Acid (DB02625)","0.88408","http://www.drugbank.ca/drugs/DB02625"
"93","6-Hydroxy-D-Norleucine (DB02233)","0.88194","http://www.drugbank.ca/drugs/DB02233"
"94","6-Hydroxy-L-Norleucine (DB03412)","0.88194","http://www.drugbank.ca/drugs/DB03412"
"95","2-Amino-6-Oxo-Hexanoic Acid (DB02571)","0.88194","http://www.drugbank.ca/drugs/DB02571"
"96","Ethinamate (DB01031)","0.88129","http://www.drugbank.ca/drugs/DB01031"
"97","2s,3r-2-Amino-3-Methylpentanedioic Acid (DB01898)","0.88124","http://www.drugbank.ca/drugs/DB01898"
"98","(3r)-3-Methyl-L-Glutamic Acid (DB03810)","0.88124","http://www.drugbank.ca/drugs/DB03810"
"99","6-Hydroxy-6-Methyl-Heptan-3-One (DB03711)","0.87895","http://www.drugbank.ca/drugs/DB03711"
"100","1-Octen-3-Ol (DB03025)","0.87694","http://www.drugbank.ca/drugs/DB03025"
"101","L-Homoarginine (DB03974)","0.87618","http://www.drugbank.ca/drugs/DB03974"
"102","6-Bromo-1-hexanol (DB04637)","0.87536","http://www.drugbank.ca/drugs/DB04637"
"103","4-Hydroxybutan-1-Aminium (DB02541)","0.87521","http://www.drugbank.ca/drugs/DB02541"
"104","D-Isovaline (DB04171)","0.87520","http://www.drugbank.ca/drugs/DB04171"
"105","3-Butylthiolane 1-Oxide (DB02871)","0.87399","http://www.drugbank.ca/drugs/DB02871"
"106","2-Aminopimelic Acid (DB03134)","0.87383","http://www.drugbank.ca/drugs/DB03134"
"107","Eucalyptol (DB03852)","0.87357","http://www.drugbank.ca/drugs/DB03852"
"108","4-Methyl Valeric Acid (DB03993)","0.87295","http://www.drugbank.ca/drugs/DB03993"
"109","4r-Fluoro-N6-Ethanimidoyl-L-Lysine (DB01835)","0.87152","http://www.drugbank.ca/drugs/DB01835"
"110","1-Hydroxyamine-2-Isobutylmalonic Acid (DB02326)","0.87116","http://www.drugbank.ca/drugs/DB02326"
"111","5-(Hydroxy-Methyl-Amino)-3-Methyl-Pyrrolidine-2-Carboxylic Acid (DB01855)","0.87050","http://www.drugbank.ca/drugs/DB01855"
"112","(2s,5s)-5-Carboxymethylproline (DB03215)","0.87004","http://www.drugbank.ca/drugs/DB03215"
"113","1-Hydroxy-3-Methylbutane (DB02296)","0.86940","http://www.drugbank.ca/drugs/DB02296"
"114","Camphane (DB04501)","0.86756","http://www.drugbank.ca/drugs/DB04501"
"115","5-Oxo-L-Norleucine (DB04296)","0.86731","http://www.drugbank.ca/drugs/DB04296"
"116","Vigabatrin (DB01080)","0.86712","http://www.drugbank.ca/drugs/DB01080"
"117","(2S)-2-HYDROXYOCTANOIC ACID (DB07907)","0.86570","http://www.drugbank.ca/drugs/DB07907"
"118","Lysine Nz-Carboxylic Acid (DB03801)","0.86545","http://www.drugbank.ca/drugs/DB03801"
"119","D-Limonene 1,2-Epoxide (DB02924)","0.86527","http://www.drugbank.ca/drugs/DB02924"
"120","Butyramide (DB02121)","0.86521","http://www.drugbank.ca/drugs/DB02121"
"121","Camphor (DB01744)","0.86381","http://www.drugbank.ca/drugs/DB01744"
"122","Thiocamphor (DB02851)","0.86381","http://www.drugbank.ca/drugs/DB02851"
"123","Pentanal (DB01919)","0.86380","http://www.drugbank.ca/drugs/DB01919"
"124","N-Butyl Isocyanide (DB01826)","0.86358","http://www.drugbank.ca/drugs/DB01826"
"125","2-(Thiomethylene)-4-Methylpentanoic Acid (DB02996)","0.86314","http://www.drugbank.ca/drugs/DB02996"
"126","PIPERIDINE-2-CARBOXYLIC ACID TERT-BUTYLAMIDE (DB08421)","0.86267","http://www.drugbank.ca/drugs/DB08421"
"127","Penicillamine (DB00859)","0.85828","http://www.drugbank.ca/drugs/DB00859"
"128","Barbital (DB01483)","0.85681","http://www.drugbank.ca/drugs/DB01483"
"129","L-2-Amino-6-Methylene-Pimelic Acid (DB02892)","0.85490","http://www.drugbank.ca/drugs/DB02892"
"130","N-Dimethyl-Lysine (DB03362)","0.85440","http://www.drugbank.ca/drugs/DB03362"
"131","4-Amido-4-Carbamoyl-Butyric Acid (DB03091)","0.85438","http://www.drugbank.ca/drugs/DB03091"
"132","L-Proline (DB00172)","0.85249","http://www.drugbank.ca/drugs/DB00172"
"133","D-Proline (DB02853)","0.85249","http://www.drugbank.ca/drugs/DB02853"
"134","Hexane-1,6-Diol (DB02210)","0.85183","http://www.drugbank.ca/drugs/DB02210"
"135","Alpha-Difluoromethylornithine (DB03856)","0.84843","http://www.drugbank.ca/drugs/DB03856"
"136","(4r)-7aza-7,8-Dihydrolimonene (DB01802)","0.84718","http://www.drugbank.ca/drugs/DB01802"
"137","L-Glutamine (DB00130)","0.84678","http://www.drugbank.ca/drugs/DB00130"
"138","D-Glutamine (DB02174)","0.84678","http://www.drugbank.ca/drugs/DB02174"
"139","N5-Iminoethyl-L-Ornithine (DB03305)","0.84432","http://www.drugbank.ca/drugs/DB03305"
"140","L-Thiocitrulline (DB03953)","0.84431","http://www.drugbank.ca/drugs/DB03953"
"141","4-Methyl-Pyrroline-5-Carboxylic Acid (DB03930)","0.84409","http://www.drugbank.ca/drugs/DB03930"
"142","Isovaleric Acid (DB03750)","0.84344","http://www.drugbank.ca/drugs/DB03750"
"143","Spermidine (DB03566)","0.84005","http://www.drugbank.ca/drugs/DB03566"
"144","Beta-Hydroxyleucine (DB02978)","0.83946","http://www.drugbank.ca/drugs/DB02978"
"145","5-Hydroxy Norvaline (DB03105)","0.83578","http://www.drugbank.ca/drugs/DB03105"
"146","Glutamyl Group (DB03774)","0.83578","http://www.drugbank.ca/drugs/DB03774"
"147","4-Carboxy-4-Aminobutanal (DB04388)","0.83578","http://www.drugbank.ca/drugs/DB04388"
"148","(3r)-1-Acetyl-3-Methylpiperidine (DB01742)","0.83389","http://www.drugbank.ca/drugs/DB01742"
"149","N-Valeric Acid (DB02406)","0.83339","http://www.drugbank.ca/drugs/DB02406"
"150","5-Oxo-Pyrrolidine-2-Carbaldehyde (DB03901)","0.83015","http://www.drugbank.ca/drugs/DB03901"
"151","Pimelic Acid (DB01856)","0.82910","http://www.drugbank.ca/drugs/DB01856"
"152","N-Carbamyl-D-Valine (DB01847)","0.82861","http://www.drugbank.ca/drugs/DB01847"
"153","Isometheptene (DB06706)","0.82833","http://www.drugbank.ca/drugs/DB06706"
"154","Amyl Nitrite (DB01612)","0.82726","http://www.drugbank.ca/drugs/DB01612"
"155","2s,4r-4-Methylglutamate (DB03425)","0.82725","http://www.drugbank.ca/drugs/DB03425"
"156","Gamma(Amino)-Butyric Acid (DB02530)","0.82410","http://www.drugbank.ca/drugs/DB02530"
"157","N5-Methylglutamine (DB03473)","0.82393","http://www.drugbank.ca/drugs/DB03473"
"158","3,4-Dihydro-2h-Pyrrolium-5-Carboxylate (DB02838)","0.82195","http://www.drugbank.ca/drugs/DB02838"
"159","Arginineamide (DB02299)","0.82185","http://www.drugbank.ca/drugs/DB02299"
"160","Glutamine Hydroxamate (DB02446)","0.82001","http://www.drugbank.ca/drugs/DB02446"
"161","2-Oxo-4-Methylpentanoic Acid (DB03229)","0.81958","http://www.drugbank.ca/drugs/DB03229"
"162","(1R)-1,2,2-TRIMETHYLPROPYL (R)-METHYLPHOSPHINATE (DB07821)","0.81867","http://www.drugbank.ca/drugs/DB07821"
"163","(1R)-1,2,2-TRIMETHYLPROPYL (S)-METHYLPHOSPHINATE (DB07822)","0.81867","http://www.drugbank.ca/drugs/DB07822"
"164","L-Arginine (DB00125)","0.81849","http://www.drugbank.ca/drugs/DB00125"
"165","D-Arginine (DB04027)","0.81849","http://www.drugbank.ca/drugs/DB04027"
"166","2,4-Diaminobutyric Acid (DB03817)","0.81799","http://www.drugbank.ca/drugs/DB03817"
"167","Alpha-Aminobutyric Acid (DB04454)","0.81768","http://www.drugbank.ca/drugs/DB04454"
"168","2-Methylbutanoic Acid (DB03741)","0.81761","http://www.drugbank.ca/drugs/DB03741"
"169","4-Piperidino-Piperidine (DB03056)","0.81618","http://www.drugbank.ca/drugs/DB03056"
"170","L-Citrulline (DB00155)","0.81033","http://www.drugbank.ca/drugs/DB00155"
"171","Pentanedial (DB03266)","0.80835","http://www.drugbank.ca/drugs/DB03266"
"172","Aminolevulinic acid (DB00855)","0.80751","http://www.drugbank.ca/drugs/DB00855"
"173","Butan-1-Ol (DB02145)","0.80743","http://www.drugbank.ca/drugs/DB02145"
"174","Pyroglutamic Acid (DB03088)","0.80455","http://www.drugbank.ca/drugs/DB03088"
"175","(4r)-2-Methylpentane-2,4-Diol (DB03564)","0.80385","http://www.drugbank.ca/drugs/DB03564"
"176","Spermine (DB00127)","0.80126","http://www.drugbank.ca/drugs/DB00127"
"177","N-Omega-Hydroxy-L-Arginine (DB03144)","0.79960","http://www.drugbank.ca/drugs/DB03144"
"178","2-Amino-4-Butyl-5-Propylselenazole (DB01740)","0.79643","http://www.drugbank.ca/drugs/DB01740"
"179","Carboplatin (DB00958)","0.79613","http://www.drugbank.ca/drugs/DB00958"
"180","Leucine Phosphonic Acid (DB02386)","0.79529","http://www.drugbank.ca/drugs/DB02386"
"181","2-Amino-4-Mercapto-Butyric Acid (DB04422)","0.79218","http://www.drugbank.ca/drugs/DB04422"
"182","Ethambutol (DB00330)","0.78917","http://www.drugbank.ca/drugs/DB00330"
"183","Tetrahydropyran (DB02412)","0.78765","http://www.drugbank.ca/drugs/DB02412"
"184","Hydroxyproline (DB08847)","0.78569","http://www.drugbank.ca/drugs/DB08847"
"185","Swainsonine (DB02034)","0.78502","http://www.drugbank.ca/drugs/DB02034"
"186","1-Amino-2,3-Dihydroxy-5-Hydroxymethyl Cyclohex-5-Ene (DB01789)","0.78475","http://www.drugbank.ca/drugs/DB01789"
"187","(2s,3r)-1-Amino-2-Methylbutane-2,3-Diol (DB02847)","0.78282","http://www.drugbank.ca/drugs/DB02847"
"188","Heptane-1,2,3-Triol (DB04079)","0.78219","http://www.drugbank.ca/drugs/DB04079"
"189","(3r,4r,5r)-5-(Hydroxymethyl)Piperidine-3,4-Diol (DB04545)","0.78091","http://www.drugbank.ca/drugs/DB04545"
"190","3-Methyl-Aspartic Acid (DB04313)","0.78073","http://www.drugbank.ca/drugs/DB04313"
"191","2s,3s-3-Methylaspartic Acid (DB04538)","0.78073","http://www.drugbank.ca/drugs/DB04538"
"192","5-hydroxyvaleric acid (DB04781)","0.77895","http://www.drugbank.ca/drugs/DB04781"
"193","Methyl aminolevulinate (DB00992)","0.77859","http://www.drugbank.ca/drugs/DB00992"
"194","(2s)-4-(Beta-Alanylamino)-2-Aminobutanoic Acid (DB03236)","0.77857","http://www.drugbank.ca/drugs/DB03236"
"195","2-Butanol (DB02606)","0.77841","http://www.drugbank.ca/drugs/DB02606"
"196","N-Formylpiperidine (DB04113)","0.77760","http://www.drugbank.ca/drugs/DB04113"
"197","L-Glutamic Acid (DB00142)","0.77742","http://www.drugbank.ca/drugs/DB00142"
"198","D-Glutamic Acid (DB02517)","0.77742","http://www.drugbank.ca/drugs/DB02517"
"199","1-Methyl-2-Oxy-5,5-Dimethyl Pyrrolidine (DB03968)","0.77557","http://www.drugbank.ca/drugs/DB03968"
"200","Norleucine Phosphonate (DB02088)","0.77538","http://www.drugbank.ca/drugs/DB02088"
"201","3-Amino-4,5-Dihydroxy-Cyclohex-1-Enecarboxylate (DB03746)","0.77296","http://www.drugbank.ca/drugs/DB03746"
"202","(R)-Mevalonate (DB03518)","0.77174","http://www.drugbank.ca/drugs/DB03518"
"203","N-Acetyl-L-Glutamine (DB04167)","0.77153","http://www.drugbank.ca/drugs/DB04167"
"204","2(S)-Amino-6-Boronohexanoic Acid (DB01983)","0.76672","http://www.drugbank.ca/drugs/DB01983"
"205","Laevulinic Acid (DB02239)","0.75839","http://www.drugbank.ca/drugs/DB02239"
"206","2-Dehydropantoate (DB03795)","0.75804","http://www.drugbank.ca/drugs/DB03795"
"207","Butanoic Acid (DB03568)","0.75648","http://www.drugbank.ca/drugs/DB03568"
"208","Agmatine (DB08838)","0.75578","http://www.drugbank.ca/drugs/DB08838"
"209","Ethchlorvynol (DB00189)","0.75438","http://www.drugbank.ca/drugs/DB00189"
"210","2,2,5,5-TETRAMETHYL-3-(SULFANYLMETHYL)-2,5-DIHYDRO-1H-PYRROL-1-OL (DB08217)","0.75277","http://www.drugbank.ca/drugs/DB08217"
"211","L-Asparagine (DB00174)","0.75004","http://www.drugbank.ca/drugs/DB00174"
"212","D-Asparagine (DB03943)","0.75004","http://www.drugbank.ca/drugs/DB03943"
"213","L-Methionine (DB00134)","0.75002","http://www.drugbank.ca/drugs/DB00134"
"214","D-Methionine (DB02893)","0.75002","http://www.drugbank.ca/drugs/DB02893"
"215","1-ACETYL-2-CARBOXYPIPERIDINE (DB07384)","0.74853","http://www.drugbank.ca/drugs/DB07384"
"216","(4e)-4-Aminohex-4-Enoic Acid (DB01699)","0.74707","http://www.drugbank.ca/drugs/DB01699"
"217","3-Hydroxy-3-Methyl-Glutaric Acid (DB04377)","0.74335","http://www.drugbank.ca/drugs/DB04377"
"218","N-Trimethyllysine (DB03977)","0.74291","http://www.drugbank.ca/drugs/DB03977"
"219","N3, N4-Dimethylarginine (DB02302)","0.74219","http://www.drugbank.ca/drugs/DB02302"
"220","L-Homoserine (DB04193)","0.74183","http://www.drugbank.ca/drugs/DB04193"
"221","5-Fluorolevulinic Acid (DB02828)","0.74122","http://www.drugbank.ca/drugs/DB02828"
"222","Levetiracetam (DB01202)","0.74114","http://www.drugbank.ca/drugs/DB01202"
"223","Reduced Threonine (DB01724)","0.73899","http://www.drugbank.ca/drugs/DB01724"
"224","Beta-Amino Isobutyrate (DB03432)","0.73899","http://www.drugbank.ca/drugs/DB03432"
"225","N-Butyl-N'-Hydroxyguanidine (DB02727)","0.73789","http://www.drugbank.ca/drugs/DB02727"
"226","1-Aminocyclopropylphosphonate (DB03053)","0.73782","http://www.drugbank.ca/drugs/DB03053"
"227","2-Methylpentane-1,2,4-Triol (DB01881)","0.73687","http://www.drugbank.ca/drugs/DB01881"
"228","3-Aminosuccinimide (DB03487)","0.72622","http://www.drugbank.ca/drugs/DB03487"
"229","Canaline (DB02821)","0.72466","http://www.drugbank.ca/drugs/DB02821"
"230","2,4-Dihydroxy-3,3-Dimethyl-Butyrate (DB01930)","0.72395","http://www.drugbank.ca/drugs/DB01930"
"231","2,3-Dihydroxy-Valerianic Acid (DB03675)","0.72382","http://www.drugbank.ca/drugs/DB03675"
"232","N,N-dimethylarginine (DB01686)","0.72310","http://www.drugbank.ca/drugs/DB01686"
"233","N-Propyl Isocyanide (DB04050)","0.72010","http://www.drugbank.ca/drugs/DB04050"
"234","Glutaric Acid (DB03553)","0.72004","http://www.drugbank.ca/drugs/DB03553"
"235","3-Oxiran-2ylalanine (DB03191)","0.71886","http://www.drugbank.ca/drugs/DB03191"
"236","1,4-Butanediol (DB01955)","0.71766","http://www.drugbank.ca/drugs/DB01955"
"237","Homoserine Lactone (DB02624)","0.71741","http://www.drugbank.ca/drugs/DB02624"
"238","Carglumic Acid (DB06775)","0.71191","http://www.drugbank.ca/drugs/DB06775"
"239","S,3-Hydroxybutan-2-One (DB02788)","0.71059","http://www.drugbank.ca/drugs/DB02788"
"240","Alpha-Aminoisobutyric Acid (DB02952)","0.70731","http://www.drugbank.ca/drugs/DB02952"
"241","Methionine Sulfoxide (DB02235)","0.70684","http://www.drugbank.ca/drugs/DB02235"
"242","S-Oxymethionine (DB02467)","0.70684","http://www.drugbank.ca/drugs/DB02467"
"243","Selenomethionine Selenoxide (DB02958)","0.70684","http://www.drugbank.ca/drugs/DB02958"
"244","Beta-3-Cysteine (DB02780)","0.70485","http://www.drugbank.ca/drugs/DB02780"
"245","S-Butyryl-Cystein (DB02160)","0.70481","http://www.drugbank.ca/drugs/DB02160"
"246","(4s)-4-{[(2s)-2-Amino-3-Oxopropyl]Sulfanyl}-L-Homoserinate (DB03502)","0.70383","http://www.drugbank.ca/drugs/DB03502"
"247","6-Amino-4-Hydroxymethyl-Cyclohex-4-Ene-1,2,3-Triol (DB02120)","0.70356","http://www.drugbank.ca/drugs/DB02120"
"248","L-Threonine (DB00156)","0.70000","http://www.drugbank.ca/drugs/DB00156"
"249","D-Threonine (DB03700)","0.70000","http://www.drugbank.ca/drugs/DB03700"
"250","2-Hydroxymethyl-Pyrrolidine-3,4-Diol (DB03411)","0.69711","http://www.drugbank.ca/drugs/DB03411"
"251","2,5-Dideoxy-2,5-Imino-D-Glucitol (DB02172)","0.69645","http://www.drugbank.ca/drugs/DB02172"
"252","Nor-N-Omega-Hydroxy-L-Arginine (DB02381)","0.69499","http://www.drugbank.ca/drugs/DB02381"
"253","2-Amino-4-(2-Amino-Ethoxy)-Butyric Acid (DB02971)","0.69108","http://www.drugbank.ca/drugs/DB02971"
"254","2-Methyl-2-Propanol (DB03900)","0.68739","http://www.drugbank.ca/drugs/DB03900"
"255","N-Acetylmethionine (DB01646)","0.68635","http://www.drugbank.ca/drugs/DB01646"
"256","1-Deoxynojirimycin (DB03206)","0.68436","http://www.drugbank.ca/drugs/DB03206"
"257","1,5-Dideoxy-1,5-Imino-D-Mannitol (DB03955)","0.68436","http://www.drugbank.ca/drugs/DB03955"
"258","(2s,3s)-Trans-2,3-Dihydro-3-Hydroxyanthranilic Acid (DB02124)","0.68434","http://www.drugbank.ca/drugs/DB02124"
"259","1,3-Butanediol (DB02202)","0.68426","http://www.drugbank.ca/drugs/DB02202"
"260","S-propylamine-L-cysteine (DB04648)","0.68349","http://www.drugbank.ca/drugs/DB04648"
"261","F-Loop of Vitamin B12 (DB02576)","0.68349","http://www.drugbank.ca/drugs/DB02576"
"262","N-Formylmethionine (DB04464)","0.68328","http://www.drugbank.ca/drugs/DB04464"
"263","1-Butane Boronic Acid (DB02664)","0.68117","http://www.drugbank.ca/drugs/DB02664"
"264","Paramethadione (DB00617)","0.68094","http://www.drugbank.ca/drugs/DB00617"
"265","N-Acetylproline (DB03360)","0.67567","http://www.drugbank.ca/drugs/DB03360"
"266","Gamma Hydroxybutyric Acid (DB01440)","0.67512","http://www.drugbank.ca/drugs/DB01440"
"267","Difluoromethionine (DB03816)","0.67434","http://www.drugbank.ca/drugs/DB03816"
"268","D-Gluconhydroximo-1,5-Lactam (DB02376)","0.66867","http://www.drugbank.ca/drugs/DB02376"
"269","D-Galactohydroximo-1,5-Lactam (DB02525)","0.66867","http://www.drugbank.ca/drugs/DB02525"
"270","(1s,2s)-1-Amino-1-(1,3-Thiazol-2-Yl)Propan-2-Ol (DB03724)","0.66763","http://www.drugbank.ca/drugs/DB03724"
"271","2,3-Dideoxyfucose (DB03872)","0.66668","http://www.drugbank.ca/drugs/DB03872"
"272","L-Aspartic Acid (DB00128)","0.66659","http://www.drugbank.ca/drugs/DB00128"
"273","D-Aspartic Acid (DB02655)","0.66659","http://www.drugbank.ca/drugs/DB02655"
"274","L-Iso-Aspartate (DB03089)","0.66659","http://www.drugbank.ca/drugs/DB03089"
"275","2-Amino-4-(Hydroxymethyl-Phosphinyl)Butanoic Acid (DB02663)","0.66255","http://www.drugbank.ca/drugs/DB02663"
"276","L-2-Amino-4-(Guanidinooxy)Butyric Acid (DB01833)","0.66181","http://www.drugbank.ca/drugs/DB01833"
"277","Isobutyric Acid (DB02531)","0.66066","http://www.drugbank.ca/drugs/DB02531"
"278","Tetrahydrofuran-2-Carboxylic Acid (DB03051)","0.65937","http://www.drugbank.ca/drugs/DB03051"
"279","2-Chloro-6-Methyl-Aniline (DB03842)","0.65868","http://www.drugbank.ca/drugs/DB03842"
"280","N-Carbamyl-D-Methionine (DB03364)","0.65799","http://www.drugbank.ca/drugs/DB03364"
"281","3-Deoxy-D-Glucosamine (DB02700)","0.65257","http://www.drugbank.ca/drugs/DB02700"
"282","Acetone Cyanohydrin (DB02203)","0.65215","http://www.drugbank.ca/drugs/DB02203"
"283","Beta-Alanine (DB03107)","0.65107","http://www.drugbank.ca/drugs/DB03107"
"284","Xylose-Derived Lactam Oxime (DB01921)","0.65021","http://www.drugbank.ca/drugs/DB01921"
"285","4-Butyrolactone (DB04699)","0.64974","http://www.drugbank.ca/drugs/DB04699"
"286","Beta-Hydroxyasparagine (DB04527)","0.64852","http://www.drugbank.ca/drugs/DB04527"
"287","N-Propyl-Tartramic Acid (DB03390)","0.64645","http://www.drugbank.ca/drugs/DB03390"
"288","Beta-3-Serine (DB02904)","0.64493","http://www.drugbank.ca/drugs/DB02904"
"289","N-Carboxymethionine (DB02899)","0.64320","http://www.drugbank.ca/drugs/DB02899"
"290","1-Proponol (DB03175)","0.64077","http://www.drugbank.ca/drugs/DB03175"
"291","2-Amino-3-Mercapto-Propionamide (DB03275)","0.63941","http://www.drugbank.ca/drugs/DB03275"
"292","4-(DIMETHYLAMINO)BUTYL IMIDOTHIOCARBAMATE (DB07106)","0.63792","http://www.drugbank.ca/drugs/DB07106"
"293","N-(3-MERCAPTOPROPANOYL)-D-ALANINE (DB07939)","0.63505","http://www.drugbank.ca/drugs/DB07939"
"294","4,6-Dideoxy-4-Amino-Beta-D-Glucopyranoside (DB02469)","0.63503","http://www.drugbank.ca/drugs/DB02469"
"295","4,6-Dideoxy-4-Amino-Alpha-D-Glucose (DB03439)","0.63503","http://www.drugbank.ca/drugs/DB03439"
"296","(R,R)-2,3-Butanediol (DB02418)","0.63433","http://www.drugbank.ca/drugs/DB02418"
"297","3-Amino-Alanine (DB03320)","0.63202","http://www.drugbank.ca/drugs/DB03320"
"298","(8ar)-Hexahydropyrrolo[1,2-a]Pyrazine-1,4-Dione (DB04541)","0.63186","http://www.drugbank.ca/drugs/DB04541"
"299","2-Keto-3-Deoxygluconate (DB03489)","0.62912","http://www.drugbank.ca/drugs/DB03489"
"300","S,S-Propylthiocysteine (DB03654)","0.62601","http://www.drugbank.ca/drugs/DB03654"
"301","5-Thio-a/B-D-Mannopyranosylamine (DB03414)","0.62570","http://www.drugbank.ca/drugs/DB03414"
"302","N-Hydroxy-4-Phosphono-Butanamide (DB01695)","0.62434","http://www.drugbank.ca/drugs/DB01695"
"303","L-Alanine (DB00160)","0.60762","http://www.drugbank.ca/drugs/DB00160"
"304","D-Alanine (DB01786)","0.60762","http://www.drugbank.ca/drugs/DB01786"
"305","Nicotine (DB00184)","0.60364","http://www.drugbank.ca/drugs/DB00184"
"306","L-Rhamnose (DB02961)","0.59727","http://www.drugbank.ca/drugs/DB02961"
"307","Tert-Butyloxycarbonyl Group (DB02768)","0.59703","http://www.drugbank.ca/drugs/DB02768"
"308","N-Carbamoyl-L-Aspartate (DB04252)","0.59507","http://www.drugbank.ca/drugs/DB04252"
"309","4-(Methylsulfanyl)-2-Oxobutanoic Acid (DB02238)","0.59321","http://www.drugbank.ca/drugs/DB02238"
"310","Dihydroorotic Acid (DB02129)","0.59004","http://www.drugbank.ca/drugs/DB02129"
"311","Cycloserine (DB00260)","0.58658","http://www.drugbank.ca/drugs/DB00260"
"312","S-Acetonylcysteine (DB03858)","0.58578","http://www.drugbank.ca/drugs/DB03858"
"313","Buformin (DB04830)","0.58430","http://www.drugbank.ca/drugs/DB04830"
"314","4,6-Dideoxyglucose (DB01841)","0.58176","http://www.drugbank.ca/drugs/DB01841"
"315","Abequose (DB02590)","0.58176","http://www.drugbank.ca/drugs/DB02590"
"316","Tyvelose (DB04028)","0.58176","http://www.drugbank.ca/drugs/DB04028"
"317","D-2-Keto-3-Deoxygalactonate (DB02807)","0.58074","http://www.drugbank.ca/drugs/DB02807"
"318","D-2-Keto-3-Deoxygluconate (DB03303)","0.58074","http://www.drugbank.ca/drugs/DB03303"
"319","4-Deoxy-4-Amino-Beta-D-Glucose (DB03291)","0.57953","http://www.drugbank.ca/drugs/DB03291"
"320","4,5-Dihydroxy-Tetrahydro-Pyran-2-Carboxylic Acid (DB02227)","0.57520","http://www.drugbank.ca/drugs/DB02227"
"321","Proline Betaine (DB04284)","0.57455","http://www.drugbank.ca/drugs/DB04284"
"322","2,2-Dimethylthiazolidine-4-Carboxylic Acid;(Dmt)Thiazolidine (DB01635)","0.57291","http://www.drugbank.ca/drugs/DB01635"
"323","Tetrahydrooxazine (DB03862)","0.57242","http://www.drugbank.ca/drugs/DB03862"
"324","L-Cysteine (DB00151)","0.56780","http://www.drugbank.ca/drugs/DB00151"
"325","3-Chloroalaninate (DB01735)","0.56780","http://www.drugbank.ca/drugs/DB01735"
"326","Selenocysteine (DB02345)","0.56780","http://www.drugbank.ca/drugs/DB02345"
"327","D-Cysteine (DB03201)","0.56780","http://www.drugbank.ca/drugs/DB03201"
"328","2-Ammoniobut-3-Enoate, 2-Amino-3-Butenoate (DB01804)","0.56712","http://www.drugbank.ca/drugs/DB01804"
"329","Vinylglycine (DB03214)","0.56712","http://www.drugbank.ca/drugs/DB03214"
"330","Glucosamine (DB01296)","0.56435","http://www.drugbank.ca/drugs/DB01296"
"331","2-Deoxy-2-Aminogalactose (DB02678)","0.56435","http://www.drugbank.ca/drugs/DB02678"
"332","Amifostine (DB01143)","0.56403","http://www.drugbank.ca/drugs/DB01143"
"333","Tagatose (DB04936)","0.56317","http://www.drugbank.ca/drugs/DB04936"
"334","Beta-Hydroxyaspartic Acid (DB03640)","0.56263","http://www.drugbank.ca/drugs/DB03640"
"335","Guanidine-3-Propanol (DB03637)","0.56097","http://www.drugbank.ca/drugs/DB03637"
"336","Xylose-Derived Imidazole (DB02374)","0.56045","http://www.drugbank.ca/drugs/DB02374"
"337","Dithioerythritol (DB01692)","0.56040","http://www.drugbank.ca/drugs/DB01692"
"338","(2s,3s)-1,4-Dimercaptobutane-2,3-Diol (DB02184)","0.56040","http://www.drugbank.ca/drugs/DB02184"
"339","1,4-Dithiothreitol (DB04447)","0.56040","http://www.drugbank.ca/drugs/DB04447"
"340","Descarboxy-nor-N(Omega)-Hydroxy-L-Arginine (DB04197)","0.55884","http://www.drugbank.ca/drugs/DB04197"
"341","D-Xylulose (DB03947)","0.55695","http://www.drugbank.ca/drugs/DB03947"
"342","Aspartic Acid-4-Carboxymethyl Ester (DB03522)","0.55278","http://www.drugbank.ca/drugs/DB03522"
"343","L-Rhamnitol (DB02399)","0.54925","http://www.drugbank.ca/drugs/DB02399"
"344","Fucitol (DB03815)","0.54925","http://www.drugbank.ca/drugs/DB03815"
"345","1-Bromopropane-2-Ol (DB03335)","0.54923","http://www.drugbank.ca/drugs/DB03335"
"346","N-Acetylalanine (DB02518)","0.54548","http://www.drugbank.ca/drugs/DB02518"
"347","L-Cystine (DB00138)","0.54523","http://www.drugbank.ca/drugs/DB00138"
"348","S-Selanyl Cysteine (DB03049)","0.54173","http://www.drugbank.ca/drugs/DB03049"
"349","Tris(Hydroxymethyl)Aminomethane (DB03754)","0.54148","http://www.drugbank.ca/drugs/DB03754"
"350","D-Glucose in Linear Form (DB01914)","0.54121","http://www.drugbank.ca/drugs/DB01914"
"351","TERT-BUTYL 2-CYANO-2-METHYLHYDRAZINECARBOXYLATE (DB08594)","0.53432","http://www.drugbank.ca/drugs/DB08594"
"352","S-Methylcysteine (DB02216)","0.53134","http://www.drugbank.ca/drugs/DB02216"
"353","Acetylcysteine (DB06151)","0.53049","http://www.drugbank.ca/drugs/DB06151"
"354","N-Isopropyl-N'-Hydroxyguanidine (DB02143)","0.52949","http://www.drugbank.ca/drugs/DB02143"
"355","4-Deoxy-Alpha-D-Glucose (DB02670)","0.52882","http://www.drugbank.ca/drugs/DB02670"
"356","(4s)-2-[(1e)-1-Aminoprop-1-Enyl]-4,5-Dihydro-1,3-Thiazole-4-Carboxylic Acid (DB02940)","0.52863","http://www.drugbank.ca/drugs/DB02940"
"357","S-(Methylmercury)-L-Cysteine (DB02750)","0.52841","http://www.drugbank.ca/drugs/DB02750"
"358","S-Hydroxycysteine (DB01915)","0.52835","http://www.drugbank.ca/drugs/DB01915"
"359","S-Mercaptocysteine (DB02761)","0.52835","http://www.drugbank.ca/drugs/DB02761"
"360","2-deoxyglucose (DB08831)","0.52805","http://www.drugbank.ca/drugs/DB08831"
"361","2-Deoxy-Beta-D-Galactose (DB04382)","0.52805","http://www.drugbank.ca/drugs/DB04382"
"362","Butyrylthiocholine (DB04250)","0.52577","http://www.drugbank.ca/drugs/DB04250"
"363","Acamprosate (DB00659)","0.52576","http://www.drugbank.ca/drugs/DB00659"
"364","Trimethadione (DB00347)","0.52387","http://www.drugbank.ca/drugs/DB00347"
"365","Dithiane Diol (DB01822)","0.52341","http://www.drugbank.ca/drugs/DB01822"
"366","(4s,5s)-1,2-Dithiane-4,5-Diol (DB02693)","0.52341","http://www.drugbank.ca/drugs/DB02693"
"367","4-(1,3,2-Dioxaborolan-2-Yloxy)Butan-1-Aminium (DB02308)","0.52281","http://www.drugbank.ca/drugs/DB02308"
"368","Methionine Phosphinate (DB04015)","0.52270","http://www.drugbank.ca/drugs/DB04015"
"369","2-(3-OXO-PROPYLSULFANYLCARBONYL)-ETHANETHIOLATE (DB04749)","0.52078","http://www.drugbank.ca/drugs/DB04749"
"370","Propyl Acetate (DB01670)","0.52034","http://www.drugbank.ca/drugs/DB01670"
"371","Cysteine-S-Acetamide (DB02987)","0.52016","http://www.drugbank.ca/drugs/DB02987"
"372","Hydroxyethylcysteine (DB02413)","0.51621","http://www.drugbank.ca/drugs/DB02413"
"373","S-Acetyl-Cysteine (DB02039)","0.51280","http://www.drugbank.ca/drugs/DB02039"
"374","Dinor-N(Omega)-Hydroxy-L-Arginine (DB02499)","0.51261","http://www.drugbank.ca/drugs/DB02499"
"375","1,3-Propandiol (DB02774)","0.50923","http://www.drugbank.ca/drugs/DB02774"
"376","Thiarsahydroxy-Cysteine (DB01808)","0.50715","http://www.drugbank.ca/drugs/DB01808"
"377","Sevelamer (DB00658)","0.50422","http://www.drugbank.ca/drugs/DB00658"
"378","L-Serine (DB00133)","0.50154","http://www.drugbank.ca/drugs/DB00133"
"379","PX-12 (DB05448)","0.50048","http://www.drugbank.ca/drugs/DB05448"
"380","4-Imino-5-Methidyl-2-Methylpyrimidine (DB01788)","0.49994","http://www.drugbank.ca/drugs/DB01788"
"381","N-Acetyl-Serine (DB02340)","0.49848","http://www.drugbank.ca/drugs/DB02340"
"382","Mannitol (DB00742)","0.49813","http://www.drugbank.ca/drugs/DB00742"
"383","D-Sorbitol (DB01638)","0.49813","http://www.drugbank.ca/drugs/DB01638"
"384","L-Carnitine (DB00583)","0.49739","http://www.drugbank.ca/drugs/DB00583"
"385","(3-Carboxy-2-(R)-Hydroxy-Propyl)-Trimethyl-Ammonium (DB02648)","0.49739","http://www.drugbank.ca/drugs/DB02648"
"386","beta-L-fucose (DB03283)","0.49274","http://www.drugbank.ca/drugs/DB03283"
"387","Alpha-D-Fucose (DB03485)","0.49274","http://www.drugbank.ca/drugs/DB03485"
"388","6-Deoxy-Alpha-D-Glucose (DB03773)","0.49274","http://www.drugbank.ca/drugs/DB03773"
"389","Beta-D-Fucose (DB04062)","0.49274","http://www.drugbank.ca/drugs/DB04062"
"390","6-Deoxyglucose (DB04319)","0.49274","http://www.drugbank.ca/drugs/DB04319"
"391","Alpha-L-Fucose (DB04473)","0.49274","http://www.drugbank.ca/drugs/DB04473"
"392","Diisopropylphosphono Group (DB04491)","0.49225","http://www.drugbank.ca/drugs/DB04491"
"393","S,S-(2-Hydroxyethyl)Thiocysteine (DB04530)","0.49219","http://www.drugbank.ca/drugs/DB04530"
"394","S-Methyl Thiocysteine Group (DB02361)","0.49192","http://www.drugbank.ca/drugs/DB02361"
"395","Ethyl Isocyanide (DB03399)","0.48831","http://www.drugbank.ca/drugs/DB03399"
"396","N-Hydroxy-N-Isopropyloxamic Acid (DB03387)","0.48820","http://www.drugbank.ca/drugs/DB03387"
"397","Thioproline (DB02846)","0.48811","http://www.drugbank.ca/drugs/DB02846"
"398","S-Isopropyl-Isothiourea (DB04018)","0.48765","http://www.drugbank.ca/drugs/DB04018"
"399","L-2-Amino-4-Methoxy-Cis-but-3-Enoic Acid (DB03611)","0.48558","http://www.drugbank.ca/drugs/DB03611"
"400","N-Carbamoyl-Alanine (DB04048)","0.48520","http://www.drugbank.ca/drugs/DB04048"
"401","ZK-800270 (DB01665)","0.48457","http://www.drugbank.ca/drugs/DB01665"
"402","D-Xylitol (DB01904)","0.47965","http://www.drugbank.ca/drugs/DB01904"
"403","S-(Dimethylarsenic)Cysteine (DB03963)","0.47957","http://www.drugbank.ca/drugs/DB03963"
"404","Cysteamine (DB00847)","0.47760","http://www.drugbank.ca/drugs/DB00847"
"405","Methylphosphonic Acid Diisopropyl Ester (DB02127)","0.47740","http://www.drugbank.ca/drugs/DB02127"
"406","1,2-Dichloro-Propane (DB01701)","0.47687","http://www.drugbank.ca/drugs/DB01701"
"407","1,2-Propanediol (DB01839)","0.47687","http://www.drugbank.ca/drugs/DB01839"
"408","R-1,2-Propanediol (DB02159)","0.47687","http://www.drugbank.ca/drugs/DB02159"
"409","3,4-Dihydrouracil (DB01849)","0.47656","http://www.drugbank.ca/drugs/DB01849"
"410","Chlormerodrin (DB00534)","0.47537","http://www.drugbank.ca/drugs/DB00534"
"411","Carboxymethylenecysteine (DB04339)","0.47521","http://www.drugbank.ca/drugs/DB04339"
"412","2-Aminoethanimidic Acid (DB02108)","0.47359","http://www.drugbank.ca/drugs/DB02108"
"413","Isoflurophate (DB00677)","0.47234","http://www.drugbank.ca/drugs/DB00677"
"414","Methylethylamine (DB02396)","0.46795","http://www.drugbank.ca/drugs/DB02396"
"415","O-Acetylserine (DB01837)","0.46357","http://www.drugbank.ca/drugs/DB01837"
"416","Glycinamid (DB03636)","0.45366","http://www.drugbank.ca/drugs/DB03636"
"417","CTI-01 (DB05869)","0.45169","http://www.drugbank.ca/drugs/DB05869"
"418","(5s)-5-Iododihydro-2,4(1h,3h)-Pyrimidinedione (DB02303)","0.45044","http://www.drugbank.ca/drugs/DB02303"
"419","Dimercaprol (DB06782)","0.44693","http://www.drugbank.ca/drugs/DB06782"
"420","Cystein-S-Yl Cacodylate (DB03676)","0.44609","http://www.drugbank.ca/drugs/DB03676"
"421","D-Treitol (DB03278)","0.44507","http://www.drugbank.ca/drugs/DB03278"
"422","Meso-Erythritol (DB04481)","0.44507","http://www.drugbank.ca/drugs/DB04481"
"423","N,N-Dimethyl-L-Alanine (DB02167)","0.44302","http://www.drugbank.ca/drugs/DB02167"
"424","Piperazine (DB00592)","0.44031","http://www.drugbank.ca/drugs/DB00592"
"425","Methionine Phosphonate (DB02151)","0.43874","http://www.drugbank.ca/drugs/DB02151"
"426","S-{2-[Amino(Dihydroxy)-Lambda~4~-Sulfanyl]Ethyl}-D-Cysteine (DB02689)","0.43700","http://www.drugbank.ca/drugs/DB02689"
"427","2,6-Anhydro-3-Deoxy-D-Erythro-Hex-2-Enonic Acid (DB03284)","0.43518","http://www.drugbank.ca/drugs/DB03284"
"428","Imexon (DB05003)","0.43187","http://www.drugbank.ca/drugs/DB05003"
"429","Fosmidomycin (DB02948)","0.42695","http://www.drugbank.ca/drugs/DB02948"
"430","alpha-D-Xylopyranose (DB03389)","0.42340","http://www.drugbank.ca/drugs/DB03389"
"431","L-Xylopyranose (DB03911)","0.42340","http://www.drugbank.ca/drugs/DB03911"
"432","beta-D-Ribopyranose (DB04286)","0.42340","http://www.drugbank.ca/drugs/DB04286"
"433","Ribose (DB01936)","0.42001","http://www.drugbank.ca/drugs/DB01936"
"434","Alpha-L-Arabinose (DB03142)","0.42001","http://www.drugbank.ca/drugs/DB03142"
"435","Beta-L-Arabinose (DB03246)","0.42001","http://www.drugbank.ca/drugs/DB03246"
"436","Acetylamino-Acetic Acid (DB02713)","0.41864","http://www.drugbank.ca/drugs/DB02713"
"437","1-Hydroxy-1-Thio-Glycerol (DB01684)","0.41701","http://www.drugbank.ca/drugs/DB01684"
"438","2-Aminoprop-2-Enamide (DB02002)","0.41508","http://www.drugbank.ca/drugs/DB02002"
"439","Z-Dehydrobutyrine (DB03720)","0.41333","http://www.drugbank.ca/drugs/DB03720"
"440","N-Aminoethylmorpholine (DB03096)","0.41210","http://www.drugbank.ca/drugs/DB03096"
"441","N-Methyldehydrobutyrine (DB04225)","0.40605","http://www.drugbank.ca/drugs/DB04225"
"442","4-Imino-5-Methidyl-2-Trifluoromethylpyrimidine (DB02885)","0.40098","http://www.drugbank.ca/drugs/DB02885"
"443","Methacholine (DB06709)","0.39800","http://www.drugbank.ca/drugs/DB06709"
"444","O-Phosphoethanolamine (DB01738)","0.39461","http://www.drugbank.ca/drugs/DB01738"
"445","ETHYL HYDROGEN DIETHYLAMIDOPHOSPHATE (DB08658)","0.39039","http://www.drugbank.ca/drugs/DB08658"
"446","[3-(1,3,2-Dioxaborolan-2-Yloxy)Propyl]Guanidine (DB03129)","0.38178","http://www.drugbank.ca/drugs/DB03129"
"447","Ethyl Dimethyl Ammonio Propane Sulfonate (DB02618)","0.38161","http://www.drugbank.ca/drugs/DB02618"
"448","3-Trimethylsilylsuccinic Acid (DB03452)","0.37879","http://www.drugbank.ca/drugs/DB03452"
"449","N-(2-Acetamido)Iminodiacetic Acid (DB02810)","0.36670","http://www.drugbank.ca/drugs/DB02810"
"450","Bicine (DB03709)","0.36312","http://www.drugbank.ca/drugs/DB03709"
"451","(2r,4s)-2-Methyl-2,3,3,4-Tetrahydroxytetrahydrofuran (DB04346)","0.36172","http://www.drugbank.ca/drugs/DB04346"
"452","Mechlorethamine (DB00888)","0.36026","http://www.drugbank.ca/drugs/DB00888"
"453","Bethanechol (DB01019)","0.35942","http://www.drugbank.ca/drugs/DB01019"
"454","Diethylcarbamodithioic Acid (DB02520)","0.35808","http://www.drugbank.ca/drugs/DB02520"
"455","N-Ethylmaleimide (DB02967)","0.35480","http://www.drugbank.ca/drugs/DB02967"
"456","2-(N-Morpholino)-Ethanesulfonic Acid (DB03814)","0.34974","http://www.drugbank.ca/drugs/DB03814"
"457","Carmustine (DB00262)","0.34525","http://www.drugbank.ca/drugs/DB00262"
"458","Ethyl-Carbamic Acid Methyl Ester (DB03919)","0.33941","http://www.drugbank.ca/drugs/DB03919"
"459","Tetraethylammonium (DB08837)","0.33149","http://www.drugbank.ca/drugs/DB08837"
"460","2-Ethoxyethanol (DB02249)","0.32787","http://www.drugbank.ca/drugs/DB02249"
"461","2-Aminothiazoline (DB02335)","0.32601","http://www.drugbank.ca/drugs/DB02335"
"462","Nitrilotriacetic Acid (DB03040)","0.32036","http://www.drugbank.ca/drugs/DB03040"
"463","N-[Amino(Imino)Methyl]Glycine (DB02751)","0.31694","http://www.drugbank.ca/drugs/DB02751"
"464","Ethylisothiourea (DB02234)","0.30829","http://www.drugbank.ca/drugs/DB02234"
"465","S-Ethylisothiourea (DB02539)","0.30829","http://www.drugbank.ca/drugs/DB02539"
"466","Se-Ethyl-Isoselenourea (DB02589)","0.30829","http://www.drugbank.ca/drugs/DB02589"
"467","1-ETHOXY-2-(2-ETHOXYETHOXY)ETHANE (DB08357)","0.30566","http://www.drugbank.ca/drugs/DB08357"
"468","4-Methylpiperazin-1-Yl Carbonyl Group (DB04451)","0.30241","http://www.drugbank.ca/drugs/DB04451"
"469","2-Hydroxyethyl Disulfide (DB02486)","0.30160","http://www.drugbank.ca/drugs/DB02486"
"470","Methyl-Carbamic Acid Ethyl Ester (DB02856)","0.29827","http://www.drugbank.ca/drugs/DB02856"
"471","Ethyl carbamate (DB04827)","0.29596","http://www.drugbank.ca/drugs/DB04827"
"472","Dimethylglycine (DB02083)","0.29464","http://www.drugbank.ca/drugs/DB02083"
"473","3-(Prop-2-Ene-1-Sulfinyl)-Propene-1-Thiol (DB02895)","0.29397","http://www.drugbank.ca/drugs/DB02895"
"474","Diethylphosphono Group (DB02811)","0.29063","http://www.drugbank.ca/drugs/DB02811"
"475","Acetylcholine (DB03128)","0.28420","http://www.drugbank.ca/drugs/DB03128"
"476","4-Hydroxy-3,4-Dihydro-1h-Pyrimidin-2-One (DB03939)","0.28046","http://www.drugbank.ca/drugs/DB03939"
"477","1-Ethoxy-2-(2-Methoxyethoxy)Ethane (DB03508)","0.27309","http://www.drugbank.ca/drugs/DB03508"
"478","5-Fluoro-4-(S)-Hydroxy-3,4-Dihydropyrimidine (DB04135)","0.26777","http://www.drugbank.ca/drugs/DB04135"
"479","Creatine (DB00148)","0.26763","http://www.drugbank.ca/drugs/DB00148"
"480","2-[2-(2-Hydroxy-Ethoxy)-Ethoxy]-Ethanol (DB02327)","0.25953","http://www.drugbank.ca/drugs/DB02327"
"481","Triethyl Phosphate (DB03347)","0.25591","http://www.drugbank.ca/drugs/DB03347"
"482","2-Methoxyethanol (DB02806)","0.24645","http://www.drugbank.ca/drugs/DB02806"
"483","(Diaminomethyl-Methyl-Amino)-Acetic Acid (DB02490)","0.24115","http://www.drugbank.ca/drugs/DB02490"
"484","1,4-Diethylene Dioxide (DB03316)","0.24017","http://www.drugbank.ca/drugs/DB03316"
"485","Glycoluril (DB03533)","0.23257","http://www.drugbank.ca/drugs/DB03533"
"486","1-Methoxy-2-[2-(2-Methoxy-Ethoxy]-Ethane (DB02078)","0.23205","http://www.drugbank.ca/drugs/DB02078"
"487","Carbachol (DB00411)","0.22960","http://www.drugbank.ca/drugs/DB00411"
"488","1-Methoxy-2-(2-Methoxyethoxy)Ethane (DB02935)","0.22740","http://www.drugbank.ca/drugs/DB02935"
"489","Choline (DB00122)","0.22388","http://www.drugbank.ca/drugs/DB00122"
"490","2-(Trimethylammonium)Ethyl Thiol (DB01803)","0.22388","http://www.drugbank.ca/drugs/DB01803"
"491","[Formylmethyl]Trimethyl-Ammonium, N,N,N-Trimethylammonium Acetaldehyde (DB04401)","0.22388","http://www.drugbank.ca/drugs/DB04401"
"492","Trimethyl Glycine (DB04455)","0.21878","http://www.drugbank.ca/drugs/DB04455"
"493","1,2-Dimethoxyethane (DB01749)","0.21378","http://www.drugbank.ca/drugs/DB01749"
"494","Phosphocholine (DB03945)","0.18616","http://www.drugbank.ca/drugs/DB03945"
"495","Dimethylformamide (DB01844)","0.15578","http://www.drugbank.ca/drugs/DB01844"
"496","Methoxyflurane (DB01028)","0.15499","http://www.drugbank.ca/drugs/DB01028"
"497","Ethyl-Trimethyl-Silane (DB02265)","0.15344","http://www.drugbank.ca/drugs/DB02265"
"498","Metformin (DB00331)","0.14377","http://www.drugbank.ca/drugs/DB00331"
"499","Tetramethylammonium Ion (DB03095)","0.12915","http://www.drugbank.ca/drugs/DB03095"
"500","Tris-Hydroxymethyl-Methyl-Ammonium (DB03570)","0.08971","http://www.drugbank.ca/drugs/DB03570"
