"","DrugBank Compound (Name, ID)","Similarity to ","Link"
"1","5-Methyl-5,6,7,8-Tetrahydrofolic Acid (DB04375)","0.9240","http://www.drugbank.ca/drugs/DB04375"
"2","5-methyltetrahydrofolate (DB04789)","0.9240","http://www.drugbank.ca/drugs/DB04789"
"3","Dasatinib (DB01254)","0.9211","http://www.drugbank.ca/drugs/DB01254"
"4","2-{4-[4-({4-[2-methyl-1-(1-methylethyl)-1H-imidazol-5-yl]pyrimidin-2-yl}amino)phenyl]piperazin-1-yl}-2-oxoethanol (DB07982)","0.9210","http://www.drugbank.ca/drugs/DB07982"
"5","5,10-Methylene-6-Hydrofolic Acid (DB02301)","0.9205","http://www.drugbank.ca/drugs/DB02301"
"6","4-(4-METHYLPIPERAZIN-1-YL)-N-[5-(2-THIENYLACETYL)-1,5-DIHYDROPYRROLO[3,4-C]PYRAZOL-3-YL]BENZAMIDE (DB07186)","0.9091","http://www.drugbank.ca/drugs/DB07186"
"7","Tetrahydrofolic acid (DB00116)","0.9087","http://www.drugbank.ca/drugs/DB00116"
"8","(6s)-5,6,7,8-Tetrahydrofolate (DB02031)","0.9087","http://www.drugbank.ca/drugs/DB02031"
"9","N~6~-cyclohexyl-N~2~-(4-morpholin-4-ylphenyl)-9H-purine-2,6-diamine (DB07340)","0.9059","http://www.drugbank.ca/drugs/DB07340"
"10","Dapiprazole (DB00298)","0.9017","http://www.drugbank.ca/drugs/DB00298"
"11","METHYL 1-(4-{[(2,4-DIAMINOPTERIDIN-6-YL)METHYL](METHYL)AMINO}BENZOYL)PIPERIDINE-4-CARBOXYLATE (DB07765)","0.8998","http://www.drugbank.ca/drugs/DB07765"
"12","Trazodone (DB00656)","0.8995","http://www.drugbank.ca/drugs/DB00656"
"13","2-(4-ETHYLPIPERAZIN-1-YL)-4-(PHENYLAMINO)PYRAZOLO[1,5-A][1,3,5]TRIAZINE-8-CARBONITRILE (DB08360)","0.8986","http://www.drugbank.ca/drugs/DB08360"
"14","Delavirdine (DB00705)","0.8966","http://www.drugbank.ca/drugs/DB00705"
"15","N-(4-{[(3S)-3-(dimethylamino)pyrrolidin-1-yl]carbonyl}phenyl)-5-fluoro-4-[2-methyl-1-(1-methylethyl)-1H-imidazol-5-yl]pyrimidin-2-amine (DB07936)","0.8961","http://www.drugbank.ca/drugs/DB07936"
"16","4-[(2-{4-[(CYCLOPROPYLCARBAMOYL)AMINO]-1H-PYRAZOL-3-YL}-1H-BENZIMIDAZOL-6-YL)METHYL]MORPHOLIN-4-IUM (DB08067)","0.8859","http://www.drugbank.ca/drugs/DB08067"
"17","2-({5-CHLORO-2-[(2-METHOXY-4-MORPHOLIN-4-YLPHENYL)AMINO]PYRIMIDIN-4-YL}AMINO)-N-METHYLBENZAMIDE (DB07460)","0.8846","http://www.drugbank.ca/drugs/DB07460"
"18","[4-({4-[(5-cyclopropyl-1H-pyrazol-3-yl)amino]-6-(methylamino)pyrimidin-2-yl}amino)phenyl]acetonitrile (DB07168)","0.8840","http://www.drugbank.ca/drugs/DB07168"
"19","4-{2-[4-(2-Aminoethyl)Piperazin-1-Yl]Pyridin-4-Yl}-N-(3-Chloro-4-Methylphenyl)Pyrimidin-2-Amine (DB03916)","0.8836","http://www.drugbank.ca/drugs/DB03916"
"20","Methotrexate (DB00563)","0.8806","http://www.drugbank.ca/drugs/DB00563"
"21","Furo[2,3d]Pyrimidine Antifolate (DB02026)","0.8787","http://www.drugbank.ca/drugs/DB02026"
"22","1-{7-cyclohexyl-6-[4-(4-methylpiperazin-1-yl)benzyl]-7H-pyrrolo[2,3-d]pyrimidin-2-yl}methanamine (DB07563)","0.8784","http://www.drugbank.ca/drugs/DB07563"
"23","1-[[(1E)-2-(4-CHLOROPHENYL)ETHENYL]SULFONYL]-4-[[1-(4-PYRIDINYL)-4-PIPERIDINYL]METHYL]PIPERAZINE (DB08746)","0.8761","http://www.drugbank.ca/drugs/DB08746"
"24","N-[5-(1,1-DIOXIDOISOTHIAZOLIDIN-2-YL)-1H-INDAZOL-3-YL]-2-(4-PIPERIDIN-1-YLPHENYL)ACETAMIDE (DB07220)","0.8758","http://www.drugbank.ca/drugs/DB07220"
"25","N-(2-chloro-6-methylphenyl)-8-[(3S)-3-methylpiperazin-1-yl]imidazo[1,5-a]quinoxalin-4-amine (DB08057)","0.8753","http://www.drugbank.ca/drugs/DB08057"
"26","METHYL 1-(4-{[(2,4-DIAMINOPTERIDIN-6-YL)METHYL]AMINO}BENZOYL)PIPERIDINE-4-CARBOXYLATE (DB07689)","0.8750","http://www.drugbank.ca/drugs/DB07689"
"27","3-(2-CHLOROPHENYL)-1-(2-{[(1S)-2-HYDROXY-1,2-DIMETHYLPROPYL]AMINO}PYRIMIDIN-4-YL)-1-(4-METHOXYPHENYL)UREA (DB08095)","0.8714","http://www.drugbank.ca/drugs/DB08095"
"28","4-{[4-{[(1R,2R)-2-(dimethylamino)cyclopentyl]amino}-5-(trifluoromethyl)pyrimidin-2-yl]amino}-N-methylbenzenesulfonamide (DB08341)","0.8708","http://www.drugbank.ca/drugs/DB08341"
"29","[PHENYLALANINYL-PROLINYL]-[2-(PYRIDIN-4-YLAMINO)-ETHYL]-AMINE (DB08422)","0.8707","http://www.drugbank.ca/drugs/DB08422"
"30","4-[5-(Trans-4-Aminocyclohexylamino)-3-Isopropylpyrazolo[1,5-a]Pyrimidin-7-Ylamino]-N,N-Dimethylbenzenesulfonamide (DB01888)","0.8692","http://www.drugbank.ca/drugs/DB01888"
"31","1-(5-OXO-2,3,5,9B-TETRAHYDRO-1H-PYRROLO[2,1-A]ISOINDOL-9-YL)-3-(5-PYRROLIDIN-2-YL-1H-PYRAZOL-3-YL)-UREA (DB06976)","0.8676","http://www.drugbank.ca/drugs/DB06976"
"32","Avanafil (DB06237)","0.8663","http://www.drugbank.ca/drugs/DB06237"
"33","N-{2-[6-(2,4-DIAMINO-6-ETHYLPYRIMIDIN-5-YL)-2,2-DIMETHYL-3-OXO-2,3-DIHYDRO-4H-1,4-BENZOTHIAZIN-4-YL]ETHYL}ACETAMIDE (DB06899)","0.8662","http://www.drugbank.ca/drugs/DB06899"
"34","N-{2-[6-(2,4-DIAMINO-6-ETHYLPYRIMIDIN-5-YL)-2,2-DIMETHYL-3-OXO-2,3-DIHYDRO-4H-1,4-BENZOXAZIN-4-YL]ETHYL}ACETAMIDE (DB07059)","0.8659","http://www.drugbank.ca/drugs/DB07059"
"35","5-[4-(DIMETHYLAMINO)PHENYL]-6-[(6-MORPHOLIN-4-YLPYRIDIN-3-YL)ETHYNYL]PYRIMIDIN-4-AMINE (DB07280)","0.8651","http://www.drugbank.ca/drugs/DB07280"
"36","N-butyl-3-{[6-(9H-purin-6-ylamino)hexanoyl]amino}benzamide (DB07801)","0.8649","http://www.drugbank.ca/drugs/DB07801"
"37","2-{[(1R,2S)-2-aminocyclohexyl]amino}-4-[(3-methylphenyl)amino]pyrimidine-5-carboxamide (DB08361)","0.8643","http://www.drugbank.ca/drugs/DB08361"
"38","Carphenazine (DB01038)","0.8637","http://www.drugbank.ca/drugs/DB01038"
"39","Aripiprazole (DB01238)","0.8624","http://www.drugbank.ca/drugs/DB01238"
"40","SU4984 (DB02058)","0.8609","http://www.drugbank.ca/drugs/DB02058"
"41","(2S)-2-({6-[(3-AMINO-5-CHLOROPHENYL)AMINO]-9-ISOPROPYL-9H-PURIN-2-YL}AMINO)-3-METHYLBUTAN-1-OL (DB07379)","0.8599","http://www.drugbank.ca/drugs/DB07379"
"42","CI-1033 (DB05424)","0.8599","http://www.drugbank.ca/drugs/DB05424"
"43","Sparfloxacin (DB01208)","0.8584","http://www.drugbank.ca/drugs/DB01208"
"44","N-[3-(Dimethylamino)Propyl]-2-({[4-({[4-(Formylamino)-1-Methyl-1h-Pyrrol-2-Yl]Carbonyl}Amino)-1-Methyl-1h-Pyrrol-2-Yl]Carbonyl}Amino)-5-Isopropyl-1,3-Thiazole-4-Carboxamide (DB02295)","0.8556","http://www.drugbank.ca/drugs/DB02295"
"45","1-ethyl-N-(phenylmethyl)-4-(tetrahydro-2H-pyran-4-ylamino)-1H-pyrazolo[3,4-b]pyridine-5-carboxamide (DB06909)","0.8537","http://www.drugbank.ca/drugs/DB06909"
"46","Sitamaquine (DB04909)","0.8510","http://www.drugbank.ca/drugs/DB04909"
"47","N6-METHYL-(R)-ROSCOVITINE, R-2-[6-(BENZYL-METHYL-AMINO)-9-ISOPROPYL-9H-PURIN-2-YLAMINO]-BUTAN-1-OL (DB04776)","0.8506","http://www.drugbank.ca/drugs/DB04776"
"48","Nefazodone (DB01149)","0.8500","http://www.drugbank.ca/drugs/DB01149"
"49","4-({4-[(4-methoxypyridin-2-yl)amino]piperidin-1-yl}carbonyl)benzonitrile (DB07002)","0.8497","http://www.drugbank.ca/drugs/DB07002"
"50","N-{3-[(4-{[3-(TRIFLUOROMETHYL)PHENYL]AMINO}PYRIMIDIN-2-YL)AMINO]PHENYL}CYCLOPROPANECARBOXAMIDE (DB07545)","0.8490","http://www.drugbank.ca/drugs/DB07545"
"51","Afatinib (DB08916)","0.8476","http://www.drugbank.ca/drugs/DB08916"
"52","N-ETHYL-N-ISOPROPYL-3-METHYL-5-{[(2S)-2-(PYRIDIN-4-YLAMINO)PROPYL]OXY}BENZAMIDE (DB07279)","0.8469","http://www.drugbank.ca/drugs/DB07279"
"53","7-amino-2-tert-butyl-4-(4-pyrimidin-2-ylpiperazin-1-yl)pyrido[2,3-d]pyrimidine-6-carboxamide (DB07043)","0.8462","http://www.drugbank.ca/drugs/DB07043"
"54","Aminopterin (DB08878)","0.8458","http://www.drugbank.ca/drugs/DB08878"
"55","(2R,4R)-N~1~-(4-CHLOROPHENYL)-N~2~-[2-FLUORO-4-(2-OXOPYRIDIN-1(2H)-YL)PHENYL]-4-METHOXYPYRROLIDINE-1,2-DICARBOXAMIDE (DB06920)","0.8444","http://www.drugbank.ca/drugs/DB06920"
"56","4-({5-[(4-AMINOCYCLOHEXYL)AMINO][1,2,4]TRIAZOLO[1,5-A]PYRIMIDIN-7-YL}AMINO)BENZENESULFONAMIDE (DB07687)","0.8441","http://www.drugbank.ca/drugs/DB07687"
"57","1-(6-CYANO-3-PYRIDYLCARBONYL)-5',8'-DIFLUOROSPIRO[PIPERIDINE-4,2'(1'H)-QUINAZOLINE]-4'-AMINE (DB07405)","0.8440","http://www.drugbank.ca/drugs/DB07405"
"58","(2E)-N-{4-[(3-bromophenyl)amino]quinazolin-6-yl}-4-(dimethylamino)but-2-enamide (DB08564)","0.8437","http://www.drugbank.ca/drugs/DB08564"
"59","(2S)-1-{4-[(4-ANILINO-5-BROMOPYRIMIDIN-2-YL)AMINO]PHENOXY}-3-(DIMETHYLAMINO)PROPAN-2-OL (DB07501)","0.8434","http://www.drugbank.ca/drugs/DB07501"
"60","(2R)-1-{4-[(4-ANILINO-5-BROMOPYRIMIDIN-2-YL)AMINO]PHENOXY}-3-(DIMETHYLAMINO)PROPAN-2-OL (DB07504)","0.8434","http://www.drugbank.ca/drugs/DB07504"
"61","(2S)-1-[4-({6-[(2,6-DIFLUOROPHENYL)AMINO]PYRIMIDIN-4-YL}AMINO)PHENOXY]-3-(DIMETHYLAMINO)PROPAN-2-OL (DB07751)","0.8428","http://www.drugbank.ca/drugs/DB07751"
"62","(2R)-1-[4-({6-[(2,6-DIFLUOROPHENYL)AMINO]PYRIMIDIN-4-YL}AMINO)PHENOXY]-3-(DIMETHYLAMINO)PROPAN-2-OL (DB07761)","0.8428","http://www.drugbank.ca/drugs/DB07761"
"63","N'-(5-CHLORO-1,3-BENZODIOXOL-4-YL)-N-(3-MORPHOLIN-4-YLPHENYL)PYRIMIDINE-2,4-DIAMINE (DB07255)","0.8427","http://www.drugbank.ca/drugs/DB07255"
"64","Purvalanol A (DB04751)","0.8426","http://www.drugbank.ca/drugs/DB04751"
"65","Phenserine (DB04892)","0.8401","http://www.drugbank.ca/drugs/DB04892"
"66","Flibanserin (DB04908)","0.8384","http://www.drugbank.ca/drugs/DB04908"
"67","10-Propargyl-5,8-Dideazafolic Acid (DB03541)","0.8381","http://www.drugbank.ca/drugs/DB03541"
"68","Diampromide (DB01502)","0.8368","http://www.drugbank.ca/drugs/DB01502"
"69","4-{[5-(CYCLOHEXYLAMINO)[1,2,4]TRIAZOLO[1,5-A]PYRIMIDIN-7-YL]AMINO}BENZENESULFONAMIDE (DB07686)","0.8368","http://www.drugbank.ca/drugs/DB07686"
"70","OPC-51803 (DB05838)","0.8366","http://www.drugbank.ca/drugs/DB05838"
"71","Terazosin (DB01162)","0.8362","http://www.drugbank.ca/drugs/DB01162"
"72","Fentanyl (DB00813)","0.8361","http://www.drugbank.ca/drugs/DB00813"
"73","(2R)-1-(DIMETHYLAMINO)-3-{4-[(6-{[2-FLUORO-5-(TRIFLUOROMETHYL)PHENYL]AMINO}PYRIMIDIN-4-YL)AMINO]PHENOXY}PROPAN-2-OL (DB07054)","0.8360","http://www.drugbank.ca/drugs/DB07054"
"74","Purvalanol (DB02733)","0.8358","http://www.drugbank.ca/drugs/DB02733"
"75","(2R)-1-[4-({4-[(2,5-DICHLOROPHENYL)AMINO]PYRIMIDIN-2-YL}AMINO)PHENOXY]-3-(DIMETHYLAMINO)PROPAN-2-OL (DB07750)","0.8358","http://www.drugbank.ca/drugs/DB07750"
"76","(2S)-1-[4-({4-[(2,5-DICHLOROPHENYL)AMINO]PYRIMIDIN-2-YL}AMINO)PHENOXY]-3-(DIMETHYLAMINO)PROPAN-2-OL (DB07755)","0.8358","http://www.drugbank.ca/drugs/DB07755"
"77","Alpha-methylthiofentanyl (DB01470)","0.8357","http://www.drugbank.ca/drugs/DB01470"
"78","1-[4-(Octahydro-Pyrido[1,2-a]Pyrazin-2-Yl)-Phenyl]-2-Phenyl-1,2,3,4-Tetrahydro-Isoquinolin-6-Ol (DB03802)","0.8355","http://www.drugbank.ca/drugs/DB03802"
"79","2-{2-[(3,5-dimethylphenyl)amino]pyrimidin-4-yl}-N-[(1S)-2-hydroxy-1-methylethyl]-4-methyl-1,3-thiazole-5-carboxamide (DB07194)","0.8355","http://www.drugbank.ca/drugs/DB07194"
"80","Acetyl-alpha-methylfentanyl (DB01532)","0.8346","http://www.drugbank.ca/drugs/DB01532"
"81","(3R,4S)-1-[(4-amino-5H-pyrrolo[3,2-d]pyrimidin-7-yl)methyl]-4-[(benzylsulfanyl)methyl]pyrrolidin-3-ol (DB07649)","0.8338","http://www.drugbank.ca/drugs/DB07649"
"82","Beta-hydroxyfentanyl (DB01453)","0.8336","http://www.drugbank.ca/drugs/DB01453"
"83","3-Methylthiofentanyl (DB01439)","0.8330","http://www.drugbank.ca/drugs/DB01439"
"84","1-{2-[(4-CHLOROPHENYL)AMINO]-2-OXOETHYL}-N-(1-ISOPROPYLPIPERIDIN-4-YL)-1H-INDOLE-2-CARBOXAMIDE (DB07974)","0.8323","http://www.drugbank.ca/drugs/DB07974"
"85","Enzalutamide  (DB08899)","0.8321","http://www.drugbank.ca/drugs/DB08899"
"86","Alpha-methylfentanyl (DB01557)","0.8320","http://www.drugbank.ca/drugs/DB01557"
"87","Aprindine (DB01429)","0.8312","http://www.drugbank.ca/drugs/DB01429"
"88","N-ethyl-4-{[5-(methoxycarbamoyl)-2-methylphenyl]amino}-5-methylpyrrolo[2,1-f][1,2,4]triazine-6-carboxamide (DB06940)","0.8308","http://www.drugbank.ca/drugs/DB06940"
"89","N-[4-CHLORO-3-(PYRIDIN-3-YLOXYMETHYL)-PHENYL]-3-FLUORO- (DB08068)","0.8307","http://www.drugbank.ca/drugs/DB08068"
"90","N-{5-[4-(4-METHYLPIPERAZIN-1-YL)PHENYL]-1H-PYRROLO[2,3-B]PYRIDIN-3-YL}NICOTINAMIDE (DB06876)","0.8305","http://www.drugbank.ca/drugs/DB06876"
"91","N-{(3S,4S)-4-[(6-AMINO-4-METHYLPYRIDIN-2-YL)METHYL]PYRROLIDIN-3-YL}-N'-(4-CHLOROBENZYL)ETHANE-1,2-DIAMINE (DB08018)","0.8304","http://www.drugbank.ca/drugs/DB08018"
"92","N-{(3R,4S)-4-[(6-amino-4-methylpyridin-2-yl)methyl]pyrrolidin-3-yl}-N'-(3-chlorobenzyl)ethane-1,2-diamine (DB08019)","0.8304","http://www.drugbank.ca/drugs/DB08019"
"93","6-(2,4-DIAMINO-6-ETHYLPYRIMIDIN-5-YL)-4-(3-METHOXYPROPYL)-2,2-DIMETHYL-2H-1,4-BENZOXAZIN-3(4H)-ONE (DB07174)","0.8304","http://www.drugbank.ca/drugs/DB07174"
"94","(4R)-N-[4-({[2-(DIMETHYLAMINO)ETHYL]AMINO}CARBONYL)-1,3-THIAZOL-2-YL]-4-METHYL-1-OXO-2,3,4,9-TETRAHYDRO-1H-BETA-CARBOLINE-6-CARBOXAMIDE (DB07406)","0.8298","http://www.drugbank.ca/drugs/DB07406"
"95","Prazosin (DB00457)","0.8297","http://www.drugbank.ca/drugs/DB00457"
"96","4-(2-aminoethoxy)-N-(3-chloro-5-piperidin-1-ylphenyl)-3,5-dimethylbenzamide (DB08697)","0.8293","http://www.drugbank.ca/drugs/DB08697"
"97","3-Methylfentanyl (DB01571)","0.8292","http://www.drugbank.ca/drugs/DB01571"
"98","Sufentanil (DB00708)","0.8286","http://www.drugbank.ca/drugs/DB00708"
"99","1S,3AS,8AS-TRIMETHYL-1-OXIDO-1,2,3,3A,8,8A-HEXAHYDROPYRROLO[2,3-B]INDOL-5-YL 2-ETHYLPHENYLCARBAMATE (DB07846)","0.8284","http://www.drugbank.ca/drugs/DB07846"
"100","Sunitinib (DB01268)","0.8284","http://www.drugbank.ca/drugs/DB01268"
"101","5-[(E)-(5-CHLORO-2-OXO-1,2-DIHYDRO-3H-INDOL-3-YLIDENE)METHYL]-N-[2-(DIETHYLAMINO)ETHYL]-2,4-DIMETHYL-1H-PYRROLE-3-CARBOXAMIDE (DB08009)","0.8284","http://www.drugbank.ca/drugs/DB08009"
"102","Ponatinib  (DB08901)","0.8281","http://www.drugbank.ca/drugs/DB08901"
"103","(4aS)-5-[(2,4-diaminopteridin-6-yl)methyl]-4a,5-dihydro-2H-dibenzo[b,f]azepin-8-ol (DB08448)","0.8271","http://www.drugbank.ca/drugs/DB08448"
"104","Lisuride (DB00589)","0.8270","http://www.drugbank.ca/drugs/DB00589"
"105","Beta-hydroxy-3-methylfentanyl (DB01570)","0.8269","http://www.drugbank.ca/drugs/DB01570"
"106","Alfentanil (DB00802)","0.8261","http://www.drugbank.ca/drugs/DB00802"
"107","6-(4-{(1S,2S)-2-AMINO-1-[(DIMETHYLAMINO)CARBONYL]-3-[(3S)-3-FLUOROPYRROLIDIN-1-YL]-3-OXOPROPYL}PHENYL)-1H-[1,2,4]TRIAZOLO[1,5-A]PYRIDIN-4-IUM (DB08504)","0.8259","http://www.drugbank.ca/drugs/DB08504"
"108","Carfentanil (DB01535)","0.8257","http://www.drugbank.ca/drugs/DB01535"
"109","N-(R-Carboxy-Ethyl)-Alpha-(S)-(2-Phenylethyl)Glycyl-L-Arginine-N-Phenylamide (DB02747)","0.8249","http://www.drugbank.ca/drugs/DB02747"
"110","N1-(1-Dimethylcarbamoyl-2-Phenyl-Ethyl)-2-Oxo-N4-(2-Pyridin-2-Yl-Ethyl)-Succinamide (DB02140)","0.8244","http://www.drugbank.ca/drugs/DB02140"
"111","N-{2,2-DIFLUORO-2-[(2R)-PIPERIDIN-2-YL]ETHYL}-2-[2-(1H-1,2,4-TRIAZOL-1-YL)BENZYL][1,3]OXAZOLO[4,5-C]PYRIDIN-4-AMINE (DB04591)","0.8240","http://www.drugbank.ca/drugs/DB04591"
"112","1-[2-HYDROXY-3-(4-CYCLOHEXYL-PHENOXY)-PROPYL]-4-(2-PYRIDYL)-PIPERAZINE (DB08543)","0.8222","http://www.drugbank.ca/drugs/DB08543"
"113","Sertindole (DB06144)","0.8219","http://www.drugbank.ca/drugs/DB06144"
"114","[4-({4-[(5-cyclopropyl-1H-pyrazol-3-yl)amino]quinazolin-2-yl}amino)phenyl]acetonitrile (DB07966)","0.8210","http://www.drugbank.ca/drugs/DB07966"
"115","S-{3-[(4-ANILINOQUINAZOLIN-6-YL)AMINO]-3-OXOPROPYL}-L-CYSTEINE (DB07602)","0.8201","http://www.drugbank.ca/drugs/DB07602"
"116","Vandetanib (DB05294)","0.8199","http://www.drugbank.ca/drugs/DB05294"
"117","Bosutinib (DB06616)","0.8194","http://www.drugbank.ca/drugs/DB06616"
"118","5-(4-PHENOXYPHENYL)-5-(4-PYRIMIDIN-2-YLPIPERAZIN-1-YL)PYRIMIDINE-2,4,6(2H,3H)-TRIONE (DB07117)","0.8187","http://www.drugbank.ca/drugs/DB07117"
"119","1-[1-(3-aminophenyl)-3-tert-butyl-1H-pyrazol-5-yl]-3-phenylurea (DB06883)","0.8186","http://www.drugbank.ca/drugs/DB06883"
"120","Pirenzepine (DB00670)","0.8182","http://www.drugbank.ca/drugs/DB00670"
"121","Alfuzosin (DB00346)","0.8182","http://www.drugbank.ca/drugs/DB00346"
"122","N-(3-TERT-BUTYL-1H-PYRAZOL-5-YL)-N'-{4-CHLORO-3-[(PYRIDIN-3-YLOXY)METHYL]PHENYL}UREA (DB08064)","0.8182","http://www.drugbank.ca/drugs/DB08064"
"123","OPC-28326 (DB05461)","0.8179","http://www.drugbank.ca/drugs/DB05461"
"124","Flurazepam (DB00690)","0.8179","http://www.drugbank.ca/drugs/DB00690"
"125","Eszopiclone (DB00402)","0.8178","http://www.drugbank.ca/drugs/DB00402"
"126","Zopiclone (DB01198)","0.8178","http://www.drugbank.ca/drugs/DB01198"
"127","Vardenafil (DB00862)","0.8177","http://www.drugbank.ca/drugs/DB00862"
"128","4-{[5-chloro-4-(1H-indol-3-yl)pyrimidin-2-yl]amino}-N-ethylpiperidine-1-carboxamide (DB08005)","0.8172","http://www.drugbank.ca/drugs/DB08005"
"129","Sildenafil (DB00203)","0.8170","http://www.drugbank.ca/drugs/DB00203"
"130","2-butoxy-9-(2,6-difluorobenzyl)-N-(2-morpholin-4-ylethyl)-9H-purin-6-amine (DB07937)","0.8158","http://www.drugbank.ca/drugs/DB07937"
"131","Piboserod (DB04873)","0.8150","http://www.drugbank.ca/drugs/DB04873"
"132","4-(2-aminoethoxy)-N-(3-chloro-2-ethoxy-5-piperidin-1-ylphenyl)-3,5-dimethylbenzamide (DB07626)","0.8150","http://www.drugbank.ca/drugs/DB07626"
"133","Cinchocaine (DB00527)","0.8141","http://www.drugbank.ca/drugs/DB00527"
"134","2-(CYCLOHEXYLMETHYLAMINO)-4-(PHENYLAMINO)PYRAZOLO[1,5-A][1,3,5]TRIAZINE-8-CARBONITRILE (DB08353)","0.8139","http://www.drugbank.ca/drugs/DB08353"
"135","OLOMOUCINE II (DB04662)","0.8131","http://www.drugbank.ca/drugs/DB04662"
"136","N-[2-(carbamimidamidooxy)ethyl]-2-{6-cyano-3-[(2,2-difluoro-2-pyridin-2-ylethyl)amino]-2-fluorophenyl}acetamide (DB07665)","0.8125","http://www.drugbank.ca/drugs/DB07665"
"137","1-[4-(4-chlorobenzyl)-1-(7H-pyrrolo[2,3-d]pyrimidin-4-yl)piperidin-4-yl]methanamine (DB08149)","0.8121","http://www.drugbank.ca/drugs/DB08149"
"138","Vilazodone (DB06684)","0.8114","http://www.drugbank.ca/drugs/DB06684"
"139","2-{4-[(4-imidazo[1,2-a]pyridin-3-ylpyrimidin-2-yl)amino]piperidin-1-yl}-N-methylacetamide (DB08026)","0.8113","http://www.drugbank.ca/drugs/DB08026"
"140","Acetophenazine (DB01063)","0.8103","http://www.drugbank.ca/drugs/DB01063"
"141","[4-(6-Chloro-Naphthalene-2-Sulfonyl)-Piperazin-1-Yl]-(3,4,5,6-Tetrahydro-2h-[1,4']Bipyridinyl-4-Yl)-Methanone (DB01836)","0.8101","http://www.drugbank.ca/drugs/DB01836"
"142","(2R)-2-{[4-(benzylamino)-8-(1-methylethyl)pyrazolo[1,5-a][1,3,5]triazin-2-yl]amino}butan-1-ol (DB08285)","0.8094","http://www.drugbank.ca/drugs/DB08285"
"143","Udenafil (DB06267)","0.8091","http://www.drugbank.ca/drugs/DB06267"
"144","Ranolazine (DB00243)","0.8088","http://www.drugbank.ca/drugs/DB00243"
"145","Diltiazem (DB00343)","0.8087","http://www.drugbank.ca/drugs/DB00343"
"146","Etonitazene (DB01462)","0.8084","http://www.drugbank.ca/drugs/DB01462"
"147","4-[(3S)-1-AZABICYCLO[2.2.2]OCT-3-YLAMINO]-3-(1H-BENZIMIDAZOL-2-YL)-6-CHLOROQUINOLIN-2(1H)-ONE (DB06852)","0.8083","http://www.drugbank.ca/drugs/DB06852"
"148","Azimilide (DB04957)","0.8081","http://www.drugbank.ca/drugs/DB04957"
"149","PUROMYCIN (DB08437)","0.8078","http://www.drugbank.ca/drugs/DB08437"
"150","Clonitazene (DB01523)","0.8068","http://www.drugbank.ca/drugs/DB01523"
"151","Almitrine (DB01430)","0.8065","http://www.drugbank.ca/drugs/DB01430"
"152","Pagoclone (DB04903)","0.8058","http://www.drugbank.ca/drugs/DB04903"
"153","Lysergic Acid Diethylamide (DB04829)","0.8057","http://www.drugbank.ca/drugs/DB04829"
"154","Ketoconazole (DB01026)","0.8054","http://www.drugbank.ca/drugs/DB01026"
"155","Benazepril (DB00542)","0.8048","http://www.drugbank.ca/drugs/DB00542"
"156","N-[2-(1,3-BENZODIOXOL-5-YL)ETHYL]-1-[2-(1H-IMIDAZOL-1-YL)-6-METHYLPYRIMIDIN-4-YL]-D-PROLINAMIDE (DB06916)","0.8039","http://www.drugbank.ca/drugs/DB06916"
"157","Moricizine (DB00680)","0.8036","http://www.drugbank.ca/drugs/DB00680"
"158","4-[4-(1-Amino-1-Methylethyl)Phenyl]-5-Chloro-N-[4-(2-Morpholin-4-Ylethyl)Phenyl]Pyrimidin-2-Amine (DB02491)","0.8035","http://www.drugbank.ca/drugs/DB02491"
"159","5-{[1-(2-fluorobenzyl)piperidin-4-yl]methoxy}quinazoline-2,4-diamine (DB07642)","0.8032","http://www.drugbank.ca/drugs/DB07642"
"160","Terconazole (DB00251)","0.8032","http://www.drugbank.ca/drugs/DB00251"
"161","4-(2-{[4-{[3-(4-Chlorophenyl)Propyl]Sulfanyl}-6-(1-Piperazinyl)-1,3,5-Triazin-2-Yl]Amino}Ethyl)Phenol (DB04020)","0.8030","http://www.drugbank.ca/drugs/DB04020"
"162","Encainide (DB01228)","0.8027","http://www.drugbank.ca/drugs/DB01228"
"163","Cyclopropyl-{4-[5-(3,4-Dichlorophenyl)-2-[(1-Methyl)-Piperidin]-4-Yl-3-Propyl-3h-Imidazol-4-Yl]-Pyrimidin-2-Yl}Amine (DB03084)","0.8023","http://www.drugbank.ca/drugs/DB03084"
"164","Thiethylperazine (DB00372)","0.8018","http://www.drugbank.ca/drugs/DB00372"
"165","6-ETHYL-5-[(2S)-1-(3-METHOXYPROPYL)-2-PHENYL-1,2,3,4-TETRAHYDROQUINOLIN-7-YL]PYRIMIDINE-2,4-DIAMINE (DB08099)","0.8016","http://www.drugbank.ca/drugs/DB08099"
"166","Quetiapine (DB01224)","0.8015","http://www.drugbank.ca/drugs/DB01224"
"167","Gefitinib (DB00317)","0.8007","http://www.drugbank.ca/drugs/DB00317"
"168","Thioproperazine (DB01622)","0.8006","http://www.drugbank.ca/drugs/DB01622"
"169","Perphenazine (DB00850)","0.8001","http://www.drugbank.ca/drugs/DB00850"
"170","(METHYLPYRIDAZINE PIPERIDINE ETHYLOXYPHENYL)ETHYLACETATE (DB08012)","0.7997","http://www.drugbank.ca/drugs/DB08012"
"171","(2R)-2-({9-(1-methylethyl)-6-[(4-pyridin-2-ylbenzyl)amino]-9H-purin-2-yl}amino)butan-1-ol (DB08463)","0.7996","http://www.drugbank.ca/drugs/DB08463"
"172","Chlorhexidine (DB00878)","0.7993","http://www.drugbank.ca/drugs/DB00878"
"173","6-[3-(4-Morpholinyl)Propyl]-2-(3-Nitrophenyl)-5-Thioxo-5,6,-Dihydro-7h-Thienol[2',3':4,5]Pyrrolo[1,2-C]Imidazol-7-One (DB03507)","0.7992","http://www.drugbank.ca/drugs/DB03507"
"174","N-(5-CHLORO-BENZO[B]THIOPHEN-3-YLMETHYL)-2-[6-CHLORO-OXO-3-(2-PYRIDIN-2-YL-ETHYLAMINO)-2H-PYRAZIN-1-YL]-ACETAMIDE (DB07165)","0.7990","http://www.drugbank.ca/drugs/DB07165"
"175","1-[4-(AMINOMETHYL)BENZOYL]-5'-FLUORO-1'H-SPIRO[PIPERIDINE-4,2'-QUINAZOLIN]-4'-AMINE (DB08750)","0.7987","http://www.drugbank.ca/drugs/DB08750"
"176","(20S)-19,20,22,23-TETRAHYDRO-19-OXO-5H,21H-18,20-ETHANO-12,14-ETHENO-6,10-METHENOBENZ[D]IMIDAZO[4,3-L][1,6,9,13]OXATRIAZACYCLONOADECOSINE-9-CARBONITRILE (DB08676)","0.7987","http://www.drugbank.ca/drugs/DB08676"
"177","Prochlorperazine (DB00433)","0.7982","http://www.drugbank.ca/drugs/DB00433"
"178","Bepridil (DB01244)","0.7981","http://www.drugbank.ca/drugs/DB01244"
"179","Fluspirilene (DB04842)","0.7979","http://www.drugbank.ca/drugs/DB04842"
"180","Risperidone (DB00734)","0.7975","http://www.drugbank.ca/drugs/DB00734"
"181","N-((1R,2S)-2-(5-CHLORO-1H-INDOLE-2-CARBOXAMIDO)CYCLOHEXYL)-5-METHYL-4,5,6,7-TETRAHYDROTHIAZOLO[5,4-C]PYRIDINE-2-CARBOXAMIDE (DB07629)","0.7970","http://www.drugbank.ca/drugs/DB07629"
"182","N-((1R,2R)-2-(5-CHLORO-1H-INDOLE-2-CARBOXAMIDO)CYCLOHEXYL)-5-METHYL-4,5,6,7-TETRAHYDROTHIAZOLO[5,4-C]PYRIDINE-2-CARBOXAMIDE (DB07630)","0.7970","http://www.drugbank.ca/drugs/DB07630"
"183","5-{[1-(2,3-dichlorobenzyl)piperidin-4-yl]methoxy}quinazoline-2,4-diamine (DB07643)","0.7963","http://www.drugbank.ca/drugs/DB07643"
"184","2-({8-[(3R)-3-AMINOPIPERIDIN-1-YL]-1,3-DIMETHYL-2,6-DIOXO-1,2,3,6-TETRAHYDRO-7H-PURIN-7-YL}METHYL)BENZONITRILE (DB08743)","0.7938","http://www.drugbank.ca/drugs/DB08743"
"185","Rilpivirine (DB08864)","0.7933","http://www.drugbank.ca/drugs/DB08864"
"186","TMC278 (DB05083)","0.7933","http://www.drugbank.ca/drugs/DB05083"
"187","4-{[4-({4-[(E)-2-cyanoethenyl]-2,6-dimethylphenyl}amino)pyrimidin-2-yl]amino}benzonitrile (DB08592)","0.7933","http://www.drugbank.ca/drugs/DB08592"
"188","4-{[4-AMINO-6-(CYCLOHEXYLMETHOXY)-5-NITROSOPYRIMIDIN-2-YL]AMINO}BENZAMIDE (DB08572)","0.7926","http://www.drugbank.ca/drugs/DB08572"
"189","2-({2-[(3R)-3-AMINOPIPERIDIN-1-YL]-4-OXOQUINAZOLIN-3(4H)-YL}METHYL)BENZONITRILE (DB08588)","0.7925","http://www.drugbank.ca/drugs/DB08588"
"190","Pipazethate (DB08796)","0.7923","http://www.drugbank.ca/drugs/DB08796"
"191","N~2~-1,3-BENZOXAZOL-2-YL-3-CYCLOHEXYL-N-{2-[(4-METHOXYPHENYL)AMINO]ETHYL}-L-ALANINAMIDE (DB07839)","0.7921","http://www.drugbank.ca/drugs/DB07839"
"192","Granisetron (DB00889)","0.7915","http://www.drugbank.ca/drugs/DB00889"
"193","3-[(Acetyl-Methyl-Amino)-Methyl]-4-Amino-N-Methyl-N-(1-Methyl-1h-Indol-2-Ylmethyl)-Benzamide (DB03534)","0.7914","http://www.drugbank.ca/drugs/DB03534"
"194","Amperozide (DB08927)","0.7905","http://www.drugbank.ca/drugs/DB08927"
"195","(11R)-10-acetyl-11-(2,4-dichlorophenyl)-6-hydroxy-3,3-dimethyl-2,3,4,5,10,11-hexahydro-1H-dibenzo[b,e][1,4]diazepin-1-one (DB08747)","0.7904","http://www.drugbank.ca/drugs/DB08747"
"196","4-chloro-N-(3-methoxypropyl)-N-[(3S)-1-(2-phenylethyl)piperidin-3-yl]benzamide (DB08344)","0.7900","http://www.drugbank.ca/drugs/DB08344"
"197","2,4-Diamino-5-Methyl-6-[(3,4,5-Trimethoxy-N-Methylanilino)Methyl]Pyrido[2,3-D]Pyrimidine (DB02104)","0.7892","http://www.drugbank.ca/drugs/DB02104"
"198","3-(2-AMINO-6-BENZOYLQUINAZOLIN-3(4H)-YL)-N-CYCLOHEXYL-N-METHYLPROPANAMIDE (DB08749)","0.7890","http://www.drugbank.ca/drugs/DB08749"
"199","Fluphenazine (DB00623)","0.7888","http://www.drugbank.ca/drugs/DB00623"
"200","N-(1-ISOPROPYLPIPERIDIN-4-YL)-1-(3-METHOXYBENZYL)-1H-INDOLE-2-CARBOXAMIDE (DB07973)","0.7882","http://www.drugbank.ca/drugs/DB07973"
"201","(2S)-4-(2,5-DIFLUOROPHENYL)-N-METHYL-2-PHENYL-N-PIPERIDIN-4-YL-2,5-DIHYDRO-1H-PYRROLE-1-CARBOXAMIDE (DB08239)","0.7881","http://www.drugbank.ca/drugs/DB08239"
"202","(METHYLPYRIDAZINE PIPERIDINE PROPYLOXYPHENYL)ETHYLACETATE (DB08013)","0.7874","http://www.drugbank.ca/drugs/DB08013"
"203","5-(4-Morpholin-4-Yl-Phenylsulfanyl)-2,4-Quinazolinediamine (DB02001)","0.7872","http://www.drugbank.ca/drugs/DB02001"
"204","Trifluoperazine (DB00831)","0.7869","http://www.drugbank.ca/drugs/DB00831"
"205","K201 (DB02929)","0.7865","http://www.drugbank.ca/drugs/DB02929"
"206","FR236913 (DB02830)","0.7861","http://www.drugbank.ca/drugs/DB02830"
"207","7-BENZYL-1,3-DIMETHYL-8-PIPERAZIN-1-YL-3,7-DIHYDRO-PURINE-2,6-DIONE (DB08530)","0.7857","http://www.drugbank.ca/drugs/DB08530"
"208","6-({5-fluoro-2-[(3,4,5-trimethoxyphenyl)amino]pyrimidin-4-yl}amino)-2,2-dimethyl-2H-pyrido[3,2-b][1,4]oxazin-3(4H)-one (DB07159)","0.7856","http://www.drugbank.ca/drugs/DB07159"
"209","2-(6-CHLORO-3-{[2,2-DIFLUORO-2-(2-PYRIDINYL)ETHYL]AMINO}-2-OXO-1(2H)-PYRAZINYL)-N-[(2-FLUORO-6-PYRIDINYL)METHYL]ACETAMIDE (DB07548)","0.7850","http://www.drugbank.ca/drugs/DB07548"
"210","Domperidone (DB01184)","0.7846","http://www.drugbank.ca/drugs/DB01184"
"211","Morpholine-4-Carboxylic Acid [1-(2-Benzylsulfanyl-1-Formyl-Ethylcarbamoyl)-2-Phenyl-Ethyl]-Amide (DB03984)","0.7844","http://www.drugbank.ca/drugs/DB03984"
"212","N-(5-chloro-1,3-benzodioxol-4-yl)-6-methoxy-7-(3-piperidin-1-ylpropoxy)quinazolin-4-amine (DB07249)","0.7843","http://www.drugbank.ca/drugs/DB07249"
"213","N'-(6-aminopyridin-3-yl)-N-(2-cyclopentylethyl)-4-methyl-benzene-1,3-dicarboxamide (DB07537)","0.7839","http://www.drugbank.ca/drugs/DB07537"
"214","D-phenylalanyl-N-benzyl-L-prolinamide (DB07143)","0.7831","http://www.drugbank.ca/drugs/DB07143"
"215","5-Chloro-1h-Indole-2-Carboxylic Acid [1-(4-Fluorobenzyl)-2-(4-Hydroxypiperidin-1yl)-2-Oxoethyl]Amide (DB03383)","0.7828","http://www.drugbank.ca/drugs/DB03383"
"216","TC-5619 (DB06090)","0.7827","http://www.drugbank.ca/drugs/DB06090"
"217","Quinacrine (DB01103)","0.7826","http://www.drugbank.ca/drugs/DB01103"
"218","Methysergide (DB00247)","0.7826","http://www.drugbank.ca/drugs/DB00247"
"219","Mirabegron  (DB08893)","0.7824","http://www.drugbank.ca/drugs/DB08893"
"220","2-Phenyl-1-[4-(2-Piperidin-1-Yl-Ethoxy)-Phenyl]-1,2,3,4-Tetrahydro-Isoquinolin-6-Ol (DB04471)","0.7824","http://www.drugbank.ca/drugs/DB04471"
"221","N-{2'-[(4-FLUOROPHENYL)AMINO]-4,4'-BIPYRIDIN-2-YL}-4-METHOXYCYCLOHEXANECARBOXAMIDE (DB08025)","0.7820","http://www.drugbank.ca/drugs/DB08025"
"222","N-(2-METHOXYETHYL)-4-({4-[2-METHYL-1-(1-METHYLETHYL)-1H-IMIDAZOL-5-YL]PYRIMIDIN-2-YL}AMINO)BENZENESULFONAMIDE (DB07790)","0.7811","http://www.drugbank.ca/drugs/DB07790"
"223","D-phenylalanyl-N-(3-chlorobenzyl)-L-prolinamide (DB06919)","0.7808","http://www.drugbank.ca/drugs/DB06919"
"224","D-phenylalanyl-N-(3-fluorobenzyl)-L-prolinamide (DB07027)","0.7808","http://www.drugbank.ca/drugs/DB07027"
"225","N-({(2S)-1-[(3R)-3-AMINO-4-(2-FLUOROPHENYL)BUTANOYL]PYRROLIDIN-2-YL}METHYL)BENZAMIDE (DB07779)","0.7805","http://www.drugbank.ca/drugs/DB07779"
"226","D-phenylalanyl-N-{4-[amino(iminio)methyl]benzyl}-L-prolinamide (DB07005)","0.7805","http://www.drugbank.ca/drugs/DB07005"
"227","2,4-Diamino-6-[N-(3',4',5'-Trimethoxybenzyl)-N-Methylamino]Pyrido[2,3-D]Pyrimidine (DB02919)","0.7799","http://www.drugbank.ca/drugs/DB02919"
"228","Propericiazine (DB01608)","0.7798","http://www.drugbank.ca/drugs/DB01608"
"229","Pipotiazine (DB01621)","0.7798","http://www.drugbank.ca/drugs/DB01621"
"230","[4-R-(4-ALPHA,6-BETA,7-BETA]-HEXAHYDRO-5,6-DI(HYDROXY)-1,3-DI(ALLYL)-4,7-BISPHENYLMETHYL)-2H-1,3-DIAZEPINONE (DB06910)","0.7797","http://www.drugbank.ca/drugs/DB06910"
"231","1-Allyl-3-Butyl-8-(N-Acetyl-4-Aminobenzyl)-Xanthine (DB03267)","0.7794","http://www.drugbank.ca/drugs/DB03267"
"232","Methylergometrine (DB00353)","0.7792","http://www.drugbank.ca/drugs/DB00353"
"233","(2S)-6-(2,4-DIAMINO-6-ETHYLPYRIMIDIN-5-YL)-2-(3,5-DIFLUOROPHENYL)-4-(3-METHOXYPROPYL)-2H-1,4-BENZOXAZIN-3(4H)-ONE (DB07113)","0.7790","http://www.drugbank.ca/drugs/DB07113"
"234","2-(6-CHLORO-3-{[2,2-DIFLUORO-2-(2-PYRIDINYL)ETHYL]AMINO}-2-OXO-1(2H)-PYRAZINYL)-N-[(2-FLUORO-3-METHYL-6-PYRIDINYL)METHYL]ACETAMIDE (DB07549)","0.7787","http://www.drugbank.ca/drugs/DB07549"
"235","Linagliptin  (DB08882)","0.7783","http://www.drugbank.ca/drugs/DB08882"
"236","D-phenylalanyl-N-(3-methylbenzyl)-L-prolinamide (DB07133)","0.7776","http://www.drugbank.ca/drugs/DB07133"
"237","N-(4-carbamimidoylbenzyl)-1-(3-phenylpropanoyl)-L-prolinamide (DB06942)","0.7773","http://www.drugbank.ca/drugs/DB06942"
"238","N-[4-(1-BENZOYLPIPERIDIN-4-YL)BUTYL]-3-PYRIDIN-3-YLPROPANAMIDE (DB07656)","0.7769","http://www.drugbank.ca/drugs/DB07656"
"239","2-(3-CHLORO-6-{[2,2-DIFLUORO-2-(1-OXIDOPYRIDIN-2-YL)ETHYL]AMINO}-1-OXIDOPYRIDIN-2-YL)-N-[1-(3-CHLOROPHENYL)ETHYL]ACETAMIDE (DB04722)","0.7760","http://www.drugbank.ca/drugs/DB04722"
"240","4-BROMO-2-FLUORO-N-[(4E)-6-METHOXY-7-[(1-METHYLPIPERIDIN-4-YL)METHOXY]QUINAZOLIN-4(1H)-YLIDENE]ANILINE (DB08764)","0.7748","http://www.drugbank.ca/drugs/DB08764"
"241","N-cyclopropyl-4-methyl-3-{2-[(2-morpholin-4-ylethyl)amino]quinazolin-6-yl}benzamide (DB08351)","0.7742","http://www.drugbank.ca/drugs/DB08351"
"242","Cp403700, (S)-1-{2-[(5-Chloro-1h-Indole-2-Carbonyl)-Amino]-3-Phenyl-Propionyl}-Azetidine-3-Carboxylate (DB03744)","0.7742","http://www.drugbank.ca/drugs/DB03744"
"243","(METHYLPYRIDAZINE PIPERIDINE BUTYLOXYPHENYL)ETHYLACETATE (DB08014)","0.7741","http://www.drugbank.ca/drugs/DB08014"
"244","(11S)-8-CHLORO-11-[1-(METHYLSULFONYL)PIPERIDIN-4-YL]-6-PIPERAZIN-1-YL-11H-BENZO[5,6]CYCLOHEPTA[1,2-B]PYRIDINE (DB07216)","0.7738","http://www.drugbank.ca/drugs/DB07216"
"245","Cisapride (DB00604)","0.7737","http://www.drugbank.ca/drugs/DB00604"
"246","N-{3-[(7ar,12as,12bs)-7-Oxo-1,3,4,6,7,7a,12a,12b-Octahydroindolo[2,3-a]Quinolizin-12(2h)-Yl]Propyl}Propane-2-Sulfonamide (DB01967)","0.7730","http://www.drugbank.ca/drugs/DB01967"
"247","1-{[1-(2-AMINO-3-PHENYL-PROPIONYL)-PYRROLIDINE-2-CARBONYL]-AMINO}-2-(3-CYANO-PHENYL)-ETHANEBORONIC ACID (DB08420)","0.7726","http://www.drugbank.ca/drugs/DB08420"
"248","2-{4-[2-(2-AMINO-4-OXO-4,7-DIHYDRO-3H-PYRROLO[2,3-D]PYRIMIDIN-5-YL)-ETHYL]-BENZOYLAMINO}-3-METHYL-BUTYRIC ACID (DB08131)","0.7716","http://www.drugbank.ca/drugs/DB08131"
"249","Thioridazine (DB00679)","0.7716","http://www.drugbank.ca/drugs/DB00679"
"250","2-[2-ETHANESULFONYLAMINO-3-(1H-INDOL-3-YL)-PROPIONYLAMINO]-PENTANEDIOIC ACID 5-AMIDE 1-(4-CARBAMIM IDOYL-BENZYLAMIDE) (DB04758)","0.7710","http://www.drugbank.ca/drugs/DB04758"
"251","Tadalafil (DB00820)","0.7708","http://www.drugbank.ca/drugs/DB00820"
"252","[5-AMINO-1-(4-FLUOROPHENYL)-1H-PYRAZOL-4-YL][3-(PIPERIDIN-4-YLOXY)PHENYL]METHANONE (DB08423)","0.7697","http://www.drugbank.ca/drugs/DB08423"
"253","Benzofuran-2-Carboxylic Acid {(S)-3-Methyl-1-[3-Oxo-1-(Pyridin-2-Ylsulfonyl)Azepan-4-Ylcarbamoyl]Butyl}Amide (DB03642)","0.7696","http://www.drugbank.ca/drugs/DB03642"
"254","N-({(2S)-1-[(3R)-3-amino-4-(3-chlorophenyl)butanoyl]pyrrolidin-2-yl}methyl)-3-(methylsulfonyl)benzamide (DB08429)","0.7695","http://www.drugbank.ca/drugs/DB08429"
"255","Doxazosin (DB00590)","0.7695","http://www.drugbank.ca/drugs/DB00590"
"256","LY341770 (DB03038)","0.7695","http://www.drugbank.ca/drugs/DB03038"
"257","Mesoridazine (DB00933)","0.7694","http://www.drugbank.ca/drugs/DB00933"
"258","Tl-3-093 (DB01891)","0.7691","http://www.drugbank.ca/drugs/DB01891"
"259","Bepotastine (DB04890)","0.7686","http://www.drugbank.ca/drugs/DB04890"
"260","5,10-Dideazatetrahydrofolic Acid (DB03625)","0.7683","http://www.drugbank.ca/drugs/DB03625"
"261","LY249543 (DB04322)","0.7681","http://www.drugbank.ca/drugs/DB04322"
"262","[4-({4-[(5-CYCLOPROPYL-1H-PYRAZOL-3-YL)AMINO]QUINAZOLIN-2-YL}IMINO)CYCLOHEXA-2,5-DIEN-1-YL]ACETONITRILE (DB07853)","0.7679","http://www.drugbank.ca/drugs/DB07853"
"263","Raltegravir (DB06817)","0.7678","http://www.drugbank.ca/drugs/DB06817"
"264","9-CYCLOPENTYL-6-[2-(3-IMIDAZOL-1-YL-PROPOXY)-PHENYLAMINO]-9H-PURINE-2-CARBONITRILE (DB07967)","0.7662","http://www.drugbank.ca/drugs/DB07967"
"265","1-(3-(2,4-DIMETHYLTHIAZOL-5-YL)-4-OXO-2,4-DIHYDROINDENO[1,2-C]PYRAZOL-5-YL)-3-(4-METHYLPIPERAZIN-1-YL)UREA (DB07622)","0.7652","http://www.drugbank.ca/drugs/DB07622"
"266","(R)-N-[2-[1-(Aminoiminomethyl)-3-Piperidinyl]-1-Oxoethyl]-4-(Phenylethynyl)-L-Phenylalanine Methylester (DB03453)","0.7651","http://www.drugbank.ca/drugs/DB03453"
"267","beta-phenyl-D-phenylalanyl-N-propyl-L-prolinamide (DB07083)","0.7646","http://www.drugbank.ca/drugs/DB07083"
"268","3-({2-[(4-{[6-(CYCLOHEXYLMETHOXY)-9H-PURIN-2-YL]AMINO}PHENYL)SULFONYL]ETHYL}AMINO)PROPAN-1-OL (DB08309)","0.7645","http://www.drugbank.ca/drugs/DB08309"
"269","2-(4-(AMINOMETHYL)PIPERIDIN-1-YL)-N-(3_CYCLOHEXYL-4-OXO-2,4-DIHYDROINDENO[1,2-C]PYRAZOL-5-YL)ACETAMIDE (DB07618)","0.7641","http://www.drugbank.ca/drugs/DB07618"
"270","Disopyramide (DB00280)","0.7640","http://www.drugbank.ca/drugs/DB00280"
"271","3-{6-[(8-HYDROXY-QUINOLINE-2-CARBONYL)-AMINO]-2-THIOPHEN-2-YL-HEXANOYLAMINO}-4-OXO-BUTYRI ACID (DB07916)","0.7639","http://www.drugbank.ca/drugs/DB07916"
"272","Cetirizine (DB00341)","0.7635","http://www.drugbank.ca/drugs/DB00341"
"273","Hydroxyzine (DB00557)","0.7635","http://www.drugbank.ca/drugs/DB00557"
"274","CF-101 (DB05511)","0.7635","http://www.drugbank.ca/drugs/DB05511"
"275","3-[(1R)-1-(2,6-dichloro-3-fluorophenyl)ethoxy]-5-(1-piperidin-4-yl-1H-pyrazol-4-yl)pyridin-2-amine (DB08700)","0.7631","http://www.drugbank.ca/drugs/DB08700"
"276","1-(3-HYDROXYPROPYL)-2-[(3-NITROBENZOYL)AMINO]-1H-BENZIMIDAZOL-5-YL PIVALATE (DB08590)","0.7628","http://www.drugbank.ca/drugs/DB08590"
"277","Glipizide (DB01067)","0.7628","http://www.drugbank.ca/drugs/DB01067"
"278","Trimethaphan (DB01116)","0.7626","http://www.drugbank.ca/drugs/DB01116"
"279","1-Acetyl-4-(4-{4-[(2-Ethoxyphenyl)Thio]-3-Nitrophenyl}Pyridin-2-Yl)Piperazine (DB02177)","0.7626","http://www.drugbank.ca/drugs/DB02177"
"280","2-{[(6-OXO-1,6-DIHYDROPYRIDIN-3-YL)METHYL]AMINO}-N-[4-PROPYL-3-(TRIFLUOROMETHYL)PHENYL]BENZAMIDE (DB07831)","0.7624","http://www.drugbank.ca/drugs/DB07831"
"281","[(1-{2[(4-Carbamimidoyl-Phenylamino)-Methyl]-1-Methyl-1h-Benzoimidazol-5-Yl}-Cyclopropyl)-Pyridin-2-Yl-Methyleneaminooxy]-Acetic Acid Ethyl Ester (DB04107)","0.7624","http://www.drugbank.ca/drugs/DB04107"
"282","Paliperidone (DB01267)","0.7615","http://www.drugbank.ca/drugs/DB01267"
"283","Tolvaptan (DB06212)","0.7614","http://www.drugbank.ca/drugs/DB06212"
"284","Zanapezil (DB04859)","0.7609","http://www.drugbank.ca/drugs/DB04859"
"285","O6-(R)-ROSCOVITINE, R-2-(6-BENZYLOXY-9-ISOPROPYL-9H-PURIN-2-YLAMINO)-BUTAN-1-OL (DB04770)","0.7609","http://www.drugbank.ca/drugs/DB04770"
"286","ONO-6818 (DB03925)","0.7608","http://www.drugbank.ca/drugs/DB03925"
"287","(2R,4S)-2-[(R)-BENZYLCARBAMOYL-PHENYLACETYL-METHYL]-5,5-DIMETHYL-THIAZOLIDINE-4-CARBOXYLIC ACID (DB07806)","0.7607","http://www.drugbank.ca/drugs/DB07806"
"288","4-(6-CYCLOHEXYLMETHOXY-9H-PURIN-2-YLAMINO)--BENZAMIDE (DB08241)","0.7606","http://www.drugbank.ca/drugs/DB08241"
"289","Methyl-[4-(4-Piperidine-1-Ylmethyl-Phenyl)-Cyclohexyl]-Carbaminic Acid-(4-Chlorophenyl)-Ester (DB03748)","0.7595","http://www.drugbank.ca/drugs/DB03748"
"290","Cyclohexyl-{4-[5-(3,4-Dichlorophenyl)-2-Piperidin-4-Yl-3-Propyl-3h-Imidazol-4-Yl]-Pyrimidin-2-Yl}Amine (DB02388)","0.7595","http://www.drugbank.ca/drugs/DB02388"
"291","Pralatrexate (DB06813)","0.7589","http://www.drugbank.ca/drugs/DB06813"
"292","(20S)-19,20,21,22-TETRAHYDRO-19-OXO-5H-18,20-ETHANO-12,14-ETHENO-6,10-METHENO-18H-BENZ[D]IMIDAZO[4,3-K][1,6,9,12]OXATRIAZA-CYCLOOCTADECOSINE-9-CARBONITRILE (DB08674)","0.7576","http://www.drugbank.ca/drugs/DB08674"
"293","Merimepodib (DB04862)","0.7560","http://www.drugbank.ca/drugs/DB04862"
"294","Nicergoline (DB00699)","0.7537","http://www.drugbank.ca/drugs/DB00699"
"295","2-[Trans-(4-Aminocyclohexyl)Amino]-6-(Benzyl-Amino)-9-Cyclopentylpurine (DB04288)","0.7525","http://www.drugbank.ca/drugs/DB04288"
"296","3-(5-{[4-(AMINOMETHYL)PIPERIDIN-1-YL]METHYL}-1H-INDOL-2-YL)-1H-INDAZOLE-6-CARBONITRILE (DB07075)","0.7523","http://www.drugbank.ca/drugs/DB07075"
"297","(2R)-N-HYDROXY-2-[(3S)-3-METHYL-3-{4-[(2-METHYLQUINOLIN-4-YL)METHOXY]PHENYL}-2-OXOPYRROLIDIN-1-YL]PROPANAMIDE (DB07145)","0.7522","http://www.drugbank.ca/drugs/DB07145"
"298","4-{[5-(CYCLOHEXYLMETHOXY)[1,2,4]TRIAZOLO[1,5-A]PYRIMIDIN-7-YL]AMINO}BENZENESULFONAMIDE (DB07685)","0.7515","http://www.drugbank.ca/drugs/DB07685"
"299","3-[3-(2,3-Dihydroxy-Propylamino)-Phenyl]-4-(5-Fluoro-1-Methyl-1h-Indol-3-Yl)-Pyrrole-2,5-Dione (DB01772)","0.7508","http://www.drugbank.ca/drugs/DB01772"
"300","[4-(3-AMINOMETHYL-PHENYL)-PIPERIDIN-1-YL]-(5-PHENETHYL- PYRIDIN-3-YL)-METHANONE (DB04764)","0.7504","http://www.drugbank.ca/drugs/DB04764"
"301","N-{(1S,2R)-2-hydroxy-1-[(hydroxyamino)carbonyl]propyl}-4-{[4-(morpholin-4-ylmethyl)phenyl]ethynyl}benzamide (DB07536)","0.7503","http://www.drugbank.ca/drugs/DB07536"
"302","(3ASR,4RS,8ASR,8BRS)-4-(2-(4-FLUOROBENZYL)-1,3-DIOXODEACAHYDROPYRROLO[3,4-A] PYRROLIZIN-4-YL)BENZAMIDINE (DB07796)","0.7497","http://www.drugbank.ca/drugs/DB07796"
"303","Isopropamide (DB01625)","0.7494","http://www.drugbank.ca/drugs/DB01625"
"304","(3S)-1-(1,3-BENZODIOXOL-5-YLMETHYL)-3-[4-(1H-IMIDAZOL-1-YL)PHENOXY]PIPERIDINE (DB07011)","0.7490","http://www.drugbank.ca/drugs/DB07011"
"305","Aminacrine (DB02842)","0.7484","http://www.drugbank.ca/drugs/DB02842"
"306","2-ANILINO-6-CYCLOHEXYLMETHOXYPURINE (DB06948)","0.7484","http://www.drugbank.ca/drugs/DB06948"
"307","Asimadoline (DB05104)","0.7483","http://www.drugbank.ca/drugs/DB05104"
"308","Doxapram (DB00561)","0.7481","http://www.drugbank.ca/drugs/DB00561"
"309","4-(BENZHYDRYLOXY)-1-[3-(1H-TETRAAZOL-5-YL)PROPYL]PIPERIDINE (DB07917)","0.7470","http://www.drugbank.ca/drugs/DB07917"
"310","Anileridine (DB00913)","0.7470","http://www.drugbank.ca/drugs/DB00913"
"311","SP2456 (DB03957)","0.7467","http://www.drugbank.ca/drugs/DB03957"
"312","Azelastine (DB00972)","0.7466","http://www.drugbank.ca/drugs/DB00972"
"313","1-[(3S)-5-PHENYL-3-THIOPHEN-2-YL-3H-1,4-BENZODIAZEPIN-2-YL]AZETIDIN-3-OL (DB08698)","0.7459","http://www.drugbank.ca/drugs/DB08698"
"314","N-(1-Carboxy-3-Phenylpropyl)Phenylalanyl-Alpha-Asparagine (DB02307)","0.7459","http://www.drugbank.ca/drugs/DB02307"
"315","6-CYCLOHEXYLMETHOXY-2-(3'-CHLOROANILINO) PURINE (DB07203)","0.7452","http://www.drugbank.ca/drugs/DB07203"
"316","Eletriptan (DB00216)","0.7448","http://www.drugbank.ca/drugs/DB00216"
"317","7-amino-2-tert-butyl-4-{[2-(1H-imidazol-4-yl)ethyl]amino}pyrido[2,3-d]pyrimidine-6-carboxamide (DB07042)","0.7432","http://www.drugbank.ca/drugs/DB07042"
"318","Cinnarizine (DB00568)","0.7414","http://www.drugbank.ca/drugs/DB00568"
"319","6-CYCLOHEXYLMETHYLOXY-2-(4'-HYDROXYANILINO)PURINE (DB08233)","0.7412","http://www.drugbank.ca/drugs/DB08233"
"320","4-[(3AS,4R,7R,8AS,8BR)-2-(1,3-BENZODIOXOL-5-YLMETHYL)-7-HYDROXY-1,3-DIOXODECAHYDROPYRROLO[3,4-A]PYRROLIZIN-4-YL]BENZENECARBOXIMIDAMIDE (DB08546)","0.7400","http://www.drugbank.ca/drugs/DB08546"
"321","Dextromoramide (DB01529)","0.7397","http://www.drugbank.ca/drugs/DB01529"
"322","Ezetimibe (DB00973)","0.7396","http://www.drugbank.ca/drugs/DB00973"
"323","Propantheline (DB00782)","0.7389","http://www.drugbank.ca/drugs/DB00782"
"324","N~2~-[(BENZYLOXY)CARBONYL]-N-[(1S,2S)-2-HYDROXY-1-(4-HYDROXYBENZYL)PROPYL]-L-LEUCINAMIDE (DB07571)","0.7388","http://www.drugbank.ca/drugs/DB07571"
"325","Quinine (DB00468)","0.7385","http://www.drugbank.ca/drugs/DB00468"
"326","Quinidine (DB00908)","0.7385","http://www.drugbank.ca/drugs/DB00908"
"327","6-(CYCLOHEXYLAMINO)-9-[2-(4-METHYLPIPERAZIN-1-YL)-ETHYL]-9H-PURINE-2-CARBONITRILE (DB07965)","0.7384","http://www.drugbank.ca/drugs/DB07965"
"328","Buclizine (DB00354)","0.7380","http://www.drugbank.ca/drugs/DB00354"
"329","Clidinium (DB00771)","0.7379","http://www.drugbank.ca/drugs/DB00771"
"330","4-(1R,3AS,4R,8AS,8BR)-[1-DIFLUOROMETHYL-2-(4-FLUOROBENZYL)-3-OXODECAHYDROPYRROLO[3,4-A]PYRROLIZIN-4-YL]BENZAMIDINE (DB07741)","0.7377","http://www.drugbank.ca/drugs/DB07741"
"331","3-CYCLOHEXYL-1-(2-MORPHOLIN-4-YL-2-OXOETHYL)-2-PHENYL-1H-INDOLE-6-CARBOXYLIC ACID (DB07570)","0.7369","http://www.drugbank.ca/drugs/DB07570"
"332","Flunarizine (DB04841)","0.7365","http://www.drugbank.ca/drugs/DB04841"
"333","N-{3-[5-(6-Amino-Purin-9-Yl)-3,4-Dihydroxy-Tetrahydro-Furan-2-Yl]-Allyl}-2,3-Dihydroxy-5-Nitro-Benzamide (DB03907)","0.7363","http://www.drugbank.ca/drugs/DB03907"
"334","(1-Methyl-1h-Imidazol-2-Yl)-(3-Methyl-4-{3-[(Pyridin-3-Ylmethyl)-Amino]-Propoxy}-Benzofuran-2-Yl)-Methanone (DB03062)","0.7358","http://www.drugbank.ca/drugs/DB03062"
"335","Etravirine (DB06414)","0.7357","http://www.drugbank.ca/drugs/DB06414"
"336","4-({6-AMINO-5-BROMO-2-[(4-CYANOPHENYL)AMINO]PYRIMIDIN-4-YL}OXY)-3,5-DIMETHYLBENZONITRILE (DB07191)","0.7357","http://www.drugbank.ca/drugs/DB07191"
"337","(9S)-9-[(8-AMMONIOOCTYL)AMINO]-1,2,3,4,9,10-HEXAHYDROACRIDINIUM (DB04617)","0.7351","http://www.drugbank.ca/drugs/DB04617"
"338","Br-Coeleneterazine (DB02006)","0.7349","http://www.drugbank.ca/drugs/DB02006"
"339","I-Coeleneterazine (DB04146)","0.7349","http://www.drugbank.ca/drugs/DB04146"
"340","O6-CYCLOHEXYLMETHOXY-2-(4'-SULPHAMOYLANILINO) PURINE (DB07126)","0.7344","http://www.drugbank.ca/drugs/DB07126"
"341","3-(6-CYCLOHEXYLMETHOXY-9H-PURIN-2-YLAMINO)-BENZENESULFONAMIDE (DB08248)","0.7344","http://www.drugbank.ca/drugs/DB08248"
"342","Lobeline (DB05137)","0.7338","http://www.drugbank.ca/drugs/DB05137"
"343","1-(2,6-Dichlorophenyl)-5-(2,4-Difluorophenyl)-7-Piperidin-4-Yl-3,4-Dihydroquinolin-2(1h)-One (DB01948)","0.7329","http://www.drugbank.ca/drugs/DB01948"
"344","R048-8071 (DB02016)","0.7329","http://www.drugbank.ca/drugs/DB02016"
"345","Tolterodine (DB01036)","0.7323","http://www.drugbank.ca/drugs/DB01036"
"346","Allyl-{6-[3-(4-Bromo-Phenyl)-1-Methyl-1h-Indazol-6-Yl]Oxy}Hexyl)-N-Methylamine (DB03888)","0.7322","http://www.drugbank.ca/drugs/DB03888"
"347","1-[1'-(3-phenylacryloyl)spiro[1-benzofuran-3,4'-piperidin]-5-yl]methanamine (DB06849)","0.7321","http://www.drugbank.ca/drugs/DB06849"
"348","N-Alpha-(2-Naphthylsulfonyl)-N(3-Amidino-L-Phenylalaninyl)-4-Acetyl-Piperazine (DB04125)","0.7318","http://www.drugbank.ca/drugs/DB04125"
"349","Meclizine (DB00737)","0.7318","http://www.drugbank.ca/drugs/DB00737"
"350","Iloperidone (DB04946)","0.7306","http://www.drugbank.ca/drugs/DB04946"
"351","2-(2-{2-[(BIPHENYL-4-YLMETHYL)-AMINO]-3-MERCAPTO-PENTANOYLAMINO}-ACETYLAMINO)-3-METHYL-BUTYRIC ACID METHYL ESTER (DB08643)","0.7302","http://www.drugbank.ca/drugs/DB08643"
"352","ZK-806711 (DB03373)","0.7295","http://www.drugbank.ca/drugs/DB03373"
"353","N-{(1s)-4-[Bis(2-Chloroethyl)Amino]-1-Methylbutyl}-N-(6-Chloro-2-Methoxy-9-Acridinyl)Amine (DB02240)","0.7294","http://www.drugbank.ca/drugs/DB02240"
"354","1-CYCLOHEXYL-N-{[1-(4-METHYLPHENYL)-1H-INDOL-3-YL]METHYL}METHANAMINE (DB06833)","0.7289","http://www.drugbank.ca/drugs/DB06833"
"355","Benzatropine (DB00245)","0.7287","http://www.drugbank.ca/drugs/DB00245"
"356","(10R)-10-Formyl-5,8,10-Trideazafolic Acid (DB04264)","0.7284","http://www.drugbank.ca/drugs/DB04264"
"357","(5S)-5-(3-AMINOPROPYL)-3-(2,5-DIFLUOROPHENYL)-N-ETHYL-5-PHENYL-4,5-DIHYDRO-1H-PYRAZOLE-1-CARBOXAMIDE (DB08250)","0.7282","http://www.drugbank.ca/drugs/DB08250"
"358","(3-EXO)-3-(10,11-DIHYDRO-5H-DIBENZO[A,D][7]ANNULEN-5-YLOXY)-8,8-DIMETHYL-8-AZONIABICYCLO[3.2.1]OCTANE (DB07494)","0.7277","http://www.drugbank.ca/drugs/DB07494"
"359","Rimonabant (DB06155)","0.7261","http://www.drugbank.ca/drugs/DB06155"
"360","Aclidinium (DB08897)","0.7256","http://www.drugbank.ca/drugs/DB08897"
"361","Irbesartan (DB01029)","0.7256","http://www.drugbank.ca/drugs/DB01029"
"362","7A-[(4-cyanophenyl)methyl]-6-(3,5-dichlorophenyl)-5-oxo-2,3,5,7A-tetrahydro-1H-pyrrolo[1,2-A]pyrrole-7-carbonitrile (DB06972)","0.7255","http://www.drugbank.ca/drugs/DB06972"
"363","(5-(aminomethyl)-2H-spiro[benzofuran-3,4'-piperidine]-1'-yl)(5-(phenylethynyl)furan-2-yl)methanone (DB06962)","0.7253","http://www.drugbank.ca/drugs/DB06962"
"364","Loperamide (DB00836)","0.7245","http://www.drugbank.ca/drugs/DB00836"
"365","PYRIMIDINE-4,6-DICARBOXYLIC ACID BIS-(3-METHYL-BENZYLAMIDE) (DB04759)","0.7240","http://www.drugbank.ca/drugs/DB04759"
"366","Valsartan (DB00177)","0.7237","http://www.drugbank.ca/drugs/DB00177"
"367","Trospium (DB00209)","0.7235","http://www.drugbank.ca/drugs/DB00209"
"368","Benzethidine (DB01518)","0.7227","http://www.drugbank.ca/drugs/DB01518"
"369","Fesoterodine (DB06702)","0.7225","http://www.drugbank.ca/drugs/DB06702"
"370","Forasartan (DB01342)","0.7207","http://www.drugbank.ca/drugs/DB01342"
"371","6-[(Z)-Amino(Imino)Methyl]-N-[4-(Aminomethyl)Phenyl]-4-(Pyrimidin-2-Ylamino)-2-Naphthamide (DB03082)","0.7206","http://www.drugbank.ca/drugs/DB03082"
"372","Zuclopenthixol acetate (DB08919)","0.7200","http://www.drugbank.ca/drugs/DB08919"
"373","1-[2-(S)-AMINO-3-BIPHENYL-4-YL-PROPIONYL]-PYRROLIDINE-2-(S)-CARBONITRILE (DB08024)","0.7199","http://www.drugbank.ca/drugs/DB08024"
"374","2-[1-(4-CHLOROBENZOYL)-5-METHOXY-2-METHYL-1H-INDOL-3-YL]-N-[(1R)-1-(HYDROXYMETHYL)PROPYL]ACETAMIDE (DB07981)","0.7195","http://www.drugbank.ca/drugs/DB07981"
"375","2-[1-(4-CHLOROBENZOYL)-5-METHOXY-2-METHYL-1H-INDOL-3-YL]-N-[(1S)-1-(HYDROXYMETHYL)PROPYL]ACETAMIDE (DB07984)","0.7195","http://www.drugbank.ca/drugs/DB07984"
"376","N-({(3R,4R)-4-[(benzyloxy)methyl]pyrrolidin-3-yl}methyl)-N-(2-methylpropyl)benzenesulfonamide (DB07505)","0.7180","http://www.drugbank.ca/drugs/DB07505"
"377","Trimetrexate (DB01157)","0.7180","http://www.drugbank.ca/drugs/DB01157"
"378","Thiothixene (DB01623)","0.7178","http://www.drugbank.ca/drugs/DB01623"
"379","(6-[4-(AMINOMETHYL)-2,6-DIMETHYLPHENOXY]-2-{[4-(AMINOMETHYL)PHENYL]AMINO}-5-BROMOPYRIMIDIN-4-YL)METHANOL (DB06874)","0.7170","http://www.drugbank.ca/drugs/DB06874"
"380","PYRIMIDINE-4,6-DICARBOXYLIC ACID BIS-(4-FLUORO-3-METHYL-BENZYLAMIDE) (DB04760)","0.7152","http://www.drugbank.ca/drugs/DB04760"
"381","Alvimopan (DB06274)","0.7150","http://www.drugbank.ca/drugs/DB06274"
"382","Erlotinib (DB00530)","0.7135","http://www.drugbank.ca/drugs/DB00530"
"383","Zuclopenthixol (DB01624)","0.7134","http://www.drugbank.ca/drugs/DB01624"
"384","Bopindolol (DB08807)","0.7125","http://www.drugbank.ca/drugs/DB08807"
"385","1-(CYCLOHEXYLAMINO)-3-(6-METHYL-3,4-DIHYDRO-1H-CARBAZOL-9(2H)-YL)PROPAN-2-OL (DB07061)","0.7112","http://www.drugbank.ca/drugs/DB07061"
"386","Dextropropoxyphene (DB00647)","0.7103","http://www.drugbank.ca/drugs/DB00647"
"387","CP-526423 (DB02089)","0.7103","http://www.drugbank.ca/drugs/DB02089"
"388","9-Butyl-8-(2,5-Dimethoxy-Benzyl)-9h-Purin-6-Ylamine (DB02359)","0.7089","http://www.drugbank.ca/drugs/DB02359"
"389","1-(1'-{[3-(methylsulfanyl)-2-benzothiophen-1-yl]carbonyl}spiro[1-benzofuran-3,4'-piperidin]-5-yl)methanamine (DB06848)","0.7085","http://www.drugbank.ca/drugs/DB06848"
"390","N-Alpha-(2-Naphthylsulfonyl)-N-(3-Amidino-L-Phenylalaninyl)-D-Pipecolinic Acid (DB04238)","0.7083","http://www.drugbank.ca/drugs/DB04238"
"391","5-(3,5-DICHLOROPHENYL)THIO-4-ISOPROPYL-1-(PYRIDIN-4-YL-METHYL)-1H-IMIDAZOL-2-YL-METHYL CARBAMATE (DB08502)","0.7078","http://www.drugbank.ca/drugs/DB08502"
"392","(5r)-6-(4-{[2-(3-Iodobenzyl)-3-Oxocyclohex-1-En-1-Yl]Amino}Phenyl)-5-Methyl-4,5-Dihydropyridazin-3(2h)-One (DB01640)","0.7070","http://www.drugbank.ca/drugs/DB01640"
"393","N-(P-CYANOPHENYL)-N'-DIPHENYLMETHYL-GUANIDINE-ACETIC ACID (DB07816)","0.7067","http://www.drugbank.ca/drugs/DB07816"
"394","Mibefradil (DB01388)","0.7066","http://www.drugbank.ca/drugs/DB01388"
"395","N-Alpha-(2-Naphthylsulfonyl)-N(3-Amidino-L-Phenylalaninyl)Isopipecolinic Acid Methyl Ester (DB01745)","0.7061","http://www.drugbank.ca/drugs/DB01745"
"396","Amiodarone (DB01118)","0.7061","http://www.drugbank.ca/drugs/DB01118"
"397","8-(2,5-Dimethoxy-Benzyl)-2-Fluoro-9-Pent-9h-Purin-6-Ylamine (DB03137)","0.7060","http://www.drugbank.ca/drugs/DB03137"
"398","9-Butyl-8-(2,5-Dimethoxy-Benzyl)-2-Fluoro-9h-Purin-6-Ylamine (DB04054)","0.7052","http://www.drugbank.ca/drugs/DB04054"
"399","4-(2-HYDROXYBENZYLAMINO)-N-(3-(4-FLUOROPHENOXY)PHENYL)PIPERIDINE-1-SULFONAMIDE (DB04632)","0.7035","http://www.drugbank.ca/drugs/DB04632"
"400","N-(6-{[3-(4-Bromophenyl)-1,2-Benzisothiazol-6-Yl]Oxy}Hexyl)-N-Methylprop-2-En-1-Amine (DB02544)","0.7029","http://www.drugbank.ca/drugs/DB02544"
"401","N-(2-AMINOETHYL)-N~2~-{(1S)-1-[4'-(AMINOSULFONYL)BIPHENYL-4-YL]-2,2,2-TRIFLUOROETHYL}-L-LEUCINAMIDE (DB08270)","0.7011","http://www.drugbank.ca/drugs/DB08270"
"402","(2R,3R,4S,5R)-2-[6-amino-8-[(3,4-dichlorophenyl)methylamino]purin-9-yl]-5-(hydroxymethyl)oxolane-3,4-diol (DB07045)","0.7011","http://www.drugbank.ca/drugs/DB07045"
"403","CRA_10655 (DB02526)","0.7009","http://www.drugbank.ca/drugs/DB02526"
"404","Dioxaphetyl butyrate (DB01475)","0.7003","http://www.drugbank.ca/drugs/DB01475"
"405","8-Benzo[1,3]Dioxol-,5-Ylmethyl-9-Butyl-2-Fluoro-9h-Purin-6-Ylamine (DB04254)","0.6997","http://www.drugbank.ca/drugs/DB04254"
"406","6-[N-(1-Isopropyl-1,2,3,4-Tetrahydro-7-Isoquinolinyl)Carbamyl]-2-Naphthalenecarboxamidine (DB02705)","0.6992","http://www.drugbank.ca/drugs/DB02705"
"407","CRA_11092 (DB03555)","0.6989","http://www.drugbank.ca/drugs/DB03555"
"408","N-[(5R,14R)-5-AMINO-5,14-DIMETHYL-4-OXO-3-OXA-18-AZATRICYCLO[15.3.1.1~7,11~]DOCOSA-1(21),7(22),8,10,17,19-HEXAEN-19-YL]-N-METHYLMETHANESULFONAMIDE (DB07019)","0.6987","http://www.drugbank.ca/drugs/DB07019"
"409","(6R)-2-amino-6-[2-(3'-methoxybiphenyl-3-yl)ethyl]-3,6-dimethyl-5,6-dihydropyrimidin-4(3H)-one (DB07519)","0.6984","http://www.drugbank.ca/drugs/DB07519"
"410","(2e)-N-Allyl-4-{[3-(4-Bromophenyl)-5-Fluoro-1-Methyl-1h-Indazol-6-Yl]Oxy}-N-Methyl-2-Buten-1-Amine (DB02139)","0.6975","http://www.drugbank.ca/drugs/DB02139"
"411","Batimastat (DB03880)","0.6970","http://www.drugbank.ca/drugs/DB03880"
"412","(2R)-({4-[AMINO(IMINO)METHYL]PHENYL}AMINO){5-ETHOXY-2-FLUORO-3-[(3R)-TETRAHYDROFURAN-3-YLOXY]PHENYL}ACETICACID (DB04590)","0.6954","http://www.drugbank.ca/drugs/DB04590"
"413","Ivacaftor (DB08820)","0.6944","http://www.drugbank.ca/drugs/DB08820"
"414","N~3~-cyclopropyl-N~4~'-(cyclopropylmethyl)-6-methylbiphenyl-3,4'-dicarboxamide (DB07835)","0.6933","http://www.drugbank.ca/drugs/DB07835"
"415","Donepezil (DB00843)","0.6920","http://www.drugbank.ca/drugs/DB00843"
"416","1-BENZYL-4-[(5,6-DIMETHOXY-1-INDANON-2-YL)METHYL]PIPERIDINE (DB07701)","0.6920","http://www.drugbank.ca/drugs/DB07701"
"417","Levomethadyl Acetate (DB01227)","0.6915","http://www.drugbank.ca/drugs/DB01227"
"418","Methadyl Acetate (DB01433)","0.6915","http://www.drugbank.ca/drugs/DB01433"
"419","Betacetylmethadol (DB01522)","0.6915","http://www.drugbank.ca/drugs/DB01522"
"420","Alphacetylmethadol (DB01555)","0.6915","http://www.drugbank.ca/drugs/DB01555"
"421","6-Phenyl-4(R)-(7-Phenyl-Heptanoylamino)-Hexanoic Acid (DB03471)","0.6914","http://www.drugbank.ca/drugs/DB03471"
"422","Tryptophanyl-5'amp (DB01831)","0.6911","http://www.drugbank.ca/drugs/DB01831"
"423","(2S)-1-{[5-(1H-INDAZOL-5-YL)PYRIDIN-3-YL]OXY}-3-[(7AS)-7AH-INDOL-3-YL]PROPAN-2-AMINE (DB06977)","0.6905","http://www.drugbank.ca/drugs/DB06977"
"424","Dipipanone (DB01491)","0.6904","http://www.drugbank.ca/drugs/DB01491"
"425","Darifenacin (DB00496)","0.6902","http://www.drugbank.ca/drugs/DB00496"
"426","6-[N-(4-Ethyl-1,2,3,4-Tetrahydro-6-Isoquinolinyl)Carbamyl]-2-Naphthalenecarboxamidine (DB02551)","0.6900","http://www.drugbank.ca/drugs/DB02551"
"427","Tyrosyladenylate (DB03325)","0.6887","http://www.drugbank.ca/drugs/DB03325"
"428","4-(1-Benzyl-3-Carbamoylmethyl-2-Methyl-1h-Indol-5-Yloxy)-Butyric Acid (DB02936)","0.6878","http://www.drugbank.ca/drugs/DB02936"
"429","Ruxolitinib (DB08877)","0.6860","http://www.drugbank.ca/drugs/DB08877"
"430","Ticagrelor (DB08816)","0.6860","http://www.drugbank.ca/drugs/DB08816"
"431","Indacaterol (DB05039)","0.6844","http://www.drugbank.ca/drugs/DB05039"
"432","Eprosartan (DB00876)","0.6842","http://www.drugbank.ca/drugs/DB00876"
"433","Salmeterol (DB00938)","0.6838","http://www.drugbank.ca/drugs/DB00938"
"434","Mitoxantrone (DB01204)","0.6814","http://www.drugbank.ca/drugs/DB01204"
"435","Brodimoprim-4,6-Dicarboxylate (DB02809)","0.6789","http://www.drugbank.ca/drugs/DB02809"
"436","5-(5-chloro-2,4-dihydroxyphenyl)-N-ethyl-4-[4-(morpholin-4-ylmethyl)phenyl]isoxazole-3-carboxamide (DB06961)","0.6786","http://www.drugbank.ca/drugs/DB06961"
"437","Diphenoxylate (DB01081)","0.6779","http://www.drugbank.ca/drugs/DB01081"
"438","Amineptine (DB04836)","0.6777","http://www.drugbank.ca/drugs/DB04836"
"439","Cilostazol (DB01166)","0.6771","http://www.drugbank.ca/drugs/DB01166"
"440","Lefradafiban (DB04863)","0.6769","http://www.drugbank.ca/drugs/DB04863"
"441","9-Butyl-8-(3,4,5-Trimethoxybenzyl)-9h-Purin-6-Amine (DB02754)","0.6757","http://www.drugbank.ca/drugs/DB02754"
"442","6-[N-(1-Isopropyl-3,4-Dihydro-7-Isoquinolinyl)Carbamyl]-2-Naphthalenecarboxamidine (DB02473)","0.6751","http://www.drugbank.ca/drugs/DB02473"
"443","5-[(3R)-3-(5-methoxy-4'-methylbiphenyl-3-yl)but-1-yn-1-yl]-6-methylpyrimidine-2,4-diamine (DB07141)","0.6746","http://www.drugbank.ca/drugs/DB07141"
"444","6-[(Z)-AMINO(IMINO)METHYL]-N-[3-(CYCLOPENTYLOXY)PHENYL]-2-NAPHTHAMIDE (DB07076)","0.6741","http://www.drugbank.ca/drugs/DB07076"
"445","Difenoxin (DB01501)","0.6741","http://www.drugbank.ca/drugs/DB01501"
"446","5-[(3R)-3-(5-methoxy-3',5'-dimethylbiphenyl-3-yl)but-1-yn-1-yl]-6-methylpyrimidine-2,4-diamine (DB07142)","0.6740","http://www.drugbank.ca/drugs/DB07142"
"447","8-(2-Chloro-3,4,5-Trimethoxy-Benzyl)-9-Pent-4-Ylnyl-9h-Purin-6-Ylamine (DB04505)","0.6732","http://www.drugbank.ca/drugs/DB04505"
"448","5-[(3R)-3-(5-methoxybiphenyl-3-yl)but-1-yn-1-yl]-6-methylpyrimidine-2,4-diamine (DB07140)","0.6725","http://www.drugbank.ca/drugs/DB07140"
"449","9-Butyl-8-(2-Chloro-3,4,5-Trimethoxy-Benzyl)-9h-Purin-6-Ylamine (DB03504)","0.6719","http://www.drugbank.ca/drugs/DB03504"
"450","5-[(3S)-3-(2-methoxybiphenyl-4-yl)but-1-yn-1-yl]-6-methylpyrimidine-2,4-diamine (DB06847)","0.6718","http://www.drugbank.ca/drugs/DB06847"
"451","8-(2-Chloro-3,4,5-Trimethoxy-Benzyl)-2-Fluoro-9-Pent-4-Ylnyl-9h-Purin-6-Ylamine (DB02550)","0.6702","http://www.drugbank.ca/drugs/DB02550"
"452","5-[(3R)-3-(5-methoxy-2',6'-dimethylbiphenyl-3-yl)but-1-yn-1-yl]-6-methylpyrimidine-2,4-diamine (DB07144)","0.6697","http://www.drugbank.ca/drugs/DB07144"
"453","Trimethobenzamide (DB00662)","0.6673","http://www.drugbank.ca/drugs/DB00662"
"454","4,4'[1,6-Hexanediylbis(Oxy)]Bisbenzenecarboximidamide (DB03808)","0.6660","http://www.drugbank.ca/drugs/DB03808"
"455","Aprepitant (DB00673)","0.6657","http://www.drugbank.ca/drugs/DB00673"
"456","[1-(4-Fluorobenzyl)Cyclobutyl]Methyl (1s)-1-[Oxo(1h-Pyrazol-5-Ylamino)Acetyl]Pentylcarbamate (DB01858)","0.6655","http://www.drugbank.ca/drugs/DB01858"
"457","3-(7-DIAMINOMETHYL-NAPHTHALEN-2-YL)-PROPIONIC ACID ETHYL ESTER (DB07639)","0.6629","http://www.drugbank.ca/drugs/DB07639"
"458","6-FLUORO-2-[2-HYDROXY-3-(2-METHYL-CYCLOHEXYLOXY)-PHENYL]-1H-INDOLE-5-CARBOXAMIDINE (DB06856)","0.6626","http://www.drugbank.ca/drugs/DB06856"
"459","Allyl-{6-[3-(4-Bromo-Phenyl)-Benzofuran-6-Yloxy]-Hexyl-}-Methyl-Amin (DB02339)","0.6618","http://www.drugbank.ca/drugs/DB02339"
"460","N-(TERT-BUTYL)-3,5-DIMETHYL-N'-[(5-METHYL-2,3-DIHYDRO-1,4-BENZODIOXIN-6-YL)CARBONYL]BENZOHYDRAZIDE (DB07929)","0.6593","http://www.drugbank.ca/drugs/DB07929"
"461","5-[[(2R)-2-cyclopropyl-7,8-dimethoxy-2H-chromen-5-yl]methyl]pyrimidine-2,4-diamine (DB08741)","0.6583","http://www.drugbank.ca/drugs/DB08741"
"462","5-[1-(3,4-Dimethoxy-Benzoyl)-1,2,3,4-Tetrahydro-Quinolin-6-Yl]-6-Methyl-3,6-Dihydro-[1,3,4]Thiadiazin-2-One (DB03944)","0.6580","http://www.drugbank.ca/drugs/DB03944"
"463","Yohimbine (DB01392)","0.6572","http://www.drugbank.ca/drugs/DB01392"
"464","methyl (1R,2S)-2-(hydroxycarbamoyl)-1-{4-[(2-methylquinolin-4-yl)methoxy]benzyl}cyclopropanecarboxylate (DB07147)","0.6571","http://www.drugbank.ca/drugs/DB07147"
"465","CRA_10433 (DB03173)","0.6558","http://www.drugbank.ca/drugs/DB03173"
"466","(1S,2S,5S)2-(4-GLUTARIDYLBENZYL)-5-PHENYL-1-CYCLOHEXANOL (DB07909)","0.6544","http://www.drugbank.ca/drugs/DB07909"
"467","CRA_10991 (DB01771)","0.6544","http://www.drugbank.ca/drugs/DB01771"
"468","(1S,6R)-3-{[3-(TRIFLUOROMETHYL)-5,6-DIHYDRO[1,2,4]TRIAZOLO[4,3-A]PYRAZIN-7(8H)-YL]CARBONYL}-6-(2,4,5-TRIFLUOROPHENYL)CYCLOHEX-3-EN-1-AMINE (DB08044)","0.6528","http://www.drugbank.ca/drugs/DB08044"
"469","5-(7-(5-HYDRO-4-METHYL-2-OXAZOLYL)PHENOXY)HEPTYL)-3-METHYL ISOXAZOLE (DB08727)","0.6527","http://www.drugbank.ca/drugs/DB08727"
"470","7-[3-(4-FLUORO-PHENYL)-1-ISOPROPYL-1H-INDOL-2-YL]-3,5-DIHYDROXY-HEPTANOIC ACID (DB06846)","0.6500","http://www.drugbank.ca/drugs/DB06846"
"471","5-(7-(6-CHLORO-4-(5-HYDRO-4-METHYL-2-OXAZOLYL)PHENOXY)HEPTYL)-3-METHYL ISOXAZOLE (DB08722)","0.6494","http://www.drugbank.ca/drugs/DB08722"
"472","5-(7-(5-HYDRO-4-ETHYL-2-OXAZOLYL)PHENOXY)HEPTYL)-3-METHYL ISOXAZOLE (DB08725)","0.6455","http://www.drugbank.ca/drugs/DB08725"
"473","Benzylmorphine (DB01573)","0.6441","http://www.drugbank.ca/drugs/DB01573"
"474","(1-Tert-Butyl-5-Hydroxy-1h-Pyrazol-4-Yl)-(6-Methanesulfonyl-4'-Methoxy-2-Methyl-Biphenyl-3-Yl)-Methanone (DB02850)","0.6440","http://www.drugbank.ca/drugs/DB02850"
"475","(2S,3S)-3-AMINO-4-[(3S)-3-FLUOROPYRROLIDIN-1-YL]-N,N-DIMETHYL-4-OXO-2-(TRANS-4-[1,2,4]TRIAZOLO[1,5-A]PYRIDIN-5-YLCYCLOHEXYL)BUTANAMIDE (DB07135)","0.6434","http://www.drugbank.ca/drugs/DB07135"
"476","R-3-FLUORO-4-[2-HYDROXY-2-(5,5,8,8-TETRAMETHYL-5,6,7,8,-TETRAHYDRO-NAPHTALEN-2-YL)-ACETYLAMINO]-BENZOIC ACID (DB07031)","0.6425","http://www.drugbank.ca/drugs/DB07031"
"477","3-FLUORO-4-[2-HYDROXY-2-(5,5,8,8-TETRAMETHYL-5,6,7,8,-TETRAHYDRO-NAPHTALEN-2-YL)-ACETYLAMINO]-BENZOIC ACID (DB07294)","0.6425","http://www.drugbank.ca/drugs/DB07294"
"478","Halofantrine (DB01218)","0.6424","http://www.drugbank.ca/drugs/DB01218"
"479","5-[[(2R)-2-cyclopropyl-7,8-dimethoxy-chroman-5-yl]methyl]pyrimidine-2,4-diamine (DB07938)","0.6386","http://www.drugbank.ca/drugs/DB07938"
"480","5'-{[4-(aminooxy)butyl](methyl)amino}-5'-deoxy-8-ethenyladenosine (DB08163)","0.6260","http://www.drugbank.ca/drugs/DB08163"
"481","6-CARBAMIMIDOYL-2-[2-HYDROXY-5-(3-METHOXY-PHENYL)-INDAN-1-YL]-HEXANOIC ACID (DB06866)","0.6216","http://www.drugbank.ca/drugs/DB06866"
"482","Levocabastine (DB01106)","0.6212","http://www.drugbank.ca/drugs/DB01106"
"483","Bis-Benzamidine (DB02081)","0.6206","http://www.drugbank.ca/drugs/DB02081"
"484","6-CARBAMIMIDOYL-2-[2-HYDROXY-6-(4-HYDROXY-PHENYL)-INDAN-1-YL]-HEXANOIC ACID (DB06865)","0.6200","http://www.drugbank.ca/drugs/DB06865"
"485","Cinalukast (DB00587)","0.6112","http://www.drugbank.ca/drugs/DB00587"
"486","Drotaverine (DB06751)","0.6003","http://www.drugbank.ca/drugs/DB06751"
"487","SR11254 (DB02258)","0.5979","http://www.drugbank.ca/drugs/DB02258"
"488","Regadenoson (DB06213)","0.5956","http://www.drugbank.ca/drugs/DB06213"
"489","BMS184394 (DB03466)","0.5951","http://www.drugbank.ca/drugs/DB03466"
"490","2,5-bis-o-{3-[amino(imino)methyl]phenyl}-1,4:3,6-dianhydro-d-glucitol (DB04790)","0.5908","http://www.drugbank.ca/drugs/DB04790"
"491","2-O-(4'-AMIDINOPHENYL)-5-O-(3''-AMIDINOPHENYL)-1,4:3,6-DIANHYDRO-D-SORBITOL (DB04791)","0.5908","http://www.drugbank.ca/drugs/DB04791"
"492","2,5-O,O-BIS-{4',4''-AMIDINOPHENYL}-1,4:3,6-DIANHYDRO-D-SORBITOL (DB04792)","0.5908","http://www.drugbank.ca/drugs/DB04792"
"493","2-O-(3'-AMIDINOPHENYL)-5-O-(4''-AMIDINOPHENYL}-1,4:3,6-DIANHYDRO-D-SORBITOL (DB04793)","0.5908","http://www.drugbank.ca/drugs/DB04793"
"494","Tofisopam (DB08811)","0.5844","http://www.drugbank.ca/drugs/DB08811"
"495","Adapalene (DB00210)","0.5698","http://www.drugbank.ca/drugs/DB00210"
"496","S-Adenosyl-1,8-Diamino-3-Thiooctane (DB02844)","0.5659","http://www.drugbank.ca/drugs/DB02844"
"497","6-[1-(3,5,5,8,8-Pentamethyl-5,6,7,8-Tetrahydronaphthalen-2-Yl)Cyclopropyl]Pyridine-3-Carboxylic Acid (DB01941)","0.5166","http://www.drugbank.ca/drugs/DB01941"
"498","Histidyl-Adenosine Monophosphate (DB04201)","0.5127","http://www.drugbank.ca/drugs/DB04201"
"499","Binodenoson (DB04853)","0.5121","http://www.drugbank.ca/drugs/DB04853"
"500","KW-3902 (DB05360)","0.4030","http://www.drugbank.ca/drugs/DB05360"
