"","DrugBank Compound (Name, ID)","Similarity to ","Link"
"1","5-[(2-methyl-5-{[3-(trifluoromethyl)phenyl]carbamoyl}phenyl)amino]pyridine-3-carboxamide (DB07970)","0.9497","http://www.drugbank.ca/drugs/DB07970"
"2","(2R)-1-(DIMETHYLAMINO)-3-{4-[(6-{[2-FLUORO-5-(TRIFLUOROMETHYL)PHENYL]AMINO}PYRIMIDIN-4-YL)AMINO]PHENOXY}PROPAN-2-OL (DB07054)","0.9415","http://www.drugbank.ca/drugs/DB07054"
"3","6-chloro-N-pyrimidin-5-yl-3-{[3-(trifluoromethyl)phenyl]amino}-1,2-benzisoxazole-7-carboxamide (DB07326)","0.9350","http://www.drugbank.ca/drugs/DB07326"
"4","2-{[(6-OXO-1,6-DIHYDROPYRIDIN-3-YL)METHYL]AMINO}-N-[4-PROPYL-3-(TRIFLUOROMETHYL)PHENYL]BENZAMIDE (DB07831)","0.9315","http://www.drugbank.ca/drugs/DB07831"
"5","N-{3-[(4-{[3-(TRIFLUOROMETHYL)PHENYL]AMINO}PYRIMIDIN-2-YL)AMINO]PHENYL}CYCLOPROPANECARBOXAMIDE (DB07545)","0.9203","http://www.drugbank.ca/drugs/DB07545"
"6","Regorafenib (DB08896)","0.9187","http://www.drugbank.ca/drugs/DB08896"
"7","[4-({5-(AMINOCARBONYL)-4-[(3-METHYLPHENYL)AMINO]PYRIMIDIN-2-YL}AMINO)PHENYL]ACETIC ACID (DB08513)","0.9185","http://www.drugbank.ca/drugs/DB08513"
"8","Sorafenib (DB00398)","0.9143","http://www.drugbank.ca/drugs/DB00398"
"9","1-(5-{2-[(1-methyl-1H-pyrazolo[4,3-d]pyrimidin-7-yl)amino]ethyl}-1,3-thiazol-2-yl)-3-[3-(trifluoromethyl)phenyl]urea (DB07362)","0.9142","http://www.drugbank.ca/drugs/DB07362"
"10","(4E)-N-(4-fluorophenyl)-4-[(phenylcarbonyl)imino]-4H-pyrazole-3-carboxamide (DB08137)","0.9120","http://www.drugbank.ca/drugs/DB08137"
"11","N-ethyl-4-{[5-(methoxycarbamoyl)-2-methylphenyl]amino}-5-methylpyrrolo[2,1-f][1,2,4]triazine-6-carboxamide (DB06940)","0.9077","http://www.drugbank.ca/drugs/DB06940"
"12","{[(2,6-difluorophenyl)carbonyl]amino}-N-(4-fluorophenyl)-1H-pyrazole-3-carboxamide (DB08138)","0.9070","http://www.drugbank.ca/drugs/DB08138"
"13","2-({2-[(3-HYDROXYPHENYL)AMINO]PYRIMIDIN-4-YL}AMINO)BENZAMIDE (DB07268)","0.9046","http://www.drugbank.ca/drugs/DB07268"
"14","1-{5-[2-(thieno[3,2-d]pyrimidin-4-ylamino)ethyl]-1,3-thiazol-2-yl}-3-[3-(trifluoromethyl)phenyl]urea (DB07360)","0.9044","http://www.drugbank.ca/drugs/DB07360"
"15","4-[[2-[[4-chloro-3-(trifluoromethyl)phenyl]amino]-3H-benzimidazol-5-yl]oxy]-N-methyl-pyridine-2-carboxamide (DB06938)","0.9038","http://www.drugbank.ca/drugs/DB06938"
"16","1-[4-(PYRIDIN-4-YLOXY)PHENYL]-3-[3-(TRIFLUOROMETHYL)PHENYL]UREA (DB08043)","0.9033","http://www.drugbank.ca/drugs/DB08043"
"17","N-[2-(carbamimidamidooxy)ethyl]-2-{6-cyano-3-[(2,2-difluoro-2-pyridin-2-ylethyl)amino]-2-fluorophenyl}acetamide (DB07665)","0.8990","http://www.drugbank.ca/drugs/DB07665"
"18","2-({5-CHLORO-2-[(2-METHOXY-4-MORPHOLIN-4-YLPHENYL)AMINO]PYRIMIDIN-4-YL}AMINO)-N-METHYLBENZAMIDE (DB07460)","0.8978","http://www.drugbank.ca/drugs/DB07460"
"19","(2S)-1-[4-({6-[(2,6-DIFLUOROPHENYL)AMINO]PYRIMIDIN-4-YL}AMINO)PHENOXY]-3-(DIMETHYLAMINO)PROPAN-2-OL (DB07751)","0.8975","http://www.drugbank.ca/drugs/DB07751"
"20","(2R)-1-[4-({6-[(2,6-DIFLUOROPHENYL)AMINO]PYRIMIDIN-4-YL}AMINO)PHENOXY]-3-(DIMETHYLAMINO)PROPAN-2-OL (DB07761)","0.8975","http://www.drugbank.ca/drugs/DB07761"
"21","(2S)-3-[4-(acetylamino)phenoxy]-2-hydroxy-2-methyl-N-[4-nitro-3-(trifluoromethyl)phenyl]propanamide (DB07423)","0.8966","http://www.drugbank.ca/drugs/DB07423"
"22","N-(M-Trifluoromethylphenyl) Phenoxazine-4,6-Dicarboxylic Acid (DB02698)","0.8942","http://www.drugbank.ca/drugs/DB02698"
"23","5-[4-(DIMETHYLAMINO)PHENYL]-6-[(6-MORPHOLIN-4-YLPYRIDIN-3-YL)ETHYNYL]PYRIMIDIN-4-AMINE (DB07280)","0.8925","http://www.drugbank.ca/drugs/DB07280"
"24","N-[2-({[amino(imino)methyl]amino}oxy)ethyl]-2-{6-chloro-3-[(2,2-difluoro-2-phenylethyl)amino]-2-fluorophenyl}acetamide (DB07946)","0.8869","http://www.drugbank.ca/drugs/DB07946"
"25","3-FLUORO-N-1H-INDOL-5-YL-5-MORPHOLIN-4-YLBENZAMIDE (DB08092)","0.8866","http://www.drugbank.ca/drugs/DB08092"
"26","S-3-(4-FLUOROPHENOXY)-2-HYDROXY-2-METHYL-N-[4-NITRO-3-(TRIFLUOROMETHYL)PHENYL]PROPANAMIDE (DB07769)","0.8848","http://www.drugbank.ca/drugs/DB07769"
"27","2-(6-CHLORO-3-{[2,2-DIFLUORO-2-(1-OXIDO-2-PYRIDINYL)ETHYL]AMINO}-2-OXO-1(2H)-PYRAZINYL)-N-[(2-FLUOROPHENYL)METHYL]ACETAMIDE (DB07550)","0.8838","http://www.drugbank.ca/drugs/DB07550"
"28","S-{3-[(4-ANILINOQUINAZOLIN-6-YL)AMINO]-3-OXOPROPYL}-L-CYSTEINE (DB07602)","0.8830","http://www.drugbank.ca/drugs/DB07602"
"29","(2E)-N-{4-[(3-bromophenyl)amino]quinazolin-6-yl}-4-(dimethylamino)but-2-enamide (DB08564)","0.8821","http://www.drugbank.ca/drugs/DB08564"
"30","1-[1-(3-aminophenyl)-3-tert-butyl-1H-pyrazol-5-yl]-3-phenylurea (DB06883)","0.8810","http://www.drugbank.ca/drugs/DB06883"
"31","3-({4-[(5-CHLORO-1,3-BENZODIOXOL-4-YL)AMINO]PYRIMIDIN-2-YL}AMINO)BENZAMIDE (DB07256)","0.8809","http://www.drugbank.ca/drugs/DB07256"
"32","(2S)-1-{4-[(4-ANILINO-5-BROMOPYRIMIDIN-2-YL)AMINO]PHENOXY}-3-(DIMETHYLAMINO)PROPAN-2-OL (DB07501)","0.8800","http://www.drugbank.ca/drugs/DB07501"
"33","(2R)-1-{4-[(4-ANILINO-5-BROMOPYRIMIDIN-2-YL)AMINO]PHENOXY}-3-(DIMETHYLAMINO)PROPAN-2-OL (DB07504)","0.8800","http://www.drugbank.ca/drugs/DB07504"
"34","Enzalutamide  (DB08899)","0.8789","http://www.drugbank.ca/drugs/DB08899"
"35","1-ethyl-N-(phenylmethyl)-4-(tetrahydro-2H-pyran-4-ylamino)-1H-pyrazolo[3,4-b]pyridine-5-carboxamide (DB06909)","0.8775","http://www.drugbank.ca/drugs/DB06909"
"36","Flibanserin (DB04908)","0.8773","http://www.drugbank.ca/drugs/DB04908"
"37","Afatinib (DB08916)","0.8749","http://www.drugbank.ca/drugs/DB08916"
"38","(2S)-3-(4-chloro-3-fluorophenoxy)-N-[4-cyano-3-(trifluoromethyl)phenyl]-2-hydroxy-2-methylpropanamide (DB07419)","0.8731","http://www.drugbank.ca/drugs/DB07419"
"39","4-{[(1R,2S)-1,2-dihydroxy-2-methyl-3-(4-nitrophenoxy)propyl]amino}-2-(trifluoromethyl)benzonitrile (DB07421)","0.8729","http://www.drugbank.ca/drugs/DB07421"
"40","CI-1033 (DB05424)","0.8722","http://www.drugbank.ca/drugs/DB05424"
"41","(2R)-1-[4-({4-[(2,5-DICHLOROPHENYL)AMINO]PYRIMIDIN-2-YL}AMINO)PHENOXY]-3-(DIMETHYLAMINO)PROPAN-2-OL (DB07750)","0.8721","http://www.drugbank.ca/drugs/DB07750"
"42","(2S)-1-[4-({4-[(2,5-DICHLOROPHENYL)AMINO]PYRIMIDIN-2-YL}AMINO)PHENOXY]-3-(DIMETHYLAMINO)PROPAN-2-OL (DB07755)","0.8721","http://www.drugbank.ca/drugs/DB07755"
"43","3-(2-CHLOROPHENYL)-1-(2-{[(1S)-2-HYDROXY-1,2-DIMETHYLPROPYL]AMINO}PYRIMIDIN-4-YL)-1-(4-METHOXYPHENYL)UREA (DB08095)","0.8720","http://www.drugbank.ca/drugs/DB08095"
"44","5-{4-[(3,5-DIFLUOROBENZYL)AMINO]PHENYL}-6-ETHYLPYRIMIDINE-2,4-DIAMINE (DB07244)","0.8718","http://www.drugbank.ca/drugs/DB07244"
"45","4-(4-METHYLPIPERAZIN-1-YL)-N-[5-(2-THIENYLACETYL)-1,5-DIHYDROPYRROLO[3,4-C]PYRAZOL-3-YL]BENZAMIDE (DB07186)","0.8717","http://www.drugbank.ca/drugs/DB07186"
"46","4-METHYL-5-{(2E)-2-[(4-MORPHOLIN-4-YLPHENYL)IMINO]-2,5-DIHYDROPYRIMIDIN-4-YL}-1,3-THIAZOL-2-AMINE (DB08219)","0.8712","http://www.drugbank.ca/drugs/DB08219"
"47","N-({4-[(2-aminopyridin-4-yl)oxy]-3-fluorophenyl}carbamoyl)-2-(4-fluorophenyl)acetamide (DB06995)","0.8708","http://www.drugbank.ca/drugs/DB06995"
"48","(2S)-6-(2,4-DIAMINO-6-ETHYLPYRIMIDIN-5-YL)-2-(3,5-DIFLUOROPHENYL)-4-(3-METHOXYPROPYL)-2H-1,4-BENZOXAZIN-3(4H)-ONE (DB07113)","0.8706","http://www.drugbank.ca/drugs/DB07113"
"49","N-(3-TERT-BUTYL-1H-PYRAZOL-5-YL)-N'-{4-CHLORO-3-[(PYRIDIN-3-YLOXY)METHYL]PHENYL}UREA (DB08064)","0.8693","http://www.drugbank.ca/drugs/DB08064"
"50","Etravirine (DB06414)","0.8691","http://www.drugbank.ca/drugs/DB06414"
"51","4-({6-AMINO-5-BROMO-2-[(4-CYANOPHENYL)AMINO]PYRIMIDIN-4-YL}OXY)-3,5-DIMETHYLBENZONITRILE (DB07191)","0.8691","http://www.drugbank.ca/drugs/DB07191"
"52","N-{[(2R)-2,3-dihydroxypropyl]oxy}-3,4-difluoro-2-[(2-fluoro-4-iodophenyl)amino]benzamide (DB07101)","0.8682","http://www.drugbank.ca/drugs/DB07101"
"53","2-(3-CHLORO-6-{[2,2-DIFLUORO-2-(1-OXIDOPYRIDIN-2-YL)ETHYL]AMINO}-1-OXIDOPYRIDIN-2-YL)-N-[1-(3-CHLOROPHENYL)ETHYL]ACETAMIDE (DB04722)","0.8682","http://www.drugbank.ca/drugs/DB04722"
"54","2,4-Diamino-6-[N-(2',5'-Dimethoxybenzyl)-N-Methylamino]Quinazoline (DB02427)","0.8680","http://www.drugbank.ca/drugs/DB02427"
"55","Amodiaquine (DB00613)","0.8675","http://www.drugbank.ca/drugs/DB00613"
"56","FR236913 (DB02830)","0.8660","http://www.drugbank.ca/drugs/DB02830"
"57","N'-(5-CHLORO-1,3-BENZODIOXOL-4-YL)-N-(3-MORPHOLIN-4-YLPHENYL)PYRIMIDINE-2,4-DIAMINE (DB07255)","0.8659","http://www.drugbank.ca/drugs/DB07255"
"58","Triflupromazine (DB00508)","0.8658","http://www.drugbank.ca/drugs/DB00508"
"59","2,4-Diamino-6-[N-(3',5'-Dimethoxybenzyl)-N-Methylamino]Pyrido[2,3-D]Pyrimidine (DB03987)","0.8653","http://www.drugbank.ca/drugs/DB03987"
"60","N6-(2,5-Dimethoxy-Benzyl)-N6-Methyl-Pyrido[2,3-D]Pyrimidine-2,4,6-Triamine (DB02583)","0.8649","http://www.drugbank.ca/drugs/DB02583"
"61","5-Bromo-N-(2,3-Dihydroxypropoxy)-3,4-Difluoro-2-[(2-Fluoro-4-Iodophenyl)Amino]Benzamide (DB03115)","0.8646","http://www.drugbank.ca/drugs/DB03115"
"62","Bicalutamide (DB01128)","0.8643","http://www.drugbank.ca/drugs/DB01128"
"63","(2r)-N-[4-Cyano-3-(Trifluoromethyl)Phenyl]-3-[(4-Fluorophenyl)Sulfonyl]-2-Hydroxy-2-Methylpropanamide (DB02932)","0.8643","http://www.drugbank.ca/drugs/DB02932"
"64","N-(5-{3,4-difluoro-2-[(2-fluoro-4-iodophenyl)amino]phenyl}-1,3,4-oxadiazol-2-yl)ethane-1,2-diamine (DB08130)","0.8638","http://www.drugbank.ca/drugs/DB08130"
"65","2-{2-[(3,5-dimethylphenyl)amino]pyrimidin-4-yl}-N-[(1S)-2-hydroxy-1-methylethyl]-4-methyl-1,3-thiazole-5-carboxamide (DB07194)","0.8637","http://www.drugbank.ca/drugs/DB07194"
"66","3-(6-Aminopyridin-3-Yl)-N-Methyl-N-[(1-Methyl-1h-Indol-2-Yl)Methyl]Acrylamide (DB01865)","0.8630","http://www.drugbank.ca/drugs/DB01865"
"67","[5-AMINO-1-(4-FLUOROPHENYL)-1H-PYRAZOL-4-YL][3-(PIPERIDIN-4-YLOXY)PHENYL]METHANONE (DB08423)","0.8616","http://www.drugbank.ca/drugs/DB08423"
"68","N-[5-(1,1-DIOXIDOISOTHIAZOLIDIN-2-YL)-1H-INDAZOL-3-YL]-2-(4-PIPERIDIN-1-YLPHENYL)ACETAMIDE (DB07220)","0.8612","http://www.drugbank.ca/drugs/DB07220"
"69","2-METHYL-2-(4-{[({4-METHYL-2-[4-(TRIFLUOROMETHYL)PHENYL]-1,3-THIAZOL-5-YL}CARBONYL)AMINO]METHYL}PHENOXY)PROPANOIC ACID (DB07215)","0.8612","http://www.drugbank.ca/drugs/DB07215"
"70","Furo[2,3d]Pyrimidine Antifolate (DB02026)","0.8603","http://www.drugbank.ca/drugs/DB02026"
"71","6-ETHYL-5-[(2S)-1-(3-METHOXYPROPYL)-2-PHENYL-1,2,3,4-TETRAHYDROQUINOLIN-7-YL]PYRIMIDINE-2,4-DIAMINE (DB08099)","0.8602","http://www.drugbank.ca/drugs/DB08099"
"72","2-[({4-[2-(trifluoromethyl)phenyl]piperidin-1-yl}carbonyl)amino]benzoic acid (DB06985)","0.8598","http://www.drugbank.ca/drugs/DB06985"
"73","(2R,4R)-N~1~-(4-CHLOROPHENYL)-N~2~-[2-FLUORO-4-(2-OXOPYRIDIN-1(2H)-YL)PHENYL]-4-METHOXYPYRROLIDINE-1,2-DICARBOXAMIDE (DB06920)","0.8592","http://www.drugbank.ca/drugs/DB06920"
"74","4-(6-{[(1R)-1-(hydroxymethyl)propyl]amino}imidazo[1,2-b]pyridazin-3-yl)benzoic acid (DB07125)","0.8589","http://www.drugbank.ca/drugs/DB07125"
"75","(6-[4-(AMINOMETHYL)-2,6-DIMETHYLPHENOXY]-2-{[4-(AMINOMETHYL)PHENYL]AMINO}-5-BROMOPYRIMIDIN-4-YL)METHANOL (DB06874)","0.8579","http://www.drugbank.ca/drugs/DB06874"
"76","N-[3-[[4-[(5-CHLORO-1,3-BENZODIOXOL-4-YL)AMINO]PYRIMIDIN-2-YL]AMINO]PHENYL]METHANESULFONAMIDE (DB07254)","0.8565","http://www.drugbank.ca/drugs/DB07254"
"77","PYRIMIDINE-4,6-DICARBOXYLIC ACID BIS-(4-FLUORO-3-METHYL-BENZYLAMIDE) (DB04760)","0.8559","http://www.drugbank.ca/drugs/DB04760"
"78","Mirabegron  (DB08893)","0.8558","http://www.drugbank.ca/drugs/DB08893"
"79","[5-AMINO-1-(4-FLUOROPHENYL)-1H-PYRAZOL-4-YL](3-{[(2R)-2,3-DIHYDROXYPROPYL]OXY}PHENYL)METHANONE (DB08424)","0.8556","http://www.drugbank.ca/drugs/DB08424"
"80","GW 501516 (DB05416)","0.8551","http://www.drugbank.ca/drugs/DB05416"
"81","3-[(Acetyl-Methyl-Amino)-Methyl]-4-Amino-N-Methyl-N-(1-Methyl-1h-Indol-2-Ylmethyl)-Benzamide (DB03534)","0.8540","http://www.drugbank.ca/drugs/DB03534"
"82","3-[3-(4-methylpiperazin-1-yl)-7-(trifluoromethyl)quinoxalin-5-yl]phenol (DB07969)","0.8537","http://www.drugbank.ca/drugs/DB07969"
"83","Temafloxacin (DB01405)","0.8532","http://www.drugbank.ca/drugs/DB01405"
"84","(2S)-2-{[3-(3-aminophenyl)imidazo[1,2-b]pyridazin-6-yl]amino}-3-methylbutan-1-ol (DB08004)","0.8530","http://www.drugbank.ca/drugs/DB08004"
"85","1-[3-({[(4-AMINO-5-FLUORO-2-METHYLQUINOLIN-3-YL)METHYL]THIO}METHYL)PHENYL]-2,2,2-TRIFLUOROETHANE-1,1-DIOL (DB07756)","0.8524","http://www.drugbank.ca/drugs/DB07756"
"86","(2R)-4-(2-BENZOYL-1,2-DIAZEPAN-1-YL)-4-OXO-1-(2,4,5-TRIFLUOROPHENYL)BUTAN-2-AMINE (DB08051)","0.8519","http://www.drugbank.ca/drugs/DB08051"
"87","5-(4-Morpholin-4-Yl-Phenylsulfanyl)-2,4-Quinazolinediamine (DB02001)","0.8507","http://www.drugbank.ca/drugs/DB02001"
"88","5-AMINO-3-{[4-(AMINOSULFONYL)PHENYL]AMINO}-N-(2,6-DIFLUOROPHENYL)-1H-1,2,4-TRIAZOLE-1-CARBOTHIOAMIDE (DB07664)","0.8505","http://www.drugbank.ca/drugs/DB07664"
"89","(3R,4S)-1-[6-(6-METHOXYPYRIDIN-3-YL)PYRIMIDIN-4-YL]-4-(2,4,5-TRIFLUOROPHENYL)PYRROLIDIN-3-AMINE (DB08445)","0.8501","http://www.drugbank.ca/drugs/DB08445"
"90","(N-{4-[(ETHYLANILINO)SULFONYL]-2-METHYLPHENYL}-3,3,3-TRIFLUORO-2-HYDROXY-2-METHYLPROPANAMIDE (DB08609)","0.8499","http://www.drugbank.ca/drugs/DB08609"
"91","4-[4-(1-Amino-1-Methylethyl)Phenyl]-5-Chloro-N-[4-(2-Morpholin-4-Ylethyl)Phenyl]Pyrimidin-2-Amine (DB02491)","0.8494","http://www.drugbank.ca/drugs/DB02491"
"92","Clonitazene (DB01523)","0.8493","http://www.drugbank.ca/drugs/DB01523"
"93","4-{2-[4-(2-Aminoethyl)Piperazin-1-Yl]Pyridin-4-Yl}-N-(3-Chloro-4-Methylphenyl)Pyrimidin-2-Amine (DB03916)","0.8487","http://www.drugbank.ca/drugs/DB03916"
"94","3-[3-(2,3-Dihydroxy-Propylamino)-Phenyl]-4-(5-Fluoro-1-Methyl-1h-Indol-3-Yl)-Pyrrole-2,5-Dione (DB01772)","0.8486","http://www.drugbank.ca/drugs/DB01772"
"95","5-ETHYL-3-[(2-METHOXYETHYL)METHYLAMINO]-6-METHYL-4-(3-METHYLBENZYL)PYRIDIN-2(1H)-ONE (DB07018)","0.8476","http://www.drugbank.ca/drugs/DB07018"
"96","Etonitazene (DB01462)","0.8472","http://www.drugbank.ca/drugs/DB01462"
"97","1-[(2S)-4-(5-phenyl-1H-pyrazolo[3,4-b]pyridin-4-yl)morpholin-2-yl]methanamine (DB08774)","0.8471","http://www.drugbank.ca/drugs/DB08774"
"98","Merimepodib (DB04862)","0.8471","http://www.drugbank.ca/drugs/DB04862"
"99","PYRIMIDINE-4,6-DICARBOXYLIC ACID BIS-(3-METHYL-BENZYLAMIDE) (DB04759)","0.8471","http://www.drugbank.ca/drugs/DB04759"
"100","Lomefloxacin (DB00978)","0.8470","http://www.drugbank.ca/drugs/DB00978"
"101","N'-(Pyrrolidino[2,1-B]Isoindolin-4-On-8-Yl)-N-(Pyridin-2-Yl)Urea (DB04186)","0.8466","http://www.drugbank.ca/drugs/DB04186"
"102","Gefitinib (DB00317)","0.8458","http://www.drugbank.ca/drugs/DB00317"
"103","(2s)-2-[(2,4-Dichloro-Benzoyl)-(3-Trifluoromethyl-Benzyl)-Amino]-3-Phenyl-Propionic Acid (DB03605)","0.8457","http://www.drugbank.ca/drugs/DB03605"
"104","Trimetrexate (DB01157)","0.8454","http://www.drugbank.ca/drugs/DB01157"
"105","2,4-Diamino-5-Methyl-6-[(3,4,5-Trimethoxy-N-Methylanilino)Methyl]Pyrido[2,3-D]Pyrimidine (DB02104)","0.8451","http://www.drugbank.ca/drugs/DB02104"
"106","TRW3-(2-AMINO-3-HYDROXY-PROPYL)-6-(N'-CYCLOHEXYL-HYDRAZINO)OCTAHYDRO-INDOL-7-OL (DB08646)","0.8444","http://www.drugbank.ca/drugs/DB08646"
"107","3-({4-[(5-chloro-1,3-benzodioxol-4-yl)amino]pyrimidin-2-yl}amino)benzenesulfonamide (DB07252)","0.8436","http://www.drugbank.ca/drugs/DB07252"
"108","SC45647 (DB04778)","0.8436","http://www.drugbank.ca/drugs/DB04778"
"109","N'-(5-chloro-1,3-benzodioxol-4-yl)-N-(3-methylsulfonylphenyl)pyrimidine-2,4-diamine (DB07253)","0.8417","http://www.drugbank.ca/drugs/DB07253"
"110","1-(2-Amidinophenyl)-3-(Phenoxyphenyl)Urea (DB03337)","0.8413","http://www.drugbank.ca/drugs/DB03337"
"111","Vandetanib (DB05294)","0.8409","http://www.drugbank.ca/drugs/DB05294"
"112","3-[(1R)-1-(2,6-dichloro-3-fluorophenyl)ethoxy]-5-(1-piperidin-4-yl-1H-pyrazol-4-yl)pyridin-2-amine (DB08700)","0.8399","http://www.drugbank.ca/drugs/DB08700"
"113","Vilazodone (DB06684)","0.8394","http://www.drugbank.ca/drugs/DB06684"
"114","2-[2-(4-CHLORO-PHENYLSULFANYL)-ACETYLAMINO]-3-(4-GUANIDINO-PHENYL)-PROPIONAMIDE (DB07105)","0.8393","http://www.drugbank.ca/drugs/DB07105"
"115","2-({2-[(3R)-3-AMINOPIPERIDIN-1-YL]-4-OXOQUINAZOLIN-3(4H)-YL}METHYL)BENZONITRILE (DB08588)","0.8392","http://www.drugbank.ca/drugs/DB08588"
"116","Delavirdine (DB00705)","0.8391","http://www.drugbank.ca/drugs/DB00705"
"117","2-(2,6-DIFLUOROPHENOXY)-N-(2-FLUOROPHENYL)-9-ISOPROPYL-9H-PURIN-8-AMINE (DB08097)","0.8383","http://www.drugbank.ca/drugs/DB08097"
"118","Aminacrine (DB02842)","0.8381","http://www.drugbank.ca/drugs/DB02842"
"119","Zolpidem (DB00425)","0.8381","http://www.drugbank.ca/drugs/DB00425"
"120","(2Z,3E)-2,3'-BIINDOLE-2',3(1H,1'H)-DIONE 3-{O-[(3R)-3,4-DIHYDROXYBUTYL]OXIME} (DB07766)","0.8379","http://www.drugbank.ca/drugs/DB07766"
"121","2-AMINO-N,N-BIS(PHENYLMETHYL)-1,3-OXAZOLE-5-CARBOXAMIDE (DB08315)","0.8371","http://www.drugbank.ca/drugs/DB08315"
"122","[4-({4-[(5-cyclopropyl-1H-pyrazol-3-yl)amino]-6-(methylamino)pyrimidin-2-yl}amino)phenyl]acetonitrile (DB07168)","0.8367","http://www.drugbank.ca/drugs/DB07168"
"123","Erlotinib (DB00530)","0.8363","http://www.drugbank.ca/drugs/DB00530"
"124","LGD2941 (DB05234)","0.8345","http://www.drugbank.ca/drugs/DB05234"
"125","5-{[1-(2-fluorobenzyl)piperidin-4-yl]methoxy}quinazoline-2,4-diamine (DB07642)","0.8344","http://www.drugbank.ca/drugs/DB07642"
"126","Ridogrel (DB01207)","0.8343","http://www.drugbank.ca/drugs/DB01207"
"127","2,4-Diamino-6-[N-(3',4',5'-Trimethoxybenzyl)-N-Methylamino]Pyrido[2,3-D]Pyrimidine (DB02919)","0.8342","http://www.drugbank.ca/drugs/DB02919"
"128","AZD2563 (DB04850)","0.8340","http://www.drugbank.ca/drugs/DB04850"
"129","2-{5-[3-(7-PROPYL-3-TRIFLUOROMETHYLBENZO[D]ISOXAZOL-6-YLOXY)PROPOXY]INDOL-1-YL}ETHANOIC ACID (DB07053)","0.8338","http://www.drugbank.ca/drugs/DB07053"
"130","OPC-51803 (DB05838)","0.8337","http://www.drugbank.ca/drugs/DB05838"
"131","(3R,4S)-1-{6-[3-(METHYLSULFONYL)PHENYL]PYRIMIDIN-4-YL}-4-(2,4,5-TRIFLUOROPHENYL)PYRROLIDIN-3-AMINE (DB07666)","0.8334","http://www.drugbank.ca/drugs/DB07666"
"132","N-[(1S)-2-AMINO-1-(2,4-DICHLOROBENZYL)ETHYL]-5-[2-(METHYLAMINO)PYRIMIDIN-4-YL]THIOPHENE-2-CARBOXAMIDE (DB07235)","0.8334","http://www.drugbank.ca/drugs/DB07235"
"133","(2S)-2-{3-[({[2-fluoro-4-(trifluoromethyl)phenyl]carbonyl}amino)methyl]-4-methoxybenzyl}butanoic acid (DB07070)","0.8332","http://www.drugbank.ca/drugs/DB07070"
"134","N-{2-[6-(2,4-DIAMINO-6-ETHYLPYRIMIDIN-5-YL)-2,2-DIMETHYL-3-OXO-2,3-DIHYDRO-4H-1,4-BENZOXAZIN-4-YL]ETHYL}ACETAMIDE (DB07059)","0.8331","http://www.drugbank.ca/drugs/DB07059"
"135","5-Bromo-N[2-(Dimethylamino)Ethyl]-9-Aminoacridine-4-Carboxamide (DB02390)","0.8329","http://www.drugbank.ca/drugs/DB02390"
"136","Aprepitant (DB00673)","0.8328","http://www.drugbank.ca/drugs/DB00673"
"137","Trifluoperazine (DB00831)","0.8318","http://www.drugbank.ca/drugs/DB00831"
"138","N-(4-AMINO-5-CYANO-6-ETHOXYPYRIDIN-2-YL)-2-(4-BROMO-2,5-DIMETHOXYPHENYL)ACETAMIDE (DB07272)","0.8317","http://www.drugbank.ca/drugs/DB07272"
"139","N-{2-[6-(2,4-DIAMINO-6-ETHYLPYRIMIDIN-5-YL)-2,2-DIMETHYL-3-OXO-2,3-DIHYDRO-4H-1,4-BENZOTHIAZIN-4-YL]ETHYL}ACETAMIDE (DB06899)","0.8314","http://www.drugbank.ca/drugs/DB06899"
"140","Ciprofloxacin (DB00537)","0.8309","http://www.drugbank.ca/drugs/DB00537"
"141","99mTc-ciprofloxacin (DB05488)","0.8309","http://www.drugbank.ca/drugs/DB05488"
"142","Formoterol (DB00983)","0.8303","http://www.drugbank.ca/drugs/DB00983"
"143","Arformoterol (DB01274)","0.8303","http://www.drugbank.ca/drugs/DB01274"
"144","[2-(5-MERCAPTO-[1,3,4]THIADIAZOL-2-YLCARBAMOYL)-1-PHENYL-ETHYL]-CARBAMIC ACID BENZYL ESTER (DB07987)","0.8301","http://www.drugbank.ca/drugs/DB07987"
"145","N-cyclohexyl-3-[3-(trifluoromethyl)phenyl][1,2,4]triazolo[4,3-b]pyridazin-6-amine (DB08708)","0.8296","http://www.drugbank.ca/drugs/DB08708"
"146","5-CHLORO-THIOPHENE-2-CARBOXYLIC ACID ((3S,4S)-4-FLUORO- 1-{[2-FLUORO-4-(2-OXO-2H-PYRIDIN-1-YL)-PHENYLCARBAMOYL]-METHYL}-PYRROLIDIN-3-YL)-AMIDE (DB08143)","0.8292","http://www.drugbank.ca/drugs/DB08143"
"147","(3R,4R)-1-{6-[3-(METHYLSULFONYL)PHENYL]PYRIMIDIN-4-YL}-4-(2,4,5-TRIFLUOROPHENYL)PIPERIDIN-3-AMINE (DB08164)","0.8292","http://www.drugbank.ca/drugs/DB08164"
"148","4-{[(2,6-difluorophenyl)carbonyl]amino}-N-[(3S)-piperidin-3-yl]-1H-pyrazole-3-carboxamide (DB08141)","0.8291","http://www.drugbank.ca/drugs/DB08141"
"149","4-[1-allyl-7-(trifluoromethyl)-1H-indazol-3-yl]benzene-1,3-diol (DB08047)","0.8279","http://www.drugbank.ca/drugs/DB08047"
"150","(S)-2-CHLORO-N-(1-(2-(2-HYDROXYETHYLAMINO)-2-OXOETHYL)-2-OXO-1,2,3,4-TETRAHYDROQUINOLIN-3-YL)-6H-THIENO[2,3-B]PYRROLE-5-CARBOXAMIDE (DB07792)","0.8278","http://www.drugbank.ca/drugs/DB07792"
"151","6-(2,5-Dimethoxy-Benzyl)-5-Methyl-Pyrido[2,3-D]Pyrimidine-2,4-Diamine (DB03695)","0.8270","http://www.drugbank.ca/drugs/DB03695"
"152","6-(2,4-DIAMINO-6-ETHYLPYRIMIDIN-5-YL)-4-(3-METHOXYPROPYL)-2,2-DIMETHYL-2H-1,4-BENZOXAZIN-3(4H)-ONE (DB07174)","0.8270","http://www.drugbank.ca/drugs/DB07174"
"153","Sri-9662 (DB03060)","0.8267","http://www.drugbank.ca/drugs/DB03060"
"154","{3-[(4,5,7-TRIFLUORO-1,3-BENZOTHIAZOL-2-YL)METHYL]-1H-INDOL-1-YL}ACETIC ACID (DB07063)","0.8266","http://www.drugbank.ca/drugs/DB07063"
"155","Lansoprazole (DB00448)","0.8263","http://www.drugbank.ca/drugs/DB00448"
"156","N-{2'-[(4-FLUOROPHENYL)AMINO]-4,4'-BIPYRIDIN-2-YL}-4-METHOXYCYCLOHEXANECARBOXAMIDE (DB08025)","0.8262","http://www.drugbank.ca/drugs/DB08025"
"157","N7-BUTYL-N2-(5-CHLORO-2-METHYLPHENYL)-5-METHYL[1,2,4]TRIAZOLO[1,5-A]PYRIMIDINE-2,7-DIAMINE (DB07128)","0.8257","http://www.drugbank.ca/drugs/DB07128"
"158","Dapiprazole (DB00298)","0.8256","http://www.drugbank.ca/drugs/DB00298"
"159","6-(3-AMINOPHENYL)-N-(TERT-BUTYL)-2-(TRIFLUOROMETHYL)QUINAZOLIN-4-AMINE (DB07612)","0.8255","http://www.drugbank.ca/drugs/DB07612"
"160","5-(5-CHLORO-2,4-DIHYDROXYPHENYL)-N-ETHYL-4-PIPERAZIN-1-YL-1H-PYRAZOLE-3-CARBOXAMIDE (DB06958)","0.8253","http://www.drugbank.ca/drugs/DB06958"
"161","4-CHLORO-6-(4-{4-[4-(METHYLSULFONYL)BENZYL]PIPERAZIN-1-YL}-1H-PYRAZOL-5-YL)BENZENE-1,3-DIOL (DB06957)","0.8253","http://www.drugbank.ca/drugs/DB06957"
"162","Moricizine (DB00680)","0.8250","http://www.drugbank.ca/drugs/DB00680"
"163","SU4984 (DB02058)","0.8247","http://www.drugbank.ca/drugs/DB02058"
"164","1-(3-HYDROXYPROPYL)-2-[(3-NITROBENZOYL)AMINO]-1H-BENZIMIDAZOL-5-YL PIVALATE (DB08590)","0.8243","http://www.drugbank.ca/drugs/DB08590"
"165","5-chloro-N-[(3R)-1-(2-{[2-fluoro-4-(2-oxopyridin-1(2H)-yl)phenyl]amino}-2-oxoethyl)pyrrolidin-3-yl]thiophene-2-carboxamide (DB07872)","0.8242","http://www.drugbank.ca/drugs/DB07872"
"166","Clozapine (DB00363)","0.8240","http://www.drugbank.ca/drugs/DB00363"
"167","3-({[3,5-DIFLUORO-3'-(TRIFLUOROMETHOXY)BIPHENYL-4-YL]AMINO}CARBONYL)THIOPHENE-2-CARBOXYLIC ACID (DB07977)","0.8230","http://www.drugbank.ca/drugs/DB07977"
"168","2-(6-CHLORO-3-{[2,2-DIFLUORO-2-(2-PYRIDINYL)ETHYL]AMINO}-2-OXO-1(2H)-PYRAZINYL)-N-[(2-FLUORO-3-METHYL-6-PYRIDINYL)METHYL]ACETAMIDE (DB07549)","0.8229","http://www.drugbank.ca/drugs/DB07549"
"169","Levofloxacin (DB01137)","0.8228","http://www.drugbank.ca/drugs/DB01137"
"170","Ofloxacin (DB01165)","0.8228","http://www.drugbank.ca/drugs/DB01165"
"171","Dextrofloxacine (DB03034)","0.8228","http://www.drugbank.ca/drugs/DB03034"
"172","Flurazepam (DB00690)","0.8227","http://www.drugbank.ca/drugs/DB00690"
"173","N-ETHYL-N-ISOPROPYL-3-METHYL-5-{[(2S)-2-(PYRIDIN-4-YLAMINO)PROPYL]OXY}BENZAMIDE (DB07279)","0.8227","http://www.drugbank.ca/drugs/DB07279"
"174","2-(6-CHLORO-3-{[2,2-DIFLUORO-2-(2-PYRIDINYL)ETHYL]AMINO}-2-OXO-1(2H)-PYRAZINYL)-N-[(2-FLUORO-6-PYRIDINYL)METHYL]ACETAMIDE (DB07548)","0.8225","http://www.drugbank.ca/drugs/DB07548"
"175","1-{3-[(4-pyridin-2-ylpiperazin-1-yl)sulfonyl]phenyl}-3-(1,3-thiazol-2-yl)urea (DB07817)","0.8223","http://www.drugbank.ca/drugs/DB07817"
"176","5-Chloro-thiophene-2-carboxylic acid ((3S,4S)-1-{[2-fluoro-4-(2-oxo-2H-pyridin-1-yl)-phenylcarbamoyl]-methyl}-4-hydroxy-pyrrolidin-3-yl)-amide (DB07875)","0.8220","http://www.drugbank.ca/drugs/DB07875"
"177","ZK-805623 (DB04432)","0.8214","http://www.drugbank.ca/drugs/DB04432"
"178","Rimonabant (DB06155)","0.8213","http://www.drugbank.ca/drugs/DB06155"
"179","Haloxazolam (DB01476)","0.8208","http://www.drugbank.ca/drugs/DB01476"
"180","1-(6-CYANO-3-PYRIDYLCARBONYL)-5',8'-DIFLUOROSPIRO[PIPERIDINE-4,2'(1'H)-QUINAZOLINE]-4'-AMINE (DB07405)","0.8207","http://www.drugbank.ca/drugs/DB07405"
"181","IDD552 (DB02834)","0.8202","http://www.drugbank.ca/drugs/DB02834"
"182","IMIDAZOPYRIDAZIN 1 (DB04715)","0.8201","http://www.drugbank.ca/drugs/DB04715"
"183","6-(3-AMINOPROPYL)-4,9-DIMETHYLPYRROLO[3,4-C]CARBAZOLE-1,3(2H,6H)-DIONE (DB07444)","0.8201","http://www.drugbank.ca/drugs/DB07444"
"184","Ezetimibe (DB00973)","0.8197","http://www.drugbank.ca/drugs/DB00973"
"185","3,6-DIAMINO-5-CYANO-4-(4-ETHOXYPHENYL)THIENO[2,3-B]PYRIDINE-2-CARBOXAMIDE (DB08788)","0.8197","http://www.drugbank.ca/drugs/DB08788"
"186","Grepafloxacin (DB00365)","0.8194","http://www.drugbank.ca/drugs/DB00365"
"187","1-(3-(2,4-DIMETHYLTHIAZOL-5-YL)-4-OXO-2,4-DIHYDROINDENO[1,2-C]PYRAZOL-5-YL)-3-(4-METHYLPIPERAZIN-1-YL)UREA (DB07622)","0.8194","http://www.drugbank.ca/drugs/DB07622"
"188","2-[5-Methanesulfonylamino-2-(4-Aminophenyl)-6-Oxo-1,6-Dihydro-1-Pyrimidinyl]-N-(3,3,3-Trifluoro-1-Isopropyl-2-Oxopropyl)Acetamide (DB03202)","0.8194","http://www.drugbank.ca/drugs/DB03202"
"189","4-({4-[(4-methoxypyridin-2-yl)amino]piperidin-1-yl}carbonyl)benzonitrile (DB07002)","0.8194","http://www.drugbank.ca/drugs/DB07002"
"190","Cinacalcet (DB01012)","0.8191","http://www.drugbank.ca/drugs/DB01012"
"191","CRA_10950 (DB03494)","0.8191","http://www.drugbank.ca/drugs/DB03494"
"192","6-FLUORO-2-(2-HYDROXY-3-ISOBUTOXY-PHENYL)-1H-BENZOIMIDAZOLE-5-CARBOXAMIDINE (DB06855)","0.8191","http://www.drugbank.ca/drugs/DB06855"
"193","Fluphenazine (DB00623)","0.8190","http://www.drugbank.ca/drugs/DB00623"
"194","CRA_9785 (DB03595)","0.8189","http://www.drugbank.ca/drugs/DB03595"
"195","Quinacrine (DB01103)","0.8188","http://www.drugbank.ca/drugs/DB01103"
"196","1-[4-(AMINOMETHYL)BENZOYL]-5'-FLUORO-1'H-SPIRO[PIPERIDINE-4,2'-QUINAZOLIN]-4'-AMINE (DB08750)","0.8183","http://www.drugbank.ca/drugs/DB08750"
"197","6-[N-(4-Ethyl-1,2,3,4-Tetrahydro-6-Isoquinolinyl)Carbamyl]-2-Naphthalenecarboxamidine (DB02551)","0.8182","http://www.drugbank.ca/drugs/DB02551"
"198","Sitamaquine (DB04909)","0.8182","http://www.drugbank.ca/drugs/DB04909"
"199","4-[(1S)-1-(3-fluoro-4-methoxyphenyl)-2-(2-methoxy-5-nitrophenyl)ethyl]-1H-imidazol-2-amine (DB07415)","0.8179","http://www.drugbank.ca/drugs/DB07415"
"200","5-{[1-(2,3-dichlorobenzyl)piperidin-4-yl]methoxy}quinazoline-2,4-diamine (DB07643)","0.8178","http://www.drugbank.ca/drugs/DB07643"
"201","5-[1-(3,4-Dimethoxy-Benzoyl)-1,2,3,4-Tetrahydro-Quinolin-6-Yl]-6-Methyl-3,6-Dihydro-[1,3,4]Thiadiazin-2-One (DB03944)","0.8175","http://www.drugbank.ca/drugs/DB03944"
"202","1-[(3S)-5-PHENYL-3-THIOPHEN-2-YL-3H-1,4-BENZODIAZEPIN-2-YL]AZETIDIN-3-OL (DB08698)","0.8167","http://www.drugbank.ca/drugs/DB08698"
"203","N-(2-METHOXYETHYL)-4-({4-[2-METHYL-1-(1-METHYLETHYL)-1H-IMIDAZOL-5-YL]PYRIMIDIN-2-YL}AMINO)BENZENESULFONAMIDE (DB07790)","0.8152","http://www.drugbank.ca/drugs/DB07790"
"204","4-BROMO-2-FLUORO-N-[(4E)-6-METHOXY-7-[(1-METHYLPIPERIDIN-4-YL)METHOXY]QUINAZOLIN-4(1H)-YLIDENE]ANILINE (DB08764)","0.8152","http://www.drugbank.ca/drugs/DB08764"
"205","6-[N-(1-Isopropyl-1,2,3,4-Tetrahydro-7-Isoquinolinyl)Carbamyl]-2-Naphthalenecarboxamidine (DB02705)","0.8148","http://www.drugbank.ca/drugs/DB02705"
"206","Azelastine (DB00972)","0.8144","http://www.drugbank.ca/drugs/DB00972"
"207","Pleconaril (DB05105)","0.8143","http://www.drugbank.ca/drugs/DB05105"
"208","2,6-DIMETHYL-1-(3-[3-METHYL-5-ISOXAZOLYL]-PROPANYL)-4-[2N-METHYL-2H-TETRAZOL-5-YL]-PHENOL (DB08713)","0.8142","http://www.drugbank.ca/drugs/DB08713"
"209","3-({2-[(2-AMINO-6-METHYLPYRIMIDIN-4-YL)ETHYNYL]BENZYL}AMINO)-1,3-OXAZOL-2(3H)-ONE (DB07324)","0.8137","http://www.drugbank.ca/drugs/DB07324"
"210","(3R,4S)-1-[(4-amino-5H-pyrrolo[3,2-d]pyrimidin-7-yl)methyl]-4-[(benzylsulfanyl)methyl]pyrrolidin-3-ol (DB07649)","0.8136","http://www.drugbank.ca/drugs/DB07649"
"211","4-(2-aminoethoxy)-N-(2,5-diethoxyphenyl)-3,5-dimethylbenzamide (DB07625)","0.8134","http://www.drugbank.ca/drugs/DB07625"
"212","6-[N-(4-(Aminomethyl)Phenyl)Carbamyl]-2-Naphthalenecarboxamidine (DB02398)","0.8132","http://www.drugbank.ca/drugs/DB02398"
"213","Bopindolol (DB08807)","0.8122","http://www.drugbank.ca/drugs/DB08807"
"214","1-TERT-BUTYL-3-(2,5-DIMETHYLBENZYL)-1H-PYRAZOLO[3,4-D]PYRIMIDIN-4-AMINE (DB08035)","0.8120","http://www.drugbank.ca/drugs/DB08035"
"215","6-[N-(1-Isopropyl-3,4-Dihydro-7-Isoquinolinyl)Carbamyl]-2-Naphthalenecarboxamidine (DB02473)","0.8120","http://www.drugbank.ca/drugs/DB02473"
"216","1-(5-CHLORO-2-METHOXYPHENYL)-3-{6-[2-(DIMETHYLAMINO)-1-METHYLETHOXY]PYRAZIN-2-YL}UREA (DB07228)","0.8120","http://www.drugbank.ca/drugs/DB07228"
"217","N-(7-CARBAMIMIDOYL-NAPHTHALEN-1-YL)-3-HYDROXY-2-METHYL-BENZAMIDE (DB07212)","0.8119","http://www.drugbank.ca/drugs/DB07212"
"218","RPR131247 (DB02744)","0.8119","http://www.drugbank.ca/drugs/DB02744"
"219","(2e)-N-Allyl-4-{[3-(4-Bromophenyl)-5-Fluoro-1-Methyl-1h-Indazol-6-Yl]Oxy}-N-Methyl-2-Buten-1-Amine (DB02139)","0.8119","http://www.drugbank.ca/drugs/DB02139"
"220","CRA_10656 (DB04470)","0.8119","http://www.drugbank.ca/drugs/DB04470"
"221","2-({[2,3,5,6-TETRAFLUORO-3'-(TRIFLUOROMETHOXY)BIPHENYL-4-YL]AMINO}CARBONYL)CYCLOPENTA-1,3-DIENE-1-CARBOXYLIC ACID (DB07978)","0.8112","http://www.drugbank.ca/drugs/DB07978"
"222","Loxapine (DB00408)","0.8106","http://www.drugbank.ca/drugs/DB00408"
"223","Sparfloxacin (DB01208)","0.8094","http://www.drugbank.ca/drugs/DB01208"
"224","Gatifloxacin (DB01044)","0.8094","http://www.drugbank.ca/drugs/DB01044"
"225","5-Chloro-1h-Indole-2-Carboxylic Acid [1-(4-Fluorobenzyl)-2-(4-Hydroxypiperidin-1yl)-2-Oxoethyl]Amide (DB03383)","0.8093","http://www.drugbank.ca/drugs/DB03383"
"226","CRA_10972 (DB02989)","0.8092","http://www.drugbank.ca/drugs/DB02989"
"227","Pagoclone (DB04903)","0.8086","http://www.drugbank.ca/drugs/DB04903"
"228","Cinchocaine (DB00527)","0.8075","http://www.drugbank.ca/drugs/DB00527"
"229","2,6-DIMETHYL-1-(3-[3-METHYL-5-ISOXAZOLYL]-PROPANYL)-4-[2-METHYL-4-ISOXAZOLYL]-PHENOL (DB08715)","0.8073","http://www.drugbank.ca/drugs/DB08715"
"230","N-cyclopropyl-4-methyl-3-{2-[(2-morpholin-4-ylethyl)amino]quinazolin-6-yl}benzamide (DB08351)","0.8072","http://www.drugbank.ca/drugs/DB08351"
"231","(2S)-4-(2,5-DIFLUOROPHENYL)-N,N-DIMETHYL-2-PHENYL-2,5-DIHYDRO-1H-PYRROLE-1-CARBOXAMIDE (DB08246)","0.8072","http://www.drugbank.ca/drugs/DB08246"
"232","Methotrexate (DB00563)","0.8070","http://www.drugbank.ca/drugs/DB00563"
"233","Quetiapine (DB01224)","0.8069","http://www.drugbank.ca/drugs/DB01224"
"234","Flunarizine (DB04841)","0.8066","http://www.drugbank.ca/drugs/DB04841"
"235","2-{4-[5-(4-chlorophenyl)-4-pyrimidin-4-yl-1H-pyrazol-3-yl]piperidin-1-yl}-2-oxoethanol (DB07943)","0.8065","http://www.drugbank.ca/drugs/DB07943"
"236","(3R,4S)-1-(3,4-DIMETHOXYPHENYL)-3-(3-METHYLPHENYL)PIPERIDIN-4-AMINE (DB07851)","0.8064","http://www.drugbank.ca/drugs/DB07851"
"237","4-{[4-{[(1R,2R)-2-(dimethylamino)cyclopentyl]amino}-5-(trifluoromethyl)pyrimidin-2-yl]amino}-N-methylbenzenesulfonamide (DB08341)","0.8064","http://www.drugbank.ca/drugs/DB08341"
"238","2-{4-[4-({4-[2-methyl-1-(1-methylethyl)-1H-imidazol-5-yl]pyrimidin-2-yl}amino)phenyl]piperazin-1-yl}-2-oxoethanol (DB07982)","0.8059","http://www.drugbank.ca/drugs/DB07982"
"239","Trazodone (DB00656)","0.8056","http://www.drugbank.ca/drugs/DB00656"
"240","Labetalol (DB00598)","0.8055","http://www.drugbank.ca/drugs/DB00598"
"241","5-CYANO-FURAN-2-CARBOXYLIC ACID [5-HYDROXYMETHYL-2-(4-METHYL-PIPERIDIN-1-YL)-PHENYL]-AMIDE (DB07167)","0.8053","http://www.drugbank.ca/drugs/DB07167"
"242","Alogliptin  (DB06203)","0.8053","http://www.drugbank.ca/drugs/DB06203"
"243","N-(1-ISOPROPYLPIPERIDIN-4-YL)-1-(3-METHOXYBENZYL)-1H-INDOLE-2-CARBOXAMIDE (DB07973)","0.8046","http://www.drugbank.ca/drugs/DB07973"
"244","Encainide (DB01228)","0.8045","http://www.drugbank.ca/drugs/DB01228"
"245","[4-(3-AMINOMETHYL-PHENYL)-PIPERIDIN-1-YL]-(5-PHENETHYL- PYRIDIN-3-YL)-METHANONE (DB04764)","0.8043","http://www.drugbank.ca/drugs/DB04764"
"246","Allyl-{6-[3-(4-Bromo-Phenyl)-1-Methyl-1h-Indazol-6-Yl]Oxy}Hexyl)-N-Methylamine (DB03888)","0.8042","http://www.drugbank.ca/drugs/DB03888"
"247","[2-(1-Amino-2-Hydroxy-Propyl)-4-(4-Fluoro-1h-Indol-3-Ylmethyl)-5-Hydroxy-Imidazol-1-Yl]-Acetic Acid (DB01674)","0.8041","http://www.drugbank.ca/drugs/DB01674"
"248","Nefazodone (DB01149)","0.8040","http://www.drugbank.ca/drugs/DB01149"
"249","(6S)-1-chloro-3-[(4-fluorobenzyl)oxy]-6-(pyrrolidin-1-ylcarbonyl)pyrrolo[1,2-a]pyrazin-4(6H)-one (DB07148)","0.8037","http://www.drugbank.ca/drugs/DB07148"
"250","4-(2-HYDROXYBENZYLAMINO)-N-(3-(4-FLUOROPHENOXY)PHENYL)PIPERIDINE-1-SULFONAMIDE (DB04632)","0.8036","http://www.drugbank.ca/drugs/DB04632"
"251","4-(3-{[5-(trifluoromethyl)pyridin-2-yl]oxy}benzyl)piperidine-1-carboxylic acid (DB08400)","0.8034","http://www.drugbank.ca/drugs/DB08400"
"252","Naphthyridine Inhibitor (DB04434)","0.8033","http://www.drugbank.ca/drugs/DB04434"
"253","Aminopterin (DB08878)","0.8029","http://www.drugbank.ca/drugs/DB08878"
"254","4-(2-chlorophenyl)-8-(2-hydroxyethyl)-6-methylpyrrolo[3,4-e]indole-1,3(2H,6H)-dione (DB07257)","0.8029","http://www.drugbank.ca/drugs/DB07257"
"255","(5E,7S)-2-amino-7-(4-fluoro-2-pyridin-3-ylphenyl)-4-methyl-7,8-dihydroquinazolin-5(6H)-one oxime (DB08197)","0.8025","http://www.drugbank.ca/drugs/DB08197"
"256","PYRIMIDINE-4,6-DICARBOXYLIC ACID BIS-[(PYRIDIN-3-YLMETHYL)-AMIDE] (DB04761)","0.8021","http://www.drugbank.ca/drugs/DB04761"
"257","4-{[4-(1-CYCLOPROPYL-2-METHYL-1H-IMIDAZOL-5-YL)PYRIMIDIN-2-YL]AMINO}-N-METHYLBENZENESULFONAMIDE (DB07791)","0.8020","http://www.drugbank.ca/drugs/DB07791"
"258","3-[(4-fluorophenyl)sulfanyl]-N-(4-methyl-1,3-thiazol-2-yl)-6-[(4-methyl-4H-1,2,4-triazol-3-yl)sulfanyl]pyridine-2-carboxamide (DB07359)","0.8019","http://www.drugbank.ca/drugs/DB07359"
"259","ISOQUINOLINE-5-SULFONIC ACID (2-(2-(4-CHLOROBENZYLOXY)ETHYLAMINO)ETHYL)AMIDE (DB07947)","0.8019","http://www.drugbank.ca/drugs/DB07947"
"260","1-(2-CYCLOPROPYLETHYL)-3-(1,1-DIOXIDO-2H-1,2,4-BENZOTHIADIAZIN-3-YL)-6-FLUORO-4-HYDROXYQUINOLIN-2(1H)-ONE (DB08278)","0.8018","http://www.drugbank.ca/drugs/DB08278"
"261","SB220025 (DB04338)","0.8017","http://www.drugbank.ca/drugs/DB04338"
"262","Eletriptan (DB00216)","0.8016","http://www.drugbank.ca/drugs/DB00216"
"263","Roflumilast (DB01656)","0.8010","http://www.drugbank.ca/drugs/DB01656"
"264","6-[(Z)-AMINO(IMINO)METHYL]-N-[3-(CYCLOPENTYLOXY)PHENYL]-2-NAPHTHAMIDE (DB07076)","0.8007","http://www.drugbank.ca/drugs/DB07076"
"265","5-(3,5-DICHLOROPHENYL)THIO-4-ISOPROPYL-1-(PYRIDIN-4-YL-METHYL)-1H-IMIDAZOL-2-YL-METHYL CARBAMATE (DB08502)","0.8004","http://www.drugbank.ca/drugs/DB08502"
"266","Cp403700, (S)-1-{2-[(5-Chloro-1h-Indole-2-Carbonyl)-Amino]-3-Phenyl-Propionyl}-Azetidine-3-Carboxylate (DB03744)","0.8003","http://www.drugbank.ca/drugs/DB03744"
"267","S-[5-(TRIFLUOROMETHYL)-4H-1,2,4-TRIAZOL-3-YL] 5-(PHENYLETHYNYL)FURAN-2-CARBOTHIOATE (DB07743)","0.7997","http://www.drugbank.ca/drugs/DB07743"
"268","6-[3-(4-Morpholinyl)Propyl]-2-(3-Nitrophenyl)-5-Thioxo-5,6,-Dihydro-7h-Thienol[2',3':4,5]Pyrrolo[1,2-C]Imidazol-7-One (DB03507)","0.7997","http://www.drugbank.ca/drugs/DB03507"
"269","6-({5-fluoro-2-[(3,4,5-trimethoxyphenyl)amino]pyrimidin-4-yl}amino)-2,2-dimethyl-2H-pyrido[3,2-b][1,4]oxazin-3(4H)-one (DB07159)","0.7996","http://www.drugbank.ca/drugs/DB07159"
"270","Risperidone (DB00734)","0.7992","http://www.drugbank.ca/drugs/DB00734"
"271","N-(3-CYCLOPROPYL-1H-PYRAZOL-5-YL)-2-(2-NAPHTHYL)ACETAMIDE (DB06944)","0.7990","http://www.drugbank.ca/drugs/DB06944"
"272","Phenserine (DB04892)","0.7988","http://www.drugbank.ca/drugs/DB04892"
"273","5-cyclopropyl-2-(4-fluorophenyl)-6-[(2-hydroxyethyl)(methylsulfonyl)amino]-N-methyl-1-benzofuran-3-carboxamide (DB07238)","0.7988","http://www.drugbank.ca/drugs/DB07238"
"274","N-cyclopropyl-2',6-dimethyl-4'-(5-methyl-1,3,4-oxadiazol-2-yl)biphenyl-3-carboxamide (DB07811)","0.7985","http://www.drugbank.ca/drugs/DB07811"
"275","Propericiazine (DB01608)","0.7978","http://www.drugbank.ca/drugs/DB01608"
"276","Rabeprazole (DB01129)","0.7974","http://www.drugbank.ca/drugs/DB01129"
"277","FR230513 (DB03572)","0.7974","http://www.drugbank.ca/drugs/DB03572"
"278","N-(4-{[(3S)-3-(dimethylamino)pyrrolidin-1-yl]carbonyl}phenyl)-5-fluoro-4-[2-methyl-1-(1-methylethyl)-1H-imidazol-5-yl]pyrimidin-2-amine (DB07936)","0.7964","http://www.drugbank.ca/drugs/DB07936"
"279","4-[(2-{4-[(CYCLOPROPYLCARBAMOYL)AMINO]-1H-PYRAZOL-3-YL}-1H-BENZIMIDAZOL-6-YL)METHYL]MORPHOLIN-4-IUM (DB08067)","0.7957","http://www.drugbank.ca/drugs/DB08067"
"280","(4R,2S)-5'-(4-(4-CHLOROBENZYLOXY)PYRROLIDIN-2-YLMETHANESULFONYL)ISOQUINOLINE (DB07583)","0.7953","http://www.drugbank.ca/drugs/DB07583"
"281","(4R)-N-[4-({[2-(DIMETHYLAMINO)ETHYL]AMINO}CARBONYL)-1,3-THIAZOL-2-YL]-4-METHYL-1-OXO-2,3,4,9-TETRAHYDRO-1H-BETA-CARBOLINE-6-CARBOXAMIDE (DB07406)","0.7952","http://www.drugbank.ca/drugs/DB07406"
"282","Talampanel (DB04982)","0.7950","http://www.drugbank.ca/drugs/DB04982"
"283","N-{2,2-DIFLUORO-2-[(2R)-PIPERIDIN-2-YL]ETHYL}-2-[2-(1H-1,2,4-TRIAZOL-1-YL)BENZYL][1,3]OXAZOLO[4,5-C]PYRIDIN-4-AMINE (DB04591)","0.7949","http://www.drugbank.ca/drugs/DB04591"
"284","(2R,3R)-7-(methylsulfonyl)-3-(2,4,5-trifluorophenyl)-1,2,3,4-tetrahydropyrido[1,2-a]benzimidazol-2-amine (DB07193)","0.7948","http://www.drugbank.ca/drugs/DB07193"
"285","4-{[5-chloro-4-(1H-indol-3-yl)pyrimidin-2-yl]amino}-N-ethylpiperidine-1-carboxamide (DB08005)","0.7945","http://www.drugbank.ca/drugs/DB08005"
"286","4-chloro-6-{5-[(2-morpholin-4-ylethyl)amino]-1,2-benzisoxazol-3-yl}benzene-1,3-diol (DB07601)","0.7938","http://www.drugbank.ca/drugs/DB07601"
"287","(3R)-3-[(1,2,3,4-tetrahydroisoquinolin-7-yloxy)methyl]-2,3-dihydrothieno[2,3-f][1,4]oxazepin-5-amine (DB07007)","0.7932","http://www.drugbank.ca/drugs/DB07007"
"288","Pemetrexed (DB00642)","0.7932","http://www.drugbank.ca/drugs/DB00642"
"289","2-{4-[2-(2-AMINO-4-OXO-4,7-DIHYDRO-3H-PYRROLO[2,3-D]PYRIMIDIN-5-YL)-ETHYL]-BENZOYLAMINO}-3-METHYL-BUTYRIC ACID (DB08131)","0.7929","http://www.drugbank.ca/drugs/DB08131"
"290","Sertindole (DB06144)","0.7922","http://www.drugbank.ca/drugs/DB06144"
"291","(5Z)-5-[(5-ETHYL-2-FURYL)METHYLENE]-2-{[(S)-(4-FLUOROPHENYL)(1H-TETRAZOL-5-YL)METHYL]AMINO}-1,3-THIAZOL-4(5H)-ONE (DB08710)","0.7918","http://www.drugbank.ca/drugs/DB08710"
"292","(2R)-N-HYDROXY-2-[(3S)-3-METHYL-3-{4-[(2-METHYLQUINOLIN-4-YL)METHOXY]PHENYL}-2-OXOPYRROLIDIN-1-YL]PROPANAMIDE (DB07145)","0.7917","http://www.drugbank.ca/drugs/DB07145"
"293","FR233623 (DB03220)","0.7917","http://www.drugbank.ca/drugs/DB03220"
"294","Indacaterol (DB05039)","0.7916","http://www.drugbank.ca/drugs/DB05039"
"295","CRA_10655 (DB02526)","0.7916","http://www.drugbank.ca/drugs/DB02526"
"296","Itopride (DB04924)","0.7915","http://www.drugbank.ca/drugs/DB04924"
"297","Folic Acid (DB00158)","0.7912","http://www.drugbank.ca/drugs/DB00158"
"298","N-(5-CHLORO-BENZO[B]THIOPHEN-3-YLMETHYL)-2-[6-CHLORO-OXO-3-(2-PYRIDIN-2-YL-ETHYLAMINO)-2H-PYRAZIN-1-YL]-ACETAMIDE (DB07165)","0.7910","http://www.drugbank.ca/drugs/DB07165"
"299","3-(2-AMINO-6-BENZOYLQUINAZOLIN-3(4H)-YL)-N-CYCLOHEXYL-N-METHYLPROPANAMIDE (DB08749)","0.7910","http://www.drugbank.ca/drugs/DB08749"
"300","Sildenafil (DB00203)","0.7908","http://www.drugbank.ca/drugs/DB00203"
"301","Pentamidine (DB00738)","0.7895","http://www.drugbank.ca/drugs/DB00738"
"302","N-{(1s)-4-[Bis(2-Chloroethyl)Amino]-1-Methylbutyl}-N-(6-Chloro-2-Methoxy-9-Acridinyl)Amine (DB02240)","0.7895","http://www.drugbank.ca/drugs/DB02240"
"303","1-cyclobutyl-3-(3,4-dimethoxyphenyl)-1H-pyrazolo[3,4-d]pyrimidin-4-amine (DB08053)","0.7892","http://www.drugbank.ca/drugs/DB08053"
"304","Dasatinib (DB01254)","0.7889","http://www.drugbank.ca/drugs/DB01254"
"305","MACITENTAN (DB08932)","0.7885","http://www.drugbank.ca/drugs/DB08932"
"306","4-(2-{[4-{[3-(4-Chlorophenyl)Propyl]Sulfanyl}-6-(1-Piperazinyl)-1,3,5-Triazin-2-Yl]Amino}Ethyl)Phenol (DB04020)","0.7872","http://www.drugbank.ca/drugs/DB04020"
"307","Trovafloxacin (DB00685)","0.7869","http://www.drugbank.ca/drugs/DB00685"
"308","N-(cyclopropylmethyl)-2'-methyl-5'-(5-methyl-1,3,4-oxadiazol-2-yl)biphenyl-4-carboxamide (DB07834)","0.7864","http://www.drugbank.ca/drugs/DB07834"
"309","5-(5-chloro-2,4-dihydroxyphenyl)-N-ethyl-4-[4-(morpholin-4-ylmethyl)phenyl]isoxazole-3-carboxamide (DB06961)","0.7858","http://www.drugbank.ca/drugs/DB06961"
"310","4-(4-chlorobenzyl)-1-(7H-pyrrolo[2,3-d]pyrimidin-4-yl)piperidin-4-aminium (DB08150)","0.7856","http://www.drugbank.ca/drugs/DB08150"
"311","2-{[(1R,2S)-2-aminocyclohexyl]amino}-4-[(3-methylphenyl)amino]pyrimidine-5-carboxamide (DB08361)","0.7856","http://www.drugbank.ca/drugs/DB08361"
"312","(3,3-dimethylpiperidin-1-yl)(6-(3-fluoro-4-methylphenyl)pyridin-2-yl)methanone (DB06992)","0.7850","http://www.drugbank.ca/drugs/DB06992"
"313","2-({[3,5-DIFLUORO-3'-(TRIFLUOROMETHOXY)BIPHENYL-4-YL]AMINO}CARBONYL)CYCLOPENT-1-ENE-1-CARBOXYLIC ACID (DB07975)","0.7850","http://www.drugbank.ca/drugs/DB07975"
"314","6-(4-{(1S,2S)-2-AMINO-1-[(DIMETHYLAMINO)CARBONYL]-3-[(3S)-3-FLUOROPYRROLIDIN-1-YL]-3-OXOPROPYL}PHENYL)-1H-[1,2,4]TRIAZOLO[1,5-A]PYRIDIN-4-IUM (DB08504)","0.7844","http://www.drugbank.ca/drugs/DB08504"
"315","Asimadoline (DB05104)","0.7835","http://www.drugbank.ca/drugs/DB05104"
"316","(4R)-4-(3-HYDROXYPHENYL)-N,N,7,8-TETRAMETHYL-3,4-DIHYDROISOQUINOLINE-2(1H)-CARBOXAMIDE (DB07064)","0.7833","http://www.drugbank.ca/drugs/DB07064"
"317","(3S)-1-(1,3-BENZODIOXOL-5-YLMETHYL)-3-[4-(1H-IMIDAZOL-1-YL)PHENOXY]PIPERIDINE (DB07011)","0.7831","http://www.drugbank.ca/drugs/DB07011"
"318","(S)-2-[(R)-3-amino-4-(2-fluorophenyl)butyryl]-1,2,3,4-tetrahydroisoquinoline-3-carboxamide (DB04578)","0.7825","http://www.drugbank.ca/drugs/DB04578"
"319","1-{(1R,2S)-2-HYDROXY-1-[2-(2-NAPHTHYLOXY)ETHYL]PROPYL}-1H-IMIDAZONE-4-CARBOXAMIDE (DB07785)","0.7823","http://www.drugbank.ca/drugs/DB07785"
"320","Prazosin (DB00457)","0.7822","http://www.drugbank.ca/drugs/DB00457"
"321","N-{(3S,4S)-4-[(6-AMINO-4-METHYLPYRIDIN-2-YL)METHYL]PYRROLIDIN-3-YL}-N'-(4-CHLOROBENZYL)ETHANE-1,2-DIAMINE (DB08018)","0.7820","http://www.drugbank.ca/drugs/DB08018"
"322","N-{(3R,4S)-4-[(6-amino-4-methylpyridin-2-yl)methyl]pyrrolidin-3-yl}-N'-(3-chlorobenzyl)ethane-1,2-diamine (DB08019)","0.7820","http://www.drugbank.ca/drugs/DB08019"
"323","3-(7-DIAMINOMETHYL-NAPHTHALEN-2-YL)-PROPIONIC ACID ETHYL ESTER (DB07639)","0.7819","http://www.drugbank.ca/drugs/DB07639"
"324","(7R,8R)-8-(2,4,5-trifluorophenyl)-6,7,8,9-tetrahydroimidazo[1,2-a:4,5-c']dipyridin-7-amine (DB07021)","0.7818","http://www.drugbank.ca/drugs/DB07021"
"325","Acetophenazine (DB01063)","0.7816","http://www.drugbank.ca/drugs/DB01063"
"326","4,4'[1,6-Hexanediylbis(Oxy)]Bisbenzenecarboximidamide (DB03808)","0.7813","http://www.drugbank.ca/drugs/DB03808"
"327","(4-AMINO-2-{[1-(METHYLSULFONYL)PIPERIDIN-4-YL]AMINO}PYRIMIDIN-5-YL)(2,3-DIFLUORO-6-METHOXYPHENYL)METHANONE (DB08094)","0.7809","http://www.drugbank.ca/drugs/DB08094"
"328","Tadalafil (DB00820)","0.7807","http://www.drugbank.ca/drugs/DB00820"
"329","Avanafil (DB06237)","0.7803","http://www.drugbank.ca/drugs/DB06237"
"330","CRA_10433 (DB03173)","0.7801","http://www.drugbank.ca/drugs/DB03173"
"331","Beta-hydroxyfentanyl (DB01453)","0.7791","http://www.drugbank.ca/drugs/DB01453"
"332","Prochlorperazine (DB00433)","0.7790","http://www.drugbank.ca/drugs/DB00433"
"333","(2S)-2-({6-[(3-AMINO-5-CHLOROPHENYL)AMINO]-9-ISOPROPYL-9H-PURIN-2-YL}AMINO)-3-METHYLBUTAN-1-OL (DB07379)","0.7790","http://www.drugbank.ca/drugs/DB07379"
"334","Thiethylperazine (DB00372)","0.7789","http://www.drugbank.ca/drugs/DB00372"
"335","1-(5-BROMO-PYRIDIN-2-YL)-3-[2-(6-FLUORO-2-HYDROXY-3-PROPIONYL-PHENYL)-CYCLOPROPYL]-UREA (DB07451)","0.7789","http://www.drugbank.ca/drugs/DB07451"
"336","CRA_10991 (DB01771)","0.7785","http://www.drugbank.ca/drugs/DB01771"
"337","N-((1R,2S)-2-(5-CHLORO-1H-INDOLE-2-CARBOXAMIDO)CYCLOHEXYL)-5-METHYL-4,5,6,7-TETRAHYDROTHIAZOLO[5,4-C]PYRIDINE-2-CARBOXAMIDE (DB07629)","0.7784","http://www.drugbank.ca/drugs/DB07629"
"338","N-((1R,2R)-2-(5-CHLORO-1H-INDOLE-2-CARBOXAMIDO)CYCLOHEXYL)-5-METHYL-4,5,6,7-TETRAHYDROTHIAZOLO[5,4-C]PYRIDINE-2-CARBOXAMIDE (DB07630)","0.7784","http://www.drugbank.ca/drugs/DB07630"
"339","1-[2-(3-ACETYL-2-HYDROXY-6-METHOXY-PHENYL)-CYCLOPROPYL]-3-(5-CYANO-PYRIDIN-2-YL)-THIOUREA (DB08212)","0.7783","http://www.drugbank.ca/drugs/DB08212"
"340","Purvalanol (DB02733)","0.7777","http://www.drugbank.ca/drugs/DB02733"
"341","Besifloxacin (DB06771)","0.7763","http://www.drugbank.ca/drugs/DB06771"
"342","Iloperidone (DB04946)","0.7761","http://www.drugbank.ca/drugs/DB04946"
"343","Pirenzepine (DB00670)","0.7754","http://www.drugbank.ca/drugs/DB00670"
"344","2,6-DIMETHYL-1-(3-[3-METHYL-5-ISOXAZOLYL]-PROPANYL)-4-[4-METHYL-2H-TETRAZOL-2-YL]-PHENOL (DB08714)","0.7749","http://www.drugbank.ca/drugs/DB08714"
"345","(6S)-2-amino-6-(3'-methoxybiphenyl-3-yl)-3,6-dimethyl-5,6-dihydropyrimidin-4(3H)-one (DB07874)","0.7746","http://www.drugbank.ca/drugs/DB07874"
"346","N6-METHYL-(R)-ROSCOVITINE, R-2-[6-(BENZYL-METHYL-AMINO)-9-ISOPROPYL-9H-PURIN-2-YLAMINO]-BUTAN-1-OL (DB04776)","0.7744","http://www.drugbank.ca/drugs/DB04776"
"347","METHYL 1-(4-{[(2,4-DIAMINOPTERIDIN-6-YL)METHYL]AMINO}BENZOYL)PIPERIDINE-4-CARBOXYLATE (DB07689)","0.7734","http://www.drugbank.ca/drugs/DB07689"
"348","METHYL 1-(4-{[(2,4-DIAMINOPTERIDIN-6-YL)METHYL](METHYL)AMINO}BENZOYL)PIPERIDINE-4-CARBOXYLATE (DB07765)","0.7725","http://www.drugbank.ca/drugs/DB07765"
"349","Valsartan (DB00177)","0.7724","http://www.drugbank.ca/drugs/DB00177"
"350","Mesoridazine (DB00933)","0.7724","http://www.drugbank.ca/drugs/DB00933"
"351","N-(4-carbamimidoylbenzyl)-1-(3-phenylpropanoyl)-L-prolinamide (DB06942)","0.7711","http://www.drugbank.ca/drugs/DB06942"
"352","1-(CYCLOHEXYLAMINO)-3-(6-METHYL-3,4-DIHYDRO-1H-CARBAZOL-9(2H)-YL)PROPAN-2-OL (DB07061)","0.7709","http://www.drugbank.ca/drugs/DB07061"
"353","D-phenylalanyl-N-(3-fluorobenzyl)-L-prolinamide (DB07027)","0.7708","http://www.drugbank.ca/drugs/DB07027"
"354","Mitoxantrone (DB01204)","0.7708","http://www.drugbank.ca/drugs/DB01204"
"355","OLOMOUCINE II (DB04662)","0.7703","http://www.drugbank.ca/drugs/DB04662"
"356","2-(2-HYDROXYETHYLAMINO)-6-(3-CHLOROANILINO)-9-ISOPROPYLPURINE (DB08325)","0.7702","http://www.drugbank.ca/drugs/DB08325"
"357","Pipazethate (DB08796)","0.7700","http://www.drugbank.ca/drugs/DB08796"
"358","4-(BENZHYDRYLOXY)-1-[3-(1H-TETRAAZOL-5-YL)PROPYL]PIPERIDINE (DB07917)","0.7697","http://www.drugbank.ca/drugs/DB07917"
"359","Domperidone (DB01184)","0.7694","http://www.drugbank.ca/drugs/DB01184"
"360","N'-(5-CHLORO-1,3-BENZODIOXOL-4-YL)-N-(3,4,5- TRIMETHOXYPHENYL)PYRIMIDINE-2,4-DIAMINE (DB07250)","0.7693","http://www.drugbank.ca/drugs/DB07250"
"361","Purvalanol A (DB04751)","0.7684","http://www.drugbank.ca/drugs/DB04751"
"362","Perphenazine (DB00850)","0.7678","http://www.drugbank.ca/drugs/DB00850"
"363","(1S,5S,7R)-N~7~-(BIPHENYL-4-YLMETHYL)-N~3~-HYDROXY-6,8-DIOXA-3-AZABICYCLO[3.2.1]OCTANE-3,7-DICARBOXAMIDE (DB07026)","0.7676","http://www.drugbank.ca/drugs/DB07026"
"364","7-[3-(4-FLUORO-PHENYL)-1-ISOPROPYL-1H-INDOL-2-YL]-3,5-DIHYDROXY-HEPTANOIC ACID (DB06846)","0.7674","http://www.drugbank.ca/drugs/DB06846"
"365","Thioproperazine (DB01622)","0.7671","http://www.drugbank.ca/drugs/DB01622"
"366","(2s,3r)-3-Amino-2-Hydroxy-5-(Ethylsulfanyl)Pentanoyl-((S)-(-)-(1-Naphthyl)Ethyl)Amide (DB04108)","0.7669","http://www.drugbank.ca/drugs/DB04108"
"367","(5S)-5-(3-AMINOPROPYL)-3-(2,5-DIFLUOROPHENYL)-N-ETHYL-5-PHENYL-4,5-DIHYDRO-1H-PYRAZOLE-1-CARBOXAMIDE (DB08250)","0.7667","http://www.drugbank.ca/drugs/DB08250"
"368","Azimilide (DB04957)","0.7663","http://www.drugbank.ca/drugs/DB04957"
"369","6-FLUORO-2-[2-HYDROXY-3-(2-METHYL-CYCLOHEXYLOXY)-PHENYL]-1H-INDOLE-5-CARBOXAMIDINE (DB06856)","0.7656","http://www.drugbank.ca/drugs/DB06856"
"370","CRA_11092 (DB03555)","0.7655","http://www.drugbank.ca/drugs/DB03555"
"371","1-Allyl-3-Butyl-8-(N-Acetyl-4-Aminobenzyl)-Xanthine (DB03267)","0.7653","http://www.drugbank.ca/drugs/DB03267"
"372","(4aS)-5-[(2,4-diaminopteridin-6-yl)methyl]-4a,5-dihydro-2H-dibenzo[b,f]azepin-8-ol (DB08448)","0.7648","http://www.drugbank.ca/drugs/DB08448"
"373","N-butyl-3-{[6-(9H-purin-6-ylamino)hexanoyl]amino}benzamide (DB07801)","0.7647","http://www.drugbank.ca/drugs/DB07801"
"374","D-phenylalanyl-N-(3-methylbenzyl)-L-prolinamide (DB07133)","0.7646","http://www.drugbank.ca/drugs/DB07133"
"375","N'-(6-aminopyridin-3-yl)-N-(2-cyclopentylethyl)-4-methyl-benzene-1,3-dicarboxamide (DB07537)","0.7644","http://www.drugbank.ca/drugs/DB07537"
"376","(6R)-2-amino-6-[2-(3'-methoxybiphenyl-3-yl)ethyl]-3,6-dimethyl-5,6-dihydropyrimidin-4(3H)-one (DB07519)","0.7640","http://www.drugbank.ca/drugs/DB07519"
"377","D-phenylalanyl-N-{4-[amino(iminio)methyl]benzyl}-L-prolinamide (DB07005)","0.7637","http://www.drugbank.ca/drugs/DB07005"
"378","9-Butyl-8-(3-Methoxybenzyl)-9h-Purin-6-Amine (DB03809)","0.7636","http://www.drugbank.ca/drugs/DB03809"
"379","9-Butyl-8-(4-Methoxybenzyl)-9h-Purin-6-Amine (DB03899)","0.7636","http://www.drugbank.ca/drugs/DB03899"
"380","N'-(3-CHLORO-4-METHOXY-PHENYL)-N-(3,4,5-TRIMETHOXYPHENYL)-1,3,5-TRIAZINE-2,4-DIAMINE (DB07251)","0.7634","http://www.drugbank.ca/drugs/DB07251"
"381","Ondansetron (DB00904)","0.7634","http://www.drugbank.ca/drugs/DB00904"
"382","D-phenylalanyl-N-benzyl-L-prolinamide (DB07143)","0.7632","http://www.drugbank.ca/drugs/DB07143"
"383","Doxazosin (DB00590)","0.7630","http://www.drugbank.ca/drugs/DB00590"
"384","N-({(2S)-1-[(3R)-3-AMINO-4-(2-FLUOROPHENYL)BUTANOYL]PYRROLIDIN-2-YL}METHYL)BENZAMIDE (DB07779)","0.7627","http://www.drugbank.ca/drugs/DB07779"
"385","(2S)-1-{[5-(1H-INDAZOL-5-YL)PYRIDIN-3-YL]OXY}-3-[(7AS)-7AH-INDOL-3-YL]PROPAN-2-AMINE (DB06977)","0.7623","http://www.drugbank.ca/drugs/DB06977"
"386","1-[4-(4-chlorophenyl)-1-(7H-pyrrolo[2,3-d]pyrimidin-4-yl)piperidin-4-yl]methanamine (DB08148)","0.7617","http://www.drugbank.ca/drugs/DB08148"
"387","4-[5-(Trans-4-Aminocyclohexylamino)-3-Isopropylpyrazolo[1,5-a]Pyrimidin-7-Ylamino]-N,N-Dimethylbenzenesulfonamide (DB01888)","0.7611","http://www.drugbank.ca/drugs/DB01888"
"388","D-phenylalanyl-N-(3-chlorobenzyl)-L-prolinamide (DB06919)","0.7610","http://www.drugbank.ca/drugs/DB06919"
"389","(METHYLPYRIDAZINE PIPERIDINE ETHYLOXYPHENYL)ETHYLACETATE (DB08012)","0.7608","http://www.drugbank.ca/drugs/DB08012"
"390","2-butoxy-9-(2,6-difluorobenzyl)-N-(2-morpholin-4-ylethyl)-9H-purin-6-amine (DB07937)","0.7606","http://www.drugbank.ca/drugs/DB07937"
"391","Raltegravir (DB06817)","0.7605","http://www.drugbank.ca/drugs/DB06817"
"392","1-(1'-{[3-(methylsulfanyl)-2-benzothiophen-1-yl]carbonyl}spiro[1-benzofuran-3,4'-piperidin]-5-yl)methanamine (DB06848)","0.7603","http://www.drugbank.ca/drugs/DB06848"
"393","(3R,4R)-4-(pyrrolidin-1-ylcarbonyl)-1-(quinoxalin-2-ylcarbonyl)pyrrolidin-3-amine (DB07015)","0.7600","http://www.drugbank.ca/drugs/DB07015"
"394","Almitrine (DB01430)","0.7599","http://www.drugbank.ca/drugs/DB01430"
"395","(2R)-2-{[4-(benzylamino)-8-(1-methylethyl)pyrazolo[1,5-a][1,3,5]triazin-2-yl]amino}butan-1-ol (DB08285)","0.7587","http://www.drugbank.ca/drugs/DB08285"
"396","1-[2-(S)-AMINO-3-BIPHENYL-4-YL-PROPIONYL]-PYRROLIDINE-2-(S)-CARBONITRILE (DB08024)","0.7583","http://www.drugbank.ca/drugs/DB08024"
"397","(4R,5R)-5-AMINO-1-[2-(1,3-BENZODIOXOL-5-YL)ETHYL]-4-(2,4,5-TRIFLUOROPHENYL)PIPERIDIN-2-ONE (DB07830)","0.7580","http://www.drugbank.ca/drugs/DB07830"
"398","Dextromoramide (DB01529)","0.7574","http://www.drugbank.ca/drugs/DB01529"
"399","[PHENYLALANINYL-PROLINYL]-[2-(PYRIDIN-4-YLAMINO)-ETHYL]-AMINE (DB08422)","0.7566","http://www.drugbank.ca/drugs/DB08422"
"400","Vardenafil (DB00862)","0.7539","http://www.drugbank.ca/drugs/DB00862"
"401","Prasugrel (DB06209)","0.7528","http://www.drugbank.ca/drugs/DB06209"
"402","Sitagliptin (DB01261)","0.7519","http://www.drugbank.ca/drugs/DB01261"
"403","Pantoprazole (DB00213)","0.7516","http://www.drugbank.ca/drugs/DB00213"
"404","N~3~-cyclopropyl-N~4~'-(cyclopropylmethyl)-6-methylbiphenyl-3,4'-dicarboxamide (DB07835)","0.7516","http://www.drugbank.ca/drugs/DB07835"
"405","5-(4-PHENOXYPHENYL)-5-(4-PYRIMIDIN-2-YLPIPERAZIN-1-YL)PYRIMIDINE-2,4,6(2H,3H)-TRIONE (DB07117)","0.7497","http://www.drugbank.ca/drugs/DB07117"
"406","Zuclopenthixol acetate (DB08919)","0.7487","http://www.drugbank.ca/drugs/DB08919"
"407","GLYCYLALANYL-N-2-NAPHTHYL-L-PROLINEAMIDE (DB07813)","0.7486","http://www.drugbank.ca/drugs/DB07813"
"408","N~6~-cyclohexyl-N~2~-(4-morpholin-4-ylphenyl)-9H-purine-2,6-diamine (DB07340)","0.7482","http://www.drugbank.ca/drugs/DB07340"
"409","Piboserod (DB04873)","0.7480","http://www.drugbank.ca/drugs/DB04873"
"410","Alfuzosin (DB00346)","0.7479","http://www.drugbank.ca/drugs/DB00346"
"411","2-(4-ETHYLPIPERAZIN-1-YL)-4-(PHENYLAMINO)PYRAZOLO[1,5-A][1,3,5]TRIAZINE-8-CARBONITRILE (DB08360)","0.7479","http://www.drugbank.ca/drugs/DB08360"
"412","O6-(R)-ROSCOVITINE, R-2-(6-BENZYLOXY-9-ISOPROPYL-9H-PURIN-2-YLAMINO)-BUTAN-1-OL (DB04770)","0.7477","http://www.drugbank.ca/drugs/DB04770"
"413","Thiothixene (DB01623)","0.7475","http://www.drugbank.ca/drugs/DB01623"
"414","Haloperidol (DB00502)","0.7472","http://www.drugbank.ca/drugs/DB00502"
"415","1-[5-methyl-2-(trifluoromethyl)furan-3-yl]-3-[(2Z)-5-(2-{[6-(1H-1,2,4-triazol-3-ylamino)pyrimidin-4-yl]amino}ethyl)-1,3-thiazol-2(3H)-ylidene]urea (DB07789)","0.7470","http://www.drugbank.ca/drugs/DB07789"
"416","1-[1'-(3-phenylacryloyl)spiro[1-benzofuran-3,4'-piperidin]-5-yl]methanamine (DB06849)","0.7464","http://www.drugbank.ca/drugs/DB06849"
"417","2[4-BROMO-2-FLUOROPHENYL)METHYL]-6-FLUOROSPIRO[ISOQUINOLINE-4-(1H),3'-PYRROLIDINE]-1,2',3,5'(2H)-TETRONE (DB07450)","0.7462","http://www.drugbank.ca/drugs/DB07450"
"418","Zuclopenthixol (DB01624)","0.7450","http://www.drugbank.ca/drugs/DB01624"
"419","9-Butyl-8-(2,5-Dimethoxy-Benzyl)-2-Fluoro-9h-Purin-6-Ylamine (DB04054)","0.7449","http://www.drugbank.ca/drugs/DB04054"
"420","8-(2,5-Dimethoxy-Benzyl)-2-Fluoro-9-Pent-9h-Purin-6-Ylamine (DB03137)","0.7447","http://www.drugbank.ca/drugs/DB03137"
"421","4-{[4-AMINO-6-(CYCLOHEXYLMETHOXY)-5-NITROSOPYRIMIDIN-2-YL]AMINO}BENZAMIDE (DB08572)","0.7445","http://www.drugbank.ca/drugs/DB08572"
"422","Anileridine (DB00913)","0.7444","http://www.drugbank.ca/drugs/DB00913"
"423","2-[4-(2H-1,4-BENZOTHIAZINE-3-YL)-PIPERAZINE-1-LY]-1,3-THIAZOLE-4-CARBOXYLIC ACID ETHYLESTER (DB08540)","0.7444","http://www.drugbank.ca/drugs/DB08540"
"424","9-Butyl-8-(2,5-Dimethoxy-Benzyl)-9h-Purin-6-Ylamine (DB02359)","0.7432","http://www.drugbank.ca/drugs/DB02359"
"425","Irbesartan (DB01029)","0.7419","http://www.drugbank.ca/drugs/DB01029"
"426","8-Benzo[1,3]Dioxol-,5-Ylmethyl-9-Butyl-2-Fluoro-9h-Purin-6-Ylamine (DB04254)","0.7403","http://www.drugbank.ca/drugs/DB04254"
"427","4-{[5-(CYCLOHEXYLAMINO)[1,2,4]TRIAZOLO[1,5-A]PYRIMIDIN-7-YL]AMINO}BENZENESULFONAMIDE (DB07686)","0.7399","http://www.drugbank.ca/drugs/DB07686"
"428","(1S)-1-CYCLOPROPYL-2-[(2S)-4-(2,5-DIFLUOROPHENYL)-2-PHENYL-2,5-DIHYDRO-1H-PYRROL-1-YL]-2-OXOETHANAMINE (DB08244)","0.7396","http://www.drugbank.ca/drugs/DB08244"
"429","Fenethylline (DB01482)","0.7392","http://www.drugbank.ca/drugs/DB01482"
"430","8-BENZO[1,3]DIOXOL-,5-YLMETHYL-9-BUTYL-9H- (DB08436)","0.7385","http://www.drugbank.ca/drugs/DB08436"
"431","CF-101 (DB05511)","0.7380","http://www.drugbank.ca/drugs/DB05511"
"432","6-amino-2-[(2-morpholin-4-ylethyl)amino]-3,7-dihydro-8H-imidazo[4,5-g]quinazolin-8-one (DB07564)","0.7373","http://www.drugbank.ca/drugs/DB07564"
"433","1-(5-OXO-2,3,5,9B-TETRAHYDRO-1H-PYRROLO[2,1-A]ISOINDOL-9-YL)-3-(5-PYRROLIDIN-2-YL-1H-PYRAZOL-3-YL)-UREA (DB06976)","0.7361","http://www.drugbank.ca/drugs/DB06976"
"434","1-[4-(4-chlorobenzyl)-1-(7H-pyrrolo[2,3-d]pyrimidin-4-yl)piperidin-4-yl]methanamine (DB08149)","0.7359","http://www.drugbank.ca/drugs/DB08149"
"435","2-({8-[(3R)-3-AMINOPIPERIDIN-1-YL]-1,3-DIMETHYL-2,6-DIOXO-1,2,3,6-TETRAHYDRO-7H-PURIN-7-YL}METHYL)BENZONITRILE (DB08743)","0.7357","http://www.drugbank.ca/drugs/DB08743"
"436","4-({5-[(4-AMINOCYCLOHEXYL)AMINO][1,2,4]TRIAZOLO[1,5-A]PYRIMIDIN-7-YL}AMINO)BENZENESULFONAMIDE (DB07687)","0.7351","http://www.drugbank.ca/drugs/DB07687"
"437","Mercaptocarboxylate Inhibitor (DB02706)","0.7341","http://www.drugbank.ca/drugs/DB02706"
"438","7-BENZYL-1,3-DIMETHYL-8-PIPERAZIN-1-YL-3,7-DIHYDRO-PURINE-2,6-DIONE (DB08530)","0.7317","http://www.drugbank.ca/drugs/DB08530"
"439","Voriconazole (DB00582)","0.7273","http://www.drugbank.ca/drugs/DB00582"
"440","Lisuride (DB00589)","0.7260","http://www.drugbank.ca/drugs/DB00589"
"441","N-{3-[5-(6-Amino-Purin-9-Yl)-3,4-Dihydroxy-Tetrahydro-Furan-2-Yl]-Allyl}-2,3-Dihydroxy-5-Nitro-Benzamide (DB03907)","0.7259","http://www.drugbank.ca/drugs/DB03907"
"442","Bortezomib (DB00188)","0.7255","http://www.drugbank.ca/drugs/DB00188"
"443","N-[(1R)-1-(DIHYDROXYBORYL)-3-METHYLBUTYL]-N-(PYRAZIN-2-YLCARBONYL)-L-PHENYLALANINAMIDE (DB07475)","0.7255","http://www.drugbank.ca/drugs/DB07475"
"444","Paroxetine (DB00715)","0.7247","http://www.drugbank.ca/drugs/DB00715"
"445","Ergonovine (DB01253)","0.7224","http://www.drugbank.ca/drugs/DB01253"
"446","[4-({4-[(5-CYCLOPROPYL-1H-PYRAZOL-3-YL)AMINO]QUINAZOLIN-2-YL}IMINO)CYCLOHEXA-2,5-DIEN-1-YL]ACETONITRILE (DB07853)","0.7216","http://www.drugbank.ca/drugs/DB07853"
"447","methyl (1R,2S)-2-(hydroxycarbamoyl)-1-{4-[(2-methylquinolin-4-yl)methoxy]benzyl}cyclopropanecarboxylate (DB07147)","0.7215","http://www.drugbank.ca/drugs/DB07147"
"448","Gemifloxacin (DB01155)","0.7215","http://www.drugbank.ca/drugs/DB01155"
"449","TC-5619 (DB06090)","0.7213","http://www.drugbank.ca/drugs/DB06090"
"450","8-(6-BROMO-BENZO[1,3]DIOXOL-5-YLSULFANYL)-9-(3-ISOPROPYLAMINO-PROPYL)-ADENINE (DB07877)","0.7195","http://www.drugbank.ca/drugs/DB07877"
"451","4-{[5-(CYCLOHEXYLOXY)[1,2,4]TRIAZOLO[1,5-A]PYRIMIDIN-7-YL]AMINO}BENZENESULFONAMIDE (DB07688)","0.7186","http://www.drugbank.ca/drugs/DB07688"
"452","Terazosin (DB01162)","0.7138","http://www.drugbank.ca/drugs/DB01162"
"453","5-(5-(4-(5-HYDRO-4-METHYL-2-OXAZOLYL)PHENOXY)PENTYL)-3-METHYL ISOXAZOLE (DB08724)","0.7128","http://www.drugbank.ca/drugs/DB08724"
"454","ONO-6818 (DB03925)","0.7125","http://www.drugbank.ca/drugs/DB03925"
"455","Lysergic Acid Diethylamide (DB04829)","0.7111","http://www.drugbank.ca/drugs/DB04829"
"456","9-Butyl-8-(3,4,5-Trimethoxybenzyl)-9h-Purin-6-Amine (DB02754)","0.7096","http://www.drugbank.ca/drugs/DB02754"
"457","Pralatrexate (DB06813)","0.7095","http://www.drugbank.ca/drugs/DB06813"
"458","8-(2-Chloro-3,4,5-Trimethoxy-Benzyl)-2-Fluoro-9-Pent-4-Ylnyl-9h-Purin-6-Ylamine (DB02550)","0.7080","http://www.drugbank.ca/drugs/DB02550"
"459","6-methyl-5-[3-methyl-3-(3,4,5-trimethoxyphenyl)but-1-yn-1-yl]pyrimidine-2,4-diamine (DB07153)","0.7079","http://www.drugbank.ca/drugs/DB07153"
"460","2-(CYCLOHEXYLMETHYLAMINO)-4-(PHENYLAMINO)PYRAZOLO[1,5-A][1,3,5]TRIAZINE-8-CARBONITRILE (DB08353)","0.7063","http://www.drugbank.ca/drugs/DB08353"
"461","8-(2-Chloro-3,4,5-Trimethoxy-Benzyl)-9-Pent-4-Ylnyl-9h-Purin-6-Ylamine (DB04505)","0.7060","http://www.drugbank.ca/drugs/DB04505"
"462","9-Butyl-8-(2-Chloro-3,4,5-Trimethoxy-Benzyl)-9h-Purin-6-Ylamine (DB03504)","0.7056","http://www.drugbank.ca/drugs/DB03504"
"463","4-(6-CYCLOHEXYLMETHOXY-9H-PURIN-2-YLAMINO)--BENZAMIDE (DB08241)","0.7055","http://www.drugbank.ca/drugs/DB08241"
"464","Methylergometrine (DB00353)","0.7052","http://www.drugbank.ca/drugs/DB00353"
"465","N-[2-(1,3-BENZODIOXOL-5-YL)ETHYL]-1-[2-(1H-IMIDAZOL-1-YL)-6-METHYLPYRIMIDIN-4-YL]-D-PROLINAMIDE (DB06916)","0.7049","http://www.drugbank.ca/drugs/DB06916"
"466","Paliperidone (DB01267)","0.7025","http://www.drugbank.ca/drugs/DB01267"
"467","(2R,3R,4S,5R)-2-[6-amino-8-[(3,4-dichlorophenyl)methylamino]purin-9-yl]-5-(hydroxymethyl)oxolane-3,4-diol (DB07045)","0.7005","http://www.drugbank.ca/drugs/DB07045"
"468","Disopyramide (DB00280)","0.6967","http://www.drugbank.ca/drugs/DB00280"
"469","2,5-bis-o-{3-[amino(imino)methyl]phenyl}-1,4:3,6-dianhydro-d-glucitol (DB04790)","0.6964","http://www.drugbank.ca/drugs/DB04790"
"470","2-O-(4'-AMIDINOPHENYL)-5-O-(3''-AMIDINOPHENYL)-1,4:3,6-DIANHYDRO-D-SORBITOL (DB04791)","0.6964","http://www.drugbank.ca/drugs/DB04791"
"471","2,5-O,O-BIS-{4',4''-AMIDINOPHENYL}-1,4:3,6-DIANHYDRO-D-SORBITOL (DB04792)","0.6964","http://www.drugbank.ca/drugs/DB04792"
"472","2-O-(3'-AMIDINOPHENYL)-5-O-(4''-AMIDINOPHENYL}-1,4:3,6-DIANHYDRO-D-SORBITOL (DB04793)","0.6964","http://www.drugbank.ca/drugs/DB04793"
"473","(2R)-4-[(8R)-8-METHYL-2-(TRIFLUOROMETHYL)-5,6-DIHYDRO[1,2,4]TRIAZOLO[1,5-A]PYRAZIN-7(8H)-YL]-4-OXO-1-(2,4,5-TRIFLUOROPHENYL)BUTAN-2-AMINE (DB07081)","0.6962","http://www.drugbank.ca/drugs/DB07081"
"474","(1S,6R)-3-{[3-(TRIFLUOROMETHYL)-5,6-DIHYDRO[1,2,4]TRIAZOLO[4,3-A]PYRAZIN-7(8H)-YL]CARBONYL}-6-(2,4,5-TRIFLUOROPHENYL)CYCLOHEX-3-EN-1-AMINE (DB08044)","0.6870","http://www.drugbank.ca/drugs/DB08044"
"475","5-(7-(4-(4,5-DIHYDRO-2-OXAZOLYL)PHENOXY)HEPTYL)-3-METHYL ISOXAZOLE (DB08726)","0.6866","http://www.drugbank.ca/drugs/DB08726"
"476","7-amino-2-tert-butyl-4-(4-pyrimidin-2-ylpiperazin-1-yl)pyrido[2,3-d]pyrimidine-6-carboxamide (DB07043)","0.6845","http://www.drugbank.ca/drugs/DB07043"
"477","2-ANILINO-6-CYCLOHEXYLMETHOXYPURINE (DB06948)","0.6834","http://www.drugbank.ca/drugs/DB06948"
"478","4-{[5-(CYCLOHEXYLMETHOXY)[1,2,4]TRIAZOLO[1,5-A]PYRIMIDIN-7-YL]AMINO}BENZENESULFONAMIDE (DB07685)","0.6823","http://www.drugbank.ca/drugs/DB07685"
"479","6-CYCLOHEXYLMETHOXY-2-(3'-CHLOROANILINO) PURINE (DB07203)","0.6805","http://www.drugbank.ca/drugs/DB07203"
"480","6-CYCLOHEXYLMETHYLOXY-2-(4'-HYDROXYANILINO)PURINE (DB08233)","0.6782","http://www.drugbank.ca/drugs/DB08233"
"481","7-amino-2-tert-butyl-4-{[2-(1H-imidazol-4-yl)ethyl]amino}pyrido[2,3-d]pyrimidine-6-carboxamide (DB07042)","0.6726","http://www.drugbank.ca/drugs/DB07042"
"482","O6-CYCLOHEXYLMETHOXY-2-(4'-SULPHAMOYLANILINO) PURINE (DB07126)","0.6711","http://www.drugbank.ca/drugs/DB07126"
"483","3-(6-CYCLOHEXYLMETHOXY-9H-PURIN-2-YLAMINO)-BENZENESULFONAMIDE (DB08248)","0.6711","http://www.drugbank.ca/drugs/DB08248"
"484","Quinine (DB00468)","0.6710","http://www.drugbank.ca/drugs/DB00468"
"485","Quinidine (DB00908)","0.6710","http://www.drugbank.ca/drugs/DB00908"
"486","5-[[(2R)-2-cyclopropyl-7,8-dimethoxy-2H-chromen-5-yl]methyl]pyrimidine-2,4-diamine (DB08741)","0.6663","http://www.drugbank.ca/drugs/DB08741"
"487","(3AS,4R,9BR)-2,2-DIFLUORO-4-(4-HYDROXYPHENYL)-1,2,3,3A,4,9B-HEXAHYDROCYCLOPENTA[C]CHROMEN-8-OL (DB07638)","0.6639","http://www.drugbank.ca/drugs/DB07638"
"488","(1S,2R,5S)-5-[3-(TRIFLUOROMETHYL)-5,6-DIHYDRO[1,2,4]TRIAZOLO[4,3-A]PYRAZIN-7(8H)-YL]-2-(2,4,5-TRIFLUOROPHENYL)CYCLOHEXANAMINE (DB07072)","0.6610","http://www.drugbank.ca/drugs/DB07072"
"489","2-{4-[(4-imidazo[1,2-a]pyridin-3-ylpyrimidin-2-yl)amino]piperidin-1-yl}-N-methylacetamide (DB08026)","0.6573","http://www.drugbank.ca/drugs/DB08026"
"490","Granisetron (DB00889)","0.6571","http://www.drugbank.ca/drugs/DB00889"
"491","N-cyclohexyl-4-imidazo[1,2-a]pyridin-3-yl-N-methylpyrimidin-2-amine (DB08023)","0.6366","http://www.drugbank.ca/drugs/DB08023"
"492","5-[[(2R)-2-cyclopropyl-7,8-dimethoxy-chroman-5-yl]methyl]pyrimidine-2,4-diamine (DB07938)","0.6260","http://www.drugbank.ca/drugs/DB07938"
"493","Ruxolitinib (DB08877)","0.6218","http://www.drugbank.ca/drugs/DB08877"
"494","2-[Trans-(4-Aminocyclohexyl)Amino]-6-(Benzyl-Amino)-9-Cyclopentylpurine (DB04288)","0.6208","http://www.drugbank.ca/drugs/DB04288"
"495","Eszopiclone (DB00402)","0.6077","http://www.drugbank.ca/drugs/DB00402"
"496","Zopiclone (DB01198)","0.6077","http://www.drugbank.ca/drugs/DB01198"
"497","Cilostazol (DB01166)","0.5902","http://www.drugbank.ca/drugs/DB01166"
"498","Oxyphencyclimine (DB00383)","0.5781","http://www.drugbank.ca/drugs/DB00383"
"499","RWJ-51084 (DB03251)","0.5591","http://www.drugbank.ca/drugs/DB03251"
"500","Regadenoson (DB06213)","0.4913","http://www.drugbank.ca/drugs/DB06213"
