"","DrugBank Compound (Name, ID)","Similarity to ","Link"
"1","Gefitinib (DB00317)","0.9515","http://www.drugbank.ca/drugs/DB00317"
"2","Terazosin (DB01162)","0.9498","http://www.drugbank.ca/drugs/DB01162"
"3","CI-1033 (DB05424)","0.9496","http://www.drugbank.ca/drugs/DB05424"
"4","Doxazosin (DB00590)","0.9448","http://www.drugbank.ca/drugs/DB00590"
"5","Prazosin (DB00457)","0.9425","http://www.drugbank.ca/drugs/DB00457"
"6","MLN-518 (DB05465)","0.9411","http://www.drugbank.ca/drugs/DB05465"
"7","Alfuzosin (DB00346)","0.9409","http://www.drugbank.ca/drugs/DB00346"
"8","N-{2-[6-(2,4-DIAMINO-6-ETHYLPYRIMIDIN-5-YL)-2,2-DIMETHYL-3-OXO-2,3-DIHYDRO-4H-1,4-BENZOXAZIN-4-YL]ETHYL}ACETAMIDE (DB07059)","0.9403","http://www.drugbank.ca/drugs/DB07059"
"9","4-{2-[4-(2-Aminoethyl)Piperazin-1-Yl]Pyridin-4-Yl}-N-(3-Chloro-4-Methylphenyl)Pyrimidin-2-Amine (DB03916)","0.9392","http://www.drugbank.ca/drugs/DB03916"
"10","N-cyclopropyl-4-methyl-3-{2-[(2-morpholin-4-ylethyl)amino]quinazolin-6-yl}benzamide (DB08351)","0.9373","http://www.drugbank.ca/drugs/DB08351"
"11","6-(2,4-DIAMINO-6-ETHYLPYRIMIDIN-5-YL)-4-(3-METHOXYPROPYL)-2,2-DIMETHYL-2H-1,4-BENZOXAZIN-3(4H)-ONE (DB07174)","0.9367","http://www.drugbank.ca/drugs/DB07174"
"12","Etonitazene (DB01462)","0.9360","http://www.drugbank.ca/drugs/DB01462"
"13","5-[4-(DIMETHYLAMINO)PHENYL]-6-[(6-MORPHOLIN-4-YLPYRIDIN-3-YL)ETHYNYL]PYRIMIDIN-4-AMINE (DB07280)","0.9355","http://www.drugbank.ca/drugs/DB07280"
"14","4-[4-(1-Amino-1-Methylethyl)Phenyl]-5-Chloro-N-[4-(2-Morpholin-4-Ylethyl)Phenyl]Pyrimidin-2-Amine (DB02491)","0.9354","http://www.drugbank.ca/drugs/DB02491"
"15","Quetiapine (DB01224)","0.9323","http://www.drugbank.ca/drugs/DB01224"
"16","10-Propargyl-5,8-Dideazafolic Acid (DB03541)","0.9307","http://www.drugbank.ca/drugs/DB03541"
"17","6,7-DIMETHOXY-4-[(3R)-3-(QUINOXALIN-2-YLOXY)PYRROLIDIN-1-YL]QUINAZOLINE (DB08391)","0.9306","http://www.drugbank.ca/drugs/DB08391"
"18","5-{[1-(2-fluorobenzyl)piperidin-4-yl]methoxy}quinazoline-2,4-diamine (DB07642)","0.9299","http://www.drugbank.ca/drugs/DB07642"
"19","Afatinib (DB08916)","0.9290","http://www.drugbank.ca/drugs/DB08916"
"20","4-{[5-chloro-4-(1H-indol-3-yl)pyrimidin-2-yl]amino}-N-ethylpiperidine-1-carboxamide (DB08005)","0.9284","http://www.drugbank.ca/drugs/DB08005"
"21","Ketoconazole (DB01026)","0.9270","http://www.drugbank.ca/drugs/DB01026"
"22","Astemizole (DB00637)","0.9248","http://www.drugbank.ca/drugs/DB00637"
"23","(3S)-1-(1,3-BENZODIOXOL-5-YLMETHYL)-3-[4-(1H-IMIDAZOL-1-YL)PHENOXY]PIPERIDINE (DB07011)","0.9243","http://www.drugbank.ca/drugs/DB07011"
"24","Delavirdine (DB00705)","0.9235","http://www.drugbank.ca/drugs/DB00705"
"25","Bosutinib (DB06616)","0.9231","http://www.drugbank.ca/drugs/DB06616"
"26","5-{[1-(2,3-dichlorobenzyl)piperidin-4-yl]methoxy}quinazoline-2,4-diamine (DB07643)","0.9219","http://www.drugbank.ca/drugs/DB07643"
"27","Vandetanib (DB05294)","0.9214","http://www.drugbank.ca/drugs/DB05294"
"28","N-(1-ISOPROPYLPIPERIDIN-4-YL)-1-(3-METHOXYBENZYL)-1H-INDOLE-2-CARBOXAMIDE (DB07973)","0.9213","http://www.drugbank.ca/drugs/DB07973"
"29","(2S)-6-(2,4-DIAMINO-6-ETHYLPYRIMIDIN-5-YL)-2-(3,5-DIFLUOROPHENYL)-4-(3-METHOXYPROPYL)-2H-1,4-BENZOXAZIN-3(4H)-ONE (DB07113)","0.9203","http://www.drugbank.ca/drugs/DB07113"
"30","(13R,15S)-13-METHYL-16-OXA-8,9,12,22,24-PENTAAZAHEXACYCLO[15.6.2.16,9.1,12,15.0,2,7.0,21,25]HEPTACOSA-1(24),2,4,6,17(25),18,20-HEPTAENE-23,26-DIONE (DB06888)","0.9203","http://www.drugbank.ca/drugs/DB06888"
"31","Terconazole (DB00251)","0.9193","http://www.drugbank.ca/drugs/DB00251"
"32","N-Naphthalen-1-Ylmethyl-2'-[3,5-Dimethoxybenzamido]-2'-Deoxy-Adenosine (DB03331)","0.9191","http://www.drugbank.ca/drugs/DB03331"
"33","Moricizine (DB00680)","0.9190","http://www.drugbank.ca/drugs/DB00680"
"34","N-(5-chloro-1,3-benzodioxol-4-yl)-6-methoxy-7-(3-piperidin-1-ylpropoxy)quinazolin-4-amine (DB07249)","0.9183","http://www.drugbank.ca/drugs/DB07249"
"35","Quinacrine (DB01103)","0.9182","http://www.drugbank.ca/drugs/DB01103"
"36","Bopindolol (DB08807)","0.9181","http://www.drugbank.ca/drugs/DB08807"
"37","1-(5-Tert-Butyl-2-P-Tolyl-2h-Pyrazol-3-Yl)-3-[4-(2-Morpholin-4-Yl-Ethoxy)-Naphthalen-1-Yl]-Urea (DB03044)","0.9163","http://www.drugbank.ca/drugs/DB03044"
"38","Tadalafil (DB00820)","0.9162","http://www.drugbank.ca/drugs/DB00820"
"39","Avanafil (DB06237)","0.9157","http://www.drugbank.ca/drugs/DB06237"
"40","1-ethyl-N-(phenylmethyl)-4-(tetrahydro-2H-pyran-4-ylamino)-1H-pyrazolo[3,4-b]pyridine-5-carboxamide (DB06909)","0.9155","http://www.drugbank.ca/drugs/DB06909"
"41","Pipazethate (DB08796)","0.9139","http://www.drugbank.ca/drugs/DB08796"
"42","3-FLUORO-5-MORPHOLIN-4-YL-N-[1-(2-PYRIDIN-4-YLETHYL)-1H-INDOL-6-YL]BENZAMIDE (DB08730)","0.9128","http://www.drugbank.ca/drugs/DB08730"
"43","6-ETHYL-5-[(2S)-1-(3-METHOXYPROPYL)-2-PHENYL-1,2,3,4-TETRAHYDROQUINOLIN-7-YL]PYRIMIDINE-2,4-DIAMINE (DB08099)","0.9122","http://www.drugbank.ca/drugs/DB08099"
"44","Ranolazine (DB00243)","0.9110","http://www.drugbank.ca/drugs/DB00243"
"45","(3R,4S)-1-[(4-amino-5H-pyrrolo[3,2-d]pyrimidin-7-yl)methyl]-4-[(benzylsulfanyl)methyl]pyrrolidin-3-ol (DB07649)","0.9109","http://www.drugbank.ca/drugs/DB07649"
"46","1-{2-[(4-CHLOROPHENYL)AMINO]-2-OXOETHYL}-N-(1-ISOPROPYLPIPERIDIN-4-YL)-1H-INDOLE-2-CARBOXAMIDE (DB07974)","0.9107","http://www.drugbank.ca/drugs/DB07974"
"47","3-FLUORO-5-MORPHOLIN-4-YL-N-[3-(2-PYRIDIN-4-YLETHYL)-1H-INDOL-5-YL]BENZAMIDE (DB08091)","0.9107","http://www.drugbank.ca/drugs/DB08091"
"48","4-BROMO-2-FLUORO-N-[(4E)-6-METHOXY-7-[(1-METHYLPIPERIDIN-4-YL)METHOXY]QUINAZOLIN-4(1H)-YLIDENE]ANILINE (DB08764)","0.9103","http://www.drugbank.ca/drugs/DB08764"
"49","2-{4-[5-(4-chlorophenyl)-4-pyrimidin-4-yl-1H-pyrazol-3-yl]piperidin-1-yl}-2-oxoethanol (DB07943)","0.9098","http://www.drugbank.ca/drugs/DB07943"
"50","Acetophenazine (DB01063)","0.9097","http://www.drugbank.ca/drugs/DB01063"
"51","6-[3-(4-Morpholinyl)Propyl]-2-(3-Nitrophenyl)-5-Thioxo-5,6,-Dihydro-7h-Thienol[2',3':4,5]Pyrrolo[1,2-C]Imidazol-7-One (DB03507)","0.9092","http://www.drugbank.ca/drugs/DB03507"
"52","2-({5-CHLORO-2-[(2-METHOXY-4-MORPHOLIN-4-YLPHENYL)AMINO]PYRIMIDIN-4-YL}AMINO)-N-METHYLBENZAMIDE (DB07460)","0.9087","http://www.drugbank.ca/drugs/DB07460"
"53","(2R,4R)-N~1~-(4-CHLOROPHENYL)-N~2~-[2-FLUORO-4-(2-OXOPYRIDIN-1(2H)-YL)PHENYL]-4-METHOXYPYRROLIDINE-1,2-DICARBOXAMIDE (DB06920)","0.9085","http://www.drugbank.ca/drugs/DB06920"
"54","Sertindole (DB06144)","0.9085","http://www.drugbank.ca/drugs/DB06144"
"55","4-(2-{[4-{[3-(4-Chlorophenyl)Propyl]Sulfanyl}-6-(1-Piperazinyl)-1,3,5-Triazin-2-Yl]Amino}Ethyl)Phenol (DB04020)","0.9083","http://www.drugbank.ca/drugs/DB04020"
"56","CP-526423 (DB02089)","0.9080","http://www.drugbank.ca/drugs/DB02089"
"57","(2S)-1-{4-[(4-ANILINO-5-BROMOPYRIMIDIN-2-YL)AMINO]PHENOXY}-3-(DIMETHYLAMINO)PROPAN-2-OL (DB07501)","0.9075","http://www.drugbank.ca/drugs/DB07501"
"58","(2R)-1-{4-[(4-ANILINO-5-BROMOPYRIMIDIN-2-YL)AMINO]PHENOXY}-3-(DIMETHYLAMINO)PROPAN-2-OL (DB07504)","0.9075","http://www.drugbank.ca/drugs/DB07504"
"59","5-Chloro-thiophene-2-carboxylic acid ((3S,4S)-1-{[2-fluoro-4-(2-oxo-2H-pyridin-1-yl)-phenylcarbamoyl]-methyl}-4-hydroxy-pyrrolidin-3-yl)-amide (DB07875)","0.9073","http://www.drugbank.ca/drugs/DB07875"
"60","5-Chloro-1h-Indole-2-Carboxylic Acid [1-(4-Fluorobenzyl)-2-(4-Hydroxypiperidin-1yl)-2-Oxoethyl]Amide (DB03383)","0.9069","http://www.drugbank.ca/drugs/DB03383"
"61","2-{4-[4-({4-[2-methyl-1-(1-methylethyl)-1H-imidazol-5-yl]pyrimidin-2-yl}amino)phenyl]piperazin-1-yl}-2-oxoethanol (DB07982)","0.9064","http://www.drugbank.ca/drugs/DB07982"
"62","Cisapride (DB00604)","0.9055","http://www.drugbank.ca/drugs/DB00604"
"63","ZK-806711 (DB03373)","0.9054","http://www.drugbank.ca/drugs/DB03373"
"64","5-(4-PHENOXYPHENYL)-5-(4-PYRIMIDIN-2-YLPIPERAZIN-1-YL)PYRIMIDINE-2,4,6(2H,3H)-TRIONE (DB07117)","0.9053","http://www.drugbank.ca/drugs/DB07117"
"65","Vilazodone (DB06684)","0.9052","http://www.drugbank.ca/drugs/DB06684"
"66","Nefazodone (DB01149)","0.9052","http://www.drugbank.ca/drugs/DB01149"
"67","Perphenazine (DB00850)","0.9050","http://www.drugbank.ca/drugs/DB00850"
"68","Bepridil (DB01244)","0.9039","http://www.drugbank.ca/drugs/DB01244"
"69","4-[(2-{4-[(CYCLOPROPYLCARBAMOYL)AMINO]-1H-PYRAZOL-3-YL}-1H-BENZIMIDAZOL-6-YL)METHYL]MORPHOLIN-4-IUM (DB08067)","0.9037","http://www.drugbank.ca/drugs/DB08067"
"70","N-(4-{[(3S)-3-(dimethylamino)pyrrolidin-1-yl]carbonyl}phenyl)-5-fluoro-4-[2-methyl-1-(1-methylethyl)-1H-imidazol-5-yl]pyrimidin-2-amine (DB07936)","0.9018","http://www.drugbank.ca/drugs/DB07936"
"71","Cp403700, (S)-1-{2-[(5-Chloro-1h-Indole-2-Carbonyl)-Amino]-3-Phenyl-Propionyl}-Azetidine-3-Carboxylate (DB03744)","0.9016","http://www.drugbank.ca/drugs/DB03744"
"72","1-(DIMETHYLAMINO)-3-(4-{{4-(2-METHYLIMIDAZO[1,2-A]PYRIDIN-3-YL)PYRIMIDIN-2-YL]AMINO}PHENOXY)PROPAN-2-OL (DB07889)","0.9015","http://www.drugbank.ca/drugs/DB07889"
"73","4-[(3S)-1-AZABICYCLO[2.2.2]OCT-3-YLAMINO]-3-(1H-BENZIMIDAZOL-2-YL)-6-CHLOROQUINOLIN-2(1H)-ONE (DB06852)","0.9015","http://www.drugbank.ca/drugs/DB06852"
"74","N-1,2,3,4-Tetrahydronaphth-1-Yl-2'-[3,5-Dimethoxybenzamido]-2'-Deoxy-Adenosine (DB04477)","0.9011","http://www.drugbank.ca/drugs/DB04477"
"75","Diltiazem (DB00343)","0.9007","http://www.drugbank.ca/drugs/DB00343"
"76","3-[3-(4-methylpiperazin-1-yl)-7-(trifluoromethyl)quinoxalin-5-yl]phenol (DB07969)","0.9003","http://www.drugbank.ca/drugs/DB07969"
"77","1-Acetyl-4-(4-{4-[(2-Ethoxyphenyl)Thio]-3-Nitrophenyl}Pyridin-2-Yl)Piperazine (DB02177)","0.9000","http://www.drugbank.ca/drugs/DB02177"
"78","Sildenafil (DB00203)","0.8999","http://www.drugbank.ca/drugs/DB00203"
"79","3-(2-CHLOROPHENYL)-1-(2-{[(1S)-2-HYDROXY-1,2-DIMETHYLPROPYL]AMINO}PYRIMIDIN-4-YL)-1-(4-METHOXYPHENYL)UREA (DB08095)","0.8998","http://www.drugbank.ca/drugs/DB08095"
"80","(2R)-1-[4-({4-[(2,5-DICHLOROPHENYL)AMINO]PYRIMIDIN-2-YL}AMINO)PHENOXY]-3-(DIMETHYLAMINO)PROPAN-2-OL (DB07750)","0.8993","http://www.drugbank.ca/drugs/DB07750"
"81","(2S)-1-[4-({4-[(2,5-DICHLOROPHENYL)AMINO]PYRIMIDIN-2-YL}AMINO)PHENOXY]-3-(DIMETHYLAMINO)PROPAN-2-OL (DB07755)","0.8993","http://www.drugbank.ca/drugs/DB07755"
"82","Furo[2,3d]Pyrimidine Antifolate (DB02026)","0.8989","http://www.drugbank.ca/drugs/DB02026"
"83","N-{(1s)-4-[Bis(2-Chloroethyl)Amino]-1-Methylbutyl}-N-(6-Chloro-2-Methoxy-9-Acridinyl)Amine (DB02240)","0.8987","http://www.drugbank.ca/drugs/DB02240"
"84","Erlotinib (DB00530)","0.8983","http://www.drugbank.ca/drugs/DB00530"
"85","Topotecan (DB01030)","0.8982","http://www.drugbank.ca/drugs/DB01030"
"86","N-[4-CHLORO-3-(PYRIDIN-3-YLOXYMETHYL)-PHENYL]-3-FLUORO- (DB08068)","0.8981","http://www.drugbank.ca/drugs/DB08068"
"87","N'-(5-CHLORO-1,3-BENZODIOXOL-4-YL)-N-(3-MORPHOLIN-4-YLPHENYL)PYRIMIDINE-2,4-DIAMINE (DB07255)","0.8977","http://www.drugbank.ca/drugs/DB07255"
"88","4-(4-METHYLPIPERAZIN-1-YL)-N-[5-(2-THIENYLACETYL)-1,5-DIHYDROPYRROLO[3,4-C]PYRAZOL-3-YL]BENZAMIDE (DB07186)","0.8974","http://www.drugbank.ca/drugs/DB07186"
"89","(S)-2-CHLORO-N-(1-(2-(2-HYDROXYETHYLAMINO)-2-OXOETHYL)-2-OXO-1,2,3,4-TETRAHYDROQUINOLIN-3-YL)-6H-THIENO[2,3-B]PYRROLE-5-CARBOXAMIDE (DB07792)","0.8961","http://www.drugbank.ca/drugs/DB07792"
"90","5-chloro-N-[(3R)-1-(2-{[2-fluoro-4-(2-oxopyridin-1(2H)-yl)phenyl]amino}-2-oxoethyl)pyrrolidin-3-yl]thiophene-2-carboxamide (DB07872)","0.8956","http://www.drugbank.ca/drugs/DB07872"
"91","N-(5-CHLORO-BENZO[B]THIOPHEN-3-YLMETHYL)-2-[6-CHLORO-OXO-3-(2-PYRIDIN-2-YL-ETHYLAMINO)-2H-PYRAZIN-1-YL]-ACETAMIDE (DB07165)","0.8951","http://www.drugbank.ca/drugs/DB07165"
"92","N-[2-(2,4-diaminopyrido[2,3-d]pyrimidin-7-yl)-2-methylpropyl]-4-phenoxybenzamide (DB07041)","0.8949","http://www.drugbank.ca/drugs/DB07041"
"93","2-{2-[(3,5-dimethylphenyl)amino]pyrimidin-4-yl}-N-[(1S)-2-hydroxy-1-methylethyl]-4-methyl-1,3-thiazole-5-carboxamide (DB07194)","0.8946","http://www.drugbank.ca/drugs/DB07194"
"94","1-(3-HYDROXYPROPYL)-2-[(3-NITROBENZOYL)AMINO]-1H-BENZIMIDAZOL-5-YL PIVALATE (DB08590)","0.8944","http://www.drugbank.ca/drugs/DB08590"
"95","3-[(Acetyl-Methyl-Amino)-Methyl]-4-Amino-N-Methyl-N-(1-Methyl-1h-Indol-2-Ylmethyl)-Benzamide (DB03534)","0.8944","http://www.drugbank.ca/drugs/DB03534"
"96","Temafloxacin (DB01405)","0.8941","http://www.drugbank.ca/drugs/DB01405"
"97","2-Phenyl-1-[4-(2-Piperidin-1-Yl-Ethoxy)-Phenyl]-1,2,3,4-Tetrahydro-Isoquinolin-6-Ol (DB04471)","0.8940","http://www.drugbank.ca/drugs/DB04471"
"98","Thiethylperazine (DB00372)","0.8938","http://www.drugbank.ca/drugs/DB00372"
"99","3-(1H-INDOL-3-YL)-4-(1-{2-[(2S)-1-METHYLPYRROLIDINYL]ETHYL}-1H-INDOL-3-YL)-1H-PYRROLE-2,5-DIONE (DB07456)","0.8929","http://www.drugbank.ca/drugs/DB07456"
"100","3-(1H-INDOL-3-YL)-4-{1-[2-(1-METHYLPYRROLIDIN-2-YL)ETHYL]-1H-INDOL-3-YL}-1H-PYRROLE-2,5-DIONE (DB07458)","0.8929","http://www.drugbank.ca/drugs/DB07458"
"101","2,4-Diamino-5-Methyl-6-[(3,4,5-Trimethoxy-N-Methylanilino)Methyl]Pyrido[2,3-D]Pyrimidine (DB02104)","0.8927","http://www.drugbank.ca/drugs/DB02104"
"102","Cis-[4,5-Bis-(4-Bromophenyl)-2-(2-Ethoxy-4-Methoxyphenyl)-4,5-Dihydroimidazol-1-Yl]-[4-(2-Hydroxyethyl)Piperazin-1-Yl]Methanone (DB02872)","0.8926","http://www.drugbank.ca/drugs/DB02872"
"103","2-butoxy-9-(2,6-difluorobenzyl)-N-(2-morpholin-4-ylethyl)-9H-purin-6-amine (DB07937)","0.8926","http://www.drugbank.ca/drugs/DB07937"
"104","(S)-2-((S)-3-ISOBUTYL-2,5-DIOXO-4-QUINOLIN-3-YLMETHYL-[1,4]DIAZEPAN-1YL)-N-METHYL-3-NAPHTALEN-2-YL-PROPIONAMIDE (DB04724)","0.8925","http://www.drugbank.ca/drugs/DB04724"
"105","4-chloro-6-{5-[(2-morpholin-4-ylethyl)amino]-1,2-benzisoxazol-3-yl}benzene-1,3-diol (DB07601)","0.8918","http://www.drugbank.ca/drugs/DB07601"
"106","5-CHLORO-THIOPHENE-2-CARBOXYLIC ACID ((3S,4S)-4-FLUORO- 1-{[2-FLUORO-4-(2-OXO-2H-PYRIDIN-1-YL)-PHENYLCARBAMOYL]-METHYL}-PYRROLIDIN-3-YL)-AMIDE (DB08143)","0.8917","http://www.drugbank.ca/drugs/DB08143"
"107","3-[(1R)-1-(2,6-dichloro-3-fluorophenyl)ethoxy]-5-(1-piperidin-4-yl-1H-pyrazol-4-yl)pyridin-2-amine (DB08700)","0.8914","http://www.drugbank.ca/drugs/DB08700"
"108","Almitrine (DB01430)","0.8911","http://www.drugbank.ca/drugs/DB01430"
"109","Fluphenazine (DB00623)","0.8911","http://www.drugbank.ca/drugs/DB00623"
"110","6,7-DIMETHOXY-4-[(3R)-3-(2-NAPHTHYLOXY)PYRROLIDIN-1-YL]QUINAZOLINE (DB08389)","0.8911","http://www.drugbank.ca/drugs/DB08389"
"111","2,4-Diamino-6-[N-(3',4',5'-Trimethoxybenzyl)-N-Methylamino]Pyrido[2,3-D]Pyrimidine (DB02919)","0.8910","http://www.drugbank.ca/drugs/DB02919"
"112","6-(4-{(1S,2S)-2-AMINO-1-[(DIMETHYLAMINO)CARBONYL]-3-[(3S)-3-FLUOROPYRROLIDIN-1-YL]-3-OXOPROPYL}PHENYL)-1H-[1,2,4]TRIAZOLO[1,5-A]PYRIDIN-4-IUM (DB08504)","0.8904","http://www.drugbank.ca/drugs/DB08504"
"113","S-{3-[(4-ANILINOQUINAZOLIN-6-YL)AMINO]-3-OXOPROPYL}-L-CYSTEINE (DB07602)","0.8904","http://www.drugbank.ca/drugs/DB07602"
"114","ERA-923 (DB05414)","0.8902","http://www.drugbank.ca/drugs/DB05414"
"115","Propantheline (DB00782)","0.8902","http://www.drugbank.ca/drugs/DB00782"
"116","(20S)-19,20,21,22-TETRAHYDRO-19-OXO-5H-18,20-ETHANO-12,14-ETHENO-6,10-METHENO-18H-BENZ[D]IMIDAZO[4,3-K][1,6,9,12]OXATRIAZA-CYCLOOCTADECOSINE-9-CARBONITRILE (DB08674)","0.8901","http://www.drugbank.ca/drugs/DB08674"
"117","Vardenafil (DB00862)","0.8900","http://www.drugbank.ca/drugs/DB00862"
"118","(2S)-1-[4-({6-[(2,6-DIFLUOROPHENYL)AMINO]PYRIMIDIN-4-YL}AMINO)PHENOXY]-3-(DIMETHYLAMINO)PROPAN-2-OL (DB07751)","0.8897","http://www.drugbank.ca/drugs/DB07751"
"119","(2R)-1-[4-({6-[(2,6-DIFLUOROPHENYL)AMINO]PYRIMIDIN-4-YL}AMINO)PHENOXY]-3-(DIMETHYLAMINO)PROPAN-2-OL (DB07761)","0.8897","http://www.drugbank.ca/drugs/DB07761"
"120","(2R)-N-HYDROXY-2-[(3S)-3-METHYL-3-{4-[(2-METHYLQUINOLIN-4-YL)METHOXY]PHENYL}-2-OXOPYRROLIDIN-1-YL]PROPANAMIDE (DB07145)","0.8895","http://www.drugbank.ca/drugs/DB07145"
"121","2-[1-(4-CHLOROBENZOYL)-5-METHOXY-2-METHYL-1H-INDOL-3-YL]-N-[(1R)-1-(HYDROXYMETHYL)PROPYL]ACETAMIDE (DB07981)","0.8890","http://www.drugbank.ca/drugs/DB07981"
"122","2-[1-(4-CHLOROBENZOYL)-5-METHOXY-2-METHYL-1H-INDOL-3-YL]-N-[(1S)-1-(HYDROXYMETHYL)PROPYL]ACETAMIDE (DB07984)","0.8890","http://www.drugbank.ca/drugs/DB07984"
"123","4-CHLORO-6-(4-{4-[4-(METHYLSULFONYL)BENZYL]PIPERAZIN-1-YL}-1H-PYRAZOL-5-YL)BENZENE-1,3-DIOL (DB06957)","0.8888","http://www.drugbank.ca/drugs/DB06957"
"124","Cis-[4,5-Bis-(4-Chlorophenyl)-2-(2-Isopropoxy-4-Methoxyphenyl)-4,5-Dihyd Roimidazol-1-Yl]-Piperazin-1-Yl-Methanone (DB04144)","0.8878","http://www.drugbank.ca/drugs/DB04144"
"125","Allyl-{6-[3-(4-Bromo-Phenyl)-1-Methyl-1h-Indazol-6-Yl]Oxy}Hexyl)-N-Methylamine (DB03888)","0.8875","http://www.drugbank.ca/drugs/DB03888"
"126","2'-deoxy-N-(naphthalen-1-ylmethyl)guanosine 5'-(dihydrogen phosphate) (DB08237)","0.8872","http://www.drugbank.ca/drugs/DB08237"
"127","N6-METHYL-(R)-ROSCOVITINE, R-2-[6-(BENZYL-METHYL-AMINO)-9-ISOPROPYL-9H-PURIN-2-YLAMINO]-BUTAN-1-OL (DB04776)","0.8871","http://www.drugbank.ca/drugs/DB04776"
"128","AZD2563 (DB04850)","0.8870","http://www.drugbank.ca/drugs/DB04850"
"129","Morpholine-4-Carboxylic Acid [1-(2-Benzylsulfanyl-1-Formyl-Ethylcarbamoyl)-2-Phenyl-Ethyl]-Amide (DB03984)","0.8867","http://www.drugbank.ca/drugs/DB03984"
"130","[4-(6-Chloro-Naphthalene-2-Sulfonyl)-Piperazin-1-Yl]-(3,4,5,6-Tetrahydro-2h-[1,4']Bipyridinyl-4-Yl)-Methanone (DB01836)","0.8863","http://www.drugbank.ca/drugs/DB01836"
"131","Azimilide (DB04957)","0.8862","http://www.drugbank.ca/drugs/DB04957"
"132","OPC-51803 (DB05838)","0.8851","http://www.drugbank.ca/drugs/DB05838"
"133","Aripiprazole (DB01238)","0.8851","http://www.drugbank.ca/drugs/DB01238"
"134","(1S,5S,7R)-N~7~-(BIPHENYL-4-YLMETHYL)-N~3~-HYDROXY-6,8-DIOXA-3-AZABICYCLO[3.2.1]OCTANE-3,7-DICARBOXAMIDE (DB07026)","0.8851","http://www.drugbank.ca/drugs/DB07026"
"135","Rbt205 Inhibitor (DB03777)","0.8840","http://www.drugbank.ca/drugs/DB03777"
"136","FR236913 (DB02830)","0.8835","http://www.drugbank.ca/drugs/DB02830"
"137","4-chloro-N-(3-methoxypropyl)-N-[(3S)-1-(2-phenylethyl)piperidin-3-yl]benzamide (DB08344)","0.8834","http://www.drugbank.ca/drugs/DB08344"
"138","3-CYCLOHEXYL-1-(2-MORPHOLIN-4-YL-2-OXOETHYL)-2-PHENYL-1H-INDOLE-6-CARBOXYLIC ACID (DB07570)","0.8831","http://www.drugbank.ca/drugs/DB07570"
"139","Dimenhydrinate (DB00985)","0.8829","http://www.drugbank.ca/drugs/DB00985"
"140","OLOMOUCINE II (DB04662)","0.8829","http://www.drugbank.ca/drugs/DB04662"
"141","(1-Methyl-1h-Imidazol-2-Yl)-(3-Methyl-4-{3-[(Pyridin-3-Ylmethyl)-Amino]-Propoxy}-Benzofuran-2-Yl)-Methanone (DB03062)","0.8827","http://www.drugbank.ca/drugs/DB03062"
"142","(2R)-1-(DIMETHYLAMINO)-3-{4-[(6-{[2-FLUORO-5-(TRIFLUOROMETHYL)PHENYL]AMINO}PYRIMIDIN-4-YL)AMINO]PHENOXY}PROPAN-2-OL (DB07054)","0.8826","http://www.drugbank.ca/drugs/DB07054"
"143","5-(5-chloro-2,4-dihydroxyphenyl)-N-ethyl-4-[4-(morpholin-4-ylmethyl)phenyl]isoxazole-3-carboxamide (DB06961)","0.8818","http://www.drugbank.ca/drugs/DB06961"
"144","Pagoclone (DB04903)","0.8817","http://www.drugbank.ca/drugs/DB04903"
"145","1-((1R)-1-(HYDROXYMETHYL)-3-{6-[(3-PHENYLPROPANOYL)AMINO]-1H-INDOL-1-YL}PROPYL)-1H-IMIDAZOLE-4-CARBOXAMIDE (DB07783)","0.8817","http://www.drugbank.ca/drugs/DB07783"
"146","Merimepodib (DB04862)","0.8808","http://www.drugbank.ca/drugs/DB04862"
"147","Risperidone (DB00734)","0.8807","http://www.drugbank.ca/drugs/DB00734"
"148","O6-(R)-ROSCOVITINE, R-2-(6-BENZYLOXY-9-ISOPROPYL-9H-PURIN-2-YLAMINO)-BUTAN-1-OL (DB04770)","0.8804","http://www.drugbank.ca/drugs/DB04770"
"149","Trimetrexate (DB01157)","0.8804","http://www.drugbank.ca/drugs/DB01157"
"150","Domperidone (DB01184)","0.8803","http://www.drugbank.ca/drugs/DB01184"
"151","[5-AMINO-1-(4-FLUOROPHENYL)-1H-PYRAZOL-4-YL][3-(PIPERIDIN-4-YLOXY)PHENYL]METHANONE (DB08423)","0.8802","http://www.drugbank.ca/drugs/DB08423"
"152","4-(2-aminoethoxy)-N-(3-chloro-2-ethoxy-5-piperidin-1-ylphenyl)-3,5-dimethylbenzamide (DB07626)","0.8796","http://www.drugbank.ca/drugs/DB07626"
"153","1-[4-(Octahydro-Pyrido[1,2-a]Pyrazin-2-Yl)-Phenyl]-2-Phenyl-1,2,3,4-Tetrahydro-Isoquinolin-6-Ol (DB03802)","0.8793","http://www.drugbank.ca/drugs/DB03802"
"154","N-[5-(1,1-DIOXIDOISOTHIAZOLIDIN-2-YL)-1H-INDAZOL-3-YL]-2-(4-PIPERIDIN-1-YLPHENYL)ACETAMIDE (DB07220)","0.8792","http://www.drugbank.ca/drugs/DB07220"
"155","Zuclopenthixol acetate (DB08919)","0.8790","http://www.drugbank.ca/drugs/DB08919"
"156","N~4~-methyl-N~4~-(3-methyl-1H-indazol-6-yl)-N~2~-(3,4,5-trimethoxyphenyl)pyrimidine-2,4-diamine (DB08042)","0.8790","http://www.drugbank.ca/drugs/DB08042"
"157","7-Hydroxystaurosporine (DB01933)","0.8789","http://www.drugbank.ca/drugs/DB01933"
"158","N-{(1S,2R)-2-hydroxy-1-[(hydroxyamino)carbonyl]propyl}-4-{[4-(morpholin-4-ylmethyl)phenyl]ethynyl}benzamide (DB07536)","0.8785","http://www.drugbank.ca/drugs/DB07536"
"159","Silodosin (DB06207)","0.8782","http://www.drugbank.ca/drugs/DB06207"
"160","[1-(3-Hydroxy-2-Oxo-1-Phenethyl-Propylcarbamoyl)2-Phenyl-Ethyl]-Carbamic Acid Pyridin-4-Ylmethyl Ester (DB02128)","0.8779","http://www.drugbank.ca/drugs/DB02128"
"161","DMP450 (DB02102)","0.8778","http://www.drugbank.ca/drugs/DB02102"
"162","Thioproperazine (DB01622)","0.8769","http://www.drugbank.ca/drugs/DB01622"
"163","2-(2-{2-[(BIPHENYL-4-YLMETHYL)-AMINO]-3-MERCAPTO-PENTANOYLAMINO}-ACETYLAMINO)-3-METHYL-BUTYRIC ACID METHYL ESTER (DB08643)","0.8766","http://www.drugbank.ca/drugs/DB08643"
"164","PHENYLALANYLAMINODI(ETHYLOXY)ETHYL BENZENESULFONAMIDEAMINOCARBONYLBENZENESULFONAMIDE (DB07710)","0.8764","http://www.drugbank.ca/drugs/DB07710"
"165","3-(2-AMINO-6-BENZOYLQUINAZOLIN-3(4H)-YL)-N-CYCLOHEXYL-N-METHYLPROPANAMIDE (DB08749)","0.8763","http://www.drugbank.ca/drugs/DB08749"
"166","3-[[N-[4-Methyl-Piperazinyl]Carbonyl]-Phenylalaninyl-Amino]-5-Phenyl-Pentane-1-Sulfonic Acid Benzyloxy-Amide (DB04427)","0.8760","http://www.drugbank.ca/drugs/DB04427"
"167","Cinnarizine (DB00568)","0.8760","http://www.drugbank.ca/drugs/DB00568"
"168","N-(4-MORPHOLINE)CARBONYL-B-(1-NAPHTHYL)-L-ALANINE-L-LEUCINE BORONIC ACID (DB04732)","0.8759","http://www.drugbank.ca/drugs/DB04732"
"169","3-[3-(2,3-Dihydroxy-Propylamino)-Phenyl]-4-(5-Fluoro-1-Methyl-1h-Indol-3-Yl)-Pyrrole-2,5-Dione (DB01772)","0.8756","http://www.drugbank.ca/drugs/DB01772"
"170","4-(2-aminoethoxy)-N-(3-chloro-5-piperidin-1-ylphenyl)-3,5-dimethylbenzamide (DB08697)","0.8753","http://www.drugbank.ca/drugs/DB08697"
"171","Dasatinib (DB01254)","0.8752","http://www.drugbank.ca/drugs/DB01254"
"172","(4R)-N-[4-({[2-(DIMETHYLAMINO)ETHYL]AMINO}CARBONYL)-1,3-THIAZOL-2-YL]-4-METHYL-1-OXO-2,3,4,9-TETRAHYDRO-1H-BETA-CARBOLINE-6-CARBOXAMIDE (DB07406)","0.8745","http://www.drugbank.ca/drugs/DB07406"
"173","Mirabegron  (DB08893)","0.8743","http://www.drugbank.ca/drugs/DB08893"
"174","Ponatinib  (DB08901)","0.8740","http://www.drugbank.ca/drugs/DB08901"
"175","(4R,2S)-5'-(4-(4-CHLOROBENZYLOXY)PYRROLIDIN-2-YLMETHANESULFONYL)ISOQUINOLINE (DB07583)","0.8737","http://www.drugbank.ca/drugs/DB07583"
"176","(10R)-10-Formyl-5,8,10-Trideazafolic Acid (DB04264)","0.8737","http://www.drugbank.ca/drugs/DB04264"
"177","Benazepril (DB00542)","0.8737","http://www.drugbank.ca/drugs/DB00542"
"178","Carfentanil (DB01535)","0.8735","http://www.drugbank.ca/drugs/DB01535"
"179","Compound 4-D (DB03742)","0.8732","http://www.drugbank.ca/drugs/DB03742"
"180","Iloperidone (DB04946)","0.8731","http://www.drugbank.ca/drugs/DB04946"
"181","N-((1R,2S)-2-(5-CHLORO-1H-INDOLE-2-CARBOXAMIDO)CYCLOHEXYL)-5-METHYL-4,5,6,7-TETRAHYDROTHIAZOLO[5,4-C]PYRIDINE-2-CARBOXAMIDE (DB07629)","0.8724","http://www.drugbank.ca/drugs/DB07629"
"182","N-((1R,2R)-2-(5-CHLORO-1H-INDOLE-2-CARBOXAMIDO)CYCLOHEXYL)-5-METHYL-4,5,6,7-TETRAHYDROTHIAZOLO[5,4-C]PYRIDINE-2-CARBOXAMIDE (DB07630)","0.8724","http://www.drugbank.ca/drugs/DB07630"
"183","Udenafil (DB06267)","0.8715","http://www.drugbank.ca/drugs/DB06267"
"184","Valsartan (DB00177)","0.8712","http://www.drugbank.ca/drugs/DB00177"
"185","PUROMYCIN (DB08437)","0.8707","http://www.drugbank.ca/drugs/DB08437"
"186","Asimadoline (DB05104)","0.8706","http://www.drugbank.ca/drugs/DB05104"
"187","(2S)-3-(1-{[2-(2-CHLOROPHENYL)-5-METHYL-1,3-OXAZOL-4-YL]METHYL}-1H-INDOL-5-YL)-2-ETHOXYPROPANOIC ACID (DB06908)","0.8704","http://www.drugbank.ca/drugs/DB06908"
"188","[4-({5-(AMINOCARBONYL)-4-[(3-METHYLPHENYL)AMINO]PYRIMIDIN-2-YL}AMINO)PHENYL]ACETIC ACID (DB08513)","0.8704","http://www.drugbank.ca/drugs/DB08513"
"189","Piboserod (DB04873)","0.8703","http://www.drugbank.ca/drugs/DB04873"
"190","Flunarizine (DB04841)","0.8702","http://www.drugbank.ca/drugs/DB04841"
"191","Quinapril (DB00881)","0.8700","http://www.drugbank.ca/drugs/DB00881"
"192","Nicergoline (DB00699)","0.8697","http://www.drugbank.ca/drugs/DB00699"
"193","4-(1-Benzyl-3-Carbamoylmethyl-2-Methyl-1h-Indol-5-Yloxy)-Butyric Acid (DB02936)","0.8693","http://www.drugbank.ca/drugs/DB02936"
"194","(2R)-({4-[AMINO(IMINO)METHYL]PHENYL}AMINO){5-ETHOXY-2-FLUORO-3-[(3R)-TETRAHYDROFURAN-3-YLOXY]PHENYL}ACETICACID (DB04590)","0.8691","http://www.drugbank.ca/drugs/DB04590"
"195","6-({5-fluoro-2-[(3,4,5-trimethoxyphenyl)amino]pyrimidin-4-yl}amino)-2,2-dimethyl-2H-pyrido[3,2-b][1,4]oxazin-3(4H)-one (DB07159)","0.8686","http://www.drugbank.ca/drugs/DB07159"
"196","Beta-hydroxy-3-methylfentanyl (DB01570)","0.8684","http://www.drugbank.ca/drugs/DB01570"
"197","N-(2-METHOXYETHYL)-4-({4-[2-METHYL-1-(1-METHYLETHYL)-1H-IMIDAZOL-5-YL]PYRIMIDIN-2-YL}AMINO)BENZENESULFONAMIDE (DB07790)","0.8682","http://www.drugbank.ca/drugs/DB07790"
"198","Br-Coeleneterazine (DB02006)","0.8680","http://www.drugbank.ca/drugs/DB02006"
"199","I-Coeleneterazine (DB04146)","0.8680","http://www.drugbank.ca/drugs/DB04146"
"200","N-Alpha-(2-Naphthylsulfonyl)-N(3-Amidino-L-Phenylalaninyl)-4-Acetyl-Piperazine (DB04125)","0.8679","http://www.drugbank.ca/drugs/DB04125"
"201","2-{5-[3-(7-PROPYL-3-TRIFLUOROMETHYLBENZO[D]ISOXAZOL-6-YLOXY)PROPOXY]INDOL-1-YL}ETHANOIC ACID (DB07053)","0.8678","http://www.drugbank.ca/drugs/DB07053"
"202","Azelastine (DB00972)","0.8677","http://www.drugbank.ca/drugs/DB00972"
"203","(3R,4R)-1-{6-[3-(METHYLSULFONYL)PHENYL]PYRIMIDIN-4-YL}-4-(2,4,5-TRIFLUOROPHENYL)PIPERIDIN-3-AMINE (DB08164)","0.8676","http://www.drugbank.ca/drugs/DB08164"
"204","RU82129 (DB03104)","0.8675","http://www.drugbank.ca/drugs/DB03104"
"205","Cyclopropyl-{4-[5-(3,4-Dichlorophenyl)-2-[(1-Methyl)-Piperidin]-4-Yl-3-Propyl-3h-Imidazol-4-Yl]-Pyrimidin-2-Yl}Amine (DB03084)","0.8675","http://www.drugbank.ca/drugs/DB03084"
"206","RU81843 (DB04495)","0.8674","http://www.drugbank.ca/drugs/DB04495"
"207","(10S)-10-Formyl-5,8,10-Trideazafolic Acid (DB02540)","0.8672","http://www.drugbank.ca/drugs/DB02540"
"208","Meclizine (DB00737)","0.8670","http://www.drugbank.ca/drugs/DB00737"
"209","4-(BENZHYDRYLOXY)-1-[3-(1H-TETRAAZOL-5-YL)PROPYL]PIPERIDINE (DB07917)","0.8669","http://www.drugbank.ca/drugs/DB07917"
"210","Compound 12, N-Acetyl-4-[(Carboxycarbonyl)(2-Carboxyphenyl)Amino]-N-Pentyl-1-Napthylalaniamide (DB01820)","0.8669","http://www.drugbank.ca/drugs/DB01820"
"211","2-{4-[2-(2-AMINO-4-OXO-4,7-DIHYDRO-3H-PYRROLO[2,3-D]PYRIMIDIN-5-YL)-ETHYL]-BENZOYLAMINO}-3-METHYL-BUTYRIC ACID (DB08131)","0.8667","http://www.drugbank.ca/drugs/DB08131"
"212","3-(1h-Indol-3-Yl)-2-[4-(4-Phenyl-Piperidin-1-Yl)-Benzenesulfonylamino]-Propionic Acid (DB02449)","0.8667","http://www.drugbank.ca/drugs/DB02449"
"213","Carvedilol (DB01136)","0.8664","http://www.drugbank.ca/drugs/DB01136"
"214","2-(3-CHLORO-6-{[2,2-DIFLUORO-2-(1-OXIDOPYRIDIN-2-YL)ETHYL]AMINO}-1-OXIDOPYRIDIN-2-YL)-N-[1-(3-CHLOROPHENYL)ETHYL]ACETAMIDE (DB04722)","0.8663","http://www.drugbank.ca/drugs/DB04722"
"215","[4-R-(4-ALPHA,6-BETA,7-BETA]-HEXAHYDRO-5,6-DI(HYDROXY)-1,3-DI(ALLYL)-4,7-BISPHENYLMETHYL)-2H-1,3-DIAZEPINONE (DB06910)","0.8659","http://www.drugbank.ca/drugs/DB06910"
"216","2-[2-ETHANESULFONYLAMINO-3-(1H-INDOL-3-YL)-PROPIONYLAMINO]-PENTANEDIOIC ACID 5-AMIDE 1-(4-CARBAMIM IDOYL-BENZYLAMIDE) (DB04758)","0.8657","http://www.drugbank.ca/drugs/DB04758"
"217","RU82197 (DB03268)","0.8656","http://www.drugbank.ca/drugs/DB03268"
"218","1-BENZYL-3-(4-METHOXYPHENYLAMINO)-4-PHENYLPYRROLE-2,5-DIONE (DB08063)","0.8656","http://www.drugbank.ca/drugs/DB08063"
"219","N-BENZYLOXYCARBONYL-ALA-PRO-3-AMINO-4-PHENYL-BUTAN-2-OL (DB06886)","0.8650","http://www.drugbank.ca/drugs/DB06886"
"220","3-({4-[(5-CHLORO-1,3-BENZODIOXOL-4-YL)AMINO]PYRIMIDIN-2-YL}AMINO)BENZAMIDE (DB07256)","0.8646","http://www.drugbank.ca/drugs/DB07256"
"221","(20S)-19,20,22,23-TETRAHYDRO-19-OXO-5H,21H-18,20-ETHANO-12,14-ETHENO-6,10-METHENOBENZ[D]IMIDAZO[4,3-L][1,6,9,13]OXATRIAZACYCLONOADECOSINE-9-CARBONITRILE (DB08676)","0.8645","http://www.drugbank.ca/drugs/DB08676"
"222","Carphenazine (DB01038)","0.8638","http://www.drugbank.ca/drugs/DB01038"
"223","Tl-3-093 (DB01891)","0.8638","http://www.drugbank.ca/drugs/DB01891"
"224","N-{2'-[(4-FLUOROPHENYL)AMINO]-4,4'-BIPYRIDIN-2-YL}-4-METHOXYCYCLOHEXANECARBOXAMIDE (DB08025)","0.8637","http://www.drugbank.ca/drugs/DB08025"
"225","Methotrexate (DB00563)","0.8637","http://www.drugbank.ca/drugs/DB00563"
"226","1-(CYCLOHEXYLAMINO)-3-(6-METHYL-3,4-DIHYDRO-1H-CARBAZOL-9(2H)-YL)PROPAN-2-OL (DB07061)","0.8630","http://www.drugbank.ca/drugs/DB07061"
"227","(2S)-2-ETHOXY-3-{4-[2-(10H-PHENOXAZIN-10-YL)ETHOXY]PHENYL}PROPANOIC ACID (DB07675)","0.8629","http://www.drugbank.ca/drugs/DB07675"
"228","N-[2-(1,3-BENZODIOXOL-5-YL)ETHYL]-1-[2-(1H-IMIDAZOL-1-YL)-6-METHYLPYRIMIDIN-4-YL]-D-PROLINAMIDE (DB06916)","0.8628","http://www.drugbank.ca/drugs/DB06916"
"229","[PHENYLALANINYL-PROLINYL]-[2-(PYRIDIN-4-YLAMINO)-ETHYL]-AMINE (DB08422)","0.8625","http://www.drugbank.ca/drugs/DB08422"
"230","TLK-199 (DB05460)","0.8623","http://www.drugbank.ca/drugs/DB05460"
"231","1-{7-cyclohexyl-6-[4-(4-methylpiperazin-1-yl)benzyl]-7H-pyrrolo[2,3-d]pyrimidin-2-yl}methanamine (DB07563)","0.8612","http://www.drugbank.ca/drugs/DB07563"
"232","[1-(1-Benzyl-3-Hydroxy-2-Oxo-Propylcarbamoyl)-2-Phenyl-Ethyl]-Carbamic Acid Benzyl Ester (DB01871)","0.8611","http://www.drugbank.ca/drugs/DB01871"
"233","2-METHYL-2-(4-{[({4-METHYL-2-[4-(TRIFLUOROMETHYL)PHENYL]-1,3-THIAZOL-5-YL}CARBONYL)AMINO]METHYL}PHENOXY)PROPANOIC ACID (DB07215)","0.8610","http://www.drugbank.ca/drugs/DB07215"
"234","Je-2147, Ag1776, Kni-764 (DB02668)","0.8609","http://www.drugbank.ca/drugs/DB02668"
"235","METHYL 1-(4-{[(2,4-DIAMINOPTERIDIN-6-YL)METHYL](METHYL)AMINO}BENZOYL)PIPERIDINE-4-CARBOXYLATE (DB07765)","0.8608","http://www.drugbank.ca/drugs/DB07765"
"236","Clomifene (DB00882)","0.8603","http://www.drugbank.ca/drugs/DB00882"
"237","METHYL 1-(4-{[(2,4-DIAMINOPTERIDIN-6-YL)METHYL]AMINO}BENZOYL)PIPERIDINE-4-CARBOXYLATE (DB07689)","0.8603","http://www.drugbank.ca/drugs/DB07689"
"238","CF-101 (DB05511)","0.8591","http://www.drugbank.ca/drugs/DB05511"
"239","K201 (DB02929)","0.8589","http://www.drugbank.ca/drugs/DB02929"
"240","(S)-3-(4-(2-Carbazol-9-Yl-Ethoxy)-Phenyl)-2-Ethoxy-Propionic Acid (DB04270)","0.8588","http://www.drugbank.ca/drugs/DB04270"
"241","5-CHLORO-N-((1R,2S)-2-(4-(2-OXOPYRIDIN-1(2H)-YL)BENZAMIDO) CYCLOPENTYL)THIOPHENE-2-CARBOXAMIDE (DB08174)","0.8585","http://www.drugbank.ca/drugs/DB08174"
"242","3-[1-(3-Aminopropyl)-1h-Indol-3-Yl]-4-(1-Methyl-1h-Indol-3-Yl)-1h-Pyrrole-2,5-Dione (DB01946)","0.8585","http://www.drugbank.ca/drugs/DB01946"
"243","Amiodarone (DB01118)","0.8578","http://www.drugbank.ca/drugs/DB01118"
"244","Buclizine (DB00354)","0.8574","http://www.drugbank.ca/drugs/DB00354"
"245","Balanol Analog 2 (DB01940)","0.8573","http://www.drugbank.ca/drugs/DB01940"
"246","N-(3-TERT-BUTYL-1H-PYRAZOL-5-YL)-N'-{4-CHLORO-3-[(PYRIDIN-3-YLOXY)METHYL]PHENYL}UREA (DB08064)","0.8571","http://www.drugbank.ca/drugs/DB08064"
"247","1-(2-Fluorobenzyl)-3-Butyl-8-(N-Acetyl-4-Aminobenzyl)-Xanthine (DB02008)","0.8571","http://www.drugbank.ca/drugs/DB02008"
"248","Flavoxate (DB01148)","0.8570","http://www.drugbank.ca/drugs/DB01148"
"249","Bitolterol (DB00901)","0.8560","http://www.drugbank.ca/drugs/DB00901"
"250","N-Alpha-(2-Naphthylsulfonyl)-N-(3-Amidino-L-Phenylalaninyl)-D-Pipecolinic Acid (DB04238)","0.8558","http://www.drugbank.ca/drugs/DB04238"
"251","3-{6-[(8-HYDROXY-QUINOLINE-2-CARBONYL)-AMINO]-2-THIOPHEN-2-YL-HEXANOYLAMINO}-4-OXO-BUTYRI ACID (DB07916)","0.8554","http://www.drugbank.ca/drugs/DB07916"
"252","Purvalanol (DB02733)","0.8549","http://www.drugbank.ca/drugs/DB02733"
"253","N-(5-{[(2S)-4-amino-2-(3-chlorophenyl)butanoyl]amino}-1H-indazol-3-yl)benzamide (DB07608)","0.8548","http://www.drugbank.ca/drugs/DB07608"
"254","(2-Sulfanyl-3-Phenylpropanoyl)-Phe-Tyr (DB03949)","0.8546","http://www.drugbank.ca/drugs/DB03949"
"255","(METHYLPYRIDAZINE PIPERIDINE ETHYLOXYPHENYL)ETHYLACETATE (DB08012)","0.8545","http://www.drugbank.ca/drugs/DB08012"
"256","N-Coeleneterazine (DB04118)","0.8542","http://www.drugbank.ca/drugs/DB04118"
"257","1-[[(1E)-2-(4-CHLOROPHENYL)ETHENYL]SULFONYL]-4-[[1-(4-PYRIDINYL)-4-PIPERIDINYL]METHYL]PIPERAZINE (DB08746)","0.8540","http://www.drugbank.ca/drugs/DB08746"
"258","Lefradafiban (DB04863)","0.8536","http://www.drugbank.ca/drugs/DB04863"
"259","4-Amino-N-{4-[2-(2,6-Dimethyl-Phenoxy)-Acetylamino]-3-Hydroxy-1-Isobutyl-5-Phenyl-Pentyl}-Benzamide (DB04373)","0.8533","http://www.drugbank.ca/drugs/DB04373"
"260","3-Amino-N-{4-[2-(2,6-Dimethyl-Phenoxy)-Acetylamino]-3-Hydroxy-1-Isobutyl-5-Phenyl-Pentyl}-Benzamide (DB04378)","0.8533","http://www.drugbank.ca/drugs/DB04378"
"261","5-[(3R)-3-(5-methoxy-4'-methylbiphenyl-3-yl)but-1-yn-1-yl]-6-methylpyrimidine-2,4-diamine (DB07141)","0.8530","http://www.drugbank.ca/drugs/DB07141"
"262","N-(R-Carboxy-Ethyl)-Alpha-(S)-(2-Phenylethyl)Glycyl-L-Arginine-N-Phenylamide (DB02747)","0.8529","http://www.drugbank.ca/drugs/DB02747"
"263","(R)-tacrine(10)-hupyridone (DB04614)","0.8528","http://www.drugbank.ca/drugs/DB04614"
"264","(S)-tacrine(10)-hupyridone (DB04615)","0.8528","http://www.drugbank.ca/drugs/DB04615"
"265","OPC-28326 (DB05461)","0.8524","http://www.drugbank.ca/drugs/DB05461"
"266","(6-[4-(AMINOMETHYL)-2,6-DIMETHYLPHENOXY]-2-{[4-(AMINOMETHYL)PHENYL]AMINO}-5-BROMOPYRIMIDIN-4-YL)METHANOL (DB06874)","0.8523","http://www.drugbank.ca/drugs/DB06874"
"267","2-(6-CHLORO-3-{[2,2-DIFLUORO-2-(1-OXIDO-2-PYRIDINYL)ETHYL]AMINO}-2-OXO-1(2H)-PYRAZINYL)-N-[(2-FLUOROPHENYL)METHYL]ACETAMIDE (DB07550)","0.8520","http://www.drugbank.ca/drugs/DB07550"
"268","(9r,10r)-9-(S-Glutathionyl)-10-Hydroxy-9,10-Dihydrophenanthrene (DB01834)","0.8516","http://www.drugbank.ca/drugs/DB01834"
"269","(9s,10s)-9-(S-Glutathionyl)-10-Hydroxy-9,10-Dihydrophenanthrene (DB04187)","0.8516","http://www.drugbank.ca/drugs/DB04187"
"270","N-Alpha-(2-Naphthylsulfonyl)-N(3-Amidino-L-Phenylalaninyl)Isopipecolinic Acid Methyl Ester (DB01745)","0.8514","http://www.drugbank.ca/drugs/DB01745"
"271","4-(2-aminoethoxy)-N-(2,5-diethoxyphenyl)-3,5-dimethylbenzamide (DB07625)","0.8514","http://www.drugbank.ca/drugs/DB07625"
"272","N~2~-[(BENZYLOXY)CARBONYL]-N-[(1S,2S)-2-HYDROXY-1-(4-HYDROXYBENZYL)PROPYL]-L-LEUCINAMIDE (DB07571)","0.8513","http://www.drugbank.ca/drugs/DB07571"
"273","3-(7-DIAMINOMETHYL-NAPHTHALEN-2-YL)-PROPIONIC ACID ETHYL ESTER (DB07639)","0.8511","http://www.drugbank.ca/drugs/DB07639"
"274","Nicardipine (DB00622)","0.8511","http://www.drugbank.ca/drugs/DB00622"
"275","Bentiromide (DB00522)","0.8507","http://www.drugbank.ca/drugs/DB00522"
"276","1-[2-HYDROXY-3-(4-CYCLOHEXYL-PHENOXY)-PROPYL]-4-(2-PYRIDYL)-PIPERAZINE (DB08543)","0.8502","http://www.drugbank.ca/drugs/DB08543"
"277","Benzethidine (DB01518)","0.8502","http://www.drugbank.ca/drugs/DB01518"
"278","Trimethobenzamide (DB00662)","0.8502","http://www.drugbank.ca/drugs/DB00662"
"279","N~6~-cyclohexyl-N~2~-(4-morpholin-4-ylphenyl)-9H-purine-2,6-diamine (DB07340)","0.8496","http://www.drugbank.ca/drugs/DB07340"
"280","5-[(3R)-3-(5-methoxy-3',5'-dimethylbiphenyl-3-yl)but-1-yn-1-yl]-6-methylpyrimidine-2,4-diamine (DB07142)","0.8494","http://www.drugbank.ca/drugs/DB07142"
"281","Pipotiazine (DB01621)","0.8492","http://www.drugbank.ca/drugs/DB01621"
"282","Trovafloxacin (DB00685)","0.8492","http://www.drugbank.ca/drugs/DB00685"
"283","D-phenylalanyl-N-{4-[amino(iminio)methyl]benzyl}-L-prolinamide (DB07005)","0.8487","http://www.drugbank.ca/drugs/DB07005"
"284","4-(2-HYDROXYBENZYLAMINO)-N-(3-(4-FLUOROPHENOXY)PHENYL)PIPERIDINE-1-SULFONAMIDE (DB04632)","0.8484","http://www.drugbank.ca/drugs/DB04632"
"285","Amperozide (DB08927)","0.8483","http://www.drugbank.ca/drugs/DB08927"
"286","5-[1-(3,4-Dimethoxy-Benzoyl)-1,2,3,4-Tetrahydro-Quinolin-6-Yl]-6-Methyl-3,6-Dihydro-[1,3,4]Thiadiazin-2-One (DB03944)","0.8483","http://www.drugbank.ca/drugs/DB03944"
"287","BNP 1350 (DB05806)","0.8482","http://www.drugbank.ca/drugs/DB05806"
"288","PYRIMIDINE-4,6-DICARBOXYLIC ACID BIS-(3-METHYL-BENZYLAMIDE) (DB04759)","0.8482","http://www.drugbank.ca/drugs/DB04759"
"289","Rimonabant (DB06155)","0.8478","http://www.drugbank.ca/drugs/DB06155"
"290","N1-(1-Dimethylcarbamoyl-2-Phenyl-Ethyl)-2-Oxo-N4-(2-Pyridin-2-Yl-Ethyl)-Succinamide (DB02140)","0.8478","http://www.drugbank.ca/drugs/DB02140"
"291","N-[(13-CYCLOHEXYL-6,7-DIHYDROINDOLO[1,2-D][1,4]BENZOXAZEPIN-10-YL)CARBONYL]-2-METHYL-L-ALANINE (DB08031)","0.8478","http://www.drugbank.ca/drugs/DB08031"
"292","Fesoterodine (DB06702)","0.8478","http://www.drugbank.ca/drugs/DB06702"
"293","(2R,4S)-2-[(R)-BENZYLCARBAMOYL-PHENYLACETYL-METHYL]-5,5-DIMETHYL-THIAZOLIDINE-4-CARBOXYLIC ACID (DB07806)","0.8474","http://www.drugbank.ca/drugs/DB07806"
"294","Drotaverine (DB06751)","0.8469","http://www.drugbank.ca/drugs/DB06751"
"295","Fexaramine (DB02545)","0.8464","http://www.drugbank.ca/drugs/DB02545"
"296","Thiothixene (DB01623)","0.8463","http://www.drugbank.ca/drugs/DB01623"
"297","CRA_11092 (DB03555)","0.8462","http://www.drugbank.ca/drugs/DB03555"
"298","1-[2-(3-Biphenyl)-4-Methylvaleryl)]Amino-3-(2-Pyridylsulfonyl)Amino-2-Propanone (DB04244)","0.8461","http://www.drugbank.ca/drugs/DB04244"
"299","Amprenavir (DB00701)","0.8460","http://www.drugbank.ca/drugs/DB00701"
"300","Fluspirilene (DB04842)","0.8459","http://www.drugbank.ca/drugs/DB04842"
"301","5-[(3R)-3-(5-methoxy-2',6'-dimethylbiphenyl-3-yl)but-1-yn-1-yl]-6-methylpyrimidine-2,4-diamine (DB07144)","0.8457","http://www.drugbank.ca/drugs/DB07144"
"302","Tolvaptan (DB06212)","0.8456","http://www.drugbank.ca/drugs/DB06212"
"303","Olmesartan (DB00275)","0.8455","http://www.drugbank.ca/drugs/DB00275"
"304","N-cyclopropyl-6-[(6,7-dimethoxyquinolin-4-yl)oxy]naphthalene-1-carboxamide (DB07274)","0.8455","http://www.drugbank.ca/drugs/DB07274"
"305","Fluvastatin (DB01095)","0.8454","http://www.drugbank.ca/drugs/DB01095"
"306","Ezetimibe (DB00973)","0.8454","http://www.drugbank.ca/drugs/DB00973"
"307","Clidinium (DB00771)","0.8450","http://www.drugbank.ca/drugs/DB00771"
"308","Bosentan (DB00559)","0.8447","http://www.drugbank.ca/drugs/DB00559"
"309","Compound 19 (DB02615)","0.8443","http://www.drugbank.ca/drugs/DB02615"
"310","Compound 18 (DB02715)","0.8443","http://www.drugbank.ca/drugs/DB02715"
"311","4-[3-(dibenzylamino)phenyl]-2,4-dioxobutanoic acid (DB08147)","0.8442","http://www.drugbank.ca/drugs/DB08147"
"312","METHYL (2Z)-2-(2-{[6-(2-CYANOPHENOXY)PYRIMIDIN-4-YL]OXY}PHENYL)-3-METHOXYACRYLATE (DB07401)","0.8440","http://www.drugbank.ca/drugs/DB07401"
"313","Dequadin (DB04209)","0.8430","http://www.drugbank.ca/drugs/DB04209"
"314","Allyl-{6-[3-(4-Bromo-Phenyl)-Benzofuran-6-Yloxy]-Hexyl-}-Methyl-Amin (DB02339)","0.8424","http://www.drugbank.ca/drugs/DB02339"
"315","Indacaterol (DB05039)","0.8422","http://www.drugbank.ca/drugs/DB05039"
"316","({3-[1-(4-HYDROXY-2-OXO-2H-CHROMEN-3-YL)-PROPYL]-PHENYLCARBAMOYL}-METHYL)-CARBAMIC ACID TERT-BUTYL ESTER (DB08664)","0.8419","http://www.drugbank.ca/drugs/DB08664"
"317","1-CYCLOHEXYL-N-{[1-(4-METHYLPHENYL)-1H-INDOL-3-YL]METHYL}METHANAMINE (DB06833)","0.8415","http://www.drugbank.ca/drugs/DB06833"
"318","2-Hydroxy-5-({1-[(2-Naphthyloxy)Methyl]-3-Oxoprop-1-Enyl}Amino)Tyrosine (DB02511)","0.8413","http://www.drugbank.ca/drugs/DB02511"
"319","5-hydroxy-4-(7-methoxy-1,1-dioxido-2H-1,2,4-benzothiadiazin-3-yl)-2-(3-methylbutyl)-6-phenylpyridazin-3(2H)-one (DB06974)","0.8408","http://www.drugbank.ca/drugs/DB06974"
"320","4-[[(1E)-2-(4-CHLOROPHENYL)ETHENYL]SULFONYL]-1-[[1-(4-PYRIDINYL)-4-PIPERIDINYL]METHYL]PIPERAZINONE (DB08745)","0.8405","http://www.drugbank.ca/drugs/DB08745"
"321","Darusentan (DB04883)","0.8404","http://www.drugbank.ca/drugs/DB04883"
"322","[4-(3-AMINOMETHYL-PHENYL)-PIPERIDIN-1-YL]-(5-PHENETHYL- PYRIDIN-3-YL)-METHANONE (DB04764)","0.8404","http://www.drugbank.ca/drugs/DB04764"
"323","1-(1'-{[3-(methylsulfanyl)-2-benzothiophen-1-yl]carbonyl}spiro[1-benzofuran-3,4'-piperidin]-5-yl)methanamine (DB06848)","0.8403","http://www.drugbank.ca/drugs/DB06848"
"324","Repaglinide (DB00912)","0.8402","http://www.drugbank.ca/drugs/DB00912"
"325","(2s)-2-[(2,4-Dichloro-Benzoyl)-(3-Trifluoromethyl-Benzyl)-Amino]-3-Phenyl-Propionic Acid (DB03605)","0.8402","http://www.drugbank.ca/drugs/DB03605"
"326","Balanol (DB04098)","0.8400","http://www.drugbank.ca/drugs/DB04098"
"327","(2S)-4-(2,5-difluorophenyl)-N-[(3R,4S)-3-fluoro-1-methylpiperidin-4-yl]-2-(hydroxymethyl)-N-methyl-2-phenyl-2,5-dihydro-1H-pyrrole-1-carboxamide (DB08037)","0.8399","http://www.drugbank.ca/drugs/DB08037"
"328","1-{[1-(2-AMINO-3-PHENYL-PROPIONYL)-PYRROLIDINE-2-CARBONYL]-AMINO}-2-(3-CYANO-PHENYL)-ETHANEBORONIC ACID (DB08420)","0.8392","http://www.drugbank.ca/drugs/DB08420"
"329","TC-5619 (DB06090)","0.8392","http://www.drugbank.ca/drugs/DB06090"
"330","7-[3-(4-FLUORO-PHENYL)-1-ISOPROPYL-1H-INDOL-2-YL]-3,5-DIHYDROXY-HEPTANOIC ACID (DB06846)","0.8390","http://www.drugbank.ca/drugs/DB06846"
"331","(2S)-1-{[5-(1H-INDAZOL-5-YL)PYRIDIN-3-YL]OXY}-3-[(7AS)-7AH-INDOL-3-YL]PROPAN-2-AMINE (DB06977)","0.8389","http://www.drugbank.ca/drugs/DB06977"
"332","Dextromoramide (DB01529)","0.8388","http://www.drugbank.ca/drugs/DB01529"
"333","N-({(2S)-1-[(3R)-3-amino-4-(3-chlorophenyl)butanoyl]pyrrolidin-2-yl}methyl)-3-(methylsulfonyl)benzamide (DB08429)","0.8381","http://www.drugbank.ca/drugs/DB08429"
"334","[3,5-Dibromo-4-(4-Hydroxy-3-Phenethylcarbamoyl-Phenoxy)-Phenyl]-Acetic Acid (DB02106)","0.8380","http://www.drugbank.ca/drugs/DB02106"
"335","PYRIMIDINE-4,6-DICARBOXYLIC ACID BIS-(4-FLUORO-3-METHYL-BENZYLAMIDE) (DB04760)","0.8379","http://www.drugbank.ca/drugs/DB04760"
"336","Afimoxifene (DB04468)","0.8379","http://www.drugbank.ca/drugs/DB04468"
"337","N-[3-[[4-[(5-CHLORO-1,3-BENZODIOXOL-4-YL)AMINO]PYRIMIDIN-2-YL]AMINO]PHENYL]METHANESULFONAMIDE (DB07254)","0.8377","http://www.drugbank.ca/drugs/DB07254"
"338","6-FLUORO-2-[2-HYDROXY-3-(2-METHYL-CYCLOHEXYLOXY)-PHENYL]-1H-INDOLE-5-CARBOXAMIDINE (DB06856)","0.8376","http://www.drugbank.ca/drugs/DB06856"
"339","N-(1-Carboxy-3-Phenylpropyl)Phenylalanyl-Alpha-Asparagine (DB02307)","0.8372","http://www.drugbank.ca/drugs/DB02307"
"340","Balanol Analog 8 (DB02155)","0.8370","http://www.drugbank.ca/drugs/DB02155"
"341","Sorafenib (DB00398)","0.8365","http://www.drugbank.ca/drugs/DB00398"
"342","Dronedarone (DB04855)","0.8363","http://www.drugbank.ca/drugs/DB04855"
"343","FAMOXADONE (DB07778)","0.8361","http://www.drugbank.ca/drugs/DB07778"
"344","[(1-{2[(4-Carbamimidoyl-Phenylamino)-Methyl]-1-Methyl-1h-Benzoimidazol-5-Yl}-Cyclopropyl)-Pyridin-2-Yl-Methyleneaminooxy]-Acetic Acid Ethyl Ester (DB04107)","0.8358","http://www.drugbank.ca/drugs/DB04107"
"345","Linagliptin  (DB08882)","0.8358","http://www.drugbank.ca/drugs/DB08882"
"346","Tamoxifen (DB00675)","0.8357","http://www.drugbank.ca/drugs/DB00675"
"347","N-{3-[(4-{[3-(TRIFLUOROMETHYL)PHENYL]AMINO}PYRIMIDIN-2-YL)AMINO]PHENYL}CYCLOPROPANECARBOXAMIDE (DB07545)","0.8357","http://www.drugbank.ca/drugs/DB07545"
"348","2-{[(6-OXO-1,6-DIHYDROPYRIDIN-3-YL)METHYL]AMINO}-N-[4-PROPYL-3-(TRIFLUOROMETHYL)PHENYL]BENZAMIDE (DB07831)","0.8356","http://www.drugbank.ca/drugs/DB07831"
"349","Mitoxantrone (DB01204)","0.8355","http://www.drugbank.ca/drugs/DB01204"
"350","Toremifene (DB00539)","0.8352","http://www.drugbank.ca/drugs/DB00539"
"351","N-{3-[5-(6-Amino-Purin-9-Yl)-3,4-Dihydroxy-Tetrahydro-Furan-2-Yl]-Allyl}-2,3-Dihydroxy-5-Nitro-Benzamide (DB03907)","0.8349","http://www.drugbank.ca/drugs/DB03907"
"352","N-(P-CYANOPHENYL)-N'-DIPHENYLMETHYL-GUANIDINE-ACETIC ACID (DB07816)","0.8346","http://www.drugbank.ca/drugs/DB07816"
"353","Tryptophanyl-5'amp (DB01831)","0.8345","http://www.drugbank.ca/drugs/DB01831"
"354","(R)-N-[2-[1-(Aminoiminomethyl)-3-Piperidinyl]-1-Oxoethyl]-4-(Phenylethynyl)-L-Phenylalanine Methylester (DB03453)","0.8341","http://www.drugbank.ca/drugs/DB03453"
"355","RPR128515 (DB04424)","0.8336","http://www.drugbank.ca/drugs/DB04424"
"356","6-[N-(1-Isopropyl-1,2,3,4-Tetrahydro-7-Isoquinolinyl)Carbamyl]-2-Naphthalenecarboxamidine (DB02705)","0.8329","http://www.drugbank.ca/drugs/DB02705"
"357","(METHYLPYRIDAZINE PIPERIDINE PROPYLOXYPHENYL)ETHYLACETATE (DB08013)","0.8327","http://www.drugbank.ca/drugs/DB08013"
"358","Regorafenib (DB08896)","0.8323","http://www.drugbank.ca/drugs/DB08896"
"359","6-[(Z)-AMINO(IMINO)METHYL]-N-[3-(CYCLOPENTYLOXY)PHENYL]-2-NAPHTHAMIDE (DB07076)","0.8318","http://www.drugbank.ca/drugs/DB07076"
"360","Temocapril (DB08836)","0.8316","http://www.drugbank.ca/drugs/DB08836"
"361","Flavopiridol (DB03496)","0.8314","http://www.drugbank.ca/drugs/DB03496"
"362","Irbesartan (DB01029)","0.8314","http://www.drugbank.ca/drugs/DB01029"
"363","Solifenacin (DB01591)","0.8308","http://www.drugbank.ca/drugs/DB01591"
"364","4-[(1S)-1-(3-fluoro-4-methoxyphenyl)-2-(2-methoxy-5-nitrophenyl)ethyl]-1H-imidazol-2-amine (DB07415)","0.8308","http://www.drugbank.ca/drugs/DB07415"
"365","4-(6-{[(4-METHYLCYCLOHEXYL)AMINO]METHYL}-1,4-DIHYDROINDENO[1,2-C]PYRAZOL-3-YL)BENZOIC ACID (DB07320)","0.8302","http://www.drugbank.ca/drugs/DB07320"
"366","N-butyl-3-{[6-(9H-purin-6-ylamino)hexanoyl]amino}benzamide (DB07801)","0.8301","http://www.drugbank.ca/drugs/DB07801"
"367","(2R,3R,4S)-3-(4-HYDROXYPHENYL)-4-METHYL-2-[4-(2-PYRROLIDIN-1-YLETHOXY)PHENYL]CHROMAN-6-OL (DB07567)","0.8283","http://www.drugbank.ca/drugs/DB07567"
"368","Cefpiramide (DB00430)","0.8281","http://www.drugbank.ca/drugs/DB00430"
"369","Moxifloxacin (DB00218)","0.8277","http://www.drugbank.ca/drugs/DB00218"
"370","(5-(aminomethyl)-2H-spiro[benzofuran-3,4'-piperidine]-1'-yl)(5-(phenylethynyl)furan-2-yl)methanone (DB06962)","0.8275","http://www.drugbank.ca/drugs/DB06962"
"371","6-[N-(4-Ethyl-1,2,3,4-Tetrahydro-6-Isoquinolinyl)Carbamyl]-2-Naphthalenecarboxamidine (DB02551)","0.8267","http://www.drugbank.ca/drugs/DB02551"
"372","1S,3AS,8AS-TRIMETHYL-1-OXIDO-1,2,3,3A,8,8A-HEXAHYDROPYRROLO[2,3-B]INDOL-5-YL 2-ETHYLPHENYLCARBAMATE (DB07846)","0.8263","http://www.drugbank.ca/drugs/DB07846"
"373","(2R,3R,4S,5R)-2-[6-amino-8-[(3,4-dichlorophenyl)methylamino]purin-9-yl]-5-(hydroxymethyl)oxolane-3,4-diol (DB07045)","0.8256","http://www.drugbank.ca/drugs/DB07045"
"374","beta-phenyl-D-phenylalanyl-N-propyl-L-prolinamide (DB07083)","0.8246","http://www.drugbank.ca/drugs/DB07083"
"375","Halofantrine (DB01218)","0.8244","http://www.drugbank.ca/drugs/DB01218"
"376","(2e,3s)-3-Hydroxy-5'-[(4-Hydroxypiperidin-1-Yl)Sulfonyl]-3-Methyl-1,3-Dihydro-2,3'-Biindol-2'(1'h)-One (DB03583)","0.8243","http://www.drugbank.ca/drugs/DB03583"
"377","(S)-5-(4-Benzyloxy-Phenyl)-4-(7-Phenyl-Heptanoylamino)-Pentanoic Acid (DB04287)","0.8238","http://www.drugbank.ca/drugs/DB04287"
"378","10-(4-Dimethylamino-5-Hydroxy-6-Methyl-Tetrahydro-Pyran-2-Yloxy)-8-Ethyl-1,8,11-Trihydroxy-7,8,9,10-Tetrahydro-Naphthacene-5,12-Dione (DB04131)","0.8234","http://www.drugbank.ca/drugs/DB04131"
"379","1-(2,6-Dichlorophenyl)-5-(2,4-Difluorophenyl)-7-Piperidin-4-Yl-3,4-Dihydroquinolin-2(1h)-One (DB01948)","0.8233","http://www.drugbank.ca/drugs/DB01948"
"380","(1-Tert-Butyl-5-Hydroxy-1h-Pyrazol-4-Yl)-(6-Methanesulfonyl-4'-Methoxy-2-Methyl-Biphenyl-3-Yl)-Methanone (DB02850)","0.8229","http://www.drugbank.ca/drugs/DB02850"
"381","Salmeterol (DB00938)","0.8229","http://www.drugbank.ca/drugs/DB00938"
"382","N'-(3-CHLORO-4-METHOXY-PHENYL)-N-(3,4,5-TRIMETHOXYPHENYL)-1,3,5-TRIAZINE-2,4-DIAMINE (DB07251)","0.8229","http://www.drugbank.ca/drugs/DB07251"
"383","Benzofuran-2-Carboxylic Acid {(S)-3-Methyl-1-[3-Oxo-1-(Pyridin-2-Ylsulfonyl)Azepan-4-Ylcarbamoyl]Butyl}Amide (DB03642)","0.8213","http://www.drugbank.ca/drugs/DB03642"
"384","Aprepitant (DB00673)","0.8209","http://www.drugbank.ca/drugs/DB00673"
"385","Raltegravir (DB06817)","0.8202","http://www.drugbank.ca/drugs/DB06817"
"386","Glyburide (DB01016)","0.8201","http://www.drugbank.ca/drugs/DB01016"
"387","N~2~-1,3-BENZOXAZOL-2-YL-3-CYCLOHEXYL-N-{2-[(4-METHOXYPHENYL)AMINO]ETHYL}-L-ALANINAMIDE (DB07839)","0.8193","http://www.drugbank.ca/drugs/DB07839"
"388","5-(4-METHYL-BENZOYLAMINO)-BIPHENYL-3,4'-DICARBOXYLIC ACID 3-DIMETHYLAMIDE-4'-HYDROXYAMIDE (DB07586)","0.8184","http://www.drugbank.ca/drugs/DB07586"
"389","131-I-TM-601 (DB05462)","0.8180","http://www.drugbank.ca/drugs/DB05462"
"390","Pitavastatin (DB08860)","0.8176","http://www.drugbank.ca/drugs/DB08860"
"391","N-[1-(AMINOMETHYL)CYCLOPROPYL]-3-(BENZYLSULFONYL)-N~2~-[(1S)-2,2,2-TRIFLUORO-1-(4-HYDROXYPHENYL)ETHYL]-L-ALANINAMIDE (DB07589)","0.8168","http://www.drugbank.ca/drugs/DB07589"
"392","N-({(3R,4R)-4-[(benzyloxy)methyl]pyrrolidin-3-yl}methyl)-N-(2-methylpropyl)benzenesulfonamide (DB07505)","0.8166","http://www.drugbank.ca/drugs/DB07505"
"393","7-amino-2-tert-butyl-4-(4-pyrimidin-2-ylpiperazin-1-yl)pyrido[2,3-d]pyrimidine-6-carboxamide (DB07043)","0.8165","http://www.drugbank.ca/drugs/DB07043"
"394","Eltrombopag (DB06210)","0.8161","http://www.drugbank.ca/drugs/DB06210"
"395","Ambenonium (DB01122)","0.8154","http://www.drugbank.ca/drugs/DB01122"
"396","Nebivolol (DB04861)","0.8149","http://www.drugbank.ca/drugs/DB04861"
"397","Cyclohexyl-{4-[5-(3,4-Dichlorophenyl)-2-Piperidin-4-Yl-3-Propyl-3h-Imidazol-4-Yl]-Pyrimidin-2-Yl}Amine (DB02388)","0.8140","http://www.drugbank.ca/drugs/DB02388"
"398","6-[N-(1-Isopropyl-3,4-Dihydro-7-Isoquinolinyl)Carbamyl]-2-Naphthalenecarboxamidine (DB02473)","0.8136","http://www.drugbank.ca/drugs/DB02473"
"399","(3-EXO)-3-(10,11-DIHYDRO-5H-DIBENZO[A,D][7]ANNULEN-5-YLOXY)-8,8-DIMETHYL-8-AZONIABICYCLO[3.2.1]OCTANE (DB07494)","0.8136","http://www.drugbank.ca/drugs/DB07494"
"400","Trospium (DB00209)","0.8128","http://www.drugbank.ca/drugs/DB00209"
"401","Aclidinium (DB08897)","0.8127","http://www.drugbank.ca/drugs/DB08897"
"402","5-cyclopropyl-2-(4-fluorophenyl)-6-[(2-hydroxyethyl)(methylsulfonyl)amino]-N-methyl-1-benzofuran-3-carboxamide (DB07238)","0.8121","http://www.drugbank.ca/drugs/DB07238"
"403","Loperamide (DB00836)","0.8120","http://www.drugbank.ca/drugs/DB00836"
"404","(METHYLPYRIDAZINE PIPERIDINE BUTYLOXYPHENYL)ETHYLACETATE (DB08014)","0.8106","http://www.drugbank.ca/drugs/DB08014"
"405","Doxapram (DB00561)","0.8100","http://www.drugbank.ca/drugs/DB00561"
"406","N'-(5-CHLORO-1,3-BENZODIOXOL-4-YL)-N-(3,4,5- TRIMETHOXYPHENYL)PYRIMIDINE-2,4-DIAMINE (DB07250)","0.8097","http://www.drugbank.ca/drugs/DB07250"
"407","Ivacaftor (DB08820)","0.8095","http://www.drugbank.ca/drugs/DB08820"
"408","Sulfinpyrazone (DB01138)","0.8086","http://www.drugbank.ca/drugs/DB01138"
"409","Glycerol Phenylbutyrate (DB08909)","0.8082","http://www.drugbank.ca/drugs/DB08909"
"410","9-Butyl-8-(3,4,5-Trimethoxybenzyl)-9h-Purin-6-Amine (DB02754)","0.8067","http://www.drugbank.ca/drugs/DB02754"
"411","Cerivastatin (DB00439)","0.8053","http://www.drugbank.ca/drugs/DB00439"
"412","Methyl-[4-(4-Piperidine-1-Ylmethyl-Phenyl)-Cyclohexyl]-Carbaminic Acid-(4-Chlorophenyl)-Ester (DB03748)","0.8049","http://www.drugbank.ca/drugs/DB03748"
"413","Paliperidone (DB01267)","0.8045","http://www.drugbank.ca/drugs/DB01267"
"414","2-(4-(AMINOMETHYL)PIPERIDIN-1-YL)-N-(3_CYCLOHEXYL-4-OXO-2,4-DIHYDROINDENO[1,2-C]PYRAZOL-5-YL)ACETAMIDE (DB07618)","0.8034","http://www.drugbank.ca/drugs/DB07618"
"415","2,5-bis-o-{3-[amino(imino)methyl]phenyl}-1,4:3,6-dianhydro-d-glucitol (DB04790)","0.8024","http://www.drugbank.ca/drugs/DB04790"
"416","2-O-(4'-AMIDINOPHENYL)-5-O-(3''-AMIDINOPHENYL)-1,4:3,6-DIANHYDRO-D-SORBITOL (DB04791)","0.8024","http://www.drugbank.ca/drugs/DB04791"
"417","2,5-O,O-BIS-{4',4''-AMIDINOPHENYL}-1,4:3,6-DIANHYDRO-D-SORBITOL (DB04792)","0.8024","http://www.drugbank.ca/drugs/DB04792"
"418","2-O-(3'-AMIDINOPHENYL)-5-O-(4''-AMIDINOPHENYL}-1,4:3,6-DIANHYDRO-D-SORBITOL (DB04793)","0.8024","http://www.drugbank.ca/drugs/DB04793"
"419","9-Butyl-8-(2-Chloro-3,4,5-Trimethoxy-Benzyl)-9h-Purin-6-Ylamine (DB03504)","0.8022","http://www.drugbank.ca/drugs/DB03504"
"420","ONO-6818 (DB03925)","0.8022","http://www.drugbank.ca/drugs/DB03925"
"421","8-(2-Chloro-3,4,5-Trimethoxy-Benzyl)-9-Pent-4-Ylnyl-9h-Purin-6-Ylamine (DB04505)","0.8013","http://www.drugbank.ca/drugs/DB04505"
"422","Canagliflozin (DB08907)","0.7997","http://www.drugbank.ca/drugs/DB08907"
"423","Quinidine barbiturate (DB01346)","0.7995","http://www.drugbank.ca/drugs/DB01346"
"424","Saprisartan (DB01347)","0.7982","http://www.drugbank.ca/drugs/DB01347"
"425","8-(2-Chloro-3,4,5-Trimethoxy-Benzyl)-2-Fluoro-9-Pent-4-Ylnyl-9h-Purin-6-Ylamine (DB02550)","0.7977","http://www.drugbank.ca/drugs/DB02550"
"426","Tyrosyladenylate (DB03325)","0.7967","http://www.drugbank.ca/drugs/DB03325"
"427","Darifenacin (DB00496)","0.7946","http://www.drugbank.ca/drugs/DB00496"
"428","GC-24 (DB03788)","0.7938","http://www.drugbank.ca/drugs/DB03788"
"429","Idarubicin (DB01177)","0.7936","http://www.drugbank.ca/drugs/DB01177"
"430","Cabergoline (DB00248)","0.7920","http://www.drugbank.ca/drugs/DB00248"
"431","2-(6-CHLORO-3-{[2,2-DIFLUORO-2-(2-PYRIDINYL)ETHYL]AMINO}-2-OXO-1(2H)-PYRAZINYL)-N-[(2-FLUORO-3-METHYL-6-PYRIDINYL)METHYL]ACETAMIDE (DB07549)","0.7908","http://www.drugbank.ca/drugs/DB07549"
"432","Troglitazone (DB00197)","0.7905","http://www.drugbank.ca/drugs/DB00197"
"433","(5R)-5-(4-{[(2R)-6-HYDROXY-2,5,7,8-TETRAMETHYL-3,4-DIHYDRO-2H-CHROMEN-2-YL]METHOXY}BENZYL)-1,3-THIAZOLIDINE-2,4-DIONE (DB08607)","0.7905","http://www.drugbank.ca/drugs/DB08607"
"434","Cp-Coeleneterazine (DB03960)","0.7872","http://www.drugbank.ca/drugs/DB03960"
"435","Pralatrexate (DB06813)","0.7847","http://www.drugbank.ca/drugs/DB06813"
"436","(11S)-8-CHLORO-11-[1-(METHYLSULFONYL)PIPERIDIN-4-YL]-6-PIPERAZIN-1-YL-11H-BENZO[5,6]CYCLOHEPTA[1,2-B]PYRIDINE (DB07216)","0.7831","http://www.drugbank.ca/drugs/DB07216"
"437","4-[5-(Trans-4-Aminocyclohexylamino)-3-Isopropylpyrazolo[1,5-a]Pyrimidin-7-Ylamino]-N,N-Dimethylbenzenesulfonamide (DB01888)","0.7823","http://www.drugbank.ca/drugs/DB01888"
"438","N-[4-(1-BENZOYLPIPERIDIN-4-YL)BUTYL]-3-PYRIDIN-3-YLPROPANAMIDE (DB07656)","0.7822","http://www.drugbank.ca/drugs/DB07656"
"439","methyl (1R,2S)-2-(hydroxycarbamoyl)-1-{4-[(2-methylquinolin-4-yl)methoxy]benzyl}cyclopropanecarboxylate (DB07147)","0.7815","http://www.drugbank.ca/drugs/DB07147"
"440","LY249543 (DB04322)","0.7803","http://www.drugbank.ca/drugs/DB04322"
"441","Alfentanil (DB00802)","0.7793","http://www.drugbank.ca/drugs/DB00802"
"442","Zanapezil (DB04859)","0.7792","http://www.drugbank.ca/drugs/DB04859"
"443","4-[(3AS,4R,7R,8AS,8BR)-2-(1,3-BENZODIOXOL-5-YLMETHYL)-7-HYDROXY-1,3-DIOXODECAHYDROPYRROLO[3,4-A]PYRROLIZIN-4-YL]BENZENECARBOXIMIDAMIDE (DB08546)","0.7789","http://www.drugbank.ca/drugs/DB08546"
"444","(3ASR,4RS,8ASR,8BRS)-4-(2-(4-FLUOROBENZYL)-1,3-DIOXODEACAHYDROPYRROLO[3,4-A] PYRROLIZIN-4-YL)BENZAMIDINE (DB07796)","0.7784","http://www.drugbank.ca/drugs/DB07796"
"445","N-(TERT-BUTYL)-3,5-DIMETHYL-N'-[(5-METHYL-2,3-DIHYDRO-1,4-BENZODIOXIN-6-YL)CARBONYL]BENZOHYDRAZIDE (DB07929)","0.7774","http://www.drugbank.ca/drugs/DB07929"
"446","Mibefradil (DB01388)","0.7769","http://www.drugbank.ca/drugs/DB01388"
"447","3-({2-[(4-{[6-(CYCLOHEXYLMETHOXY)-9H-PURIN-2-YL]AMINO}PHENYL)SULFONYL]ETHYL}AMINO)PROPAN-1-OL (DB08309)","0.7766","http://www.drugbank.ca/drugs/DB08309"
"448","Diphenoxylate (DB01081)","0.7765","http://www.drugbank.ca/drugs/DB01081"
"449","5,10-Dideazatetrahydrofolic Acid (DB03625)","0.7727","http://www.drugbank.ca/drugs/DB03625"
"450","Fexofenadine (DB00950)","0.7707","http://www.drugbank.ca/drugs/DB00950"
"451","Donepezil (DB00843)","0.7703","http://www.drugbank.ca/drugs/DB00843"
"452","1-BENZYL-4-[(5,6-DIMETHOXY-1-INDANON-2-YL)METHYL]PIPERIDINE (DB07701)","0.7703","http://www.drugbank.ca/drugs/DB07701"
"453","Eprosartan (DB00876)","0.7702","http://www.drugbank.ca/drugs/DB00876"
"454","Terfenadine (DB00342)","0.7690","http://www.drugbank.ca/drugs/DB00342"
"455","9-CYCLOPENTYL-6-[2-(3-IMIDAZOL-1-YL-PROPOXY)-PHENYLAMINO]-9H-PURINE-2-CARBONITRILE (DB07967)","0.7684","http://www.drugbank.ca/drugs/DB07967"
"456","Difenoxin (DB01501)","0.7661","http://www.drugbank.ca/drugs/DB01501"
"457","Brodimoprim-4,6-Dicarboxylate (DB02809)","0.7656","http://www.drugbank.ca/drugs/DB02809"
"458","Verapamil (DB00661)","0.7634","http://www.drugbank.ca/drugs/DB00661"
"459","6-Phenyl-4(R)-(7-Phenyl-Heptanoylamino)-Hexanoic Acid (DB03471)","0.7615","http://www.drugbank.ca/drugs/DB03471"
"460","4-(1R,3AS,4R,8AS,8BR)-[1-DIFLUOROMETHYL-2-(4-FLUOROBENZYL)-3-OXODECAHYDROPYRROLO[3,4-A]PYRROLIZIN-4-YL]BENZAMIDINE (DB07741)","0.7589","http://www.drugbank.ca/drugs/DB07741"
"461","6-CARBAMIMIDOYL-2-[2-HYDROXY-5-(3-METHOXY-PHENYL)-INDAN-1-YL]-HEXANOIC ACID (DB06866)","0.7579","http://www.drugbank.ca/drugs/DB06866"
"462","Alvimopan (DB06274)","0.7574","http://www.drugbank.ca/drugs/DB06274"
"463","Tofisopam (DB08811)","0.7573","http://www.drugbank.ca/drugs/DB08811"
"464","6-CARBAMIMIDOYL-2-[2-HYDROXY-6-(4-HYDROXY-PHENYL)-INDAN-1-YL]-HEXANOIC ACID (DB06865)","0.7508","http://www.drugbank.ca/drugs/DB06865"
"465","Glipizide (DB01067)","0.7507","http://www.drugbank.ca/drugs/DB01067"
"466","BMS184394 (DB03466)","0.7440","http://www.drugbank.ca/drugs/DB03466"
"467","N-[(5R,14R)-5-AMINO-5,14-DIMETHYL-4-OXO-3-OXA-18-AZATRICYCLO[15.3.1.1~7,11~]DOCOSA-1(21),7(22),8,10,17,19-HEXAEN-19-YL]-N-METHYLMETHANESULFONAMIDE (DB07019)","0.7430","http://www.drugbank.ca/drugs/DB07019"
"468","SR11254 (DB02258)","0.7380","http://www.drugbank.ca/drugs/DB02258"
"469","(5r)-6-(4-{[2-(3-Iodobenzyl)-3-Oxocyclohex-1-En-1-Yl]Amino}Phenyl)-5-Methyl-4,5-Dihydropyridazin-3(2h)-One (DB01640)","0.7373","http://www.drugbank.ca/drugs/DB01640"
"470","5-(7-(5-HYDRO-4-ETHYL-2-OXAZOLYL)PHENOXY)HEPTYL)-3-METHYL ISOXAZOLE (DB08725)","0.7363","http://www.drugbank.ca/drugs/DB08725"
"471","CD564 (DB02741)","0.7359","http://www.drugbank.ca/drugs/DB02741"
"472","N-{(1S,2R)-1-BENZYL-3-[(CYCLOPROPYLMETHYL)(2-FURYLSULFONYL)AMINO]-2-HYDROXYPROPYL}-N'-METHYLSUCCINAMIDE (DB08223)","0.7307","http://www.drugbank.ca/drugs/DB08223"
"473","(1S,2S,5S)2-(4-GLUTARIDYLBENZYL)-5-PHENYL-1-CYCLOHEXANOL (DB07909)","0.7286","http://www.drugbank.ca/drugs/DB07909"
"474","5-METHYL-3-(9-OXO-1,8-DIAZA-TRICYCLO[10.6.1.013,18]NONADECA-12(19),13,15,17-TETRAEN-10-YLCARBAMOYL)-HEXANOIC ACID (DB08493)","0.7273","http://www.drugbank.ca/drugs/DB08493"
"475","SP2456 (DB03957)","0.7242","http://www.drugbank.ca/drugs/DB03957"
"476","2-[Trans-(4-Aminocyclohexyl)Amino]-6-(Benzyl-Amino)-9-Cyclopentylpurine (DB04288)","0.7238","http://www.drugbank.ca/drugs/DB04288"
"477","N-[3-(Dimethylamino)Propyl]-2-({[4-({[4-(Formylamino)-1-Methyl-1h-Pyrrol-2-Yl]Carbonyl}Amino)-1-Methyl-1h-Pyrrol-2-Yl]Carbonyl}Amino)-5-Isopropyl-1,3-Thiazole-4-Carboxamide (DB02295)","0.7227","http://www.drugbank.ca/drugs/DB02295"
"478","1,2-Hydro-1-Oxy-3,4-Hydro-3-(1-Methoxy-2-Oxy-3,4-Dihydroxypentyl)-8,9-Dihydroxy-7-(Sec-Butyl)-Anthracene (DB04240)","0.7223","http://www.drugbank.ca/drugs/DB04240"
"479","Benzylmorphine (DB01573)","0.7222","http://www.drugbank.ca/drugs/DB01573"
"480","N4-HYDROXY-2-ISOBUTYL-N1-(9-OXO-1,8-DIAZA-TRICYCLO[10.6.1.013,18]NONADECA-12(19),13,15,17-TETRAEN-10-YL)-SUCCINAMIDE (DB08489)","0.7198","http://www.drugbank.ca/drugs/DB08489"
"481","Glimepiride (DB00222)","0.7196","http://www.drugbank.ca/drugs/DB00222"
"482","5-[[(2R)-2-cyclopropyl-7,8-dimethoxy-chroman-5-yl]methyl]pyrimidine-2,4-diamine (DB07938)","0.7171","http://www.drugbank.ca/drugs/DB07938"
"483","Ticagrelor (DB08816)","0.7139","http://www.drugbank.ca/drugs/DB08816"
"484","N-cyclopropyl-N-(trans-4-pyridin-3-ylcyclohexyl)-4-[(1S)-2,2,2-trifluoro-1-hydroxy-1-methylethyl]benzamide (DB07619)","0.7110","http://www.drugbank.ca/drugs/DB07619"
"485","Dipyridamole (DB00975)","0.7100","http://www.drugbank.ca/drugs/DB00975"
"486","R-3-FLUORO-4-[2-HYDROXY-2-(5,5,8,8-TETRAMETHYL-5,6,7,8,-TETRAHYDRO-NAPHTALEN-2-YL)-ACETYLAMINO]-BENZOIC ACID (DB07031)","0.7006","http://www.drugbank.ca/drugs/DB07031"
"487","3-FLUORO-4-[2-HYDROXY-2-(5,5,8,8-TETRAMETHYL-5,6,7,8,-TETRAHYDRO-NAPHTALEN-2-YL)-ACETYLAMINO]-BENZOIC ACID (DB07294)","0.7006","http://www.drugbank.ca/drugs/DB07294"
"488","Yohimbine (DB01392)","0.6870","http://www.drugbank.ca/drugs/DB01392"
"489","Batimastat (DB03880)","0.6834","http://www.drugbank.ca/drugs/DB03880"
"490","Adapalene (DB00210)","0.6807","http://www.drugbank.ca/drugs/DB00210"
"491","Cilostazol (DB01166)","0.6464","http://www.drugbank.ca/drugs/DB01166"
"492","(2S,4S,5R)-1-(4-TERT-BUTYLBENZOYL)-2-ISOBUTYL-5-(1,3-THIAZOL-2-YL)PYRROLIDINE-2,4-DICARBOXYLIC ACID (DB07199)","0.6341","http://www.drugbank.ca/drugs/DB07199"
"493","Levocabastine (DB01106)","0.6337","http://www.drugbank.ca/drugs/DB01106"
"494","[1-(4-Fluorobenzyl)Cyclobutyl]Methyl (1s)-1-[Oxo(1h-Pyrazol-5-Ylamino)Acetyl]Pentylcarbamate (DB01858)","0.6212","http://www.drugbank.ca/drugs/DB01858"
"495","(4aS,4bR,10bS,12aS)-12a-methyl-1,3-dioxo-2-(pyridin-3-ylmethyl)-1,2,3,4,4a,4b,5,6,10b,11,12,12a-dodecahydronaphtho[2,1-f]isoquinolin-8-yl sulfamate (DB08418)","0.5526","http://www.drugbank.ca/drugs/DB08418"
"496","5'-S-[2-(decylamino)ethyl]-5'-thioadenosine (DB07413)","0.5371","http://www.drugbank.ca/drugs/DB07413"
"497","6-[1-(3,5,5,8,8-Pentamethyl-5,6,7,8-Tetrahydronaphthalen-2-Yl)Cyclopropyl]Pyridine-3-Carboxylic Acid (DB01941)","0.5295","http://www.drugbank.ca/drugs/DB01941"
"498","(2S,3S)-3-AMINO-4-[(3S)-3-FLUOROPYRROLIDIN-1-YL]-N,N-DIMETHYL-4-OXO-2-(TRANS-4-[1,2,4]TRIAZOLO[1,5-A]PYRIDIN-5-YLCYCLOHEXYL)BUTANAMIDE (DB07135)","0.5197","http://www.drugbank.ca/drugs/DB07135"
"499","Binodenoson (DB04853)","0.4941","http://www.drugbank.ca/drugs/DB04853"
"500","Myxothiazol (DB04741)","0.4861","http://www.drugbank.ca/drugs/DB04741"
