"","DrugBank Compound (Name, ID)","Similarity to ","Link"
"1","Azacitidine (DB00928)","1.0000","http://www.drugbank.ca/drugs/DB00928"
"2","Decitabine (DB01262)","0.9850","http://www.drugbank.ca/drugs/DB01262"
"3","Cytarabine (DB00987)","0.9288","http://www.drugbank.ca/drugs/DB00987"
"4","CP-4055 (DB05494)","0.9288","http://www.drugbank.ca/drugs/DB05494"
"5","Cytidine (DB02097)","0.9288","http://www.drugbank.ca/drugs/DB02097"
"6","5-Aminoimidazole Ribonucleoside (DB04568)","0.9283","http://www.drugbank.ca/drugs/DB04568"
"7","Zebularine (DB03068)","0.9206","http://www.drugbank.ca/drugs/DB03068"
"8","Isatoribine (DB04860)","0.9144","http://www.drugbank.ca/drugs/DB04860"
"9","Uridine (DB02745)","0.9141","http://www.drugbank.ca/drugs/DB02745"
"10","2'-Deoxycytidine (DB02594)","0.9130","http://www.drugbank.ca/drugs/DB02594"
"11","Acadesine (DB04944)","0.9117","http://www.drugbank.ca/drugs/DB04944"
"12","Guanosine (DB02857)","0.9082","http://www.drugbank.ca/drugs/DB02857"
"13","5-Fluorouridine (DB01629)","0.9019","http://www.drugbank.ca/drugs/DB01629"
"14","7-Methylguanosine (DB03493)","0.9012","http://www.drugbank.ca/drugs/DB03493"
"15","Nelarabine (DB01280)","0.8986","http://www.drugbank.ca/drugs/DB01280"
"16","6-Hydroxy-1,6-Dihydro Purine Nucleoside (DB03015)","0.8968","http://www.drugbank.ca/drugs/DB03015"
"17","2'-Deoxyuridine (DB02256)","0.8966","http://www.drugbank.ca/drugs/DB02256"
"18","Inosine (DB04335)","0.8962","http://www.drugbank.ca/drugs/DB04335"
"19","Vidarabine (DB00194)","0.8956","http://www.drugbank.ca/drugs/DB00194"
"20","Adenosine (DB00640)","0.8956","http://www.drugbank.ca/drugs/DB00640"
"21","9-Beta-D-Xylofuranosyl-Adenine (DB03528)","0.8956","http://www.drugbank.ca/drugs/DB03528"
"22","Ribavirin (DB00811)","0.8952","http://www.drugbank.ca/drugs/DB00811"
"23","9-(6-Deoxy-Alpha-L-Talofuranosyl)-6-Methylpurine (DB02934)","0.8947","http://www.drugbank.ca/drugs/DB02934"
"24","9-(6-Deoxy-Beta-D-Allofuranosyl)-6-Methylpurine (DB03952)","0.8947","http://www.drugbank.ca/drugs/DB03952"
"25","OSI-7836 (DB05837)","0.8946","http://www.drugbank.ca/drugs/DB05837"
"26","Cyclouridine (DB04627)","0.8918","http://www.drugbank.ca/drugs/DB04627"
"27","Purine Riboside (DB04440)","0.8893","http://www.drugbank.ca/drugs/DB04440"
"28","6-Hydroxy-7,8-Dihydro Purine Nucleoside (DB02472)","0.8883","http://www.drugbank.ca/drugs/DB02472"
"29","2-Fluoroadenosine (DB04441)","0.8882","http://www.drugbank.ca/drugs/DB04441"
"30","Selenoinosine (DB02753)","0.8841","http://www.drugbank.ca/drugs/DB02753"
"31","Idoxuridine (DB00249)","0.8815","http://www.drugbank.ca/drugs/DB00249"
"32","Floxuridine (DB00322)","0.8815","http://www.drugbank.ca/drugs/DB00322"
"33","Telbivudine (DB01265)","0.8786","http://www.drugbank.ca/drugs/DB01265"
"34","Deoxythymidine (DB04485)","0.8786","http://www.drugbank.ca/drugs/DB04485"
"35","Methylthioinosine (DB02896)","0.8786","http://www.drugbank.ca/drugs/DB02896"
"36","Cytosine Arabinose-5'-Phosphate (DB02456)","0.8753","http://www.drugbank.ca/drugs/DB02456"
"37","Cytidine-5'-Monophosphate (DB03403)","0.8753","http://www.drugbank.ca/drugs/DB03403"
"38","Pentostatin (DB00552)","0.8741","http://www.drugbank.ca/drugs/DB00552"
"39","8-Hydroxy-2'-Deoxyguanosine (DB02502)","0.8725","http://www.drugbank.ca/drugs/DB02502"
"40","Cytidine-3'-Monophosphate (DB01961)","0.8723","http://www.drugbank.ca/drugs/DB01961"
"41","Cytidine-2'-Monophosphate (DB03765)","0.8723","http://www.drugbank.ca/drugs/DB03765"
"42","Zalcitabine (DB00943)","0.8722","http://www.drugbank.ca/drugs/DB00943"
"43","3-Deoxyguanosine (DB03609)","0.8719","http://www.drugbank.ca/drugs/DB03609"
"44","2'-5'dideoxyuridine (DB03274)","0.8703","http://www.drugbank.ca/drugs/DB03274"
"45","5-Methylcytidine-5'-Monophosphate (DB01995)","0.8675","http://www.drugbank.ca/drugs/DB01995"
"46","Adenosine monophosphate (DB00131)","0.8653","http://www.drugbank.ca/drugs/DB00131"
"47","5-bromo-cytidinemonophosphate (DB05248)","0.8650","http://www.drugbank.ca/drugs/DB05248"
"48","5-Bromovinyldeoxyuridine (DB03312)","0.8629","http://www.drugbank.ca/drugs/DB03312"
"49","Aicar (DB01700)","0.8626","http://www.drugbank.ca/drugs/DB01700"
"50","Uridine-5'-Monophosphate (DB03685)","0.8605","http://www.drugbank.ca/drugs/DB03685"
"51","Purine Riboside-5'-Monophosphate (DB03726)","0.8585","http://www.drugbank.ca/drugs/DB03726"
"52","3'-Uridinemonophosphate (DB02714)","0.8576","http://www.drugbank.ca/drugs/DB02714"
"53","1-(3-O-Phosphono-Beta-L-Arabinofuranosyl)Pyrimidine-2,4(1h,3h)-Dione (DB02805)","0.8576","http://www.drugbank.ca/drugs/DB02805"
"54","2-Amino-Adenosine (DB04102)","0.8575","http://www.drugbank.ca/drugs/DB04102"
"55","Xylose-Derived Imidazole (DB02374)","0.8556","http://www.drugbank.ca/drugs/DB02374"
"56","7-Alpha-D-Ribofuranosyl-Purine-5'-Phosphate (DB03200)","0.8546","http://www.drugbank.ca/drugs/DB03200"
"57","5-Methyl-2'-Deoxypseudouridine (DB03763)","0.8535","http://www.drugbank.ca/drugs/DB03763"
"58","Cladribine (DB00242)","0.8534","http://www.drugbank.ca/drugs/DB00242"
"59","2-Fluoro-2'-Deoxyadenosine (DB02947)","0.8534","http://www.drugbank.ca/drugs/DB02947"
"60","9-(2-Deoxy-Beta-D-Ribofuranosyl)-6-Methylpurine (DB03735)","0.8523","http://www.drugbank.ca/drugs/DB03735"
"61","3'-Oxo-Adenosine (DB03273)","0.8510","http://www.drugbank.ca/drugs/DB03273"
"62","2'-Deoxycytidine-5'-Monophosphate (DB03798)","0.8503","http://www.drugbank.ca/drugs/DB03798"
"63","Cyclic Adenosine Monophosphate (DB02527)","0.8474","http://www.drugbank.ca/drugs/DB02527"
"64","Gemcitabine (DB00441)","0.8467","http://www.drugbank.ca/drugs/DB00441"
"65","Thymidine-5'-(Dithio)Phosphate (DB02980)","0.8464","http://www.drugbank.ca/drugs/DB02980"
"66","Sp-Adenosine-3',5'-Cyclic-Monophosphorothioate (DB01790)","0.8459","http://www.drugbank.ca/drugs/DB01790"
"67","Ribavirin Monophosphate (DB01693)","0.8447","http://www.drugbank.ca/drugs/DB01693"
"68","5-Nitroso-6-Ribityl-Amino-2,4(1h,3h)-Pyrimidinedione (DB04128)","0.8440","http://www.drugbank.ca/drugs/DB04128"
"69","6-Aza-Ump (DB03718)","0.8369","http://www.drugbank.ca/drugs/DB03718"
"70","2'-deoxyuridylic acid (DB03800)","0.8340","http://www.drugbank.ca/drugs/DB03800"
"71","5-Nitro-6-Ribityl-Amino-2,4(1h,3h)-Pyrimidinedione (DB04162)","0.8336","http://www.drugbank.ca/drugs/DB04162"
"72","1-Deaza-Adenosine (DB04218)","0.8311","http://www.drugbank.ca/drugs/DB04218"
"73","2'-Deoxyuridine 3'-Monophosphate (DB03448)","0.8306","http://www.drugbank.ca/drugs/DB03448"
"74","2-Ribofuranosyl-3-Iodo-2,3-Dihydro-1h-Pyrazolo[3,4-D]Pyrimidin-4-Ylamine (DB02416)","0.8297","http://www.drugbank.ca/drugs/DB02416"
"75","THYMIDINE-5'-THIOPHOSPHATE (DB08432)","0.8255","http://www.drugbank.ca/drugs/DB08432"
"76","Thymidine-5'-Phosphate (DB01643)","0.8243","http://www.drugbank.ca/drugs/DB01643"
"77","Pseudouridine-5'-Monophosphate (DB03829)","0.8241","http://www.drugbank.ca/drugs/DB03829"
"78","5-Bromo-2'-Deoxyuridine-5'-Monophosphate (DB01903)","0.8223","http://www.drugbank.ca/drugs/DB01903"
"79","5-Iodo-2'-Deoxyuridine-5'-Monophosphate (DB02324)","0.8223","http://www.drugbank.ca/drugs/DB02324"
"80","5-Fluoro-2'-Deoxyuridine-5'-Monophosphate (DB03761)","0.8223","http://www.drugbank.ca/drugs/DB03761"
"81","Tubercidin (DB03172)","0.8211","http://www.drugbank.ca/drugs/DB03172"
"82","1-(2-Deoxy-2-Fluoro-3-O-Phosphono-Beta-L-Ribofuranosyl)Pyrimidine-2,4(1h,3h)-Dione (DB03155)","0.8180","http://www.drugbank.ca/drugs/DB03155"
"83","5-(6-Amino-9h-Purin-9-Yl)-4-Hydroxytetrahydrofuran-3-Yl Dihydrogen Phosphate (DB02454)","0.8147","http://www.drugbank.ca/drugs/DB02454"
"84","5-iodotubercidin (DB04604)","0.8136","http://www.drugbank.ca/drugs/DB04604"
"85","Didanosine (DB00900)","0.8132","http://www.drugbank.ca/drugs/DB00900"
"86","Troxacitabine (DB04961)","0.8092","http://www.drugbank.ca/drugs/DB04961"
"87","6-Methyl-Formycin A (DB03986)","0.8080","http://www.drugbank.ca/drugs/DB03986"
"88","Zidovudine (DB00495)","0.8073","http://www.drugbank.ca/drugs/DB00495"
"89","2',3'-Dideoxycytidine-5'-Monophosphate (DB02883)","0.8044","http://www.drugbank.ca/drugs/DB02883"
"90","D-Eritadenine (DB03769)","0.8012","http://www.drugbank.ca/drugs/DB03769"
"91","Formycin (DB02281)","0.7981","http://www.drugbank.ca/drugs/DB02281"
"92","N7-Methyl-Formycin A (DB02066)","0.7980","http://www.drugbank.ca/drugs/DB02066"
"93","Formycin B (DB04198)","0.7971","http://www.drugbank.ca/drugs/DB04198"
"94","7,8-Dihydroneopterin (DB04425)","0.7960","http://www.drugbank.ca/drugs/DB04425"
"95","2',5'-DIDEOXY-ADENOSINE 3'-MONOPHOSPHATE (DB06843)","0.7955","http://www.drugbank.ca/drugs/DB06843"
"96","Trifluridine (DB00432)","0.7942","http://www.drugbank.ca/drugs/DB00432"
"97","3-Deaza-Adenosine (DB04546)","0.7916","http://www.drugbank.ca/drugs/DB04546"
"98","7-(5-DEOXY-BETA-D-RIBOFURANOSYL)-5-IODO-7H-PYRROLO[2,3-D]PYRIMIDIN-4-AMINE (DB07173)","0.7911","http://www.drugbank.ca/drugs/DB07173"
"99","Ganciclovir (DB01004)","0.7882","http://www.drugbank.ca/drugs/DB01004"
"100","3-Deazacytidine (DB04385)","0.7848","http://www.drugbank.ca/drugs/DB04385"
"101","2-(Beta-D-Glucopyranosyl)-5-Methyl-1,3,4-Oxadiazole (DB03354)","0.7804","http://www.drugbank.ca/drugs/DB03354"
"102","2',3'-Dideoxythymidine-5'-Monophosphate (DB03150)","0.7762","http://www.drugbank.ca/drugs/DB03150"
"103","Phosphoric Acid Mono-[3-Amino-5-(5-Methyl-2,4-Dioxo-3,4-Dihydro-2h-Pyrimidin-1-Yl)-Tetrahydro-Furan-2-Ylmethyl] Ester (DB03233)","0.7748","http://www.drugbank.ca/drugs/DB03233"
"104","9-Deazainosine (DB02796)","0.7708","http://www.drugbank.ca/drugs/DB02796"
"105","3-O-Methylfructose in Linear Form (DB02438)","0.7703","http://www.drugbank.ca/drugs/DB02438"
"106","Stavudine (DB00649)","0.7675","http://www.drugbank.ca/drugs/DB00649"
"107","Phosphoric Acid Mono-[3-Fluoro-5-(5-Methyl-2,4-Dioxo-3,4-Dihydro-2h-Pyrimidin-1-Yl)-Tetrahyro-Furan-2-Ylmethyl] Ester (DB03195)","0.7647","http://www.drugbank.ca/drugs/DB03195"
"108","3'-THIO-THYMIDINE-5'-PHOSPHATE (DB08651)","0.7647","http://www.drugbank.ca/drugs/DB08651"
"109","Penciclovir (DB00299)","0.7617","http://www.drugbank.ca/drugs/DB00299"
"110","3'-Azido-3'-Deoxythymidine-5'-Monophosphate (DB03666)","0.7606","http://www.drugbank.ca/drugs/DB03666"
"111","Cidofovir (DB00369)","0.7559","http://www.drugbank.ca/drugs/DB00369"
"112","7,8-Dihydro-L-Biopterin (DB03271)","0.7532","http://www.drugbank.ca/drugs/DB03271"
"113","7,8-Dihydrobiopterin (DB04400)","0.7532","http://www.drugbank.ca/drugs/DB04400"
"114","N-Acetyl-D-glucosamine (DB00141)","0.7443","http://www.drugbank.ca/drugs/DB00141"
"115","(5r,6s,7s,8s)-5-Hydroxymethyl-6,7,8-Trihydroxy-Tetrazolo[1,5-a]Piperidine (DB02294)","0.7433","http://www.drugbank.ca/drugs/DB02294"
"116","Nojirimycine Tetrazole (DB02471)","0.7433","http://www.drugbank.ca/drugs/DB02471"
"117","Tetrahydrobiopterin (DB00360)","0.7345","http://www.drugbank.ca/drugs/DB00360"
"118","(6r,1'r,2's)-5,6,7,8 Tetrahydrobiopterin (DB02692)","0.7345","http://www.drugbank.ca/drugs/DB02692"
"119","6s-5,6,7,8-Tetrahydrobiopterin (DB03918)","0.7345","http://www.drugbank.ca/drugs/DB03918"
"120","Lamivudine (DB00709)","0.7300","http://www.drugbank.ca/drugs/DB00709"
"121","D-Gluconhydroximo-1,5-Lactam (DB02376)","0.7287","http://www.drugbank.ca/drugs/DB02376"
"122","D-Galactohydroximo-1,5-Lactam (DB02525)","0.7287","http://www.drugbank.ca/drugs/DB02525"
"123","5-Hydroxymethyl-Chonduritol (DB03092)","0.7224","http://www.drugbank.ca/drugs/DB03092"
"124","6-(Dihydroxy-Isobutyl)-Thymine (DB02500)","0.7161","http://www.drugbank.ca/drugs/DB02500"
"125","6-Amino-4-Hydroxymethyl-Cyclohex-4-Ene-1,2,3-Triol (DB02120)","0.7128","http://www.drugbank.ca/drugs/DB02120"
"126","Emtricitabine (DB00879)","0.7101","http://www.drugbank.ca/drugs/DB00879"
"127","cyclic 3',5'-thymidine monophosphate (DB04672)","0.7089","http://www.drugbank.ca/drugs/DB04672"
"128","Neopterin (DB02385)","0.7069","http://www.drugbank.ca/drugs/DB02385"
"129","Threonine-Aspartic Ester (DB01817)","0.7046","http://www.drugbank.ca/drugs/DB01817"
"130","4-Methyl-Histidine (DB04151)","0.7040","http://www.drugbank.ca/drugs/DB04151"
"131","N-Propyl-Tartramic Acid (DB03390)","0.7039","http://www.drugbank.ca/drugs/DB03390"
"132","2-(Acetylamino)-2-Deoxy-6-O-Methyl-Alpha-D-Allopyranose (DB03539)","0.6986","http://www.drugbank.ca/drugs/DB03539"
"133","L-Histidine (DB00117)","0.6959","http://www.drugbank.ca/drugs/DB00117"
"134","4-(2-methoxyethoxy)-6-methylpyrimidin-2-amine (DB08786)","0.6939","http://www.drugbank.ca/drugs/DB08786"
"135","Dyphylline (DB00651)","0.6938","http://www.drugbank.ca/drugs/DB00651"
"136","2-Amino-7-[2-(2-Hydroxy-1-Hydroxymethyl-Ethylamino)-Ethyl]-1,7-Dihydro-Purin-6-One (DB02391)","0.6860","http://www.drugbank.ca/drugs/DB02391"
"137","Immucillin-G (DB02230)","0.6839","http://www.drugbank.ca/drugs/DB02230"
"138","Aciclovir (DB00787)","0.6775","http://www.drugbank.ca/drugs/DB00787"
"139","iontophoretic acyclovir (DB05347)","0.6775","http://www.drugbank.ca/drugs/DB05347"
"140","(5-Methyl-6-Oxo-1,6-Dihydro-Pyridin-3-Yl)-1,2-Dideoxy-Ribofuranose-5-Monophosphate (DB04060)","0.6736","http://www.drugbank.ca/drugs/DB04060"
"141","P-Aminophenyl-Alpha-D-Galactopyranoside (DB03242)","0.6655","http://www.drugbank.ca/drugs/DB03242"
"142","(2r,3r,4s,5r)-2-Acetamido-3,4-Dihydroxy-5-Hydroxymethyl-Piperidinium (DB03861)","0.6647","http://www.drugbank.ca/drugs/DB03861"
"143","Pilocarpine (DB01085)","0.6607","http://www.drugbank.ca/drugs/DB01085"
"144","2,6-Diamino-(S)-9-[2-(Phosphonomethoxy)Propyl]Purine (DB02222)","0.6603","http://www.drugbank.ca/drugs/DB02222"
"145","(S)-2-Amino-3-(1,3,5,7-Pentahydro-2,4-Dioxo-Cyclopenta[E]Pyrimidin-1-Yl) Proionic Acid (DB03240)","0.6576","http://www.drugbank.ca/drugs/DB03240"
"146","Willardiine (DB04129)","0.6576","http://www.drugbank.ca/drugs/DB04129"
"147","Tenofovir (DB00300)","0.6534","http://www.drugbank.ca/drugs/DB00300"
"148","ORTHONITROPHENYL-BETA-D-FUCOPYRANOSIDE (DB08297)","0.6461","http://www.drugbank.ca/drugs/DB08297"
"149","2-AMINO-4-HYDROXYPYRIMIDINE-5-CARBOXYLIC ACID ETHYL ESTER (DB06906)","0.6438","http://www.drugbank.ca/drugs/DB06906"
"150","(2S)-2-AMINO-4-(METHYLSULFANYL)-1-(1,3-THIAZOL-2-YL)BUTANE-1,1-DIOL (DB08160)","0.6438","http://www.drugbank.ca/drugs/DB08160"
"151","6-Hydroxypropylthymine (DB04139)","0.6411","http://www.drugbank.ca/drugs/DB04139"
"152","Pantothenic acid (DB01783)","0.6378","http://www.drugbank.ca/drugs/DB01783"
"153","Iodo-Willardiine (DB02818)","0.6374","http://www.drugbank.ca/drugs/DB02818"
"154","Fluoro-Willardiine (DB02966)","0.6374","http://www.drugbank.ca/drugs/DB02966"
"155","Bromo-Willardiine (DB04000)","0.6374","http://www.drugbank.ca/drugs/DB04000"
"156","MT-Immucillin-H (DB03881)","0.6370","http://www.drugbank.ca/drugs/DB03881"
"157","1-Methoxy-2-[2-(2-Methoxy-Ethoxy]-Ethane (DB02078)","0.6302","http://www.drugbank.ca/drugs/DB02078"
"158","Meprobamate (DB00371)","0.6300","http://www.drugbank.ca/drugs/DB00371"
"159","Metronidazole (DB00916)","0.6241","http://www.drugbank.ca/drugs/DB00916"
"160","6-CYCLOHEXYLMETHYLOXY-5-NITROSO-PYRIMIDINE-2,4-DIAMINE (DB08312)","0.6219","http://www.drugbank.ca/drugs/DB08312"
"161","Pinacol[[2-Amino-Alpha-(1-Carboxy-1-Methylethoxyimino)-4-Thiazoleacetyl]Amino]Methaneboronate (DB04035)","0.6209","http://www.drugbank.ca/drugs/DB04035"
"162","7,8-Dihydro-7,7-Dimethyl-6-Hydroxypterin (DB02278)","0.6207","http://www.drugbank.ca/drugs/DB02278"
"163","4-Nitrophenyl-Ara (DB03196)","0.6205","http://www.drugbank.ca/drugs/DB03196"
"164","Glutamine t-butyl ester (DB04636)","0.6191","http://www.drugbank.ca/drugs/DB04636"
"165","4-Methylidene-5-One (DB03071)","0.6191","http://www.drugbank.ca/drugs/DB03071"
"166","9-(5,5-Difluoro-5-Phosphonopentyl)Guanine (DB04260)","0.6167","http://www.drugbank.ca/drugs/DB04260"
"167","2-T-BUTYLAMINO-4-ETHYLAMINO-6-METHYLTHIO-S-TRIAZINE (DB08215)","0.6149","http://www.drugbank.ca/drugs/DB08215"
"168","2-CHLORO-4-ISOPROPYLAMINO-6-ETHYLAMINO -1,3,5-TRIAZINE (DB07392)","0.6056","http://www.drugbank.ca/drugs/DB07392"
"169","Phosphoric Acid Mono-[2-Amino-3-(3h-Imidazol-4-Yl)-Propyl]Ester (DB03997)","0.6046","http://www.drugbank.ca/drugs/DB03997"
"170","Nd1-Phosphonohistidine (DB01899)","0.6005","http://www.drugbank.ca/drugs/DB01899"
"171","N-(ethoxycarbonyl)-L-leucine (DB06839)","0.5993","http://www.drugbank.ca/drugs/DB06839"
"172","4-(6-CHLORO-2,4-DIOXO-1,2,3,4-TETRAHYDROPYRIMIDIN-5-YL) BUTYL PHOSPHATE (DB08016)","0.5946","http://www.drugbank.ca/drugs/DB08016"
"173","6-Hydroxymethyl-7,8-Dihydropterin (DB02119)","0.5885","http://www.drugbank.ca/drugs/DB02119"
"174","TERT-BUTYL [(1R)-2-METHYL-1-(1,3,4-OXADIAZOL-2-YL)PROPYL]CARBAMATE (DB08336)","0.5875","http://www.drugbank.ca/drugs/DB08336"
"175","TERT-BUTYL [(1S)-2-METHYL-1-(1,3,4-OXADIAZOL-2-YL)PROPYL]CARBAMATE (DB08337)","0.5875","http://www.drugbank.ca/drugs/DB08337"
"176","4-Imidazolmethylene-5-Imidazolone Chromophore (DB02356)","0.5841","http://www.drugbank.ca/drugs/DB02356"
"177","Deoxyguanidinoproclavaminic acid (DB02475)","0.5826","http://www.drugbank.ca/drugs/DB02475"
"178","(South)-Methanocarba-Thymidine (DB02921)","0.5804","http://www.drugbank.ca/drugs/DB02921"
"179","2,6-Diaminopimelic Acid (DB03590)","0.5755","http://www.drugbank.ca/drugs/DB03590"
"180","(2s)-2-Amino-4-(Methylsulfanyl)-1-Pyridin-2-Ylbutane-1,1-Diol (DB01882)","0.5701","http://www.drugbank.ca/drugs/DB01882"
"181","(5r)-5-Amino-6-Hydroxyhexylcarbamic Acid (DB02437)","0.5697","http://www.drugbank.ca/drugs/DB02437"
"182","Nz-(1-Carboxyethyl)-Lysine (DB02370)","0.5641","http://www.drugbank.ca/drugs/DB02370"
"183","Lysine Nz-Carboxylic Acid (DB03801)","0.5623","http://www.drugbank.ca/drugs/DB03801"
"184","N-(3-CARBOXYPROPANOYL)-L-NORVALINE (DB08554)","0.5609","http://www.drugbank.ca/drugs/DB08554"
"185","N~2~-Succinylornithine (DB03582)","0.5605","http://www.drugbank.ca/drugs/DB03582"
"186","(4s)-4-{[(2s)-2-Amino-3-Oxopropyl]Sulfanyl}-L-Homoserinate (DB03502)","0.5585","http://www.drugbank.ca/drugs/DB03502"
"187","N2-(Carboxyethyl)-L-Arginine (DB04189)","0.5522","http://www.drugbank.ca/drugs/DB04189"
"188","Acetylcarnitine (DB08842)","0.5518","http://www.drugbank.ca/drugs/DB08842"
"189","(S)-2-[4-(Aminomethyl)-1h-1,2,3-Triazol-1-Yl]-4-Methylpentanoic Acid (DB03244)","0.5508","http://www.drugbank.ca/drugs/DB03244"
"190","Gamma-Glutamylcysteine (DB03408)","0.5469","http://www.drugbank.ca/drugs/DB03408"
"191","Thiamin Phosphate (DB03416)","0.5467","http://www.drugbank.ca/drugs/DB03416"
"192","Minoxidil (DB00350)","0.5402","http://www.drugbank.ca/drugs/DB00350"
"193","2-(ACETYL-HYDROXY-AMINO)-4-METHYL-PENTANOIC ACID METHYL ESTER (DB07989)","0.5400","http://www.drugbank.ca/drugs/DB07989"
"194","DIETHYL PROPANE-1,3-DIYLBISCARBAMATE (DB08501)","0.5400","http://www.drugbank.ca/drugs/DB08501"
"195","(2r)-2-{[Formyl(Hydroxy)Amino]Methyl}Hexanoic Acid (DB02625)","0.5394","http://www.drugbank.ca/drugs/DB02625"
"196","Clavulanate (DB00766)","0.5383","http://www.drugbank.ca/drugs/DB00766"
"197","(1R,2S)-2-(5-thioxo-4,5-dihydro-1H-1,2,4-triazol-3-yl)cyclohexanecarboxylic acid (DB07850)","0.5374","http://www.drugbank.ca/drugs/DB07850"
"198","L-Homoarginine (DB03974)","0.5364","http://www.drugbank.ca/drugs/DB03974"
"199","ANISOMYCIN (DB07374)","0.5355","http://www.drugbank.ca/drugs/DB07374"
"200","Guanidinoethylmercaptosuccinic acid (DB04489)","0.5344","http://www.drugbank.ca/drugs/DB04489"
"201","N-Omega-Hydroxy-L-Arginine (DB03144)","0.5315","http://www.drugbank.ca/drugs/DB03144"
"202","2-Oxy-4-Hydroxy-5-(2-Hydrazinopyridine)Phenylalanine (DB01634)","0.5314","http://www.drugbank.ca/drugs/DB01634"
"203","2-{[Formyl(Hydroxy)Amino]Methyl}-4-Methylpentanoic Acid (DB03683)","0.5311","http://www.drugbank.ca/drugs/DB03683"
"204","4-amino-7,7-dimethyl-7,8-dihydroquinazolin-5(6H)-one (DB08316)","0.5293","http://www.drugbank.ca/drugs/DB08316"
"205","3-FORMYL-2-HYDROXY-5-METHYL-HEXANOIC ACID HYDROXYAMIDE (DB07900)","0.5286","http://www.drugbank.ca/drugs/DB07900"
"206","N5-(1-Imino-3-Butenyl)-L-Ornithine (DB03710)","0.5286","http://www.drugbank.ca/drugs/DB03710"
"207","5,6-Cyclic-Tetrahydropteridine (DB03332)","0.5265","http://www.drugbank.ca/drugs/DB03332"
"208","(2s)-2,8-Diaminooctanoic Acid (DB04486)","0.5258","http://www.drugbank.ca/drugs/DB04486"
"209","4r-Fluoro-N6-Ethanimidoyl-L-Lysine (DB01835)","0.5229","http://www.drugbank.ca/drugs/DB01835"
"210","Nitroarginine (DB04223)","0.5212","http://www.drugbank.ca/drugs/DB04223"
"211","Porphobilinogen (DB02272)","0.5206","http://www.drugbank.ca/drugs/DB02272"
"212","N-Dimethyl-Lysine (DB03362)","0.5204","http://www.drugbank.ca/drugs/DB03362"
"213","5-Chloro-6-[(2-Iminopyrrolidin-1-Yl)Methyl]Pyrimidine-2,4(1h,3h)-Dione (DB02631)","0.5168","http://www.drugbank.ca/drugs/DB02631"
"214","5-N-Allyl-Arginine (DB03892)","0.5154","http://www.drugbank.ca/drugs/DB03892"
"215","AMPA (DB02057)","0.5152","http://www.drugbank.ca/drugs/DB02057"
"216","Pirbuterol (DB01291)","0.5123","http://www.drugbank.ca/drugs/DB01291"
"217","ABT-089 (DB05458)","0.5114","http://www.drugbank.ca/drugs/DB05458"
"218","N-Omega-Propyl-L-Arginine (DB02644)","0.5112","http://www.drugbank.ca/drugs/DB02644"
"219","7,8-Diamino-Nonanoic Acid (DB01715)","0.5096","http://www.drugbank.ca/drugs/DB01715"
"220","(2R)-4,4-dihydroxy-5-nitro-2-(phenylmethyl)pentanoic acid (DB07484)","0.5085","http://www.drugbank.ca/drugs/DB07484"
"221","8-Hydroxy-4-(1-Hydroxyethyl)Quinoline-2-Carboxylic Acid (DB02566)","0.5041","http://www.drugbank.ca/drugs/DB02566"
"222","(2s)-4-(Beta-Alanylamino)-2-Aminobutanoic Acid (DB03236)","0.5035","http://www.drugbank.ca/drugs/DB03236"
"223","Tinidazole (DB00911)","0.4998","http://www.drugbank.ca/drugs/DB00911"
"224","N-Alpha-L-Acetyl-Arginine (DB01985)","0.4980","http://www.drugbank.ca/drugs/DB01985"
"225","N3, N4-Dimethylarginine (DB02302)","0.4975","http://www.drugbank.ca/drugs/DB02302"
"226","Pramipexole (DB00413)","0.4934","http://www.drugbank.ca/drugs/DB00413"
"227","N-Acetyl-L-Citrulline (DB02368)","0.4916","http://www.drugbank.ca/drugs/DB02368"
"228","(S)-ATPA (DB03319)","0.4907","http://www.drugbank.ca/drugs/DB03319"
"229","5-(Hydroxy-Methyl-Amino)-3-Methyl-Pyrrolidine-2-Carboxylic Acid (DB01855)","0.4891","http://www.drugbank.ca/drugs/DB01855"
"230","N1-CYCLOPENTYL-N2-(THIAZOL-2-YL)OXALAMIDE (DB07591)","0.4886","http://www.drugbank.ca/drugs/DB07591"
"231","THIO-ATPA (DB04798)","0.4864","http://www.drugbank.ca/drugs/DB04798"
"232","Furoyl-Leucine (DB02215)","0.4863","http://www.drugbank.ca/drugs/DB02215"
"233","2(S)-Amino-6-Boronohexanoic Acid (DB01983)","0.4861","http://www.drugbank.ca/drugs/DB01983"
"234","N,N-dimethylarginine (DB01686)","0.4847","http://www.drugbank.ca/drugs/DB01686"
"235","1-(1-HYDROXY-2,2,6,6-TETRAMETHYLPIPERIDIN-4-YL)PYRROLIDINE-2,5-DIONE (DB08227)","0.4791","http://www.drugbank.ca/drugs/DB08227"
"236","ETHYL 4-[(4-METHYLPYRIDIN-2-YL)AMINO]PIPERIDINE-1-CARBOXYLATE (DB07388)","0.4764","http://www.drugbank.ca/drugs/DB07388"
"237","4-[(5-bromopyridin-2-yl)amino]-4-oxobutanoic acid (DB08578)","0.4760","http://www.drugbank.ca/drugs/DB08578"
"238","(3S,5E)-3-propyl-3,4-dihydrothieno[2,3-f][1,4]oxazepin-5(2H)-imine (DB07001)","0.4757","http://www.drugbank.ca/drugs/DB07001"
"239","(3s,8ar)-3-(1h-Imidazol-5-Ylmethyl)Hexahydropyrrolo[1,2-a]Pyrazine-1,4-Dione (DB02414)","0.4695","http://www.drugbank.ca/drugs/DB02414"
"240","ETHYL 4-[(4-CHLOROPYRIDIN-2-YL)AMINO]PIPERIDINE-1-CARBOXYLATE (DB07306)","0.4673","http://www.drugbank.ca/drugs/DB07306"
"241","5-{[Ethyl(Methyl)Amino]Methyl}-2-Methyl-5,6-Dihydropyrimidin-4-Amine (DB03653)","0.4670","http://www.drugbank.ca/drugs/DB03653"
"242","3-(1H-tetrazol-5-ylamino)cyclohex-2-en-1-one (DB07865)","0.4665","http://www.drugbank.ca/drugs/DB07865"
"243","Metiamide (DB08805)","0.4629","http://www.drugbank.ca/drugs/DB08805"
"244","N-Trimethyllysine (DB03977)","0.4589","http://www.drugbank.ca/drugs/DB03977"
"245","Mimosine (DB01055)","0.4564","http://www.drugbank.ca/drugs/DB01055"
"246","(R)-Mesopram (DB01647)","0.4547","http://www.drugbank.ca/drugs/DB01647"
"247","Uracil mustard (DB00791)","0.4511","http://www.drugbank.ca/drugs/DB00791"
"248","2-Prolyl-5-Tert-Butyl-[1,3,4]Oxadiazole (DB03833)","0.4499","http://www.drugbank.ca/drugs/DB03833"
"249","1-Guanidinium-7-Aminoheptane (DB03639)","0.4499","http://www.drugbank.ca/drugs/DB03639"
"250","3-CARBOXY-4-METHYL-5-PROPYL-2-FURANPROPIONIC (DB07517)","0.4493","http://www.drugbank.ca/drugs/DB07517"
"251","3-(4-HYDROXYPHENYL)-4,5-DIHYDRO-5-ISOXAZOLE-ACETIC ACID METHYL ESTER (DB07888)","0.4491","http://www.drugbank.ca/drugs/DB07888"
"252","(R)-TRANS-4-(1-AMINOETHYL)-N-(4-PYRIDYL) CYCLOHEXANECARBOXAMIDE (DB08756)","0.4475","http://www.drugbank.ca/drugs/DB08756"
"253","3,5-Dimethyl-1h-Pyrazole-4-Carboxylic Acid Ethyl Ester (DB04271)","0.4467","http://www.drugbank.ca/drugs/DB04271"
"254","Ciclopirox (DB01188)","0.4454","http://www.drugbank.ca/drugs/DB01188"
"255","4'-Deoxy-4'-Acetylyamino-Pyridoxal-5'-Phosphate (DB02783)","0.4452","http://www.drugbank.ca/drugs/DB02783"
"256","7-(1-Methyl-1,2,3-Triazol-4-Yl)-6-Formyl-2,7-Dihydro-[1,4]Thiazepine-3-Carboxylic Acid, Brl42715, C6-(N1-Methyl-1,2,3-Triazolylmethylene)Penem (DB02816)","0.4441","http://www.drugbank.ca/drugs/DB02816"
"257","Aspartame (DB00168)","0.4426","http://www.drugbank.ca/drugs/DB00168"
"258","D-Pyridoxyl-N,O-Cycloserylamide-5-Monophosphate (DB02038)","0.4423","http://www.drugbank.ca/drugs/DB02038"
"259","Pyridoxyl-N,O-Cycloserylamide-5-Monophosphate (DB03579)","0.4423","http://www.drugbank.ca/drugs/DB03579"
"260","L-Pyridoxyl-N,O-Cycloserylamide-5-Monophosphate (DB03787)","0.4423","http://www.drugbank.ca/drugs/DB03787"
"261","Atenolol (DB00335)","0.4419","http://www.drugbank.ca/drugs/DB00335"
"262","2-(4-(2-HYDROXY-3-(ISOPROPYLAMINO)PROPOXY)PHENYL)ETHANAMIDE (DB06987)","0.4419","http://www.drugbank.ca/drugs/DB06987"
"263","N-(5'-Phosphopyridoxyl)-D-Alanine (DB01993)","0.4417","http://www.drugbank.ca/drugs/DB01993"
"264","Pyridoxyl-Alanine-5-Phosphate (DB04467)","0.4417","http://www.drugbank.ca/drugs/DB04467"
"265","(2S,3S)-3-(4-fluorophenyl)-2,3-dihydroxypropanoic acid (DB06946)","0.4391","http://www.drugbank.ca/drugs/DB06946"
"266","Methocarbamol (DB00423)","0.4352","http://www.drugbank.ca/drugs/DB00423"
"267","(2S)-2-AMINO-1-(5-TERT-BUTYL-1,3,4-OXADIAZOL-2-YL)PROPAN-1-ONE (DB07391)","0.4352","http://www.drugbank.ca/drugs/DB07391"
"268","(2S)-2-methyl-2,3-dihydrothieno[2,3-f][1,4]oxazepin-5-amine (DB07003)","0.4339","http://www.drugbank.ca/drugs/DB07003"
"269","Methylphenidate (DB00422)","0.4327","http://www.drugbank.ca/drugs/DB00422"
"270","Dexmethylphenidate (DB06701)","0.4327","http://www.drugbank.ca/drugs/DB06701"
"271","METHYL(2-ACETOXY-2-(2-CARBOXY-4-AMINO-PHENYL))ACETATE (DB07957)","0.4306","http://www.drugbank.ca/drugs/DB07957"
"272","[(2-AMINO-ALPHA-METHOXYIMINO-4-THIAZOLYLACETYL)AMINO]METHYLBORONIC ACID (DB07599)","0.4280","http://www.drugbank.ca/drugs/DB07599"
"273","1-(5-TERT-BUTYL-1,3,4-OXADIAZOL-2-YL)-2-(METHYLAMINO)ETHANONE (DB08576)","0.4262","http://www.drugbank.ca/drugs/DB08576"
"274","4-HYDROXYBENZALDEHYDE O-(CYCLOHEXYLCARBONYL)OXIME (DB08333)","0.4243","http://www.drugbank.ca/drugs/DB08333"
"275","Felbamate (DB00949)","0.4225","http://www.drugbank.ca/drugs/DB00949"
"276","(2r)-2-(Aminomethyl)-2,4-Dihydroxy-5-Oxo-3-(2-Oxoethyl)-2,5-Dihydro-1h-Imidazol-3-Ium (DB01797)","0.4225","http://www.drugbank.ca/drugs/DB01797"
"277","(R)-1-(4-(4-(HYDROXYMETHYL)-1,3,2-DIOXABOROLAN-2-YL)PHENETHYL)GUANIDINE (DB07071)","0.4216","http://www.drugbank.ca/drugs/DB07071"
"278","Practolol (DB01297)","0.4203","http://www.drugbank.ca/drugs/DB01297"
"279","N-[(2R)-2-benzyl-4-(hydroxyamino)-4-oxobutanoyl]-L-alanine (DB08040)","0.4141","http://www.drugbank.ca/drugs/DB08040"
"280","Tazobactam (DB01606)","0.4131","http://www.drugbank.ca/drugs/DB01606"
"281","(2S)-2-HYDROXY-2H-CHROMENE-2-CARBOXYLIC ACID (DB06952)","0.4131","http://www.drugbank.ca/drugs/DB06952"
"282","Aminodi(Ethyloxy)Ethylaminocarbonylbenzenesulfonamide (DB02535)","0.4107","http://www.drugbank.ca/drugs/DB02535"
"283","Metaxalone (DB00660)","0.4088","http://www.drugbank.ca/drugs/DB00660"
"284","HYDROXY[3-(6-METHYLPYRIDIN-2-YL)PROPYL]FORMAMIDE (DB08525)","0.4072","http://www.drugbank.ca/drugs/DB08525"
"285","Guaifenesin (DB00874)","0.4042","http://www.drugbank.ca/drugs/DB00874"
"286","N-Pyridoxyl-Glycine-5-Monophosphate (DB02824)","0.4028","http://www.drugbank.ca/drugs/DB02824"
"287","Fidarestat (DB02021)","0.4011","http://www.drugbank.ca/drugs/DB02021"
"288","Fidarestat(Stereoisomer) (DB02101)","0.4011","http://www.drugbank.ca/drugs/DB02101"
"289","Isoetarine (DB00221)","0.3993","http://www.drugbank.ca/drugs/DB00221"
"290","Debromohymenialdisine (DB04367)","0.3960","http://www.drugbank.ca/drugs/DB04367"
"291","NCX 701 (DB05409)","0.3956","http://www.drugbank.ca/drugs/DB05409"
"292","(R)-1-(4-(4-(HYDROXYMETHYL)-1,3,2-DIOXABOROLAN-2-YL)BENZYL)GUANIDINE (DB07887)","0.3930","http://www.drugbank.ca/drugs/DB07887"
"293","N-Succinyl Phenylglycine (DB03299)","0.3930","http://www.drugbank.ca/drugs/DB03299"
"294","Cp-166572, 2-Hydroxymethyl-4-(4-N,N-Dimethylaminosulfonyl-1-Piperazino)-Pyrimidine (DB04478)","0.3922","http://www.drugbank.ca/drugs/DB04478"
"295","N-Acetyl-P-Nitrophenylserinol (DB02608)","0.3920","http://www.drugbank.ca/drugs/DB02608"
"296","2-(cyclohexylamino)benzoic acid (DB07038)","0.3890","http://www.drugbank.ca/drugs/DB07038"
"297","Chloramphenicol (DB00446)","0.3831","http://www.drugbank.ca/drugs/DB00446"
"298","BROMAMPHENICOL (DB07492)","0.3831","http://www.drugbank.ca/drugs/DB07492"
"299","Salbutamol (DB01001)","0.3831","http://www.drugbank.ca/drugs/DB01001"
"300","Altretamine (DB00488)","0.3820","http://www.drugbank.ca/drugs/DB00488"
"301","4-(2,5-DIAMINO-5-HYDROXY-PENTYL)-PHENOL (DB07353)","0.3818","http://www.drugbank.ca/drugs/DB07353"
"302","Alpha-N-Dichloroacetyl-P-Aminophenylserinol (DB04411)","0.3808","http://www.drugbank.ca/drugs/DB04411"
"303","(1S,2R)-2-[(2,5-difluorophenyl)carbamoyl]cyclopropanecarboxylic acid (DB07808)","0.3803","http://www.drugbank.ca/drugs/DB07808"
"304","Vorinostat (DB02546)","0.3793","http://www.drugbank.ca/drugs/DB02546"
"305","(3S)-1-(4-acetylphenyl)-5-oxopyrrolidine-3-carboxylic acid (DB07825)","0.3783","http://www.drugbank.ca/drugs/DB07825"
"306","Alpha-Amino-2-Indanacetic Acid (DB04061)","0.3782","http://www.drugbank.ca/drugs/DB04061"
"307","Droxidopa (DB06262)","0.3768","http://www.drugbank.ca/drugs/DB06262"
"308","Pyridoxine (DB00165)","0.3759","http://www.drugbank.ca/drugs/DB00165"
"309","Carbidopa (DB00190)","0.3742","http://www.drugbank.ca/drugs/DB00190"
"310","Furazolidone (DB00614)","0.3730","http://www.drugbank.ca/drugs/DB00614"
"311","(R)-1-(4-(4-(HYDROXYMETHYL)-1,3,2-DIOXABOROLAN-2-YL)PHENYL)GUANIDINE (DB07077)","0.3727","http://www.drugbank.ca/drugs/DB07077"
"312","[4-(4-Hydroxy-Benzyl)-2-(2-Hydroxy-1-Methyl-Ethyl)-5-Oxo-Imidazolidin-1-Yl]-Acetic Acid (DB03537)","0.3721","http://www.drugbank.ca/drugs/DB03537"
"313","Methyldopa (DB00968)","0.3715","http://www.drugbank.ca/drugs/DB00968"
"314","Metyrosine (DB00765)","0.3692","http://www.drugbank.ca/drugs/DB00765"
"315","Aminoglutethimide (DB00357)","0.3676","http://www.drugbank.ca/drugs/DB00357"
"316","(2R)-3-{[(BENZYLAMINO)CARBONYL]AMINO}-2-HYDROXYPROPANOIC ACID (DB08007)","0.3663","http://www.drugbank.ca/drugs/DB08007"
"317","(6-METHYL-3,4-DIHYDRO-2H-CHROMEN-2-YL)METHYLPHOSPHINATE (DB07487)","0.3654","http://www.drugbank.ca/drugs/DB07487"
"318","(2R)-2-benzyl-3-nitropropanoic acid (DB06924)","0.3617","http://www.drugbank.ca/drugs/DB06924"
"319","2-[1-METHYLHEXYL]-4,6-DINITROPHENOL (DB07671)","0.3607","http://www.drugbank.ca/drugs/DB07671"
"320","(3S)-1-(2-hydroxyphenyl)-5-oxopyrrolidine-3-carboxylic acid (DB07057)","0.3597","http://www.drugbank.ca/drugs/DB07057"
"321","N-(CARBOXYCARBONYL)-D-PHENYLALANINE (DB08263)","0.3595","http://www.drugbank.ca/drugs/DB08263"
"322","Terbutaline (DB00871)","0.3594","http://www.drugbank.ca/drugs/DB00871"
"323","N-[(BENZYLOXY)CARBONYL]-L-CYSTEINYLGLYCINE (DB08199)","0.3574","http://www.drugbank.ca/drugs/DB08199"
"324","4-[(Isopropylamino)Methyl]Phenylalanine (DB04292)","0.3569","http://www.drugbank.ca/drugs/DB04292"
"325","Oxamniquine (DB01096)","0.3562","http://www.drugbank.ca/drugs/DB01096"
"326","N-Cyclohexyl-N'-(4-Iodophenyl)Urea (DB02029)","0.3561","http://www.drugbank.ca/drugs/DB02029"
"327","Pyridoxine-5'-Phosphate (DB02209)","0.3556","http://www.drugbank.ca/drugs/DB02209"
"328","Methoxamine (DB00723)","0.3546","http://www.drugbank.ca/drugs/DB00723"
"329","4-Methylaminorex (DB01447)","0.3518","http://www.drugbank.ca/drugs/DB01447"
"330","Sorbinil (DB02712)","0.3517","http://www.drugbank.ca/drugs/DB02712"
"331","N-BENZYLOXYCARBONYL-L-SERINE-BETALACTONE (DB04634)","0.3506","http://www.drugbank.ca/drugs/DB04634"
"332","Iproniazid (DB04818)","0.3504","http://www.drugbank.ca/drugs/DB04818"
"333","Pyridoxal (DB00147)","0.3480","http://www.drugbank.ca/drugs/DB00147"
"334","N-Methyl-Pyridoxal-5'-Phosphate (DB01639)","0.3470","http://www.drugbank.ca/drugs/DB01639"
"335","4-(1-Amino-1-Carboxy-Ethyl)-Benzoic Acid (DB04256)","0.3466","http://www.drugbank.ca/drugs/DB04256"
"336","5-(PARA-NITROPHENYL PHOSPHONATE)-PENTANOIC ACID (DB08296)","0.3447","http://www.drugbank.ca/drugs/DB08296"
"337","3-({[(1Z)-(2-methoxyphenyl)methylidene]amino}oxy)propanoic acid (DB07282)","0.3446","http://www.drugbank.ca/drugs/DB07282"
"338","Tymazoline (DB08803)","0.3446","http://www.drugbank.ca/drugs/DB08803"
"339","2,3,-Dihydroxybenzoylserine (DB02710)","0.3435","http://www.drugbank.ca/drugs/DB02710"
"340","Pmp-Hydroxyisoxazole, Pyridoxamine-5-Phosphate-Hydroxyisoxazole (DB03097)","0.3424","http://www.drugbank.ca/drugs/DB03097"
"341","L-2-Amino-4-[2-Aminophenyl]-4-Oxobutanoic Acid (DB02070)","0.3395","http://www.drugbank.ca/drugs/DB02070"
"342","Tosyl-D-Proline (DB02752)","0.3380","http://www.drugbank.ca/drugs/DB02752"
"343","1-[(2-AMINO-4-CHLORO-5-METHYLPHENYL)SULFONYL]-L-PROLINE (DB07273)","0.3379","http://www.drugbank.ca/drugs/DB07273"
"344","Midodrine (DB00211)","0.3378","http://www.drugbank.ca/drugs/DB00211"
"345","Pyridoxamine-5'-Phosphate (DB02142)","0.3363","http://www.drugbank.ca/drugs/DB02142"
"346","N-[(1S)-1-(AMINOCARBONYL)-4-(ETHANIMIDOYLAMINO)BUTYL]BENZAMIDE (DB07449)","0.3338","http://www.drugbank.ca/drugs/DB07449"
"347","3,5-Dihydro-5-Methylidene-4h-Imidazol-4-On (DB03094)","0.3329","http://www.drugbank.ca/drugs/DB03094"
"348","Lacosamide (DB06218)","0.3326","http://www.drugbank.ca/drugs/DB06218"
"349","(R)-4-Nitrostyrene oxide (DB04777)","0.3317","http://www.drugbank.ca/drugs/DB04777"
"350","(S)-4-Nitrostyrene oxide (DB04782)","0.3317","http://www.drugbank.ca/drugs/DB04782"
"351","Pyridoxal Phosphate (DB00114)","0.3292","http://www.drugbank.ca/drugs/DB00114"
"352","3-(Phosphonomethyl)Pyridine-2-Carboxylic Acid (DB04406)","0.3292","http://www.drugbank.ca/drugs/DB04406"
"353","Orciprenaline (DB00816)","0.3283","http://www.drugbank.ca/drugs/DB00816"
"354","Isoprenaline (DB01064)","0.3275","http://www.drugbank.ca/drugs/DB01064"
"355","3-(3,4-Dimethoxyphenyl)Propionic Acid (DB04208)","0.3275","http://www.drugbank.ca/drugs/DB04208"
"356","Levonordefrin (DB06707)","0.3266","http://www.drugbank.ca/drugs/DB06707"
"357","Pyridoxal-5'-Phosphate-N-Oxide (DB03629)","0.3265","http://www.drugbank.ca/drugs/DB03629"
"358","O-Benzylsulfonyl-Serine (DB01973)","0.3260","http://www.drugbank.ca/drugs/DB01973"
"359","Primidone (DB00794)","0.3254","http://www.drugbank.ca/drugs/DB00794"
"360","Phenobarbital (DB01174)","0.3241","http://www.drugbank.ca/drugs/DB01174"
"361","(2S)-hydroxy(4-hydroxyphenyl)ethanoic acid (DB07896)","0.3203","http://www.drugbank.ca/drugs/DB07896"
"362","3-(4-NITRO-PHENOXY)-PROPAN-1-OL (DB07722)","0.3192","http://www.drugbank.ca/drugs/DB07722"
"363","3-Amino-6-Hydroxy-Tyrosine (DB02928)","0.3192","http://www.drugbank.ca/drugs/DB02928"
"364","Fospropofol (DB06716)","0.3188","http://www.drugbank.ca/drugs/DB06716"
"365","Meta-Nitro-Tyrosine (DB03867)","0.3183","http://www.drugbank.ca/drugs/DB03867"
"366","Sotalol (DB00489)","0.3183","http://www.drugbank.ca/drugs/DB00489"
"367","L-[(N-Hydroxyamino)Carbonyl]Phenylalanine (DB02652)","0.3179","http://www.drugbank.ca/drugs/DB02652"
"368","D-[(N-Hydroxyamino)Carbonyl]Phenylalanine (DB04316)","0.3179","http://www.drugbank.ca/drugs/DB04316"
"369","Methylphenobarbital (DB00849)","0.3177","http://www.drugbank.ca/drugs/DB00849"
"370","Dorzolamide (DB00869)","0.3166","http://www.drugbank.ca/drugs/DB00869"
"371","Procaine (DB00721)","0.3155","http://www.drugbank.ca/drugs/DB00721"
"372","D-[(Amino)Carbonyl]Phenylalanine (DB04058)","0.3148","http://www.drugbank.ca/drugs/DB04058"
"373","L-DOPA (DB01235)","0.3145","http://www.drugbank.ca/drugs/DB01235"
"374","Pyridostigmine (DB00545)","0.3130","http://www.drugbank.ca/drugs/DB00545"
"375","[(2S)-4-methyl-3-oxo-2,3,4,5-tetrahydro-1H-1,4-benzodiazepin-2-yl]acetic acid (DB08717)","0.3123","http://www.drugbank.ca/drugs/DB08717"
"376","Chloroprocaine (DB01161)","0.3119","http://www.drugbank.ca/drugs/DB01161"
"377","L-Tyrosine (DB00135)","0.3106","http://www.drugbank.ca/drugs/DB00135"
"378","3-Hydroxyphenylalanine (DB02387)","0.3106","http://www.drugbank.ca/drugs/DB02387"
"379","Meta-Tyrosine (DB03552)","0.3106","http://www.drugbank.ca/drugs/DB03552"
"380","D-Tyrosine (DB03839)","0.3106","http://www.drugbank.ca/drugs/DB03839"
"381","N-ISOBUTYL-N-[4-METHOXYPHENYLSULFONYL]GLYCYL HYDROXAMIC ACID (DB08271)","0.3092","http://www.drugbank.ca/drugs/DB08271"
"382","[(3R)-7-NITRO-1,2,3,4-TETRAHYDROISOQUINOLIN-3-YL]METHANOL (DB07906)","0.3080","http://www.drugbank.ca/drugs/DB07906"
"383","2-(3-GUANIDINOPHENYL)-3-MERCAPTOPROPANOIC ACID (DB04723)","0.3074","http://www.drugbank.ca/drugs/DB04723"
"384","3,4-Methylenedioxy-N-ethylamphetamine (DB01566)","0.3072","http://www.drugbank.ca/drugs/DB01566"
"385","3-Iodo-Tyrosine (DB01758)","0.3058","http://www.drugbank.ca/drugs/DB01758"
"386","3-Fluorotyrosine (DB04436)","0.3058","http://www.drugbank.ca/drugs/DB04436"
"387","Phosphonotyrosine (DB01962)","0.3036","http://www.drugbank.ca/drugs/DB01962"
"388","Moclobemide (DB01171)","0.3033","http://www.drugbank.ca/drugs/DB01171"
"389","Lofexidine (DB04948)","0.3009","http://www.drugbank.ca/drugs/DB04948"
"390","Risedronate (DB00884)","0.3005","http://www.drugbank.ca/drugs/DB00884"
"391","(4s-Trans)-4-(Methylamino)-5,6-Dihydro-6-Methyl-4h-Thieno(2,3-B)Thiopyran-2-Sulfonamide-7,7-Dioxide (DB04081)","0.2996","http://www.drugbank.ca/drugs/DB04081"
"392","(2E)-3-(3,4-DIHYDROXYPHENYL)-2-IMINOPROPANOIC ACID (DB07979)","0.2993","http://www.drugbank.ca/drugs/DB07979"
"393","Pemoline (DB01230)","0.2978","http://www.drugbank.ca/drugs/DB01230"
"394","L-Phenylalanine (DB00120)","0.2968","http://www.drugbank.ca/drugs/DB00120"
"395","3,4,5-Trimethoxyamphetamine (DB01516)","0.2962","http://www.drugbank.ca/drugs/DB01516"
"396","Phenylalanine-N-Sulfonamide (DB03012)","0.2950","http://www.drugbank.ca/drugs/DB03012"
"397","1-Carboxyethylaminomethyl-4-Aminomethylbenzene (DB02960)","0.2940","http://www.drugbank.ca/drugs/DB02960"
"398","3,5-Diiodotyrosine (DB03374)","0.2924","http://www.drugbank.ca/drugs/DB03374"
"399","3,5 DIBROMOTYROSINE (DB07637)","0.2924","http://www.drugbank.ca/drugs/DB07637"
"400","Aminorex (DB01490)","0.2918","http://www.drugbank.ca/drugs/DB01490"
"401","3-(Benzoylamino)-L-Alanine (DB03992)","0.2914","http://www.drugbank.ca/drugs/DB03992"
"402","Entacapone (DB00494)","0.2905","http://www.drugbank.ca/drugs/DB00494"
"403","1(R)-1-ACETAMIDO-2-(3-CARBOXY-2-HYDROXYPHENYL)ETHYL BORONIC ACID (DB07464)","0.2900","http://www.drugbank.ca/drugs/DB07464"
"404","3,4-Methylenedioxymethamphetamine (DB01454)","0.2893","http://www.drugbank.ca/drugs/DB01454"
"405","MMDA (DB01442)","0.2892","http://www.drugbank.ca/drugs/DB01442"
"406","Aniracetam (DB04599)","0.2892","http://www.drugbank.ca/drugs/DB04599"
"407","[4-(1,3,2-Dioxaborolan-2-Yloxy)Methyl]Benzamidine (DB04109)","0.2884","http://www.drugbank.ca/drugs/DB04109"
"408","Pomalidomide (DB08910)","0.2867","http://www.drugbank.ca/drugs/DB08910"
"409","Mephenytoin (DB00532)","0.2865","http://www.drugbank.ca/drugs/DB00532"
"410","{(2Z)-3-[(6-chloropyridin-3-yl)methyl]-1,3-thiazolidin-2-ylidene}cyanamide (DB08620)","0.2860","http://www.drugbank.ca/drugs/DB08620"
"411","4-(Acetylamino)-3-[(Hydroxyacetyl)Amino]Benzoic Acid (DB04565)","0.2851","http://www.drugbank.ca/drugs/DB04565"
"412","2,5,7-Trihydroxynaphthoquinone (DB02521)","0.2845","http://www.drugbank.ca/drugs/DB02521"
"413","3,4-Methylenedioxyamphetamine (DB01509)","0.2818","http://www.drugbank.ca/drugs/DB01509"
"414","N-[(4-methoxyphenyl)sulfonyl]-D-alanine (DB08599)","0.2808","http://www.drugbank.ca/drugs/DB08599"
"415","6-METHYL-2(PROPANE-1-SULFONYL)-2H-THIENO[3,2-D][1,2,3]DIAZABORININ-1-OL (DB08605)","0.2797","http://www.drugbank.ca/drugs/DB08605"
"416","(2E)-1-[(6-chloropyridin-3-yl)methyl]-N-nitroimidazolidin-2-imine (DB07980)","0.2794","http://www.drugbank.ca/drugs/DB07980"
"417","1(R)-1-Acetamido-2-(3-Carboxyphenyl)Ethyl Boronic Acid (DB02614)","0.2793","http://www.drugbank.ca/drugs/DB02614"
"418","Hexobarbital (DB01355)","0.2788","http://www.drugbank.ca/drugs/DB01355"
"419","4-Sulfonamide-[4-(Thiomethylaminobutane)]Benzamide (DB04002)","0.2788","http://www.drugbank.ca/drugs/DB04002"
"420","4-Sulfonamide-[1-(4-Aminobutane)]Benzamide (DB03697)","0.2763","http://www.drugbank.ca/drugs/DB03697"
"421","2,4-Dihydroxy-7-(Methyloxy)-2h-1,4-Benzoxazin-3(4h)-One (DB02185)","0.2747","http://www.drugbank.ca/drugs/DB02185"
"422","Epinephrine (DB00668)","0.2743","http://www.drugbank.ca/drugs/DB00668"
"423","Arsthinol (DB08928)","0.2685","http://www.drugbank.ca/drugs/DB08928"
"424","5-(3,3-Dihydroxypropeny)-3-Methoxy-Benzene-1,2-Diol (DB04449)","0.2684","http://www.drugbank.ca/drugs/DB04449"
"425","(2r)-Amino(3,5-Dihydroxyphenyl)Acetic Acid (DB04228)","0.2657","http://www.drugbank.ca/drugs/DB04228"
"426","Norepinephrine (DB00368)","0.2643","http://www.drugbank.ca/drugs/DB00368"
"427","L-Tyrosinamide (DB03380)","0.2642","http://www.drugbank.ca/drugs/DB03380"
"428","2-(Oxalyl-Amino)-Benzoic Acid (DB02622)","0.2612","http://www.drugbank.ca/drugs/DB02622"
"429","Rivastigmine (DB00989)","0.2598","http://www.drugbank.ca/drugs/DB00989"
"430","SINAPINATE (DB08587)","0.2590","http://www.drugbank.ca/drugs/DB08587"
"431","DIETHYL 4-METHOXYPHENYL PHOSPHATE (DB07721)","0.2589","http://www.drugbank.ca/drugs/DB07721"
"432","4-Hydroxyphenylglycine (DB02601)","0.2588","http://www.drugbank.ca/drugs/DB02601"
"433","(2s)-Amino(4-Hydroxyphenyl)Acetic Acid (DB04291)","0.2588","http://www.drugbank.ca/drugs/DB04291"
"434","(2r)-Amino(4-Hydroxyphenyl)Acetic Acid (DB04308)","0.2588","http://www.drugbank.ca/drugs/DB04308"
"435","(R)-1-Para-Nitro-Phenyl-2-Azido-Ethanol (DB04472)","0.2580","http://www.drugbank.ca/drugs/DB04472"
"436","Novo Nordisk a/S Compound (DB02662)","0.2578","http://www.drugbank.ca/drugs/DB02662"
"437","4-(Acetylamino)-3-[(Aminoacetyl)Amino]Benzoic Acid (DB02829)","0.2567","http://www.drugbank.ca/drugs/DB02829"
"438","2-(4-HYDROXY-3-NITROPHENYL)ACETIC ACID (DB08294)","0.2560","http://www.drugbank.ca/drugs/DB08294"
"439","2-(3,4-Dihydro-3-Oxo-2h-Benzo[B][1,4]Thiazin-2-Yl)-N-Hydroxyacetamide (DB02036)","0.2549","http://www.drugbank.ca/drugs/DB02036"
"440","3-Chloro-4-Hydroxyphenylglycine (DB03898)","0.2544","http://www.drugbank.ca/drugs/DB03898"
"441","SYRINGATE (DB08589)","0.2538","http://www.drugbank.ca/drugs/DB08589"
"442","[2-(Methyleneamine)-4-(4-Hydroxy-Benzylidine)-5-Oxo-4,5-Dihydro-Imidazol-1-Yl]-Acetaldehyde (DB03998)","0.2537","http://www.drugbank.ca/drugs/DB03998"
"443","2-(3,6-DIHYDROXYPHENYL)ACETIC ACID (DB08327)","0.2512","http://www.drugbank.ca/drugs/DB08327"
"444","Flutamide (DB00499)","0.2511","http://www.drugbank.ca/drugs/DB00499"
"445","2-(3,4-Dihydroxyphenyl)Acetic Acid (DB01702)","0.2508","http://www.drugbank.ca/drugs/DB01702"
"446","Para-Iodo-D-Phenylalanine Hydroxamic Acid (DB01980)","0.2493","http://www.drugbank.ca/drugs/DB01980"
"447","Procarbazine (DB01168)","0.2487","http://www.drugbank.ca/drugs/DB01168"
"448","3-Nitro-4-(2-Oxo-Pyrrolidin-1-Yl)-Benzenesulfonamide (DB04394)","0.2442","http://www.drugbank.ca/drugs/DB04394"
"449","Nitrofural (DB00336)","0.2441","http://www.drugbank.ca/drugs/DB00336"
"450","4-(2-HYDROXYPHENYLSULFINYL)-BUTYLPHOSPHONIC ACID (DB07925)","0.2438","http://www.drugbank.ca/drugs/DB07925"
"451","2-(4-NITROPHENYL)ACETIC ACID (DB07331)","0.2421","http://www.drugbank.ca/drugs/DB07331"
"452","2-(3-NITROPHENYL)ACETIC ACID (DB08193)","0.2421","http://www.drugbank.ca/drugs/DB08193"
"453","3-Hydroxyhippuric acid (DB07069)","0.2421","http://www.drugbank.ca/drugs/DB07069"
"454","VANILLATE (DB08711)","0.2418","http://www.drugbank.ca/drugs/DB08711"
"455","4-(ACETYLAMINO)-3-HYDROXY-5-NITROBENZOIC ACID (DB08570)","0.2396","http://www.drugbank.ca/drugs/DB08570"
"456","[[N-(Benzyloxycarbonyl)Amino]Methyl]Phosphate (DB02642)","0.2351","http://www.drugbank.ca/drugs/DB02642"
"457","4-(ACETYLAMINO)-5-AMINO-3-HYDROXYBENZOIC ACID (DB08571)","0.2344","http://www.drugbank.ca/drugs/DB08571"
"458","Acetic Acid Salicyloyl-Amino-Ester (DB03667)","0.2336","http://www.drugbank.ca/drugs/DB03667"
"459","Procainamide (DB01035)","0.2328","http://www.drugbank.ca/drugs/DB01035"
"460","Aminohippurate (DB00345)","0.2328","http://www.drugbank.ca/drugs/DB00345"
"461","[[4-(Aminomethyl)Phenyl]Amino]Oxo-Acetic Acid, (DB02420)","0.2328","http://www.drugbank.ca/drugs/DB02420"
"462","Epicept NP-1 (DB05492)","0.2307","http://www.drugbank.ca/drugs/DB05492"
"463","4-(Acetylamino)-3-Guanidinobenzoic Acid (DB03342)","0.2306","http://www.drugbank.ca/drugs/DB03342"
"464","CB1954 (DB04253)","0.2268","http://www.drugbank.ca/drugs/DB04253"
"465","Quinethazone (DB01325)","0.2253","http://www.drugbank.ca/drugs/DB01325"
"466","Diatrizoate (DB00271)","0.2253","http://www.drugbank.ca/drugs/DB00271"
"467","SULTHIAME (DB08329)","0.2252","http://www.drugbank.ca/drugs/DB08329"
"468","2-HYDROXY-5-(2-MERCAPTO-ETHYLSULFAMOYL)-BENZOIC ACID (DB06862)","0.2216","http://www.drugbank.ca/drugs/DB06862"
"469","4-(Acetylamino)-3-Amino Benzoic Acid (DB02268)","0.2202","http://www.drugbank.ca/drugs/DB02268"
"470","Ethotoin (DB00754)","0.2201","http://www.drugbank.ca/drugs/DB00754"
"471","N,N'-DIMETHYL-N-(ACETYL)-N'-(7-NITROBENZ-2-OXA-1,3-DIAZOL-4-YL)ETHYLENEDIAMINE (DB08751)","0.2201","http://www.drugbank.ca/drugs/DB08751"
"472","D-1-(4-CHLOROPHENYL)-2-(ACETAMIDO)ETHANE BORONIC ACID (DB08692)","0.2186","http://www.drugbank.ca/drugs/DB08692"
"473","L-1-(4-CHLOROPHENYL)-2-(ACETAMIDO)ETHANE BORONIC ACID (DB08693)","0.2186","http://www.drugbank.ca/drugs/DB08693"
"474","4-Hydroxy-3-Methoxybenzoate (DB02130)","0.2139","http://www.drugbank.ca/drugs/DB02130"
"475","5-[Bis-2(Chloro-Ethyl)-Amino]-2,4-Dintro-Benzamide (DB03228)","0.2112","http://www.drugbank.ca/drugs/DB03228"
"476","[{(5-Chloro-2-Pyridinyl)Amino} Methylene]-1,1-Bisphosphonate (DB03649)","0.2091","http://www.drugbank.ca/drugs/DB03649"
"477","N-(3-AMINOPROPYL)-2-NITROBENZENAMINE (DB08291)","0.2086","http://www.drugbank.ca/drugs/DB08291"
"478","2-Amino-4h-1,3-Benzoxathiin-4-Ol (DB03972)","0.2063","http://www.drugbank.ca/drugs/DB03972"
"479","N-(3,5-dimethoxyphenyl)imidodicarbonimidic diamide (DB08479)","0.2039","http://www.drugbank.ca/drugs/DB08479"
"480","5-amino-2,4,6-tribromobenzene-1,3-dicarboxylic acid (DB07491)","0.2018","http://www.drugbank.ca/drugs/DB07491"
"481","ISO24 (DB03628)","0.1967","http://www.drugbank.ca/drugs/DB03628"
"482","4-Guanidinobenzoic Acid (DB02459)","0.1947","http://www.drugbank.ca/drugs/DB02459"
"483","1-[4-(hydroxymethyl)phenyl]guanidine (DB06900)","0.1877","http://www.drugbank.ca/drugs/DB06900"
"484","RU78300 (DB03306)","0.1808","http://www.drugbank.ca/drugs/DB03306"
"485","Neostigmine (DB01400)","0.1725","http://www.drugbank.ca/drugs/DB01400"
"486","4-AMINO-N-[(2-SULFANYLETHYL)CARBAMOYL]BENZENESULFONAMIDE (DB08484)","0.1706","http://www.drugbank.ca/drugs/DB08484"
"487","Apraclonidine (DB00964)","0.1560","http://www.drugbank.ca/drugs/DB00964"
"488","Clonidine (DB00575)","0.1539","http://www.drugbank.ca/drugs/DB00575"
"489","4-iodo-acetamido phenylboronic acid (DB02122)","0.1499","http://www.drugbank.ca/drugs/DB02122"
"490","1,2,5-THIADIAZOLIDIN-3-ONE-1,1-DIOXIDE (DB08593)","0.1494","http://www.drugbank.ca/drugs/DB08593"
"491","Methyclothiazide (DB00232)","0.1440","http://www.drugbank.ca/drugs/DB00232"
"492","3,5-Dinitrocatechol (DB02105)","0.1409","http://www.drugbank.ca/drugs/DB02105"
"493","Trinitrotoluene (DB01676)","0.1395","http://www.drugbank.ca/drugs/DB01676"
"494","METHYL-PHOSPHONIC ACID MONO-(4-NITRO-PHENYL) ESTER (DB08413)","0.1357","http://www.drugbank.ca/drugs/DB08413"
"495","Trichlormethiazide (DB01021)","0.1343","http://www.drugbank.ca/drugs/DB01021"
"496","6-CHLORO-3-(DICHLOROMETHYL)-3,4-DIHYDRO-2H-1,2,4-BENZOTHIADIAZINE-7-SULFONAMIDE 1,1-DIOXIDE (DB08645)","0.1343","http://www.drugbank.ca/drugs/DB08645"
"497","2,4,6-Trinitrophenol (DB03651)","0.1297","http://www.drugbank.ca/drugs/DB03651"
"498","2,4-Dinitrophenol (DB04528)","0.1283","http://www.drugbank.ca/drugs/DB04528"
"499","Hydroflumethiazide (DB00774)","0.1260","http://www.drugbank.ca/drugs/DB00774"
"500","Hydrochlorothiazide (DB00999)","0.1102","http://www.drugbank.ca/drugs/DB00999"
