"","DrugBank Compound (Name, ID)","Similarity to ","Link"
"1","Carboplatin (DB00958)","0.97795","http://www.drugbank.ca/drugs/DB00958"
"2","3-Isopropylmalic Acid (DB04279)","0.96680","http://www.drugbank.ca/drugs/DB04279"
"3","2-Dehydropantoate (DB03795)","0.94629","http://www.drugbank.ca/drugs/DB03795"
"4","Valproic Acid (DB00313)","0.94394","http://www.drugbank.ca/drugs/DB00313"
"5","3-FORMYL-2-HYDROXY-5-METHYL-HEXANOIC ACID HYDROXYAMIDE (DB07900)","0.94334","http://www.drugbank.ca/drugs/DB07900"
"6","Tranexamic Acid (DB00302)","0.94206","http://www.drugbank.ca/drugs/DB00302"
"7","Cycloleucine (DB04620)","0.93766","http://www.drugbank.ca/drugs/DB04620"
"8","3-Dehydroquinic Acid (DB03868)","0.93748","http://www.drugbank.ca/drugs/DB03868"
"9","3-(2-Aminoethyl)-4-(Aminomethyl)Heptanedioic Acid (DB02878)","0.93693","http://www.drugbank.ca/drugs/DB02878"
"10","Tricarballylic Acid (DB04562)","0.93654","http://www.drugbank.ca/drugs/DB04562"
"11","2-Methylbutanoic Acid (DB03741)","0.93561","http://www.drugbank.ca/drugs/DB03741"
"12","1-Hydroxyamine-2-Isobutylmalonic Acid (DB02326)","0.93549","http://www.drugbank.ca/drugs/DB02326"
"13","1-Aminocyclopropanecarboxylic Acid (DB02085)","0.93513","http://www.drugbank.ca/drugs/DB02085"
"14","Azelaic Acid (DB00548)","0.93393","http://www.drugbank.ca/drugs/DB00548"
"15","[(3R,4S)-4-HYDROXY-3-METHYL-2-OXOHEXYL]PHOSPHONIC ACID (DB08431)","0.93274","http://www.drugbank.ca/drugs/DB08431"
"16","Pimelic Acid (DB01856)","0.92941","http://www.drugbank.ca/drugs/DB01856"
"17","2-(Thiomethylene)-4-Methylpentanoic Acid (DB02996)","0.92796","http://www.drugbank.ca/drugs/DB02996"
"18","2s,4r-4-Methylglutamate (DB03425)","0.92685","http://www.drugbank.ca/drugs/DB03425"
"19","2s,3r-2-Amino-3-Methylpentanedioic Acid (DB01898)","0.92324","http://www.drugbank.ca/drugs/DB01898"
"20","(3r)-3-Methyl-L-Glutamic Acid (DB03810)","0.92324","http://www.drugbank.ca/drugs/DB03810"
"21","3-Hydroxy-3-Methyl-Glutaric Acid (DB04377)","0.92157","http://www.drugbank.ca/drugs/DB04377"
"22","6-Hydroxy-6-Methyl-Heptan-3-One (DB03711)","0.91994","http://www.drugbank.ca/drugs/DB03711"
"23","7-Keto-8-Aminopelargonic Acid (DB02274)","0.91972","http://www.drugbank.ca/drugs/DB02274"
"24","Pregabalin (DB00230)","0.91846","http://www.drugbank.ca/drugs/DB00230"
"25","2-Methylleucine (DB04063)","0.91799","http://www.drugbank.ca/drugs/DB04063"
"26","2-Cyclopropylmethylenepropanal (DB03736)","0.91761","http://www.drugbank.ca/drugs/DB03736"
"27","Cyclohexanol (DB03703)","0.91608","http://www.drugbank.ca/drugs/DB03703"
"28","4-Methyl Valeric Acid (DB03993)","0.91492","http://www.drugbank.ca/drugs/DB03993"
"29","2-Aminopimelic Acid (DB03134)","0.91458","http://www.drugbank.ca/drugs/DB03134"
"30","(2S)-2-HYDROXYOCTANOIC ACID (DB07907)","0.91332","http://www.drugbank.ca/drugs/DB07907"
"31","(R)-Mevalonate (DB03518)","0.91299","http://www.drugbank.ca/drugs/DB03518"
"32","3-Hydroxyimino Quinic Acid (DB03739)","0.91288","http://www.drugbank.ca/drugs/DB03739"
"33","Norcamphor (DB03540)","0.90883","http://www.drugbank.ca/drugs/DB03540"
"34","2-Oxo-4-Methylpentanoic Acid (DB03229)","0.90867","http://www.drugbank.ca/drugs/DB03229"
"35","Isovaleric Acid (DB03750)","0.90866","http://www.drugbank.ca/drugs/DB03750"
"36","Heptanoic Acid (DB02938)","0.90764","http://www.drugbank.ca/drugs/DB02938"
"37","Caprylic acid (DB04519)","0.90738","http://www.drugbank.ca/drugs/DB04519"
"38","Gamma-Carboxy-Glutamic Acid (DB03847)","0.90501","http://www.drugbank.ca/drugs/DB03847"
"39","2,4-Dihydroxy-3,3-Dimethyl-Butyrate (DB01930)","0.90374","http://www.drugbank.ca/drugs/DB01930"
"40","L-Isoleucine (DB00167)","0.90300","http://www.drugbank.ca/drugs/DB00167"
"41","Allo-Isoleucine (DB01739)","0.90300","http://www.drugbank.ca/drugs/DB01739"
"42","Isocitric Acid (DB01727)","0.90268","http://www.drugbank.ca/drugs/DB01727"
"43","2-Oxalosuccinic Acid (DB02190)","0.90268","http://www.drugbank.ca/drugs/DB02190"
"44","2-{[Formyl(Hydroxy)Amino]Methyl}-4-Methylpentanoic Acid (DB03683)","0.90134","http://www.drugbank.ca/drugs/DB03683"
"45","Beta-Hydroxyleucine (DB02978)","0.90036","http://www.drugbank.ca/drugs/DB02978"
"46","Aminocaproic Acid (DB00513)","0.89666","http://www.drugbank.ca/drugs/DB00513"
"47","Valpromide (DB04165)","0.89663","http://www.drugbank.ca/drugs/DB04165"
"48","(2r)-2-{[Formyl(Hydroxy)Amino]Methyl}Hexanoic Acid (DB02625)","0.89497","http://www.drugbank.ca/drugs/DB02625"
"49","N-Valeric Acid (DB02406)","0.89352","http://www.drugbank.ca/drugs/DB02406"
"50","Isocitrate Calcium Complex (DB01848)","0.89298","http://www.drugbank.ca/drugs/DB01848"
"51","L-Leucine (DB00149)","0.89290","http://www.drugbank.ca/drugs/DB00149"
"52","D-Leucine (DB01746)","0.89290","http://www.drugbank.ca/drugs/DB01746"
"53","Alpha-ketoisovalerate (DB04074)","0.89267","http://www.drugbank.ca/drugs/DB04074"
"54","5-hydroxyvaleric acid (DB04781)","0.89243","http://www.drugbank.ca/drugs/DB04781"
"55","Citric Acid (DB04272)","0.89162","http://www.drugbank.ca/drugs/DB04272"
"56","L-2-Amino-6-Methylene-Pimelic Acid (DB02892)","0.89134","http://www.drugbank.ca/drugs/DB02892"
"57","Tris(Hydroxyethyl)Aminomethane (DB04237)","0.89059","http://www.drugbank.ca/drugs/DB04237"
"58","6-Hydroxy-D-Norleucine (DB02233)","0.88990","http://www.drugbank.ca/drugs/DB02233"
"59","2-Amino-6-Oxo-Hexanoic Acid (DB02571)","0.88990","http://www.drugbank.ca/drugs/DB02571"
"60","6-Hydroxy-L-Norleucine (DB03412)","0.88990","http://www.drugbank.ca/drugs/DB03412"
"61","Glutaric Acid (DB03553)","0.88669","http://www.drugbank.ca/drugs/DB03553"
"62","Ethosuximide (DB00593)","0.88654","http://www.drugbank.ca/drugs/DB00593"
"63","3-Methyl-Aspartic Acid (DB04313)","0.88633","http://www.drugbank.ca/drugs/DB04313"
"64","2s,3s-3-Methylaspartic Acid (DB04538)","0.88633","http://www.drugbank.ca/drugs/DB04538"
"65","Pantothenic acid (DB01783)","0.88513","http://www.drugbank.ca/drugs/DB01783"
"66","5-Oxo-L-Norleucine (DB04296)","0.88253","http://www.drugbank.ca/drugs/DB04296"
"67","D-Isovaline (DB04171)","0.88222","http://www.drugbank.ca/drugs/DB04171"
"68","Norleucine (DB04419)","0.87996","http://www.drugbank.ca/drugs/DB04419"
"69","2,3-Dihydroxy-Valerianic Acid (DB03675)","0.87976","http://www.drugbank.ca/drugs/DB03675"
"70","Hexane-1,6-Diol (DB02210)","0.87967","http://www.drugbank.ca/drugs/DB02210"
"71","Delta-Amino Valeric Acid (DB02068)","0.87948","http://www.drugbank.ca/drugs/DB02068"
"72","(2s)-2,8-Diaminooctanoic Acid (DB04486)","0.87836","http://www.drugbank.ca/drugs/DB04486"
"73","Laevulinic Acid (DB02239)","0.87817","http://www.drugbank.ca/drugs/DB02239"
"74","Aminomethylcyclohexane (DB02435)","0.87703","http://www.drugbank.ca/drugs/DB02435"
"75","4-Amino Hexanoic Acid (DB04235)","0.87673","http://www.drugbank.ca/drugs/DB04235"
"76","(4s)-5-Fluoro-L-Leucine (DB02542)","0.87458","http://www.drugbank.ca/drugs/DB02542"
"77","Meprobamate (DB00371)","0.87283","http://www.drugbank.ca/drugs/DB00371"
"78","7,8-Diamino-Nonanoic Acid (DB01715)","0.87053","http://www.drugbank.ca/drugs/DB01715"
"79","2,6-Diaminopimelic Acid (DB03590)","0.86927","http://www.drugbank.ca/drugs/DB03590"
"80","(1R)-1,2,2-TRIMETHYLPROPYL (R)-METHYLPHOSPHINATE (DB07821)","0.86861","http://www.drugbank.ca/drugs/DB07821"
"81","(1R)-1,2,2-TRIMETHYLPROPYL (S)-METHYLPHOSPHINATE (DB07822)","0.86861","http://www.drugbank.ca/drugs/DB07822"
"82","3-Dehydroshikimate (DB04347)","0.86678","http://www.drugbank.ca/drugs/DB04347"
"83","Heptanamide (DB02641)","0.86673","http://www.drugbank.ca/drugs/DB02641"
"84","Aminolevulinic acid (DB00855)","0.86282","http://www.drugbank.ca/drugs/DB00855"
"85","(2R)-2-ETHYL-1-HEXANESULFONIC ACID (DB07518)","0.86205","http://www.drugbank.ca/drugs/DB07518"
"86","L-Valine (DB00161)","0.86190","http://www.drugbank.ca/drugs/DB00161"
"87","N-Methylleucine (DB04487)","0.86148","http://www.drugbank.ca/drugs/DB04487"
"88","Cyclohexylammonium Ion (DB02995)","0.86064","http://www.drugbank.ca/drugs/DB02995"
"89","Heptane-1,2,3-Triol (DB04079)","0.85923","http://www.drugbank.ca/drugs/DB04079"
"90","5-Fluorolevulinic Acid (DB02828)","0.85828","http://www.drugbank.ca/drugs/DB02828"
"91","5-Hydroxy Norvaline (DB03105)","0.85802","http://www.drugbank.ca/drugs/DB03105"
"92","Glutamyl Group (DB03774)","0.85802","http://www.drugbank.ca/drugs/DB03774"
"93","4-Carboxy-4-Aminobutanal (DB04388)","0.85802","http://www.drugbank.ca/drugs/DB04388"
"94","L-Glutamic Acid (DB00142)","0.85754","http://www.drugbank.ca/drugs/DB00142"
"95","D-Glutamic Acid (DB02517)","0.85754","http://www.drugbank.ca/drugs/DB02517"
"96","7-(Carboxyamino)-8-Amino-Nonanoic Acid (DB03624)","0.85746","http://www.drugbank.ca/drugs/DB03624"
"97","Pentanedial (DB03266)","0.85678","http://www.drugbank.ca/drugs/DB03266"
"98","(4r)-2-Methylpentane-2,4-Diol (DB03564)","0.85642","http://www.drugbank.ca/drugs/DB03564"
"99","1-Octen-3-Ol (DB03025)","0.85521","http://www.drugbank.ca/drugs/DB03025"
"100","2-Amino-Pentanoic Acid (DB03519)","0.85413","http://www.drugbank.ca/drugs/DB03519"
"101","Norvaline (DB04185)","0.85413","http://www.drugbank.ca/drugs/DB04185"
"102","3-hydroxyglutaric acid (DB04594)","0.85031","http://www.drugbank.ca/drugs/DB04594"
"103","Cyclohexylformamide (DB03559)","0.84858","http://www.drugbank.ca/drugs/DB03559"
"104","2-(Acetylamino)-2-Deoxy-6-O-Methyl-Alpha-D-Allopyranose (DB03539)","0.84716","http://www.drugbank.ca/drugs/DB03539"
"105","3-Amino-4,5-Dihydroxy-Cyclohex-1-Enecarboxylate (DB03746)","0.84676","http://www.drugbank.ca/drugs/DB03746"
"106","1-Amino-1-Carbonyl Pentane (DB03241)","0.84574","http://www.drugbank.ca/drugs/DB03241"
"107","L-Lysine (DB00123)","0.84572","http://www.drugbank.ca/drugs/DB00123"
"108","D-Lysine (DB03252)","0.84572","http://www.drugbank.ca/drugs/DB03252"
"109","2-Methylpentane-1,2,4-Triol (DB01881)","0.84251","http://www.drugbank.ca/drugs/DB01881"
"110","(2s,5s)-5-Carboxymethylproline (DB03215)","0.84056","http://www.drugbank.ca/drugs/DB03215"
"111","2,3 -Anhydro-Quinic Acid (DB02801)","0.84001","http://www.drugbank.ca/drugs/DB02801"
"112","S-(D-Carboxybutyl)-L-Homocysteine (DB02337)","0.83749","http://www.drugbank.ca/drugs/DB02337"
"113","Gamma Hydroxybutyric Acid (DB01440)","0.83581","http://www.drugbank.ca/drugs/DB01440"
"114","Methyl aminolevulinate (DB00992)","0.83512","http://www.drugbank.ca/drugs/DB00992"
"115","2-Anhydro-3-Fluoro-Quinic Acid (DB02786)","0.83265","http://www.drugbank.ca/drugs/DB02786"
"116","2-Keto-3-Deoxygluconate (DB03489)","0.83112","http://www.drugbank.ca/drugs/DB03489"
"117","Gamma(Amino)-Butyric Acid (DB02530)","0.83020","http://www.drugbank.ca/drugs/DB02530"
"118","Vigabatrin (DB01080)","0.82955","http://www.drugbank.ca/drugs/DB01080"
"119","N-1-Methylheptylformamide (DB02131)","0.82782","http://www.drugbank.ca/drugs/DB02131"
"120","Leucine - Reduced Carbonyl (DB02107)","0.82757","http://www.drugbank.ca/drugs/DB02107"
"121","Amyl Nitrite (DB01612)","0.82450","http://www.drugbank.ca/drugs/DB01612"
"122","2,3-Dihydroxy-5-Oxo-Hexanedioate (DB03237)","0.82335","http://www.drugbank.ca/drugs/DB03237"
"123","2-OXOHEPTYLPHOSPHONIC ACID (DB07912)","0.82325","http://www.drugbank.ca/drugs/DB07912"
"124","N-Heptylformamide (DB04105)","0.82293","http://www.drugbank.ca/drugs/DB04105"
"125","Barbital (DB01483)","0.82292","http://www.drugbank.ca/drugs/DB01483"
"126","1-Amino-2,3-Dihydroxy-5-Hydroxymethyl Cyclohex-5-Ene (DB01789)","0.82134","http://www.drugbank.ca/drugs/DB01789"
"127","N-(ethoxycarbonyl)-L-leucine (DB06839)","0.81865","http://www.drugbank.ca/drugs/DB06839"
"128","N-Methyl-Lysine (DB01714)","0.81782","http://www.drugbank.ca/drugs/DB01714"
"129","Succinic acid (DB00139)","0.81551","http://www.drugbank.ca/drugs/DB00139"
"130","L-Leucyl-Hydroxylamine (DB03308)","0.81486","http://www.drugbank.ca/drugs/DB03308"
"131","Penicillamine (DB00859)","0.81477","http://www.drugbank.ca/drugs/DB00859"
"132","3,4-Dihydro-2h-Pyrrolium-5-Carboxylate (DB02838)","0.81354","http://www.drugbank.ca/drugs/DB02838"
"133","(3r,4r,5r)-5-(Hydroxymethyl)Piperidine-3,4-Diol (DB04545)","0.81322","http://www.drugbank.ca/drugs/DB04545"
"134","Acetoacetic Acid (DB01762)","0.81272","http://www.drugbank.ca/drugs/DB01762"
"135","(R)-N-(1-Methyl-Hexyl)-Formamide (DB03061)","0.81080","http://www.drugbank.ca/drugs/DB03061"
"136","N~2~-Succinylornithine (DB03582)","0.81057","http://www.drugbank.ca/drugs/DB03582"
"137","L-Glutamine (DB00130)","0.80942","http://www.drugbank.ca/drugs/DB00130"
"138","D-Glutamine (DB02174)","0.80942","http://www.drugbank.ca/drugs/DB02174"
"139","Lysine Nz-Carboxylic Acid (DB03801)","0.80763","http://www.drugbank.ca/drugs/DB03801"
"140","4-Amido-4-Carbamoyl-Butyric Acid (DB03091)","0.80586","http://www.drugbank.ca/drugs/DB03091"
"141","N-[(CYCLOHEXYLAMINO)CARBONYL]GLYCINE (DB08256)","0.80491","http://www.drugbank.ca/drugs/DB08256"
"142","Tetrahydrofuran-2-Carboxylic Acid (DB03051)","0.80390","http://www.drugbank.ca/drugs/DB03051"
"143","L-Ornithine (DB00129)","0.80379","http://www.drugbank.ca/drugs/DB00129"
"144","Alpha-Difluoromethylornithine (DB03856)","0.80232","http://www.drugbank.ca/drugs/DB03856"
"145","(2s,3r)-1-Amino-2-Methylbutane-2,3-Diol (DB02847)","0.80229","http://www.drugbank.ca/drugs/DB02847"
"146","5-Amino-3-Methyl-Pyrrolidine-2-Carboxylic Acid (DB03184)","0.80167","http://www.drugbank.ca/drugs/DB03184"
"147","Dehydroascorbic Acid (DB08830)","0.79912","http://www.drugbank.ca/drugs/DB08830"
"148","N-Cyclohexyltaurine (DB03309)","0.79763","http://www.drugbank.ca/drugs/DB03309"
"149","5-Hydroxyamino-3-Methyl-Pyrrolidine-2-Carboxylic Acid (DB02298)","0.79606","http://www.drugbank.ca/drugs/DB02298"
"150","Methylmalonic Acid (DB04183)","0.79461","http://www.drugbank.ca/drugs/DB04183"
"151","Nz-(1-Carboxyethyl)-Lysine (DB02370)","0.79442","http://www.drugbank.ca/drugs/DB02370"
"152","2-Amino-N,3,3-Trimethylbutanamide (DB01949)","0.79381","http://www.drugbank.ca/drugs/DB01949"
"153","Beta-Amino Isobutyrate (DB03432)","0.79314","http://www.drugbank.ca/drugs/DB03432"
"154","1,6-Diaminohexane (DB03260)","0.79249","http://www.drugbank.ca/drugs/DB03260"
"155","Glutamine Hydroxamate (DB02446)","0.79212","http://www.drugbank.ca/drugs/DB02446"
"156","Glutamine t-butyl ester (DB04636)","0.78852","http://www.drugbank.ca/drugs/DB04636"
"157","4-Methyl-Pyrroline-5-Carboxylic Acid (DB03930)","0.78810","http://www.drugbank.ca/drugs/DB03930"
"158","(5r)-5-Amino-6-Hydroxyhexylcarbamic Acid (DB02437)","0.78794","http://www.drugbank.ca/drugs/DB02437"
"159","2,3-Dideoxyfucose (DB03872)","0.78770","http://www.drugbank.ca/drugs/DB03872"
"160","6-Amino-4-Hydroxymethyl-Cyclohex-4-Ene-1,2,3-Triol (DB02120)","0.78546","http://www.drugbank.ca/drugs/DB02120"
"161","3-Oxiran-2ylalanine (DB03191)","0.78509","http://www.drugbank.ca/drugs/DB03191"
"162","L-Homoserine (DB04193)","0.78489","http://www.drugbank.ca/drugs/DB04193"
"163","3-Methyl-5-Sulfo-Pyrrolidine-2-Carboxylic Acid (DB02248)","0.78448","http://www.drugbank.ca/drugs/DB02248"
"164","2-(ACETYL-HYDROXY-AMINO)-4-METHYL-PENTANOIC ACID METHYL ESTER (DB07989)","0.78423","http://www.drugbank.ca/drugs/DB07989"
"165","Beta-3-Serine (DB02904)","0.78055","http://www.drugbank.ca/drugs/DB02904"
"166","Tropinone (DB01874)","0.77985","http://www.drugbank.ca/drugs/DB01874"
"167","N-Carbamyl-D-Valine (DB01847)","0.77860","http://www.drugbank.ca/drugs/DB01847"
"168","L-Aspartic Acid (DB00128)","0.77633","http://www.drugbank.ca/drugs/DB00128"
"169","D-Aspartic Acid (DB02655)","0.77633","http://www.drugbank.ca/drugs/DB02655"
"170","L-Iso-Aspartate (DB03089)","0.77633","http://www.drugbank.ca/drugs/DB03089"
"171","4-Deoxyglucarate (DB03212)","0.77618","http://www.drugbank.ca/drugs/DB03212"
"172","N5-(1-Imino-3-Butenyl)-L-Ornithine (DB03710)","0.77453","http://www.drugbank.ca/drugs/DB03710"
"173","L-Homoarginine (DB03974)","0.77422","http://www.drugbank.ca/drugs/DB03974"
"174","N5-Methylglutamine (DB03473)","0.77410","http://www.drugbank.ca/drugs/DB03473"
"175","L-Rhamnose (DB02961)","0.77237","http://www.drugbank.ca/drugs/DB02961"
"176","Metharbital (DB00463)","0.77207","http://www.drugbank.ca/drugs/DB00463"
"177","Carglumic Acid (DB06775)","0.77164","http://www.drugbank.ca/drugs/DB06775"
"178","Pyroglutamic Acid (DB03088)","0.77015","http://www.drugbank.ca/drugs/DB03088"
"179","D-2-Keto-3-Deoxygalactonate (DB02807)","0.76720","http://www.drugbank.ca/drugs/DB02807"
"180","D-2-Keto-3-Deoxygluconate (DB03303)","0.76720","http://www.drugbank.ca/drugs/DB03303"
"181","N-Acetyl-L-Glutamate (DB04075)","0.76581","http://www.drugbank.ca/drugs/DB04075"
"182","Canaline (DB02821)","0.76452","http://www.drugbank.ca/drugs/DB02821"
"183","L-Proline (DB00172)","0.76395","http://www.drugbank.ca/drugs/DB00172"
"184","D-Proline (DB02853)","0.76395","http://www.drugbank.ca/drugs/DB02853"
"185","Hydroxyproline (DB08847)","0.76010","http://www.drugbank.ca/drugs/DB08847"
"186","Tagatose (DB04936)","0.75971","http://www.drugbank.ca/drugs/DB04936"
"187","Alpha-Aminoisobutyric Acid (DB02952)","0.75913","http://www.drugbank.ca/drugs/DB02952"
"188","2,6-Diamino-Hexanoic Acid Amide (DB03988)","0.75720","http://www.drugbank.ca/drugs/DB03988"
"189","Beta-3-Cysteine (DB02780)","0.75649","http://www.drugbank.ca/drugs/DB02780"
"190","Hydroxyaminovaline (DB02697)","0.75581","http://www.drugbank.ca/drugs/DB02697"
"191","4r-Fluoro-N6-Ethanimidoyl-L-Lysine (DB01835)","0.75542","http://www.drugbank.ca/drugs/DB01835"
"192","N-Acetyl-D-glucosamine (DB00141)","0.75490","http://www.drugbank.ca/drugs/DB00141"
"193","4,5-Dihydroxy-Tetrahydro-Pyran-2-Carboxylic Acid (DB02227)","0.75453","http://www.drugbank.ca/drugs/DB02227"
"194","N-Dimethyl-Lysine (DB03362)","0.75442","http://www.drugbank.ca/drugs/DB03362"
"195","D-Xylulose (DB03947)","0.75411","http://www.drugbank.ca/drugs/DB03947"
"196","2(S)-Amino-6-Boronohexanoic Acid (DB01983)","0.75406","http://www.drugbank.ca/drugs/DB01983"
"197","5-(Hydroxy-Methyl-Amino)-3-Methyl-Pyrrolidine-2-Carboxylic Acid (DB01855)","0.75254","http://www.drugbank.ca/drugs/DB01855"
"198","L-Threonine (DB00156)","0.75129","http://www.drugbank.ca/drugs/DB00156"
"199","D-Threonine (DB03700)","0.75129","http://www.drugbank.ca/drugs/DB03700"
"200","2-Amino-3-Ketobutyric Acid (DB03915)","0.75129","http://www.drugbank.ca/drugs/DB03915"
"201","Malate Ion (DB03499)","0.75011","http://www.drugbank.ca/drugs/DB03499"
"202","Oxaloacetate Ion (DB02637)","0.75011","http://www.drugbank.ca/drugs/DB02637"
"203","Homoserine Lactone (DB02624)","0.74813","http://www.drugbank.ca/drugs/DB02624"
"204","Pentane-1,5-Diamine (DB03854)","0.74782","http://www.drugbank.ca/drugs/DB03854"
"205","5-Hydroxymethyl-Chonduritol (DB03092)","0.74778","http://www.drugbank.ca/drugs/DB03092"
"206","3-O-Methylfructose in Linear Form (DB02438)","0.74439","http://www.drugbank.ca/drugs/DB02438"
"207","Gamma-Glutamylcysteine (DB03408)","0.74389","http://www.drugbank.ca/drugs/DB03408"
"208","L-Thiocitrulline (DB03953)","0.74298","http://www.drugbank.ca/drugs/DB03953"
"209","3-Deoxy-D-Glucosamine (DB02700)","0.74181","http://www.drugbank.ca/drugs/DB02700"
"210","Threonine-Aspartic Ester (DB01817)","0.74151","http://www.drugbank.ca/drugs/DB01817"
"211","3-(4-Hydroxy-3-Imino-6-Oxo-Cyclohexa-1,4-Dienyl)-Alanine (DB03631)","0.74104","http://www.drugbank.ca/drugs/DB03631"
"212","(2r,3r,4s,5r)-2-Acetamido-3,4-Dihydroxy-5-Hydroxymethyl-Piperidinium (DB03861)","0.74068","http://www.drugbank.ca/drugs/DB03861"
"213","5-Oxo-Pyrrolidine-2-Carbaldehyde (DB03901)","0.73548","http://www.drugbank.ca/drugs/DB03901"
"214","4-(Methylsulfanyl)-2-Oxobutanoic Acid (DB02238)","0.73477","http://www.drugbank.ca/drugs/DB02238"
"215","Oxaliplatin (DB00526)","0.73462","http://www.drugbank.ca/drugs/DB00526"
"216","1-Deoxynojirimycin (DB03206)","0.73083","http://www.drugbank.ca/drugs/DB03206"
"217","1,5-Dideoxy-1,5-Imino-D-Mannitol (DB03955)","0.73083","http://www.drugbank.ca/drugs/DB03955"
"218","D-Glucose in Linear Form (DB01914)","0.73009","http://www.drugbank.ca/drugs/DB01914"
"219","4,6-Dideoxyglucose (DB01841)","0.72526","http://www.drugbank.ca/drugs/DB01841"
"220","Abequose (DB02590)","0.72526","http://www.drugbank.ca/drugs/DB02590"
"221","Tyvelose (DB04028)","0.72526","http://www.drugbank.ca/drugs/DB04028"
"222","2,5-Dideoxy-2,5-Imino-D-Glucitol (DB02172)","0.72266","http://www.drugbank.ca/drugs/DB02172"
"223","(4e)-4-Aminohex-4-Enoic Acid (DB01699)","0.72240","http://www.drugbank.ca/drugs/DB01699"
"224","5-Thio-a/B-D-Mannopyranosylamine (DB03414)","0.72226","http://www.drugbank.ca/drugs/DB03414"
"225","S-Butyryl-Cystein (DB02160)","0.72081","http://www.drugbank.ca/drugs/DB02160"
"226","L-Methionine (DB00134)","0.72035","http://www.drugbank.ca/drugs/DB00134"
"227","D-Methionine (DB02893)","0.72035","http://www.drugbank.ca/drugs/DB02893"
"228","L-Citrulline (DB00155)","0.71955","http://www.drugbank.ca/drugs/DB00155"
"229","L-Asparagine (DB00174)","0.71936","http://www.drugbank.ca/drugs/DB00174"
"230","D-Asparagine (DB03943)","0.71936","http://www.drugbank.ca/drugs/DB03943"
"231","D-Gluconhydroximo-1,5-Lactam (DB02376)","0.71831","http://www.drugbank.ca/drugs/DB02376"
"232","D-Galactohydroximo-1,5-Lactam (DB02525)","0.71831","http://www.drugbank.ca/drugs/DB02525"
"233","2,4-Diaminobutyric Acid (DB03817)","0.71728","http://www.drugbank.ca/drugs/DB03817"
"234","N5-Iminoethyl-L-Ornithine (DB03305)","0.71671","http://www.drugbank.ca/drugs/DB03305"
"235","N-Acetyl-L-Glutamine (DB04167)","0.71583","http://www.drugbank.ca/drugs/DB04167"
"236","Xylarohydroxamate (DB03734)","0.71522","http://www.drugbank.ca/drugs/DB03734"
"237","Beta-Hydroxyaspartic Acid (DB03640)","0.71520","http://www.drugbank.ca/drugs/DB03640"
"238","Reduced Threonine (DB01724)","0.71439","http://www.drugbank.ca/drugs/DB01724"
"239","Leucine Phosphonic Acid (DB02386)","0.71425","http://www.drugbank.ca/drugs/DB02386"
"240","4-Deoxy-D-Glucuronic Acid (DB04548)","0.71238","http://www.drugbank.ca/drugs/DB04548"
"241","4,6-Dideoxy-4-Amino-Beta-D-Glucopyranoside (DB02469)","0.71120","http://www.drugbank.ca/drugs/DB02469"
"242","4,6-Dideoxy-4-Amino-Alpha-D-Glucose (DB03439)","0.71120","http://www.drugbank.ca/drugs/DB03439"
"243","L-Arginine (DB00125)","0.71048","http://www.drugbank.ca/drugs/DB00125"
"244","D-Arginine (DB04027)","0.71048","http://www.drugbank.ca/drugs/DB04027"
"245","L-Rhamnitol (DB02399)","0.71027","http://www.drugbank.ca/drugs/DB02399"
"246","Fucitol (DB03815)","0.71027","http://www.drugbank.ca/drugs/DB03815"
"247","N-Propyl-Tartramic Acid (DB03390)","0.70799","http://www.drugbank.ca/drugs/DB03390"
"248","Glucarate (DB03603)","0.70641","http://www.drugbank.ca/drugs/DB03603"
"249","2-deoxyglucose (DB08831)","0.70251","http://www.drugbank.ca/drugs/DB08831"
"250","2-Deoxy-Beta-D-Galactose (DB04382)","0.70251","http://www.drugbank.ca/drugs/DB04382"
"251","N-Omega-Hydroxy-L-Arginine (DB03144)","0.70172","http://www.drugbank.ca/drugs/DB03144"
"252","(3s)-2,3,4,5-Tetrahydropyridin-3-Amine (DB04504)","0.69619","http://www.drugbank.ca/drugs/DB04504"
"253","2-Hydroxymethyl-Pyrrolidine-3,4-Diol (DB03411)","0.69570","http://www.drugbank.ca/drugs/DB03411"
"254","(4s)-4-{[(2s)-2-Amino-3-Oxopropyl]Sulfanyl}-L-Homoserinate (DB03502)","0.69464","http://www.drugbank.ca/drugs/DB03502"
"255","3-[(1-Amino-2-Carboxy-Ethyl)-Hydroxy-Phosphinoyl]-2-Methyl-Propionic Acid (DB03340)","0.69331","http://www.drugbank.ca/drugs/DB03340"
"256","Paramethadione (DB00617)","0.69274","http://www.drugbank.ca/drugs/DB00617"
"257","Glucosamine (DB01296)","0.68958","http://www.drugbank.ca/drugs/DB01296"
"258","2-Deoxy-2-Aminogalactose (DB02678)","0.68958","http://www.drugbank.ca/drugs/DB02678"
"259","Methionine Sulfoxide (DB02235)","0.68932","http://www.drugbank.ca/drugs/DB02235"
"260","S-Oxymethionine (DB02467)","0.68932","http://www.drugbank.ca/drugs/DB02467"
"261","Selenomethionine Selenoxide (DB02958)","0.68932","http://www.drugbank.ca/drugs/DB02958"
"262","4-Deoxy-Alpha-D-Glucose (DB02670)","0.68878","http://www.drugbank.ca/drugs/DB02670"
"263","D-Galctopyranosyl-1-On (DB01885)","0.68487","http://www.drugbank.ca/drugs/DB01885"
"264","Gluconolactone (DB04564)","0.68487","http://www.drugbank.ca/drugs/DB04564"
"265","1-Deoxy-D-Xylulose-5-Phosphate (DB02496)","0.68445","http://www.drugbank.ca/drugs/DB02496"
"266","Beta-Hydroxyasparagine (DB04527)","0.68419","http://www.drugbank.ca/drugs/DB04527"
"267","2-Amino-4-(2-Amino-Ethoxy)-Butyric Acid (DB02971)","0.68037","http://www.drugbank.ca/drugs/DB02971"
"268","Norleucine Phosphonate (DB02088)","0.68024","http://www.drugbank.ca/drugs/DB02088"
"269","Xylose-Derived Lactam Oxime (DB01921)","0.67922","http://www.drugbank.ca/drugs/DB01921"
"270","(3r)-1-Acetyl-3-Methylpiperidine (DB01742)","0.67912","http://www.drugbank.ca/drugs/DB01742"
"271","4-Deoxy-4-Amino-Beta-D-Glucose (DB03291)","0.67800","http://www.drugbank.ca/drugs/DB03291"
"272","4-[Hydroxy-[Methyl-Phosphinoyl]]-3-Oxo-Butanoic Acid (DB01832)","0.67775","http://www.drugbank.ca/drugs/DB01832"
"273","Isometheptene (DB06706)","0.67733","http://www.drugbank.ca/drugs/DB06706"
"274","Nitroarginine (DB04223)","0.67620","http://www.drugbank.ca/drugs/DB04223"
"275","Tetrahydrooxazine (DB03862)","0.67601","http://www.drugbank.ca/drugs/DB03862"
"276","N-Carbamoyl-L-Aspartate (DB04252)","0.67474","http://www.drugbank.ca/drugs/DB04252"
"277","DEHYDRO-2(S)-AMINO-6-BORONOHEXANOIC ACID (DB04585)","0.67323","http://www.drugbank.ca/drugs/DB04585"
"278","Aspartic Acid-4-Carboxymethyl Ester (DB03522)","0.67291","http://www.drugbank.ca/drugs/DB03522"
"279","Mannitol (DB00742)","0.67198","http://www.drugbank.ca/drugs/DB00742"
"280","D-Sorbitol (DB01638)","0.67198","http://www.drugbank.ca/drugs/DB01638"
"281","(2s,3s)-Trans-2,3-Dihydro-3-Hydroxyanthranilic Acid (DB02124)","0.67041","http://www.drugbank.ca/drugs/DB02124"
"282","N-(Phosphonoacetyl)-L-Ornithine (DB02011)","0.66971","http://www.drugbank.ca/drugs/DB02011"
"283","(1Z)-2-HYDROXY-3-OXOHEX-1-EN-1-YL DIHYDROGEN PHOSPHATE (DB06881)","0.66935","http://www.drugbank.ca/drugs/DB06881"
"284","Succimer (DB00566)","0.66586","http://www.drugbank.ca/drugs/DB00566"
"285","1-ACETYL-2-CARBOXYPIPERIDINE (DB07384)","0.66566","http://www.drugbank.ca/drugs/DB07384"
"286","Aconitate Ion (DB04351)","0.66431","http://www.drugbank.ca/drugs/DB04351"
"287","L-2-Amino-4-(Guanidinooxy)Butyric Acid (DB01833)","0.66344","http://www.drugbank.ca/drugs/DB01833"
"288","beta-L-fucose (DB03283)","0.66012","http://www.drugbank.ca/drugs/DB03283"
"289","Alpha-D-Fucose (DB03485)","0.66012","http://www.drugbank.ca/drugs/DB03485"
"290","6-Deoxy-Alpha-D-Glucose (DB03773)","0.66012","http://www.drugbank.ca/drugs/DB03773"
"291","Beta-D-Fucose (DB04062)","0.66012","http://www.drugbank.ca/drugs/DB04062"
"292","6-Deoxyglucose (DB04319)","0.66012","http://www.drugbank.ca/drugs/DB04319"
"293","Alpha-L-Fucose (DB04473)","0.66012","http://www.drugbank.ca/drugs/DB04473"
"294","Malonic acid (DB02175)","0.65985","http://www.drugbank.ca/drugs/DB02175"
"295","Malonate Ion (DB02201)","0.65985","http://www.drugbank.ca/drugs/DB02201"
"296","N-Formylmethionine (DB04464)","0.65927","http://www.drugbank.ca/drugs/DB04464"
"297","2-Amino-4-(Hydroxymethyl-Phosphinyl)Butanoic Acid (DB02663)","0.65592","http://www.drugbank.ca/drugs/DB02663"
"298","3-Amino-3-Oxopropanoic Acid (DB02649)","0.65192","http://www.drugbank.ca/drugs/DB02649"
"299","1-Methyl-2-Oxy-5,5-Dimethyl Pyrrolidine (DB03968)","0.65189","http://www.drugbank.ca/drugs/DB03968"
"300","D-Xylitol (DB01904)","0.64944","http://www.drugbank.ca/drugs/DB01904"
"301","D-tartaric acid (DB01694)","0.64783","http://www.drugbank.ca/drugs/DB01694"
"302","N-Carboxymethionine (DB02899)","0.64778","http://www.drugbank.ca/drugs/DB02899"
"303","Difluoromethionine (DB03816)","0.64767","http://www.drugbank.ca/drugs/DB03816"
"304","Tris(Hydroxymethyl)Aminomethane (DB03754)","0.64710","http://www.drugbank.ca/drugs/DB03754"
"305","(2s)-4-(Beta-Alanylamino)-2-Aminobutanoic Acid (DB03236)","0.64005","http://www.drugbank.ca/drugs/DB03236"
"306","3-(BUTYLSULPHONYL)-PROPANOIC ACID (DB07387)","0.63955","http://www.drugbank.ca/drugs/DB07387"
"307","N-Alpha-L-Acetyl-Arginine (DB01985)","0.63884","http://www.drugbank.ca/drugs/DB01985"
"308","Guanidinoethylmercaptosuccinic acid (DB04489)","0.63845","http://www.drugbank.ca/drugs/DB04489"
"309","Tert-Butyloxycarbonyl Group (DB02768)","0.63607","http://www.drugbank.ca/drugs/DB02768"
"310","4-Hydroxy-Aconitate Ion (DB03964)","0.63501","http://www.drugbank.ca/drugs/DB03964"
"311","N-Acetyl-L-Citrulline (DB02368)","0.63361","http://www.drugbank.ca/drugs/DB02368"
"312","N-Acetylmethionine (DB01646)","0.63215","http://www.drugbank.ca/drugs/DB01646"
"313","1-Aminocyclopropylphosphonate (DB03053)","0.62959","http://www.drugbank.ca/drugs/DB03053"
"314","(2s)-Pyrrolidin-2-Ylmethylamine (DB03253)","0.62885","http://www.drugbank.ca/drugs/DB03253"
"315","N3, N4-Dimethylarginine (DB02302)","0.62588","http://www.drugbank.ca/drugs/DB02302"
"316","Isosorbide Mononitrate (DB01020)","0.62555","http://www.drugbank.ca/drugs/DB01020"
"317","N-Carbamyl-D-Methionine (DB03364)","0.62206","http://www.drugbank.ca/drugs/DB03364"
"318","N-Formylpiperidine (DB04113)","0.61745","http://www.drugbank.ca/drugs/DB04113"
"319","Xylose-Derived Imidazole (DB02374)","0.61404","http://www.drugbank.ca/drugs/DB02374"
"320","Arginineamide (DB02299)","0.61208","http://www.drugbank.ca/drugs/DB02299"
"321","S-Dioxymethionine (DB03790)","0.61157","http://www.drugbank.ca/drugs/DB03790"
"322","N,N-dimethylarginine (DB01686)","0.60978","http://www.drugbank.ca/drugs/DB01686"
"323","N-(3-MERCAPTOPROPANOYL)-D-ALANINE (DB07939)","0.60790","http://www.drugbank.ca/drugs/DB07939"
"324","L-Serine (DB00133)","0.60742","http://www.drugbank.ca/drugs/DB00133"
"325","D-Treitol (DB03278)","0.60691","http://www.drugbank.ca/drugs/DB03278"
"326","Meso-Erythritol (DB04481)","0.60691","http://www.drugbank.ca/drugs/DB04481"
"327","Phosphoaspartate (DB01857)","0.60637","http://www.drugbank.ca/drugs/DB01857"
"328","(S)-Des-Me-Ampa (DB01664)","0.60495","http://www.drugbank.ca/drugs/DB01664"
"329","(3-Formyl-but-3-Enyl)-Phosphonic Acid (DB03211)","0.60103","http://www.drugbank.ca/drugs/DB03211"
"330","Ethyl Oxo(Piperidin-1-Yl)Acetate (DB02419)","0.60046","http://www.drugbank.ca/drugs/DB02419"
"331","N-Hydroxy-4-Phosphono-Butanamide (DB01695)","0.59925","http://www.drugbank.ca/drugs/DB01695"
"332","alpha-D-Xylopyranose (DB03389)","0.59922","http://www.drugbank.ca/drugs/DB03389"
"333","L-Xylopyranose (DB03911)","0.59922","http://www.drugbank.ca/drugs/DB03911"
"334","beta-D-Ribopyranose (DB04286)","0.59922","http://www.drugbank.ca/drugs/DB04286"
"335","S-Acetonylcysteine (DB03858)","0.59877","http://www.drugbank.ca/drugs/DB03858"
"336","2'-5'dideoxyuridine (DB03274)","0.59845","http://www.drugbank.ca/drugs/DB03274"
"337","Ribose (DB01936)","0.59442","http://www.drugbank.ca/drugs/DB01936"
"338","Alpha-L-Arabinose (DB03142)","0.59442","http://www.drugbank.ca/drugs/DB03142"
"339","Beta-L-Arabinose (DB03246)","0.59442","http://www.drugbank.ca/drugs/DB03246"
"340","Nor-N-Omega-Hydroxy-L-Arginine (DB02381)","0.59415","http://www.drugbank.ca/drugs/DB02381"
"341","2-(Phosphonooxy)Butanoic Acid (DB03248)","0.59331","http://www.drugbank.ca/drugs/DB03248"
"342","AMPA (DB02057)","0.59321","http://www.drugbank.ca/drugs/DB02057"
"343","3-Hydroxypyruvic Acid (DB02951)","0.59276","http://www.drugbank.ca/drugs/DB02951"
"344","N-Acetylproline (DB03360)","0.59206","http://www.drugbank.ca/drugs/DB03360"
"345","2-Aminopropanedioic Acid (DB02289)","0.59183","http://www.drugbank.ca/drugs/DB02289"
"346","2-Ammoniobut-3-Enoate, 2-Amino-3-Butenoate (DB01804)","0.58673","http://www.drugbank.ca/drugs/DB01804"
"347","Vinylglycine (DB03214)","0.58673","http://www.drugbank.ca/drugs/DB03214"
"348","Levetiracetam (DB01202)","0.58436","http://www.drugbank.ca/drugs/DB01202"
"349","Propyl Acetate (DB01670)","0.57884","http://www.drugbank.ca/drugs/DB01670"
"350","4-Hydroxy-L-Threonine-5-Monophosphate (DB02609)","0.57862","http://www.drugbank.ca/drugs/DB02609"
"351","Phosphonothreonine (DB02482)","0.57812","http://www.drugbank.ca/drugs/DB02482"
"352","CTI-01 (DB05869)","0.57810","http://www.drugbank.ca/drugs/DB05869"
"353","N-Butyl-N'-Hydroxyguanidine (DB02727)","0.57744","http://www.drugbank.ca/drugs/DB02727"
"354","L-Cystine (DB00138)","0.57229","http://www.drugbank.ca/drugs/DB00138"
"355","S-Hydroxycysteine (DB01915)","0.56879","http://www.drugbank.ca/drugs/DB01915"
"356","2-Oxo-3-Pentenoic Acid (DB02005)","0.56864","http://www.drugbank.ca/drugs/DB02005"
"357","Spermidine (DB03566)","0.56680","http://www.drugbank.ca/drugs/DB03566"
"358","O-Acetylserine (DB01837)","0.56649","http://www.drugbank.ca/drugs/DB01837"
"359","2-(2-Hydroxy-1,1-Dihydroxymethyl-Ethylamino)-Ethanesulfonic Acid (DB02371)","0.56593","http://www.drugbank.ca/drugs/DB02371"
"360","2,6-Anhydro-3-Deoxy-D-Erythro-Hex-2-Enonic Acid (DB03284)","0.56586","http://www.drugbank.ca/drugs/DB03284"
"361","3-Aminosuccinimide (DB03487)","0.56520","http://www.drugbank.ca/drugs/DB03487"
"362","Dihydroorotic Acid (DB02129)","0.55865","http://www.drugbank.ca/drugs/DB02129"
"363","Tartronate (DB03680)","0.55136","http://www.drugbank.ca/drugs/DB03680"
"364","S-Methylcysteine (DB02216)","0.54971","http://www.drugbank.ca/drugs/DB02216"
"365","2-(3-OXO-PROPYLSULFANYLCARBONYL)-ETHANETHIOLATE (DB04749)","0.54943","http://www.drugbank.ca/drugs/DB04749"
"366","S-(Methylmercury)-L-Cysteine (DB02750)","0.54668","http://www.drugbank.ca/drugs/DB02750"
"367","Thiarsahydroxy-Cysteine (DB01808)","0.54596","http://www.drugbank.ca/drugs/DB01808"
"368","3-Amino-Alanine (DB03320)","0.54530","http://www.drugbank.ca/drugs/DB03320"
"369","S,S-Propylthiocysteine (DB03654)","0.53714","http://www.drugbank.ca/drugs/DB03654"
"370","Hydroxyethylcysteine (DB02413)","0.53619","http://www.drugbank.ca/drugs/DB02413"
"371","3-Sulfinoalanine (DB02153)","0.53604","http://www.drugbank.ca/drugs/DB02153"
"372","N-Acetyl-Serine (DB02340)","0.53529","http://www.drugbank.ca/drugs/DB02340"
"373","4,5-Dehydro-D-Glucuronic Acid (DB02305)","0.53492","http://www.drugbank.ca/drugs/DB02305"
"374","4-Deoxy-D-Mannuronic Acid (DB02734)","0.53492","http://www.drugbank.ca/drugs/DB02734"
"375","4,5-Dehydro-L-Iduronic Acid (DB03569)","0.53492","http://www.drugbank.ca/drugs/DB03569"
"376","(2r,4s)-2-Methyl-2,3,3,4-Tetrahydroxytetrahydrofuran (DB04346)","0.53409","http://www.drugbank.ca/drugs/DB04346"
"377","S-propylamine-L-cysteine (DB04648)","0.53345","http://www.drugbank.ca/drugs/DB04648"
"378","S-Acetyl-Cysteine (DB02039)","0.53265","http://www.drugbank.ca/drugs/DB02039"
"379","Carboxymethylenecysteine (DB04339)","0.53232","http://www.drugbank.ca/drugs/DB04339"
"380","L-2-Amino-4-Methoxy-Cis-but-3-Enoic Acid (DB03611)","0.53117","http://www.drugbank.ca/drugs/DB03611"
"381","Agmatine (DB08838)","0.52992","http://www.drugbank.ca/drugs/DB08838"
"382","Trimethadione (DB00347)","0.52516","http://www.drugbank.ca/drugs/DB00347"
"383","Vitamin C (DB00126)","0.52477","http://www.drugbank.ca/drugs/DB00126"
"384","Citraconic acid (DB04734)","0.52453","http://www.drugbank.ca/drugs/DB04734"
"385","N-Acetylalanine (DB02518)","0.52410","http://www.drugbank.ca/drugs/DB02518"
"386","Acetylcarnitine (DB08842)","0.52353","http://www.drugbank.ca/drugs/DB08842"
"387","TERT-BUTYL 2-CYANO-2-METHYLHYDRAZINECARBOXYLATE (DB08594)","0.52107","http://www.drugbank.ca/drugs/DB08594"
"388","S,S-(2-Hydroxyethyl)Thiocysteine (DB04530)","0.51124","http://www.drugbank.ca/drugs/DB04530"
"389","L-Carnitine (DB00583)","0.51112","http://www.drugbank.ca/drugs/DB00583"
"390","(3-Carboxy-2-(R)-Hydroxy-Propyl)-Trimethyl-Ammonium (DB02648)","0.51112","http://www.drugbank.ca/drugs/DB02648"
"391","Acetylcysteine (DB06151)","0.50970","http://www.drugbank.ca/drugs/DB06151"
"392","S-Methyl Thiocysteine Group (DB02361)","0.50893","http://www.drugbank.ca/drugs/DB02361"
"393","Monoisopropylphosphorylserine (DB01805)","0.50532","http://www.drugbank.ca/drugs/DB01805"
"394","2,2-Dimethylthiazolidine-4-Carboxylic Acid;(Dmt)Thiazolidine (DB01635)","0.50174","http://www.drugbank.ca/drugs/DB01635"
"395","Proline Betaine (DB04284)","0.49873","http://www.drugbank.ca/drugs/DB04284"
"396","4-(1,3,2-Dioxaborolan-2-Yloxy)Butan-1-Aminium (DB02308)","0.49857","http://www.drugbank.ca/drugs/DB02308"
"397","Cysteine-S-Acetamide (DB02987)","0.49844","http://www.drugbank.ca/drugs/DB02987"
"398","Diisopropylphosphono Group (DB04491)","0.49460","http://www.drugbank.ca/drugs/DB04491"
"399","3-Trimethylsilylsuccinic Acid (DB03452)","0.49416","http://www.drugbank.ca/drugs/DB03452"
"400","2-Carboxyethylphosphonic Acid (DB03379)","0.49403","http://www.drugbank.ca/drugs/DB03379"
"401","Cycloserine (DB00260)","0.49328","http://www.drugbank.ca/drugs/DB00260"
"402","Malate Like Intermediate (DB03343)","0.49327","http://www.drugbank.ca/drugs/DB03343"
"403","Nd1-Phosphonohistidine (DB01899)","0.49160","http://www.drugbank.ca/drugs/DB01899"
"404","N-Carbamoyl-Alanine (DB04048)","0.49132","http://www.drugbank.ca/drugs/DB04048"
"405","S-(Dimethylarsenic)Cysteine (DB03963)","0.48963","http://www.drugbank.ca/drugs/DB03963"
"406","Thioproline (DB02846)","0.48843","http://www.drugbank.ca/drugs/DB02846"
"407","Clavulanate (DB00766)","0.48827","http://www.drugbank.ca/drugs/DB00766"
"408","Busulfan (DB01008)","0.47627","http://www.drugbank.ca/drugs/DB01008"
"409","Methylphosphonic Acid Diisopropyl Ester (DB02127)","0.47581","http://www.drugbank.ca/drugs/DB02127"
"410","Isoflurophate (DB00677)","0.47460","http://www.drugbank.ca/drugs/DB00677"
"411","Sevelamer (DB00658)","0.47365","http://www.drugbank.ca/drugs/DB00658"
"412","D-2-Amino-3-Phosphono-Propionic Acid (DB03292)","0.46719","http://www.drugbank.ca/drugs/DB03292"
"413","Cysteinesulfonic Acid (DB03661)","0.46719","http://www.drugbank.ca/drugs/DB03661"
"414","Cystein-S-Yl Cacodylate (DB03676)","0.46629","http://www.drugbank.ca/drugs/DB03676"
"415","(4s)-2-[(1e)-1-Aminoprop-1-Enyl]-4,5-Dihydro-1,3-Thiazole-4-Carboxylic Acid (DB02940)","0.46275","http://www.drugbank.ca/drugs/DB02940"
"416","(8ar)-Hexahydropyrrolo[1,2-a]Pyrazine-1,4-Dione (DB04541)","0.46135","http://www.drugbank.ca/drugs/DB04541"
"417","Phosphoric Acid Mono-[2-Amino-3-(3h-Imidazol-4-Yl)-Propyl]Ester (DB03997)","0.45566","http://www.drugbank.ca/drugs/DB03997"
"418","S-Arsonocysteine (DB03352)","0.45545","http://www.drugbank.ca/drugs/DB03352"
"419","S-Phosphocysteine (DB03544)","0.45545","http://www.drugbank.ca/drugs/DB03544"
"420","Guanidine-3-Propanol (DB03637)","0.44875","http://www.drugbank.ca/drugs/DB03637"
"421","S-{2-[Amino(Dihydroxy)-Lambda~4~-Sulfanyl]Ethyl}-D-Cysteine (DB02689)","0.44347","http://www.drugbank.ca/drugs/DB02689"
"422","S-Methyl Phosphocysteine (DB02461)","0.44282","http://www.drugbank.ca/drugs/DB02461"
"423","Calcium Acetate (DB00258)","0.43677","http://www.drugbank.ca/drugs/DB00258"
"424","Buformin (DB04830)","0.43252","http://www.drugbank.ca/drugs/DB04830"
"425","Phosphonoserine (DB04522)","0.42959","http://www.drugbank.ca/drugs/DB04522"
"426","2-Amino-3-Hydroxy-3-Phosphonooxy-Propionic Acid (DB03821)","0.42633","http://www.drugbank.ca/drugs/DB03821"
"427","Dinor-N(Omega)-Hydroxy-L-Arginine (DB02499)","0.42591","http://www.drugbank.ca/drugs/DB02499"
"428","N,N-Dimethyl-L-Alanine (DB02167)","0.42490","http://www.drugbank.ca/drugs/DB02167"
"429","N-Hydroxy-N-Isopropyloxamic Acid (DB03387)","0.42308","http://www.drugbank.ca/drugs/DB03387"
"430","2-Amino-3-(Diethoxy-Phosphoryloxy)-Propionic Acid (DB02364)","0.42256","http://www.drugbank.ca/drugs/DB02364"
"431","2-Phosphoglyceric Acid (DB01709)","0.41365","http://www.drugbank.ca/drugs/DB01709"
"432","2-Phospho-D-Glyceric Acid (DB03465)","0.41365","http://www.drugbank.ca/drugs/DB03465"
"433","DIETHYL PROPANE-1,3-DIYLBISCARBAMATE (DB08501)","0.41225","http://www.drugbank.ca/drugs/DB08501"
"434","L-Phospholactate (DB01733)","0.41222","http://www.drugbank.ca/drugs/DB01733"
"435","Glyceraldehyde-3-Phosphate (DB02263)","0.41139","http://www.drugbank.ca/drugs/DB02263"
"436","Acamprosate (DB00659)","0.40610","http://www.drugbank.ca/drugs/DB00659"
"437","3-Fluoro-2-(Phosphonooxy)Propanoic Acid (DB03113)","0.40334","http://www.drugbank.ca/drugs/DB03113"
"438","ZK-800270 (DB01665)","0.39719","http://www.drugbank.ca/drugs/DB01665"
"439","Chlormerodrin (DB00534)","0.39031","http://www.drugbank.ca/drugs/DB00534"
"440","L-Alpha-Glycerophosphorylethanolamine (DB03484)","0.38822","http://www.drugbank.ca/drugs/DB03484"
"441","(2-[2-Ketopropylthio]Ethanesulfonate (DB03163)","0.38465","http://www.drugbank.ca/drugs/DB03163"
"442","3-Phosphoglycerol (DB02515)","0.37948","http://www.drugbank.ca/drugs/DB02515"
"443","Fosfomycin (DB00828)","0.37706","http://www.drugbank.ca/drugs/DB00828"
"444","Fumarate (DB01677)","0.37615","http://www.drugbank.ca/drugs/DB01677"
"445","Glycerol-2-Phosphate (DB01779)","0.37458","http://www.drugbank.ca/drugs/DB01779"
"446","O-Phosphoethanolamine (DB01738)","0.37171","http://www.drugbank.ca/drugs/DB01738"
"447","Z-Dehydrobutyrine (DB03720)","0.36942","http://www.drugbank.ca/drugs/DB03720"
"448","Acetylamino-Acetic Acid (DB02713)","0.36698","http://www.drugbank.ca/drugs/DB02713"
"449","N-Isopropyl-N'-Hydroxyguanidine (DB02143)","0.36218","http://www.drugbank.ca/drugs/DB02143"
"450","Amifostine (DB01143)","0.35965","http://www.drugbank.ca/drugs/DB01143"
"451","Fosmidomycin (DB02948)","0.35338","http://www.drugbank.ca/drugs/DB02948"
"452","3[N-Morpholino]Propane Sulfonic Acid (DB03434)","0.35047","http://www.drugbank.ca/drugs/DB03434"
"453","3,4-Dihydrouracil (DB01849)","0.34942","http://www.drugbank.ca/drugs/DB01849"
"454","N-Methyldehydrobutyrine (DB04225)","0.34424","http://www.drugbank.ca/drugs/DB04225"
"455","[3-(1,3,2-Dioxaborolan-2-Yloxy)Propyl]Guanidine (DB03129)","0.34316","http://www.drugbank.ca/drugs/DB03129"
"456","Methionine Phosphonate (DB02151)","0.34183","http://www.drugbank.ca/drugs/DB02151"
"457","Methacholine (DB06709)","0.33362","http://www.drugbank.ca/drugs/DB06709"
"458","(5s)-5-Iododihydro-2,4(1h,3h)-Pyrimidinedione (DB02303)","0.33027","http://www.drugbank.ca/drugs/DB02303"
"459","Nitrilotriacetic Acid (DB03040)","0.32079","http://www.drugbank.ca/drugs/DB03040"
"460","2-[2-(2-Hydroxy-Ethoxy)-Ethoxy]-Ethanol (DB02327)","0.31147","http://www.drugbank.ca/drugs/DB02327"
"461","1-Ethoxy-2-(2-Methoxyethoxy)Ethane (DB03508)","0.30688","http://www.drugbank.ca/drugs/DB03508"
"462","Diethylphosphono Group (DB02811)","0.30418","http://www.drugbank.ca/drugs/DB02811"
"463","Bicine (DB03709)","0.30363","http://www.drugbank.ca/drugs/DB03709"
"464","N-(2-Acetamido)Iminodiacetic Acid (DB02810)","0.30329","http://www.drugbank.ca/drugs/DB02810"
"465","Methyl-Carbamic Acid Ethyl Ester (DB02856)","0.30228","http://www.drugbank.ca/drugs/DB02856"
"466","Hadacidin (DB02109)","0.29504","http://www.drugbank.ca/drugs/DB02109"
"467","(Carboxyhydroxyamino)Ethanoic Acid (DB02954)","0.29332","http://www.drugbank.ca/drugs/DB02954"
"468","ETHYL HYDROGEN DIETHYLAMIDOPHOSPHATE (DB08658)","0.28540","http://www.drugbank.ca/drugs/DB08658"
"469","Bethanechol (DB01019)","0.28492","http://www.drugbank.ca/drugs/DB01019"
"470","1-Methoxy-2-[2-(2-Methoxy-Ethoxy]-Ethane (DB02078)","0.27979","http://www.drugbank.ca/drugs/DB02078"
"471","(2r)-2-(Aminomethyl)-2,4-Dihydroxy-5-Oxo-3-(2-Oxoethyl)-2,5-Dihydro-1h-Imidazol-3-Ium (DB01797)","0.27827","http://www.drugbank.ca/drugs/DB01797"
"472","1-Methoxy-2-(2-Methoxyethoxy)Ethane (DB02935)","0.27744","http://www.drugbank.ca/drugs/DB02935"
"473","N-[Amino(Imino)Methyl]Glycine (DB02751)","0.26694","http://www.drugbank.ca/drugs/DB02751"
"474","Triethyl Phosphate (DB03347)","0.26428","http://www.drugbank.ca/drugs/DB03347"
"475","Ethyl Dimethyl Ammonio Propane Sulfonate (DB02618)","0.26201","http://www.drugbank.ca/drugs/DB02618"
"476","2-(N-Morpholino)-Ethanesulfonic Acid (DB03814)","0.25634","http://www.drugbank.ca/drugs/DB03814"
"477","N-Aminoethylmorpholine (DB03096)","0.24995","http://www.drugbank.ca/drugs/DB03096"
"478","Glyphosate (DB04539)","0.24893","http://www.drugbank.ca/drugs/DB04539"
"479","Dimethylglycine (DB02083)","0.24741","http://www.drugbank.ca/drugs/DB02083"
"480","N-Ethylmaleimide (DB02967)","0.24539","http://www.drugbank.ca/drugs/DB02967"
"481","N-Bromoacetyl-Aminoethyl Phosphate (DB02257)","0.24435","http://www.drugbank.ca/drugs/DB02257"
"482","Acetylcholine (DB03128)","0.23632","http://www.drugbank.ca/drugs/DB03128"
"483","Imexon (DB05003)","0.22306","http://www.drugbank.ca/drugs/DB05003"
"484","Carmustine (DB00262)","0.21531","http://www.drugbank.ca/drugs/DB00262"
"485","Creatine (DB00148)","0.21202","http://www.drugbank.ca/drugs/DB00148"
"486","Phosphonoacetohydroxamic Acid (DB03645)","0.20934","http://www.drugbank.ca/drugs/DB03645"
"487","4-Hydroxy-3,4-Dihydro-1h-Pyrimidin-2-One (DB03939)","0.20022","http://www.drugbank.ca/drugs/DB03939"
"488","Phosphoglycolohydroxamic Acid (DB03026)","0.19850","http://www.drugbank.ca/drugs/DB03026"
"489","[2(Formyl-Hydroxy-Amino)-Ethyl]-Phosphonic Acid (DB03135)","0.19658","http://www.drugbank.ca/drugs/DB03135"
"490","5-Fluoro-4-(S)-Hydroxy-3,4-Dihydropyrimidine (DB04135)","0.19117","http://www.drugbank.ca/drugs/DB04135"
"491","Diureido-Acetate (DB04380)","0.18402","http://www.drugbank.ca/drugs/DB04380"
"492","(Diaminomethyl-Methyl-Amino)-Acetic Acid (DB02490)","0.18172","http://www.drugbank.ca/drugs/DB02490"
"493","Trimethyl Glycine (DB04455)","0.17311","http://www.drugbank.ca/drugs/DB04455"
"494","Carbachol (DB00411)","0.17302","http://www.drugbank.ca/drugs/DB00411"
"495","4-Methylpiperazin-1-Yl Carbonyl Group (DB04451)","0.14393","http://www.drugbank.ca/drugs/DB04451"
"496","Choline (DB00122)","0.14341","http://www.drugbank.ca/drugs/DB00122"
"497","Phosphocholine (DB03945)","0.14029","http://www.drugbank.ca/drugs/DB03945"
"498","2-Amino-Vinyl-Phosphate (DB02907)","0.09829","http://www.drugbank.ca/drugs/DB02907"
"499","Glycoluril (DB03533)","0.09278","http://www.drugbank.ca/drugs/DB03533"
"500","Tris-Hydroxymethyl-Methyl-Ammonium (DB03570)","0.08048","http://www.drugbank.ca/drugs/DB03570"
