"","DrugBank Compound (Name, ID)","Similarity to ","Link"
"1","2-{4-[5-(4-chlorophenyl)-4-pyrimidin-4-yl-1H-pyrazol-3-yl]piperidin-1-yl}-2-oxoethanol (DB07943)","0.9455","http://www.drugbank.ca/drugs/DB07943"
"2","(3R,4S)-1-[(4-amino-5H-pyrrolo[3,2-d]pyrimidin-7-yl)methyl]-4-[(benzylsulfanyl)methyl]pyrrolidin-3-ol (DB07649)","0.9357","http://www.drugbank.ca/drugs/DB07649"
"3","Risperidone (DB00734)","0.9315","http://www.drugbank.ca/drugs/DB00734"
"4","Pagoclone (DB04903)","0.9303","http://www.drugbank.ca/drugs/DB04903"
"5","N-((1R,2S)-2-(5-CHLORO-1H-INDOLE-2-CARBOXAMIDO)CYCLOHEXYL)-5-METHYL-4,5,6,7-TETRAHYDROTHIAZOLO[5,4-C]PYRIDINE-2-CARBOXAMIDE (DB07629)","0.9303","http://www.drugbank.ca/drugs/DB07629"
"6","N-((1R,2R)-2-(5-CHLORO-1H-INDOLE-2-CARBOXAMIDO)CYCLOHEXYL)-5-METHYL-4,5,6,7-TETRAHYDROTHIAZOLO[5,4-C]PYRIDINE-2-CARBOXAMIDE (DB07630)","0.9303","http://www.drugbank.ca/drugs/DB07630"
"7","5-{[1-(2-fluorobenzyl)piperidin-4-yl]methoxy}quinazoline-2,4-diamine (DB07642)","0.9283","http://www.drugbank.ca/drugs/DB07642"
"8","Eletriptan (DB00216)","0.9251","http://www.drugbank.ca/drugs/DB00216"
"9","4-{[5-chloro-4-(1H-indol-3-yl)pyrimidin-2-yl]amino}-N-ethylpiperidine-1-carboxamide (DB08005)","0.9242","http://www.drugbank.ca/drugs/DB08005"
"10","(13R,15S)-13-METHYL-16-OXA-8,9,12,22,24-PENTAAZAHEXACYCLO[15.6.2.16,9.1,12,15.0,2,7.0,21,25]HEPTACOSA-1(24),2,4,6,17(25),18,20-HEPTAENE-23,26-DIONE (DB06888)","0.9241","http://www.drugbank.ca/drugs/DB06888"
"11","OPC-51803 (DB05838)","0.9229","http://www.drugbank.ca/drugs/DB05838"
"12","CRA_10655 (DB02526)","0.9215","http://www.drugbank.ca/drugs/DB02526"
"13","5-{[1-(2,3-dichlorobenzyl)piperidin-4-yl]methoxy}quinazoline-2,4-diamine (DB07643)","0.9203","http://www.drugbank.ca/drugs/DB07643"
"14","CRA_11092 (DB03555)","0.9193","http://www.drugbank.ca/drugs/DB03555"
"15","N-{2'-[(4-FLUOROPHENYL)AMINO]-4,4'-BIPYRIDIN-2-YL}-4-METHOXYCYCLOHEXANECARBOXAMIDE (DB08025)","0.9189","http://www.drugbank.ca/drugs/DB08025"
"16","3-(2-AMINO-6-BENZOYLQUINAZOLIN-3(4H)-YL)-N-CYCLOHEXYL-N-METHYLPROPANAMIDE (DB08749)","0.9188","http://www.drugbank.ca/drugs/DB08749"
"17","Sertindole (DB06144)","0.9182","http://www.drugbank.ca/drugs/DB06144"
"18","Topotecan (DB01030)","0.9165","http://www.drugbank.ca/drugs/DB01030"
"19","4-(6-{[(1R)-1-(hydroxymethyl)propyl]amino}imidazo[1,2-b]pyridazin-3-yl)benzoic acid (DB07125)","0.9154","http://www.drugbank.ca/drugs/DB07125"
"20","1-(CYCLOHEXYLAMINO)-3-(6-METHYL-3,4-DIHYDRO-1H-CARBAZOL-9(2H)-YL)PROPAN-2-OL (DB07061)","0.9148","http://www.drugbank.ca/drugs/DB07061"
"21","Vandetanib (DB05294)","0.9141","http://www.drugbank.ca/drugs/DB05294"
"22","Piboserod (DB04873)","0.9126","http://www.drugbank.ca/drugs/DB04873"
"23","4-BROMO-2-FLUORO-N-[(4E)-6-METHOXY-7-[(1-METHYLPIPERIDIN-4-YL)METHOXY]QUINAZOLIN-4(1H)-YLIDENE]ANILINE (DB08764)","0.9112","http://www.drugbank.ca/drugs/DB08764"
"24","Trovafloxacin (DB00685)","0.9107","http://www.drugbank.ca/drugs/DB00685"
"25","(9S)-9-[(8-AMMONIOOCTYL)AMINO]-1,2,3,4,9,10-HEXAHYDROACRIDINIUM (DB04617)","0.9089","http://www.drugbank.ca/drugs/DB04617"
"26","1-ethyl-N-(phenylmethyl)-4-(tetrahydro-2H-pyran-4-ylamino)-1H-pyrazolo[3,4-b]pyridine-5-carboxamide (DB06909)","0.9083","http://www.drugbank.ca/drugs/DB06909"
"27","6,7-DIMETHOXY-4-[(3R)-3-(QUINOXALIN-2-YLOXY)PYRROLIDIN-1-YL]QUINAZOLINE (DB08391)","0.9082","http://www.drugbank.ca/drugs/DB08391"
"28","Nicergoline (DB00699)","0.9081","http://www.drugbank.ca/drugs/DB00699"
"29","N-cyclopropyl-4-methyl-3-{2-[(2-morpholin-4-ylethyl)amino]quinazolin-6-yl}benzamide (DB08351)","0.9075","http://www.drugbank.ca/drugs/DB08351"
"30","2-({2-[(3R)-3-AMINOPIPERIDIN-1-YL]-4-OXOQUINAZOLIN-3(4H)-YL}METHYL)BENZONITRILE (DB08588)","0.9074","http://www.drugbank.ca/drugs/DB08588"
"31","10-Propargyl-5,8-Dideazafolic Acid (DB03541)","0.9071","http://www.drugbank.ca/drugs/DB03541"
"32","5-Chloro-1h-Indole-2-Carboxylic Acid [1-(4-Fluorobenzyl)-2-(4-Hydroxypiperidin-1yl)-2-Oxoethyl]Amide (DB03383)","0.9069","http://www.drugbank.ca/drugs/DB03383"
"33","THIENO[3,2-B]PYRIDINE-2-SULFONIC ACID [2-OXO-1-(1H-PYRROLO[2,3-C]PYRIDIN-2-YLMETHYL)-PYRROLIDIN-3-YL]-AMIDE (DB08426)","0.9066","http://www.drugbank.ca/drugs/DB08426"
"34","Quinacrine (DB01103)","0.9050","http://www.drugbank.ca/drugs/DB01103"
"35","2-{4-[2-(2-AMINO-4-OXO-4,7-DIHYDRO-3H-PYRROLO[2,3-D]PYRIMIDIN-5-YL)-ETHYL]-BENZOYLAMINO}-3-METHYL-BUTYRIC ACID (DB08131)","0.9046","http://www.drugbank.ca/drugs/DB08131"
"36","Mesoridazine (DB00933)","0.9045","http://www.drugbank.ca/drugs/DB00933"
"37","Cinchocaine (DB00527)","0.9045","http://www.drugbank.ca/drugs/DB00527"
"38","CRA_16847 (DB02063)","0.9043","http://www.drugbank.ca/drugs/DB02063"
"39","Etonitazene (DB01462)","0.9039","http://www.drugbank.ca/drugs/DB01462"
"40","1-((1R)-1-(HYDROXYMETHYL)-3-{6-[(3-PHENYLPROPANOYL)AMINO]-1H-INDOL-1-YL}PROPYL)-1H-IMIDAZOLE-4-CARBOXAMIDE (DB07783)","0.9039","http://www.drugbank.ca/drugs/DB07783"
"41","(3R,4R)-1-{6-[3-(METHYLSULFONYL)PHENYL]PYRIMIDIN-4-YL}-4-(2,4,5-TRIFLUOROPHENYL)PIPERIDIN-3-AMINE (DB08164)","0.9034","http://www.drugbank.ca/drugs/DB08164"
"42","(2S,3S)-3-{3-[4-(METHYLSULFONYL)PHENYL]-1,2,4-OXADIAZOL-5-YL}-1-OXO-1-PYRROLIDIN-1-YLBUTAN-2-AMINE (DB07067)","0.9033","http://www.drugbank.ca/drugs/DB07067"
"43","LE-SN38 (DB05482)","0.9033","http://www.drugbank.ca/drugs/DB05482"
"44","Cysteine-Methylene-Carbamoyl-1,10-Phenanthroline (DB04437)","0.9027","http://www.drugbank.ca/drugs/DB04437"
"45","6-(2,4-DIAMINO-6-ETHYLPYRIMIDIN-5-YL)-4-(3-METHOXYPROPYL)-2,2-DIMETHYL-2H-1,4-BENZOXAZIN-3(4H)-ONE (DB07174)","0.9017","http://www.drugbank.ca/drugs/DB07174"
"46","(2R)-N-HYDROXY-2-[(3S)-3-METHYL-3-{4-[(2-METHYLQUINOLIN-4-YL)METHOXY]PHENYL}-2-OXOPYRROLIDIN-1-YL]PROPANAMIDE (DB07145)","0.9009","http://www.drugbank.ca/drugs/DB07145"
"47","Thioridazine (DB00679)","0.9004","http://www.drugbank.ca/drugs/DB00679"
"48","Domperidone (DB01184)","0.8999","http://www.drugbank.ca/drugs/DB01184"
"49","8-ethyl-3,10,10-trimethyl-4,5,6,8,10,12-hexahydropyrazolo[4',3':6,7]cyclohepta[1,2-b]pyrrolo[2,3-f]indol-9(1H)-one (DB07266)","0.8998","http://www.drugbank.ca/drugs/DB07266"
"50","[2-(1-Amino-2-Hydroxy-Propyl)-4-(4-Fluoro-1h-Indol-3-Ylmethyl)-5-Hydroxy-Imidazol-1-Yl]-Acetic Acid (DB01674)","0.8997","http://www.drugbank.ca/drugs/DB01674"
"51","(10R)-10-Formyl-5,8,10-Trideazafolic Acid (DB04264)","0.8996","http://www.drugbank.ca/drugs/DB04264"
"52","Clonitazene (DB01523)","0.8992","http://www.drugbank.ca/drugs/DB01523"
"53","3-[(1R)-1-(2,6-dichloro-3-fluorophenyl)ethoxy]-5-(1-piperidin-4-yl-1H-pyrazol-4-yl)pyridin-2-amine (DB08700)","0.8991","http://www.drugbank.ca/drugs/DB08700"
"54","Pipazethate (DB08796)","0.8989","http://www.drugbank.ca/drugs/DB08796"
"55","N-{2-[6-(2,4-DIAMINO-6-ETHYLPYRIMIDIN-5-YL)-2,2-DIMETHYL-3-OXO-2,3-DIHYDRO-4H-1,4-BENZOTHIAZIN-4-YL]ETHYL}ACETAMIDE (DB06899)","0.8983","http://www.drugbank.ca/drugs/DB06899"
"56","(10S)-10-Formyl-5,8,10-Trideazafolic Acid (DB02540)","0.8981","http://www.drugbank.ca/drugs/DB02540"
"57","5-CHLORO-N-((1R,2S)-2-(4-(2-OXOPYRIDIN-1(2H)-YL)BENZAMIDO) CYCLOPENTYL)THIOPHENE-2-CARBOXAMIDE (DB08174)","0.8979","http://www.drugbank.ca/drugs/DB08174"
"58","Pemetrexed (DB00642)","0.8978","http://www.drugbank.ca/drugs/DB00642"
"59","Propericiazine (DB01608)","0.8977","http://www.drugbank.ca/drugs/DB01608"
"60","THIENO[3,2-B]PYRIDINE-2-SULFONIC ACID [1-(1-AMINO-ISOQUINOLIN-7-YLMETHYL)-2-OXO-PYRROLDIN-3-YL]-AMIDE (DB07261)","0.8976","http://www.drugbank.ca/drugs/DB07261"
"61","Raltitrexed (DB00293)","0.8972","http://www.drugbank.ca/drugs/DB00293"
"62","1-(3-HYDROXYPROPYL)-2-[(3-NITROBENZOYL)AMINO]-1H-BENZIMIDAZOL-5-YL PIVALATE (DB08590)","0.8971","http://www.drugbank.ca/drugs/DB08590"
"63","Pipotiazine (DB01621)","0.8967","http://www.drugbank.ca/drugs/DB01621"
"64","N-[(Furan-2-Yl)Carbonyl]-(S)-Leucyl-(R)-[1-Amino-2(1h-Indol-3-Yl)Ethyl]-Phosphonic Acid (DB02046)","0.8965","http://www.drugbank.ca/drugs/DB02046"
"65","Rabeprazole (DB01129)","0.8961","http://www.drugbank.ca/drugs/DB01129"
"66","6-FLUORO-2-[2-HYDROXY-3-(2-METHYL-CYCLOHEXYLOXY)-PHENYL]-1H-INDOLE-5-CARBOXAMIDINE (DB06856)","0.8959","http://www.drugbank.ca/drugs/DB06856"
"67","4-[(2-{4-[(CYCLOPROPYLCARBAMOYL)AMINO]-1H-PYRAZOL-3-YL}-1H-BENZIMIDAZOL-6-YL)METHYL]MORPHOLIN-4-IUM (DB08067)","0.8958","http://www.drugbank.ca/drugs/DB08067"
"68","Bopindolol (DB08807)","0.8957","http://www.drugbank.ca/drugs/DB08807"
"69","N-{2-[6-(2,4-DIAMINO-6-ETHYLPYRIMIDIN-5-YL)-2,2-DIMETHYL-3-OXO-2,3-DIHYDRO-4H-1,4-BENZOXAZIN-4-YL]ETHYL}ACETAMIDE (DB07059)","0.8957","http://www.drugbank.ca/drugs/DB07059"
"70","3-{6-[(8-HYDROXY-QUINOLINE-2-CARBONYL)-AMINO]-2-THIOPHEN-2-YL-HEXANOYLAMINO}-4-OXO-BUTYRI ACID (DB07916)","0.8957","http://www.drugbank.ca/drugs/DB07916"
"71","N-(1-ISOPROPYLPIPERIDIN-4-YL)-1-(3-METHOXYBENZYL)-1H-INDOLE-2-CARBOXAMIDE (DB07973)","0.8952","http://www.drugbank.ca/drugs/DB07973"
"72","N-{(1s)-4-[Bis(2-Chloroethyl)Amino]-1-Methylbutyl}-N-(6-Chloro-2-Methoxy-9-Acridinyl)Amine (DB02240)","0.8947","http://www.drugbank.ca/drugs/DB02240"
"73","(2R,4R)-N~1~-(4-CHLOROPHENYL)-N~2~-[2-FLUORO-4-(2-OXOPYRIDIN-1(2H)-YL)PHENYL]-4-METHOXYPYRROLIDINE-1,2-DICARBOXAMIDE (DB06920)","0.8943","http://www.drugbank.ca/drugs/DB06920"
"74","6-(4-{(1S,2S)-2-AMINO-1-[(DIMETHYLAMINO)CARBONYL]-3-[(3S)-3-FLUOROPYRROLIDIN-1-YL]-3-OXOPROPYL}PHENYL)-1H-[1,2,4]TRIAZOLO[1,5-A]PYRIDIN-4-IUM (DB08504)","0.8939","http://www.drugbank.ca/drugs/DB08504"
"75","S-{3-[(4-ANILINOQUINAZOLIN-6-YL)AMINO]-3-OXOPROPYL}-L-CYSTEINE (DB07602)","0.8938","http://www.drugbank.ca/drugs/DB07602"
"76","N-[5-(1,1-DIOXIDOISOTHIAZOLIDIN-2-YL)-1H-INDAZOL-3-YL]-2-(4-PIPERIDIN-1-YLPHENYL)ACETAMIDE (DB07220)","0.8938","http://www.drugbank.ca/drugs/DB07220"
"77","CRA_10656 (DB04470)","0.8938","http://www.drugbank.ca/drugs/DB04470"
"78","Allyl-{6-[3-(4-Bromo-Phenyl)-1-Methyl-1h-Indazol-6-Yl]Oxy}Hexyl)-N-Methylamine (DB03888)","0.8936","http://www.drugbank.ca/drugs/DB03888"
"79","Rosiglitazone (DB00412)","0.8936","http://www.drugbank.ca/drugs/DB00412"
"80","Sildenafil (DB00203)","0.8934","http://www.drugbank.ca/drugs/DB00203"
"81","Mequitazine (DB01071)","0.8929","http://www.drugbank.ca/drugs/DB01071"
"82","4-[[(1E)-2-(4-CHLOROPHENYL)ETHENYL]SULFONYL]-1-[[1-(4-PYRIDINYL)-4-PIPERIDINYL]METHYL]PIPERAZINONE (DB08745)","0.8923","http://www.drugbank.ca/drugs/DB08745"
"83","[5-AMINO-1-(4-FLUOROPHENYL)-1H-PYRAZOL-4-YL][3-(PIPERIDIN-4-YLOXY)PHENYL]METHANONE (DB08423)","0.8920","http://www.drugbank.ca/drugs/DB08423"
"84","Cp403700, (S)-1-{2-[(5-Chloro-1h-Indole-2-Carbonyl)-Amino]-3-Phenyl-Propionyl}-Azetidine-3-Carboxylate (DB03744)","0.8919","http://www.drugbank.ca/drugs/DB03744"
"85","BNP 1350 (DB05806)","0.8915","http://www.drugbank.ca/drugs/DB05806"
"86","4-{[4-(1-CYCLOPROPYL-2-METHYL-1H-IMIDAZOL-5-YL)PYRIMIDIN-2-YL]AMINO}-N-METHYLBENZENESULFONAMIDE (DB07791)","0.8914","http://www.drugbank.ca/drugs/DB07791"
"87","1-[2-(3-Biphenyl)-4-Methylvaleryl)]Amino-3-(2-Pyridylsulfonyl)Amino-2-Propanone (DB04244)","0.8910","http://www.drugbank.ca/drugs/DB04244"
"88","N-[2-(1h-Indol-5-Yl)-Butyl]-4-Sulfamoyl-Benzamide (DB03596)","0.8909","http://www.drugbank.ca/drugs/DB03596"
"89","CRA_10972 (DB02989)","0.8909","http://www.drugbank.ca/drugs/DB02989"
"90","CRA_10950 (DB03494)","0.8909","http://www.drugbank.ca/drugs/DB03494"
"91","6-FLUORO-2-(2-HYDROXY-3-ISOBUTOXY-PHENYL)-1H-BENZOIMIDAZOLE-5-CARBOXAMIDINE (DB06855)","0.8909","http://www.drugbank.ca/drugs/DB06855"
"92","3-(6-Aminopyridin-3-Yl)-N-Methyl-N-[(1-Methyl-1h-Indol-2-Yl)Methyl]Acrylamide (DB01865)","0.8898","http://www.drugbank.ca/drugs/DB01865"
"93","(3R,4S)-1-{6-[3-(METHYLSULFONYL)PHENYL]PYRIMIDIN-4-YL}-4-(2,4,5-TRIFLUOROPHENYL)PYRROLIDIN-3-AMINE (DB07666)","0.8897","http://www.drugbank.ca/drugs/DB07666"
"94","Rbt205 Inhibitor (DB03777)","0.8896","http://www.drugbank.ca/drugs/DB03777"
"95","1-{2-[(4-CHLOROPHENYL)AMINO]-2-OXOETHYL}-N-(1-ISOPROPYLPIPERIDIN-4-YL)-1H-INDOLE-2-CARBOXAMIDE (DB07974)","0.8891","http://www.drugbank.ca/drugs/DB07974"
"96","Propiomazine (DB00777)","0.8880","http://www.drugbank.ca/drugs/DB00777"
"97","CP-526423 (DB02089)","0.8879","http://www.drugbank.ca/drugs/DB02089"
"98","CRA_10433 (DB03173)","0.8878","http://www.drugbank.ca/drugs/DB03173"
"99","(2R,3R)-7-(methylsulfonyl)-3-(2,4,5-trifluorophenyl)-1,2,3,4-tetrahydropyrido[1,2-a]benzimidazol-2-amine (DB07193)","0.8875","http://www.drugbank.ca/drugs/DB07193"
"100","Azelastine (DB00972)","0.8872","http://www.drugbank.ca/drugs/DB00972"
"101","Afatinib (DB08916)","0.8862","http://www.drugbank.ca/drugs/DB08916"
"102","Valsartan (DB00177)","0.8862","http://www.drugbank.ca/drugs/DB00177"
"103","CRA_10991 (DB01771)","0.8860","http://www.drugbank.ca/drugs/DB01771"
"104","CI-1033 (DB05424)","0.8855","http://www.drugbank.ca/drugs/DB05424"
"105","1-(2-CYCLOPROPYLETHYL)-3-(1,1-DIOXIDO-2H-1,2,4-BENZOTHIADIAZIN-3-YL)-6-FLUORO-4-HYDROXYQUINOLIN-2(1H)-ONE (DB08278)","0.8854","http://www.drugbank.ca/drugs/DB08278"
"106","(3S)-1-(1,3-BENZODIOXOL-5-YLMETHYL)-3-[4-(1H-IMIDAZOL-1-YL)PHENOXY]PIPERIDINE (DB07011)","0.8854","http://www.drugbank.ca/drugs/DB07011"
"107","7-[3-(4-FLUORO-PHENYL)-1-ISOPROPYL-1H-INDOL-2-YL]-3,5-DIHYDROXY-HEPTANOIC ACID (DB06846)","0.8850","http://www.drugbank.ca/drugs/DB06846"
"108","Bepridil (DB01244)","0.8847","http://www.drugbank.ca/drugs/DB01244"
"109","Bepotastine (DB04890)","0.8844","http://www.drugbank.ca/drugs/DB04890"
"110","FR236913 (DB02830)","0.8841","http://www.drugbank.ca/drugs/DB02830"
"111","2-[1-(4-CHLOROBENZOYL)-5-METHOXY-2-METHYL-1H-INDOL-3-YL]-N-[(1R)-1-(HYDROXYMETHYL)PROPYL]ACETAMIDE (DB07981)","0.8835","http://www.drugbank.ca/drugs/DB07981"
"112","2-[1-(4-CHLOROBENZOYL)-5-METHOXY-2-METHYL-1H-INDOL-3-YL]-N-[(1S)-1-(HYDROXYMETHYL)PROPYL]ACETAMIDE (DB07984)","0.8835","http://www.drugbank.ca/drugs/DB07984"
"113","Irbesartan (DB01029)","0.8826","http://www.drugbank.ca/drugs/DB01029"
"114","Pitavastatin (DB08860)","0.8824","http://www.drugbank.ca/drugs/DB08860"
"115","Gefitinib (DB00317)","0.8824","http://www.drugbank.ca/drugs/DB00317"
"116","3-(1,1-dioxido-4H-1,2,4-benzothiadiazin-3-yl)-4-hydroxy-1-(3-methylbutyl)quinolin-2(1H)-one (DB07275)","0.8818","http://www.drugbank.ca/drugs/DB07275"
"117","3-[1-(3-AMINOPROPYL)-1H-INDOL-3-YL]-4-(1H-INDOL-3-YL)-1H-PYRROLE-2,5-DIONE (DB07457)","0.8816","http://www.drugbank.ca/drugs/DB07457"
"118","(3R,4R)-4-(pyrrolidin-1-ylcarbonyl)-1-(quinoxalin-2-ylcarbonyl)pyrrolidin-3-amine (DB07015)","0.8813","http://www.drugbank.ca/drugs/DB07015"
"119","(2Z,3E)-2,3'-BIINDOLE-2',3(1H,1'H)-DIONE 3-{O-[(3R)-3,4-DIHYDROXYBUTYL]OXIME} (DB07766)","0.8809","http://www.drugbank.ca/drugs/DB07766"
"120","[4-(6-Chloro-Naphthalene-2-Sulfonyl)-Piperazin-1-Yl]-(3,4,5,6-Tetrahydro-2h-[1,4']Bipyridinyl-4-Yl)-Methanone (DB01836)","0.8808","http://www.drugbank.ca/drugs/DB01836"
"121","Dextromoramide (DB01529)","0.8806","http://www.drugbank.ca/drugs/DB01529"
"122","N~2~-1,3-BENZOXAZOL-2-YL-3-CYCLOHEXYL-N-{2-[(4-METHOXYPHENYL)AMINO]ETHYL}-L-ALANINAMIDE (DB07839)","0.8802","http://www.drugbank.ca/drugs/DB07839"
"123","(5S)-5-(2-amino-2-oxoethyl)-4-oxo-N-[(3-oxo-3,4-dihydro-2H-1,4-benzoxazin-6-yl)methyl]-3,4,5,6,7,8-hexahydro[1]benzothieno[2,3-d]pyrimidine-2-carboxamide (DB07397)","0.8799","http://www.drugbank.ca/drugs/DB07397"
"124","2'-deoxy-N-(naphthalen-1-ylmethyl)guanosine 5'-(dihydrogen phosphate) (DB08237)","0.8791","http://www.drugbank.ca/drugs/DB08237"
"125","Delavirdine (DB00705)","0.8788","http://www.drugbank.ca/drugs/DB00705"
"126","Ziprasidone (DB00246)","0.8787","http://www.drugbank.ca/drugs/DB00246"
"127","Temafloxacin (DB01405)","0.8787","http://www.drugbank.ca/drugs/DB01405"
"128","(4R,2S)-5'-(4-(4-CHLOROBENZYLOXY)PYRROLIDIN-2-YLMETHANESULFONYL)ISOQUINOLINE (DB07583)","0.8784","http://www.drugbank.ca/drugs/DB07583"
"129","N-(6-{[3-(4-Bromophenyl)-1,2-Benzisothiazol-6-Yl]Oxy}Hexyl)-N-Methylprop-2-En-1-Amine (DB02544)","0.8780","http://www.drugbank.ca/drugs/DB02544"
"130","N-[(3z)-5-Tert-Butyl-2-Phenyl-1,2-Dihydro-3h-Pyrazol-3-Ylidene]-N'-(4-Chlorophenyl)Urea (DB01807)","0.8772","http://www.drugbank.ca/drugs/DB01807"
"131","Pioglitazone (DB01132)","0.8771","http://www.drugbank.ca/drugs/DB01132"
"132","1-(5-Carboxypentyl)-5-[(2,6-Dichlorobenzyl)Oxy]-1 H-Indole-2-Carboxylic Acid (DB02316)","0.8771","http://www.drugbank.ca/drugs/DB02316"
"133","4-(1-Benzyl-3-Carbamoylmethyl-2-Methyl-1h-Indol-5-Yloxy)-Butyric Acid (DB02936)","0.8765","http://www.drugbank.ca/drugs/DB02936"
"134","3-[1-(3-Aminopropyl)-1h-Indol-3-Yl]-4-(1-Methyl-1h-Indol-3-Yl)-1h-Pyrrole-2,5-Dione (DB01946)","0.8762","http://www.drugbank.ca/drugs/DB01946"
"135","N-(3-TERT-BUTYL-1H-PYRAZOL-5-YL)-N'-{4-CHLORO-3-[(PYRIDIN-3-YLOXY)METHYL]PHENYL}UREA (DB08064)","0.8749","http://www.drugbank.ca/drugs/DB08064"
"136","1-[1-(3-aminophenyl)-3-tert-butyl-1H-pyrazol-5-yl]-3-phenylurea (DB06883)","0.8748","http://www.drugbank.ca/drugs/DB06883"
"137","Vardenafil (DB00862)","0.8748","http://www.drugbank.ca/drugs/DB00862"
"138","N-{[4-(but-2-yn-1-yloxy)phenyl]sulfonyl}-5-methyl-D-tryptophan (DB07233)","0.8746","http://www.drugbank.ca/drugs/DB07233"
"139","2-({4-[(5-CHLORO-1H-INDOL-2-YL)SULFONYL]PIPERAZIN-1-YL}CARBONYL)THIENO[3,2-B]PYRIDINE 4-OXIDE (DB07605)","0.8746","http://www.drugbank.ca/drugs/DB07605"
"140","TC-5619 (DB06090)","0.8745","http://www.drugbank.ca/drugs/DB06090"
"141","Fluvastatin (DB01095)","0.8743","http://www.drugbank.ca/drugs/DB01095"
"142","(1-Methyl-1h-Imidazol-2-Yl)-(3-Methyl-4-{3-[(Pyridin-3-Ylmethyl)-Amino]-Propoxy}-Benzofuran-2-Yl)-Methanone (DB03062)","0.8739","http://www.drugbank.ca/drugs/DB03062"
"143","(2S)-1-{[5-(1H-INDAZOL-5-YL)PYRIDIN-3-YL]OXY}-3-[(7AS)-7AH-INDOL-3-YL]PROPAN-2-AMINE (DB06977)","0.8733","http://www.drugbank.ca/drugs/DB06977"
"144","FR233623 (DB03220)","0.8732","http://www.drugbank.ca/drugs/DB03220"
"145","Rimonabant (DB06155)","0.8729","http://www.drugbank.ca/drugs/DB06155"
"146","N-(2-METHOXYETHYL)-4-({4-[2-METHYL-1-(1-METHYLETHYL)-1H-IMIDAZOL-5-YL]PYRIMIDIN-2-YL}AMINO)BENZENESULFONAMIDE (DB07790)","0.8727","http://www.drugbank.ca/drugs/DB07790"
"147","N-[(1S)-2-AMINO-1-(2,4-DICHLOROBENZYL)ETHYL]-5-[2-(METHYLAMINO)PYRIMIDIN-4-YL]THIOPHENE-2-CARBOXAMIDE (DB07235)","0.8727","http://www.drugbank.ca/drugs/DB07235"
"148","5-Chloro-thiophene-2-carboxylic acid ((3S,4S)-1-{[2-fluoro-4-(2-oxo-2H-pyridin-1-yl)-phenylcarbamoyl]-methyl}-4-hydroxy-pyrrolidin-3-yl)-amide (DB07875)","0.8726","http://www.drugbank.ca/drugs/DB07875"
"149","[4-(3-AMINOMETHYL-PHENYL)-PIPERIDIN-1-YL]-(5-PHENETHYL- PYRIDIN-3-YL)-METHANONE (DB04764)","0.8722","http://www.drugbank.ca/drugs/DB04764"
"150","ONO-6818 (DB03925)","0.8721","http://www.drugbank.ca/drugs/DB03925"
"151","[4-(4-PHENYL-PIPERIDIN-1-YL)-BENZENESULFONYLAMINO]-ACETIC ACID (DB07986)","0.8719","http://www.drugbank.ca/drugs/DB07986"
"152","(R)-N-(3-Indol-1-Yl-2-Methyl-Propyl)-4-Sulfamoyl-Benzamide (DB02479)","0.8719","http://www.drugbank.ca/drugs/DB02479"
"153","(S)-N-(3-Indol-1-Yl-2-Methyl-Propyl)-4-Sulfamoyl-Benzamide (DB03950)","0.8719","http://www.drugbank.ca/drugs/DB03950"
"154","4-({4-[(4-methoxypyridin-2-yl)amino]piperidin-1-yl}carbonyl)benzonitrile (DB07002)","0.8719","http://www.drugbank.ca/drugs/DB07002"
"155","Moricizine (DB00680)","0.8716","http://www.drugbank.ca/drugs/DB00680"
"156","methyl (1R,2S)-2-(hydroxycarbamoyl)-1-{4-[(2-methylquinolin-4-yl)methoxy]benzyl}cyclopropanecarboxylate (DB07147)","0.8714","http://www.drugbank.ca/drugs/DB07147"
"157","Pirenzepine (DB00670)","0.8713","http://www.drugbank.ca/drugs/DB00670"
"158","2-(3-CHLORO-6-{[2,2-DIFLUORO-2-(1-OXIDOPYRIDIN-2-YL)ETHYL]AMINO}-1-OXIDOPYRIDIN-2-YL)-N-[1-(3-CHLOROPHENYL)ETHYL]ACETAMIDE (DB04722)","0.8708","http://www.drugbank.ca/drugs/DB04722"
"159","2-{2-[(3,5-dimethylphenyl)amino]pyrimidin-4-yl}-N-[(1S)-2-hydroxy-1-methylethyl]-4-methyl-1,3-thiazole-5-carboxamide (DB07194)","0.8702","http://www.drugbank.ca/drugs/DB07194"
"160","Encainide (DB01228)","0.8698","http://www.drugbank.ca/drugs/DB01228"
"161","Aminacrine (DB02842)","0.8693","http://www.drugbank.ca/drugs/DB02842"
"162","3-[3-(2,3-Dihydroxy-Propylamino)-Phenyl]-4-(5-Fluoro-1-Methyl-1h-Indol-3-Yl)-Pyrrole-2,5-Dione (DB01772)","0.8691","http://www.drugbank.ca/drugs/DB01772"
"163","1-(2-Phenylethyl)-4-phenyl-4-acetoxypiperidine (DB01562)","0.8690","http://www.drugbank.ca/drugs/DB01562"
"164","5-chloro-N-[(3R)-1-(2-{[2-fluoro-4-(2-oxopyridin-1(2H)-yl)phenyl]amino}-2-oxoethyl)pyrrolidin-3-yl]thiophene-2-carboxamide (DB07872)","0.8689","http://www.drugbank.ca/drugs/DB07872"
"165","3-({2-[(4-{[6-(CYCLOHEXYLMETHOXY)-9H-PURIN-2-YL]AMINO}PHENYL)SULFONYL]ETHYL}AMINO)PROPAN-1-OL (DB08309)","0.8678","http://www.drugbank.ca/drugs/DB08309"
"166","5-(4-Morpholin-4-Yl-Phenylsulfanyl)-2,4-Quinazolinediamine (DB02001)","0.8678","http://www.drugbank.ca/drugs/DB02001"
"167","3-(2-CHLOROPHENYL)-1-(2-{[(1S)-2-HYDROXY-1,2-DIMETHYLPROPYL]AMINO}PYRIMIDIN-4-YL)-1-(4-METHOXYPHENYL)UREA (DB08095)","0.8671","http://www.drugbank.ca/drugs/DB08095"
"168","Prasugrel (DB06209)","0.8667","http://www.drugbank.ca/drugs/DB06209"
"169","Paliperidone (DB01267)","0.8666","http://www.drugbank.ca/drugs/DB01267"
"170","3-FLUORO-N-1H-INDOL-5-YL-5-MORPHOLIN-4-YLBENZAMIDE (DB08092)","0.8665","http://www.drugbank.ca/drugs/DB08092"
"171","Furo[2,3d]Pyrimidine Antifolate (DB02026)","0.8663","http://www.drugbank.ca/drugs/DB02026"
"172","1-(5-BROMO-PYRIDIN-2-YL)-3-[2-(6-FLUORO-2-HYDROXY-3-PROPIONYL-PHENYL)-CYCLOPROPYL]-UREA (DB07451)","0.8659","http://www.drugbank.ca/drugs/DB07451"
"173","METHYL 1-(4-{[(2,4-DIAMINOPTERIDIN-6-YL)METHYL]AMINO}BENZOYL)PIPERIDINE-4-CARBOXYLATE (DB07689)","0.8653","http://www.drugbank.ca/drugs/DB07689"
"174","5-CHLORO-THIOPHENE-2-CARBOXYLIC ACID ((3S,4S)-4-FLUORO- 1-{[2-FLUORO-4-(2-OXO-2H-PYRIDIN-1-YL)-PHENYLCARBAMOYL]-METHYL}-PYRROLIDIN-3-YL)-AMIDE (DB08143)","0.8651","http://www.drugbank.ca/drugs/DB08143"
"175","3-[3-(4-methylpiperazin-1-yl)-7-(trifluoromethyl)quinoxalin-5-yl]phenol (DB07969)","0.8650","http://www.drugbank.ca/drugs/DB07969"
"176","[4-({4-[(5-CYCLOPROPYL-1H-PYRAZOL-3-YL)AMINO]QUINAZOLIN-2-YL}IMINO)CYCLOHEXA-2,5-DIEN-1-YL]ACETONITRILE (DB07853)","0.8644","http://www.drugbank.ca/drugs/DB07853"
"177","4-(BENZHYDRYLOXY)-1-[3-(1H-TETRAAZOL-5-YL)PROPYL]PIPERIDINE (DB07917)","0.8641","http://www.drugbank.ca/drugs/DB07917"
"178","Quetiapine (DB01224)","0.8640","http://www.drugbank.ca/drugs/DB01224"
"179","Tadalafil (DB00820)","0.8635","http://www.drugbank.ca/drugs/DB00820"
"180","Indacaterol (DB05039)","0.8634","http://www.drugbank.ca/drugs/DB05039"
"181","Acetophenazine (DB01063)","0.8634","http://www.drugbank.ca/drugs/DB01063"
"182","1-{(1R,2S)-2-HYDROXY-1-[2-(2-NAPHTHYLOXY)ETHYL]PROPYL}-1H-IMIDAZONE-4-CARBOXAMIDE (DB07785)","0.8631","http://www.drugbank.ca/drugs/DB07785"
"183","1-(1'-{[3-(methylsulfanyl)-2-benzothiophen-1-yl]carbonyl}spiro[1-benzofuran-3,4'-piperidin]-5-yl)methanamine (DB06848)","0.8631","http://www.drugbank.ca/drugs/DB06848"
"184","(METHYLPYRIDAZINE PIPERIDINE ETHYLOXYPHENYL)ETHYLACETATE (DB08012)","0.8630","http://www.drugbank.ca/drugs/DB08012"
"185","Ezetimibe (DB00973)","0.8624","http://www.drugbank.ca/drugs/DB00973"
"186","Anileridine (DB00913)","0.8623","http://www.drugbank.ca/drugs/DB00913"
"187","Ivacaftor (DB08820)","0.8621","http://www.drugbank.ca/drugs/DB08820"
"188","RPR131247 (DB02744)","0.8612","http://www.drugbank.ca/drugs/DB02744"
"189","Lobeline (DB05137)","0.8611","http://www.drugbank.ca/drugs/DB05137"
"190","[3-(1-Benzyl-3-Carbamoylmethyl-2-Methyl-1h-Indol-5-Yloxy)-Propyl-]-Phosphonic Acid (DB02504)","0.8611","http://www.drugbank.ca/drugs/DB02504"
"191","Amodiaquine (DB00613)","0.8607","http://www.drugbank.ca/drugs/DB00613"
"192","N-butyl-3-{[6-(9H-purin-6-ylamino)hexanoyl]amino}benzamide (DB07801)","0.8604","http://www.drugbank.ca/drugs/DB07801"
"193","O6-(R)-ROSCOVITINE, R-2-(6-BENZYLOXY-9-ISOPROPYL-9H-PURIN-2-YLAMINO)-BUTAN-1-OL (DB04770)","0.8603","http://www.drugbank.ca/drugs/DB04770"
"194","Mirabegron  (DB08893)","0.8592","http://www.drugbank.ca/drugs/DB08893"
"195","Purvalanol A (DB04751)","0.8587","http://www.drugbank.ca/drugs/DB04751"
"196","(2E)-N-{4-[(3-bromophenyl)amino]quinazolin-6-yl}-4-(dimethylamino)but-2-enamide (DB08564)","0.8586","http://www.drugbank.ca/drugs/DB08564"
"197","Thiethylperazine (DB00372)","0.8585","http://www.drugbank.ca/drugs/DB00372"
"198","N-(3-Phenyl-2-Sulfanylpropanoyl)Phenylalanylalanine (DB02558)","0.8584","http://www.drugbank.ca/drugs/DB02558"
"199","4-[5-(Trans-4-Aminocyclohexylamino)-3-Isopropylpyrazolo[1,5-a]Pyrimidin-7-Ylamino]-N,N-Dimethylbenzenesulfonamide (DB01888)","0.8579","http://www.drugbank.ca/drugs/DB01888"
"200","MACITENTAN (DB08932)","0.8577","http://www.drugbank.ca/drugs/DB08932"
"201","N-(cyclopropylmethyl)-2'-methyl-5'-(5-methyl-1,3,4-oxadiazol-2-yl)biphenyl-4-carboxamide (DB07834)","0.8577","http://www.drugbank.ca/drugs/DB07834"
"202","N-{3-[(4-{[3-(TRIFLUOROMETHYL)PHENYL]AMINO}PYRIMIDIN-2-YL)AMINO]PHENYL}CYCLOPROPANECARBOXAMIDE (DB07545)","0.8574","http://www.drugbank.ca/drugs/DB07545"
"203","Folic Acid (DB00158)","0.8572","http://www.drugbank.ca/drugs/DB00158"
"204","(4-BROMOPHENYL)[4-({(2E)-4-[CYCLOPROPYL(METHYL)AMINO]BUT-2-ENYL}OXY)PHENYL]METHANONE (DB08458)","0.8572","http://www.drugbank.ca/drugs/DB08458"
"205","5-hydroxy-4-(7-methoxy-1,1-dioxido-2H-1,2,4-benzothiadiazin-3-yl)-2-(3-methylbutyl)-6-phenylpyridazin-3(2H)-one (DB06974)","0.8566","http://www.drugbank.ca/drugs/DB06974"
"206","Propafenone (DB01182)","0.8565","http://www.drugbank.ca/drugs/DB01182"
"207","N-ETHYL-N-ISOPROPYL-3-METHYL-5-{[(2S)-2-(PYRIDIN-4-YLAMINO)PROPYL]OXY}BENZAMIDE (DB07279)","0.8565","http://www.drugbank.ca/drugs/DB07279"
"208","4-(6-CYCLOHEXYLMETHOXY-9H-PURIN-2-YLAMINO)--BENZAMIDE (DB08241)","0.8555","http://www.drugbank.ca/drugs/DB08241"
"209","5-CHLORO-N-(2-(4-(2-OXOPYRIDIN-1(2H)-YL)BENZAMIDO)ETHYL)THIOPHENE-2-CARBOXAMIDE (DB08173)","0.8552","http://www.drugbank.ca/drugs/DB08173"
"210","N~6~-cyclohexyl-N~2~-(4-morpholin-4-ylphenyl)-9H-purine-2,6-diamine (DB07340)","0.8552","http://www.drugbank.ca/drugs/DB07340"
"211","1-[2-(S)-AMINO-3-BIPHENYL-4-YL-PROPIONYL]-PYRROLIDINE-2-(S)-CARBONITRILE (DB08024)","0.8552","http://www.drugbank.ca/drugs/DB08024"
"212","Omeprazole (DB00338)","0.8552","http://www.drugbank.ca/drugs/DB00338"
"213","Esomeprazole (DB00736)","0.8552","http://www.drugbank.ca/drugs/DB00736"
"214","METHYL 1-(4-{[(2,4-DIAMINOPTERIDIN-6-YL)METHYL](METHYL)AMINO}BENZOYL)PIPERIDINE-4-CARBOXYLATE (DB07765)","0.8549","http://www.drugbank.ca/drugs/DB07765"
"215","5-[1-(3,4-Dimethoxy-Benzoyl)-1,2,3,4-Tetrahydro-Quinolin-6-Yl]-6-Methyl-3,6-Dihydro-[1,3,4]Thiadiazin-2-One (DB03944)","0.8549","http://www.drugbank.ca/drugs/DB03944"
"216","1-[1'-(3-phenylacryloyl)spiro[1-benzofuran-3,4'-piperidin]-5-yl]methanamine (DB06849)","0.8549","http://www.drugbank.ca/drugs/DB06849"
"217","(6R)-2-amino-6-[2-(3'-methoxybiphenyl-3-yl)ethyl]-3,6-dimethyl-5,6-dihydropyrimidin-4(3H)-one (DB07519)","0.8548","http://www.drugbank.ca/drugs/DB07519"
"218","RB106 (DB02669)","0.8547","http://www.drugbank.ca/drugs/DB02669"
"219","OLOMOUCINE II (DB04662)","0.8546","http://www.drugbank.ca/drugs/DB04662"
"220","Disopyramide (DB00280)","0.8546","http://www.drugbank.ca/drugs/DB00280"
"221","5-(3,5-DICHLOROPHENYL)THIO-4-ISOPROPYL-1-(PYRIDIN-4-YL-METHYL)-1H-IMIDAZOL-2-YL-METHYL CARBAMATE (DB08502)","0.8543","http://www.drugbank.ca/drugs/DB08502"
"222","(S)-2-CHLORO-N-(1-(2-(2-HYDROXYETHYLAMINO)-2-OXOETHYL)-2-OXO-1,2,3,4-TETRAHYDROQUINOLIN-3-YL)-6H-THIENO[2,3-B]PYRROLE-5-CARBOXAMIDE (DB07792)","0.8541","http://www.drugbank.ca/drugs/DB07792"
"223","Aminopterin (DB08878)","0.8540","http://www.drugbank.ca/drugs/DB08878"
"224","(METHYLPYRIDAZINE PIPERIDINE PROPYLOXYPHENYL)ETHYLACETATE (DB08013)","0.8539","http://www.drugbank.ca/drugs/DB08013"
"225","N6-METHYL-(R)-ROSCOVITINE, R-2-[6-(BENZYL-METHYL-AMINO)-9-ISOPROPYL-9H-PURIN-2-YLAMINO]-BUTAN-1-OL (DB04776)","0.8538","http://www.drugbank.ca/drugs/DB04776"
"226","Purvalanol (DB02733)","0.8537","http://www.drugbank.ca/drugs/DB02733"
"227","1-[2-(3-ACETYL-2-HYDROXY-6-METHOXY-PHENYL)-CYCLOPROPYL]-3-(5-CYANO-PYRIDIN-2-YL)-THIOUREA (DB08212)","0.8536","http://www.drugbank.ca/drugs/DB08212"
"228","O6-CYCLOHEXYLMETHOXY-2-(4'-SULPHAMOYLANILINO) PURINE (DB07126)","0.8533","http://www.drugbank.ca/drugs/DB07126"
"229","3-(6-CYCLOHEXYLMETHOXY-9H-PURIN-2-YLAMINO)-BENZENESULFONAMIDE (DB08248)","0.8533","http://www.drugbank.ca/drugs/DB08248"
"230","1-(3-(2,4-DIMETHYLTHIAZOL-5-YL)-4-OXO-2,4-DIHYDROINDENO[1,2-C]PYRAZOL-5-YL)-3-(4-METHYLPIPERAZIN-1-YL)UREA (DB07622)","0.8531","http://www.drugbank.ca/drugs/DB07622"
"231","6-CYCLOHEXYLMETHYLOXY-2-(4'-HYDROXYANILINO)PURINE (DB08233)","0.8529","http://www.drugbank.ca/drugs/DB08233"
"232","2,6-DIMETHYL-1-(3-[3-METHYL-5-ISOXAZOLYL]-PROPANYL)-4-[2-METHYL-4-ISOXAZOLYL]-PHENOL (DB08715)","0.8527","http://www.drugbank.ca/drugs/DB08715"
"233","(5S)-1-benzyl-3-(1,1-dioxido-1,2-benzisothiazol-3-yl)-4-hydroxy-5-(1-methylethyl)-1,5-dihydro-2H-pyrrol-2-one (DB07414)","0.8524","http://www.drugbank.ca/drugs/DB07414"
"234","N~3~-cyclopropyl-N~4~'-(cyclopropylmethyl)-6-methylbiphenyl-3,4'-dicarboxamide (DB07835)","0.8523","http://www.drugbank.ca/drugs/DB07835"
"235","N-{3-[4-hydroxy-1-(3-methylbutyl)-2-oxo-1,2-dihydropyrrolo[1,2-b]pyridazin-3-yl]-1,1-dioxido-2H-1,2,4-benzothiadiazin-7-yl}methanesulfonamide (DB07062)","0.8522","http://www.drugbank.ca/drugs/DB07062"
"236","Pralatrexate (DB06813)","0.8518","http://www.drugbank.ca/drugs/DB06813"
"237","6-BENZYL-1-BENZYLOXYMETHYL-5-ISOPROPYL URACIL (DB08634)","0.8515","http://www.drugbank.ca/drugs/DB08634"
"238","Loratadine (DB00455)","0.8515","http://www.drugbank.ca/drugs/DB00455"
"239","6-[3-(4-Morpholinyl)Propyl]-2-(3-Nitrophenyl)-5-Thioxo-5,6,-Dihydro-7h-Thienol[2',3':4,5]Pyrrolo[1,2-C]Imidazol-7-One (DB03507)","0.8513","http://www.drugbank.ca/drugs/DB03507"
"240","3-[(Acetyl-Methyl-Amino)-Methyl]-4-Amino-N-Methyl-N-(1-Methyl-1h-Indol-2-Ylmethyl)-Benzamide (DB03534)","0.8512","http://www.drugbank.ca/drugs/DB03534"
"241","BENZOYL-TYROSINE-ALANINE-METHYL KETONE (DB08775)","0.8511","http://www.drugbank.ca/drugs/DB08775"
"242","Perphenazine (DB00850)","0.8510","http://www.drugbank.ca/drugs/DB00850"
"243","[5-AMINO-1-(4-FLUOROPHENYL)-1H-PYRAZOL-4-YL](3-{[(2R)-2,3-DIHYDROXYPROPYL]OXY}PHENYL)METHANONE (DB08424)","0.8509","http://www.drugbank.ca/drugs/DB08424"
"244","2,4-Diamino-6-[N-(2',5'-Dimethoxybenzyl)-N-Methylamino]Quinazoline (DB02427)","0.8507","http://www.drugbank.ca/drugs/DB02427"
"245","3-(7-DIAMINOMETHYL-NAPHTHALEN-2-YL)-PROPIONIC ACID ETHYL ESTER (DB07639)","0.8505","http://www.drugbank.ca/drugs/DB07639"
"246","Methotrexate (DB00563)","0.8500","http://www.drugbank.ca/drugs/DB00563"
"247","AZD2563 (DB04850)","0.8499","http://www.drugbank.ca/drugs/DB04850"
"248","Prochlorperazine (DB00433)","0.8497","http://www.drugbank.ca/drugs/DB00433"
"249","Diltiazem (DB00343)","0.8497","http://www.drugbank.ca/drugs/DB00343"
"250","({3-[1-(4-HYDROXY-2-OXO-2H-CHROMEN-3-YL)-PROPYL]-PHENYLCARBAMOYL}-METHYL)-CARBAMIC ACID TERT-BUTYL ESTER (DB08664)","0.8496","http://www.drugbank.ca/drugs/DB08664"
"251","(2R)-2-{[4-(benzylamino)-8-(1-methylethyl)pyrazolo[1,5-a][1,3,5]triazin-2-yl]amino}butan-1-ol (DB08285)","0.8492","http://www.drugbank.ca/drugs/DB08285"
"252","N-({(3R,4R)-4-[(benzyloxy)methyl]pyrrolidin-3-yl}methyl)-N-(2-methylpropyl)benzenesulfonamide (DB07505)","0.8492","http://www.drugbank.ca/drugs/DB07505"
"253","Beta-hydroxyfentanyl (DB01453)","0.8487","http://www.drugbank.ca/drugs/DB01453"
"254","Bortezomib (DB00188)","0.8487","http://www.drugbank.ca/drugs/DB00188"
"255","N-[(1R)-1-(DIHYDROXYBORYL)-3-METHYLBUTYL]-N-(PYRAZIN-2-YLCARBONYL)-L-PHENYLALANINAMIDE (DB07475)","0.8487","http://www.drugbank.ca/drugs/DB07475"
"256","Flibanserin (DB04908)","0.8483","http://www.drugbank.ca/drugs/DB04908"
"257","N-[3-(2-fluoroethoxy)phenyl]-N'-(1,3,4-trioxo-1,2,3,4-tetrahydroisoquinolin-6-yl)butanediamide (DB08499)","0.8480","http://www.drugbank.ca/drugs/DB08499"
"258","Balanol Analog 1 (DB02611)","0.8480","http://www.drugbank.ca/drugs/DB02611"
"259","4-(4-METHYLPIPERAZIN-1-YL)-N-[5-(2-THIENYLACETYL)-1,5-DIHYDROPYRROLO[3,4-C]PYRAZOL-3-YL]BENZAMIDE (DB07186)","0.8476","http://www.drugbank.ca/drugs/DB07186"
"260","Mepenzolate (DB04843)","0.8474","http://www.drugbank.ca/drugs/DB04843"
"261","2-{4-[4-({4-[2-methyl-1-(1-methylethyl)-1H-imidazol-5-yl]pyrimidin-2-yl}amino)phenyl]piperazin-1-yl}-2-oxoethanol (DB07982)","0.8474","http://www.drugbank.ca/drugs/DB07982"
"262","(2S)-1-{4-[(4-ANILINO-5-BROMOPYRIMIDIN-2-YL)AMINO]PHENOXY}-3-(DIMETHYLAMINO)PROPAN-2-OL (DB07501)","0.8472","http://www.drugbank.ca/drugs/DB07501"
"263","(2R)-1-{4-[(4-ANILINO-5-BROMOPYRIMIDIN-2-YL)AMINO]PHENOXY}-3-(DIMETHYLAMINO)PROPAN-2-OL (DB07504)","0.8472","http://www.drugbank.ca/drugs/DB07504"
"264","(2e)-N-Allyl-4-{[3-(4-Bromophenyl)-5-Fluoro-1-Methyl-1h-Indazol-6-Yl]Oxy}-N-Methyl-2-Buten-1-Amine (DB02139)","0.8466","http://www.drugbank.ca/drugs/DB02139"
"265","2-(6-CHLORO-3-{[2,2-DIFLUORO-2-(1-OXIDO-2-PYRIDINYL)ETHYL]AMINO}-2-OXO-1(2H)-PYRAZINYL)-N-[(2-FLUOROPHENYL)METHYL]ACETAMIDE (DB07550)","0.8464","http://www.drugbank.ca/drugs/DB07550"
"266","1-Acetyl-4-(4-{4-[(2-Ethoxyphenyl)Thio]-3-Nitrophenyl}Pyridin-2-Yl)Piperazine (DB02177)","0.8462","http://www.drugbank.ca/drugs/DB02177"
"267","Erlotinib (DB00530)","0.8462","http://www.drugbank.ca/drugs/DB00530"
"268","6-[(Z)-AMINO(IMINO)METHYL]-N-[3-(CYCLOPENTYLOXY)PHENYL]-2-NAPHTHAMIDE (DB07076)","0.8462","http://www.drugbank.ca/drugs/DB07076"
"269","N-[3-[(1-Aminoethyl)(Hydroxy)Phosphoryl]-2-(1,1'-Biphenyl-4-Ylmethyl)Propanoyl]Alanine (DB02062)","0.8461","http://www.drugbank.ca/drugs/DB02062"
"270","Fentanyl (DB00813)","0.8461","http://www.drugbank.ca/drugs/DB00813"
"271","Dioxaphetyl butyrate (DB01475)","0.8459","http://www.drugbank.ca/drugs/DB01475"
"272","(4R)-N-[4-({[2-(DIMETHYLAMINO)ETHYL]AMINO}CARBONYL)-1,3-THIAZOL-2-YL]-4-METHYL-1-OXO-2,3,4,9-TETRAHYDRO-1H-BETA-CARBOLINE-6-CARBOXAMIDE (DB07406)","0.8456","http://www.drugbank.ca/drugs/DB07406"
"273","ISOQUINOLINE-5-SULFONIC ACID (2-(2-(4-CHLOROBENZYLOXY)ETHYLAMINO)ETHYL)AMIDE (DB07947)","0.8452","http://www.drugbank.ca/drugs/DB07947"
"274","(5-(aminomethyl)-2H-spiro[benzofuran-3,4'-piperidine]-1'-yl)(5-(phenylethynyl)furan-2-yl)methanone (DB06962)","0.8451","http://www.drugbank.ca/drugs/DB06962"
"275","[4-({5-(AMINOCARBONYL)-4-[(3-METHYLPHENYL)AMINO]PYRIMIDIN-2-YL}AMINO)PHENYL]ACETIC ACID (DB08513)","0.8450","http://www.drugbank.ca/drugs/DB08513"
"276","(2S)-2-({6-[(3-AMINO-5-CHLOROPHENYL)AMINO]-9-ISOPROPYL-9H-PURIN-2-YL}AMINO)-3-METHYLBUTAN-1-OL (DB07379)","0.8448","http://www.drugbank.ca/drugs/DB07379"
"277","(3R,4S)-1-(3,4-DIMETHOXYPHENYL)-3-(3-METHYLPHENYL)PIPERIDIN-4-AMINE (DB07851)","0.8448","http://www.drugbank.ca/drugs/DB07851"
"278","Acetyl-alpha-methylfentanyl (DB01532)","0.8448","http://www.drugbank.ca/drugs/DB01532"
"279","N'-(6-aminopyridin-3-yl)-N-(2-cyclopentylethyl)-4-methyl-benzene-1,3-dicarboxamide (DB07537)","0.8443","http://www.drugbank.ca/drugs/DB07537"
"280","3-{3-bromo-4-[(2,4-difluorobenzyl)oxy]-6-methyl-2-oxopyridin-1(2H)-yl}-N,4-dimethylbenzamide (DB07941)","0.8442","http://www.drugbank.ca/drugs/DB07941"
"281","Trazodone (DB00656)","0.8441","http://www.drugbank.ca/drugs/DB00656"
"282","N-({(2S)-1-[(3R)-3-AMINO-4-(2-FLUOROPHENYL)BUTANOYL]PYRROLIDIN-2-YL}METHYL)BENZAMIDE (DB07779)","0.8440","http://www.drugbank.ca/drugs/DB07779"
"283","(2R)-N~4~-hydroxy-2-(3-hydroxybenzyl)-N~1~-[(1S,2R)-2-hydroxy-2,3-dihydro-1H-inden-1-yl]butanediamide (DB06837)","0.8437","http://www.drugbank.ca/drugs/DB06837"
"284","4-CHLORO-6-(4-{4-[4-(METHYLSULFONYL)BENZYL]PIPERAZIN-1-YL}-1H-PYRAZOL-5-YL)BENZENE-1,3-DIOL (DB06957)","0.8435","http://www.drugbank.ca/drugs/DB06957"
"285","N-[[2-METHYL-4-HYDROXYCARBAMOYL]BUT-4-YL-N]-BENZYL-P-[PHENYL]-P-[METHYL]PHOSPHINAMID (DB08507)","0.8435","http://www.drugbank.ca/drugs/DB08507"
"286","S-{2-[(2-chloro-4-sulfamoylphenyl)amino]-2-oxoethyl} 6-methyl-3,4-dihydroquinoline-1(2H)-carbothioate (DB08494)","0.8434","http://www.drugbank.ca/drugs/DB08494"
"287","D-phenylalanyl-N-benzyl-L-prolinamide (DB07143)","0.8433","http://www.drugbank.ca/drugs/DB07143"
"288","Glisoxepide (DB01289)","0.8432","http://www.drugbank.ca/drugs/DB01289"
"289","[PHENYLALANINYL-PROLINYL]-[2-(PYRIDIN-4-YLAMINO)-ETHYL]-AMINE (DB08422)","0.8432","http://www.drugbank.ca/drugs/DB08422"
"290","N1-(1-Dimethylcarbamoyl-2-Phenyl-Ethyl)-2-Oxo-N4-(2-Pyridin-2-Yl-Ethyl)-Succinamide (DB02140)","0.8431","http://www.drugbank.ca/drugs/DB02140"
"291","5-cyclopropyl-2-(4-fluorophenyl)-6-[(2-hydroxyethyl)(methylsulfonyl)amino]-N-methyl-1-benzofuran-3-carboxamide (DB07238)","0.8428","http://www.drugbank.ca/drugs/DB07238"
"292","N-cyclopropyl-2',6-dimethyl-4'-(5-methyl-1,3,4-oxadiazol-2-yl)biphenyl-3-carboxamide (DB07811)","0.8428","http://www.drugbank.ca/drugs/DB07811"
"293","2-METHYL-2-(4-{[({4-METHYL-2-[4-(TRIFLUOROMETHYL)PHENYL]-1,3-THIAZOL-5-YL}CARBONYL)AMINO]METHYL}PHENOXY)PROPANOIC ACID (DB07215)","0.8427","http://www.drugbank.ca/drugs/DB07215"
"294","6-(3-AMINOPROPYL)-4,9-DIMETHYLPYRROLO[3,4-C]CARBAZOLE-1,3(2H,6H)-DIONE (DB07444)","0.8423","http://www.drugbank.ca/drugs/DB07444"
"295","Tazarotene (DB00799)","0.8419","http://www.drugbank.ca/drugs/DB00799"
"296","(5S)-5-(3-AMINOPROPYL)-3-(2,5-DIFLUOROPHENYL)-N-ETHYL-5-PHENYL-4,5-DIHYDRO-1H-PYRAZOLE-1-CARBOXAMIDE (DB08250)","0.8409","http://www.drugbank.ca/drugs/DB08250"
"297","{4-[(2R)-pyrrolidin-2-ylmethoxy]phenyl}(4-thiophen-3-ylphenyl)methanone (DB07237)","0.8409","http://www.drugbank.ca/drugs/DB07237"
"298","D-phenylalanyl-N-(3-chlorobenzyl)-L-prolinamide (DB06919)","0.8409","http://www.drugbank.ca/drugs/DB06919"
"299","D-phenylalanyl-N-(3-fluorobenzyl)-L-prolinamide (DB07027)","0.8409","http://www.drugbank.ca/drugs/DB07027"
"300","Azimilide (DB04957)","0.8403","http://www.drugbank.ca/drugs/DB04957"
"301","RPR128515 (DB04424)","0.8402","http://www.drugbank.ca/drugs/DB04424"
"302","6-CARBAMIMIDOYL-2-[2-HYDROXY-5-(3-METHOXY-PHENYL)-INDAN-1-YL]-HEXANOIC ACID (DB06866)","0.8399","http://www.drugbank.ca/drugs/DB06866"
"303","4-[(1S)-1-(3-fluoro-4-methoxyphenyl)-2-(2-methoxy-5-nitrophenyl)ethyl]-1H-imidazol-2-amine (DB07415)","0.8397","http://www.drugbank.ca/drugs/DB07415"
"304","(S)-2-[(R)-3-amino-4-(2-fluorophenyl)butyryl]-1,2,3,4-tetrahydroisoquinoline-3-carboxamide (DB04578)","0.8397","http://www.drugbank.ca/drugs/DB04578"
"305","(2R)-1-[4-({4-[(2,5-DICHLOROPHENYL)AMINO]PYRIMIDIN-2-YL}AMINO)PHENOXY]-3-(DIMETHYLAMINO)PROPAN-2-OL (DB07750)","0.8396","http://www.drugbank.ca/drugs/DB07750"
"306","(2S)-1-[4-({4-[(2,5-DICHLOROPHENYL)AMINO]PYRIMIDIN-2-YL}AMINO)PHENOXY]-3-(DIMETHYLAMINO)PROPAN-2-OL (DB07755)","0.8396","http://www.drugbank.ca/drugs/DB07755"
"307","Rivaroxaban (DB06228)","0.8393","http://www.drugbank.ca/drugs/DB06228"
"308","5-chloro-N-({(5S)-2-oxo-3-[4-(3-oxomorpholin-4-yl)phenyl]-1,3-oxazolidin-5-yl}methyl)thiophene-2-carboxamide (DB08477)","0.8393","http://www.drugbank.ca/drugs/DB08477"
"309","N-(5-CHLORO-BENZO[B]THIOPHEN-3-YLMETHYL)-2-[6-CHLORO-OXO-3-(2-PYRIDIN-2-YL-ETHYLAMINO)-2H-PYRAZIN-1-YL]-ACETAMIDE (DB07165)","0.8392","http://www.drugbank.ca/drugs/DB07165"
"310","[2-(5-MERCAPTO-[1,3,4]THIADIAZOL-2-YLCARBAMOYL)-1-PHENYL-ETHYL]-CARBAMIC ACID BENZYL ESTER (DB07987)","0.8391","http://www.drugbank.ca/drugs/DB07987"
"311","Merimepodib (DB04862)","0.8391","http://www.drugbank.ca/drugs/DB04862"
"312","Allyl-{6-[3-(4-Bromo-Phenyl)-Benzofuran-6-Yloxy]-Hexyl-}-Methyl-Amin (DB02339)","0.8390","http://www.drugbank.ca/drugs/DB02339"
"313","4-{[4-AMINO-6-(CYCLOHEXYLMETHOXY)-5-NITROSOPYRIMIDIN-2-YL]AMINO}BENZAMIDE (DB08572)","0.8387","http://www.drugbank.ca/drugs/DB08572"
"314","6-CARBAMIMIDOYL-2-[2-HYDROXY-6-(4-HYDROXY-PHENYL)-INDAN-1-YL]-HEXANOIC ACID (DB06865)","0.8387","http://www.drugbank.ca/drugs/DB06865"
"315","N-[4-({[5-(DIMETHYLAMINO)-1-NAPHTHYL]SULFONYL}AMINO)BUTYL]-3-SULFANYLPROPANAMIDE (DB07526)","0.8384","http://www.drugbank.ca/drugs/DB07526"
"316","Flavoxate (DB01148)","0.8382","http://www.drugbank.ca/drugs/DB01148"
"317","Thioproperazine (DB01622)","0.8381","http://www.drugbank.ca/drugs/DB01622"
"318","N-[2-(4-BROMOCINNAMYLAMINO)ETHYL]-5-ISOQUINOLINE SULFONAMIDE (DB07995)","0.8379","http://www.drugbank.ca/drugs/DB07995"
"319","N-(4-carbamimidoylbenzyl)-1-(3-phenylpropanoyl)-L-prolinamide (DB06942)","0.8378","http://www.drugbank.ca/drugs/DB06942"
"320","Doxazosin (DB00590)","0.8372","http://www.drugbank.ca/drugs/DB00590"
"321","(2R)-1-[(4-tert-butylphenyl)sulfonyl]-2-methyl-4-(4-nitrophenyl)piperazine (DB07049)","0.8372","http://www.drugbank.ca/drugs/DB07049"
"322","Trifluoperazine (DB00831)","0.8363","http://www.drugbank.ca/drugs/DB00831"
"323","6-[N-(1-Isopropyl-1,2,3,4-Tetrahydro-7-Isoquinolinyl)Carbamyl]-2-Naphthalenecarboxamidine (DB02705)","0.8362","http://www.drugbank.ca/drugs/DB02705"
"324","4-chloro-6-{5-[(2-morpholin-4-ylethyl)amino]-1,2-benzisoxazol-3-yl}benzene-1,3-diol (DB07601)","0.8360","http://www.drugbank.ca/drugs/DB07601"
"325","3-{ISOPROPYL[(TRANS-4-METHYLCYCLOHEXYL)CARBONYL]AMINO}-5-PHENYLTHIOPHENE-2-CARBOXYLIC ACID (DB08279)","0.8358","http://www.drugbank.ca/drugs/DB08279"
"326","D-phenylalanyl-N-(3-methylbenzyl)-L-prolinamide (DB07133)","0.8358","http://www.drugbank.ca/drugs/DB07133"
"327","CP-271485 (DB02118)","0.8356","http://www.drugbank.ca/drugs/DB02118"
"328","beta-phenyl-D-phenylalanyl-N-propyl-L-prolinamide (DB07083)","0.8351","http://www.drugbank.ca/drugs/DB07083"
"329","Prazosin (DB00457)","0.8351","http://www.drugbank.ca/drugs/DB00457"
"330","4-{[5-(CYCLOHEXYLAMINO)[1,2,4]TRIAZOLO[1,5-A]PYRIMIDIN-7-YL]AMINO}BENZENESULFONAMIDE (DB07686)","0.8350","http://www.drugbank.ca/drugs/DB07686"
"331","4-{[5-(CYCLOHEXYLOXY)[1,2,4]TRIAZOLO[1,5-A]PYRIMIDIN-7-YL]AMINO}BENZENESULFONAMIDE (DB07688)","0.8349","http://www.drugbank.ca/drugs/DB07688"
"332","1-((2-HYDROXYETHOXY)METHYL)-5-(3-(BENZYLOXY)BENZYL)PYRIMIDINE-2,4(1H,3H)-DIONE (DB06873)","0.8349","http://www.drugbank.ca/drugs/DB06873"
"333","(2S)-1-[4-({6-[(2,6-DIFLUOROPHENYL)AMINO]PYRIMIDIN-4-YL}AMINO)PHENOXY]-3-(DIMETHYLAMINO)PROPAN-2-OL (DB07751)","0.8341","http://www.drugbank.ca/drugs/DB07751"
"334","(2R)-1-[4-({6-[(2,6-DIFLUOROPHENYL)AMINO]PYRIMIDIN-4-YL}AMINO)PHENOXY]-3-(DIMETHYLAMINO)PROPAN-2-OL (DB07761)","0.8341","http://www.drugbank.ca/drugs/DB07761"
"335","CF-101 (DB05511)","0.8339","http://www.drugbank.ca/drugs/DB05511"
"336","[N-(3-DIBENZYLCARBAMOYL-OXIRANECARBONYL)-HYDRAZINO]-ACETIC ACID (DB08229)","0.8339","http://www.drugbank.ca/drugs/DB08229"
"337","(6S)-2-amino-6-(3'-methoxybiphenyl-3-yl)-3,6-dimethyl-5,6-dihydropyrimidin-4(3H)-one (DB07874)","0.8339","http://www.drugbank.ca/drugs/DB07874"
"338","2-{[(6-OXO-1,6-DIHYDROPYRIDIN-3-YL)METHYL]AMINO}-N-[4-PROPYL-3-(TRIFLUOROMETHYL)PHENYL]BENZAMIDE (DB07831)","0.8338","http://www.drugbank.ca/drugs/DB07831"
"339","Diphemanil Methylsulfate (DB00729)","0.8338","http://www.drugbank.ca/drugs/DB00729"
"340","Flavopiridol (DB03496)","0.8330","http://www.drugbank.ca/drugs/DB03496"
"341","(1S,5S,7R)-N~7~-(BIPHENYL-4-YLMETHYL)-N~3~-HYDROXY-6,8-DIOXA-3-AZABICYCLO[3.2.1]OCTANE-3,7-DICARBOXAMIDE (DB07026)","0.8328","http://www.drugbank.ca/drugs/DB07026"
"342","N-{3-METHYL-5-[2-(PYRIDIN-4-YLAMINO)-ETHOXY]-PHENYL}-BENZENESULFONAMIDE (DB07944)","0.8326","http://www.drugbank.ca/drugs/DB07944"
"343","4-(3-amino-1H-indazol-5-yl)-N-tert-butylbenzenesulfonamide (DB07162)","0.8325","http://www.drugbank.ca/drugs/DB07162"
"344","Atovaquone (DB01117)","0.8320","http://www.drugbank.ca/drugs/DB01117"
"345","Sri-9662 (DB03060)","0.8313","http://www.drugbank.ca/drugs/DB03060"
"346","9-Butyl-8-(2,5-Dimethoxy-Benzyl)-9h-Purin-6-Ylamine (DB02359)","0.8312","http://www.drugbank.ca/drugs/DB02359"
"347","1-[3-({[(4-AMINO-5-FLUORO-2-METHYLQUINOLIN-3-YL)METHYL]THIO}METHYL)PHENYL]-2,2,2-TRIFLUOROETHANE-1,1-DIOL (DB07756)","0.8311","http://www.drugbank.ca/drugs/DB07756"
"348","Glipizide (DB01067)","0.8308","http://www.drugbank.ca/drugs/DB01067"
"349","GLYCYLALANYL-N-2-NAPHTHYL-L-PROLINEAMIDE (DB07813)","0.8299","http://www.drugbank.ca/drugs/DB07813"
"350","Sulfinpyrazone (DB01138)","0.8296","http://www.drugbank.ca/drugs/DB01138"
"351","Oxyphenbutazone (DB03585)","0.8295","http://www.drugbank.ca/drugs/DB03585"
"352","SU4984 (DB02058)","0.8294","http://www.drugbank.ca/drugs/DB02058"
"353","6-[N-(4-Ethyl-1,2,3,4-Tetrahydro-6-Isoquinolinyl)Carbamyl]-2-Naphthalenecarboxamidine (DB02551)","0.8292","http://www.drugbank.ca/drugs/DB02551"
"354","Nalpha-(2-Naphthylsulfonylglycyl)-3-Amidino-D,L-Phenylalanine-Isopropylester (DB01737)","0.8290","http://www.drugbank.ca/drugs/DB01737"
"355","1-((2-HYDROXYETHOXY)METHYL)-5-(3-(BENZYLOXY)BENZYL)-6-HYDROXYPYRIMIDINE-2,4(1H,3H)-DIONE (DB07439)","0.8287","http://www.drugbank.ca/drugs/DB07439"
"356","1-Allyl-3-Butyl-8-(N-Acetyl-4-Aminobenzyl)-Xanthine (DB03267)","0.8284","http://www.drugbank.ca/drugs/DB03267"
"357","Phenserine (DB04892)","0.8281","http://www.drugbank.ca/drugs/DB04892"
"358","D-phenylalanyl-N-{4-[amino(iminio)methyl]benzyl}-L-prolinamide (DB07005)","0.8279","http://www.drugbank.ca/drugs/DB07005"
"359","4,4'[1,6-Hexanediylbis(Oxy)]Bisbenzenecarboximidamide (DB03808)","0.8278","http://www.drugbank.ca/drugs/DB03808"
"360","6-[N-(1-Isopropyl-3,4-Dihydro-7-Isoquinolinyl)Carbamyl]-2-Naphthalenecarboxamidine (DB02473)","0.8278","http://www.drugbank.ca/drugs/DB02473"
"361","5-(5-chloro-2,4-dihydroxyphenyl)-N-ethyl-4-[4-(morpholin-4-ylmethyl)phenyl]isoxazole-3-carboxamide (DB06961)","0.8276","http://www.drugbank.ca/drugs/DB06961"
"362","(3Z)-6-(4-HYDROXY-3-METHOXYPHENYL)-3-(1H-PYRROL-2-YLMETHYLENE)-1,3-DIHYDRO-2H-INDOL-2-ONE (DB07078)","0.8274","http://www.drugbank.ca/drugs/DB07078"
"363","2-[4-(4-Hydroxy-3-Isopropyl-Phenoxy)-3,5-Dimethyl-Phenyl]-2h-[1,2,4]Triazine-3,5-Dione (DB03181)","0.8271","http://www.drugbank.ca/drugs/DB03181"
"364","Trimetrexate (DB01157)","0.8270","http://www.drugbank.ca/drugs/DB01157"
"365","4-[(7-OXO-7H-THIAZOLO[5,4-E]INDOL-8-YLMETHYL)-AMINO]-N-PYRIDIN-2-YL-BENZENESULFONAMIDE (DB06844)","0.8270","http://www.drugbank.ca/drugs/DB06844"
"366","4-({5-[(4-AMINOCYCLOHEXYL)AMINO][1,2,4]TRIAZOLO[1,5-A]PYRIMIDIN-7-YL}AMINO)BENZENESULFONAMIDE (DB07687)","0.8269","http://www.drugbank.ca/drugs/DB07687"
"367","9-Butyl-8-(2,5-Dimethoxy-Benzyl)-2-Fluoro-9h-Purin-6-Ylamine (DB04054)","0.8268","http://www.drugbank.ca/drugs/DB04054"
"368","(1-Tert-Butyl-5-Hydroxy-1h-Pyrazol-4-Yl)-(6-Methanesulfonyl-4'-Methoxy-2-Methyl-Biphenyl-3-Yl)-Methanone (DB02850)","0.8267","http://www.drugbank.ca/drugs/DB02850"
"369","{4-[2,2-BIS(5-METHYL-1,2,4-OXADIAZOL-3-YL)-3-PHENYLPROPYL]PHENYL}SULFAMIC ACID (DB07127)","0.8265","http://www.drugbank.ca/drugs/DB07127"
"370","2-({5-CHLORO-2-[(2-METHOXY-4-MORPHOLIN-4-YLPHENYL)AMINO]PYRIMIDIN-4-YL}AMINO)-N-METHYLBENZAMIDE (DB07460)","0.8264","http://www.drugbank.ca/drugs/DB07460"
"371","Tolvaptan (DB06212)","0.8262","http://www.drugbank.ca/drugs/DB06212"
"372","4-(2-chlorophenyl)-8-(2-hydroxyethyl)-6-methylpyrrolo[3,4-e]indole-1,3(2H,6H)-dione (DB07257)","0.8261","http://www.drugbank.ca/drugs/DB07257"
"373","Bentiromide (DB00522)","0.8258","http://www.drugbank.ca/drugs/DB00522"
"374","Darusentan (DB04883)","0.8256","http://www.drugbank.ca/drugs/DB04883"
"375","8-bromo-4-(2-chlorophenyl)-N-(2-hydroxyethyl)-6-methyl-1,3-dioxo-1,2,3,6-tetrahydropyrrolo[3,4-e]indole-7-carboxamide (DB08365)","0.8254","http://www.drugbank.ca/drugs/DB08365"
"376","1-[(3S)-5-PHENYL-3-THIOPHEN-2-YL-3H-1,4-BENZODIAZEPIN-2-YL]AZETIDIN-3-OL (DB08698)","0.8253","http://www.drugbank.ca/drugs/DB08698"
"377","8-(2,5-Dimethoxy-Benzyl)-2-Fluoro-9-Pent-9h-Purin-6-Ylamine (DB03137)","0.8249","http://www.drugbank.ca/drugs/DB03137"
"378","2,4-Diamino-5-Methyl-6-[(3,4,5-Trimethoxy-N-Methylanilino)Methyl]Pyrido[2,3-D]Pyrimidine (DB02104)","0.8249","http://www.drugbank.ca/drugs/DB02104"
"379","Methantheline (DB00940)","0.8241","http://www.drugbank.ca/drugs/DB00940"
"380","2,4-Diamino-6-[N-(3',4',5'-Trimethoxybenzyl)-N-Methylamino]Pyrido[2,3-D]Pyrimidine (DB02919)","0.8237","http://www.drugbank.ca/drugs/DB02919"
"381","Pleconaril (DB05105)","0.8234","http://www.drugbank.ca/drugs/DB05105"
"382","+/-METHYL 4-(AMINOIMINOMETHYL)-BETA-[3- INH (AMINOIMINO)PHENYL]BENZENE PENTANOATE (DB07985)","0.8232","http://www.drugbank.ca/drugs/DB07985"
"383","(2R)-4-(2-BENZOYL-1,2-DIAZEPAN-1-YL)-4-OXO-1-(2,4,5-TRIFLUOROPHENYL)BUTAN-2-AMINE (DB08051)","0.8230","http://www.drugbank.ca/drugs/DB08051"
"384","4-{[5-(CYCLOHEXYLMETHOXY)[1,2,4]TRIAZOLO[1,5-A]PYRIMIDIN-7-YL]AMINO}BENZENESULFONAMIDE (DB07685)","0.8230","http://www.drugbank.ca/drugs/DB07685"
"385","N-({6-[(4-CYANOBENZYL)OXY]NAPHTHALEN-2-YL}SULFONYL)-D-GLUTAMIC ACID (DB08108)","0.8229","http://www.drugbank.ca/drugs/DB08108"
"386","N-({6-[(4-CYANO-2-FLUOROBENZYL)OXY]NAPHTHALEN-2-YL}SULFONYL)-D-GLUTAMIC ACID (DB08112)","0.8215","http://www.drugbank.ca/drugs/DB08112"
"387","N-({4-[(2-aminopyridin-4-yl)oxy]-3-fluorophenyl}carbamoyl)-2-(4-fluorophenyl)acetamide (DB06995)","0.8211","http://www.drugbank.ca/drugs/DB06995"
"388","4-(2-HYDROXYBENZYLAMINO)-N-(3-(4-FLUOROPHENOXY)PHENYL)PIPERIDINE-1-SULFONAMIDE (DB04632)","0.8209","http://www.drugbank.ca/drugs/DB04632"
"389","WAY-151693 (DB02071)","0.8206","http://www.drugbank.ca/drugs/DB02071"
"390","Riboflavin (DB00140)","0.8205","http://www.drugbank.ca/drugs/DB00140"
"391","1-BENZYL-3-(4-METHOXYPHENYLAMINO)-4-PHENYLPYRROLE-2,5-DIONE (DB08063)","0.8203","http://www.drugbank.ca/drugs/DB08063"
"392","3-[Isopropyl(4-Methylbenzoyl)Amino]-5-Phenylthiophene-2-Carboxylic Acid (DB03647)","0.8202","http://www.drugbank.ca/drugs/DB03647"
"393","PYRIMIDINE-4,6-DICARBOXYLIC ACID BIS-(3-METHYL-BENZYLAMIDE) (DB04759)","0.8197","http://www.drugbank.ca/drugs/DB04759"
"394","2-{4-[(4-imidazo[1,2-a]pyridin-3-ylpyrimidin-2-yl)amino]piperidin-1-yl}-N-methylacetamide (DB08026)","0.8194","http://www.drugbank.ca/drugs/DB08026"
"395","Zuclopenthixol acetate (DB08919)","0.8193","http://www.drugbank.ca/drugs/DB08919"
"396","Pentamidine (DB00738)","0.8190","http://www.drugbank.ca/drugs/DB00738"
"397","N-[(2R,3S)-3-AMINO-2-HYDROXY-4-PHENYLBUTYL]NAPHTHALENE-2-SULFONAMIDE (DB07522)","0.8189","http://www.drugbank.ca/drugs/DB07522"
"398","4-({[4-(3-METHYLBENZOYL)PYRIDIN-2-YL]AMINO}METHYL)BENZENECARBOXIMIDAMIDE (DB07809)","0.8168","http://www.drugbank.ca/drugs/DB07809"
"399","5-(4-PHENOXYPHENYL)-5-(4-PYRIMIDIN-2-YLPIPERAZIN-1-YL)PYRIMIDINE-2,4,6(2H,3H)-TRIONE (DB07117)","0.8167","http://www.drugbank.ca/drugs/DB07117"
"400","N-ethyl-4-{[5-(methoxycarbamoyl)-2-methylphenyl]amino}-5-methylpyrrolo[2,1-f][1,2,4]triazine-6-carboxamide (DB06940)","0.8163","http://www.drugbank.ca/drugs/DB06940"
"401","2-Hydroxy-5-({1-[(2-Naphthyloxy)Methyl]-3-Oxoprop-1-Enyl}Amino)Tyrosine (DB02511)","0.8160","http://www.drugbank.ca/drugs/DB02511"
"402","N-[2-(1,3-BENZODIOXOL-5-YL)ETHYL]-1-[2-(1H-IMIDAZOL-1-YL)-6-METHYLPYRIMIDIN-4-YL]-D-PROLINAMIDE (DB06916)","0.8158","http://www.drugbank.ca/drugs/DB06916"
"403","5-CYANO-FURAN-2-CARBOXYLIC ACID [5-HYDROXYMETHYL-2-(4-METHYL-PIPERIDIN-1-YL)-PHENYL]-AMIDE (DB07167)","0.8154","http://www.drugbank.ca/drugs/DB07167"
"404","(4R,5R)-5-AMINO-1-[2-(1,3-BENZODIOXOL-5-YL)ETHYL]-4-(2,4,5-TRIFLUOROPHENYL)PIPERIDIN-2-ONE (DB07830)","0.8153","http://www.drugbank.ca/drugs/DB07830"
"405","(4aS)-5-[(2,4-diaminopteridin-6-yl)methyl]-4a,5-dihydro-2H-dibenzo[b,f]azepin-8-ol (DB08448)","0.8152","http://www.drugbank.ca/drugs/DB08448"
"406","SR11254 (DB02258)","0.8149","http://www.drugbank.ca/drugs/DB02258"
"407","BMS184394 (DB03466)","0.8148","http://www.drugbank.ca/drugs/DB03466"
"408","N-[(2R,3S)-3-AMINO-2-HYDROXY-4-PHENYLBUTYL]-4-METHOXY-2,3,6-TRIMETHYLBENZENESULFONAMIDE (DB07527)","0.8145","http://www.drugbank.ca/drugs/DB07527"
"409","(6S)-1-chloro-3-[(4-fluorobenzyl)oxy]-6-(pyrrolidin-1-ylcarbonyl)pyrrolo[1,2-a]pyrazin-4(6H)-one (DB07148)","0.8142","http://www.drugbank.ca/drugs/DB07148"
"410","GW 501516 (DB05416)","0.8137","http://www.drugbank.ca/drugs/DB05416"
"411","(6-[4-(AMINOMETHYL)-2,6-DIMETHYLPHENOXY]-2-{[4-(AMINOMETHYL)PHENYL]AMINO}-5-BROMOPYRIMIDIN-4-YL)METHANOL (DB06874)","0.8135","http://www.drugbank.ca/drugs/DB06874"
"412","Eprosartan (DB00876)","0.8133","http://www.drugbank.ca/drugs/DB00876"
"413","N-(P-CYANOPHENYL)-N'-DIPHENYLMETHYL-GUANIDINE-ACETIC ACID (DB07816)","0.8130","http://www.drugbank.ca/drugs/DB07816"
"414","N-(4-(2-((3-Chlorophenylmethyl)Amino)Ethyl)Phenyl)-2-Thiophecarboxamidine (DB03449)","0.8130","http://www.drugbank.ca/drugs/DB03449"
"415","CD564 (DB02741)","0.8127","http://www.drugbank.ca/drugs/DB02741"
"416","Tamsulosin (DB00706)","0.8124","http://www.drugbank.ca/drugs/DB00706"
"417","N'-(5-CHLORO-1,3-BENZODIOXOL-4-YL)-N-(3-MORPHOLIN-4-YLPHENYL)PYRIMIDINE-2,4-DIAMINE (DB07255)","0.8121","http://www.drugbank.ca/drugs/DB07255"
"418","3-[(2,4-Dichlorobenzoyl)(Isopropyl)Amino]-5-Phenylthiophene-2-Carboxylic Acid (DB03388)","0.8119","http://www.drugbank.ca/drugs/DB03388"
"419","Cetirizine (DB00341)","0.8118","http://www.drugbank.ca/drugs/DB00341"
"420","Zuclopenthixol (DB01624)","0.8112","http://www.drugbank.ca/drugs/DB01624"
"421","Flurazepam (DB00690)","0.8111","http://www.drugbank.ca/drugs/DB00690"
"422","PYRIMIDINE-4,6-DICARBOXYLIC ACID BIS-(4-FLUORO-3-METHYL-BENZYLAMIDE) (DB04760)","0.8099","http://www.drugbank.ca/drugs/DB04760"
"423","5-(5-(4-(5-HYDRO-4-METHYL-2-OXAZOLYL)PHENOXY)PENTYL)-3-METHYL ISOXAZOLE (DB08724)","0.8093","http://www.drugbank.ca/drugs/DB08724"
"424","3-({4-[(5-CHLORO-1,3-BENZODIOXOL-4-YL)AMINO]PYRIMIDIN-2-YL}AMINO)BENZAMIDE (DB07256)","0.8091","http://www.drugbank.ca/drugs/DB07256"
"425","2-({8-[(3R)-3-AMINOPIPERIDIN-1-YL]-1,3-DIMETHYL-2,6-DIOXO-1,2,3,6-TETRAHYDRO-7H-PURIN-7-YL}METHYL)BENZONITRILE (DB08743)","0.8090","http://www.drugbank.ca/drugs/DB08743"
"426","FAMOXADONE (DB07778)","0.8080","http://www.drugbank.ca/drugs/DB07778"
"427","Ketazolam (DB01587)","0.8074","http://www.drugbank.ca/drugs/DB01587"
"428","1-{3-[(4-pyridin-2-ylpiperazin-1-yl)sulfonyl]phenyl}-3-(1,3-thiazol-2-yl)urea (DB07817)","0.8074","http://www.drugbank.ca/drugs/DB07817"
"429","Talampanel (DB04982)","0.8073","http://www.drugbank.ca/drugs/DB04982"
"430","Olopatadine (DB00768)","0.8072","http://www.drugbank.ca/drugs/DB00768"
"431","Lucanthone (DB04967)","0.8059","http://www.drugbank.ca/drugs/DB04967"
"432","2-(6-CHLORO-3-{[2,2-DIFLUORO-2-(2-PYRIDINYL)ETHYL]AMINO}-2-OXO-1(2H)-PYRAZINYL)-N-[(2-FLUORO-6-PYRIDINYL)METHYL]ACETAMIDE (DB07548)","0.8056","http://www.drugbank.ca/drugs/DB07548"
"433","Eltrombopag (DB06210)","0.8054","http://www.drugbank.ca/drugs/DB06210"
"434","3-HYDROXYPROPYL 3-[({7-[AMINO(IMINO)METHYL]-1-NAPHTHYL}AMINO)CARBONYL]BENZENESULFONATE (DB07022)","0.8053","http://www.drugbank.ca/drugs/DB07022"
"435","N'-(5-chloro-1,3-benzodioxol-4-yl)-N-(3-methylsulfonylphenyl)pyrimidine-2,4-diamine (DB07253)","0.8050","http://www.drugbank.ca/drugs/DB07253"
"436","5-(7-(4-(4,5-DIHYDRO-2-OXAZOLYL)PHENOXY)HEPTYL)-3-METHYL ISOXAZOLE (DB08726)","0.8048","http://www.drugbank.ca/drugs/DB08726"
"437","Thiothixene (DB01623)","0.8042","http://www.drugbank.ca/drugs/DB01623"
"438","2-[4-chloro-2-(phenylcarbonyl)phenoxy]-N-phenylacetamide (DB07826)","0.8033","http://www.drugbank.ca/drugs/DB07826"
"439","Drotaverine (DB06751)","0.8014","http://www.drugbank.ca/drugs/DB06751"
"440","N-[amino(imino)methyl]-2-[2-(2-chlorophenyl)-4-(4-propoxyphenyl)-3-thienyl]acetamide (DB07089)","0.8013","http://www.drugbank.ca/drugs/DB07089"
"441","Sorafenib (DB00398)","0.8008","http://www.drugbank.ca/drugs/DB00398"
"442","Raltegravir (DB06817)","0.8006","http://www.drugbank.ca/drugs/DB06817"
"443","3-{[(9-CYANO-9,10-DIHYDRO-10-METHYLACRIDIN-9-YL)CARBONYL]AMINO}PROPANOIC ACID (DB07441)","0.8000","http://www.drugbank.ca/drugs/DB07441"
"444","METHYL (2Z)-2-(2-{[6-(2-CYANOPHENOXY)PYRIMIDIN-4-YL]OXY}PHENYL)-3-METHOXYACRYLATE (DB07401)","0.7995","http://www.drugbank.ca/drugs/DB07401"
"445","3-({4-[(5-chloro-1,3-benzodioxol-4-yl)amino]pyrimidin-2-yl}amino)benzenesulfonamide (DB07252)","0.7988","http://www.drugbank.ca/drugs/DB07252"
"446","2-[4-(2H-1,4-BENZOTHIAZINE-3-YL)-PIPERAZINE-1-LY]-1,3-THIAZOLE-4-CARBOXYLIC ACID ETHYLESTER (DB08540)","0.7983","http://www.drugbank.ca/drugs/DB08540"
"447","2-(6-CHLORO-3-{[2,2-DIFLUORO-2-(2-PYRIDINYL)ETHYL]AMINO}-2-OXO-1(2H)-PYRAZINYL)-N-[(2-FLUORO-3-METHYL-6-PYRIDINYL)METHYL]ACETAMIDE (DB07549)","0.7982","http://www.drugbank.ca/drugs/DB07549"
"448","2-[({2-[(1Z)-3-(DIMETHYLAMINO)PROP-1-ENYL]-4-FLUOROPHENYL}SULFONYL)AMINO]-5,6,7,8-TETRAHYDRONAPHTHALENE-1-CARBOXYLIC ACID (DB07323)","0.7980","http://www.drugbank.ca/drugs/DB07323"
"449","Camazepam (DB01489)","0.7969","http://www.drugbank.ca/drugs/DB01489"
"450","Mercaptocarboxylate Inhibitor (DB02706)","0.7968","http://www.drugbank.ca/drugs/DB02706"
"451","Regorafenib (DB08896)","0.7968","http://www.drugbank.ca/drugs/DB08896"
"452","5-[(2-methyl-5-{[3-(trifluoromethyl)phenyl]carbamoyl}phenyl)amino]pyridine-3-carboxamide (DB07970)","0.7965","http://www.drugbank.ca/drugs/DB07970"
"453","HCV-086 (DB05884)","0.7964","http://www.drugbank.ca/drugs/DB05884"
"454","{(2Z)-4-AMINO-2-[(4-METHOXYPHENYL)IMINO]-2,3-DIHYDRO-1,3-THIAZOL-5-YL}(4-METHOXYPHENYL)METHANONE (DB07488)","0.7962","http://www.drugbank.ca/drugs/DB07488"
"455","7-amino-2-tert-butyl-4-(4-pyrimidin-2-ylpiperazin-1-yl)pyrido[2,3-d]pyrimidine-6-carboxamide (DB07043)","0.7961","http://www.drugbank.ca/drugs/DB07043"
"456","Tamibarotene (DB04942)","0.7958","http://www.drugbank.ca/drugs/DB04942"
"457","Allyl-{4-[3-(4-Bromo-Phenyl)-Benzofuran-6-Yloxy]-but-2-Enyl}-Methyl-Amine (DB03771)","0.7947","http://www.drugbank.ca/drugs/DB03771"
"458","N-[3-[[4-[(5-CHLORO-1,3-BENZODIOXOL-4-YL)AMINO]PYRIMIDIN-2-YL]AMINO]PHENYL]METHANESULFONAMIDE (DB07254)","0.7946","http://www.drugbank.ca/drugs/DB07254"
"459","9-Butyl-8-(3,4,5-Trimethoxybenzyl)-9h-Purin-6-Amine (DB02754)","0.7946","http://www.drugbank.ca/drugs/DB02754"
"460","2-MERCAPTO-N-[1,2,3,10-TETRAMETHOXY-9-OXO-5,6,7,9-TETRAHYDRO-BENZO[A]HEPTALEN-7-YL]ACETAMIDE (DB07574)","0.7944","http://www.drugbank.ca/drugs/DB07574"
"461","5-[3-(BENZYLAMINO)PHENYL]-4-BROMO-3-(CARBOXYMETHOXY)THIOPHENE-2-CARBOXYLIC ACID (DB07289)","0.7932","http://www.drugbank.ca/drugs/DB07289"
"462","Colchicine (DB01394)","0.7926","http://www.drugbank.ca/drugs/DB01394"
"463","4-(3,5-DIMETHYLPHENOXY)-5-(FURAN-2-YLMETHYLSULFANYLMETHYL)-3-IODO-6-METHYLPYRIDIN-2(1H)-ONE (DB08457)","0.7921","http://www.drugbank.ca/drugs/DB08457"
"464","5-(4-METHYL-BENZOYLAMINO)-BIPHENYL-3,4'-DICARBOXYLIC ACID 3-DIMETHYLAMIDE-4'-HYDROXYAMIDE (DB07586)","0.7911","http://www.drugbank.ca/drugs/DB07586"
"465","Oxyphencyclimine (DB00383)","0.7908","http://www.drugbank.ca/drugs/DB00383"
"466","9-Butyl-8-(2-Chloro-3,4,5-Trimethoxy-Benzyl)-9h-Purin-6-Ylamine (DB03504)","0.7902","http://www.drugbank.ca/drugs/DB03504"
"467","Papaverine (DB01113)","0.7895","http://www.drugbank.ca/drugs/DB01113"
"468","8-(2-Chloro-3,4,5-Trimethoxy-Benzyl)-9-Pent-4-Ylnyl-9h-Purin-6-Ylamine (DB04505)","0.7889","http://www.drugbank.ca/drugs/DB04505"
"469","3-Methylthiofentanyl (DB01439)","0.7881","http://www.drugbank.ca/drugs/DB01439"
"470","Mitoxantrone (DB01204)","0.7880","http://www.drugbank.ca/drugs/DB01204"
"471","6-CARBAMIMIDOYL-4-(3-HYDROXY-2-METHYL-BENZOYLAMINO)-NAPHTHALENE-2-CARBOXYLIC ACID METHYL ESTER (DB07074)","0.7870","http://www.drugbank.ca/drugs/DB07074"
"472","5-[[(2R)-2-cyclopropyl-7,8-dimethoxy-2H-chromen-5-yl]methyl]pyrimidine-2,4-diamine (DB08741)","0.7868","http://www.drugbank.ca/drugs/DB08741"
"473","Alpha-methylthiofentanyl (DB01470)","0.7867","http://www.drugbank.ca/drugs/DB01470"
"474","8-(2-Chloro-3,4,5-Trimethoxy-Benzyl)-2-Fluoro-9-Pent-4-Ylnyl-9h-Purin-6-Ylamine (DB02550)","0.7854","http://www.drugbank.ca/drugs/DB02550"
"475","N-(7-CARBAMIMIDOYL-NAPHTHALEN-1-YL)-3-HYDROXY-2-METHYL-BENZAMIDE (DB07212)","0.7845","http://www.drugbank.ca/drugs/DB07212"
"476","6-[N-(4-(Aminomethyl)Phenyl)Carbamyl]-2-Naphthalenecarboxamidine (DB02398)","0.7838","http://www.drugbank.ca/drugs/DB02398"
"477","5-AMINO-2-{4-[(4-AMINOPHENYL)SULFANYL]PHENYL}-1H-ISOINDOLE-1,3(2H)-DIONE (DB07971)","0.7837","http://www.drugbank.ca/drugs/DB07971"
"478","Permethrin (DB04930)","0.7832","http://www.drugbank.ca/drugs/DB04930"
"479","ZK-805623 (DB04432)","0.7819","http://www.drugbank.ca/drugs/DB04432"
"480","(5Z)-5-[(5-ETHYL-2-FURYL)METHYLENE]-2-{[(S)-(4-FLUOROPHENYL)(1H-TETRAZOL-5-YL)METHYL]AMINO}-1,3-THIAZOL-4(5H)-ONE (DB08710)","0.7811","http://www.drugbank.ca/drugs/DB08710"
"481","Bis-Benzamidine (DB02081)","0.7795","http://www.drugbank.ca/drugs/DB02081"
"482","Itopride (DB04924)","0.7795","http://www.drugbank.ca/drugs/DB04924"
"483","1-(2-Amidinophenyl)-3-(Phenoxyphenyl)Urea (DB03337)","0.7794","http://www.drugbank.ca/drugs/DB03337"
"484","Dasatinib (DB01254)","0.7786","http://www.drugbank.ca/drugs/DB01254"
"485","4-(2-aminoethoxy)-N-(2,5-diethoxyphenyl)-3,5-dimethylbenzamide (DB07625)","0.7783","http://www.drugbank.ca/drugs/DB07625"
"486","(4R)-4-(3-HYDROXYPHENYL)-N,N,7,8-TETRAMETHYL-3,4-DIHYDROISOQUINOLINE-2(1H)-CARBOXAMIDE (DB07064)","0.7776","http://www.drugbank.ca/drugs/DB07064"
"487","N-(5,5,8,8-Tetramethyl-5,8-Dihydro-Naphthalen-2-Yl)-Terephthalamic Acid (DB03873)","0.7775","http://www.drugbank.ca/drugs/DB03873"
"488","N-[(1S)-1-{1-[(1R,3E)-1-ACETYLPENT-3-EN-1-YL]-1H-1,2,3-TRIAZOL-4-YL}-1,2-DIMETHYLPROPYL]BENZAMIDE (DB07878)","0.7763","http://www.drugbank.ca/drugs/DB07878"
"489","7-BENZYL-1,3-DIMETHYL-8-PIPERAZIN-1-YL-3,7-DIHYDRO-PURINE-2,6-DIONE (DB08530)","0.7745","http://www.drugbank.ca/drugs/DB08530"
"490","6-methyl-5-[3-methyl-3-(3,4,5-trimethoxyphenyl)but-1-yn-1-yl]pyrimidine-2,4-diamine (DB07153)","0.7692","http://www.drugbank.ca/drugs/DB07153"
"491","(E)-3,4-DIHYDROXY-N'-[(2-METHOXYNAPHTHALEN-1-YL)METHYLENE]BENZOHYDRAZIDE (DB08034)","0.7664","http://www.drugbank.ca/drugs/DB08034"
"492","2,5-bis-o-{3-[amino(imino)methyl]phenyl}-1,4:3,6-dianhydro-d-glucitol (DB04790)","0.7634","http://www.drugbank.ca/drugs/DB04790"
"493","2-O-(4'-AMIDINOPHENYL)-5-O-(3''-AMIDINOPHENYL)-1,4:3,6-DIANHYDRO-D-SORBITOL (DB04791)","0.7634","http://www.drugbank.ca/drugs/DB04791"
"494","2,5-O,O-BIS-{4',4''-AMIDINOPHENYL}-1,4:3,6-DIANHYDRO-D-SORBITOL (DB04792)","0.7634","http://www.drugbank.ca/drugs/DB04792"
"495","2-O-(3'-AMIDINOPHENYL)-5-O-(4''-AMIDINOPHENYL}-1,4:3,6-DIANHYDRO-D-SORBITOL (DB04793)","0.7634","http://www.drugbank.ca/drugs/DB04793"
"496","Tofisopam (DB08811)","0.7598","http://www.drugbank.ca/drugs/DB08811"
"497","N-(TERT-BUTYL)-3,5-DIMETHYL-N'-[(5-METHYL-2,3-DIHYDRO-1,4-BENZODIOXIN-6-YL)CARBONYL]BENZOHYDRAZIDE (DB07929)","0.7584","http://www.drugbank.ca/drugs/DB07929"
"498","N-(M-Trifluoromethylphenyl) Phenoxazine-4,6-Dicarboxylic Acid (DB02698)","0.7541","http://www.drugbank.ca/drugs/DB02698"
"499","N'-(3-CHLORO-4-METHOXY-PHENYL)-N-(3,4,5-TRIMETHOXYPHENYL)-1,3,5-TRIAZINE-2,4-DIAMINE (DB07251)","0.7293","http://www.drugbank.ca/drugs/DB07251"
"500","N'-(5-CHLORO-1,3-BENZODIOXOL-4-YL)-N-(3,4,5- TRIMETHOXYPHENYL)PYRIMIDINE-2,4-DIAMINE (DB07250)","0.7261","http://www.drugbank.ca/drugs/DB07250"
