"","DrugBank Compound (Name, ID)","Similarity to ","Link"
"1","Gefitinib (DB00317)","0.9869","http://www.drugbank.ca/drugs/DB00317"
"2","CI-1033 (DB05424)","0.9840","http://www.drugbank.ca/drugs/DB05424"
"3","Vandetanib (DB05294)","0.9823","http://www.drugbank.ca/drugs/DB05294"
"4","Afatinib (DB08916)","0.9777","http://www.drugbank.ca/drugs/DB08916"
"5","Bosutinib (DB06616)","0.9763","http://www.drugbank.ca/drugs/DB06616"
"6","N-(5-chloro-1,3-benzodioxol-4-yl)-6-methoxy-7-(3-piperidin-1-ylpropoxy)quinazolin-4-amine (DB07249)","0.9714","http://www.drugbank.ca/drugs/DB07249"
"7","4-BROMO-2-FLUORO-N-[(4E)-6-METHOXY-7-[(1-METHYLPIPERIDIN-4-YL)METHOXY]QUINAZOLIN-4(1H)-YLIDENE]ANILINE (DB08764)","0.9706","http://www.drugbank.ca/drugs/DB08764"
"8","5-{[1-(2-fluorobenzyl)piperidin-4-yl]methoxy}quinazoline-2,4-diamine (DB07642)","0.9695","http://www.drugbank.ca/drugs/DB07642"
"9","Quinacrine (DB01103)","0.9666","http://www.drugbank.ca/drugs/DB01103"
"10","5-{[1-(2,3-dichlorobenzyl)piperidin-4-yl]methoxy}quinazoline-2,4-diamine (DB07643)","0.9663","http://www.drugbank.ca/drugs/DB07643"
"11","(2R,4R)-N~1~-(4-CHLOROPHENYL)-N~2~-[2-FLUORO-4-(2-OXOPYRIDIN-1(2H)-YL)PHENYL]-4-METHOXYPYRROLIDINE-1,2-DICARBOXAMIDE (DB06920)","0.9625","http://www.drugbank.ca/drugs/DB06920"
"12","(2S)-6-(2,4-DIAMINO-6-ETHYLPYRIMIDIN-5-YL)-2-(3,5-DIFLUOROPHENYL)-4-(3-METHOXYPROPYL)-2H-1,4-BENZOXAZIN-3(4H)-ONE (DB07113)","0.9620","http://www.drugbank.ca/drugs/DB07113"
"13","N-{2-[6-(2,4-DIAMINO-6-ETHYLPYRIMIDIN-5-YL)-2,2-DIMETHYL-3-OXO-2,3-DIHYDRO-4H-1,4-BENZOXAZIN-4-YL]ETHYL}ACETAMIDE (DB07059)","0.9597","http://www.drugbank.ca/drugs/DB07059"
"14","Doxazosin (DB00590)","0.9588","http://www.drugbank.ca/drugs/DB00590"
"15","3-(2-CHLOROPHENYL)-1-(2-{[(1S)-2-HYDROXY-1,2-DIMETHYLPROPYL]AMINO}PYRIMIDIN-4-YL)-1-(4-METHOXYPHENYL)UREA (DB08095)","0.9565","http://www.drugbank.ca/drugs/DB08095"
"16","(2R)-1-[4-({4-[(2,5-DICHLOROPHENYL)AMINO]PYRIMIDIN-2-YL}AMINO)PHENOXY]-3-(DIMETHYLAMINO)PROPAN-2-OL (DB07750)","0.9548","http://www.drugbank.ca/drugs/DB07750"
"17","(2S)-1-[4-({4-[(2,5-DICHLOROPHENYL)AMINO]PYRIMIDIN-2-YL}AMINO)PHENOXY]-3-(DIMETHYLAMINO)PROPAN-2-OL (DB07755)","0.9548","http://www.drugbank.ca/drugs/DB07755"
"18","6-(2,4-DIAMINO-6-ETHYLPYRIMIDIN-5-YL)-4-(3-METHOXYPROPYL)-2,2-DIMETHYL-2H-1,4-BENZOXAZIN-3(4H)-ONE (DB07174)","0.9544","http://www.drugbank.ca/drugs/DB07174"
"19","Etonitazene (DB01462)","0.9539","http://www.drugbank.ca/drugs/DB01462"
"20","(2S)-1-[4-({6-[(2,6-DIFLUOROPHENYL)AMINO]PYRIMIDIN-4-YL}AMINO)PHENOXY]-3-(DIMETHYLAMINO)PROPAN-2-OL (DB07751)","0.9537","http://www.drugbank.ca/drugs/DB07751"
"21","(2R)-1-[4-({6-[(2,6-DIFLUOROPHENYL)AMINO]PYRIMIDIN-4-YL}AMINO)PHENOXY]-3-(DIMETHYLAMINO)PROPAN-2-OL (DB07761)","0.9537","http://www.drugbank.ca/drugs/DB07761"
"22","(2S)-1-{4-[(4-ANILINO-5-BROMOPYRIMIDIN-2-YL)AMINO]PHENOXY}-3-(DIMETHYLAMINO)PROPAN-2-OL (DB07501)","0.9524","http://www.drugbank.ca/drugs/DB07501"
"23","(2R)-1-{4-[(4-ANILINO-5-BROMOPYRIMIDIN-2-YL)AMINO]PHENOXY}-3-(DIMETHYLAMINO)PROPAN-2-OL (DB07504)","0.9524","http://www.drugbank.ca/drugs/DB07504"
"24","Cisapride (DB00604)","0.9514","http://www.drugbank.ca/drugs/DB00604"
"25","4-[4-(1-Amino-1-Methylethyl)Phenyl]-5-Chloro-N-[4-(2-Morpholin-4-Ylethyl)Phenyl]Pyrimidin-2-Amine (DB02491)","0.9497","http://www.drugbank.ca/drugs/DB02491"
"26","(3S)-1-(1,3-BENZODIOXOL-5-YLMETHYL)-3-[4-(1H-IMIDAZOL-1-YL)PHENOXY]PIPERIDINE (DB07011)","0.9492","http://www.drugbank.ca/drugs/DB07011"
"27","3-FLUORO-5-MORPHOLIN-4-YL-N-[1-(2-PYRIDIN-4-YLETHYL)-1H-INDOL-6-YL]BENZAMIDE (DB08730)","0.9488","http://www.drugbank.ca/drugs/DB08730"
"28","3-FLUORO-N-1H-INDOL-5-YL-5-MORPHOLIN-4-YLBENZAMIDE (DB08092)","0.9479","http://www.drugbank.ca/drugs/DB08092"
"29","1-{2-[(4-CHLOROPHENYL)AMINO]-2-OXOETHYL}-N-(1-ISOPROPYLPIPERIDIN-4-YL)-1H-INDOLE-2-CARBOXAMIDE (DB07974)","0.9478","http://www.drugbank.ca/drugs/DB07974"
"30","5-Chloro-1h-Indole-2-Carboxylic Acid [1-(4-Fluorobenzyl)-2-(4-Hydroxypiperidin-1yl)-2-Oxoethyl]Amide (DB03383)","0.9474","http://www.drugbank.ca/drugs/DB03383"
"31","10-Propargyl-5,8-Dideazafolic Acid (DB03541)","0.9471","http://www.drugbank.ca/drugs/DB03541"
"32","N-(1-ISOPROPYLPIPERIDIN-4-YL)-1-(3-METHOXYBENZYL)-1H-INDOLE-2-CARBOXAMIDE (DB07973)","0.9469","http://www.drugbank.ca/drugs/DB07973"
"33","N'-(5-CHLORO-1,3-BENZODIOXOL-4-YL)-N-(3-MORPHOLIN-4-YLPHENYL)PYRIMIDINE-2,4-DIAMINE (DB07255)","0.9455","http://www.drugbank.ca/drugs/DB07255"
"34","5-[4-(DIMETHYLAMINO)PHENYL]-6-[(6-MORPHOLIN-4-YLPYRIDIN-3-YL)ETHYNYL]PYRIMIDIN-4-AMINE (DB07280)","0.9454","http://www.drugbank.ca/drugs/DB07280"
"35","N-{(1s)-4-[Bis(2-Chloroethyl)Amino]-1-Methylbutyl}-N-(6-Chloro-2-Methoxy-9-Acridinyl)Amine (DB02240)","0.9451","http://www.drugbank.ca/drugs/DB02240"
"36","Diltiazem (DB00343)","0.9445","http://www.drugbank.ca/drugs/DB00343"
"37","1-Acetyl-4-(4-{4-[(2-Ethoxyphenyl)Thio]-3-Nitrophenyl}Pyridin-2-Yl)Piperazine (DB02177)","0.9442","http://www.drugbank.ca/drugs/DB02177"
"38","N-cyclopropyl-4-methyl-3-{2-[(2-morpholin-4-ylethyl)amino]quinazolin-6-yl}benzamide (DB08351)","0.9442","http://www.drugbank.ca/drugs/DB08351"
"39","3-FLUORO-5-MORPHOLIN-4-YL-N-[3-(2-PYRIDIN-4-YLETHYL)-1H-INDOL-5-YL]BENZAMIDE (DB08091)","0.9438","http://www.drugbank.ca/drugs/DB08091"
"40","2-({5-CHLORO-2-[(2-METHOXY-4-MORPHOLIN-4-YLPHENYL)AMINO]PYRIMIDIN-4-YL}AMINO)-N-METHYLBENZAMIDE (DB07460)","0.9437","http://www.drugbank.ca/drugs/DB07460"
"41","6,7-DIMETHOXY-4-[(3R)-3-(QUINOXALIN-2-YLOXY)PYRROLIDIN-1-YL]QUINAZOLINE (DB08391)","0.9432","http://www.drugbank.ca/drugs/DB08391"
"42","Bepridil (DB01244)","0.9431","http://www.drugbank.ca/drugs/DB01244"
"43","3-[(1R)-1-(2,6-dichloro-3-fluorophenyl)ethoxy]-5-(1-piperidin-4-yl-1H-pyrazol-4-yl)pyridin-2-amine (DB08700)","0.9424","http://www.drugbank.ca/drugs/DB08700"
"44","6-ETHYL-5-[(2S)-1-(3-METHOXYPROPYL)-2-PHENYL-1,2,3,4-TETRAHYDROQUINOLIN-7-YL]PYRIMIDINE-2,4-DIAMINE (DB08099)","0.9419","http://www.drugbank.ca/drugs/DB08099"
"45","S-{3-[(4-ANILINOQUINAZOLIN-6-YL)AMINO]-3-OXOPROPYL}-L-CYSTEINE (DB07602)","0.9417","http://www.drugbank.ca/drugs/DB07602"
"46","Merimepodib (DB04862)","0.9409","http://www.drugbank.ca/drugs/DB04862"
"47","4-{2-[4-(2-Aminoethyl)Piperazin-1-Yl]Pyridin-4-Yl}-N-(3-Chloro-4-Methylphenyl)Pyrimidin-2-Amine (DB03916)","0.9409","http://www.drugbank.ca/drugs/DB03916"
"48","4-chloro-6-{5-[(2-morpholin-4-ylethyl)amino]-1,2-benzisoxazol-3-yl}benzene-1,3-diol (DB07601)","0.9402","http://www.drugbank.ca/drugs/DB07601"
"49","Aripiprazole (DB01238)","0.9402","http://www.drugbank.ca/drugs/DB01238"
"50","Bopindolol (DB08807)","0.9397","http://www.drugbank.ca/drugs/DB08807"
"51","Clonitazene (DB01523)","0.9397","http://www.drugbank.ca/drugs/DB01523"
"52","Gatifloxacin (DB01044)","0.9394","http://www.drugbank.ca/drugs/DB01044"
"53","(3R,4S)-1-[6-(6-METHOXYPYRIDIN-3-YL)PYRIMIDIN-4-YL]-4-(2,4,5-TRIFLUOROPHENYL)PYRROLIDIN-3-AMINE (DB08445)","0.9394","http://www.drugbank.ca/drugs/DB08445"
"54","[4-(6-Chloro-Naphthalene-2-Sulfonyl)-Piperazin-1-Yl]-(3,4,5,6-Tetrahydro-2h-[1,4']Bipyridinyl-4-Yl)-Methanone (DB01836)","0.9393","http://www.drugbank.ca/drugs/DB01836"
"55","Tadalafil (DB00820)","0.9392","http://www.drugbank.ca/drugs/DB00820"
"56","Cp403700, (S)-1-{2-[(5-Chloro-1h-Indole-2-Carbonyl)-Amino]-3-Phenyl-Propionyl}-Azetidine-3-Carboxylate (DB03744)","0.9391","http://www.drugbank.ca/drugs/DB03744"
"57","4-{[5-chloro-4-(1H-indol-3-yl)pyrimidin-2-yl]amino}-N-ethylpiperidine-1-carboxamide (DB08005)","0.9390","http://www.drugbank.ca/drugs/DB08005"
"58","Nefazodone (DB01149)","0.9389","http://www.drugbank.ca/drugs/DB01149"
"59","N-({4-[(2-aminopyridin-4-yl)oxy]-3-fluorophenyl}carbamoyl)-2-(4-fluorophenyl)acetamide (DB06995)","0.9385","http://www.drugbank.ca/drugs/DB06995"
"60","Vilazodone (DB06684)","0.9384","http://www.drugbank.ca/drugs/DB06684"
"61","Quetiapine (DB01224)","0.9383","http://www.drugbank.ca/drugs/DB01224"
"62","Sertindole (DB06144)","0.9375","http://www.drugbank.ca/drugs/DB06144"
"63","Prazosin (DB00457)","0.9367","http://www.drugbank.ca/drugs/DB00457"
"64","4-[(3S)-1-AZABICYCLO[2.2.2]OCT-3-YLAMINO]-3-(1H-BENZIMIDAZOL-2-YL)-6-CHLOROQUINOLIN-2(1H)-ONE (DB06852)","0.9365","http://www.drugbank.ca/drugs/DB06852"
"65","Allyl-{6-[3-(4-Bromo-Phenyl)-1-Methyl-1h-Indazol-6-Yl]Oxy}Hexyl)-N-Methylamine (DB03888)","0.9364","http://www.drugbank.ca/drugs/DB03888"
"66","(2R)-1-(DIMETHYLAMINO)-3-{4-[(6-{[2-FLUORO-5-(TRIFLUOROMETHYL)PHENYL]AMINO}PYRIMIDIN-4-YL)AMINO]PHENOXY}PROPAN-2-OL (DB07054)","0.9359","http://www.drugbank.ca/drugs/DB07054"
"67","AZD2563 (DB04850)","0.9355","http://www.drugbank.ca/drugs/DB04850"
"68","4-CHLORO-6-(4-{4-[4-(METHYLSULFONYL)BENZYL]PIPERAZIN-1-YL}-1H-PYRAZOL-5-YL)BENZENE-1,3-DIOL (DB06957)","0.9348","http://www.drugbank.ca/drugs/DB06957"
"69","2-Phenyl-1-[4-(2-Piperidin-1-Yl-Ethoxy)-Phenyl]-1,2,3,4-Tetrahydro-Isoquinolin-6-Ol (DB04471)","0.9348","http://www.drugbank.ca/drugs/DB04471"
"70","Alfuzosin (DB00346)","0.9343","http://www.drugbank.ca/drugs/DB00346"
"71","Moricizine (DB00680)","0.9334","http://www.drugbank.ca/drugs/DB00680"
"72","Temafloxacin (DB01405)","0.9331","http://www.drugbank.ca/drugs/DB01405"
"73","(13R,15S)-13-METHYL-16-OXA-8,9,12,22,24-PENTAAZAHEXACYCLO[15.6.2.16,9.1,12,15.0,2,7.0,21,25]HEPTACOSA-1(24),2,4,6,17(25),18,20-HEPTAENE-23,26-DIONE (DB06888)","0.9326","http://www.drugbank.ca/drugs/DB06888"
"74","(2S)-2-ETHOXY-3-{4-[2-(10H-PHENOXAZIN-10-YL)ETHOXY]PHENYL}PROPANOIC ACID (DB07675)","0.9324","http://www.drugbank.ca/drugs/DB07675"
"75","2-({2-[(3R)-3-AMINOPIPERIDIN-1-YL]-4-OXOQUINAZOLIN-3(4H)-YL}METHYL)BENZONITRILE (DB08588)","0.9317","http://www.drugbank.ca/drugs/DB08588"
"76","3-({4-[(5-CHLORO-1,3-BENZODIOXOL-4-YL)AMINO]PYRIMIDIN-2-YL}AMINO)BENZAMIDE (DB07256)","0.9317","http://www.drugbank.ca/drugs/DB07256"
"77","Ketoconazole (DB01026)","0.9315","http://www.drugbank.ca/drugs/DB01026"
"78","N-(6-{[3-(4-Bromophenyl)-1,2-Benzisothiazol-6-Yl]Oxy}Hexyl)-N-Methylprop-2-En-1-Amine (DB02544)","0.9315","http://www.drugbank.ca/drugs/DB02544"
"79","2-{4-[5-(4-chlorophenyl)-4-pyrimidin-4-yl-1H-pyrazol-3-yl]piperidin-1-yl}-2-oxoethanol (DB07943)","0.9314","http://www.drugbank.ca/drugs/DB07943"
"80","Ranolazine (DB00243)","0.9312","http://www.drugbank.ca/drugs/DB00243"
"81","Erlotinib (DB00530)","0.9312","http://www.drugbank.ca/drugs/DB00530"
"82","4-(2-aminoethoxy)-N-(3-chloro-2-ethoxy-5-piperidin-1-ylphenyl)-3,5-dimethylbenzamide (DB07626)","0.9303","http://www.drugbank.ca/drugs/DB07626"
"83","Delavirdine (DB00705)","0.9303","http://www.drugbank.ca/drugs/DB00705"
"84","N-{2'-[(4-FLUOROPHENYL)AMINO]-4,4'-BIPYRIDIN-2-YL}-4-METHOXYCYCLOHEXANECARBOXAMIDE (DB08025)","0.9301","http://www.drugbank.ca/drugs/DB08025"
"85","CP-526423 (DB02089)","0.9295","http://www.drugbank.ca/drugs/DB02089"
"86","N-{2-[6-(2,4-DIAMINO-6-ETHYLPYRIMIDIN-5-YL)-2,2-DIMETHYL-3-OXO-2,3-DIHYDRO-4H-1,4-BENZOTHIAZIN-4-YL]ETHYL}ACETAMIDE (DB06899)","0.9295","http://www.drugbank.ca/drugs/DB06899"
"87","2-[1-(4-CHLOROBENZOYL)-5-METHOXY-2-METHYL-1H-INDOL-3-YL]-N-[(1R)-1-(HYDROXYMETHYL)PROPYL]ACETAMIDE (DB07981)","0.9292","http://www.drugbank.ca/drugs/DB07981"
"88","2-[1-(4-CHLOROBENZOYL)-5-METHOXY-2-METHYL-1H-INDOL-3-YL]-N-[(1S)-1-(HYDROXYMETHYL)PROPYL]ACETAMIDE (DB07984)","0.9292","http://www.drugbank.ca/drugs/DB07984"
"89","4-(2-aminoethoxy)-N-(3-chloro-5-piperidin-1-ylphenyl)-3,5-dimethylbenzamide (DB08697)","0.9288","http://www.drugbank.ca/drugs/DB08697"
"90","N-[5-(1,1-DIOXIDOISOTHIAZOLIDIN-2-YL)-1H-INDAZOL-3-YL]-2-(4-PIPERIDIN-1-YLPHENYL)ACETAMIDE (DB07220)","0.9287","http://www.drugbank.ca/drugs/DB07220"
"91","N~4~-methyl-N~4~-(3-methyl-1H-indazol-6-yl)-N~2~-(3,4,5-trimethoxyphenyl)pyrimidine-2,4-diamine (DB08042)","0.9286","http://www.drugbank.ca/drugs/DB08042"
"92","Trimetrexate (DB01157)","0.9285","http://www.drugbank.ca/drugs/DB01157"
"93","4-(2-HYDROXYBENZYLAMINO)-N-(3-(4-FLUOROPHENOXY)PHENYL)PIPERIDINE-1-SULFONAMIDE (DB04632)","0.9282","http://www.drugbank.ca/drugs/DB04632"
"94","5-Chloro-thiophene-2-carboxylic acid ((3S,4S)-1-{[2-fluoro-4-(2-oxo-2H-pyridin-1-yl)-phenylcarbamoyl]-methyl}-4-hydroxy-pyrrolidin-3-yl)-amide (DB07875)","0.9279","http://www.drugbank.ca/drugs/DB07875"
"95","[5-AMINO-1-(4-FLUOROPHENYL)-1H-PYRAZOL-4-YL][3-(PIPERIDIN-4-YLOXY)PHENYL]METHANONE (DB08423)","0.9278","http://www.drugbank.ca/drugs/DB08423"
"96","N-ETHYL-N-ISOPROPYL-3-METHYL-5-{[(2S)-2-(PYRIDIN-4-YLAMINO)PROPYL]OXY}BENZAMIDE (DB07279)","0.9276","http://www.drugbank.ca/drugs/DB07279"
"97","1-ethyl-N-(phenylmethyl)-4-(tetrahydro-2H-pyran-4-ylamino)-1H-pyrazolo[3,4-b]pyridine-5-carboxamide (DB06909)","0.9275","http://www.drugbank.ca/drugs/DB06909"
"98","Iloperidone (DB04946)","0.9270","http://www.drugbank.ca/drugs/DB04946"
"99","1-BENZYL-3-(4-METHOXYPHENYLAMINO)-4-PHENYLPYRROLE-2,5-DIONE (DB08063)","0.9268","http://www.drugbank.ca/drugs/DB08063"
"100","Compound 4-D (DB03742)","0.9265","http://www.drugbank.ca/drugs/DB03742"
"101","(3R,4R)-1-{6-[3-(METHYLSULFONYL)PHENYL]PYRIMIDIN-4-YL}-4-(2,4,5-TRIFLUOROPHENYL)PIPERIDIN-3-AMINE (DB08164)","0.9260","http://www.drugbank.ca/drugs/DB08164"
"102","Encainide (DB01228)","0.9258","http://www.drugbank.ca/drugs/DB01228"
"103","OPC-51803 (DB05838)","0.9253","http://www.drugbank.ca/drugs/DB05838"
"104","5-chloro-N-[(3R)-1-(2-{[2-fluoro-4-(2-oxopyridin-1(2H)-yl)phenyl]amino}-2-oxoethyl)pyrrolidin-3-yl]thiophene-2-carboxamide (DB07872)","0.9252","http://www.drugbank.ca/drugs/DB07872"
"105","(2R)-N-HYDROXY-2-[(3S)-3-METHYL-3-{4-[(2-METHYLQUINOLIN-4-YL)METHOXY]PHENYL}-2-OXOPYRROLIDIN-1-YL]PROPANAMIDE (DB07145)","0.9250","http://www.drugbank.ca/drugs/DB07145"
"106","3-[3-(4-methylpiperazin-1-yl)-7-(trifluoromethyl)quinoxalin-5-yl]phenol (DB07969)","0.9248","http://www.drugbank.ca/drugs/DB07969"
"107","(3R,4S)-1-{6-[3-(METHYLSULFONYL)PHENYL]PYRIMIDIN-4-YL}-4-(2,4,5-TRIFLUOROPHENYL)PYRROLIDIN-3-AMINE (DB07666)","0.9247","http://www.drugbank.ca/drugs/DB07666"
"108","FR236913 (DB02830)","0.9244","http://www.drugbank.ca/drugs/DB02830"
"109","3-[(Acetyl-Methyl-Amino)-Methyl]-4-Amino-N-Methyl-N-(1-Methyl-1h-Indol-2-Ylmethyl)-Benzamide (DB03534)","0.9242","http://www.drugbank.ca/drugs/DB03534"
"110","N-(5-{[(2S)-4-amino-2-(3-chlorophenyl)butanoyl]amino}-1H-indazol-3-yl)benzamide (DB07608)","0.9240","http://www.drugbank.ca/drugs/DB07608"
"111","Terazosin (DB01162)","0.9239","http://www.drugbank.ca/drugs/DB01162"
"112","(S)-2-CHLORO-N-(1-(2-(2-HYDROXYETHYLAMINO)-2-OXOETHYL)-2-OXO-1,2,3,4-TETRAHYDROQUINOLIN-3-YL)-6H-THIENO[2,3-B]PYRROLE-5-CARBOXAMIDE (DB07792)","0.9237","http://www.drugbank.ca/drugs/DB07792"
"113","Regorafenib (DB08896)","0.9230","http://www.drugbank.ca/drugs/DB08896"
"114","1-(3-HYDROXYPROPYL)-2-[(3-NITROBENZOYL)AMINO]-1H-BENZIMIDAZOL-5-YL PIVALATE (DB08590)","0.9229","http://www.drugbank.ca/drugs/DB08590"
"115","1-((1R)-1-(HYDROXYMETHYL)-3-{6-[(3-PHENYLPROPANOYL)AMINO]-1H-INDOL-1-YL}PROPYL)-1H-IMIDAZOLE-4-CARBOXAMIDE (DB07783)","0.9229","http://www.drugbank.ca/drugs/DB07783"
"116","6-[3-(4-Morpholinyl)Propyl]-2-(3-Nitrophenyl)-5-Thioxo-5,6,-Dihydro-7h-Thienol[2',3':4,5]Pyrrolo[1,2-C]Imidazol-7-One (DB03507)","0.9228","http://www.drugbank.ca/drugs/DB03507"
"117","5-(5-chloro-2,4-dihydroxyphenyl)-N-ethyl-4-[4-(morpholin-4-ylmethyl)phenyl]isoxazole-3-carboxamide (DB06961)","0.9226","http://www.drugbank.ca/drugs/DB06961"
"118","Ezetimibe (DB00973)","0.9222","http://www.drugbank.ca/drugs/DB00973"
"119","Sorafenib (DB00398)","0.9222","http://www.drugbank.ca/drugs/DB00398"
"120","5-CHLORO-THIOPHENE-2-CARBOXYLIC ACID ((3S,4S)-4-FLUORO- 1-{[2-FLUORO-4-(2-OXO-2H-PYRIDIN-1-YL)-PHENYLCARBAMOYL]-METHYL}-PYRROLIDIN-3-YL)-AMIDE (DB08143)","0.9220","http://www.drugbank.ca/drugs/DB08143"
"121","2,4-Diamino-6-[N-(3',4',5'-Trimethoxybenzyl)-N-Methylamino]Pyrido[2,3-D]Pyrimidine (DB02919)","0.9217","http://www.drugbank.ca/drugs/DB02919"
"122","2-(2-{2-[(BIPHENYL-4-YLMETHYL)-AMINO]-3-MERCAPTO-PENTANOYLAMINO}-ACETYLAMINO)-3-METHYL-BUTYRIC ACID METHYL ESTER (DB08643)","0.9216","http://www.drugbank.ca/drugs/DB08643"
"123","6-(4-{(1S,2S)-2-AMINO-1-[(DIMETHYLAMINO)CARBONYL]-3-[(3S)-3-FLUOROPYRROLIDIN-1-YL]-3-OXOPROPYL}PHENYL)-1H-[1,2,4]TRIAZOLO[1,5-A]PYRIDIN-4-IUM (DB08504)","0.9215","http://www.drugbank.ca/drugs/DB08504"
"124","4-[[2-[[4-chloro-3-(trifluoromethyl)phenyl]amino]-3H-benzimidazol-5-yl]oxy]-N-methyl-pyridine-2-carboxamide (DB06938)","0.9212","http://www.drugbank.ca/drugs/DB06938"
"125","3-(1H-INDOL-3-YL)-4-(1-{2-[(2S)-1-METHYLPYRROLIDINYL]ETHYL}-1H-INDOL-3-YL)-1H-PYRROLE-2,5-DIONE (DB07456)","0.9211","http://www.drugbank.ca/drugs/DB07456"
"126","3-(1H-INDOL-3-YL)-4-{1-[2-(1-METHYLPYRROLIDIN-2-YL)ETHYL]-1H-INDOL-3-YL}-1H-PYRROLE-2,5-DIONE (DB07458)","0.9211","http://www.drugbank.ca/drugs/DB07458"
"127","(2e)-N-Allyl-4-{[3-(4-Bromophenyl)-5-Fluoro-1-Methyl-1h-Indazol-6-Yl]Oxy}-N-Methyl-2-Buten-1-Amine (DB02139)","0.9207","http://www.drugbank.ca/drugs/DB02139"
"128","Azelastine (DB00972)","0.9206","http://www.drugbank.ca/drugs/DB00972"
"129","(4R,2S)-5'-(4-(4-CHLOROBENZYLOXY)PYRROLIDIN-2-YLMETHANESULFONYL)ISOQUINOLINE (DB07583)","0.9192","http://www.drugbank.ca/drugs/DB07583"
"130","5-(4-PHENOXYPHENYL)-5-(4-PYRIMIDIN-2-YLPIPERAZIN-1-YL)PYRIMIDINE-2,4,6(2H,3H)-TRIONE (DB07117)","0.9189","http://www.drugbank.ca/drugs/DB07117"
"131","3-[3-(2,3-Dihydroxy-Propylamino)-Phenyl]-4-(5-Fluoro-1-Methyl-1h-Indol-3-Yl)-Pyrrole-2,5-Dione (DB01772)","0.9186","http://www.drugbank.ca/drugs/DB01772"
"132","1-{2-[3-(2-Chloro-4,5-difluoro-benzoyl)-ureido]-4-fluoro-phenyl}-piperidine-4-carboxylic acid (DB07396)","0.9181","http://www.drugbank.ca/drugs/DB07396"
"133","2,4-Diamino-5-Methyl-6-[(3,4,5-Trimethoxy-N-Methylanilino)Methyl]Pyrido[2,3-D]Pyrimidine (DB02104)","0.9177","http://www.drugbank.ca/drugs/DB02104"
"134","(20S)-19,20,22,23-TETRAHYDRO-19-OXO-5H,21H-18,20-ETHANO-12,14-ETHENO-6,10-METHENOBENZ[D]IMIDAZO[4,3-L][1,6,9,13]OXATRIAZACYCLONOADECOSINE-9-CARBONITRILE (DB08676)","0.9176","http://www.drugbank.ca/drugs/DB08676"
"135","Beta-hydroxyfentanyl (DB01453)","0.9175","http://www.drugbank.ca/drugs/DB01453"
"136","Terconazole (DB00251)","0.9175","http://www.drugbank.ca/drugs/DB00251"
"137","1-[4-(Octahydro-Pyrido[1,2-a]Pyrazin-2-Yl)-Phenyl]-2-Phenyl-1,2,3,4-Tetrahydro-Isoquinolin-6-Ol (DB03802)","0.9161","http://www.drugbank.ca/drugs/DB03802"
"138","Br-Coeleneterazine (DB02006)","0.9161","http://www.drugbank.ca/drugs/DB02006"
"139","I-Coeleneterazine (DB04146)","0.9161","http://www.drugbank.ca/drugs/DB04146"
"140","CRA_10655 (DB02526)","0.9159","http://www.drugbank.ca/drugs/DB02526"
"141","Flibanserin (DB04908)","0.9156","http://www.drugbank.ca/drugs/DB04908"
"142","[1-(3-Hydroxy-2-Oxo-1-Phenethyl-Propylcarbamoyl)2-Phenyl-Ethyl]-Carbamic Acid Pyridin-4-Ylmethyl Ester (DB02128)","0.9153","http://www.drugbank.ca/drugs/DB02128"
"143","CRA_10991 (DB01771)","0.9152","http://www.drugbank.ca/drugs/DB01771"
"144","Phenserine (DB04892)","0.9149","http://www.drugbank.ca/drugs/DB04892"
"145","Perphenazine (DB00850)","0.9147","http://www.drugbank.ca/drugs/DB00850"
"146","Mirabegron  (DB08893)","0.9144","http://www.drugbank.ca/drugs/DB08893"
"147","Trazodone (DB00656)","0.9144","http://www.drugbank.ca/drugs/DB00656"
"148","Valsartan (DB00177)","0.9135","http://www.drugbank.ca/drugs/DB00177"
"149","N-[3-[[4-[(5-CHLORO-1,3-BENZODIOXOL-4-YL)AMINO]PYRIMIDIN-2-YL]AMINO]PHENYL]METHANESULFONAMIDE (DB07254)","0.9134","http://www.drugbank.ca/drugs/DB07254"
"150","N-(5-CHLORO-BENZO[B]THIOPHEN-3-YLMETHYL)-2-[6-CHLORO-OXO-3-(2-PYRIDIN-2-YL-ETHYLAMINO)-2H-PYRAZIN-1-YL]-ACETAMIDE (DB07165)","0.9132","http://www.drugbank.ca/drugs/DB07165"
"151","Flurazepam (DB00690)","0.9131","http://www.drugbank.ca/drugs/DB00690"
"152","(1S,5S,7R)-N~7~-(BIPHENYL-4-YLMETHYL)-N~3~-HYDROXY-6,8-DIOXA-3-AZABICYCLO[3.2.1]OCTANE-3,7-DICARBOXAMIDE (DB07026)","0.9131","http://www.drugbank.ca/drugs/DB07026"
"153","Eletriptan (DB00216)","0.9129","http://www.drugbank.ca/drugs/DB00216"
"154","Lefradafiban (DB04863)","0.9129","http://www.drugbank.ca/drugs/DB04863"
"155","CRA_10433 (DB03173)","0.9127","http://www.drugbank.ca/drugs/DB03173"
"156","N-[4-CHLORO-3-(PYRIDIN-3-YLOXYMETHYL)-PHENYL]-3-FLUORO- (DB08068)","0.9127","http://www.drugbank.ca/drugs/DB08068"
"157","1-(2,6-Dichlorophenyl)-5-(2,4-Difluorophenyl)-7-Piperidin-4-Yl-3,4-Dihydroquinolin-2(1h)-One (DB01948)","0.9127","http://www.drugbank.ca/drugs/DB01948"
"158","2-Hydroxy-5-({1-[(2-Naphthyloxy)Methyl]-3-Oxoprop-1-Enyl}Amino)Tyrosine (DB02511)","0.9125","http://www.drugbank.ca/drugs/DB02511"
"159","1-(5-Carboxypentyl)-5-[(2,6-Dichlorobenzyl)Oxy]-1 H-Indole-2-Carboxylic Acid (DB02316)","0.9123","http://www.drugbank.ca/drugs/DB02316"
"160","4-(4-METHYLPIPERAZIN-1-YL)-N-[5-(2-THIENYLACETYL)-1,5-DIHYDROPYRROLO[3,4-C]PYRAZOL-3-YL]BENZAMIDE (DB07186)","0.9122","http://www.drugbank.ca/drugs/DB07186"
"161","Zuclopenthixol acetate (DB08919)","0.9119","http://www.drugbank.ca/drugs/DB08919"
"162","(2R)-({4-[AMINO(IMINO)METHYL]PHENYL}AMINO){5-ETHOXY-2-FLUORO-3-[(3R)-TETRAHYDROFURAN-3-YLOXY]PHENYL}ACETICACID (DB04590)","0.9113","http://www.drugbank.ca/drugs/DB04590"
"163","3-CYCLOHEXYL-1-(2-MORPHOLIN-4-YL-2-OXOETHYL)-2-PHENYL-1H-INDOLE-6-CARBOXYLIC ACID (DB07570)","0.9112","http://www.drugbank.ca/drugs/DB07570"
"164","5-hydroxy-4-(7-methoxy-1,1-dioxido-2H-1,2,4-benzothiadiazin-3-yl)-2-(3-methylbutyl)-6-phenylpyridazin-3(2H)-one (DB06974)","0.9111","http://www.drugbank.ca/drugs/DB06974"
"165","Grepafloxacin (DB00365)","0.9110","http://www.drugbank.ca/drugs/DB00365"
"166","Furo[2,3d]Pyrimidine Antifolate (DB02026)","0.9110","http://www.drugbank.ca/drugs/DB02026"
"167","N-Alpha-(2-Naphthylsulfonyl)-N(3-Amidino-L-Phenylalaninyl)-4-Acetyl-Piperazine (DB04125)","0.9106","http://www.drugbank.ca/drugs/DB04125"
"168","4-(1-Benzyl-3-Carbamoylmethyl-2-Methyl-1h-Indol-5-Yloxy)-Butyric Acid (DB02936)","0.9105","http://www.drugbank.ca/drugs/DB02936"
"169","4-(2-{[4-{[3-(4-Chlorophenyl)Propyl]Sulfanyl}-6-(1-Piperazinyl)-1,3,5-Triazin-2-Yl]Amino}Ethyl)Phenol (DB04020)","0.9103","http://www.drugbank.ca/drugs/DB04020"
"170","R048-8071 (DB02016)","0.9102","http://www.drugbank.ca/drugs/DB02016"
"171","[4-({5-(AMINOCARBONYL)-4-[(3-METHYLPHENYL)AMINO]PYRIMIDIN-2-YL}AMINO)PHENYL]ACETIC ACID (DB08513)","0.9101","http://www.drugbank.ca/drugs/DB08513"
"172","Azimilide (DB04957)","0.9098","http://www.drugbank.ca/drugs/DB04957"
"173","FAMOXADONE (DB07778)","0.9096","http://www.drugbank.ca/drugs/DB07778"
"174","Sparfloxacin (DB01208)","0.9095","http://www.drugbank.ca/drugs/DB01208"
"175","Acetophenazine (DB01063)","0.9093","http://www.drugbank.ca/drugs/DB01063"
"176","Thiethylperazine (DB00372)","0.9088","http://www.drugbank.ca/drugs/DB00372"
"177","1-(5-CHLORO-2-METHOXYPHENYL)-3-{6-[2-(DIMETHYLAMINO)-1-METHYLETHOXY]PYRAZIN-2-YL}UREA (DB07228)","0.9087","http://www.drugbank.ca/drugs/DB07228"
"178","Fluspirilene (DB04842)","0.9086","http://www.drugbank.ca/drugs/DB04842"
"179","(1-Methyl-1h-Imidazol-2-Yl)-(3-Methyl-4-{3-[(Pyridin-3-Ylmethyl)-Amino]-Propoxy}-Benzofuran-2-Yl)-Methanone (DB03062)","0.9083","http://www.drugbank.ca/drugs/DB03062"
"180","N-Alpha-(2-Naphthylsulfonyl)-N(3-Amidino-L-Phenylalaninyl)Isopipecolinic Acid Methyl Ester (DB01745)","0.9080","http://www.drugbank.ca/drugs/DB01745"
"181","Pagoclone (DB04903)","0.9079","http://www.drugbank.ca/drugs/DB04903"
"182","2-{5-[3-(7-PROPYL-3-TRIFLUOROMETHYLBENZO[D]ISOXAZOL-6-YLOXY)PROPOXY]INDOL-1-YL}ETHANOIC ACID (DB07053)","0.9078","http://www.drugbank.ca/drugs/DB07053"
"183","N-Alpha-(2-Naphthylsulfonyl)-N-(3-Amidino-L-Phenylalaninyl)-D-Pipecolinic Acid (DB04238)","0.9076","http://www.drugbank.ca/drugs/DB04238"
"184","N-(3-TERT-BUTYL-1H-PYRAZOL-5-YL)-N'-{4-CHLORO-3-[(PYRIDIN-3-YLOXY)METHYL]PHENYL}UREA (DB08064)","0.9075","http://www.drugbank.ca/drugs/DB08064"
"185","Allyl-{6-[3-(4-Bromo-Phenyl)-Benzofuran-6-Yloxy]-Hexyl-}-Methyl-Amin (DB02339)","0.9075","http://www.drugbank.ca/drugs/DB02339"
"186","3-(2-AMINO-6-BENZOYLQUINAZOLIN-3(4H)-YL)-N-CYCLOHEXYL-N-METHYLPROPANAMIDE (DB08749)","0.9067","http://www.drugbank.ca/drugs/DB08749"
"187","5-[1-(3,4-Dimethoxy-Benzoyl)-1,2,3,4-Tetrahydro-Quinolin-6-Yl]-6-Methyl-3,6-Dihydro-[1,3,4]Thiadiazin-2-One (DB03944)","0.9059","http://www.drugbank.ca/drugs/DB03944"
"188","Morpholine-4-Carboxylic Acid [1-(2-Benzylsulfanyl-1-Formyl-Ethylcarbamoyl)-2-Phenyl-Ethyl]-Amide (DB03984)","0.9057","http://www.drugbank.ca/drugs/DB03984"
"189","Benazepril (DB00542)","0.9056","http://www.drugbank.ca/drugs/DB00542"
"190","N-[2-({[amino(imino)methyl]amino}oxy)ethyl]-2-{6-chloro-3-[(2,2-difluoro-2-phenylethyl)amino]-2-fluorophenyl}acetamide (DB07946)","0.9053","http://www.drugbank.ca/drugs/DB07946"
"191","6-[(Z)-AMINO(IMINO)METHYL]-N-[3-(CYCLOPENTYLOXY)PHENYL]-2-NAPHTHAMIDE (DB07076)","0.9051","http://www.drugbank.ca/drugs/DB07076"
"192","6-FLUORO-2-[2-HYDROXY-3-(2-METHYL-CYCLOHEXYLOXY)-PHENYL]-1H-INDOLE-5-CARBOXAMIDINE (DB06856)","0.9045","http://www.drugbank.ca/drugs/DB06856"
"193","Asimadoline (DB05104)","0.9045","http://www.drugbank.ca/drugs/DB05104"
"194","Carfentanil (DB01535)","0.9044","http://www.drugbank.ca/drugs/DB01535"
"195","N-{3-[(4-{[3-(TRIFLUOROMETHYL)PHENYL]AMINO}PYRIMIDIN-2-YL)AMINO]PHENYL}CYCLOPROPANECARBOXAMIDE (DB07545)","0.9044","http://www.drugbank.ca/drugs/DB07545"
"196","Flunarizine (DB04841)","0.9042","http://www.drugbank.ca/drugs/DB04841"
"197","Zuclopenthixol (DB01624)","0.9040","http://www.drugbank.ca/drugs/DB01624"
"198","Flavopiridol (DB03496)","0.9037","http://www.drugbank.ca/drugs/DB03496"
"199","Rimonabant (DB06155)","0.9035","http://www.drugbank.ca/drugs/DB06155"
"200","Beta-hydroxy-3-methylfentanyl (DB01570)","0.9033","http://www.drugbank.ca/drugs/DB01570"
"201","1-(CYCLOHEXYLAMINO)-3-(6-METHYL-3,4-DIHYDRO-1H-CARBAZOL-9(2H)-YL)PROPAN-2-OL (DB07061)","0.9032","http://www.drugbank.ca/drugs/DB07061"
"202","4-chloro-N-(3-methoxypropyl)-N-[(3S)-1-(2-phenylethyl)piperidin-3-yl]benzamide (DB08344)","0.9027","http://www.drugbank.ca/drugs/DB08344"
"203","Alpha-methylfentanyl (DB01557)","0.9026","http://www.drugbank.ca/drugs/DB01557"
"204","({3-[1-(4-HYDROXY-2-OXO-2H-CHROMEN-3-YL)-PROPYL]-PHENYLCARBAMOYL}-METHYL)-CARBAMIC ACID TERT-BUTYL ESTER (DB08664)","0.9025","http://www.drugbank.ca/drugs/DB08664"
"205","D-phenylalanyl-N-(3-chlorobenzyl)-L-prolinamide (DB06919)","0.9025","http://www.drugbank.ca/drugs/DB06919"
"206","D-phenylalanyl-N-(3-fluorobenzyl)-L-prolinamide (DB07027)","0.9025","http://www.drugbank.ca/drugs/DB07027"
"207","6-({5-fluoro-2-[(3,4,5-trimethoxyphenyl)amino]pyrimidin-4-yl}amino)-2,2-dimethyl-2H-pyrido[3,2-b][1,4]oxazin-3(4H)-one (DB07159)","0.9025","http://www.drugbank.ca/drugs/DB07159"
"208","Trimethobenzamide (DB00662)","0.9024","http://www.drugbank.ca/drugs/DB00662"
"209","ISOQUINOLINE-5-SULFONIC ACID (2-(2-(4-CHLOROBENZYLOXY)ETHYLAMINO)ETHYL)AMIDE (DB07947)","0.9024","http://www.drugbank.ca/drugs/DB07947"
"210","Pipazethate (DB08796)","0.9019","http://www.drugbank.ca/drugs/DB08796"
"211","N-((1R,2S)-2-(5-CHLORO-1H-INDOLE-2-CARBOXAMIDO)CYCLOHEXYL)-5-METHYL-4,5,6,7-TETRAHYDROTHIAZOLO[5,4-C]PYRIDINE-2-CARBOXAMIDE (DB07629)","0.9017","http://www.drugbank.ca/drugs/DB07629"
"212","N-((1R,2R)-2-(5-CHLORO-1H-INDOLE-2-CARBOXAMIDO)CYCLOHEXYL)-5-METHYL-4,5,6,7-TETRAHYDROTHIAZOLO[5,4-C]PYRIDINE-2-CARBOXAMIDE (DB07630)","0.9017","http://www.drugbank.ca/drugs/DB07630"
"213","3-Methylfentanyl (DB01571)","0.9010","http://www.drugbank.ca/drugs/DB01571"
"214","3-(7-DIAMINOMETHYL-NAPHTHALEN-2-YL)-PROPIONIC ACID ETHYL ESTER (DB07639)","0.9010","http://www.drugbank.ca/drugs/DB07639"
"215","Topotecan (DB01030)","0.9009","http://www.drugbank.ca/drugs/DB01030"
"216","Mitoxantrone (DB01204)","0.9009","http://www.drugbank.ca/drugs/DB01204"
"217","7-Hydroxystaurosporine (DB01933)","0.9007","http://www.drugbank.ca/drugs/DB01933"
"218","Balanol Analog 2 (DB01940)","0.9006","http://www.drugbank.ca/drugs/DB01940"
"219","1-((1R,2S)-1-{2-[2-(4-CHLOROPHENYL)-1,3-BENZOXAZOL-7-YL]ETHYL}-2-HYDROXYPROPYL)-1H-IMIDAZOLE-4-CARBOXAMIDE (DB07786)","0.9003","http://www.drugbank.ca/drugs/DB07786"
"220","N-(R-Carboxy-Ethyl)-Alpha-(S)-(2-Phenylethyl)Glycyl-L-Arginine-N-Phenylamide (DB02747)","0.9002","http://www.drugbank.ca/drugs/DB02747"
"221","(3R,4S)-1-[(4-amino-5H-pyrrolo[3,2-d]pyrimidin-7-yl)methyl]-4-[(benzylsulfanyl)methyl]pyrrolidin-3-ol (DB07649)","0.9001","http://www.drugbank.ca/drugs/DB07649"
"222","Drotaverine (DB06751)","0.8999","http://www.drugbank.ca/drugs/DB06751"
"223","Cetirizine (DB00341)","0.8990","http://www.drugbank.ca/drugs/DB00341"
"224","Hydroxyzine (DB00557)","0.8988","http://www.drugbank.ca/drugs/DB00557"
"225","2-(3-CHLORO-6-{[2,2-DIFLUORO-2-(1-OXIDOPYRIDIN-2-YL)ETHYL]AMINO}-1-OXIDOPYRIDIN-2-YL)-N-[1-(3-CHLOROPHENYL)ETHYL]ACETAMIDE (DB04722)","0.8987","http://www.drugbank.ca/drugs/DB04722"
"226","Flavoxate (DB01148)","0.8987","http://www.drugbank.ca/drugs/DB01148"
"227","Tolvaptan (DB06212)","0.8986","http://www.drugbank.ca/drugs/DB06212"
"228","4-(2-aminoethoxy)-N-(2,5-diethoxyphenyl)-3,5-dimethylbenzamide (DB07625)","0.8979","http://www.drugbank.ca/drugs/DB07625"
"229","3-{6-[(8-HYDROXY-QUINOLINE-2-CARBONYL)-AMINO]-2-THIOPHEN-2-YL-HEXANOYLAMINO}-4-OXO-BUTYRI ACID (DB07916)","0.8976","http://www.drugbank.ca/drugs/DB07916"
"230","PHENYLALANYLAMINODI(ETHYLOXY)ETHYL BENZENESULFONAMIDEAMINOCARBONYLBENZENESULFONAMIDE (DB07710)","0.8975","http://www.drugbank.ca/drugs/DB07710"
"231","1-(2-CYCLOPROPYLETHYL)-3-(1,1-DIOXIDO-2H-1,2,4-BENZOTHIADIAZIN-3-YL)-6-FLUORO-4-HYDROXYQUINOLIN-2(1H)-ONE (DB08278)","0.8974","http://www.drugbank.ca/drugs/DB08278"
"232","Sulfinpyrazone (DB01138)","0.8969","http://www.drugbank.ca/drugs/DB01138"
"233","CRA_11092 (DB03555)","0.8964","http://www.drugbank.ca/drugs/DB03555"
"234","Propantheline (DB00782)","0.8964","http://www.drugbank.ca/drugs/DB00782"
"235","Sildenafil (DB00203)","0.8957","http://www.drugbank.ca/drugs/DB00203"
"236","1-(1'-{[3-(methylsulfanyl)-2-benzothiophen-1-yl]carbonyl}spiro[1-benzofuran-3,4'-piperidin]-5-yl)methanamine (DB06848)","0.8956","http://www.drugbank.ca/drugs/DB06848"
"237","Amiodarone (DB01118)","0.8955","http://www.drugbank.ca/drugs/DB01118"
"238","2-METHYL-2-(4-{[({4-METHYL-2-[4-(TRIFLUOROMETHYL)PHENYL]-1,3-THIAZOL-5-YL}CARBONYL)AMINO]METHYL}PHENOXY)PROPANOIC ACID (DB07215)","0.8947","http://www.drugbank.ca/drugs/DB07215"
"239","Thioproperazine (DB01622)","0.8939","http://www.drugbank.ca/drugs/DB01622"
"240","Fluvastatin (DB01095)","0.8939","http://www.drugbank.ca/drugs/DB01095"
"241","K201 (DB02929)","0.8939","http://www.drugbank.ca/drugs/DB02929"
"242","N-({(2S)-1-[(3R)-3-AMINO-4-(2-FLUOROPHENYL)BUTANOYL]PYRROLIDIN-2-YL}METHYL)BENZAMIDE (DB07779)","0.8938","http://www.drugbank.ca/drugs/DB07779"
"243","Meclizine (DB00737)","0.8937","http://www.drugbank.ca/drugs/DB00737"
"244","(10R)-10-Formyl-5,8,10-Trideazafolic Acid (DB04264)","0.8937","http://www.drugbank.ca/drugs/DB04264"
"245","[3,5-Dibromo-4-(4-Hydroxy-3-Phenethylcarbamoyl-Phenoxy)-Phenyl]-Acetic Acid (DB02106)","0.8937","http://www.drugbank.ca/drugs/DB02106"
"246","1-[(3S)-5-PHENYL-3-THIOPHEN-2-YL-3H-1,4-BENZODIAZEPIN-2-YL]AZETIDIN-3-OL (DB08698)","0.8936","http://www.drugbank.ca/drugs/DB08698"
"247","4-[(1S)-1-(3-fluoro-4-methoxyphenyl)-2-(2-methoxy-5-nitrophenyl)ethyl]-1H-imidazol-2-amine (DB07415)","0.8933","http://www.drugbank.ca/drugs/DB07415"
"248","Tl-3-093 (DB01891)","0.8933","http://www.drugbank.ca/drugs/DB01891"
"249","Trifluoperazine (DB00831)","0.8932","http://www.drugbank.ca/drugs/DB00831"
"250","1S,3AS,8AS-TRIMETHYL-1-OXIDO-1,2,3,3A,8,8A-HEXAHYDROPYRROLO[2,3-B]INDOL-5-YL 2-ETHYLPHENYLCARBAMATE (DB07846)","0.8930","http://www.drugbank.ca/drugs/DB07846"
"251","N-(2-AMINOETHYL)-N~2~-{(1S)-1-[4'-(AMINOSULFONYL)BIPHENYL-4-YL]-2,2,2-TRIFLUOROETHYL}-L-LEUCINAMIDE (DB08270)","0.8930","http://www.drugbank.ca/drugs/DB08270"
"252","N~2~-[(BENZYLOXY)CARBONYL]-N-[(1S,2S)-2-HYDROXY-1-(4-HYDROXYBENZYL)PROPYL]-L-LEUCINAMIDE (DB07571)","0.8922","http://www.drugbank.ca/drugs/DB07571"
"253","Risperidone (DB00734)","0.8922","http://www.drugbank.ca/drugs/DB00734"
"254","Fluphenazine (DB00623)","0.8921","http://www.drugbank.ca/drugs/DB00623"
"255","N-(P-CYANOPHENYL)-N'-DIPHENYLMETHYL-GUANIDINE-ACETIC ACID (DB07816)","0.8920","http://www.drugbank.ca/drugs/DB07816"
"256","Pirenzepine (DB00670)","0.8920","http://www.drugbank.ca/drugs/DB00670"
"257","Besifloxacin (DB06771)","0.8916","http://www.drugbank.ca/drugs/DB06771"
"258","Domperidone (DB01184)","0.8912","http://www.drugbank.ca/drugs/DB01184"
"259","7-[3-(4-FLUORO-PHENYL)-1-ISOPROPYL-1H-INDOL-2-YL]-3,5-DIHYDROXY-HEPTANOIC ACID (DB06846)","0.8907","http://www.drugbank.ca/drugs/DB06846"
"260","Thiothixene (DB01623)","0.8905","http://www.drugbank.ca/drugs/DB01623"
"261","5-CHLORO-N-((1R,2S)-2-(4-(2-OXOPYRIDIN-1(2H)-YL)BENZAMIDO) CYCLOPENTYL)THIOPHENE-2-CARBOXAMIDE (DB08174)","0.8902","http://www.drugbank.ca/drugs/DB08174"
"262","Carphenazine (DB01038)","0.8901","http://www.drugbank.ca/drugs/DB01038"
"263","1-[4-(AMINOMETHYL)BENZOYL]-5'-FLUORO-1'H-SPIRO[PIPERIDINE-4,2'-QUINAZOLIN]-4'-AMINE (DB08750)","0.8900","http://www.drugbank.ca/drugs/DB08750"
"264","[PHENYLALANINYL-PROLINYL]-[2-(PYRIDIN-4-YLAMINO)-ETHYL]-AMINE (DB08422)","0.8899","http://www.drugbank.ca/drugs/DB08422"
"265","6-[N-(1-Isopropyl-1,2,3,4-Tetrahydro-7-Isoquinolinyl)Carbamyl]-2-Naphthalenecarboxamidine (DB02705)","0.8897","http://www.drugbank.ca/drugs/DB02705"
"266","Trovafloxacin (DB00685)","0.8890","http://www.drugbank.ca/drugs/DB00685"
"267","RPR128515 (DB04424)","0.8885","http://www.drugbank.ca/drugs/DB04424"
"268","Bepotastine (DB04890)","0.8883","http://www.drugbank.ca/drugs/DB04890"
"269","Amperozide (DB08927)","0.8881","http://www.drugbank.ca/drugs/DB08927"
"270","2-{[(6-OXO-1,6-DIHYDROPYRIDIN-3-YL)METHYL]AMINO}-N-[4-PROPYL-3-(TRIFLUOROMETHYL)PHENYL]BENZAMIDE (DB07831)","0.8881","http://www.drugbank.ca/drugs/DB07831"
"271","Irbesartan (DB01029)","0.8880","http://www.drugbank.ca/drugs/DB01029"
"272","1-(2-Fluorobenzyl)-3-Butyl-8-(N-Acetyl-4-Aminobenzyl)-Xanthine (DB02008)","0.8875","http://www.drugbank.ca/drugs/DB02008"
"273","(2s)-2-[(2,4-Dichloro-Benzoyl)-(3-Trifluoromethyl-Benzyl)-Amino]-3-Phenyl-Propionic Acid (DB03605)","0.8871","http://www.drugbank.ca/drugs/DB03605"
"274","Pipotiazine (DB01621)","0.8869","http://www.drugbank.ca/drugs/DB01621"
"275","2-{4-[4-({4-[2-methyl-1-(1-methylethyl)-1H-imidazol-5-yl]pyrimidin-2-yl}amino)phenyl]piperazin-1-yl}-2-oxoethanol (DB07982)","0.8868","http://www.drugbank.ca/drugs/DB07982"
"276","4-(BENZHYDRYLOXY)-1-[3-(1H-TETRAAZOL-5-YL)PROPYL]PIPERIDINE (DB07917)","0.8867","http://www.drugbank.ca/drugs/DB07917"
"277","D-phenylalanyl-N-(3-methylbenzyl)-L-prolinamide (DB07133)","0.8863","http://www.drugbank.ca/drugs/DB07133"
"278","6-[N-(4-Ethyl-1,2,3,4-Tetrahydro-6-Isoquinolinyl)Carbamyl]-2-Naphthalenecarboxamidine (DB02551)","0.8859","http://www.drugbank.ca/drugs/DB02551"
"279","N-(4-{[(3S)-3-(dimethylamino)pyrrolidin-1-yl]carbonyl}phenyl)-5-fluoro-4-[2-methyl-1-(1-methylethyl)-1H-imidazol-5-yl]pyrimidin-2-amine (DB07936)","0.8858","http://www.drugbank.ca/drugs/DB07936"
"280","N'-(3-CHLORO-4-METHOXY-PHENYL)-N-(3,4,5-TRIMETHOXYPHENYL)-1,3,5-TRIAZINE-2,4-DIAMINE (DB07251)","0.8858","http://www.drugbank.ca/drugs/DB07251"
"281","(10S)-10-Formyl-5,8,10-Trideazafolic Acid (DB02540)","0.8857","http://www.drugbank.ca/drugs/DB02540"
"282","Avanafil (DB06237)","0.8855","http://www.drugbank.ca/drugs/DB06237"
"283","N-{(3S,4S)-4-[(6-AMINO-4-METHYLPYRIDIN-2-YL)METHYL]PYRROLIDIN-3-YL}-N'-(4-CHLOROBENZYL)ETHANE-1,2-DIAMINE (DB08018)","0.8855","http://www.drugbank.ca/drugs/DB08018"
"284","N-{(3R,4S)-4-[(6-amino-4-methylpyridin-2-yl)methyl]pyrrolidin-3-yl}-N'-(3-chlorobenzyl)ethane-1,2-diamine (DB08019)","0.8855","http://www.drugbank.ca/drugs/DB08019"
"285","N-(4-carbamimidoylbenzyl)-1-(3-phenylpropanoyl)-L-prolinamide (DB06942)","0.8854","http://www.drugbank.ca/drugs/DB06942"
"286","N'-(5-CHLORO-1,3-BENZODIOXOL-4-YL)-N-(3,4,5- TRIMETHOXYPHENYL)PYRIMIDINE-2,4-DIAMINE (DB07250)","0.8854","http://www.drugbank.ca/drugs/DB07250"
"287","8-bromo-4-(2-chlorophenyl)-N-(2-hydroxyethyl)-6-methyl-1,3-dioxo-1,2,3,6-tetrahydropyrrolo[3,4-e]indole-7-carboxamide (DB08365)","0.8852","http://www.drugbank.ca/drugs/DB08365"
"288","Eltrombopag (DB06210)","0.8851","http://www.drugbank.ca/drugs/DB06210"
"289","[4-R-(4-ALPHA,6-BETA,7-BETA]-HEXAHYDRO-5,6-DI(HYDROXY)-1,3-DI(ALLYL)-4,7-BISPHENYLMETHYL)-2H-1,3-DIAZEPINONE (DB06910)","0.8851","http://www.drugbank.ca/drugs/DB06910"
"290","Glyburide (DB01016)","0.8851","http://www.drugbank.ca/drugs/DB01016"
"291","Buclizine (DB00354)","0.8849","http://www.drugbank.ca/drugs/DB00354"
"292","Dimenhydrinate (DB00985)","0.8847","http://www.drugbank.ca/drugs/DB00985"
"293","(2S)-4-(2,5-DIFLUOROPHENYL)-N-METHYL-2-PHENYL-N-PIPERIDIN-4-YL-2,5-DIHYDRO-1H-PYRROLE-1-CARBOXAMIDE (DB08239)","0.8847","http://www.drugbank.ca/drugs/DB08239"
"294","1-{3-[(4-pyridin-2-ylpiperazin-1-yl)sulfonyl]phenyl}-3-(1,3-thiazol-2-yl)urea (DB07817)","0.8844","http://www.drugbank.ca/drugs/DB07817"
"295","Cyclopropyl-{4-[5-(3,4-Dichlorophenyl)-2-[(1-Methyl)-Piperidin]-4-Yl-3-Propyl-3h-Imidazol-4-Yl]-Pyrimidin-2-Yl}Amine (DB03084)","0.8844","http://www.drugbank.ca/drugs/DB03084"
"296","Piboserod (DB04873)","0.8844","http://www.drugbank.ca/drugs/DB04873"
"297","N~2~-1,3-BENZOXAZOL-2-YL-3-CYCLOHEXYL-N-{2-[(4-METHOXYPHENYL)AMINO]ETHYL}-L-ALANINAMIDE (DB07839)","0.8842","http://www.drugbank.ca/drugs/DB07839"
"298","ZK-805623 (DB04432)","0.8834","http://www.drugbank.ca/drugs/DB04432"
"299","(2R,4S)-2-[(R)-BENZYLCARBAMOYL-PHENYLACETYL-METHYL]-5,5-DIMETHYL-THIAZOLIDINE-4-CARBOXYLIC ACID (DB07806)","0.8833","http://www.drugbank.ca/drugs/DB07806"
"300","Dolutegravir (DB08930)","0.8822","http://www.drugbank.ca/drugs/DB08930"
"301","5-cyclopropyl-2-(4-fluorophenyl)-6-[(2-hydroxyethyl)(methylsulfonyl)amino]-N-methyl-1-benzofuran-3-carboxamide (DB07238)","0.8822","http://www.drugbank.ca/drugs/DB07238"
"302","4-[[(1E)-2-(4-CHLOROPHENYL)ETHENYL]SULFONYL]-1-[[1-(4-PYRIDINYL)-4-PIPERIDINYL]METHYL]PIPERAZINONE (DB08745)","0.8822","http://www.drugbank.ca/drugs/DB08745"
"303","Halofantrine (DB01218)","0.8814","http://www.drugbank.ca/drugs/DB01218"
"304","1-CYCLOHEXYL-N-{[1-(4-METHYLPHENYL)-1H-INDOL-3-YL]METHYL}METHANAMINE (DB06833)","0.8810","http://www.drugbank.ca/drugs/DB06833"
"305","Flucloxacillin (DB00301)","0.8809","http://www.drugbank.ca/drugs/DB00301"
"306","N-({(2S)-1-[(3R)-3-amino-4-(3-chlorophenyl)butanoyl]pyrrolidin-2-yl}methyl)-3-(methylsulfonyl)benzamide (DB08429)","0.8807","http://www.drugbank.ca/drugs/DB08429"
"307","D-phenylalanyl-N-{4-[amino(iminio)methyl]benzyl}-L-prolinamide (DB07005)","0.8807","http://www.drugbank.ca/drugs/DB07005"
"308","1-[[(1E)-2-(4-CHLOROPHENYL)ETHENYL]SULFONYL]-4-[[1-(4-PYRIDINYL)-4-PIPERIDINYL]METHYL]PIPERAZINE (DB08746)","0.8789","http://www.drugbank.ca/drugs/DB08746"
"309","Licofelone (DB04725)","0.8785","http://www.drugbank.ca/drugs/DB04725"
"310","1-[1'-(3-phenylacryloyl)spiro[1-benzofuran-3,4'-piperidin]-5-yl]methanamine (DB06849)","0.8782","http://www.drugbank.ca/drugs/DB06849"
"311","4-[(2-{4-[(CYCLOPROPYLCARBAMOYL)AMINO]-1H-PYRAZOL-3-YL}-1H-BENZIMIDAZOL-6-YL)METHYL]MORPHOLIN-4-IUM (DB08067)","0.8779","http://www.drugbank.ca/drugs/DB08067"
"312","N1-(1-Dimethylcarbamoyl-2-Phenyl-Ethyl)-2-Oxo-N4-(2-Pyridin-2-Yl-Ethyl)-Succinamide (DB02140)","0.8777","http://www.drugbank.ca/drugs/DB02140"
"313","Haloperidol (DB00502)","0.8777","http://www.drugbank.ca/drugs/DB00502"
"314","(2S)-1-{[5-(1H-INDAZOL-5-YL)PYRIDIN-3-YL]OXY}-3-[(7AS)-7AH-INDOL-3-YL]PROPAN-2-AMINE (DB06977)","0.8774","http://www.drugbank.ca/drugs/DB06977"
"315","2-(6-CHLORO-3-{[2,2-DIFLUORO-2-(1-OXIDO-2-PYRIDINYL)ETHYL]AMINO}-2-OXO-1(2H)-PYRAZINYL)-N-[(2-FLUOROPHENYL)METHYL]ACETAMIDE (DB07550)","0.8774","http://www.drugbank.ca/drugs/DB07550"
"316","2-{2-[(3,5-dimethylphenyl)amino]pyrimidin-4-yl}-N-[(1S)-2-hydroxy-1-methylethyl]-4-methyl-1,3-thiazole-5-carboxamide (DB07194)","0.8771","http://www.drugbank.ca/drugs/DB07194"
"317","TC-5619 (DB06090)","0.8771","http://www.drugbank.ca/drugs/DB06090"
"318","Benzethidine (DB01518)","0.8769","http://www.drugbank.ca/drugs/DB01518"
"319","Udenafil (DB06267)","0.8766","http://www.drugbank.ca/drugs/DB06267"
"320","Dextromoramide (DB01529)","0.8766","http://www.drugbank.ca/drugs/DB01529"
"321","N-(1-Carboxy-3-Phenylpropyl)Phenylalanyl-Alpha-Asparagine (DB02307)","0.8765","http://www.drugbank.ca/drugs/DB02307"
"322","N-{(1S,2R)-2-hydroxy-1-[(hydroxyamino)carbonyl]propyl}-4-{[4-(morpholin-4-ylmethyl)phenyl]ethynyl}benzamide (DB07536)","0.8763","http://www.drugbank.ca/drugs/DB07536"
"323","Moxifloxacin (DB00218)","0.8753","http://www.drugbank.ca/drugs/DB00218"
"324","6-[N-(1-Isopropyl-3,4-Dihydro-7-Isoquinolinyl)Carbamyl]-2-Naphthalenecarboxamidine (DB02473)","0.8750","http://www.drugbank.ca/drugs/DB02473"
"325","(1-Tert-Butyl-5-Hydroxy-1h-Pyrazol-4-Yl)-(6-Methanesulfonyl-4'-Methoxy-2-Methyl-Biphenyl-3-Yl)-Methanone (DB02850)","0.8750","http://www.drugbank.ca/drugs/DB02850"
"326","Pitavastatin (DB08860)","0.8746","http://www.drugbank.ca/drugs/DB08860"
"327","5-[(2-methyl-5-{[3-(trifluoromethyl)phenyl]carbamoyl}phenyl)amino]pyridine-3-carboxamide (DB07970)","0.8741","http://www.drugbank.ca/drugs/DB07970"
"328","[4-(3-AMINOMETHYL-PHENYL)-PIPERIDIN-1-YL]-(5-PHENETHYL- PYRIDIN-3-YL)-METHANONE (DB04764)","0.8740","http://www.drugbank.ca/drugs/DB04764"
"329","(METHYLPYRIDAZINE PIPERIDINE ETHYLOXYPHENYL)ETHYLACETATE (DB08012)","0.8739","http://www.drugbank.ca/drugs/DB08012"
"330","Anileridine (DB00913)","0.8732","http://www.drugbank.ca/drugs/DB00913"
"331","Vardenafil (DB00862)","0.8721","http://www.drugbank.ca/drugs/DB00862"
"332","(5-(aminomethyl)-2H-spiro[benzofuran-3,4'-piperidine]-1'-yl)(5-(phenylethynyl)furan-2-yl)methanone (DB06962)","0.8718","http://www.drugbank.ca/drugs/DB06962"
"333","OPC-28326 (DB05461)","0.8713","http://www.drugbank.ca/drugs/DB05461"
"334","Nicergoline (DB00699)","0.8711","http://www.drugbank.ca/drugs/DB00699"
"335","1-{[1-(2-AMINO-3-PHENYL-PROPIONYL)-PYRROLIDINE-2-CARBONYL]-AMINO}-2-(3-CYANO-PHENYL)-ETHANEBORONIC ACID (DB08420)","0.8709","http://www.drugbank.ca/drugs/DB08420"
"336","(4R)-N-[4-({[2-(DIMETHYLAMINO)ETHYL]AMINO}CARBONYL)-1,3-THIAZOL-2-YL]-4-METHYL-1-OXO-2,3,4,9-TETRAHYDRO-1H-BETA-CARBOLINE-6-CARBOXAMIDE (DB07406)","0.8704","http://www.drugbank.ca/drugs/DB07406"
"337","(R)-N-[2-[1-(Aminoiminomethyl)-3-Piperidinyl]-1-Oxoethyl]-4-(Phenylethynyl)-L-Phenylalanine Methylester (DB03453)","0.8684","http://www.drugbank.ca/drugs/DB03453"
"338","N~3~-cyclopropyl-N~4~'-(cyclopropylmethyl)-6-methylbiphenyl-3,4'-dicarboxamide (DB07835)","0.8682","http://www.drugbank.ca/drugs/DB07835"
"339","Almitrine (DB01430)","0.8675","http://www.drugbank.ca/drugs/DB01430"
"340","(5S)-5-(3-AMINOPROPYL)-3-(2,5-DIFLUOROPHENYL)-N-ETHYL-5-PHENYL-4,5-DIHYDRO-1H-PYRAZOLE-1-CARBOXAMIDE (DB08250)","0.8664","http://www.drugbank.ca/drugs/DB08250"
"341","(5E,7S)-2-amino-7-(4-fluoro-2-pyridin-3-ylphenyl)-4-methyl-7,8-dihydroquinazolin-5(6H)-one oxime (DB08197)","0.8662","http://www.drugbank.ca/drugs/DB08197"
"342","Loperamide (DB00836)","0.8659","http://www.drugbank.ca/drugs/DB00836"
"343","beta-phenyl-D-phenylalanyl-N-propyl-L-prolinamide (DB07083)","0.8655","http://www.drugbank.ca/drugs/DB07083"
"344","Chlorotrianisene (DB00269)","0.8655","http://www.drugbank.ca/drugs/DB00269"
"345","N-({(3R,4R)-4-[(benzyloxy)methyl]pyrrolidin-3-yl}methyl)-N-(2-methylpropyl)benzenesulfonamide (DB07505)","0.8653","http://www.drugbank.ca/drugs/DB07505"
"346","1-{7-cyclohexyl-6-[4-(4-methylpiperazin-1-yl)benzyl]-7H-pyrrolo[2,3-d]pyrimidin-2-yl}methanamine (DB07563)","0.8650","http://www.drugbank.ca/drugs/DB07563"
"347","(11R)-10-acetyl-11-(2,4-dichlorophenyl)-6-hydroxy-3,3-dimethyl-2,3,4,5,10,11-hexahydro-1H-dibenzo[b,e][1,4]diazepin-1-one (DB08747)","0.8647","http://www.drugbank.ca/drugs/DB08747"
"348","Benzofuran-2-Carboxylic Acid {(S)-3-Methyl-1-[3-Oxo-1-(Pyridin-2-Ylsulfonyl)Azepan-4-Ylcarbamoyl]Butyl}Amide (DB03642)","0.8645","http://www.drugbank.ca/drugs/DB03642"
"349","Indacaterol (DB05039)","0.8642","http://www.drugbank.ca/drugs/DB05039"
"350","Clidinium (DB00771)","0.8640","http://www.drugbank.ca/drugs/DB00771"
"351","1-[2-HYDROXY-3-(4-CYCLOHEXYL-PHENOXY)-PROPYL]-4-(2-PYRIDYL)-PIPERAZINE (DB08543)","0.8637","http://www.drugbank.ca/drugs/DB08543"
"352","Dioxaphetyl butyrate (DB01475)","0.8630","http://www.drugbank.ca/drugs/DB01475"
"353","Nebivolol (DB04861)","0.8630","http://www.drugbank.ca/drugs/DB04861"
"354","(4R,5R)-5-AMINO-1-[2-(1,3-BENZODIOXOL-5-YL)ETHYL]-4-(2,4,5-TRIFLUOROPHENYL)PIPERIDIN-2-ONE (DB07830)","0.8627","http://www.drugbank.ca/drugs/DB07830"
"355","Fesoterodine (DB06702)","0.8619","http://www.drugbank.ca/drugs/DB06702"
"356","PYRIMIDINE-4,6-DICARBOXYLIC ACID BIS-(4-FLUORO-3-METHYL-BENZYLAMIDE) (DB04760)","0.8616","http://www.drugbank.ca/drugs/DB04760"
"357","PYRIMIDINE-4,6-DICARBOXYLIC ACID BIS-(3-METHYL-BENZYLAMIDE) (DB04759)","0.8615","http://www.drugbank.ca/drugs/DB04759"
"358","Trimethaphan (DB01116)","0.8611","http://www.drugbank.ca/drugs/DB01116"
"359","N-(2-METHOXYETHYL)-4-({4-[2-METHYL-1-(1-METHYLETHYL)-1H-IMIDAZOL-5-YL]PYRIMIDIN-2-YL}AMINO)BENZENESULFONAMIDE (DB07790)","0.8604","http://www.drugbank.ca/drugs/DB07790"
"360","Ivacaftor (DB08820)","0.8591","http://www.drugbank.ca/drugs/DB08820"
"361","Darusentan (DB04883)","0.8590","http://www.drugbank.ca/drugs/DB04883"
"362","2-(4-(AMINOMETHYL)PIPERIDIN-1-YL)-N-(3_CYCLOHEXYL-4-OXO-2,4-DIHYDROINDENO[1,2-C]PYRAZOL-5-YL)ACETAMIDE (DB07618)","0.8588","http://www.drugbank.ca/drugs/DB07618"
"363","2-{4-[2-(2-AMINO-4-OXO-4,7-DIHYDRO-3H-PYRROLO[2,3-D]PYRIMIDIN-5-YL)-ETHYL]-BENZOYLAMINO}-3-METHYL-BUTYRIC ACID (DB08131)","0.8587","http://www.drugbank.ca/drugs/DB08131"
"364","1-[4-(4-chlorobenzyl)-1-(7H-pyrrolo[2,3-d]pyrimidin-4-yl)piperidin-4-yl]methanamine (DB08149)","0.8583","http://www.drugbank.ca/drugs/DB08149"
"365","Methyl-[4-(4-Piperidine-1-Ylmethyl-Phenyl)-Cyclohexyl]-Carbaminic Acid-(4-Chlorophenyl)-Ester (DB03748)","0.8554","http://www.drugbank.ca/drugs/DB03748"
"366","Rosuvastatin (DB01098)","0.8554","http://www.drugbank.ca/drugs/DB01098"
"367","5-(3,5-DICHLOROPHENYL)THIO-4-ISOPROPYL-1-(PYRIDIN-4-YL-METHYL)-1H-IMIDAZOL-2-YL-METHYL CARBAMATE (DB08502)","0.8554","http://www.drugbank.ca/drugs/DB08502"
"368","(METHYLPYRIDAZINE PIPERIDINE PROPYLOXYPHENYL)ETHYLACETATE (DB08013)","0.8536","http://www.drugbank.ca/drugs/DB08013"
"369","2-butoxy-9-(2,6-difluorobenzyl)-N-(2-morpholin-4-ylethyl)-9H-purin-6-amine (DB07937)","0.8528","http://www.drugbank.ca/drugs/DB07937"
"370","Dasatinib (DB01254)","0.8519","http://www.drugbank.ca/drugs/DB01254"
"371","Darifenacin (DB00496)","0.8515","http://www.drugbank.ca/drugs/DB00496"
"372","OLOMOUCINE II (DB04662)","0.8511","http://www.drugbank.ca/drugs/DB04662"
"373","Methotrexate (DB00563)","0.8504","http://www.drugbank.ca/drugs/DB00563"
"374","N-ethyl-4-{[5-(methoxycarbamoyl)-2-methylphenyl]amino}-5-methylpyrrolo[2,1-f][1,2,4]triazine-6-carboxamide (DB06940)","0.8503","http://www.drugbank.ca/drugs/DB06940"
"375","METHYL 1-(4-{[(2,4-DIAMINOPTERIDIN-6-YL)METHYL]AMINO}BENZOYL)PIPERIDINE-4-CARBOXYLATE (DB07689)","0.8496","http://www.drugbank.ca/drugs/DB07689"
"376","METHYL 1-(4-{[(2,4-DIAMINOPTERIDIN-6-YL)METHYL](METHYL)AMINO}BENZOYL)PIPERIDINE-4-CARBOXYLATE (DB07765)","0.8492","http://www.drugbank.ca/drugs/DB07765"
"377","Salmeterol (DB00938)","0.8486","http://www.drugbank.ca/drugs/DB00938"
"378","Methysergide (DB00247)","0.8472","http://www.drugbank.ca/drugs/DB00247"
"379","Purvalanol A (DB04751)","0.8471","http://www.drugbank.ca/drugs/DB04751"
"380","N6-METHYL-(R)-ROSCOVITINE, R-2-[6-(BENZYL-METHYL-AMINO)-9-ISOPROPYL-9H-PURIN-2-YLAMINO]-BUTAN-1-OL (DB04776)","0.8470","http://www.drugbank.ca/drugs/DB04776"
"381","Loratadine (DB00455)","0.8462","http://www.drugbank.ca/drugs/DB00455"
"382","N-[2-(1,3-BENZODIOXOL-5-YL)ETHYL]-1-[2-(1H-IMIDAZOL-1-YL)-6-METHYLPYRIMIDIN-4-YL]-D-PROLINAMIDE (DB06916)","0.8461","http://www.drugbank.ca/drugs/DB06916"
"383","PUROMYCIN (DB08437)","0.8459","http://www.drugbank.ca/drugs/DB08437"
"384","N-{3-[(7ar,12as,12bs)-7-Oxo-1,3,4,6,7,7a,12a,12b-Octahydroindolo[2,3-a]Quinolizin-12(2h)-Yl]Propyl}Propane-2-Sulfonamide (DB01967)","0.8451","http://www.drugbank.ca/drugs/DB01967"
"385","4-(4-CHLORO-PHENYL)-1-{3-[2-(4-FLUORO-PHENYL)-[1,3]DITHIOLAN-2-YL]-PROPYL}-PIPERIDIN-4-OL (DB08622)","0.8449","http://www.drugbank.ca/drugs/DB08622"
"386","(2S)-2-({6-[(3-AMINO-5-CHLOROPHENYL)AMINO]-9-ISOPROPYL-9H-PURIN-2-YL}AMINO)-3-METHYLBUTAN-1-OL (DB07379)","0.8437","http://www.drugbank.ca/drugs/DB07379"
"387","Isopropamide (DB01625)","0.8434","http://www.drugbank.ca/drugs/DB01625"
"388","methyl (1R,2S)-2-(hydroxycarbamoyl)-1-{4-[(2-methylquinolin-4-yl)methoxy]benzyl}cyclopropanecarboxylate (DB07147)","0.8430","http://www.drugbank.ca/drugs/DB07147"
"389","O6-(R)-ROSCOVITINE, R-2-(6-BENZYLOXY-9-ISOPROPYL-9H-PURIN-2-YLAMINO)-BUTAN-1-OL (DB04770)","0.8423","http://www.drugbank.ca/drugs/DB04770"
"390","Sufentanil (DB00708)","0.8412","http://www.drugbank.ca/drugs/DB00708"
"391","Atovaquone (DB01117)","0.8400","http://www.drugbank.ca/drugs/DB01117"
"392","Purvalanol (DB02733)","0.8398","http://www.drugbank.ca/drugs/DB02733"
"393","N~6~-cyclohexyl-N~2~-(4-morpholin-4-ylphenyl)-9H-purine-2,6-diamine (DB07340)","0.8388","http://www.drugbank.ca/drugs/DB07340"
"394","Cyclohexyl-{4-[5-(3,4-Dichlorophenyl)-2-Piperidin-4-Yl-3-Propyl-3h-Imidazol-4-Yl]-Pyrimidin-2-Yl}Amine (DB02388)","0.8384","http://www.drugbank.ca/drugs/DB02388"
"395","Doxapram (DB00561)","0.8378","http://www.drugbank.ca/drugs/DB00561"
"396","N-butyl-3-{[6-(9H-purin-6-ylamino)hexanoyl]amino}benzamide (DB07801)","0.8354","http://www.drugbank.ca/drugs/DB07801"
"397","Canagliflozin (DB08907)","0.8342","http://www.drugbank.ca/drugs/DB08907"
"398","Sunitinib (DB01268)","0.8341","http://www.drugbank.ca/drugs/DB01268"
"399","5-[(E)-(5-CHLORO-2-OXO-1,2-DIHYDRO-3H-INDOL-3-YLIDENE)METHYL]-N-[2-(DIETHYLAMINO)ETHYL]-2,4-DIMETHYL-1H-PYRROLE-3-CARBOXAMIDE (DB08009)","0.8341","http://www.drugbank.ca/drugs/DB08009"
"400","(6S)-1-chloro-3-[(4-fluorobenzyl)oxy]-6-(pyrrolidin-1-ylcarbonyl)pyrrolo[1,2-a]pyrazin-4(6H)-one (DB07148)","0.8331","http://www.drugbank.ca/drugs/DB07148"
"401","(METHYLPYRIDAZINE PIPERIDINE BUTYLOXYPHENYL)ETHYLACETATE (DB08014)","0.8327","http://www.drugbank.ca/drugs/DB08014"
"402","9-Butyl-8-(2,5-Dimethoxy-Benzyl)-2-Fluoro-9h-Purin-6-Ylamine (DB04054)","0.8308","http://www.drugbank.ca/drugs/DB04054"
"403","2,5-bis-o-{3-[amino(imino)methyl]phenyl}-1,4:3,6-dianhydro-d-glucitol (DB04790)","0.8297","http://www.drugbank.ca/drugs/DB04790"
"404","2-O-(4'-AMIDINOPHENYL)-5-O-(3''-AMIDINOPHENYL)-1,4:3,6-DIANHYDRO-D-SORBITOL (DB04791)","0.8297","http://www.drugbank.ca/drugs/DB04791"
"405","2,5-O,O-BIS-{4',4''-AMIDINOPHENYL}-1,4:3,6-DIANHYDRO-D-SORBITOL (DB04792)","0.8297","http://www.drugbank.ca/drugs/DB04792"
"406","2-O-(3'-AMIDINOPHENYL)-5-O-(4''-AMIDINOPHENYL}-1,4:3,6-DIANHYDRO-D-SORBITOL (DB04793)","0.8297","http://www.drugbank.ca/drugs/DB04793"
"407","8-(2,5-Dimethoxy-Benzyl)-2-Fluoro-9-Pent-9h-Purin-6-Ylamine (DB03137)","0.8294","http://www.drugbank.ca/drugs/DB03137"
"408","Levomethadyl Acetate (DB01227)","0.8292","http://www.drugbank.ca/drugs/DB01227"
"409","Methadyl Acetate (DB01433)","0.8292","http://www.drugbank.ca/drugs/DB01433"
"410","Betacetylmethadol (DB01522)","0.8292","http://www.drugbank.ca/drugs/DB01522"
"411","Alphacetylmethadol (DB01555)","0.8292","http://www.drugbank.ca/drugs/DB01555"
"412","Donepezil (DB00843)","0.8291","http://www.drugbank.ca/drugs/DB00843"
"413","1-BENZYL-4-[(5,6-DIMETHOXY-1-INDANON-2-YL)METHYL]PIPERIDINE (DB07701)","0.8291","http://www.drugbank.ca/drugs/DB07701"
"414","Zanapezil (DB04859)","0.8285","http://www.drugbank.ca/drugs/DB04859"
"415","8-Benzo[1,3]Dioxol-,5-Ylmethyl-9-Butyl-2-Fluoro-9h-Purin-6-Ylamine (DB04254)","0.8283","http://www.drugbank.ca/drugs/DB04254"
"416","6-CARBAMIMIDOYL-2-[2-HYDROXY-5-(3-METHOXY-PHENYL)-INDAN-1-YL]-HEXANOIC ACID (DB06866)","0.8283","http://www.drugbank.ca/drugs/DB06866"
"417","Cerivastatin (DB00439)","0.8282","http://www.drugbank.ca/drugs/DB00439"
"418","Diphenoxylate (DB01081)","0.8278","http://www.drugbank.ca/drugs/DB01081"
"419","CF-101 (DB05511)","0.8262","http://www.drugbank.ca/drugs/DB05511"
"420","Gemifloxacin (DB01155)","0.8257","http://www.drugbank.ca/drugs/DB01155"
"421","9-Butyl-8-(2-Chloro-3,4,5-Trimethoxy-Benzyl)-9h-Purin-6-Ylamine (DB03504)","0.8246","http://www.drugbank.ca/drugs/DB03504"
"422","8-(2-Chloro-3,4,5-Trimethoxy-Benzyl)-9-Pent-4-Ylnyl-9h-Purin-6-Ylamine (DB04505)","0.8235","http://www.drugbank.ca/drugs/DB04505"
"423","Tofisopam (DB08811)","0.8234","http://www.drugbank.ca/drugs/DB08811"
"424","Aclidinium (DB08897)","0.8232","http://www.drugbank.ca/drugs/DB08897"
"425","Difenoxin (DB01501)","0.8229","http://www.drugbank.ca/drugs/DB01501"
"426","(3-EXO)-3-(10,11-DIHYDRO-5H-DIBENZO[A,D][7]ANNULEN-5-YLOXY)-8,8-DIMETHYL-8-AZONIABICYCLO[3.2.1]OCTANE (DB07494)","0.8229","http://www.drugbank.ca/drugs/DB07494"
"427","9-Butyl-8-(3,4,5-Trimethoxybenzyl)-9h-Purin-6-Amine (DB02754)","0.8224","http://www.drugbank.ca/drugs/DB02754"
"428","6-CARBAMIMIDOYL-2-[2-HYDROXY-6-(4-HYDROXY-PHENYL)-INDAN-1-YL]-HEXANOIC ACID (DB06865)","0.8215","http://www.drugbank.ca/drugs/DB06865"
"429","8-(2-Chloro-3,4,5-Trimethoxy-Benzyl)-2-Fluoro-9-Pent-4-Ylnyl-9h-Purin-6-Ylamine (DB02550)","0.8209","http://www.drugbank.ca/drugs/DB02550"
"430","N-{3-[5-(6-Amino-Purin-9-Yl)-3,4-Dihydroxy-Tetrahydro-Furan-2-Yl]-Allyl}-2,3-Dihydroxy-5-Nitro-Benzamide (DB03907)","0.8205","http://www.drugbank.ca/drugs/DB03907"
"431","Raltegravir (DB06817)","0.8204","http://www.drugbank.ca/drugs/DB06817"
"432","ONO-6818 (DB03925)","0.8200","http://www.drugbank.ca/drugs/DB03925"
"433","Amineptine (DB04836)","0.8170","http://www.drugbank.ca/drugs/DB04836"
"434","Paliperidone (DB01267)","0.8169","http://www.drugbank.ca/drugs/DB01267"
"435","Trospium (DB00209)","0.8167","http://www.drugbank.ca/drugs/DB00209"
"436","N'-(6-aminopyridin-3-yl)-N-(2-cyclopentylethyl)-4-methyl-benzene-1,3-dicarboxamide (DB07537)","0.8161","http://www.drugbank.ca/drugs/DB07537"
"437","6-Phenyl-4(R)-(7-Phenyl-Heptanoylamino)-Hexanoic Acid (DB03471)","0.8160","http://www.drugbank.ca/drugs/DB03471"
"438","(3ASR,4RS,8ASR,8BRS)-4-(2-(4-FLUOROBENZYL)-1,3-DIOXODEACAHYDROPYRROLO[3,4-A] PYRROLIZIN-4-YL)BENZAMIDINE (DB07796)","0.8156","http://www.drugbank.ca/drugs/DB07796"
"439","N-[4-(1-BENZOYLPIPERIDIN-4-YL)BUTYL]-3-PYRIDIN-3-YLPROPANAMIDE (DB07656)","0.8137","http://www.drugbank.ca/drugs/DB07656"
"440","(4aS)-5-[(2,4-diaminopteridin-6-yl)methyl]-4a,5-dihydro-2H-dibenzo[b,f]azepin-8-ol (DB08448)","0.8129","http://www.drugbank.ca/drugs/DB08448"
"441","4-[5-(Trans-4-Aminocyclohexylamino)-3-Isopropylpyrazolo[1,5-a]Pyrimidin-7-Ylamino]-N,N-Dimethylbenzenesulfonamide (DB01888)","0.8126","http://www.drugbank.ca/drugs/DB01888"
"442","Alvimopan (DB06274)","0.8106","http://www.drugbank.ca/drugs/DB06274"
"443","Aprepitant (DB00673)","0.8090","http://www.drugbank.ca/drugs/DB00673"
"444","1-(5-OXO-2,3,5,9B-TETRAHYDRO-1H-PYRROLO[2,1-A]ISOINDOL-9-YL)-3-(5-PYRROLIDIN-2-YL-1H-PYRAZOL-3-YL)-UREA (DB06976)","0.8066","http://www.drugbank.ca/drugs/DB06976"
"445","(5r)-6-(4-{[2-(3-Iodobenzyl)-3-Oxocyclohex-1-En-1-Yl]Amino}Phenyl)-5-Methyl-4,5-Dihydropyridazin-3(2h)-One (DB01640)","0.8063","http://www.drugbank.ca/drugs/DB01640"
"446","4-[(3AS,4R,7R,8AS,8BR)-2-(1,3-BENZODIOXOL-5-YLMETHYL)-7-HYDROXY-1,3-DIOXODECAHYDROPYRROLO[3,4-A]PYRROLIZIN-4-YL]BENZENECARBOXIMIDAMIDE (DB08546)","0.8055","http://www.drugbank.ca/drugs/DB08546"
"447","Mibefradil (DB01388)","0.8045","http://www.drugbank.ca/drugs/DB01388"
"448","1-Allyl-3-Butyl-8-(N-Acetyl-4-Aminobenzyl)-Xanthine (DB03267)","0.8031","http://www.drugbank.ca/drugs/DB03267"
"449","N-(TERT-BUTYL)-3,5-DIMETHYL-N'-[(5-METHYL-2,3-DIHYDRO-1,4-BENZODIOXIN-6-YL)CARBONYL]BENZOHYDRAZIDE (DB07929)","0.8001","http://www.drugbank.ca/drugs/DB07929"
"450","(11S)-8-CHLORO-11-[1-(METHYLSULFONYL)PIPERIDIN-4-YL]-6-PIPERAZIN-1-YL-11H-BENZO[5,6]CYCLOHEPTA[1,2-B]PYRIDINE (DB07216)","0.7998","http://www.drugbank.ca/drugs/DB07216"
"451","6-CYCLOHEXYLMETHYLOXY-2-(4'-HYDROXYANILINO)PURINE (DB08233)","0.7975","http://www.drugbank.ca/drugs/DB08233"
"452","(2R,3R,4S,5R)-2-[6-amino-8-[(3,4-dichlorophenyl)methylamino]purin-9-yl]-5-(hydroxymethyl)oxolane-3,4-diol (DB07045)","0.7964","http://www.drugbank.ca/drugs/DB07045"
"453","6-CYCLOHEXYLMETHOXY-2-(3'-CHLOROANILINO) PURINE (DB07203)","0.7939","http://www.drugbank.ca/drugs/DB07203"
"454","BMS184394 (DB03466)","0.7938","http://www.drugbank.ca/drugs/DB03466"
"455","Brodimoprim-4,6-Dicarboxylate (DB02809)","0.7936","http://www.drugbank.ca/drugs/DB02809"
"456","SR11254 (DB02258)","0.7933","http://www.drugbank.ca/drugs/DB02258"
"457","CD564 (DB02741)","0.7920","http://www.drugbank.ca/drugs/DB02741"
"458","4-(6-CYCLOHEXYLMETHOXY-9H-PURIN-2-YLAMINO)--BENZAMIDE (DB08241)","0.7898","http://www.drugbank.ca/drugs/DB08241"
"459","2-(6-CHLORO-3-{[2,2-DIFLUORO-2-(2-PYRIDINYL)ETHYL]AMINO}-2-OXO-1(2H)-PYRAZINYL)-N-[(2-FLUORO-6-PYRIDINYL)METHYL]ACETAMIDE (DB07548)","0.7888","http://www.drugbank.ca/drugs/DB07548"
"460","5-[[(2R)-2-cyclopropyl-7,8-dimethoxy-2H-chromen-5-yl]methyl]pyrimidine-2,4-diamine (DB08741)","0.7883","http://www.drugbank.ca/drugs/DB08741"
"461","LY249543 (DB04322)","0.7871","http://www.drugbank.ca/drugs/DB04322"
"462","Eprosartan (DB00876)","0.7833","http://www.drugbank.ca/drugs/DB00876"
"463","Alfentanil (DB00802)","0.7830","http://www.drugbank.ca/drugs/DB00802"
"464","3-({2-[(4-{[6-(CYCLOHEXYLMETHOXY)-9H-PURIN-2-YL]AMINO}PHENYL)SULFONYL]ETHYL}AMINO)PROPAN-1-OL (DB08309)","0.7825","http://www.drugbank.ca/drugs/DB08309"
"465","(1S,2S,5S)2-(4-GLUTARIDYLBENZYL)-5-PHENYL-1-CYCLOHEXANOL (DB07909)","0.7813","http://www.drugbank.ca/drugs/DB07909"
"466","5,10-Dideazatetrahydrofolic Acid (DB03625)","0.7795","http://www.drugbank.ca/drugs/DB03625"
"467","5-(7-(6-CHLORO-4-(5-HYDRO-4-METHYL-2-OXAZOLYL)PHENOXY)HEPTYL)-3-METHYL ISOXAZOLE (DB08722)","0.7783","http://www.drugbank.ca/drugs/DB08722"
"468","2-(6-CHLORO-3-{[2,2-DIFLUORO-2-(2-PYRIDINYL)ETHYL]AMINO}-2-OXO-1(2H)-PYRAZINYL)-N-[(2-FLUORO-3-METHYL-6-PYRIDINYL)METHYL]ACETAMIDE (DB07549)","0.7766","http://www.drugbank.ca/drugs/DB07549"
"469","Glipizide (DB01067)","0.7758","http://www.drugbank.ca/drugs/DB01067"
"470","5-(7-(5-HYDRO-4-METHYL-2-OXAZOLYL)PHENOXY)HEPTYL)-3-METHYL ISOXAZOLE (DB08727)","0.7755","http://www.drugbank.ca/drugs/DB08727"
"471","O6-CYCLOHEXYLMETHOXY-2-(4'-SULPHAMOYLANILINO) PURINE (DB07126)","0.7754","http://www.drugbank.ca/drugs/DB07126"
"472","3-(6-CYCLOHEXYLMETHOXY-9H-PURIN-2-YLAMINO)-BENZENESULFONAMIDE (DB08248)","0.7754","http://www.drugbank.ca/drugs/DB08248"
"473","Pralatrexate (DB06813)","0.7751","http://www.drugbank.ca/drugs/DB06813"
"474","Benzylmorphine (DB01573)","0.7734","http://www.drugbank.ca/drugs/DB01573"
"475","4-{[5-(CYCLOHEXYLMETHOXY)[1,2,4]TRIAZOLO[1,5-A]PYRIMIDIN-7-YL]AMINO}BENZENESULFONAMIDE (DB07685)","0.7726","http://www.drugbank.ca/drugs/DB07685"
"476","2-{4-[(4-imidazo[1,2-a]pyridin-3-ylpyrimidin-2-yl)amino]piperidin-1-yl}-N-methylacetamide (DB08026)","0.7702","http://www.drugbank.ca/drugs/DB08026"
"477","N-[(5R,14R)-5-AMINO-5,14-DIMETHYL-4-OXO-3-OXA-18-AZATRICYCLO[15.3.1.1~7,11~]DOCOSA-1(21),7(22),8,10,17,19-HEXAEN-19-YL]-N-METHYLMETHANESULFONAMIDE (DB07019)","0.7650","http://www.drugbank.ca/drugs/DB07019"
"478","Adapalene (DB00210)","0.7638","http://www.drugbank.ca/drugs/DB00210"
"479","5-(7-(5-HYDRO-4-ETHYL-2-OXAZOLYL)PHENOXY)HEPTYL)-3-METHYL ISOXAZOLE (DB08725)","0.7570","http://www.drugbank.ca/drugs/DB08725"
"480","5-[[(2R)-2-cyclopropyl-7,8-dimethoxy-chroman-5-yl]methyl]pyrimidine-2,4-diamine (DB07938)","0.7554","http://www.drugbank.ca/drugs/DB07938"
"481","7-amino-2-tert-butyl-4-(4-pyrimidin-2-ylpiperazin-1-yl)pyrido[2,3-d]pyrimidine-6-carboxamide (DB07043)","0.7526","http://www.drugbank.ca/drugs/DB07043"
"482","R-3-FLUORO-4-[2-HYDROXY-2-(5,5,8,8-TETRAMETHYL-5,6,7,8,-TETRAHYDRO-NAPHTALEN-2-YL)-ACETYLAMINO]-BENZOIC ACID (DB07031)","0.7502","http://www.drugbank.ca/drugs/DB07031"
"483","3-FLUORO-4-[2-HYDROXY-2-(5,5,8,8-TETRAMETHYL-5,6,7,8,-TETRAHYDRO-NAPHTALEN-2-YL)-ACETYLAMINO]-BENZOIC ACID (DB07294)","0.7502","http://www.drugbank.ca/drugs/DB07294"
"484","Batimastat (DB03880)","0.7438","http://www.drugbank.ca/drugs/DB03880"
"485","2-[Trans-(4-Aminocyclohexyl)Amino]-6-(Benzyl-Amino)-9-Cyclopentylpurine (DB04288)","0.7301","http://www.drugbank.ca/drugs/DB04288"
"486","N-cyclopropyl-N-(trans-4-pyridin-3-ylcyclohexyl)-4-[(1S)-2,2,2-trifluoro-1-hydroxy-1-methylethyl]benzamide (DB07619)","0.7289","http://www.drugbank.ca/drugs/DB07619"
"487","Ticagrelor (DB08816)","0.7246","http://www.drugbank.ca/drugs/DB08816"
"488","Bis-Benzamidine (DB02081)","0.7209","http://www.drugbank.ca/drugs/DB02081"
"489","Yohimbine (DB01392)","0.7156","http://www.drugbank.ca/drugs/DB01392"
"490","(1S,6R)-3-{[3-(TRIFLUOROMETHYL)-5,6-DIHYDRO[1,2,4]TRIAZOLO[4,3-A]PYRAZIN-7(8H)-YL]CARBONYL}-6-(2,4,5-TRIFLUOROPHENYL)CYCLOHEX-3-EN-1-AMINE (DB08044)","0.7044","http://www.drugbank.ca/drugs/DB08044"
"491","Eszopiclone (DB00402)","0.7016","http://www.drugbank.ca/drugs/DB00402"
"492","Zopiclone (DB01198)","0.7016","http://www.drugbank.ca/drugs/DB01198"
"493","Cilostazol (DB01166)","0.6996","http://www.drugbank.ca/drugs/DB01166"
"494","Levocabastine (DB01106)","0.6922","http://www.drugbank.ca/drugs/DB01106"
"495","[1-(4-Fluorobenzyl)Cyclobutyl]Methyl (1s)-1-[Oxo(1h-Pyrazol-5-Ylamino)Acetyl]Pentylcarbamate (DB01858)","0.6753","http://www.drugbank.ca/drugs/DB01858"
"496","(2S,3S)-3-{3-[2-chloro-4-(methylsulfonyl)phenyl]-1,2,4-oxadiazol-5-yl}-1-cyclopentylidene-4-cyclopropyl-1-fluorobutan-2-amine (DB06994)","0.6360","http://www.drugbank.ca/drugs/DB06994"
"497","Cinalukast (DB00587)","0.6182","http://www.drugbank.ca/drugs/DB00587"
"498","6-[1-(3,5,5,8,8-Pentamethyl-5,6,7,8-Tetrahydronaphthalen-2-Yl)Cyclopropyl]Pyridine-3-Carboxylic Acid (DB01941)","0.5608","http://www.drugbank.ca/drugs/DB01941"
"499","(2S,3S)-3-AMINO-4-[(3S)-3-FLUOROPYRROLIDIN-1-YL]-N,N-DIMETHYL-4-OXO-2-(TRANS-4-[1,2,4]TRIAZOLO[1,5-A]PYRIDIN-5-YLCYCLOHEXYL)BUTANAMIDE (DB07135)","0.5413","http://www.drugbank.ca/drugs/DB07135"
"500","KW-3902 (DB05360)","0.3323","http://www.drugbank.ca/drugs/DB05360"
