"","DrugBank Compound (Name, ID)","Similarity to ","Link"
"1","Regorafenib (DB08896)","1.0000","http://www.drugbank.ca/drugs/DB08896"
"2","Sorafenib (DB00398)","0.9973","http://www.drugbank.ca/drugs/DB00398"
"3","1-[4-(PYRIDIN-4-YLOXY)PHENYL]-3-[3-(TRIFLUOROMETHYL)PHENYL]UREA (DB08043)","0.9884","http://www.drugbank.ca/drugs/DB08043"
"4","N-({4-[(2-aminopyridin-4-yl)oxy]-3-fluorophenyl}carbamoyl)-2-(4-fluorophenyl)acetamide (DB06995)","0.9692","http://www.drugbank.ca/drugs/DB06995"
"5","4-[[2-[[4-chloro-3-(trifluoromethyl)phenyl]amino]-3H-benzimidazol-5-yl]oxy]-N-methyl-pyridine-2-carboxamide (DB06938)","0.9652","http://www.drugbank.ca/drugs/DB06938"
"6","(2R)-1-(DIMETHYLAMINO)-3-{4-[(6-{[2-FLUORO-5-(TRIFLUOROMETHYL)PHENYL]AMINO}PYRIMIDIN-4-YL)AMINO]PHENOXY}PROPAN-2-OL (DB07054)","0.9603","http://www.drugbank.ca/drugs/DB07054"
"7","6-chloro-N-pyrimidin-5-yl-3-{[3-(trifluoromethyl)phenyl]amino}-1,2-benzisoxazole-7-carboxamide (DB07326)","0.9595","http://www.drugbank.ca/drugs/DB07326"
"8","2-(4-fluorophenyl)-N-{[3-fluoro-4-(1H-pyrrolo[2,3-b]pyridin-4-yloxy)phenyl]carbamoyl}acetamide (DB06997)","0.9590","http://www.drugbank.ca/drugs/DB06997"
"9","5-[(2-methyl-5-{[3-(trifluoromethyl)phenyl]carbamoyl}phenyl)amino]pyridine-3-carboxamide (DB07970)","0.9559","http://www.drugbank.ca/drugs/DB07970"
"10","1-(2-Amidinophenyl)-3-(Phenoxyphenyl)Urea (DB03337)","0.9551","http://www.drugbank.ca/drugs/DB03337"
"11","N-(M-Trifluoromethylphenyl) Phenoxazine-4,6-Dicarboxylic Acid (DB02698)","0.9528","http://www.drugbank.ca/drugs/DB02698"
"12","2-{[(6-OXO-1,6-DIHYDROPYRIDIN-3-YL)METHYL]AMINO}-N-[4-PROPYL-3-(TRIFLUOROMETHYL)PHENYL]BENZAMIDE (DB07831)","0.9476","http://www.drugbank.ca/drugs/DB07831"
"13","S-3-(4-FLUOROPHENOXY)-2-HYDROXY-2-METHYL-N-[4-NITRO-3-(TRIFLUOROMETHYL)PHENYL]PROPANAMIDE (DB07769)","0.9472","http://www.drugbank.ca/drugs/DB07769"
"14","(2S)-3-(4-chloro-3-fluorophenoxy)-N-[4-cyano-3-(trifluoromethyl)phenyl]-2-hydroxy-2-methylpropanamide (DB07419)","0.9444","http://www.drugbank.ca/drugs/DB07419"
"15","3-({4-[(5-CHLORO-1,3-BENZODIOXOL-4-YL)AMINO]PYRIMIDIN-2-YL}AMINO)BENZAMIDE (DB07256)","0.9442","http://www.drugbank.ca/drugs/DB07256"
"16","Amodiaquine (DB00613)","0.9420","http://www.drugbank.ca/drugs/DB00613"
"17","3-FLUORO-N-1H-INDOL-5-YL-5-MORPHOLIN-4-YLBENZAMIDE (DB08092)","0.9403","http://www.drugbank.ca/drugs/DB08092"
"18","N-[2-({[amino(imino)methyl]amino}oxy)ethyl]-2-{6-chloro-3-[(2,2-difluoro-2-phenylethyl)amino]-2-fluorophenyl}acetamide (DB07946)","0.9380","http://www.drugbank.ca/drugs/DB07946"
"19","2-[(2,4-DICHLOROBENZOYL)AMINO]-5-(PYRIMIDIN-2-YLOXY)BENZOIC ACID (DB08402)","0.9379","http://www.drugbank.ca/drugs/DB08402"
"20","3-FLUORO-5-MORPHOLIN-4-YL-N-[1-(2-PYRIDIN-4-YLETHYL)-1H-INDOL-6-YL]BENZAMIDE (DB08730)","0.9375","http://www.drugbank.ca/drugs/DB08730"
"21","2-[4-chloro-2-(phenylcarbonyl)phenoxy]-N-phenylacetamide (DB07826)","0.9370","http://www.drugbank.ca/drugs/DB07826"
"22","N-{3-METHYL-5-[2-(PYRIDIN-4-YLAMINO)-ETHOXY]-PHENYL}-BENZENESULFONAMIDE (DB07944)","0.9369","http://www.drugbank.ca/drugs/DB07944"
"23","{[(2,6-difluorophenyl)carbonyl]amino}-N-(4-fluorophenyl)-1H-pyrazole-3-carboxamide (DB08138)","0.9355","http://www.drugbank.ca/drugs/DB08138"
"24","(2S)-1-[4-({6-[(2,6-DIFLUOROPHENYL)AMINO]PYRIMIDIN-4-YL}AMINO)PHENOXY]-3-(DIMETHYLAMINO)PROPAN-2-OL (DB07751)","0.9354","http://www.drugbank.ca/drugs/DB07751"
"25","(2R)-1-[4-({6-[(2,6-DIFLUOROPHENYL)AMINO]PYRIMIDIN-4-YL}AMINO)PHENOXY]-3-(DIMETHYLAMINO)PROPAN-2-OL (DB07761)","0.9354","http://www.drugbank.ca/drugs/DB07761"
"26","(2S)-6-(2,4-DIAMINO-6-ETHYLPYRIMIDIN-5-YL)-2-(3,5-DIFLUOROPHENYL)-4-(3-METHOXYPROPYL)-2H-1,4-BENZOXAZIN-3(4H)-ONE (DB07113)","0.9344","http://www.drugbank.ca/drugs/DB07113"
"27","N-(4-ACETYLPHENYL)-5-(5-CHLORO-2,4-DIHYDROXYPHENYL)-1H-PYRAZOLE-4-CARBOXAMIDE (DB06956)","0.9342","http://www.drugbank.ca/drugs/DB06956"
"28","1-BENZYL-3-(4-METHOXYPHENYLAMINO)-4-PHENYLPYRROLE-2,5-DIONE (DB08063)","0.9338","http://www.drugbank.ca/drugs/DB08063"
"29","3-FLUORO-5-MORPHOLIN-4-YL-N-[3-(2-PYRIDIN-4-YLETHYL)-1H-INDOL-5-YL]BENZAMIDE (DB08091)","0.9334","http://www.drugbank.ca/drugs/DB08091"
"30","Merimepodib (DB04862)","0.9331","http://www.drugbank.ca/drugs/DB04862"
"31","3-({[3,5-DIFLUORO-3'-(TRIFLUOROMETHOXY)BIPHENYL-4-YL]AMINO}CARBONYL)THIOPHENE-2-CARBOXYLIC ACID (DB07977)","0.9321","http://www.drugbank.ca/drugs/DB07977"
"32","N-[3-(2-fluoroethoxy)phenyl]-N'-(1,3,4-trioxo-1,2,3,4-tetrahydroisoquinolin-6-yl)butanediamide (DB08499)","0.9312","http://www.drugbank.ca/drugs/DB08499"
"33","Bentiromide (DB00522)","0.9306","http://www.drugbank.ca/drugs/DB00522"
"34","(3Z)-6-(4-HYDROXY-3-METHOXYPHENYL)-3-(1H-PYRROL-2-YLMETHYLENE)-1,3-DIHYDRO-2H-INDOL-2-ONE (DB07078)","0.9302","http://www.drugbank.ca/drugs/DB07078"
"35","(2S)-2-ETHOXY-3-{4-[2-(10H-PHENOXAZIN-10-YL)ETHOXY]PHENYL}PROPANOIC ACID (DB07675)","0.9292","http://www.drugbank.ca/drugs/DB07675"
"36","(2R)-1-[4-({4-[(2,5-DICHLOROPHENYL)AMINO]PYRIMIDIN-2-YL}AMINO)PHENOXY]-3-(DIMETHYLAMINO)PROPAN-2-OL (DB07750)","0.9284","http://www.drugbank.ca/drugs/DB07750"
"37","(2S)-1-[4-({4-[(2,5-DICHLOROPHENYL)AMINO]PYRIMIDIN-2-YL}AMINO)PHENOXY]-3-(DIMETHYLAMINO)PROPAN-2-OL (DB07755)","0.9284","http://www.drugbank.ca/drugs/DB07755"
"38","5-AMINO-2-{4-[(4-AMINOPHENYL)SULFANYL]PHENYL}-1H-ISOINDOLE-1,3(2H)-DIONE (DB07971)","0.9278","http://www.drugbank.ca/drugs/DB07971"
"39","(2s)-2-[(2,4-Dichloro-Benzoyl)-(3-Trifluoromethyl-Benzyl)-Amino]-3-Phenyl-Propionic Acid (DB03605)","0.9272","http://www.drugbank.ca/drugs/DB03605"
"40","Gefitinib (DB00317)","0.9271","http://www.drugbank.ca/drugs/DB00317"
"41","GW 501516 (DB05416)","0.9271","http://www.drugbank.ca/drugs/DB05416"
"42","Trimetrexate (DB01157)","0.9266","http://www.drugbank.ca/drugs/DB01157"
"43","(2S)-1-{4-[(4-ANILINO-5-BROMOPYRIMIDIN-2-YL)AMINO]PHENOXY}-3-(DIMETHYLAMINO)PROPAN-2-OL (DB07501)","0.9259","http://www.drugbank.ca/drugs/DB07501"
"44","(2R)-1-{4-[(4-ANILINO-5-BROMOPYRIMIDIN-2-YL)AMINO]PHENOXY}-3-(DIMETHYLAMINO)PROPAN-2-OL (DB07504)","0.9259","http://www.drugbank.ca/drugs/DB07504"
"45","FAMOXADONE (DB07778)","0.9256","http://www.drugbank.ca/drugs/DB07778"
"46","WAY-151693 (DB02071)","0.9251","http://www.drugbank.ca/drugs/DB02071"
"47","N-(P-CYANOPHENYL)-N'-DIPHENYLMETHYL-GUANIDINE-ACETIC ACID (DB07816)","0.9247","http://www.drugbank.ca/drugs/DB07816"
"48","3-[3-(4-methylpiperazin-1-yl)-7-(trifluoromethyl)quinoxalin-5-yl]phenol (DB07969)","0.9239","http://www.drugbank.ca/drugs/DB07969"
"49","2-METHYL-2-(4-{[({4-METHYL-2-[4-(TRIFLUOROMETHYL)PHENYL]-1,3-THIAZOL-5-YL}CARBONYL)AMINO]METHYL}PHENOXY)PROPANOIC ACID (DB07215)","0.9236","http://www.drugbank.ca/drugs/DB07215"
"50","Afatinib (DB08916)","0.9233","http://www.drugbank.ca/drugs/DB08916"
"51","[4-({5-(AMINOCARBONYL)-4-[(3-METHYLPHENYL)AMINO]PYRIMIDIN-2-YL}AMINO)PHENYL]ACETIC ACID (DB08513)","0.9231","http://www.drugbank.ca/drugs/DB08513"
"52","CI-1033 (DB05424)","0.9223","http://www.drugbank.ca/drugs/DB05424"
"53","(2E)-N-{4-[(3-bromophenyl)amino]quinazolin-6-yl}-4-(dimethylamino)but-2-enamide (DB08564)","0.9216","http://www.drugbank.ca/drugs/DB08564"
"54","ZK-805623 (DB04432)","0.9211","http://www.drugbank.ca/drugs/DB04432"
"55","N-[3-[[4-[(5-CHLORO-1,3-BENZODIOXOL-4-YL)AMINO]PYRIMIDIN-2-YL]AMINO]PHENYL]METHANESULFONAMIDE (DB07254)","0.9211","http://www.drugbank.ca/drugs/DB07254"
"56","(2R,4R)-N~1~-(4-CHLOROPHENYL)-N~2~-[2-FLUORO-4-(2-OXOPYRIDIN-1(2H)-YL)PHENYL]-4-METHOXYPYRROLIDINE-1,2-DICARBOXAMIDE (DB06920)","0.9209","http://www.drugbank.ca/drugs/DB06920"
"57","3-{3-bromo-4-[(2,4-difluorobenzyl)oxy]-6-methyl-2-oxopyridin-1(2H)-yl}-N,4-dimethylbenzamide (DB07941)","0.9200","http://www.drugbank.ca/drugs/DB07941"
"58","3-({4-[(5-chloro-1,3-benzodioxol-4-yl)amino]pyrimidin-2-yl}amino)benzenesulfonamide (DB07252)","0.9192","http://www.drugbank.ca/drugs/DB07252"
"59","3,4-DIHYDRO-4-OXO-3-((5-TRIFLUOROMETHYL-2-BENZOTHIAZOLYL)METHYL)-1-PHTHALAZINE ACETIC ACID (DB08772)","0.9187","http://www.drugbank.ca/drugs/DB08772"
"60","3-(2-CHLOROPHENYL)-1-(2-{[(1S)-2-HYDROXY-1,2-DIMETHYLPROPYL]AMINO}PYRIMIDIN-4-YL)-1-(4-METHOXYPHENYL)UREA (DB08095)","0.9186","http://www.drugbank.ca/drugs/DB08095"
"61","S-{3-[(4-ANILINOQUINAZOLIN-6-YL)AMINO]-3-OXOPROPYL}-L-CYSTEINE (DB07602)","0.9185","http://www.drugbank.ca/drugs/DB07602"
"62","3-[(2,4-Dichlorobenzoyl)(Isopropyl)Amino]-5-Phenylthiophene-2-Carboxylic Acid (DB03388)","0.9179","http://www.drugbank.ca/drugs/DB03388"
"63","4-(2-HYDROXYBENZYLAMINO)-N-(3-(4-FLUOROPHENOXY)PHENYL)PIPERIDINE-1-SULFONAMIDE (DB04632)","0.9179","http://www.drugbank.ca/drugs/DB04632"
"64","2-{5-[3-(7-PROPYL-3-TRIFLUOROMETHYLBENZO[D]ISOXAZOL-6-YLOXY)PROPOXY]INDOL-1-YL}ETHANOIC ACID (DB07053)","0.9173","http://www.drugbank.ca/drugs/DB07053"
"65","2-({[2,3,5,6-TETRAFLUORO-3'-(TRIFLUOROMETHOXY)BIPHENYL-4-YL]AMINO}CARBONYL)CYCLOPENTA-1,3-DIENE-1-CARBOXYLIC ACID (DB07978)","0.9172","http://www.drugbank.ca/drugs/DB07978"
"66","2-Hydroxy-5-({1-[(2-Naphthyloxy)Methyl]-3-Oxoprop-1-Enyl}Amino)Tyrosine (DB02511)","0.9170","http://www.drugbank.ca/drugs/DB02511"
"67","N'-(5-chloro-1,3-benzodioxol-4-yl)-N-(3-methylsulfonylphenyl)pyrimidine-2,4-diamine (DB07253)","0.9169","http://www.drugbank.ca/drugs/DB07253"
"68","5-[1-(3,4-Dimethoxy-Benzoyl)-1,2,3,4-Tetrahydro-Quinolin-6-Yl]-6-Methyl-3,6-Dihydro-[1,3,4]Thiadiazin-2-One (DB03944)","0.9167","http://www.drugbank.ca/drugs/DB03944"
"69","5-(4-METHYL-BENZOYLAMINO)-BIPHENYL-3,4'-DICARBOXYLIC ACID 3-DIMETHYLAMIDE-4'-HYDROXYAMIDE (DB07586)","0.9163","http://www.drugbank.ca/drugs/DB07586"
"70","2-({5-CHLORO-2-[(2-METHOXY-4-MORPHOLIN-4-YLPHENYL)AMINO]PYRIMIDIN-4-YL}AMINO)-N-METHYLBENZAMIDE (DB07460)","0.9154","http://www.drugbank.ca/drugs/DB07460"
"71","N-{3-[(4-{[3-(TRIFLUOROMETHYL)PHENYL]AMINO}PYRIMIDIN-2-YL)AMINO]PHENYL}CYCLOPROPANECARBOXAMIDE (DB07545)","0.9153","http://www.drugbank.ca/drugs/DB07545"
"72","N-cyclopropyl-3-{[1-(2,4-difluorophenyl)-7-methyl-6-oxo-6,7-dihydro-1H-pyrazolo[3,4-b]pyridin-4-yl]amino}-4-methylbenzamide (DB08349)","0.9152","http://www.drugbank.ca/drugs/DB08349"
"73","3-[Isopropyl(4-Methylbenzoyl)Amino]-5-Phenylthiophene-2-Carboxylic Acid (DB03647)","0.9144","http://www.drugbank.ca/drugs/DB03647"
"74","N'-(5-CHLORO-1,3-BENZODIOXOL-4-YL)-N-(3-MORPHOLIN-4-YLPHENYL)PYRIMIDINE-2,4-DIAMINE (DB07255)","0.9139","http://www.drugbank.ca/drugs/DB07255"
"75","6-CARBAMIMIDOYL-4-(3-HYDROXY-2-METHYL-BENZOYLAMINO)-NAPHTHALENE-2-CARBOXYLIC ACID METHYL ESTER (DB07074)","0.9136","http://www.drugbank.ca/drugs/DB07074"
"76","1-Acetyl-4-(4-{4-[(2-Ethoxyphenyl)Thio]-3-Nitrophenyl}Pyridin-2-Yl)Piperazine (DB02177)","0.9135","http://www.drugbank.ca/drugs/DB02177"
"77","3-[(Acetyl-Methyl-Amino)-Methyl]-4-Amino-N-Methyl-N-(1-Methyl-1h-Indol-2-Ylmethyl)-Benzamide (DB03534)","0.9130","http://www.drugbank.ca/drugs/DB03534"
"78","Erlotinib (DB00530)","0.9127","http://www.drugbank.ca/drugs/DB00530"
"79","4-chloro-6-{5-[(2-morpholin-4-ylethyl)amino]-1,2-benzisoxazol-3-yl}benzene-1,3-diol (DB07601)","0.9126","http://www.drugbank.ca/drugs/DB07601"
"80","Bicalutamide (DB01128)","0.9123","http://www.drugbank.ca/drugs/DB01128"
"81","5-(5-CHLORO-2,4-DIHYDROXYPHENYL)-N-ETHYL-4-(4-METHOXYPHENYL)-1H-PYRAZOLE-3-CARBOXAMIDE (DB07495)","0.9122","http://www.drugbank.ca/drugs/DB07495"
"82","Vandetanib (DB05294)","0.9122","http://www.drugbank.ca/drugs/DB05294"
"83","Tolvaptan (DB06212)","0.9114","http://www.drugbank.ca/drugs/DB06212"
"84","Cinacalcet (DB01012)","0.9113","http://www.drugbank.ca/drugs/DB01012"
"85","2-[1-(4-CHLOROBENZOYL)-5-METHOXY-2-METHYL-1H-INDOL-3-YL]-N-[(1R)-1-(HYDROXYMETHYL)PROPYL]ACETAMIDE (DB07981)","0.9113","http://www.drugbank.ca/drugs/DB07981"
"86","2-[1-(4-CHLOROBENZOYL)-5-METHOXY-2-METHYL-1H-INDOL-3-YL]-N-[(1S)-1-(HYDROXYMETHYL)PROPYL]ACETAMIDE (DB07984)","0.9113","http://www.drugbank.ca/drugs/DB07984"
"87","Camazepam (DB01489)","0.9108","http://www.drugbank.ca/drugs/DB01489"
"88","Eltrombopag (DB06210)","0.9107","http://www.drugbank.ca/drugs/DB06210"
"89","FR236913 (DB02830)","0.9101","http://www.drugbank.ca/drugs/DB02830"
"90","5-(5-chloro-2,4-dihydroxyphenyl)-N-ethyl-4-[4-(morpholin-4-ylmethyl)phenyl]isoxazole-3-carboxamide (DB06961)","0.9098","http://www.drugbank.ca/drugs/DB06961"
"91","[3,5-Dibromo-4-(4-Hydroxy-3-Phenethylcarbamoyl-Phenoxy)-Phenyl]-Acetic Acid (DB02106)","0.9098","http://www.drugbank.ca/drugs/DB02106"
"92","Quinacrine (DB01103)","0.9097","http://www.drugbank.ca/drugs/DB01103"
"93","CP-526423 (DB02089)","0.9091","http://www.drugbank.ca/drugs/DB02089"
"94","HCV-086 (DB05884)","0.9086","http://www.drugbank.ca/drugs/DB05884"
"95","2-[({2-[(1Z)-3-(DIMETHYLAMINO)PROP-1-ENYL]-4-FLUOROPHENYL}SULFONYL)AMINO]-5,6,7,8-TETRAHYDRONAPHTHALENE-1-CARBOXYLIC ACID (DB07323)","0.9079","http://www.drugbank.ca/drugs/DB07323"
"96","BIA (DB03336)","0.9078","http://www.drugbank.ca/drugs/DB03336"
"97","AZD2563 (DB04850)","0.9077","http://www.drugbank.ca/drugs/DB04850"
"98","4-(2-aminoethoxy)-N-(2,5-diethoxyphenyl)-3,5-dimethylbenzamide (DB07625)","0.9067","http://www.drugbank.ca/drugs/DB07625"
"99","3-(1,1-dioxido-4H-1,2,4-benzothiadiazin-3-yl)-4-hydroxy-1-(3-methylbutyl)quinolin-2(1H)-one (DB07275)","0.9065","http://www.drugbank.ca/drugs/DB07275"
"100","[3-(1-Benzyl-3-Carbamoylmethyl-2-Methyl-1h-Indol-5-Yloxy)-Propyl-]-Phosphonic Acid (DB02504)","0.9063","http://www.drugbank.ca/drugs/DB02504"
"101","Compound 9 (DB02014)","0.9062","http://www.drugbank.ca/drugs/DB02014"
"102","5-hydroxy-4-(7-methoxy-1,1-dioxido-2H-1,2,4-benzothiadiazin-3-yl)-2-(3-methylbutyl)-6-phenylpyridazin-3(2H)-one (DB06974)","0.9060","http://www.drugbank.ca/drugs/DB06974"
"103","4-CHLORO-6-(4-{4-[4-(METHYLSULFONYL)BENZYL]PIPERAZIN-1-YL}-1H-PYRAZOL-5-YL)BENZENE-1,3-DIOL (DB06957)","0.9055","http://www.drugbank.ca/drugs/DB06957"
"104","N-[amino(imino)methyl]-2-[2-(2-chlorophenyl)-4-(4-propoxyphenyl)-3-thienyl]acetamide (DB07089)","0.9054","http://www.drugbank.ca/drugs/DB07089"
"105","ISOQUINOLINE-5-SULFONIC ACID (2-(2-(4-CHLOROBENZYLOXY)ETHYLAMINO)ETHYL)AMIDE (DB07947)","0.9051","http://www.drugbank.ca/drugs/DB07947"
"106","(2Z,3E)-2,3'-BIINDOLE-2',3(1H,1'H)-DIONE 3-{O-[(3R)-3,4-DIHYDROXYBUTYL]OXIME} (DB07766)","0.9050","http://www.drugbank.ca/drugs/DB07766"
"107","3-HYDROXYPROPYL 3-[({7-[AMINO(IMINO)METHYL]-1-NAPHTHYL}AMINO)CARBONYL]BENZENESULFONATE (DB07022)","0.9050","http://www.drugbank.ca/drugs/DB07022"
"108","6-(3-AMINOPHENYL)-N-(TERT-BUTYL)-2-(TRIFLUOROMETHYL)QUINAZOLIN-4-AMINE (DB07612)","0.9048","http://www.drugbank.ca/drugs/DB07612"
"109","(2e)-N-Allyl-4-{[3-(4-Bromophenyl)-5-Fluoro-1-Methyl-1h-Indazol-6-Yl]Oxy}-N-Methyl-2-Buten-1-Amine (DB02139)","0.9046","http://www.drugbank.ca/drugs/DB02139"
"110","1-[3-({[(4-AMINO-5-FLUORO-2-METHYLQUINOLIN-3-YL)METHYL]THIO}METHYL)PHENYL]-2,2,2-TRIFLUOROETHANE-1,1-DIOL (DB07756)","0.9045","http://www.drugbank.ca/drugs/DB07756"
"111","IDD552 (DB02834)","0.9045","http://www.drugbank.ca/drugs/DB02834"
"112","1-(2,6-Dichlorophenyl)-5-(2,4-Difluorophenyl)-7-Piperidin-4-Yl-3,4-Dihydroquinolin-2(1h)-One (DB01948)","0.9044","http://www.drugbank.ca/drugs/DB01948"
"113","Chlorotrianisene (DB00269)","0.9040","http://www.drugbank.ca/drugs/DB00269"
"114","Temafloxacin (DB01405)","0.9039","http://www.drugbank.ca/drugs/DB01405"
"115","4-(1-Benzyl-3-Carbamoylmethyl-2-Methyl-1h-Indol-5-Yloxy)-Butyric Acid (DB02936)","0.9033","http://www.drugbank.ca/drugs/DB02936"
"116","Sulfinpyrazone (DB01138)","0.9030","http://www.drugbank.ca/drugs/DB01138"
"117","3-[3-(2,3-Dihydroxy-Propylamino)-Phenyl]-4-(5-Fluoro-1-Methyl-1h-Indol-3-Yl)-Pyrrole-2,5-Dione (DB01772)","0.9029","http://www.drugbank.ca/drugs/DB01772"
"118","6-[(Z)-AMINO(IMINO)METHYL]-N-[3-(CYCLOPENTYLOXY)PHENYL]-2-NAPHTHAMIDE (DB07076)","0.9023","http://www.drugbank.ca/drugs/DB07076"
"119","4-BROMO-2-FLUORO-N-[(4E)-6-METHOXY-7-[(1-METHYLPIPERIDIN-4-YL)METHOXY]QUINAZOLIN-4(1H)-YLIDENE]ANILINE (DB08764)","0.9022","http://www.drugbank.ca/drugs/DB08764"
"120","1-[1-(3-aminophenyl)-3-tert-butyl-1H-pyrazol-5-yl]-3-phenylurea (DB06883)","0.9018","http://www.drugbank.ca/drugs/DB06883"
"121","8-bromo-4-(2-chlorophenyl)-N-(2-hydroxyethyl)-6-methyl-1,3-dioxo-1,2,3,6-tetrahydropyrrolo[3,4-e]indole-7-carboxamide (DB08365)","0.9015","http://www.drugbank.ca/drugs/DB08365"
"122","2-[({4-[2-(trifluoromethyl)phenyl]piperidin-1-yl}carbonyl)amino]benzoic acid (DB06985)","0.9012","http://www.drugbank.ca/drugs/DB06985"
"123","Mirabegron  (DB08893)","0.9009","http://www.drugbank.ca/drugs/DB08893"
"124","[5-AMINO-1-(4-FLUOROPHENYL)-1H-PYRAZOL-4-YL](3-{[(2R)-2,3-DIHYDROXYPROPYL]OXY}PHENYL)METHANONE (DB08424)","0.9006","http://www.drugbank.ca/drugs/DB08424"
"125","Ziprasidone (DB00246)","0.9006","http://www.drugbank.ca/drugs/DB00246"
"126","(6-[4-(AMINOMETHYL)-2,6-DIMETHYLPHENOXY]-2-{[4-(AMINOMETHYL)PHENYL]AMINO}-5-BROMOPYRIMIDIN-4-YL)METHANOL (DB06874)","0.9004","http://www.drugbank.ca/drugs/DB06874"
"127","4-(2-aminoethoxy)-N-(3-chloro-5-piperidin-1-ylphenyl)-3,5-dimethylbenzamide (DB08697)","0.9004","http://www.drugbank.ca/drugs/DB08697"
"128","Ezetimibe (DB00973)","0.9000","http://www.drugbank.ca/drugs/DB00973"
"129","[2-(5-MERCAPTO-[1,3,4]THIADIAZOL-2-YLCARBAMOYL)-1-PHENYL-ETHYL]-CARBAMIC ACID BENZYL ESTER (DB07987)","0.8999","http://www.drugbank.ca/drugs/DB07987"
"130","4'-[(1R)-1-amino-2-(2,5-difluorophenyl)ethyl]biphenyl-3-carboxamide (DB07181)","0.8997","http://www.drugbank.ca/drugs/DB07181"
"131","(2R)-4-(2-BENZOYL-1,2-DIAZEPAN-1-YL)-4-OXO-1-(2,4,5-TRIFLUOROPHENYL)BUTAN-2-AMINE (DB08051)","0.8995","http://www.drugbank.ca/drugs/DB08051"
"132","4-[4-(1-Amino-1-Methylethyl)Phenyl]-5-Chloro-N-[4-(2-Morpholin-4-Ylethyl)Phenyl]Pyrimidin-2-Amine (DB02491)","0.8994","http://www.drugbank.ca/drugs/DB02491"
"133","Etonitazene (DB01462)","0.8991","http://www.drugbank.ca/drugs/DB01462"
"134","Bopindolol (DB08807)","0.8989","http://www.drugbank.ca/drugs/DB08807"
"135","CRA_10950 (DB03494)","0.8986","http://www.drugbank.ca/drugs/DB03494"
"136","6-FLUORO-2-(2-HYDROXY-3-ISOBUTOXY-PHENYL)-1H-BENZOIMIDAZOLE-5-CARBOXAMIDINE (DB06855)","0.8986","http://www.drugbank.ca/drugs/DB06855"
"137","6-ETHYL-5-[(2S)-1-(3-METHOXYPROPYL)-2-PHENYL-1,2,3,4-TETRAHYDROQUINOLIN-7-YL]PYRIMIDINE-2,4-DIAMINE (DB08099)","0.8984","http://www.drugbank.ca/drugs/DB08099"
"138","5-{[1-(2-fluorobenzyl)piperidin-4-yl]methoxy}quinazoline-2,4-diamine (DB07642)","0.8974","http://www.drugbank.ca/drugs/DB07642"
"139","THIENO[3,2-B]PYRIDINE-2-SULFONIC ACID [1-(1-AMINO-ISOQUINOLIN-7-YLMETHYL)-2-OXO-PYRROLDIN-3-YL]-AMIDE (DB07261)","0.8974","http://www.drugbank.ca/drugs/DB07261"
"140","Flibanserin (DB04908)","0.8973","http://www.drugbank.ca/drugs/DB04908"
"141","[5-AMINO-1-(4-FLUOROPHENYL)-1H-PYRAZOL-4-YL][3-(PIPERIDIN-4-YLOXY)PHENYL]METHANONE (DB08423)","0.8972","http://www.drugbank.ca/drugs/DB08423"
"142","4-(2-chlorophenyl)-8-(2-hydroxyethyl)-6-methylpyrrolo[3,4-e]indole-1,3(2H,6H)-dione (DB07257)","0.8970","http://www.drugbank.ca/drugs/DB07257"
"143","6-[N-(4-Ethyl-1,2,3,4-Tetrahydro-6-Isoquinolinyl)Carbamyl]-2-Naphthalenecarboxamidine (DB02551)","0.8967","http://www.drugbank.ca/drugs/DB02551"
"144","4-({[4-(3-METHYLBENZOYL)PYRIDIN-2-YL]AMINO}METHYL)BENZENECARBOXIMIDAMIDE (DB07809)","0.8967","http://www.drugbank.ca/drugs/DB07809"
"145","CRA_10972 (DB02989)","0.8966","http://www.drugbank.ca/drugs/DB02989"
"146","2-(3-CHLORO-6-{[2,2-DIFLUORO-2-(1-OXIDOPYRIDIN-2-YL)ETHYL]AMINO}-1-OXIDOPYRIDIN-2-YL)-N-[1-(3-CHLOROPHENYL)ETHYL]ACETAMIDE (DB04722)","0.8965","http://www.drugbank.ca/drugs/DB04722"
"147","Clonitazene (DB01523)","0.8951","http://www.drugbank.ca/drugs/DB01523"
"148","N-[(3z)-5-Tert-Butyl-2-Phenyl-1,2-Dihydro-3h-Pyrazol-3-Ylidene]-N'-(4-Chlorophenyl)Urea (DB01807)","0.8950","http://www.drugbank.ca/drugs/DB01807"
"149","Vilazodone (DB06684)","0.8950","http://www.drugbank.ca/drugs/DB06684"
"150","(3R,4S)-1-{6-[3-(METHYLSULFONYL)PHENYL]PYRIMIDIN-4-YL}-4-(2,4,5-TRIFLUOROPHENYL)PYRROLIDIN-3-AMINE (DB07666)","0.8946","http://www.drugbank.ca/drugs/DB07666"
"151","Enzalutamide  (DB08899)","0.8946","http://www.drugbank.ca/drugs/DB08899"
"152","Drotaverine (DB06751)","0.8946","http://www.drugbank.ca/drugs/DB06751"
"153","3-[(1R)-1-(2,6-dichloro-3-fluorophenyl)ethoxy]-5-(1-piperidin-4-yl-1H-pyrazol-4-yl)pyridin-2-amine (DB08700)","0.8945","http://www.drugbank.ca/drugs/DB08700"
"154","N-{(1s)-4-[Bis(2-Chloroethyl)Amino]-1-Methylbutyl}-N-(6-Chloro-2-Methoxy-9-Acridinyl)Amine (DB02240)","0.8945","http://www.drugbank.ca/drugs/DB02240"
"155","1-((2-HYDROXYETHOXY)METHYL)-5-(3-(BENZYLOXY)BENZYL)PYRIMIDINE-2,4(1H,3H)-DIONE (DB06873)","0.8944","http://www.drugbank.ca/drugs/DB06873"
"156","Br-Coeleneterazine (DB02006)","0.8932","http://www.drugbank.ca/drugs/DB02006"
"157","I-Coeleneterazine (DB04146)","0.8932","http://www.drugbank.ca/drugs/DB04146"
"158","5-{[1-(2,3-dichlorobenzyl)piperidin-4-yl]methoxy}quinazoline-2,4-diamine (DB07643)","0.8929","http://www.drugbank.ca/drugs/DB07643"
"159","(N-{4-[(ETHYLANILINO)SULFONYL]-2-METHYLPHENYL}-3,3,3-TRIFLUORO-2-HYDROXY-2-METHYLPROPANAMIDE (DB08609)","0.8929","http://www.drugbank.ca/drugs/DB08609"
"160","1-(5-Carboxypentyl)-5-[(2,6-Dichlorobenzyl)Oxy]-1 H-Indole-2-Carboxylic Acid (DB02316)","0.8928","http://www.drugbank.ca/drugs/DB02316"
"161","(4R,2S)-5'-(4-(4-CHLOROBENZYLOXY)PYRROLIDIN-2-YLMETHANESULFONYL)ISOQUINOLINE (DB07583)","0.8923","http://www.drugbank.ca/drugs/DB07583"
"162","1-((2-HYDROXYETHOXY)METHYL)-5-(3-(BENZYLOXY)BENZYL)-6-HYDROXYPYRIMIDINE-2,4(1H,3H)-DIONE (DB07439)","0.8921","http://www.drugbank.ca/drugs/DB07439"
"163","4-[(1S)-1-(3-fluoro-4-methoxyphenyl)-2-(2-methoxy-5-nitrophenyl)ethyl]-1H-imidazol-2-amine (DB07415)","0.8918","http://www.drugbank.ca/drugs/DB07415"
"164","[1-(1-Benzyl-3-Hydroxy-2-Oxo-Propylcarbamoyl)-2-Phenyl-Ethyl]-Carbamic Acid Benzyl Ester (DB01871)","0.8916","http://www.drugbank.ca/drugs/DB01871"
"165","N-(5-chloro-1,3-benzodioxol-4-yl)-6-methoxy-7-(3-piperidin-1-ylpropoxy)quinazolin-4-amine (DB07249)","0.8915","http://www.drugbank.ca/drugs/DB07249"
"166","Trimethobenzamide (DB00662)","0.8914","http://www.drugbank.ca/drugs/DB00662"
"167","1-((1R)-1-(HYDROXYMETHYL)-3-{6-[(3-PHENYLPROPANOYL)AMINO]-1H-INDOL-1-YL}PROPYL)-1H-IMIDAZOLE-4-CARBOXAMIDE (DB07783)","0.8910","http://www.drugbank.ca/drugs/DB07783"
"168","6-[N-(1-Isopropyl-1,2,3,4-Tetrahydro-7-Isoquinolinyl)Carbamyl]-2-Naphthalenecarboxamidine (DB02705)","0.8906","http://www.drugbank.ca/drugs/DB02705"
"169","1-{2-[3-(2-Chloro-4,5-difluoro-benzoyl)-ureido]-4-fluoro-phenyl}-piperidine-4-carboxylic acid (DB07396)","0.8903","http://www.drugbank.ca/drugs/DB07396"
"170","10-Propargyl-5,8-Dideazafolic Acid (DB03541)","0.8903","http://www.drugbank.ca/drugs/DB03541"
"171","METHYL (2Z)-2-(2-{[6-(2-CYANOPHENOXY)PYRIMIDIN-4-YL]OXY}PHENYL)-3-METHOXYACRYLATE (DB07401)","0.8901","http://www.drugbank.ca/drugs/DB07401"
"172","CRA_10991 (DB01771)","0.8900","http://www.drugbank.ca/drugs/DB01771"
"173","2-({[3,5-DIFLUORO-3'-(TRIFLUOROMETHOXY)BIPHENYL-4-YL]AMINO}CARBONYL)CYCLOPENT-1-ENE-1-CARBOXYLIC ACID (DB07975)","0.8900","http://www.drugbank.ca/drugs/DB07975"
"174","Allyl-{6-[3-(4-Bromo-Phenyl)-1-Methyl-1h-Indazol-6-Yl]Oxy}Hexyl)-N-Methylamine (DB03888)","0.8900","http://www.drugbank.ca/drugs/DB03888"
"175","Mitoxantrone (DB01204)","0.8899","http://www.drugbank.ca/drugs/DB01204"
"176","Colchicine (DB01394)","0.8898","http://www.drugbank.ca/drugs/DB01394"
"177","Rbt205 Inhibitor (DB03777)","0.8892","http://www.drugbank.ca/drugs/DB03777"
"178","RPR128515 (DB04424)","0.8887","http://www.drugbank.ca/drugs/DB04424"
"179","1-{(1R,2S)-2-HYDROXY-1-[2-(2-NAPHTHYLOXY)ETHYL]PROPYL}-1H-IMIDAZONE-4-CARBOXAMIDE (DB07785)","0.8886","http://www.drugbank.ca/drugs/DB07785"
"180","6-[N-(1-Isopropyl-3,4-Dihydro-7-Isoquinolinyl)Carbamyl]-2-Naphthalenecarboxamidine (DB02473)","0.8886","http://www.drugbank.ca/drugs/DB02473"
"181","N-(3-TERT-BUTYL-1H-PYRAZOL-5-YL)-N'-{4-CHLORO-3-[(PYRIDIN-3-YLOXY)METHYL]PHENYL}UREA (DB08064)","0.8885","http://www.drugbank.ca/drugs/DB08064"
"182","(1-Methyl-1h-Imidazol-2-Yl)-(3-Methyl-4-{3-[(Pyridin-3-Ylmethyl)-Amino]-Propoxy}-Benzofuran-2-Yl)-Methanone (DB03062)","0.8879","http://www.drugbank.ca/drugs/DB03062"
"183","Pentamidine (DB00738)","0.8872","http://www.drugbank.ca/drugs/DB00738"
"184","CRA_10433 (DB03173)","0.8871","http://www.drugbank.ca/drugs/DB03173"
"185","(3R,4R)-1-{6-[3-(METHYLSULFONYL)PHENYL]PYRIMIDIN-4-YL}-4-(2,4,5-TRIFLUOROPHENYL)PIPERIDIN-3-AMINE (DB08164)","0.8871","http://www.drugbank.ca/drugs/DB08164"
"186","1-(3-(2,4-DIMETHYLTHIAZOL-5-YL)-4-OXO-2,4-DIHYDROINDENO[1,2-C]PYRAZOL-5-YL)-3-(4-METHYLPIPERAZIN-1-YL)UREA (DB07622)","0.8859","http://www.drugbank.ca/drugs/DB07622"
"187","PYRIMIDINE-4,6-DICARBOXYLIC ACID BIS-(4-FLUORO-3-METHYL-BENZYLAMIDE) (DB04760)","0.8858","http://www.drugbank.ca/drugs/DB04760"
"188","Rimonabant (DB06155)","0.8857","http://www.drugbank.ca/drugs/DB06155"
"189","Olopatadine (DB00768)","0.8854","http://www.drugbank.ca/drugs/DB00768"
"190","N-{3-[(5-chloro-1H-pyrrolo[2,3-b]pyridin-3-yl)carbonyl]-2,4-difluorophenyl}propane-1-sulfonamide (DB06999)","0.8849","http://www.drugbank.ca/drugs/DB06999"
"191","N-[(1S)-2-AMINO-1-(2,4-DICHLOROBENZYL)ETHYL]-5-[2-(METHYLAMINO)PYRIMIDIN-4-YL]THIOPHENE-2-CARBOXAMIDE (DB07235)","0.8848","http://www.drugbank.ca/drugs/DB07235"
"192","Glisoxepide (DB01289)","0.8848","http://www.drugbank.ca/drugs/DB01289"
"193","5-Chloro-1h-Indole-2-Carboxylic Acid [1-(4-Fluorobenzyl)-2-(4-Hydroxypiperidin-1yl)-2-Oxoethyl]Amide (DB03383)","0.8845","http://www.drugbank.ca/drugs/DB03383"
"194","Flavopiridol (DB03496)","0.8840","http://www.drugbank.ca/drugs/DB03496"
"195","2,4-Diamino-6-[N-(3',4',5'-Trimethoxybenzyl)-N-Methylamino]Pyrido[2,3-D]Pyrimidine (DB02919)","0.8839","http://www.drugbank.ca/drugs/DB02919"
"196","Flunarizine (DB04841)","0.8839","http://www.drugbank.ca/drugs/DB04841"
"197","3-[1-(3-AMINOPROPYL)-1H-INDOL-3-YL]-4-(1H-INDOL-3-YL)-1H-PYRROLE-2,5-DIONE (DB07457)","0.8839","http://www.drugbank.ca/drugs/DB07457"
"198","Talampanel (DB04982)","0.8837","http://www.drugbank.ca/drugs/DB04982"
"199","2,4-Diamino-5-Methyl-6-[(3,4,5-Trimethoxy-N-Methylanilino)Methyl]Pyrido[2,3-D]Pyrimidine (DB02104)","0.8837","http://www.drugbank.ca/drugs/DB02104"
"200","5-CHLORO-N-(2-(4-(2-OXOPYRIDIN-1(2H)-YL)BENZAMIDO)ETHYL)THIOPHENE-2-CARBOXAMIDE (DB08173)","0.8837","http://www.drugbank.ca/drugs/DB08173"
"201","(1-Tert-Butyl-5-Hydroxy-1h-Pyrazol-4-Yl)-(6-Methanesulfonyl-4'-Methoxy-2-Methyl-Biphenyl-3-Yl)-Methanone (DB02850)","0.8835","http://www.drugbank.ca/drugs/DB02850"
"202","Azelastine (DB00972)","0.8832","http://www.drugbank.ca/drugs/DB00972"
"203","(6R)-2-amino-6-[2-(3'-methoxybiphenyl-3-yl)ethyl]-3,6-dimethyl-5,6-dihydropyrimidin-4(3H)-one (DB07519)","0.8828","http://www.drugbank.ca/drugs/DB07519"
"204","(3R,4S)-1-[6-(6-METHOXYPYRIDIN-3-YL)PYRIMIDIN-4-YL]-4-(2,4,5-TRIFLUOROPHENYL)PYRROLIDIN-3-AMINE (DB08445)","0.8827","http://www.drugbank.ca/drugs/DB08445"
"205","(2S)-2-{3-[({[2-fluoro-4-(trifluoromethyl)phenyl]carbonyl}amino)methyl]-4-methoxybenzyl}butanoic acid (DB07070)","0.8826","http://www.drugbank.ca/drugs/DB07070"
"206","2-({2-[(3R)-3-AMINOPIPERIDIN-1-YL]-4-OXOQUINAZOLIN-3(4H)-YL}METHYL)BENZONITRILE (DB08588)","0.8824","http://www.drugbank.ca/drugs/DB08588"
"207","Tamsulosin (DB00706)","0.8821","http://www.drugbank.ca/drugs/DB00706"
"208","3-(7-DIAMINOMETHYL-NAPHTHALEN-2-YL)-PROPIONIC ACID ETHYL ESTER (DB07639)","0.8814","http://www.drugbank.ca/drugs/DB07639"
"209","Flavoxate (DB01148)","0.8813","http://www.drugbank.ca/drugs/DB01148"
"210","PYRIMIDINE-4,6-DICARBOXYLIC ACID BIS-(3-METHYL-BENZYLAMIDE) (DB04759)","0.8812","http://www.drugbank.ca/drugs/DB04759"
"211","(1S,5S,7R)-N~7~-(BIPHENYL-4-YLMETHYL)-N~3~-HYDROXY-6,8-DIOXA-3-AZABICYCLO[3.2.1]OCTANE-3,7-DICARBOXAMIDE (DB07026)","0.8809","http://www.drugbank.ca/drugs/DB07026"
"212","5-cyclopropyl-2-(4-fluorophenyl)-6-[(2-hydroxyethyl)(methylsulfonyl)amino]-N-methyl-1-benzofuran-3-carboxamide (DB07238)","0.8807","http://www.drugbank.ca/drugs/DB07238"
"213","Cp403700, (S)-1-{2-[(5-Chloro-1h-Indole-2-Carbonyl)-Amino]-3-Phenyl-Propionyl}-Azetidine-3-Carboxylate (DB03744)","0.8807","http://www.drugbank.ca/drugs/DB03744"
"214","N-[(2R,3S)-3-AMINO-2-HYDROXY-4-PHENYLBUTYL]NAPHTHALENE-2-SULFONAMIDE (DB07522)","0.8802","http://www.drugbank.ca/drugs/DB07522"
"215","2-(6-CHLORO-3-{[2,2-DIFLUORO-2-(1-OXIDO-2-PYRIDINYL)ETHYL]AMINO}-2-OXO-1(2H)-PYRAZINYL)-N-[(2-FLUOROPHENYL)METHYL]ACETAMIDE (DB07550)","0.8800","http://www.drugbank.ca/drugs/DB07550"
"216","({3-[1-(4-HYDROXY-2-OXO-2H-CHROMEN-3-YL)-PROPYL]-PHENYLCARBAMOYL}-METHYL)-CARBAMIC ACID TERT-BUTYL ESTER (DB08664)","0.8797","http://www.drugbank.ca/drugs/DB08664"
"217","3-[1-(3-Aminopropyl)-1h-Indol-3-Yl]-4-(1-Methyl-1h-Indol-3-Yl)-1h-Pyrrole-2,5-Dione (DB01946)","0.8795","http://www.drugbank.ca/drugs/DB01946"
"218","8-ethyl-3,10,10-trimethyl-4,5,6,8,10,12-hexahydropyrazolo[4',3':6,7]cyclohepta[1,2-b]pyrrolo[2,3-f]indol-9(1H)-one (DB07266)","0.8788","http://www.drugbank.ca/drugs/DB07266"
"219","N-cyclopropyl-2',6-dimethyl-4'-(5-methyl-1,3,4-oxadiazol-2-yl)biphenyl-3-carboxamide (DB07811)","0.8787","http://www.drugbank.ca/drugs/DB07811"
"220","(2R)-({4-[AMINO(IMINO)METHYL]PHENYL}AMINO){5-ETHOXY-2-FLUORO-3-[(3R)-TETRAHYDROFURAN-3-YLOXY]PHENYL}ACETICACID (DB04590)","0.8786","http://www.drugbank.ca/drugs/DB04590"
"221","N'-(5-CHLORO-1,3-BENZODIOXOL-4-YL)-N-(3,4,5- TRIMETHOXYPHENYL)PYRIMIDINE-2,4-DIAMINE (DB07250)","0.8785","http://www.drugbank.ca/drugs/DB07250"
"222","N-(1-ISOPROPYLPIPERIDIN-4-YL)-1-(3-METHOXYBENZYL)-1H-INDOLE-2-CARBOXAMIDE (DB07973)","0.8785","http://www.drugbank.ca/drugs/DB07973"
"223","(3S)-1-(1,3-BENZODIOXOL-5-YLMETHYL)-3-[4-(1H-IMIDAZOL-1-YL)PHENOXY]PIPERIDINE (DB07011)","0.8782","http://www.drugbank.ca/drugs/DB07011"
"224","N-cyclopropyl-4-methyl-3-{2-[(2-morpholin-4-ylethyl)amino]quinazolin-6-yl}benzamide (DB08351)","0.8779","http://www.drugbank.ca/drugs/DB08351"
"225","[{2-bromo-4-[(2R)-3-oxo-2,3-diphenylpropyl]phenyl}(difluoro)methyl]phosphonic acid (DB07263)","0.8779","http://www.drugbank.ca/drugs/DB07263"
"226","6,7-DIMETHOXY-4-[(3R)-3-(QUINOXALIN-2-YLOXY)PYRROLIDIN-1-YL]QUINAZOLINE (DB08391)","0.8773","http://www.drugbank.ca/drugs/DB08391"
"227","Tadalafil (DB00820)","0.8771","http://www.drugbank.ca/drugs/DB00820"
"228","Meclizine (DB00737)","0.8762","http://www.drugbank.ca/drugs/DB00737"
"229","2-[4-(4-Hydroxy-3-Isopropyl-Phenoxy)-3,5-Dimethyl-Phenyl]-2h-[1,2,4]Triazine-3,5-Dione (DB03181)","0.8761","http://www.drugbank.ca/drugs/DB03181"
"230","Flurazepam (DB00690)","0.8754","http://www.drugbank.ca/drugs/DB00690"
"231","1-[(3S)-5-PHENYL-3-THIOPHEN-2-YL-3H-1,4-BENZODIAZEPIN-2-YL]AZETIDIN-3-OL (DB08698)","0.8752","http://www.drugbank.ca/drugs/DB08698"
"232","Moricizine (DB00680)","0.8747","http://www.drugbank.ca/drugs/DB00680"
"233","N-{2'-[(4-FLUOROPHENYL)AMINO]-4,4'-BIPYRIDIN-2-YL}-4-METHOXYCYCLOHEXANECARBOXAMIDE (DB08025)","0.8747","http://www.drugbank.ca/drugs/DB08025"
"234","1-(2-CYCLOPROPYLETHYL)-3-(1,1-DIOXIDO-2H-1,2,4-BENZOTHIADIAZIN-3-YL)-6-FLUORO-4-HYDROXYQUINOLIN-2(1H)-ONE (DB08278)","0.8743","http://www.drugbank.ca/drugs/DB08278"
"235","Quetiapine (DB01224)","0.8738","http://www.drugbank.ca/drugs/DB01224"
"236","Roflumilast (DB01656)","0.8736","http://www.drugbank.ca/drugs/DB01656"
"237","4,4'[1,6-Hexanediylbis(Oxy)]Bisbenzenecarboximidamide (DB03808)","0.8736","http://www.drugbank.ca/drugs/DB03808"
"238","1-[2-(3-Biphenyl)-4-Methylvaleryl)]Amino-3-(2-Pyridylsulfonyl)Amino-2-Propanone (DB04244)","0.8733","http://www.drugbank.ca/drugs/DB04244"
"239","Doxazosin (DB00590)","0.8729","http://www.drugbank.ca/drugs/DB00590"
"240","N-{2-[6-(2,4-DIAMINO-6-ETHYLPYRIMIDIN-5-YL)-2,2-DIMETHYL-3-OXO-2,3-DIHYDRO-4H-1,4-BENZOXAZIN-4-YL]ETHYL}ACETAMIDE (DB07059)","0.8724","http://www.drugbank.ca/drugs/DB07059"
"241","1-{2-[(4-CHLOROPHENYL)AMINO]-2-OXOETHYL}-N-(1-ISOPROPYLPIPERIDIN-4-YL)-1H-INDOLE-2-CARBOXAMIDE (DB07974)","0.8721","http://www.drugbank.ca/drugs/DB07974"
"242","N-(cyclopropylmethyl)-2'-methyl-5'-(5-methyl-1,3,4-oxadiazol-2-yl)biphenyl-4-carboxamide (DB07834)","0.8719","http://www.drugbank.ca/drugs/DB07834"
"243","N-[5-(1,1-DIOXIDOISOTHIAZOLIDIN-2-YL)-1H-INDAZOL-3-YL]-2-(4-PIPERIDIN-1-YLPHENYL)ACETAMIDE (DB07220)","0.8719","http://www.drugbank.ca/drugs/DB07220"
"244","Ketazolam (DB01587)","0.8717","http://www.drugbank.ca/drugs/DB01587"
"245","Balanol Analog 1 (DB02611)","0.8716","http://www.drugbank.ca/drugs/DB02611"
"246","2-({4-[(5-CHLORO-1H-INDOL-2-YL)SULFONYL]PIPERAZIN-1-YL}CARBONYL)THIENO[3,2-B]PYRIDINE 4-OXIDE (DB07605)","0.8709","http://www.drugbank.ca/drugs/DB07605"
"247","1-((1R,2S)-1-{2-[2-(4-CHLOROPHENYL)-1,3-BENZOXAZOL-7-YL]ETHYL}-2-HYDROXYPROPYL)-1H-IMIDAZOLE-4-CARBOXAMIDE (DB07786)","0.8709","http://www.drugbank.ca/drugs/DB07786"
"248","Trifluoperazine (DB00831)","0.8699","http://www.drugbank.ca/drugs/DB00831"
"249","[1-(3-Hydroxy-2-Oxo-1-Phenethyl-Propylcarbamoyl)2-Phenyl-Ethyl]-Carbamic Acid Pyridin-4-Ylmethyl Ester (DB02128)","0.8698","http://www.drugbank.ca/drugs/DB02128"
"250","4-{2-[4-(2-Aminoethyl)Piperazin-1-Yl]Pyridin-4-Yl}-N-(3-Chloro-4-Methylphenyl)Pyrimidin-2-Amine (DB03916)","0.8695","http://www.drugbank.ca/drugs/DB03916"
"251","N'-(3-CHLORO-4-METHOXY-PHENYL)-N-(3,4,5-TRIMETHOXYPHENYL)-1,3,5-TRIAZINE-2,4-DIAMINE (DB07251)","0.8690","http://www.drugbank.ca/drugs/DB07251"
"252","Propafenone (DB01182)","0.8688","http://www.drugbank.ca/drugs/DB01182"
"253","Eletriptan (DB00216)","0.8688","http://www.drugbank.ca/drugs/DB00216"
"254","Lomefloxacin (DB00978)","0.8688","http://www.drugbank.ca/drugs/DB00978"
"255","Fluvastatin (DB01095)","0.8684","http://www.drugbank.ca/drugs/DB01095"
"256","[4-(6-Chloro-Naphthalene-2-Sulfonyl)-Piperazin-1-Yl]-(3,4,5,6-Tetrahydro-2h-[1,4']Bipyridinyl-4-Yl)-Methanone (DB01836)","0.8672","http://www.drugbank.ca/drugs/DB01836"
"257","6-(2,4-DIAMINO-6-ETHYLPYRIMIDIN-5-YL)-4-(3-METHOXYPROPYL)-2,2-DIMETHYL-2H-1,4-BENZOXAZIN-3(4H)-ONE (DB07174)","0.8671","http://www.drugbank.ca/drugs/DB07174"
"258","Saprisartan (DB01347)","0.8659","http://www.drugbank.ca/drugs/DB01347"
"259","(2R)-N-HYDROXY-2-[(3S)-3-METHYL-3-{4-[(2-METHYLQUINOLIN-4-YL)METHOXY]PHENYL}-2-OXOPYRROLIDIN-1-YL]PROPANAMIDE (DB07145)","0.8657","http://www.drugbank.ca/drugs/DB07145"
"260","N-(2-AMINOETHYL)-N~2~-{(1S)-1-[4'-(AMINOSULFONYL)BIPHENYL-4-YL]-2,2,2-TRIFLUOROETHYL}-L-LEUCINAMIDE (DB08270)","0.8654","http://www.drugbank.ca/drugs/DB08270"
"261","CRA_10655 (DB02526)","0.8653","http://www.drugbank.ca/drugs/DB02526"
"262","6-[3-(4-Morpholinyl)Propyl]-2-(3-Nitrophenyl)-5-Thioxo-5,6,-Dihydro-7h-Thienol[2',3':4,5]Pyrrolo[1,2-C]Imidazol-7-One (DB03507)","0.8652","http://www.drugbank.ca/drugs/DB03507"
"263","Encainide (DB01228)","0.8650","http://www.drugbank.ca/drugs/DB01228"
"264","1-(3-HYDROXYPROPYL)-2-[(3-NITROBENZOYL)AMINO]-1H-BENZIMIDAZOL-5-YL PIVALATE (DB08590)","0.8649","http://www.drugbank.ca/drugs/DB08590"
"265","OPC-51803 (DB05838)","0.8642","http://www.drugbank.ca/drugs/DB05838"
"266","(S)-2-CHLORO-N-(1-(2-(2-HYDROXYETHYLAMINO)-2-OXOETHYL)-2-OXO-1,2,3,4-TETRAHYDROQUINOLIN-3-YL)-6H-THIENO[2,3-B]PYRROLE-5-CARBOXAMIDE (DB07792)","0.8642","http://www.drugbank.ca/drugs/DB07792"
"267","Levofloxacin (DB01137)","0.8635","http://www.drugbank.ca/drugs/DB01137"
"268","Ofloxacin (DB01165)","0.8635","http://www.drugbank.ca/drugs/DB01165"
"269","6-BENZYL-1-BENZYLOXYMETHYL-5-ISOPROPYL URACIL (DB08634)","0.8632","http://www.drugbank.ca/drugs/DB08634"
"270","Iloperidone (DB04946)","0.8632","http://www.drugbank.ca/drugs/DB04946"
"271","SU4984 (DB02058)","0.8631","http://www.drugbank.ca/drugs/DB02058"
"272","Asimadoline (DB05104)","0.8628","http://www.drugbank.ca/drugs/DB05104"
"273","6-FLUORO-2-[2-HYDROXY-3-(2-METHYL-CYCLOHEXYLOXY)-PHENYL]-1H-INDOLE-5-CARBOXAMIDINE (DB06856)","0.8617","http://www.drugbank.ca/drugs/DB06856"
"274","Cinchocaine (DB00527)","0.8617","http://www.drugbank.ca/drugs/DB00527"
"275","3-[[(METHYLAMINO)SULFONYL]AMINO]-2-OXO-6-PHENYL-N-[3,3,3-TRIFLUORO-1-(1-METHYLETHYL)-2-OXOPHENYL]-1(2H)-PYRIDINE ACETAMIDE (DB08614)","0.8616","http://www.drugbank.ca/drugs/DB08614"
"276","Methantheline (DB00940)","0.8612","http://www.drugbank.ca/drugs/DB00940"
"277","(13R,15S)-13-METHYL-16-OXA-8,9,12,22,24-PENTAAZAHEXACYCLO[15.6.2.16,9.1,12,15.0,2,7.0,21,25]HEPTACOSA-1(24),2,4,6,17(25),18,20-HEPTAENE-23,26-DIONE (DB06888)","0.8612","http://www.drugbank.ca/drugs/DB06888"
"278","Topotecan (DB01030)","0.8609","http://www.drugbank.ca/drugs/DB01030"
"279","3-(1H-INDOL-3-YL)-4-(1-{2-[(2S)-1-METHYLPYRROLIDINYL]ETHYL}-1H-INDOL-3-YL)-1H-PYRROLE-2,5-DIONE (DB07456)","0.8608","http://www.drugbank.ca/drugs/DB07456"
"280","3-(1H-INDOL-3-YL)-4-{1-[2-(1-METHYLPYRROLIDIN-2-YL)ETHYL]-1H-INDOL-3-YL}-1H-PYRROLE-2,5-DIONE (DB07458)","0.8608","http://www.drugbank.ca/drugs/DB07458"
"281","1-ethyl-N-(phenylmethyl)-4-(tetrahydro-2H-pyran-4-ylamino)-1H-pyrazolo[3,4-b]pyridine-5-carboxamide (DB06909)","0.8607","http://www.drugbank.ca/drugs/DB06909"
"282","Phenserine (DB04892)","0.8596","http://www.drugbank.ca/drugs/DB04892"
"283","Sertindole (DB06144)","0.8594","http://www.drugbank.ca/drugs/DB06144"
"284","Zuclopenthixol acetate (DB08919)","0.8583","http://www.drugbank.ca/drugs/DB08919"
"285","Zuclopenthixol (DB01624)","0.8576","http://www.drugbank.ca/drugs/DB01624"
"286","5-CHLORO-THIOPHENE-2-CARBOXYLIC ACID ((3S,4S)-4-FLUORO- 1-{[2-FLUORO-4-(2-OXO-2H-PYRIDIN-1-YL)-PHENYLCARBAMOYL]-METHYL}-PYRROLIDIN-3-YL)-AMIDE (DB08143)","0.8574","http://www.drugbank.ca/drugs/DB08143"
"287","Dimenhydrinate (DB00985)","0.8573","http://www.drugbank.ca/drugs/DB00985"
"288","Nefazodone (DB01149)","0.8566","http://www.drugbank.ca/drugs/DB01149"
"289","Valsartan (DB00177)","0.8554","http://www.drugbank.ca/drugs/DB00177"
"290","4-(4-METHYLPIPERAZIN-1-YL)-N-[5-(2-THIENYLACETYL)-1,5-DIHYDROPYRROLO[3,4-C]PYRAZOL-3-YL]BENZAMIDE (DB07186)","0.8553","http://www.drugbank.ca/drugs/DB07186"
"291","2-{4-[5-(4-chlorophenyl)-4-pyrimidin-4-yl-1H-pyrazol-3-yl]piperidin-1-yl}-2-oxoethanol (DB07943)","0.8550","http://www.drugbank.ca/drugs/DB07943"
"292","4-{[5-chloro-4-(1H-indol-3-yl)pyrimidin-2-yl]amino}-N-ethylpiperidine-1-carboxamide (DB08005)","0.8549","http://www.drugbank.ca/drugs/DB08005"
"293","Fluphenazine (DB00623)","0.8549","http://www.drugbank.ca/drugs/DB00623"
"294","N-ETHYL-N-ISOPROPYL-3-METHYL-5-{[(2S)-2-(PYRIDIN-4-YLAMINO)PROPYL]OXY}BENZAMIDE (DB07279)","0.8544","http://www.drugbank.ca/drugs/DB07279"
"295","5-chloro-N-[(3R)-1-(2-{[2-fluoro-4-(2-oxopyridin-1(2H)-yl)phenyl]amino}-2-oxoethyl)pyrrolidin-3-yl]thiophene-2-carboxamide (DB07872)","0.8541","http://www.drugbank.ca/drugs/DB07872"
"296","7-[3-(4-FLUORO-PHENYL)-1-ISOPROPYL-1H-INDOL-2-YL]-3,5-DIHYDROXY-HEPTANOIC ACID (DB06846)","0.8541","http://www.drugbank.ca/drugs/DB06846"
"297","Delavirdine (DB00705)","0.8539","http://www.drugbank.ca/drugs/DB00705"
"298","N-{2-[6-(2,4-DIAMINO-6-ETHYLPYRIMIDIN-5-YL)-2,2-DIMETHYL-3-OXO-2,3-DIHYDRO-4H-1,4-BENZOTHIAZIN-4-YL]ETHYL}ACETAMIDE (DB06899)","0.8536","http://www.drugbank.ca/drugs/DB06899"
"299","1-[4-(AMINOMETHYL)BENZOYL]-5'-FLUORO-1'H-SPIRO[PIPERIDINE-4,2'-QUINAZOLIN]-4'-AMINE (DB08750)","0.8527","http://www.drugbank.ca/drugs/DB08750"
"300","Thiothixene (DB01623)","0.8526","http://www.drugbank.ca/drugs/DB01623"
"301","5-Chloro-thiophene-2-carboxylic acid ((3S,4S)-1-{[2-fluoro-4-(2-oxo-2H-pyridin-1-yl)-phenylcarbamoyl]-methyl}-4-hydroxy-pyrrolidin-3-yl)-amide (DB07875)","0.8524","http://www.drugbank.ca/drugs/DB07875"
"302","N-(5-CHLORO-BENZO[B]THIOPHEN-3-YLMETHYL)-2-[6-CHLORO-OXO-3-(2-PYRIDIN-2-YL-ETHYLAMINO)-2H-PYRAZIN-1-YL]-ACETAMIDE (DB07165)","0.8513","http://www.drugbank.ca/drugs/DB07165"
"303","4-(3-{[5-(trifluoromethyl)pyridin-2-yl]oxy}benzyl)piperidine-1-carboxylic acid (DB08400)","0.8513","http://www.drugbank.ca/drugs/DB08400"
"304","Ciprofloxacin (DB00537)","0.8511","http://www.drugbank.ca/drugs/DB00537"
"305","N-ethyl-4-{[5-(methoxycarbamoyl)-2-methylphenyl]amino}-5-methylpyrrolo[2,1-f][1,2,4]triazine-6-carboxamide (DB06940)","0.8502","http://www.drugbank.ca/drugs/DB06940"
"306","1-(1'-{[3-(methylsulfanyl)-2-benzothiophen-1-yl]carbonyl}spiro[1-benzofuran-3,4'-piperidin]-5-yl)methanamine (DB06848)","0.8499","http://www.drugbank.ca/drugs/DB06848"
"307","Loratadine (DB00455)","0.8495","http://www.drugbank.ca/drugs/DB00455"
"308","Rivaroxaban (DB06228)","0.8494","http://www.drugbank.ca/drugs/DB06228"
"309","5-chloro-N-({(5S)-2-oxo-3-[4-(3-oxomorpholin-4-yl)phenyl]-1,3-oxazolidin-5-yl}methyl)thiophene-2-carboxamide (DB08477)","0.8494","http://www.drugbank.ca/drugs/DB08477"
"310","Asenapine (DB06216)","0.8487","http://www.drugbank.ca/drugs/DB06216"
"311","Prazosin (DB00457)","0.8474","http://www.drugbank.ca/drugs/DB00457"
"312","Aprepitant (DB00673)","0.8449","http://www.drugbank.ca/drugs/DB00673"
"313","Indacaterol (DB05039)","0.8446","http://www.drugbank.ca/drugs/DB05039"
"314","Prochlorperazine (DB00433)","0.8445","http://www.drugbank.ca/drugs/DB00433"
"315","Paroxetine (DB00715)","0.8442","http://www.drugbank.ca/drugs/DB00715"
"316","Furo[2,3d]Pyrimidine Antifolate (DB02026)","0.8442","http://www.drugbank.ca/drugs/DB02026"
"317","6-({5-fluoro-2-[(3,4,5-trimethoxyphenyl)amino]pyrimidin-4-yl}amino)-2,2-dimethyl-2H-pyrido[3,2-b][1,4]oxazin-3(4H)-one (DB07159)","0.8428","http://www.drugbank.ca/drugs/DB07159"
"318","Gatifloxacin (DB01044)","0.8426","http://www.drugbank.ca/drugs/DB01044"
"319","Ridogrel (DB01207)","0.8419","http://www.drugbank.ca/drugs/DB01207"
"320","[4-(3-AMINOMETHYL-PHENYL)-PIPERIDIN-1-YL]-(5-PHENETHYL- PYRIDIN-3-YL)-METHANONE (DB04764)","0.8418","http://www.drugbank.ca/drugs/DB04764"
"321","Raltitrexed (DB00293)","0.8417","http://www.drugbank.ca/drugs/DB00293"
"322","MACITENTAN (DB08932)","0.8415","http://www.drugbank.ca/drugs/DB08932"
"323","1-{3-[(4-pyridin-2-ylpiperazin-1-yl)sulfonyl]phenyl}-3-(1,3-thiazol-2-yl)urea (DB07817)","0.8414","http://www.drugbank.ca/drugs/DB07817"
"324","2'-deoxy-N-(naphthalen-1-ylmethyl)guanosine 5'-(dihydrogen phosphate) (DB08237)","0.8413","http://www.drugbank.ca/drugs/DB08237"
"325","(5E,7S)-2-amino-7-(4-fluoro-2-pyridin-3-ylphenyl)-4-methyl-7,8-dihydroquinazolin-5(6H)-one oxime (DB08197)","0.8398","http://www.drugbank.ca/drugs/DB08197"
"326","(S)-2-[(R)-3-amino-4-(2-fluorophenyl)butyryl]-1,2,3,4-tetrahydroisoquinoline-3-carboxamide (DB04578)","0.8396","http://www.drugbank.ca/drugs/DB04578"
"327","GLYCYLALANYL-N-2-NAPHTHYL-L-PROLINEAMIDE (DB07813)","0.8394","http://www.drugbank.ca/drugs/DB07813"
"328","Pitavastatin (DB08860)","0.8392","http://www.drugbank.ca/drugs/DB08860"
"329","LE-SN38 (DB05482)","0.8382","http://www.drugbank.ca/drugs/DB05482"
"330","(10R)-10-Formyl-5,8,10-Trideazafolic Acid (DB04264)","0.8373","http://www.drugbank.ca/drugs/DB04264"
"331","(2R,3R)-7-(methylsulfonyl)-3-(2,4,5-trifluorophenyl)-1,2,3,4-tetrahydropyrido[1,2-a]benzimidazol-2-amine (DB07193)","0.8371","http://www.drugbank.ca/drugs/DB07193"
"332","Ivacaftor (DB08820)","0.8355","http://www.drugbank.ca/drugs/DB08820"
"333","2-{2-[(3,5-dimethylphenyl)amino]pyrimidin-4-yl}-N-[(1S)-2-hydroxy-1-methylethyl]-4-methyl-1,3-thiazole-5-carboxamide (DB07194)","0.8351","http://www.drugbank.ca/drugs/DB07194"
"334","D-phenylalanyl-N-(3-fluorobenzyl)-L-prolinamide (DB07027)","0.8345","http://www.drugbank.ca/drugs/DB07027"
"335","Thiethylperazine (DB00372)","0.8340","http://www.drugbank.ca/drugs/DB00372"
"336","6-(4-{(1S,2S)-2-AMINO-1-[(DIMETHYLAMINO)CARBONYL]-3-[(3S)-3-FLUOROPYRROLIDIN-1-YL]-3-OXOPROPYL}PHENYL)-1H-[1,2,4]TRIAZOLO[1,5-A]PYRIDIN-4-IUM (DB08504)","0.8335","http://www.drugbank.ca/drugs/DB08504"
"337","Beta-hydroxyfentanyl (DB01453)","0.8333","http://www.drugbank.ca/drugs/DB01453"
"338","5-(3,5-DICHLOROPHENYL)THIO-4-ISOPROPYL-1-(PYRIDIN-4-YL-METHYL)-1H-IMIDAZOL-2-YL-METHYL CARBAMATE (DB08502)","0.8332","http://www.drugbank.ca/drugs/DB08502"
"339","Pleconaril (DB05105)","0.8331","http://www.drugbank.ca/drugs/DB05105"
"340","Pagoclone (DB04903)","0.8331","http://www.drugbank.ca/drugs/DB04903"
"341","5-(4-PHENOXYPHENYL)-5-(4-PYRIMIDIN-2-YLPIPERAZIN-1-YL)PYRIMIDINE-2,4,6(2H,3H)-TRIONE (DB07117)","0.8320","http://www.drugbank.ca/drugs/DB07117"
"342","D-phenylalanyl-N-(3-chlorobenzyl)-L-prolinamide (DB06919)","0.8319","http://www.drugbank.ca/drugs/DB06919"
"343","Cetirizine (DB00341)","0.8311","http://www.drugbank.ca/drugs/DB00341"
"344","(10S)-10-Formyl-5,8,10-Trideazafolic Acid (DB02540)","0.8309","http://www.drugbank.ca/drugs/DB02540"
"345","(2R)-1-[(4-tert-butylphenyl)sulfonyl]-2-methyl-4-(4-nitrophenyl)piperazine (DB07049)","0.8307","http://www.drugbank.ca/drugs/DB07049"
"346","Darusentan (DB04883)","0.8306","http://www.drugbank.ca/drugs/DB04883"
"347","Hydroxyzine (DB00557)","0.8302","http://www.drugbank.ca/drugs/DB00557"
"348","Perphenazine (DB00850)","0.8302","http://www.drugbank.ca/drugs/DB00850"
"349","N-[(Furan-2-Yl)Carbonyl]-(S)-Leucyl-(R)-[1-Amino-2(1h-Indol-3-Yl)Ethyl]-Phosphonic Acid (DB02046)","0.8293","http://www.drugbank.ca/drugs/DB02046"
"350","D-phenylalanyl-N-benzyl-L-prolinamide (DB07143)","0.8290","http://www.drugbank.ca/drugs/DB07143"
"351","Mesoridazine (DB00933)","0.8276","http://www.drugbank.ca/drugs/DB00933"
"352","CRA_11092 (DB03555)","0.8275","http://www.drugbank.ca/drugs/DB03555"
"353","N~3~-cyclopropyl-N~4~'-(cyclopropylmethyl)-6-methylbiphenyl-3,4'-dicarboxamide (DB07835)","0.8275","http://www.drugbank.ca/drugs/DB07835"
"354","3-(2-AMINO-6-BENZOYLQUINAZOLIN-3(4H)-YL)-N-CYCLOHEXYL-N-METHYLPROPANAMIDE (DB08749)","0.8272","http://www.drugbank.ca/drugs/DB08749"
"355","(5-(aminomethyl)-2H-spiro[benzofuran-3,4'-piperidine]-1'-yl)(5-(phenylethynyl)furan-2-yl)methanone (DB06962)","0.8269","http://www.drugbank.ca/drugs/DB06962"
"356","[2-(1-Amino-2-Hydroxy-Propyl)-4-(4-Fluoro-1h-Indol-3-Ylmethyl)-5-Hydroxy-Imidazol-1-Yl]-Acetic Acid (DB01674)","0.8263","http://www.drugbank.ca/drugs/DB01674"
"357","Azimilide (DB04957)","0.8262","http://www.drugbank.ca/drugs/DB04957"
"358","Atovaquone (DB01117)","0.8255","http://www.drugbank.ca/drugs/DB01117"
"359","(5S)-5-(3-AMINOPROPYL)-3-(2,5-DIFLUOROPHENYL)-N-ETHYL-5-PHENYL-4,5-DIHYDRO-1H-PYRAZOLE-1-CARBOXAMIDE (DB08250)","0.8255","http://www.drugbank.ca/drugs/DB08250"
"360","Grepafloxacin (DB00365)","0.8250","http://www.drugbank.ca/drugs/DB00365"
"361","Acetophenazine (DB01063)","0.8244","http://www.drugbank.ca/drugs/DB01063"
"362","N-(4-carbamimidoylbenzyl)-1-(3-phenylpropanoyl)-L-prolinamide (DB06942)","0.8243","http://www.drugbank.ca/drugs/DB06942"
"363","5-CHLORO-N-((1R,2S)-2-(4-(2-OXOPYRIDIN-1(2H)-YL)BENZAMIDO) CYCLOPENTYL)THIOPHENE-2-CARBOXAMIDE (DB08174)","0.8225","http://www.drugbank.ca/drugs/DB08174"
"364","(2S)-1-{[5-(1H-INDAZOL-5-YL)PYRIDIN-3-YL]OXY}-3-[(7AS)-7AH-INDOL-3-YL]PROPAN-2-AMINE (DB06977)","0.8225","http://www.drugbank.ca/drugs/DB06977"
"365","Mepenzolate (DB04843)","0.8212","http://www.drugbank.ca/drugs/DB04843"
"366","BNP 1350 (DB05806)","0.8209","http://www.drugbank.ca/drugs/DB05806"
"367","Thioproperazine (DB01622)","0.8208","http://www.drugbank.ca/drugs/DB01622"
"368","N-({(2S)-1-[(3R)-3-AMINO-4-(2-FLUOROPHENYL)BUTANOYL]PYRROLIDIN-2-YL}METHYL)BENZAMIDE (DB07779)","0.8203","http://www.drugbank.ca/drugs/DB07779"
"369","D-phenylalanyl-N-(3-methylbenzyl)-L-prolinamide (DB07133)","0.8202","http://www.drugbank.ca/drugs/DB07133"
"370","(4R,5R)-5-AMINO-1-[2-(1,3-BENZODIOXOL-5-YL)ETHYL]-4-(2,4,5-TRIFLUOROPHENYL)PIPERIDIN-2-ONE (DB07830)","0.8194","http://www.drugbank.ca/drugs/DB07830"
"371","(6S)-1-chloro-3-[(4-fluorobenzyl)oxy]-6-(pyrrolidin-1-ylcarbonyl)pyrrolo[1,2-a]pyrazin-4(6H)-one (DB07148)","0.8173","http://www.drugbank.ca/drugs/DB07148"
"372","1-[2-(3-ACETYL-2-HYDROXY-6-METHOXY-PHENYL)-CYCLOPROPYL]-3-(5-CYANO-PYRIDIN-2-YL)-THIOUREA (DB08212)","0.8159","http://www.drugbank.ca/drugs/DB08212"
"373","4-((3r,4s,5r)-4-Amino-3,5-Dihydroxy-Hex-1-Ynyl)-5-Fluoro-3-[1-(3-Methoxy-1h-Pyrrol-2-Yl)-Meth-(Z)-Ylidene]-1,3-Dihydro-Indol-2-One (DB03737)","0.8150","http://www.drugbank.ca/drugs/DB03737"
"374","4-(BENZHYDRYLOXY)-1-[3-(1H-TETRAAZOL-5-YL)PROPYL]PIPERIDINE (DB07917)","0.8150","http://www.drugbank.ca/drugs/DB07917"
"375","Trazodone (DB00656)","0.8148","http://www.drugbank.ca/drugs/DB00656"
"376","1-[1'-(3-phenylacryloyl)spiro[1-benzofuran-3,4'-piperidin]-5-yl]methanamine (DB06849)","0.8143","http://www.drugbank.ca/drugs/DB06849"
"377","D-phenylalanyl-N-{4-[amino(iminio)methyl]benzyl}-L-prolinamide (DB07005)","0.8139","http://www.drugbank.ca/drugs/DB07005"
"378","Irbesartan (DB01029)","0.8139","http://www.drugbank.ca/drugs/DB01029"
"379","4-[[(1E)-2-(4-CHLOROPHENYL)ETHENYL]SULFONYL]-1-[[1-(4-PYRIDINYL)-4-PIPERIDINYL]METHYL]PIPERAZINONE (DB08745)","0.8120","http://www.drugbank.ca/drugs/DB08745"
"380","1-(5-BROMO-PYRIDIN-2-YL)-3-[2-(6-FLUORO-2-HYDROXY-3-PROPIONYL-PHENYL)-CYCLOPROPYL]-UREA (DB07451)","0.8117","http://www.drugbank.ca/drugs/DB07451"
"381","Risperidone (DB00734)","0.8116","http://www.drugbank.ca/drugs/DB00734"
"382","N-((1R,2S)-2-(5-CHLORO-1H-INDOLE-2-CARBOXAMIDO)CYCLOHEXYL)-5-METHYL-4,5,6,7-TETRAHYDROTHIAZOLO[5,4-C]PYRIDINE-2-CARBOXAMIDE (DB07629)","0.8110","http://www.drugbank.ca/drugs/DB07629"
"383","N-((1R,2R)-2-(5-CHLORO-1H-INDOLE-2-CARBOXAMIDO)CYCLOHEXYL)-5-METHYL-4,5,6,7-TETRAHYDROTHIAZOLO[5,4-C]PYRIDINE-2-CARBOXAMIDE (DB07630)","0.8110","http://www.drugbank.ca/drugs/DB07630"
"384","N-(TERT-BUTYL)-3,5-DIMETHYL-N'-[(5-METHYL-2,3-DIHYDRO-1,4-BENZODIOXIN-6-YL)CARBONYL]BENZOHYDRAZIDE (DB07929)","0.8103","http://www.drugbank.ca/drugs/DB07929"
"385","Sparfloxacin (DB01208)","0.8102","http://www.drugbank.ca/drugs/DB01208"
"386","Dextromoramide (DB01529)","0.8093","http://www.drugbank.ca/drugs/DB01529"
"387","Haloperidol (DB00502)","0.8092","http://www.drugbank.ca/drugs/DB00502"
"388","Prasugrel (DB06209)","0.8079","http://www.drugbank.ca/drugs/DB06209"
"389","(2R)-N~4~-hydroxy-2-(3-hydroxybenzyl)-N~1~-[(1S,2R)-2-hydroxy-2,3-dihydro-1H-inden-1-yl]butanediamide (DB06837)","0.8068","http://www.drugbank.ca/drugs/DB06837"
"390","(4R)-N-[4-({[2-(DIMETHYLAMINO)ETHYL]AMINO}CARBONYL)-1,3-THIAZOL-2-YL]-4-METHYL-1-OXO-2,3,4,9-TETRAHYDRO-1H-BETA-CARBOLINE-6-CARBOXAMIDE (DB07406)","0.8068","http://www.drugbank.ca/drugs/DB07406"
"391","4-[(7-OXO-7H-THIAZOLO[5,4-E]INDOL-8-YLMETHYL)-AMINO]-N-PYRIDIN-2-YL-BENZENESULFONAMIDE (DB06844)","0.8066","http://www.drugbank.ca/drugs/DB06844"
"392","N-(2-METHOXYETHYL)-4-({4-[2-METHYL-1-(1-METHYLETHYL)-1H-IMIDAZOL-5-YL]PYRIMIDIN-2-YL}AMINO)BENZENESULFONAMIDE (DB07790)","0.8042","http://www.drugbank.ca/drugs/DB07790"
"393","Trovafloxacin (DB00685)","0.8038","http://www.drugbank.ca/drugs/DB00685"
"394","Tofisopam (DB08811)","0.8038","http://www.drugbank.ca/drugs/DB08811"
"395","Sildenafil (DB00203)","0.8015","http://www.drugbank.ca/drugs/DB00203"
"396","Pirenzepine (DB00670)","0.8012","http://www.drugbank.ca/drugs/DB00670"
"397","N-cyclohexyl-3-[3-(trifluoromethyl)phenyl][1,2,4]triazolo[4,3-b]pyridazin-6-amine (DB08708)","0.8004","http://www.drugbank.ca/drugs/DB08708"
"398","Pipazethate (DB08796)","0.7965","http://www.drugbank.ca/drugs/DB08796"
"399","Domperidone (DB01184)","0.7957","http://www.drugbank.ca/drugs/DB01184"
"400","(1S)-1-CYCLOPROPYL-2-[(2S)-4-(2,5-DIFLUOROPHENYL)-2-PHENYL-2,5-DIHYDRO-1H-PYRROL-1-YL]-2-OXOETHANAMINE (DB08244)","0.7954","http://www.drugbank.ca/drugs/DB08244"
"401","Anileridine (DB00913)","0.7947","http://www.drugbank.ca/drugs/DB00913"
"402","Dioxaphetyl butyrate (DB01475)","0.7946","http://www.drugbank.ca/drugs/DB01475"
"403","N1-(1-Dimethylcarbamoyl-2-Phenyl-Ethyl)-2-Oxo-N4-(2-Pyridin-2-Yl-Ethyl)-Succinamide (DB02140)","0.7936","http://www.drugbank.ca/drugs/DB02140"
"404","Besifloxacin (DB06771)","0.7915","http://www.drugbank.ca/drugs/DB06771"
"405","Pipotiazine (DB01621)","0.7910","http://www.drugbank.ca/drugs/DB01621"
"406","methyl (1R,2S)-2-(hydroxycarbamoyl)-1-{4-[(2-methylquinolin-4-yl)methoxy]benzyl}cyclopropanecarboxylate (DB07147)","0.7883","http://www.drugbank.ca/drugs/DB07147"
"407","Pemetrexed (DB00642)","0.7839","http://www.drugbank.ca/drugs/DB00642"
"408","Bepotastine (DB04890)","0.7826","http://www.drugbank.ca/drugs/DB04890"
"409","2-{4-[2-(2-AMINO-4-OXO-4,7-DIHYDRO-3H-PYRROLO[2,3-D]PYRIMIDIN-5-YL)-ETHYL]-BENZOYLAMINO}-3-METHYL-BUTYRIC ACID (DB08131)","0.7825","http://www.drugbank.ca/drugs/DB08131"
"410","2,5-bis-o-{3-[amino(imino)methyl]phenyl}-1,4:3,6-dianhydro-d-glucitol (DB04790)","0.7823","http://www.drugbank.ca/drugs/DB04790"
"411","2-O-(4'-AMIDINOPHENYL)-5-O-(3''-AMIDINOPHENYL)-1,4:3,6-DIANHYDRO-D-SORBITOL (DB04791)","0.7823","http://www.drugbank.ca/drugs/DB04791"
"412","2,5-O,O-BIS-{4',4''-AMIDINOPHENYL}-1,4:3,6-DIANHYDRO-D-SORBITOL (DB04792)","0.7823","http://www.drugbank.ca/drugs/DB04792"
"413","2-O-(3'-AMIDINOPHENYL)-5-O-(4''-AMIDINOPHENYL}-1,4:3,6-DIANHYDRO-D-SORBITOL (DB04793)","0.7823","http://www.drugbank.ca/drugs/DB04793"
"414","Almitrine (DB01430)","0.7814","http://www.drugbank.ca/drugs/DB01430"
"415","Sunitinib (DB01268)","0.7798","http://www.drugbank.ca/drugs/DB01268"
"416","N~2~-1,3-BENZOXAZOL-2-YL-3-CYCLOHEXYL-N-{2-[(4-METHOXYPHENYL)AMINO]ETHYL}-L-ALANINAMIDE (DB07839)","0.7781","http://www.drugbank.ca/drugs/DB07839"
"417","beta-phenyl-D-phenylalanyl-N-propyl-L-prolinamide (DB07083)","0.7780","http://www.drugbank.ca/drugs/DB07083"
"418","2-{4-[4-({4-[2-methyl-1-(1-methylethyl)-1H-imidazol-5-yl]pyrimidin-2-yl}amino)phenyl]piperazin-1-yl}-2-oxoethanol (DB07982)","0.7778","http://www.drugbank.ca/drugs/DB07982"
"419","5-[(E)-(5-CHLORO-2-OXO-1,2-DIHYDRO-3H-INDOL-3-YLIDENE)METHYL]-N-[2-(DIETHYLAMINO)ETHYL]-2,4-DIMETHYL-1H-PYRROLE-3-CARBOXAMIDE (DB08009)","0.7769","http://www.drugbank.ca/drugs/DB08009"
"420","SR11254 (DB02258)","0.7757","http://www.drugbank.ca/drugs/DB02258"
"421","[PHENYLALANINYL-PROLINYL]-[2-(PYRIDIN-4-YLAMINO)-ETHYL]-AMINE (DB08422)","0.7756","http://www.drugbank.ca/drugs/DB08422"
"422","N-(4-{[(3S)-3-(dimethylamino)pyrrolidin-1-yl]carbonyl}phenyl)-5-fluoro-4-[2-methyl-1-(1-methylethyl)-1H-imidazol-5-yl]pyrimidin-2-amine (DB07936)","0.7730","http://www.drugbank.ca/drugs/DB07936"
"423","Avanafil (DB06237)","0.7706","http://www.drugbank.ca/drugs/DB06237"
"424","Piboserod (DB04873)","0.7703","http://www.drugbank.ca/drugs/DB04873"
"425","6-CARBAMIMIDOYL-2-[2-HYDROXY-5-(3-METHOXY-PHENYL)-INDAN-1-YL]-HEXANOIC ACID (DB06866)","0.7702","http://www.drugbank.ca/drugs/DB06866"
"426","(METHYLPYRIDAZINE PIPERIDINE ETHYLOXYPHENYL)ETHYLACETATE (DB08012)","0.7701","http://www.drugbank.ca/drugs/DB08012"
"427","TC-5619 (DB06090)","0.7697","http://www.drugbank.ca/drugs/DB06090"
"428","Nicergoline (DB00699)","0.7684","http://www.drugbank.ca/drugs/DB00699"
"429","Difenoxin (DB01501)","0.7669","http://www.drugbank.ca/drugs/DB01501"
"430","2-(6-CHLORO-3-{[2,2-DIFLUORO-2-(2-PYRIDINYL)ETHYL]AMINO}-2-OXO-1(2H)-PYRAZINYL)-N-[(2-FLUORO-6-PYRIDINYL)METHYL]ACETAMIDE (DB07548)","0.7655","http://www.drugbank.ca/drugs/DB07548"
"431","6-CARBAMIMIDOYL-2-[2-HYDROXY-6-(4-HYDROXY-PHENYL)-INDAN-1-YL]-HEXANOIC ACID (DB06865)","0.7654","http://www.drugbank.ca/drugs/DB06865"
"432","Clidinium (DB00771)","0.7646","http://www.drugbank.ca/drugs/DB00771"
"433","9-Butyl-8-(2,5-Dimethoxy-Benzyl)-2-Fluoro-9h-Purin-6-Ylamine (DB04054)","0.7642","http://www.drugbank.ca/drugs/DB04054"
"434","4-[(2-{4-[(CYCLOPROPYLCARBAMOYL)AMINO]-1H-PYRAZOL-3-YL}-1H-BENZIMIDAZOL-6-YL)METHYL]MORPHOLIN-4-IUM (DB08067)","0.7637","http://www.drugbank.ca/drugs/DB08067"
"435","8-(2,5-Dimethoxy-Benzyl)-2-Fluoro-9-Pent-9h-Purin-6-Ylamine (DB03137)","0.7627","http://www.drugbank.ca/drugs/DB03137"
"436","Lisuride (DB00589)","0.7607","http://www.drugbank.ca/drugs/DB00589"
"437","Vardenafil (DB00862)","0.7596","http://www.drugbank.ca/drugs/DB00862"
"438","N-{2,2-DIFLUORO-2-[(2R)-PIPERIDIN-2-YL]ETHYL}-2-[2-(1H-1,2,4-TRIAZOL-1-YL)BENZYL][1,3]OXAZOLO[4,5-C]PYRIDIN-4-AMINE (DB04591)","0.7594","http://www.drugbank.ca/drugs/DB04591"
"439","2-(6-CHLORO-3-{[2,2-DIFLUORO-2-(2-PYRIDINYL)ETHYL]AMINO}-2-OXO-1(2H)-PYRAZINYL)-N-[(2-FLUORO-3-METHYL-6-PYRIDINYL)METHYL]ACETAMIDE (DB07549)","0.7573","http://www.drugbank.ca/drugs/DB07549"
"440","Raltegravir (DB06817)","0.7571","http://www.drugbank.ca/drugs/DB06817"
"441","Aminopterin (DB08878)","0.7542","http://www.drugbank.ca/drugs/DB08878"
"442","Methotrexate (DB00563)","0.7538","http://www.drugbank.ca/drugs/DB00563"
"443","Dasatinib (DB01254)","0.7513","http://www.drugbank.ca/drugs/DB01254"
"444","9-Butyl-8-(2-Chloro-3,4,5-Trimethoxy-Benzyl)-9h-Purin-6-Ylamine (DB03504)","0.7511","http://www.drugbank.ca/drugs/DB03504"
"445","8-(2-Chloro-3,4,5-Trimethoxy-Benzyl)-2-Fluoro-9-Pent-4-Ylnyl-9h-Purin-6-Ylamine (DB02550)","0.7508","http://www.drugbank.ca/drugs/DB02550"
"446","8-(2-Chloro-3,4,5-Trimethoxy-Benzyl)-9-Pent-4-Ylnyl-9h-Purin-6-Ylamine (DB04505)","0.7500","http://www.drugbank.ca/drugs/DB04505"
"447","N'-(6-aminopyridin-3-yl)-N-(2-cyclopentylethyl)-4-methyl-benzene-1,3-dicarboxamide (DB07537)","0.7492","http://www.drugbank.ca/drugs/DB07537"
"448","9-Butyl-8-(3,4,5-Trimethoxybenzyl)-9h-Purin-6-Amine (DB02754)","0.7478","http://www.drugbank.ca/drugs/DB02754"
"449","Ergonovine (DB01253)","0.7476","http://www.drugbank.ca/drugs/DB01253"
"450","OLOMOUCINE II (DB04662)","0.7445","http://www.drugbank.ca/drugs/DB04662"
"451","Eprosartan (DB00876)","0.7442","http://www.drugbank.ca/drugs/DB00876"
"452","(METHYLPYRIDAZINE PIPERIDINE PROPYLOXYPHENYL)ETHYLACETATE (DB08013)","0.7433","http://www.drugbank.ca/drugs/DB08013"
"453","Mercaptocarboxylate Inhibitor (DB02706)","0.7432","http://www.drugbank.ca/drugs/DB02706"
"454","O6-(R)-ROSCOVITINE, R-2-(6-BENZYLOXY-9-ISOPROPYL-9H-PURIN-2-YLAMINO)-BUTAN-1-OL (DB04770)","0.7380","http://www.drugbank.ca/drugs/DB04770"
"455","N6-METHYL-(R)-ROSCOVITINE, R-2-[6-(BENZYL-METHYL-AMINO)-9-ISOPROPYL-9H-PURIN-2-YLAMINO]-BUTAN-1-OL (DB04776)","0.7331","http://www.drugbank.ca/drugs/DB04776"
"456","1-Allyl-3-Butyl-8-(N-Acetyl-4-Aminobenzyl)-Xanthine (DB03267)","0.7310","http://www.drugbank.ca/drugs/DB03267"
"457","Purvalanol A (DB04751)","0.7300","http://www.drugbank.ca/drugs/DB04751"
"458","Purvalanol (DB02733)","0.7300","http://www.drugbank.ca/drugs/DB02733"
"459","Bortezomib (DB00188)","0.7298","http://www.drugbank.ca/drugs/DB00188"
"460","N-[(1R)-1-(DIHYDROXYBORYL)-3-METHYLBUTYL]-N-(PYRAZIN-2-YLCARBONYL)-L-PHENYLALANINAMIDE (DB07475)","0.7298","http://www.drugbank.ca/drugs/DB07475"
"461","(2S)-2-({6-[(3-AMINO-5-CHLOROPHENYL)AMINO]-9-ISOPROPYL-9H-PURIN-2-YL}AMINO)-3-METHYLBUTAN-1-OL (DB07379)","0.7294","http://www.drugbank.ca/drugs/DB07379"
"462","METHYL 1-(4-{[(2,4-DIAMINOPTERIDIN-6-YL)METHYL]AMINO}BENZOYL)PIPERIDINE-4-CARBOXYLATE (DB07689)","0.7290","http://www.drugbank.ca/drugs/DB07689"
"463","2-butoxy-9-(2,6-difluorobenzyl)-N-(2-morpholin-4-ylethyl)-9H-purin-6-amine (DB07937)","0.7286","http://www.drugbank.ca/drugs/DB07937"
"464","Methylergometrine (DB00353)","0.7265","http://www.drugbank.ca/drugs/DB00353"
"465","3-{ISOPROPYL[(TRANS-4-METHYLCYCLOHEXYL)CARBONYL]AMINO}-5-PHENYLTHIOPHENE-2-CARBOXYLIC ACID (DB08279)","0.7263","http://www.drugbank.ca/drugs/DB08279"
"466","Methysergide (DB00247)","0.7252","http://www.drugbank.ca/drugs/DB00247"
"467","METHYL 1-(4-{[(2,4-DIAMINOPTERIDIN-6-YL)METHYL](METHYL)AMINO}BENZOYL)PIPERIDINE-4-CARBOXYLATE (DB07765)","0.7242","http://www.drugbank.ca/drugs/DB07765"
"468","Quinine (DB00468)","0.7228","http://www.drugbank.ca/drugs/DB00468"
"469","Quinidine (DB00908)","0.7228","http://www.drugbank.ca/drugs/DB00908"
"470","Disopyramide (DB00280)","0.7220","http://www.drugbank.ca/drugs/DB00280"
"471","Sitagliptin (DB01261)","0.7208","http://www.drugbank.ca/drugs/DB01261"
"472","(4aS)-5-[(2,4-diaminopteridin-6-yl)methyl]-4a,5-dihydro-2H-dibenzo[b,f]azepin-8-ol (DB08448)","0.7198","http://www.drugbank.ca/drugs/DB08448"
"473","Tamibarotene (DB04942)","0.7193","http://www.drugbank.ca/drugs/DB04942"
"474","N-butyl-3-{[6-(9H-purin-6-ylamino)hexanoyl]amino}benzamide (DB07801)","0.7172","http://www.drugbank.ca/drugs/DB07801"
"475","CF-101 (DB05511)","0.7164","http://www.drugbank.ca/drugs/DB05511"
"476","N-[2-(1,3-BENZODIOXOL-5-YL)ETHYL]-1-[2-(1H-IMIDAZOL-1-YL)-6-METHYLPYRIMIDIN-4-YL]-D-PROLINAMIDE (DB06916)","0.7158","http://www.drugbank.ca/drugs/DB06916"
"477","5-(7-(4-(4,5-DIHYDRO-2-OXAZOLYL)PHENOXY)HEPTYL)-3-METHYL ISOXAZOLE (DB08726)","0.7135","http://www.drugbank.ca/drugs/DB08726"
"478","4-{[4-AMINO-6-(CYCLOHEXYLMETHOXY)-5-NITROSOPYRIMIDIN-2-YL]AMINO}BENZAMIDE (DB08572)","0.7123","http://www.drugbank.ca/drugs/DB08572"
"479","5-[[(2R)-2-cyclopropyl-7,8-dimethoxy-2H-chromen-5-yl]methyl]pyrimidine-2,4-diamine (DB08741)","0.6984","http://www.drugbank.ca/drugs/DB08741"
"480","ONO-6818 (DB03925)","0.6984","http://www.drugbank.ca/drugs/DB03925"
"481","Paliperidone (DB01267)","0.6972","http://www.drugbank.ca/drugs/DB01267"
"482","2-({8-[(3R)-3-AMINOPIPERIDIN-1-YL]-1,3-DIMETHYL-2,6-DIOXO-1,2,3,6-TETRAHYDRO-7H-PURIN-7-YL}METHYL)BENZONITRILE (DB08743)","0.6959","http://www.drugbank.ca/drugs/DB08743"
"483","Permethrin (DB04930)","0.6955","http://www.drugbank.ca/drugs/DB04930"
"484","5-(7-(6-CHLORO-4-(5-HYDRO-4-METHYL-2-OXAZOLYL)PHENOXY)HEPTYL)-3-METHYL ISOXAZOLE (DB08722)","0.6936","http://www.drugbank.ca/drugs/DB08722"
"485","5-(7-(5-HYDRO-4-METHYL-2-OXAZOLYL)PHENOXY)HEPTYL)-3-METHYL ISOXAZOLE (DB08727)","0.6904","http://www.drugbank.ca/drugs/DB08727"
"486","N~6~-cyclohexyl-N~2~-(4-morpholin-4-ylphenyl)-9H-purine-2,6-diamine (DB07340)","0.6883","http://www.drugbank.ca/drugs/DB07340"
"487","4-(6-CYCLOHEXYLMETHOXY-9H-PURIN-2-YLAMINO)--BENZAMIDE (DB08241)","0.6745","http://www.drugbank.ca/drugs/DB08241"
"488","Pralatrexate (DB06813)","0.6656","http://www.drugbank.ca/drugs/DB06813"
"489","Bis-Benzamidine (DB02081)","0.6641","http://www.drugbank.ca/drugs/DB02081"
"490","4-{[5-(CYCLOHEXYLMETHOXY)[1,2,4]TRIAZOLO[1,5-A]PYRIMIDIN-7-YL]AMINO}BENZENESULFONAMIDE (DB07685)","0.6589","http://www.drugbank.ca/drugs/DB07685"
"491","O6-CYCLOHEXYLMETHOXY-2-(4'-SULPHAMOYLANILINO) PURINE (DB07126)","0.6538","http://www.drugbank.ca/drugs/DB07126"
"492","3-(6-CYCLOHEXYLMETHOXY-9H-PURIN-2-YLAMINO)-BENZENESULFONAMIDE (DB08248)","0.6538","http://www.drugbank.ca/drugs/DB08248"
"493","(1S,6R)-3-{[3-(TRIFLUOROMETHYL)-5,6-DIHYDRO[1,2,4]TRIAZOLO[4,3-A]PYRAZIN-7(8H)-YL]CARBONYL}-6-(2,4,5-TRIFLUOROPHENYL)CYCLOHEX-3-EN-1-AMINE (DB08044)","0.6509","http://www.drugbank.ca/drugs/DB08044"
"494","(1S,2R,5S)-5-[3-(TRIFLUOROMETHYL)-5,6-DIHYDRO[1,2,4]TRIAZOLO[4,3-A]PYRAZIN-7(8H)-YL]-2-(2,4,5-TRIFLUOROPHENYL)CYCLOHEXANAMINE (DB07072)","0.6248","http://www.drugbank.ca/drugs/DB07072"
"495","N-[(1S)-1-{1-[(1R,3E)-1-ACETYLPENT-3-EN-1-YL]-1H-1,2,3-TRIAZOL-4-YL}-1,2-DIMETHYLPROPYL]BENZAMIDE (DB07878)","0.6244","http://www.drugbank.ca/drugs/DB07878"
"496","7-amino-2-tert-butyl-4-(4-pyrimidin-2-ylpiperazin-1-yl)pyrido[2,3-d]pyrimidine-6-carboxamide (DB07043)","0.6012","http://www.drugbank.ca/drugs/DB07043"
"497","Oxyphencyclimine (DB00383)","0.5793","http://www.drugbank.ca/drugs/DB00383"
"498","Eszopiclone (DB00402)","0.5756","http://www.drugbank.ca/drugs/DB00402"
"499","Zopiclone (DB01198)","0.5756","http://www.drugbank.ca/drugs/DB01198"
"500","(2S,3S)-3-{3-[2-chloro-4-(methylsulfonyl)phenyl]-1,2,4-oxadiazol-5-yl}-1-cyclopentylidene-4-cyclopropyl-1-fluorobutan-2-amine (DB06994)","0.5134","http://www.drugbank.ca/drugs/DB06994"
