"","DrugBank Compound (Name, ID)","Similarity to ","Link"
"1","6-({5-fluoro-2-[(3,4,5-trimethoxyphenyl)amino]pyrimidin-4-yl}amino)-2,2-dimethyl-2H-pyrido[3,2-b][1,4]oxazin-3(4H)-one (DB07159)","1.0000","http://www.drugbank.ca/drugs/DB07159"
"2","2,4-Diamino-6-[N-(3',4',5'-Trimethoxybenzyl)-N-Methylamino]Pyrido[2,3-D]Pyrimidine (DB02919)","0.9438","http://www.drugbank.ca/drugs/DB02919"
"3","N'-(5-CHLORO-1,3-BENZODIOXOL-4-YL)-N-(3,4,5- TRIMETHOXYPHENYL)PYRIMIDINE-2,4-DIAMINE (DB07250)","0.9403","http://www.drugbank.ca/drugs/DB07250"
"4","2,4-Diamino-5-Methyl-6-[(3,4,5-Trimethoxy-N-Methylanilino)Methyl]Pyrido[2,3-D]Pyrimidine (DB02104)","0.9384","http://www.drugbank.ca/drugs/DB02104"
"5","N-(5-chloro-1,3-benzodioxol-4-yl)-6-methoxy-7-(3-piperidin-1-ylpropoxy)quinazolin-4-amine (DB07249)","0.9308","http://www.drugbank.ca/drugs/DB07249"
"6","N~4~-methyl-N~4~-(3-methyl-1H-indazol-6-yl)-N~2~-(3,4,5-trimethoxyphenyl)pyrimidine-2,4-diamine (DB08042)","0.9299","http://www.drugbank.ca/drugs/DB08042"
"7","N'-(3-CHLORO-4-METHOXY-PHENYL)-N-(3,4,5-TRIMETHOXYPHENYL)-1,3,5-TRIAZINE-2,4-DIAMINE (DB07251)","0.9294","http://www.drugbank.ca/drugs/DB07251"
"8","Alfuzosin (DB00346)","0.9275","http://www.drugbank.ca/drugs/DB00346"
"9","N'-(5-CHLORO-1,3-BENZODIOXOL-4-YL)-N-(3-MORPHOLIN-4-YLPHENYL)PYRIMIDINE-2,4-DIAMINE (DB07255)","0.9275","http://www.drugbank.ca/drugs/DB07255"
"10","N~4~-(3-methyl-1H-indazol-6-yl)-N~2~-(3,4,5-trimethoxyphenyl)pyrimidine-2,4-diamine (DB08519)","0.9254","http://www.drugbank.ca/drugs/DB08519"
"11","Doxazosin (DB00590)","0.9225","http://www.drugbank.ca/drugs/DB00590"
"12","3-({4-[(5-CHLORO-1,3-BENZODIOXOL-4-YL)AMINO]PYRIMIDIN-2-YL}AMINO)BENZAMIDE (DB07256)","0.9123","http://www.drugbank.ca/drugs/DB07256"
"13","Gefitinib (DB00317)","0.9116","http://www.drugbank.ca/drugs/DB00317"
"14","6,7-DIMETHOXY-4-[(3R)-3-(QUINOXALIN-2-YLOXY)PYRROLIDIN-1-YL]QUINAZOLINE (DB08391)","0.9060","http://www.drugbank.ca/drugs/DB08391"
"15","Trimetrexate (DB01157)","0.9060","http://www.drugbank.ca/drugs/DB01157"
"16","Erlotinib (DB00530)","0.9046","http://www.drugbank.ca/drugs/DB00530"
"17","3-(2-CHLOROPHENYL)-1-(2-{[(1S)-2-HYDROXY-1,2-DIMETHYLPROPYL]AMINO}PYRIMIDIN-4-YL)-1-(4-METHOXYPHENYL)UREA (DB08095)","0.9036","http://www.drugbank.ca/drugs/DB08095"
"18","(2S)-1-{4-[(4-ANILINO-5-BROMOPYRIMIDIN-2-YL)AMINO]PHENOXY}-3-(DIMETHYLAMINO)PROPAN-2-OL (DB07501)","0.9035","http://www.drugbank.ca/drugs/DB07501"
"19","(2R)-1-{4-[(4-ANILINO-5-BROMOPYRIMIDIN-2-YL)AMINO]PHENOXY}-3-(DIMETHYLAMINO)PROPAN-2-OL (DB07504)","0.9035","http://www.drugbank.ca/drugs/DB07504"
"20","N-[3-[[4-[(5-CHLORO-1,3-BENZODIOXOL-4-YL)AMINO]PYRIMIDIN-2-YL]AMINO]PHENYL]METHANESULFONAMIDE (DB07254)","0.9033","http://www.drugbank.ca/drugs/DB07254"
"21","Vandetanib (DB05294)","0.8986","http://www.drugbank.ca/drugs/DB05294"
"22","(2S)-1-[4-({6-[(2,6-DIFLUOROPHENYL)AMINO]PYRIMIDIN-4-YL}AMINO)PHENOXY]-3-(DIMETHYLAMINO)PROPAN-2-OL (DB07751)","0.8977","http://www.drugbank.ca/drugs/DB07751"
"23","(2R)-1-[4-({6-[(2,6-DIFLUOROPHENYL)AMINO]PYRIMIDIN-4-YL}AMINO)PHENOXY]-3-(DIMETHYLAMINO)PROPAN-2-OL (DB07761)","0.8977","http://www.drugbank.ca/drugs/DB07761"
"24","2-({5-CHLORO-2-[(2-METHOXY-4-MORPHOLIN-4-YLPHENYL)AMINO]PYRIMIDIN-4-YL}AMINO)-N-METHYLBENZAMIDE (DB07460)","0.8973","http://www.drugbank.ca/drugs/DB07460"
"25","(3S)-1-(1,3-BENZODIOXOL-5-YLMETHYL)-3-[4-(1H-IMIDAZOL-1-YL)PHENOXY]PIPERIDINE (DB07011)","0.8973","http://www.drugbank.ca/drugs/DB07011"
"26","(2R)-1-[4-({4-[(2,5-DICHLOROPHENYL)AMINO]PYRIMIDIN-2-YL}AMINO)PHENOXY]-3-(DIMETHYLAMINO)PROPAN-2-OL (DB07750)","0.8953","http://www.drugbank.ca/drugs/DB07750"
"27","(2S)-1-[4-({4-[(2,5-DICHLOROPHENYL)AMINO]PYRIMIDIN-2-YL}AMINO)PHENOXY]-3-(DIMETHYLAMINO)PROPAN-2-OL (DB07755)","0.8953","http://www.drugbank.ca/drugs/DB07755"
"28","6-(2,4-DIAMINO-6-ETHYLPYRIMIDIN-5-YL)-4-(3-METHOXYPROPYL)-2,2-DIMETHYL-2H-1,4-BENZOXAZIN-3(4H)-ONE (DB07174)","0.8941","http://www.drugbank.ca/drugs/DB07174"
"29","Afatinib (DB08916)","0.8933","http://www.drugbank.ca/drugs/DB08916"
"30","CI-1033 (DB05424)","0.8881","http://www.drugbank.ca/drugs/DB05424"
"31","(2R)-1-(DIMETHYLAMINO)-3-{4-[(6-{[2-FLUORO-5-(TRIFLUOROMETHYL)PHENYL]AMINO}PYRIMIDIN-4-YL)AMINO]PHENOXY}PROPAN-2-OL (DB07054)","0.8819","http://www.drugbank.ca/drugs/DB07054"
"32","Terazosin (DB01162)","0.8813","http://www.drugbank.ca/drugs/DB01162"
"33","Prazosin (DB00457)","0.8776","http://www.drugbank.ca/drugs/DB00457"
"34","9-Butyl-8-(3,4,5-Trimethoxybenzyl)-9h-Purin-6-Amine (DB02754)","0.8766","http://www.drugbank.ca/drugs/DB02754"
"35","N-{2-[6-(2,4-DIAMINO-6-ETHYLPYRIMIDIN-5-YL)-2,2-DIMETHYL-3-OXO-2,3-DIHYDRO-4H-1,4-BENZOXAZIN-4-YL]ETHYL}ACETAMIDE (DB07059)","0.8763","http://www.drugbank.ca/drugs/DB07059"
"36","4-BROMO-2-FLUORO-N-[(4E)-6-METHOXY-7-[(1-METHYLPIPERIDIN-4-YL)METHOXY]QUINAZOLIN-4(1H)-YLIDENE]ANILINE (DB08764)","0.8737","http://www.drugbank.ca/drugs/DB08764"
"37","Bosutinib (DB06616)","0.8728","http://www.drugbank.ca/drugs/DB06616"
"38","2-fluoro-6-{[2-({2-methoxy-4-[(methylsulfonyl)methyl]phenyl}amino)-7H-pyrrolo[2,3-d]pyrimidin-4-yl]amino}benzamide (DB07845)","0.8717","http://www.drugbank.ca/drugs/DB07845"
"39","9-Butyl-8-(2-Chloro-3,4,5-Trimethoxy-Benzyl)-9h-Purin-6-Ylamine (DB03504)","0.8716","http://www.drugbank.ca/drugs/DB03504"
"40","8-(2-Chloro-3,4,5-Trimethoxy-Benzyl)-9-Pent-4-Ylnyl-9h-Purin-6-Ylamine (DB04505)","0.8704","http://www.drugbank.ca/drugs/DB04505"
"41","METHYL (2Z)-2-(2-{[6-(2-CYANOPHENOXY)PYRIMIDIN-4-YL]OXY}PHENYL)-3-METHOXYACRYLATE (DB07401)","0.8685","http://www.drugbank.ca/drugs/DB07401"
"42","(2S)-2-ETHOXY-3-{4-[2-(10H-PHENOXAZIN-10-YL)ETHOXY]PHENYL}PROPANOIC ACID (DB07675)","0.8682","http://www.drugbank.ca/drugs/DB07675"
"43","8-(2-Chloro-3,4,5-Trimethoxy-Benzyl)-2-Fluoro-9-Pent-4-Ylnyl-9h-Purin-6-Ylamine (DB02550)","0.8676","http://www.drugbank.ca/drugs/DB02550"
"44","(2S)-6-(2,4-DIAMINO-6-ETHYLPYRIMIDIN-5-YL)-2-(3,5-DIFLUOROPHENYL)-4-(3-METHOXYPROPYL)-2H-1,4-BENZOXAZIN-3(4H)-ONE (DB07113)","0.8671","http://www.drugbank.ca/drugs/DB07113"
"45","Trimethobenzamide (DB00662)","0.8643","http://www.drugbank.ca/drugs/DB00662"
"46","5-(2-ETHOXYETHYL)-5-[4-(4-FLUOROPHENOXY)PHENOXY]PYRIMIDINE-2,4,6(1H,3H,5H)-TRIONE (DB08388)","0.8642","http://www.drugbank.ca/drugs/DB08388"
"47","1-(3-HYDROXYPROPYL)-2-[(3-NITROBENZOYL)AMINO]-1H-BENZIMIDAZOL-5-YL PIVALATE (DB08590)","0.8624","http://www.drugbank.ca/drugs/DB08590"
"48","N-({4-[(2-aminopyridin-4-yl)oxy]-3-fluorophenyl}carbamoyl)-2-(4-fluorophenyl)acetamide (DB06995)","0.8616","http://www.drugbank.ca/drugs/DB06995"
"49","N-(3-TERT-BUTYL-1H-PYRAZOL-5-YL)-N'-{4-CHLORO-3-[(PYRIDIN-3-YLOXY)METHYL]PHENYL}UREA (DB08064)","0.8605","http://www.drugbank.ca/drugs/DB08064"
"50","Merimepodib (DB04862)","0.8585","http://www.drugbank.ca/drugs/DB04862"
"51","5-[4-(DIMETHYLAMINO)PHENYL]-6-[(6-MORPHOLIN-4-YLPYRIDIN-3-YL)ETHYNYL]PYRIMIDIN-4-AMINE (DB07280)","0.8558","http://www.drugbank.ca/drugs/DB07280"
"52","4-(2-aminoethoxy)-N-(2,5-diethoxyphenyl)-3,5-dimethylbenzamide (DB07625)","0.8550","http://www.drugbank.ca/drugs/DB07625"
"53","5-{[1-(2-fluorobenzyl)piperidin-4-yl]methoxy}quinazoline-2,4-diamine (DB07642)","0.8531","http://www.drugbank.ca/drugs/DB07642"
"54","(3R)-4-{[(3,4-dihydroxyphenyl)acetyl]oxy}-N-(2-formylindolizin-3-yl)-3-sulfino-D-valine (DB08116)","0.8528","http://www.drugbank.ca/drugs/DB08116"
"55","9-Butyl-8-(2,5-Dimethoxy-Benzyl)-2-Fluoro-9h-Purin-6-Ylamine (DB04054)","0.8520","http://www.drugbank.ca/drugs/DB04054"
"56","8-(2,5-Dimethoxy-Benzyl)-2-Fluoro-9-Pent-9h-Purin-6-Ylamine (DB03137)","0.8507","http://www.drugbank.ca/drugs/DB03137"
"57","Drotaverine (DB06751)","0.8489","http://www.drugbank.ca/drugs/DB06751"
"58","4-[(1S)-1-(3-fluoro-4-methoxyphenyl)-2-(2-methoxy-5-nitrophenyl)ethyl]-1H-imidazol-2-amine (DB07415)","0.8487","http://www.drugbank.ca/drugs/DB07415"
"59","(2R)-({4-[AMINO(IMINO)METHYL]PHENYL}AMINO){5-ETHOXY-2-FLUORO-3-[(3R)-TETRAHYDROFURAN-3-YLOXY]PHENYL}ACETICACID (DB04590)","0.8460","http://www.drugbank.ca/drugs/DB04590"
"60","[4-({5-(AMINOCARBONYL)-4-[(3-METHYLPHENYL)AMINO]PYRIMIDIN-2-YL}AMINO)PHENYL]ACETIC ACID (DB08513)","0.8452","http://www.drugbank.ca/drugs/DB08513"
"61","S-{3-[(4-ANILINOQUINAZOLIN-6-YL)AMINO]-3-OXOPROPYL}-L-CYSTEINE (DB07602)","0.8441","http://www.drugbank.ca/drugs/DB07602"
"62","Sorafenib (DB00398)","0.8434","http://www.drugbank.ca/drugs/DB00398"
"63","Regorafenib (DB08896)","0.8428","http://www.drugbank.ca/drugs/DB08896"
"64","5-{[1-(2,3-dichlorobenzyl)piperidin-4-yl]methoxy}quinazoline-2,4-diamine (DB07643)","0.8425","http://www.drugbank.ca/drugs/DB07643"
"65","Etonitazene (DB01462)","0.8421","http://www.drugbank.ca/drugs/DB01462"
"66","Cisapride (DB00604)","0.8404","http://www.drugbank.ca/drugs/DB00604"
"67","(2R,4R)-N~1~-(4-CHLOROPHENYL)-N~2~-[2-FLUORO-4-(2-OXOPYRIDIN-1(2H)-YL)PHENYL]-4-METHOXYPYRROLIDINE-1,2-DICARBOXAMIDE (DB06920)","0.8400","http://www.drugbank.ca/drugs/DB06920"
"68","4-(2-aminoethoxy)-N-(3-chloro-2-ethoxy-5-piperidin-1-ylphenyl)-3,5-dimethylbenzamide (DB07626)","0.8397","http://www.drugbank.ca/drugs/DB07626"
"69","(3R,4S)-1-[6-(6-METHOXYPYRIDIN-3-YL)PYRIMIDIN-4-YL]-4-(2,4,5-TRIFLUOROPHENYL)PYRROLIDIN-3-AMINE (DB08445)","0.8380","http://www.drugbank.ca/drugs/DB08445"
"70","Avanafil (DB06237)","0.8375","http://www.drugbank.ca/drugs/DB06237"
"71","AZD2563 (DB04850)","0.8371","http://www.drugbank.ca/drugs/DB04850"
"72","Diltiazem (DB00343)","0.8337","http://www.drugbank.ca/drugs/DB00343"
"73","N-{3-[(4-{[3-(TRIFLUOROMETHYL)PHENYL]AMINO}PYRIMIDIN-2-YL)AMINO]PHENYL}CYCLOPROPANECARBOXAMIDE (DB07545)","0.8324","http://www.drugbank.ca/drugs/DB07545"
"74","Ketoconazole (DB01026)","0.8320","http://www.drugbank.ca/drugs/DB01026"
"75","[5-AMINO-1-(4-FLUOROPHENYL)-1H-PYRAZOL-4-YL][3-(PIPERIDIN-4-YLOXY)PHENYL]METHANONE (DB08423)","0.8319","http://www.drugbank.ca/drugs/DB08423"
"76","N-(2-METHOXYETHYL)-4-({4-[2-METHYL-1-(1-METHYLETHYL)-1H-IMIDAZOL-5-YL]PYRIMIDIN-2-YL}AMINO)BENZENESULFONAMIDE (DB07790)","0.8315","http://www.drugbank.ca/drugs/DB07790"
"77","PUROMYCIN (DB08437)","0.8313","http://www.drugbank.ca/drugs/DB08437"
"78","Furo[2,3d]Pyrimidine Antifolate (DB02026)","0.8300","http://www.drugbank.ca/drugs/DB02026"
"79","MACITENTAN (DB08932)","0.8298","http://www.drugbank.ca/drugs/DB08932"
"80","1-((2-HYDROXYETHOXY)METHYL)-5-(3-(BENZYLOXY)BENZYL)-6-HYDROXYPYRIMIDINE-2,4(1H,3H)-DIONE (DB07439)","0.8288","http://www.drugbank.ca/drugs/DB07439"
"81","N-[2-(1,3-BENZODIOXOL-5-YL)ETHYL]-1-[2-(1H-IMIDAZOL-1-YL)-6-METHYLPYRIMIDIN-4-YL]-D-PROLINAMIDE (DB06916)","0.8286","http://www.drugbank.ca/drugs/DB06916"
"82","[5-AMINO-1-(4-FLUOROPHENYL)-1H-PYRAZOL-4-YL](3-{[(2R)-2,3-DIHYDROXYPROPYL]OXY}PHENYL)METHANONE (DB08424)","0.8268","http://www.drugbank.ca/drugs/DB08424"
"83","(6-[4-(AMINOMETHYL)-2,6-DIMETHYLPHENOXY]-2-{[4-(AMINOMETHYL)PHENYL]AMINO}-5-BROMOPYRIMIDIN-4-YL)METHANOL (DB06874)","0.8268","http://www.drugbank.ca/drugs/DB06874"
"84","OLOMOUCINE II (DB04662)","0.8267","http://www.drugbank.ca/drugs/DB04662"
"85","3-[(1R)-1-(2,6-dichloro-3-fluorophenyl)ethoxy]-5-(1-piperidin-4-yl-1H-pyrazol-4-yl)pyridin-2-amine (DB08700)","0.8258","http://www.drugbank.ca/drugs/DB08700"
"86","(1-Methyl-1h-Imidazol-2-Yl)-(3-Methyl-4-{3-[(Pyridin-3-Ylmethyl)-Amino]-Propoxy}-Benzofuran-2-Yl)-Methanone (DB03062)","0.8256","http://www.drugbank.ca/drugs/DB03062"
"87","N-{3-[5-(6-Amino-Purin-9-Yl)-3,4-Dihydroxy-Tetrahydro-Furan-2-Yl]-Allyl}-2,3-Dihydroxy-5-Nitro-Benzamide (DB03907)","0.8256","http://www.drugbank.ca/drugs/DB03907"
"88","Bopindolol (DB08807)","0.8252","http://www.drugbank.ca/drugs/DB08807"
"89","Compound 4-D (DB03742)","0.8251","http://www.drugbank.ca/drugs/DB03742"
"90","ZK-805623 (DB04432)","0.8232","http://www.drugbank.ca/drugs/DB04432"
"91","Moricizine (DB00680)","0.8221","http://www.drugbank.ca/drugs/DB00680"
"92","10-Propargyl-5,8-Dideazafolic Acid (DB03541)","0.8219","http://www.drugbank.ca/drugs/DB03541"
"93","3-FLUORO-5-MORPHOLIN-4-YL-N-[3-(2-PYRIDIN-4-YLETHYL)-1H-INDOL-5-YL]BENZAMIDE (DB08091)","0.8216","http://www.drugbank.ca/drugs/DB08091"
"94","1-[1-(3-aminophenyl)-3-tert-butyl-1H-pyrazol-5-yl]-3-phenylurea (DB06883)","0.8211","http://www.drugbank.ca/drugs/DB06883"
"95","N-(2-chloro-6-methylphenyl)-8-[(3S)-3-methylpiperazin-1-yl]imidazo[1,5-a]quinoxalin-4-amine (DB08057)","0.8211","http://www.drugbank.ca/drugs/DB08057"
"96","1-((2-HYDROXYETHOXY)METHYL)-5-(3-(BENZYLOXY)BENZYL)PYRIMIDINE-2,4(1H,3H)-DIONE (DB06873)","0.8206","http://www.drugbank.ca/drugs/DB06873"
"97","2-{2-[(3,5-dimethylphenyl)amino]pyrimidin-4-yl}-N-[(1S)-2-hydroxy-1-methylethyl]-4-methyl-1,3-thiazole-5-carboxamide (DB07194)","0.8204","http://www.drugbank.ca/drugs/DB07194"
"98","4-[4-(1-Amino-1-Methylethyl)Phenyl]-5-Chloro-N-[4-(2-Morpholin-4-Ylethyl)Phenyl]Pyrimidin-2-Amine (DB02491)","0.8204","http://www.drugbank.ca/drugs/DB02491"
"99","O6-(R)-ROSCOVITINE, R-2-(6-BENZYLOXY-9-ISOPROPYL-9H-PURIN-2-YLAMINO)-BUTAN-1-OL (DB04770)","0.8187","http://www.drugbank.ca/drugs/DB04770"
"100","4-{2-[4-(2-Aminoethyl)Piperazin-1-Yl]Pyridin-4-Yl}-N-(3-Chloro-4-Methylphenyl)Pyrimidin-2-Amine (DB03916)","0.8186","http://www.drugbank.ca/drugs/DB03916"
"101","FAMOXADONE (DB07778)","0.8185","http://www.drugbank.ca/drugs/DB07778"
"102","N-{2'-[(4-FLUOROPHENYL)AMINO]-4,4'-BIPYRIDIN-2-YL}-4-METHOXYCYCLOHEXANECARBOXAMIDE (DB08025)","0.8181","http://www.drugbank.ca/drugs/DB08025"
"103","N-[3-(2-fluoroethoxy)phenyl]-N'-(1,3,4-trioxo-1,2,3,4-tetrahydroisoquinolin-6-yl)butanediamide (DB08499)","0.8181","http://www.drugbank.ca/drugs/DB08499"
"104","2-{5-[3-(7-PROPYL-3-TRIFLUOROMETHYLBENZO[D]ISOXAZOL-6-YLOXY)PROPOXY]INDOL-1-YL}ETHANOIC ACID (DB07053)","0.8167","http://www.drugbank.ca/drugs/DB07053"
"105","(2S)-2-({6-[(3-AMINO-5-CHLOROPHENYL)AMINO]-9-ISOPROPYL-9H-PURIN-2-YL}AMINO)-3-METHYLBUTAN-1-OL (DB07379)","0.8166","http://www.drugbank.ca/drugs/DB07379"
"106","1-ethyl-N-(phenylmethyl)-4-(tetrahydro-2H-pyran-4-ylamino)-1H-pyrazolo[3,4-b]pyridine-5-carboxamide (DB06909)","0.8166","http://www.drugbank.ca/drugs/DB06909"
"107","5-[1-(3,4-Dimethoxy-Benzoyl)-1,2,3,4-Tetrahydro-Quinolin-6-Yl]-6-Methyl-3,6-Dihydro-[1,3,4]Thiadiazin-2-One (DB03944)","0.8162","http://www.drugbank.ca/drugs/DB03944"
"108","5-[[(2R)-2-cyclopropyl-7,8-dimethoxy-2H-chromen-5-yl]methyl]pyrimidine-2,4-diamine (DB08741)","0.8150","http://www.drugbank.ca/drugs/DB08741"
"109","6-ETHYL-5-[(2S)-1-(3-METHOXYPROPYL)-2-PHENYL-1,2,3,4-TETRAHYDROQUINOLIN-7-YL]PYRIMIDINE-2,4-DIAMINE (DB08099)","0.8142","http://www.drugbank.ca/drugs/DB08099"
"110","Colchicine (DB01394)","0.8140","http://www.drugbank.ca/drugs/DB01394"
"111","Methotrexate (DB00563)","0.8140","http://www.drugbank.ca/drugs/DB00563"
"112","Gatifloxacin (DB01044)","0.8137","http://www.drugbank.ca/drugs/DB01044"
"113","(4-AMINO-2-{[1-(METHYLSULFONYL)PIPERIDIN-4-YL]AMINO}PYRIMIDIN-5-YL)(2,3-DIFLUORO-6-METHOXYPHENYL)METHANONE (DB08094)","0.8136","http://www.drugbank.ca/drugs/DB08094"
"114","Darusentan (DB04883)","0.8134","http://www.drugbank.ca/drugs/DB04883"
"115","Purvalanol A (DB04751)","0.8134","http://www.drugbank.ca/drugs/DB04751"
"116","2-MERCAPTO-N-[1,2,3,10-TETRAMETHOXY-9-OXO-5,6,7,9-TETRAHYDRO-BENZO[A]HEPTALEN-7-YL]ACETAMIDE (DB07574)","0.8133","http://www.drugbank.ca/drugs/DB07574"
"117","N-{2-[6-(2,4-DIAMINO-6-ETHYLPYRIMIDIN-5-YL)-2,2-DIMETHYL-3-OXO-2,3-DIHYDRO-4H-1,4-BENZOTHIAZIN-4-YL]ETHYL}ACETAMIDE (DB06899)","0.8130","http://www.drugbank.ca/drugs/DB06899"
"118","4-(2-HYDROXYBENZYLAMINO)-N-(3-(4-FLUOROPHENOXY)PHENYL)PIPERIDINE-1-SULFONAMIDE (DB04632)","0.8123","http://www.drugbank.ca/drugs/DB04632"
"119","Aminopterin (DB08878)","0.8116","http://www.drugbank.ca/drugs/DB08878"
"120","Purvalanol (DB02733)","0.8114","http://www.drugbank.ca/drugs/DB02733"
"121","Dihydrofolic Acid (DB02015)","0.8108","http://www.drugbank.ca/drugs/DB02015"
"122","Iloperidone (DB04946)","0.8098","http://www.drugbank.ca/drugs/DB04946"
"123","5-(4-PHENOXYPHENYL)-5-(4-PYRIMIDIN-2-YLPIPERAZIN-1-YL)PYRIMIDINE-2,4,6(2H,3H)-TRIONE (DB07117)","0.8093","http://www.drugbank.ca/drugs/DB07117"
"124","4-(2-aminoethoxy)-N-(3-chloro-5-piperidin-1-ylphenyl)-3,5-dimethylbenzamide (DB08697)","0.8089","http://www.drugbank.ca/drugs/DB08697"
"125","Ranolazine (DB00243)","0.8087","http://www.drugbank.ca/drugs/DB00243"
"126","FR236913 (DB02830)","0.8087","http://www.drugbank.ca/drugs/DB02830"
"127","Rilpivirine (DB08864)","0.8085","http://www.drugbank.ca/drugs/DB08864"
"128","TMC278 (DB05083)","0.8085","http://www.drugbank.ca/drugs/DB05083"
"129","Sildenafil (DB00203)","0.8079","http://www.drugbank.ca/drugs/DB00203"
"130","Quinacrine (DB01103)","0.8079","http://www.drugbank.ca/drugs/DB01103"
"131","4-(2-{[4-{[3-(4-Chlorophenyl)Propyl]Sulfanyl}-6-(1-Piperazinyl)-1,3,5-Triazin-2-Yl]Amino}Ethyl)Phenol (DB04020)","0.8078","http://www.drugbank.ca/drugs/DB04020"
"132","N-[4-CHLORO-3-(PYRIDIN-3-YLOXYMETHYL)-PHENYL]-3-FLUORO- (DB08068)","0.8077","http://www.drugbank.ca/drugs/DB08068"
"133","4-((3r,4s,5r)-4-Amino-3,5-Dihydroxy-Hex-1-Ynyl)-5-Fluoro-3-[1-(3-Methoxy-1h-Pyrrol-2-Yl)-Meth-(Z)-Ylidene]-1,3-Dihydro-Indol-2-One (DB03737)","0.8076","http://www.drugbank.ca/drugs/DB03737"
"134","Pipazethate (DB08796)","0.8072","http://www.drugbank.ca/drugs/DB08796"
"135","1-((1R)-1-(HYDROXYMETHYL)-3-{6-[(3-PHENYLPROPANOYL)AMINO]-1H-INDOL-1-YL}PROPYL)-1H-IMIDAZOLE-4-CARBOXAMIDE (DB07783)","0.8071","http://www.drugbank.ca/drugs/DB07783"
"136","2-{4-[4-({4-[2-methyl-1-(1-methylethyl)-1H-imidazol-5-yl]pyrimidin-2-yl}amino)phenyl]piperazin-1-yl}-2-oxoethanol (DB07982)","0.8065","http://www.drugbank.ca/drugs/DB07982"
"137","5-hydroxy-4-(7-methoxy-1,1-dioxido-2H-1,2,4-benzothiadiazin-3-yl)-2-(3-methylbutyl)-6-phenylpyridazin-3(2H)-one (DB06974)","0.8058","http://www.drugbank.ca/drugs/DB06974"
"138","Nefazodone (DB01149)","0.8057","http://www.drugbank.ca/drugs/DB01149"
"139","Terconazole (DB00251)","0.8053","http://www.drugbank.ca/drugs/DB00251"
"140","CRA_11092 (DB03555)","0.8038","http://www.drugbank.ca/drugs/DB03555"
"141","N6-METHYL-(R)-ROSCOVITINE, R-2-[6-(BENZYL-METHYL-AMINO)-9-ISOPROPYL-9H-PURIN-2-YLAMINO]-BUTAN-1-OL (DB04776)","0.8026","http://www.drugbank.ca/drugs/DB04776"
"142","N~6~-cyclohexyl-N~2~-(4-morpholin-4-ylphenyl)-9H-purine-2,6-diamine (DB07340)","0.8023","http://www.drugbank.ca/drugs/DB07340"
"143","(13R,15S)-13-METHYL-16-OXA-8,9,12,22,24-PENTAAZAHEXACYCLO[15.6.2.16,9.1,12,15.0,2,7.0,21,25]HEPTACOSA-1(24),2,4,6,17(25),18,20-HEPTAENE-23,26-DIONE (DB06888)","0.8021","http://www.drugbank.ca/drugs/DB06888"
"144","Brodimoprim-4,6-Dicarboxylate (DB02809)","0.8016","http://www.drugbank.ca/drugs/DB02809"
"145","2-[1-(4-CHLOROBENZOYL)-5-METHOXY-2-METHYL-1H-INDOL-3-YL]-N-[(1R)-1-(HYDROXYMETHYL)PROPYL]ACETAMIDE (DB07981)","0.8015","http://www.drugbank.ca/drugs/DB07981"
"146","2-[1-(4-CHLOROBENZOYL)-5-METHOXY-2-METHYL-1H-INDOL-3-YL]-N-[(1S)-1-(HYDROXYMETHYL)PROPYL]ACETAMIDE (DB07984)","0.8015","http://www.drugbank.ca/drugs/DB07984"
"147","N-(M-Trifluoromethylphenyl) Phenoxazine-4,6-Dicarboxylic Acid (DB02698)","0.8011","http://www.drugbank.ca/drugs/DB02698"
"148","4-(1-Benzyl-3-Carbamoylmethyl-2-Methyl-1h-Indol-5-Yloxy)-Butyric Acid (DB02936)","0.8005","http://www.drugbank.ca/drugs/DB02936"
"149","(METHYLPYRIDAZINE PIPERIDINE ETHYLOXYPHENYL)ETHYLACETATE (DB08012)","0.8003","http://www.drugbank.ca/drugs/DB08012"
"150","2-({2-[(3R)-3-AMINOPIPERIDIN-1-YL]-4-OXOQUINAZOLIN-3(4H)-YL}METHYL)BENZONITRILE (DB08588)","0.8002","http://www.drugbank.ca/drugs/DB08588"
"151","Folic Acid (DB00158)","0.8002","http://www.drugbank.ca/drugs/DB00158"
"152","1-{3-[(4-pyridin-2-ylpiperazin-1-yl)sulfonyl]phenyl}-3-(1,3-thiazol-2-yl)urea (DB07817)","0.7999","http://www.drugbank.ca/drugs/DB07817"
"153","Raltitrexed (DB00293)","0.7993","http://www.drugbank.ca/drugs/DB00293"
"154","Topotecan (DB01030)","0.7992","http://www.drugbank.ca/drugs/DB01030"
"155","METHYL 1-(4-{[(2,4-DIAMINOPTERIDIN-6-YL)METHYL]AMINO}BENZOYL)PIPERIDINE-4-CARBOXYLATE (DB07689)","0.7990","http://www.drugbank.ca/drugs/DB07689"
"156","Tadalafil (DB00820)","0.7987","http://www.drugbank.ca/drugs/DB00820"
"157","1-Acetyl-4-(4-{4-[(2-Ethoxyphenyl)Thio]-3-Nitrophenyl}Pyridin-2-Yl)Piperazine (DB02177)","0.7986","http://www.drugbank.ca/drugs/DB02177"
"158","3-{3-bromo-4-[(2,4-difluorobenzyl)oxy]-6-methyl-2-oxopyridin-1(2H)-yl}-N,4-dimethylbenzamide (DB07941)","0.7985","http://www.drugbank.ca/drugs/DB07941"
"159","Tetrahydrofolic acid (DB00116)","0.7983","http://www.drugbank.ca/drugs/DB00116"
"160","(6s)-5,6,7,8-Tetrahydrofolate (DB02031)","0.7983","http://www.drugbank.ca/drugs/DB02031"
"161","N-[5-(1,1-DIOXIDOISOTHIAZOLIDIN-2-YL)-1H-INDAZOL-3-YL]-2-(4-PIPERIDIN-1-YLPHENYL)ACETAMIDE (DB07220)","0.7979","http://www.drugbank.ca/drugs/DB07220"
"162","[3,5-Dibromo-4-(4-Hydroxy-3-Phenethylcarbamoyl-Phenoxy)-Phenyl]-Acetic Acid (DB02106)","0.7978","http://www.drugbank.ca/drugs/DB02106"
"163","5-Chloro-thiophene-2-carboxylic acid ((3S,4S)-1-{[2-fluoro-4-(2-oxo-2H-pyridin-1-yl)-phenylcarbamoyl]-methyl}-4-hydroxy-pyrrolidin-3-yl)-amide (DB07875)","0.7976","http://www.drugbank.ca/drugs/DB07875"
"164","Mirabegron  (DB08893)","0.7976","http://www.drugbank.ca/drugs/DB08893"
"165","Tofisopam (DB08811)","0.7975","http://www.drugbank.ca/drugs/DB08811"
"166","Balanol Analog 1 (DB02611)","0.7972","http://www.drugbank.ca/drugs/DB02611"
"167","2'-deoxy-N-(naphthalen-1-ylmethyl)guanosine 5'-(dihydrogen phosphate) (DB08237)","0.7967","http://www.drugbank.ca/drugs/DB08237"
"168","CF-101 (DB05511)","0.7967","http://www.drugbank.ca/drugs/DB05511"
"169","Delavirdine (DB00705)","0.7964","http://www.drugbank.ca/drugs/DB00705"
"170","WAY-151693 (DB02071)","0.7959","http://www.drugbank.ca/drugs/DB02071"
"171","METHYL 1-(4-{[(2,4-DIAMINOPTERIDIN-6-YL)METHYL](METHYL)AMINO}BENZOYL)PIPERIDINE-4-CARBOXYLATE (DB07765)","0.7957","http://www.drugbank.ca/drugs/DB07765"
"172","Quetiapine (DB01224)","0.7955","http://www.drugbank.ca/drugs/DB01224"
"173","2-Hydroxy-5-({1-[(2-Naphthyloxy)Methyl]-3-Oxoprop-1-Enyl}Amino)Tyrosine (DB02511)","0.7954","http://www.drugbank.ca/drugs/DB02511"
"174","4-{[5-chloro-4-(1H-indol-3-yl)pyrimidin-2-yl]amino}-N-ethylpiperidine-1-carboxamide (DB08005)","0.7952","http://www.drugbank.ca/drugs/DB08005"
"175","5-Hydroxymethylene-6-Hydrofolic Acid (DB02800)","0.7951","http://www.drugbank.ca/drugs/DB02800"
"176","1-(5-Carboxypentyl)-5-[(2,6-Dichlorobenzyl)Oxy]-1 H-Indole-2-Carboxylic Acid (DB02316)","0.7947","http://www.drugbank.ca/drugs/DB02316"
"177","2-(6-CHLORO-3-{[2,2-DIFLUORO-2-(1-OXIDO-2-PYRIDINYL)ETHYL]AMINO}-2-OXO-1(2H)-PYRAZINYL)-N-[(2-FLUOROPHENYL)METHYL]ACETAMIDE (DB07550)","0.7946","http://www.drugbank.ca/drugs/DB07550"
"178","N-{[4-(but-2-yn-1-yloxy)phenyl]sulfonyl}-5-methyl-D-tryptophan (DB07233)","0.7945","http://www.drugbank.ca/drugs/DB07233"
"179","2-METHYL-2-(4-{[({4-METHYL-2-[4-(TRIFLUOROMETHYL)PHENYL]-1,3-THIAZOL-5-YL}CARBONYL)AMINO]METHYL}PHENOXY)PROPANOIC ACID (DB07215)","0.7944","http://www.drugbank.ca/drugs/DB07215"
"180","4-(4-METHYLPIPERAZIN-1-YL)-N-[5-(2-THIENYLACETYL)-1,5-DIHYDROPYRROLO[3,4-C]PYRAZOL-3-YL]BENZAMIDE (DB07186)","0.7943","http://www.drugbank.ca/drugs/DB07186"
"181","4-chloro-6-{5-[(2-morpholin-4-ylethyl)amino]-1,2-benzisoxazol-3-yl}benzene-1,3-diol (DB07601)","0.7940","http://www.drugbank.ca/drugs/DB07601"
"182","2-Phenyl-1-[4-(2-Piperidin-1-Yl-Ethoxy)-Phenyl]-1,2,3,4-Tetrahydro-Isoquinolin-6-Ol (DB04471)","0.7930","http://www.drugbank.ca/drugs/DB04471"
"183","Clonitazene (DB01523)","0.7927","http://www.drugbank.ca/drugs/DB01523"
"184","CP-526423 (DB02089)","0.7926","http://www.drugbank.ca/drugs/DB02089"
"185","[3-(1-Benzyl-3-Carbamoylmethyl-2-Methyl-1h-Indol-5-Yloxy)-Propyl-]-Phosphonic Acid (DB02504)","0.7907","http://www.drugbank.ca/drugs/DB02504"
"186","(10R)-10-Formyl-5,8,10-Trideazafolic Acid (DB04264)","0.7905","http://www.drugbank.ca/drugs/DB04264"
"187","N-(4-{[(3S)-3-(dimethylamino)pyrrolidin-1-yl]carbonyl}phenyl)-5-fluoro-4-[2-methyl-1-(1-methylethyl)-1H-imidazol-5-yl]pyrimidin-2-amine (DB07936)","0.7903","http://www.drugbank.ca/drugs/DB07936"
"188","2-butoxy-9-(2,6-difluorobenzyl)-N-(2-morpholin-4-ylethyl)-9H-purin-6-amine (DB07937)","0.7903","http://www.drugbank.ca/drugs/DB07937"
"189","Temafloxacin (DB01405)","0.7897","http://www.drugbank.ca/drugs/DB01405"
"190","N-(1-ISOPROPYLPIPERIDIN-4-YL)-1-(3-METHOXYBENZYL)-1H-INDOLE-2-CARBOXAMIDE (DB07973)","0.7896","http://www.drugbank.ca/drugs/DB07973"
"191","5-chloro-N-[(3R)-1-(2-{[2-fluoro-4-(2-oxopyridin-1(2H)-yl)phenyl]amino}-2-oxoethyl)pyrrolidin-3-yl]thiophene-2-carboxamide (DB07872)","0.7892","http://www.drugbank.ca/drugs/DB07872"
"192","[2-(1-Amino-2-Hydroxy-Propyl)-4-(4-Fluoro-1h-Indol-3-Ylmethyl)-5-Hydroxy-Imidazol-1-Yl]-Acetic Acid (DB01674)","0.7891","http://www.drugbank.ca/drugs/DB01674"
"193","4-[[(1E)-2-(4-CHLOROPHENYL)ETHENYL]SULFONYL]-1-[[1-(4-PYRIDINYL)-4-PIPERIDINYL]METHYL]PIPERAZINONE (DB08745)","0.7889","http://www.drugbank.ca/drugs/DB08745"
"194","3-[3-(2,3-Dihydroxy-Propylamino)-Phenyl]-4-(5-Fluoro-1-Methyl-1h-Indol-3-Yl)-Pyrrole-2,5-Dione (DB01772)","0.7887","http://www.drugbank.ca/drugs/DB01772"
"195","OPC-51803 (DB05838)","0.7887","http://www.drugbank.ca/drugs/DB05838"
"196","5-Formyl-6-Hydrofolic Acid (DB02718)","0.7887","http://www.drugbank.ca/drugs/DB02718"
"197","Udenafil (DB06267)","0.7883","http://www.drugbank.ca/drugs/DB06267"
"198","ZK-806711 (DB03373)","0.7880","http://www.drugbank.ca/drugs/DB03373"
"199","2-(3-CHLORO-6-{[2,2-DIFLUORO-2-(1-OXIDOPYRIDIN-2-YL)ETHYL]AMINO}-1-OXIDOPYRIDIN-2-YL)-N-[1-(3-CHLOROPHENYL)ETHYL]ACETAMIDE (DB04722)","0.7873","http://www.drugbank.ca/drugs/DB04722"
"200","(2R)-N-HYDROXY-2-[(3S)-3-METHYL-3-{4-[(2-METHYLQUINOLIN-4-YL)METHOXY]PHENYL}-2-OXOPYRROLIDIN-1-YL]PROPANAMIDE (DB07145)","0.7868","http://www.drugbank.ca/drugs/DB07145"
"201","5-CHLORO-THIOPHENE-2-CARBOXYLIC ACID ((3S,4S)-4-FLUORO- 1-{[2-FLUORO-4-(2-OXO-2H-PYRIDIN-1-YL)-PHENYLCARBAMOYL]-METHYL}-PYRROLIDIN-3-YL)-AMIDE (DB08143)","0.7867","http://www.drugbank.ca/drugs/DB08143"
"202","Encainide (DB01228)","0.7862","http://www.drugbank.ca/drugs/DB01228"
"203","4-CHLORO-6-(4-{4-[4-(METHYLSULFONYL)BENZYL]PIPERAZIN-1-YL}-1H-PYRAZOL-5-YL)BENZENE-1,3-DIOL (DB06957)","0.7860","http://www.drugbank.ca/drugs/DB06957"
"204","Allyl-{6-[3-(4-Bromo-Phenyl)-1-Methyl-1h-Indazol-6-Yl]Oxy}Hexyl)-N-Methylamine (DB03888)","0.7854","http://www.drugbank.ca/drugs/DB03888"
"205","Compound 9 (DB02014)","0.7846","http://www.drugbank.ca/drugs/DB02014"
"206","N-{(1s)-4-[Bis(2-Chloroethyl)Amino]-1-Methylbutyl}-N-(6-Chloro-2-Methoxy-9-Acridinyl)Amine (DB02240)","0.7842","http://www.drugbank.ca/drugs/DB02240"
"207","Vardenafil (DB00862)","0.7838","http://www.drugbank.ca/drugs/DB00862"
"208","BIA (DB03336)","0.7835","http://www.drugbank.ca/drugs/DB03336"
"209","(3R,4S)-1-{6-[3-(METHYLSULFONYL)PHENYL]PYRIMIDIN-4-YL}-4-(2,4,5-TRIFLUOROPHENYL)PYRROLIDIN-3-AMINE (DB07666)","0.7833","http://www.drugbank.ca/drugs/DB07666"
"210","({3-[1-(4-HYDROXY-2-OXO-2H-CHROMEN-3-YL)-PROPYL]-PHENYLCARBAMOYL}-METHYL)-CARBAMIC ACID TERT-BUTYL ESTER (DB08664)","0.7832","http://www.drugbank.ca/drugs/DB08664"
"211","Bitolterol (DB00901)","0.7832","http://www.drugbank.ca/drugs/DB00901"
"212","[1-(3-Hydroxy-2-Oxo-1-Phenethyl-Propylcarbamoyl)2-Phenyl-Ethyl]-Carbamic Acid Pyridin-4-Ylmethyl Ester (DB02128)","0.7827","http://www.drugbank.ca/drugs/DB02128"
"213","5-Methyl-5,6,7,8-Tetrahydrofolic Acid (DB04375)","0.7827","http://www.drugbank.ca/drugs/DB04375"
"214","5-methyltetrahydrofolate (DB04789)","0.7827","http://www.drugbank.ca/drugs/DB04789"
"215","4-[(2-{4-[(CYCLOPROPYLCARBAMOYL)AMINO]-1H-PYRAZOL-3-YL}-1H-BENZIMIDAZOL-6-YL)METHYL]MORPHOLIN-4-IUM (DB08067)","0.7822","http://www.drugbank.ca/drugs/DB08067"
"216","(3R,4R)-1-{6-[3-(METHYLSULFONYL)PHENYL]PYRIMIDIN-4-YL}-4-(2,4,5-TRIFLUOROPHENYL)PIPERIDIN-3-AMINE (DB08164)","0.7818","http://www.drugbank.ca/drugs/DB08164"
"217","N-ethyl-4-{[5-(methoxycarbamoyl)-2-methylphenyl]amino}-5-methylpyrrolo[2,1-f][1,2,4]triazine-6-carboxamide (DB06940)","0.7811","http://www.drugbank.ca/drugs/DB06940"
"218","(4aS)-5-[(2,4-diaminopteridin-6-yl)methyl]-4a,5-dihydro-2H-dibenzo[b,f]azepin-8-ol (DB08448)","0.7808","http://www.drugbank.ca/drugs/DB08448"
"219","Trovafloxacin (DB00685)","0.7808","http://www.drugbank.ca/drugs/DB00685"
"220","1S,3AS,8AS-TRIMETHYL-1-OXIDO-1,2,3,3A,8,8A-HEXAHYDROPYRROLO[2,3-B]INDOL-5-YL 2-ETHYLPHENYLCARBAMATE (DB07846)","0.7803","http://www.drugbank.ca/drugs/DB07846"
"221","Lefradafiban (DB04863)","0.7800","http://www.drugbank.ca/drugs/DB04863"
"222","4-{[4-AMINO-6-(CYCLOHEXYLMETHOXY)-5-NITROSOPYRIMIDIN-2-YL]AMINO}BENZAMIDE (DB08572)","0.7797","http://www.drugbank.ca/drugs/DB08572"
"223","(METHYLPYRIDAZINE PIPERIDINE PROPYLOXYPHENYL)ETHYLACETATE (DB08013)","0.7792","http://www.drugbank.ca/drugs/DB08013"
"224","(2R)-2-{[4-(benzylamino)-8-(1-methylethyl)pyrazolo[1,5-a][1,3,5]triazin-2-yl]amino}butan-1-ol (DB08285)","0.7790","http://www.drugbank.ca/drugs/DB08285"
"225","Leucovorin (DB00650)","0.7789","http://www.drugbank.ca/drugs/DB00650"
"226","5-Formyl-5,6,7,8-Tetrahydrofolate (DB03256)","0.7789","http://www.drugbank.ca/drugs/DB03256"
"227","5-(3,5-DICHLOROPHENYL)THIO-4-ISOPROPYL-1-(PYRIDIN-4-YL-METHYL)-1H-IMIDAZOL-2-YL-METHYL CARBAMATE (DB08502)","0.7788","http://www.drugbank.ca/drugs/DB08502"
"228","Pagoclone (DB04903)","0.7786","http://www.drugbank.ca/drugs/DB04903"
"229","(20S)-19,20,22,23-TETRAHYDRO-19-OXO-5H,21H-18,20-ETHANO-12,14-ETHENO-6,10-METHENOBENZ[D]IMIDAZO[4,3-L][1,6,9,13]OXATRIAZACYCLONOADECOSINE-9-CARBONITRILE (DB08676)","0.7786","http://www.drugbank.ca/drugs/DB08676"
"230","5-(3-{3-[3-HYDROXY-2-(METHOXYCARBONYL)PHENOXY]PROPENYL}PHENYL)-4-(HYDROXYMETHYL)ISOXAZOLE-3-CARBOXYLIC ACID (DB08001)","0.7785","http://www.drugbank.ca/drugs/DB08001"
"231","9-CYCLOPENTYL-6-[2-(3-IMIDAZOL-1-YL-PROPOXY)-PHENYLAMINO]-9H-PURINE-2-CARBONITRILE (DB07967)","0.7784","http://www.drugbank.ca/drugs/DB07967"
"232","(1R)-2-{[AMINO(IMINO)METHYL]AMINO}-1-{4-[(4R)-4-(HYDROXYMETHYL)-1,3,2-DIOXABOROLAN-2-YL]PHENYL}ETHYL NICOTINATE (DB07023)","0.7783","http://www.drugbank.ca/drugs/DB07023"
"233","N-cyclopropyl-4-methyl-3-{2-[(2-morpholin-4-ylethyl)amino]quinazolin-6-yl}benzamide (DB08351)","0.7782","http://www.drugbank.ca/drugs/DB08351"
"234","6-FLUORO-2-[2-HYDROXY-3-(2-METHYL-CYCLOHEXYLOXY)-PHENYL]-1H-INDOLE-5-CARBOXAMIDINE (DB06856)","0.7777","http://www.drugbank.ca/drugs/DB06856"
"235","3-[3-(4-methylpiperazin-1-yl)-7-(trifluoromethyl)quinoxalin-5-yl]phenol (DB07969)","0.7775","http://www.drugbank.ca/drugs/DB07969"
"236","Pemetrexed (DB00642)","0.7771","http://www.drugbank.ca/drugs/DB00642"
"237","LE-SN38 (DB05482)","0.7770","http://www.drugbank.ca/drugs/DB05482"
"238","2-{4-[5-(4-chlorophenyl)-4-pyrimidin-4-yl-1H-pyrazol-3-yl]piperidin-1-yl}-2-oxoethanol (DB07943)","0.7766","http://www.drugbank.ca/drugs/DB07943"
"239","(2R,3R,4S,5R)-2-[6-amino-8-[(3,4-dichlorophenyl)methylamino]purin-9-yl]-5-(hydroxymethyl)oxolane-3,4-diol (DB07045)","0.7761","http://www.drugbank.ca/drugs/DB07045"
"240","2,5-bis-o-{3-[amino(imino)methyl]phenyl}-1,4:3,6-dianhydro-d-glucitol (DB04790)","0.7753","http://www.drugbank.ca/drugs/DB04790"
"241","2-O-(4'-AMIDINOPHENYL)-5-O-(3''-AMIDINOPHENYL)-1,4:3,6-DIANHYDRO-D-SORBITOL (DB04791)","0.7753","http://www.drugbank.ca/drugs/DB04791"
"242","2,5-O,O-BIS-{4',4''-AMIDINOPHENYL}-1,4:3,6-DIANHYDRO-D-SORBITOL (DB04792)","0.7753","http://www.drugbank.ca/drugs/DB04792"
"243","2-O-(3'-AMIDINOPHENYL)-5-O-(4''-AMIDINOPHENYL}-1,4:3,6-DIANHYDRO-D-SORBITOL (DB04793)","0.7753","http://www.drugbank.ca/drugs/DB04793"
"244","Bentiromide (DB00522)","0.7752","http://www.drugbank.ca/drugs/DB00522"
"245","Ezetimibe (DB00973)","0.7747","http://www.drugbank.ca/drugs/DB00973"
"246","(S)-2-CHLORO-N-(1-(2-(2-HYDROXYETHYLAMINO)-2-OXOETHYL)-2-OXO-1,2,3,4-TETRAHYDROQUINOLIN-3-YL)-6H-THIENO[2,3-B]PYRROLE-5-CARBOXAMIDE (DB07792)","0.7747","http://www.drugbank.ca/drugs/DB07792"
"247","[(1-{2[(4-Carbamimidoyl-Phenylamino)-Methyl]-1-Methyl-1h-Benzoimidazol-5-Yl}-Cyclopropyl)-Pyridin-2-Yl-Methyleneaminooxy]-Acetic Acid Ethyl Ester (DB04107)","0.7743","http://www.drugbank.ca/drugs/DB04107"
"248","Dasatinib (DB01254)","0.7741","http://www.drugbank.ca/drugs/DB01254"
"249","Nebivolol (DB04861)","0.7741","http://www.drugbank.ca/drugs/DB04861"
"250","(2e)-N-Allyl-4-{[3-(4-Bromophenyl)-5-Fluoro-1-Methyl-1h-Indazol-6-Yl]Oxy}-N-Methyl-2-Buten-1-Amine (DB02139)","0.7740","http://www.drugbank.ca/drugs/DB02139"
"251","3-{6-[(8-HYDROXY-QUINOLINE-2-CARBONYL)-AMINO]-2-THIOPHEN-2-YL-HEXANOYLAMINO}-4-OXO-BUTYRI ACID (DB07916)","0.7740","http://www.drugbank.ca/drugs/DB07916"
"252","(10S)-10-Formyl-5,8,10-Trideazafolic Acid (DB02540)","0.7739","http://www.drugbank.ca/drugs/DB02540"
"253","Risperidone (DB00734)","0.7732","http://www.drugbank.ca/drugs/DB00734"
"254","5-[[(2R)-2-cyclopropyl-7,8-dimethoxy-chroman-5-yl]methyl]pyrimidine-2,4-diamine (DB07938)","0.7725","http://www.drugbank.ca/drugs/DB07938"
"255","1-{2-[3-(2-Chloro-4,5-difluoro-benzoyl)-ureido]-4-fluoro-phenyl}-piperidine-4-carboxylic acid (DB07396)","0.7723","http://www.drugbank.ca/drugs/DB07396"
"256","2-{4-[2-(2-AMINO-4-OXO-4,7-DIHYDRO-3H-PYRROLO[2,3-D]PYRIMIDIN-5-YL)-ETHYL]-BENZOYLAMINO}-3-METHYL-BUTYRIC ACID (DB08131)","0.7723","http://www.drugbank.ca/drugs/DB08131"
"257","PHENYLALANYLAMINODI(ETHYLOXY)ETHYL BENZENESULFONAMIDEAMINOCARBONYLBENZENESULFONAMIDE (DB07710)","0.7722","http://www.drugbank.ca/drugs/DB07710"
"258","N-butyl-3-{[6-(9H-purin-6-ylamino)hexanoyl]amino}benzamide (DB07801)","0.7722","http://www.drugbank.ca/drugs/DB07801"
"259","Balanol Analog 2 (DB01940)","0.7721","http://www.drugbank.ca/drugs/DB01940"
"260","6-[3-(4-Morpholinyl)Propyl]-2-(3-Nitrophenyl)-5-Thioxo-5,6,-Dihydro-7h-Thienol[2',3':4,5]Pyrrolo[1,2-C]Imidazol-7-One (DB03507)","0.7718","http://www.drugbank.ca/drugs/DB03507"
"261","5,10-Methylene-6-Hydrofolic Acid (DB02301)","0.7716","http://www.drugbank.ca/drugs/DB02301"
"262","Tyrosyladenylate (DB03325)","0.7714","http://www.drugbank.ca/drugs/DB03325"
"263","pradefovir mesylate (DB05478)","0.7709","http://www.drugbank.ca/drugs/DB05478"
"264","2-{[(6-OXO-1,6-DIHYDROPYRIDIN-3-YL)METHYL]AMINO}-N-[4-PROPYL-3-(TRIFLUOROMETHYL)PHENYL]BENZAMIDE (DB07831)","0.7707","http://www.drugbank.ca/drugs/DB07831"
"265","Rosuvastatin (DB01098)","0.7707","http://www.drugbank.ca/drugs/DB01098"
"266","Tryptophanyl-5'amp (DB01831)","0.7702","http://www.drugbank.ca/drugs/DB01831"
"267","5-[(2-methyl-5-{[3-(trifluoromethyl)phenyl]carbamoyl}phenyl)amino]pyridine-3-carboxamide (DB07970)","0.7696","http://www.drugbank.ca/drugs/DB07970"
"268","5-Chloro-1h-Indole-2-Carboxylic Acid [1-(4-Fluorobenzyl)-2-(4-Hydroxypiperidin-1yl)-2-Oxoethyl]Amide (DB03383)","0.7690","http://www.drugbank.ca/drugs/DB03383"
"269","Cp403700, (S)-1-{2-[(5-Chloro-1h-Indole-2-Carbonyl)-Amino]-3-Phenyl-Propionyl}-Azetidine-3-Carboxylate (DB03744)","0.7688","http://www.drugbank.ca/drugs/DB03744"
"270","GW 501516 (DB05416)","0.7683","http://www.drugbank.ca/drugs/DB05416"
"271","1-{2-[(4-CHLOROPHENYL)AMINO]-2-OXOETHYL}-N-(1-ISOPROPYLPIPERIDIN-4-YL)-1H-INDOLE-2-CARBOXAMIDE (DB07974)","0.7683","http://www.drugbank.ca/drugs/DB07974"
"272","1-(2-CYCLOPROPYLETHYL)-3-(1,1-DIOXIDO-2H-1,2,4-BENZOTHIADIAZIN-3-YL)-6-FLUORO-4-HYDROXYQUINOLIN-2(1H)-ONE (DB08278)","0.7678","http://www.drugbank.ca/drugs/DB08278"
"273","Glisoxepide (DB01289)","0.7678","http://www.drugbank.ca/drugs/DB01289"
"274","Domperidone (DB01184)","0.7671","http://www.drugbank.ca/drugs/DB01184"
"275","N-{2,2-DIFLUORO-2-[(2R)-PIPERIDIN-2-YL]ETHYL}-2-[2-(1H-1,2,4-TRIAZOL-1-YL)BENZYL][1,3]OXAZOLO[4,5-C]PYRIDIN-4-AMINE (DB04591)","0.7669","http://www.drugbank.ca/drugs/DB04591"
"276","N~2~-1,3-BENZOXAZOL-2-YL-3-CYCLOHEXYL-N-{2-[(4-METHOXYPHENYL)AMINO]ETHYL}-L-ALANINAMIDE (DB07839)","0.7665","http://www.drugbank.ca/drugs/DB07839"
"277","Fluorescein (DB00693)","0.7661","http://www.drugbank.ca/drugs/DB00693"
"278","Propantheline (DB00782)","0.7661","http://www.drugbank.ca/drugs/DB00782"
"279","Vilazodone (DB06684)","0.7659","http://www.drugbank.ca/drugs/DB06684"
"280","3-(2-AMINO-6-BENZOYLQUINAZOLIN-3(4H)-YL)-N-CYCLOHEXYL-N-METHYLPROPANAMIDE (DB08749)","0.7659","http://www.drugbank.ca/drugs/DB08749"
"281","Flibanserin (DB04908)","0.7658","http://www.drugbank.ca/drugs/DB04908"
"282","4-(6-CYCLOHEXYLMETHOXY-9H-PURIN-2-YLAMINO)--BENZAMIDE (DB08241)","0.7644","http://www.drugbank.ca/drugs/DB08241"
"283","5-(5-chloro-2,4-dihydroxyphenyl)-N-ethyl-4-[4-(morpholin-4-ylmethyl)phenyl]isoxazole-3-carboxamide (DB06961)","0.7639","http://www.drugbank.ca/drugs/DB06961"
"284","Bepotastine (DB04890)","0.7636","http://www.drugbank.ca/drugs/DB04890"
"285","Sertindole (DB06144)","0.7635","http://www.drugbank.ca/drugs/DB06144"
"286","Benazepril (DB00542)","0.7635","http://www.drugbank.ca/drugs/DB00542"
"287","3-[(Acetyl-Methyl-Amino)-Methyl]-4-Amino-N-Methyl-N-(1-Methyl-1h-Indol-2-Ylmethyl)-Benzamide (DB03534)","0.7633","http://www.drugbank.ca/drugs/DB03534"
"288","(4R,2S)-5'-(4-(4-CHLOROBENZYLOXY)PYRROLIDIN-2-YLMETHANESULFONYL)ISOQUINOLINE (DB07583)","0.7632","http://www.drugbank.ca/drugs/DB07583"
"289","HONH-BENZYLMALONYL-L-ALANYLGLYCINE-P-NITROANILIDE (DB07434)","0.7632","http://www.drugbank.ca/drugs/DB07434"
"290","N~2~-[(BENZYLOXY)CARBONYL]-N-[(1S,2S)-2-HYDROXY-1-(4-HYDROXYBENZYL)PROPYL]-L-LEUCINAMIDE (DB07571)","0.7629","http://www.drugbank.ca/drugs/DB07571"
"291","[1-(1-Benzyl-3-Hydroxy-2-Oxo-Propylcarbamoyl)-2-Phenyl-Ethyl]-Carbamic Acid Benzyl Ester (DB01871)","0.7622","http://www.drugbank.ca/drugs/DB01871"
"292","Sparfloxacin (DB01208)","0.7617","http://www.drugbank.ca/drugs/DB01208"
"293","NALPHA-[(BENZYLOXY)CARBONYL]-N-[(1R)-4-HYDROXY-1-METHYL-2-OXOBUTYL]-L-PHENYLALANINAMIDE (DB08732)","0.7616","http://www.drugbank.ca/drugs/DB08732"
"294","Br-Coeleneterazine (DB02006)","0.7616","http://www.drugbank.ca/drugs/DB02006"
"295","I-Coeleneterazine (DB04146)","0.7616","http://www.drugbank.ca/drugs/DB04146"
"296","N-((1R,2S)-2-(5-CHLORO-1H-INDOLE-2-CARBOXAMIDO)CYCLOHEXYL)-5-METHYL-4,5,6,7-TETRAHYDROTHIAZOLO[5,4-C]PYRIDINE-2-CARBOXAMIDE (DB07629)","0.7611","http://www.drugbank.ca/drugs/DB07629"
"297","N-((1R,2R)-2-(5-CHLORO-1H-INDOLE-2-CARBOXAMIDO)CYCLOHEXYL)-5-METHYL-4,5,6,7-TETRAHYDROTHIAZOLO[5,4-C]PYRIDINE-2-CARBOXAMIDE (DB07630)","0.7611","http://www.drugbank.ca/drugs/DB07630"
"298","6-(4-{(1S,2S)-2-AMINO-1-[(DIMETHYLAMINO)CARBONYL]-3-[(3S)-3-FLUOROPYRROLIDIN-1-YL]-3-OXOPROPYL}PHENYL)-1H-[1,2,4]TRIAZOLO[1,5-A]PYRIDIN-4-IUM (DB08504)","0.7607","http://www.drugbank.ca/drugs/DB08504"
"299","3-(7-DIAMINOMETHYL-NAPHTHALEN-2-YL)-PROPIONIC ACID ETHYL ESTER (DB07639)","0.7606","http://www.drugbank.ca/drugs/DB07639"
"300","(2-Sulfanyl-3-Phenylpropanoyl)-Phe-Tyr (DB03949)","0.7600","http://www.drugbank.ca/drugs/DB03949"
"301","5-CHLORO-N-((1R,2S)-2-(4-(2-OXOPYRIDIN-1(2H)-YL)BENZAMIDO) CYCLOPENTYL)THIOPHENE-2-CARBOXAMIDE (DB08174)","0.7598","http://www.drugbank.ca/drugs/DB08174"
"302","(METHYLPYRIDAZINE PIPERIDINE BUTYLOXYPHENYL)ETHYLACETATE (DB08014)","0.7579","http://www.drugbank.ca/drugs/DB08014"
"303","6-[(Z)-AMINO(IMINO)METHYL]-N-[3-(CYCLOPENTYLOXY)PHENYL]-2-NAPHTHAMIDE (DB07076)","0.7578","http://www.drugbank.ca/drugs/DB07076"
"304","(2S)-1-{[5-(1H-INDAZOL-5-YL)PYRIDIN-3-YL]OXY}-3-[(7AS)-7AH-INDOL-3-YL]PROPAN-2-AMINE (DB06977)","0.7571","http://www.drugbank.ca/drugs/DB06977"
"305","Cyclopropyl-{4-[5-(3,4-Dichlorophenyl)-2-[(1-Methyl)-Piperidin]-4-Yl-3-Propyl-3h-Imidazol-4-Yl]-Pyrimidin-2-Yl}Amine (DB03084)","0.7571","http://www.drugbank.ca/drugs/DB03084"
"306","(1S,5S,7R)-N~7~-(BIPHENYL-4-YLMETHYL)-N~3~-HYDROXY-6,8-DIOXA-3-AZABICYCLO[3.2.1]OCTANE-3,7-DICARBOXAMIDE (DB07026)","0.7561","http://www.drugbank.ca/drugs/DB07026"
"307","4-[5-(Trans-4-Aminocyclohexylamino)-3-Isopropylpyrazolo[1,5-a]Pyrimidin-7-Ylamino]-N,N-Dimethylbenzenesulfonamide (DB01888)","0.7556","http://www.drugbank.ca/drugs/DB01888"
"308","[4-(6-Chloro-Naphthalene-2-Sulfonyl)-Piperazin-1-Yl]-(3,4,5,6-Tetrahydro-2h-[1,4']Bipyridinyl-4-Yl)-Methanone (DB01836)","0.7555","http://www.drugbank.ca/drugs/DB01836"
"309","(1-Tert-Butyl-5-Hydroxy-1h-Pyrazol-4-Yl)-(6-Methanesulfonyl-4'-Methoxy-2-Methyl-Biphenyl-3-Yl)-Methanone (DB02850)","0.7554","http://www.drugbank.ca/drugs/DB02850"
"310","Nicergoline (DB00699)","0.7552","http://www.drugbank.ca/drugs/DB00699"
"311","2-(6-CHLORO-3-{[2,2-DIFLUORO-2-(2-PYRIDINYL)ETHYL]AMINO}-2-OXO-1(2H)-PYRAZINYL)-N-[(2-FLUORO-6-PYRIDINYL)METHYL]ACETAMIDE (DB07548)","0.7551","http://www.drugbank.ca/drugs/DB07548"
"312","O6-CYCLOHEXYLMETHOXY-2-(4'-SULPHAMOYLANILINO) PURINE (DB07126)","0.7546","http://www.drugbank.ca/drugs/DB07126"
"313","3-(6-CYCLOHEXYLMETHOXY-9H-PURIN-2-YLAMINO)-BENZENESULFONAMIDE (DB08248)","0.7546","http://www.drugbank.ca/drugs/DB08248"
"314","Tolvaptan (DB06212)","0.7540","http://www.drugbank.ca/drugs/DB06212"
"315","N-[(Furan-2-Yl)Carbonyl]-(S)-Leucyl-(R)-[1-Amino-2(1h-Indol-3-Yl)Ethyl]-Phosphonic Acid (DB02046)","0.7539","http://www.drugbank.ca/drugs/DB02046"
"316","1-[2-(3-Biphenyl)-4-Methylvaleryl)]Amino-3-(2-Pyridylsulfonyl)Amino-2-Propanone (DB04244)","0.7535","http://www.drugbank.ca/drugs/DB04244"
"317","4-{[4-{[(1R,2R)-2-(dimethylamino)cyclopentyl]amino}-5-(trifluoromethyl)pyrimidin-2-yl]amino}-N-methylbenzenesulfonamide (DB08341)","0.7534","http://www.drugbank.ca/drugs/DB08341"
"318","Moxifloxacin (DB00218)","0.7533","http://www.drugbank.ca/drugs/DB00218"
"319","3-Benzylaminocarbonylphenyl-Alpha-D-Galactoside (DB03446)","0.7532","http://www.drugbank.ca/drugs/DB03446"
"320","Amiodarone (DB01118)","0.7527","http://www.drugbank.ca/drugs/DB01118"
"321","BNP 1350 (DB05806)","0.7527","http://www.drugbank.ca/drugs/DB05806"
"322","Dolutegravir (DB08930)","0.7527","http://www.drugbank.ca/drugs/DB08930"
"323","Almitrine (DB01430)","0.7522","http://www.drugbank.ca/drugs/DB01430"
"324","HCV-086 (DB05884)","0.7521","http://www.drugbank.ca/drugs/DB05884"
"325","N-(P-CYANOPHENYL)-N'-DIPHENYLMETHYL-GUANIDINE-ACETIC ACID (DB07816)","0.7517","http://www.drugbank.ca/drugs/DB07816"
"326","(S)-5-(4-Benzyloxy-Phenyl)-4-(7-Phenyl-Heptanoylamino)-Pentanoic Acid (DB04287)","0.7515","http://www.drugbank.ca/drugs/DB04287"
"327","Glyburide (DB01016)","0.7513","http://www.drugbank.ca/drugs/DB01016"
"328","Beta-hydroxyfentanyl (DB01453)","0.7509","http://www.drugbank.ca/drugs/DB01453"
"329","1-Allyl-3-Butyl-8-(N-Acetyl-4-Aminobenzyl)-Xanthine (DB03267)","0.7505","http://www.drugbank.ca/drugs/DB03267"
"330","3-CYCLOHEXYL-1-(2-MORPHOLIN-4-YL-2-OXOETHYL)-2-PHENYL-1H-INDOLE-6-CARBOXYLIC ACID (DB07570)","0.7504","http://www.drugbank.ca/drugs/DB07570"
"331","(2e,3s)-3-Hydroxy-5'-[(4-Hydroxypiperidin-1-Yl)Sulfonyl]-3-Methyl-1,3-Dihydro-2,3'-Biindol-2'(1'h)-One (DB03583)","0.7500","http://www.drugbank.ca/drugs/DB03583"
"332","(5E,7S)-2-amino-7-(4-fluoro-2-pyridin-3-ylphenyl)-4-methyl-7,8-dihydroquinazolin-5(6H)-one oxime (DB08197)","0.7498","http://www.drugbank.ca/drugs/DB08197"
"333","Morpholine-4-Carboxylic Acid [1-(2-Benzylsulfanyl-1-Formyl-Ethylcarbamoyl)-2-Phenyl-Ethyl]-Amide (DB03984)","0.7498","http://www.drugbank.ca/drugs/DB03984"
"334","3-({2-[(4-{[6-(CYCLOHEXYLMETHOXY)-9H-PURIN-2-YL]AMINO}PHENYL)SULFONYL]ETHYL}AMINO)PROPAN-1-OL (DB08309)","0.7496","http://www.drugbank.ca/drugs/DB08309"
"335","2-[2-ETHANESULFONYLAMINO-3-(1H-INDOL-3-YL)-PROPIONYLAMINO]-PENTANEDIOIC ACID 5-AMIDE 1-(4-CARBAMIM IDOYL-BENZYLAMIDE) (DB04758)","0.7491","http://www.drugbank.ca/drugs/DB04758"
"336","Ivacaftor (DB08820)","0.7484","http://www.drugbank.ca/drugs/DB08820"
"337","Flavopiridol (DB03496)","0.7482","http://www.drugbank.ca/drugs/DB03496"
"338","Mitoxantrone (DB01204)","0.7479","http://www.drugbank.ca/drugs/DB01204"
"339","7-Hydroxystaurosporine (DB01933)","0.7479","http://www.drugbank.ca/drugs/DB01933"
"340","N-({6-[(4-CYANO-2-FLUOROBENZYL)OXY]NAPHTHALEN-2-YL}SULFONYL)-D-GLUTAMIC ACID (DB08112)","0.7477","http://www.drugbank.ca/drugs/DB08112"
"341","Azelastine (DB00972)","0.7476","http://www.drugbank.ca/drugs/DB00972"
"342","Eltrombopag (DB06210)","0.7475","http://www.drugbank.ca/drugs/DB06210"
"343","Rimonabant (DB06155)","0.7467","http://www.drugbank.ca/drugs/DB06155"
"344","(2R)-4-(2-BENZOYL-1,2-DIAZEPAN-1-YL)-4-OXO-1-(2,4,5-TRIFLUOROPHENYL)BUTAN-2-AMINE (DB08051)","0.7466","http://www.drugbank.ca/drugs/DB08051"
"345","1-(3-(2,4-DIMETHYLTHIAZOL-5-YL)-4-OXO-2,4-DIHYDROINDENO[1,2-C]PYRAZOL-5-YL)-3-(4-METHYLPIPERAZIN-1-YL)UREA (DB07622)","0.7464","http://www.drugbank.ca/drugs/DB07622"
"346","Dextromoramide (DB01529)","0.7461","http://www.drugbank.ca/drugs/DB01529"
"347","(2R)-1-[(4-tert-butylphenyl)sulfonyl]-2-methyl-4-(4-nitrophenyl)piperazine (DB07049)","0.7446","http://www.drugbank.ca/drugs/DB07049"
"348","Acetophenazine (DB01063)","0.7440","http://www.drugbank.ca/drugs/DB01063"
"349","4-(BENZHYDRYLOXY)-1-[3-(1H-TETRAAZOL-5-YL)PROPYL]PIPERIDINE (DB07917)","0.7438","http://www.drugbank.ca/drugs/DB07917"
"350","N-(R-Carboxy-Ethyl)-Alpha-(S)-(2-Phenylethyl)Glycyl-L-Arginine-N-Phenylamide (DB02747)","0.7434","http://www.drugbank.ca/drugs/DB02747"
"351","Gemifloxacin (DB01155)","0.7429","http://www.drugbank.ca/drugs/DB01155"
"352","Tl-3-093 (DB01891)","0.7428","http://www.drugbank.ca/drugs/DB01891"
"353","N1-(1-Dimethylcarbamoyl-2-Phenyl-Ethyl)-2-Oxo-N4-(2-Pyridin-2-Yl-Ethyl)-Succinamide (DB02140)","0.7425","http://www.drugbank.ca/drugs/DB02140"
"354","Linagliptin  (DB08882)","0.7424","http://www.drugbank.ca/drugs/DB08882"
"355","1-(2,6-Dichlorophenyl)-5-(2,4-Difluorophenyl)-7-Piperidin-4-Yl-3,4-Dihydroquinolin-2(1h)-One (DB01948)","0.7423","http://www.drugbank.ca/drugs/DB01948"
"356","Azimilide (DB04957)","0.7422","http://www.drugbank.ca/drugs/DB04957"
"357","2-(6-CHLORO-3-{[2,2-DIFLUORO-2-(2-PYRIDINYL)ETHYL]AMINO}-2-OXO-1(2H)-PYRAZINYL)-N-[(2-FLUORO-3-METHYL-6-PYRIDINYL)METHYL]ACETAMIDE (DB07549)","0.7420","http://www.drugbank.ca/drugs/DB07549"
"358","(4R)-N-[4-({[2-(DIMETHYLAMINO)ETHYL]AMINO}CARBONYL)-1,3-THIAZOL-2-YL]-4-METHYL-1-OXO-2,3,4,9-TETRAHYDRO-1H-BETA-CARBOLINE-6-CARBOXAMIDE (DB07406)","0.7416","http://www.drugbank.ca/drugs/DB07406"
"359","Carfentanil (DB01535)","0.7414","http://www.drugbank.ca/drugs/DB01535"
"360","Pipotiazine (DB01621)","0.7413","http://www.drugbank.ca/drugs/DB01621"
"361","1-(1'-{[3-(methylsulfanyl)-2-benzothiophen-1-yl]carbonyl}spiro[1-benzofuran-3,4'-piperidin]-5-yl)methanamine (DB06848)","0.7412","http://www.drugbank.ca/drugs/DB06848"
"362","N-(5-CHLORO-BENZO[B]THIOPHEN-3-YLMETHYL)-2-[6-CHLORO-OXO-3-(2-PYRIDIN-2-YL-ETHYLAMINO)-2H-PYRAZIN-1-YL]-ACETAMIDE (DB07165)","0.7411","http://www.drugbank.ca/drugs/DB07165"
"363","Nafcillin (DB00607)","0.7410","http://www.drugbank.ca/drugs/DB00607"
"364","(2S)-2-[3-(AMINOMETHYL)PHENYL]-3-[(R)-[(1R)-1-{[(BENZYLOXY)CARBONYL]AMINO}-2-METHYLPROPYL](HYDROXY)PHOSPHORYL]PROPANOIC ACID (DB07269)","0.7408","http://www.drugbank.ca/drugs/DB07269"
"365","Benzethidine (DB01518)","0.7406","http://www.drugbank.ca/drugs/DB01518"
"366","Piboserod (DB04873)","0.7405","http://www.drugbank.ca/drugs/DB04873"
"367","Beta-hydroxy-3-methylfentanyl (DB01570)","0.7404","http://www.drugbank.ca/drugs/DB01570"
"368","Daidzin (DB02115)","0.7401","http://www.drugbank.ca/drugs/DB02115"
"369","1-{7-cyclohexyl-6-[4-(4-methylpiperazin-1-yl)benzyl]-7H-pyrrolo[2,3-d]pyrimidin-2-yl}methanamine (DB07563)","0.7398","http://www.drugbank.ca/drugs/DB07563"
"370","2-(2-{2-[(BIPHENYL-4-YLMETHYL)-AMINO]-3-MERCAPTO-PENTANOYLAMINO}-ACETYLAMINO)-3-METHYL-BUTYRIC ACID METHYL ESTER (DB08643)","0.7397","http://www.drugbank.ca/drugs/DB08643"
"371","Fluvastatin (DB01095)","0.7396","http://www.drugbank.ca/drugs/DB01095"
"372","(5-(aminomethyl)-2H-spiro[benzofuran-3,4'-piperidine]-1'-yl)(5-(phenylethynyl)furan-2-yl)methanone (DB06962)","0.7388","http://www.drugbank.ca/drugs/DB06962"
"373","(3r)-4-(P-Toluenesulfonyl)-1,4-Thiazane-3-Carboxylicacid-L-Phenylalanine Ethyl Ester (DB01712)","0.7385","http://www.drugbank.ca/drugs/DB01712"
"374","2-({8-[(3R)-3-AMINOPIPERIDIN-1-YL]-1,3-DIMETHYL-2,6-DIOXO-1,2,3,6-TETRAHYDRO-7H-PURIN-7-YL}METHYL)BENZONITRILE (DB08743)","0.7380","http://www.drugbank.ca/drugs/DB08743"
"375","GC-24 (DB03788)","0.7377","http://www.drugbank.ca/drugs/DB03788"
"376","4-{[5-(CYCLOHEXYLMETHOXY)[1,2,4]TRIAZOLO[1,5-A]PYRIMIDIN-7-YL]AMINO}BENZENESULFONAMIDE (DB07685)","0.7373","http://www.drugbank.ca/drugs/DB07685"
"377","Indacaterol (DB05039)","0.7363","http://www.drugbank.ca/drugs/DB05039"
"378","[PHENYLALANINYL-PROLINYL]-[2-(PYRIDIN-4-YLAMINO)-ETHYL]-AMINE (DB08422)","0.7361","http://www.drugbank.ca/drugs/DB08422"
"379","N-Alpha-(2-Naphthylsulfonyl)-N(3-Amidino-L-Phenylalaninyl)Isopipecolinic Acid Methyl Ester (DB01745)","0.7356","http://www.drugbank.ca/drugs/DB01745"
"380","6-CARBAMIMIDOYL-4-(3-HYDROXY-2-METHYL-BENZOYLAMINO)-NAPHTHALENE-2-CARBOXYLIC ACID METHYL ESTER (DB07074)","0.7353","http://www.drugbank.ca/drugs/DB07074"
"381","Fluspirilene (DB04842)","0.7348","http://www.drugbank.ca/drugs/DB04842"
"382","7-[3-(4-FLUORO-PHENYL)-1-ISOPROPYL-1H-INDOL-2-YL]-3,5-DIHYDROXY-HEPTANOIC ACID (DB06846)","0.7342","http://www.drugbank.ca/drugs/DB06846"
"383","PYRIMIDINE-4,6-DICARBOXYLIC ACID BIS-(3-METHYL-BENZYLAMIDE) (DB04759)","0.7340","http://www.drugbank.ca/drugs/DB04759"
"384","Asimadoline (DB05104)","0.7339","http://www.drugbank.ca/drugs/DB05104"
"385","Thioproperazine (DB01622)","0.7339","http://www.drugbank.ca/drugs/DB01622"
"386","N-(4-MORPHOLINE)CARBONYL-B-(1-NAPHTHYL)-L-ALANINE-L-LEUCINE BORONIC ACID (DB04732)","0.7339","http://www.drugbank.ca/drugs/DB04732"
"387","Dioxaphetyl butyrate (DB01475)","0.7337","http://www.drugbank.ca/drugs/DB01475"
"388","7-amino-2-tert-butyl-4-(4-pyrimidin-2-ylpiperazin-1-yl)pyrido[2,3-d]pyrimidine-6-carboxamide (DB07043)","0.7337","http://www.drugbank.ca/drugs/DB07043"
"389","Pralatrexate (DB06813)","0.7319","http://www.drugbank.ca/drugs/DB06813"
"390","PYRIMIDINE-4,6-DICARBOXYLIC ACID BIS-(4-FLUORO-3-METHYL-BENZYLAMIDE) (DB04760)","0.7318","http://www.drugbank.ca/drugs/DB04760"
"391","methyl (1R,2S)-2-(hydroxycarbamoyl)-1-{4-[(2-methylquinolin-4-yl)methoxy]benzyl}cyclopropanecarboxylate (DB07147)","0.7317","http://www.drugbank.ca/drugs/DB07147"
"392","Valsartan (DB00177)","0.7312","http://www.drugbank.ca/drugs/DB00177"
"393","Flavoxate (DB01148)","0.7301","http://www.drugbank.ca/drugs/DB01148"
"394","Anileridine (DB00913)","0.7299","http://www.drugbank.ca/drugs/DB00913"
"395","Carphenazine (DB01038)","0.7295","http://www.drugbank.ca/drugs/DB01038"
"396","[4-({4-[(5-CYCLOPROPYL-1H-PYRAZOL-3-YL)AMINO]QUINAZOLIN-2-YL}IMINO)CYCLOHEXA-2,5-DIEN-1-YL]ACETONITRILE (DB07853)","0.7295","http://www.drugbank.ca/drugs/DB07853"
"397","ONO-6818 (DB03925)","0.7291","http://www.drugbank.ca/drugs/DB03925"
"398","N-{(1S,2R)-2-hydroxy-1-[(hydroxyamino)carbonyl]propyl}-4-{[4-(morpholin-4-ylmethyl)phenyl]ethynyl}benzamide (DB07536)","0.7279","http://www.drugbank.ca/drugs/DB07536"
"399","Fluphenazine (DB00623)","0.7279","http://www.drugbank.ca/drugs/DB00623"
"400","Raltegravir (DB06817)","0.7274","http://www.drugbank.ca/drugs/DB06817"
"401","N-({(3R,4R)-4-[(benzyloxy)methyl]pyrrolidin-3-yl}methyl)-N-(2-methylpropyl)benzenesulfonamide (DB07505)","0.7270","http://www.drugbank.ca/drugs/DB07505"
"402","[4-(3-AMINOMETHYL-PHENYL)-PIPERIDIN-1-YL]-(5-PHENETHYL- PYRIDIN-3-YL)-METHANONE (DB04764)","0.7262","http://www.drugbank.ca/drugs/DB04764"
"403","Saprisartan (DB01347)","0.7260","http://www.drugbank.ca/drugs/DB01347"
"404","3-HYDROXYPROPYL 3-[({7-[AMINO(IMINO)METHYL]-1-NAPHTHYL}AMINO)CARBONYL]BENZENESULFONATE (DB07022)","0.7260","http://www.drugbank.ca/drugs/DB07022"
"405","N-Alpha-(2-Naphthylsulfonyl)-N-(3-Amidino-L-Phenylalaninyl)-D-Pipecolinic Acid (DB04238)","0.7253","http://www.drugbank.ca/drugs/DB04238"
"406","RPR128515 (DB04424)","0.7249","http://www.drugbank.ca/drugs/DB04424"
"407","(2R)-N~4~-hydroxy-2-(3-hydroxybenzyl)-N~1~-[(1S,2R)-2-hydroxy-2,3-dihydro-1H-inden-1-yl]butanediamide (DB06837)","0.7248","http://www.drugbank.ca/drugs/DB06837"
"408","1-[4-(AMINOMETHYL)BENZOYL]-5'-FLUORO-1'H-SPIRO[PIPERIDINE-4,2'-QUINAZOLIN]-4'-AMINE (DB08750)","0.7240","http://www.drugbank.ca/drugs/DB08750"
"409","(5S)-5-(2-amino-2-oxoethyl)-4-oxo-N-[(3-oxo-3,4-dihydro-2H-1,4-benzoxazin-6-yl)methyl]-3,4,5,6,7,8-hexahydro[1]benzothieno[2,3-d]pyrimidine-2-carboxamide (DB07397)","0.7233","http://www.drugbank.ca/drugs/DB07397"
"410","5-cyclopropyl-2-(4-fluorophenyl)-6-[(2-hydroxyethyl)(methylsulfonyl)amino]-N-methyl-1-benzofuran-3-carboxamide (DB07238)","0.7231","http://www.drugbank.ca/drugs/DB07238"
"411","(2R,4S)-2-[(R)-BENZYLCARBAMOYL-PHENYLACETYL-METHYL]-5,5-DIMETHYL-THIAZOLIDINE-4-CARBOXYLIC ACID (DB07806)","0.7231","http://www.drugbank.ca/drugs/DB07806"
"412","N-(1-Carboxy-3-Phenylpropyl)Phenylalanyl-Alpha-Asparagine (DB02307)","0.7226","http://www.drugbank.ca/drugs/DB02307"
"413","LY249543 (DB04322)","0.7226","http://www.drugbank.ca/drugs/DB04322"
"414","6-[N-(1-Isopropyl-1,2,3,4-Tetrahydro-7-Isoquinolinyl)Carbamyl]-2-Naphthalenecarboxamidine (DB02705)","0.7212","http://www.drugbank.ca/drugs/DB02705"
"415","Cetirizine (DB00341)","0.7205","http://www.drugbank.ca/drugs/DB00341"
"416","Cyclohexyl-{4-[5-(3,4-Dichlorophenyl)-2-Piperidin-4-Yl-3-Propyl-3h-Imidazol-4-Yl]-Pyrimidin-2-Yl}Amine (DB02388)","0.7203","http://www.drugbank.ca/drugs/DB02388"
"417","4-chloro-N-(3-methoxypropyl)-N-[(3S)-1-(2-phenylethyl)piperidin-3-yl]benzamide (DB08344)","0.7202","http://www.drugbank.ca/drugs/DB08344"
"418","Dapagliflozin (DB06292)","0.7200","http://www.drugbank.ca/drugs/DB06292"
"419","D-phenylalanyl-N-(3-fluorobenzyl)-L-prolinamide (DB07027)","0.7198","http://www.drugbank.ca/drugs/DB07027"
"420","6-[N-(4-Ethyl-1,2,3,4-Tetrahydro-6-Isoquinolinyl)Carbamyl]-2-Naphthalenecarboxamidine (DB02551)","0.7194","http://www.drugbank.ca/drugs/DB02551"
"421","2-[({2-[(1Z)-3-(DIMETHYLAMINO)PROP-1-ENYL]-4-FLUOROPHENYL}SULFONYL)AMINO]-5,6,7,8-TETRAHYDRONAPHTHALENE-1-CARBOXYLIC ACID (DB07323)","0.7185","http://www.drugbank.ca/drugs/DB07323"
"422","Pitavastatin (DB08860)","0.7177","http://www.drugbank.ca/drugs/DB08860"
"423","Donepezil (DB00843)","0.7174","http://www.drugbank.ca/drugs/DB00843"
"424","1-BENZYL-4-[(5,6-DIMETHOXY-1-INDANON-2-YL)METHYL]PIPERIDINE (DB07701)","0.7174","http://www.drugbank.ca/drugs/DB07701"
"425","Quinapril (DB00881)","0.7174","http://www.drugbank.ca/drugs/DB00881"
"426","(2s)-2-[(2,4-Dichloro-Benzoyl)-(3-Trifluoromethyl-Benzyl)-Amino]-3-Phenyl-Propionic Acid (DB03605)","0.7173","http://www.drugbank.ca/drugs/DB03605"
"427","5-(4-METHYL-BENZOYLAMINO)-BIPHENYL-3,4'-DICARBOXYLIC ACID 3-DIMETHYLAMIDE-4'-HYDROXYAMIDE (DB07586)","0.7167","http://www.drugbank.ca/drugs/DB07586"
"428","Darifenacin (DB00496)","0.7163","http://www.drugbank.ca/drugs/DB00496"
"429","N-Alpha-(2-Naphthylsulfonyl)-N(3-Amidino-L-Phenylalaninyl)-4-Acetyl-Piperazine (DB04125)","0.7160","http://www.drugbank.ca/drugs/DB04125"
"430","2-{4-[(4-imidazo[1,2-a]pyridin-3-ylpyrimidin-2-yl)amino]piperidin-1-yl}-N-methylacetamide (DB08026)","0.7156","http://www.drugbank.ca/drugs/DB08026"
"431","Cerivastatin (DB00439)","0.7139","http://www.drugbank.ca/drugs/DB00439"
"432","N-({(2S)-1-[(3R)-3-AMINO-4-(2-FLUOROPHENYL)BUTANOYL]PYRROLIDIN-2-YL}METHYL)BENZAMIDE (DB07779)","0.7138","http://www.drugbank.ca/drugs/DB07779"
"433","Aclidinium (DB08897)","0.7138","http://www.drugbank.ca/drugs/DB08897"
"434","Benzofuran-2-Carboxylic Acid {(S)-3-Methyl-1-[3-Oxo-1-(Pyridin-2-Ylsulfonyl)Azepan-4-Ylcarbamoyl]Butyl}Amide (DB03642)","0.7137","http://www.drugbank.ca/drugs/DB03642"
"435","Clidinium (DB00771)","0.7128","http://www.drugbank.ca/drugs/DB00771"
"436","N-(4-carbamimidoylbenzyl)-1-(3-phenylpropanoyl)-L-prolinamide (DB06942)","0.7108","http://www.drugbank.ca/drugs/DB06942"
"437","Canagliflozin (DB08907)","0.7106","http://www.drugbank.ca/drugs/DB08907"
"438","RB106 (DB02669)","0.7101","http://www.drugbank.ca/drugs/DB02669"
"439","N-[1-(AMINOMETHYL)CYCLOPROPYL]-3-(BENZYLSULFONYL)-N~2~-[(1S)-2,2,2-TRIFLUORO-1-(4-HYDROXYPHENYL)ETHYL]-L-ALANINAMIDE (DB07589)","0.7097","http://www.drugbank.ca/drugs/DB07589"
"440","N-(2-AMINOETHYL)-N~2~-{(1S)-1-[4'-(AMINOSULFONYL)BIPHENYL-4-YL]-2,2,2-TRIFLUOROETHYL}-L-LEUCINAMIDE (DB08270)","0.7088","http://www.drugbank.ca/drugs/DB08270"
"441","D-phenylalanyl-N-(3-methylbenzyl)-L-prolinamide (DB07133)","0.7086","http://www.drugbank.ca/drugs/DB07133"
"442","N-ACETYL-L-PHENYLALANYL-4-[DIFLUORO(PHOSPHONO)METHYL]-L-PHENYLALANINAMIDE (DB07651)","0.7079","http://www.drugbank.ca/drugs/DB07651"
"443","Loperamide (DB00836)","0.7070","http://www.drugbank.ca/drugs/DB00836"
"444","Eprosartan (DB00876)","0.7069","http://www.drugbank.ca/drugs/DB00876"
"445","Calanolide A (DB04886)","0.7068","http://www.drugbank.ca/drugs/DB04886"
"446","5,10-Dideazatetrahydrofolic Acid (DB03625)","0.7067","http://www.drugbank.ca/drugs/DB03625"
"447","(5S)-5-(3-AMINOPROPYL)-3-(2,5-DIFLUOROPHENYL)-N-ETHYL-5-PHENYL-4,5-DIHYDRO-1H-PYRAZOLE-1-CARBOXAMIDE (DB08250)","0.7055","http://www.drugbank.ca/drugs/DB08250"
"448","Amperozide (DB08927)","0.7051","http://www.drugbank.ca/drugs/DB08927"
"449","D-phenylalanyl-N-{4-[amino(iminio)methyl]benzyl}-L-prolinamide (DB07005)","0.7049","http://www.drugbank.ca/drugs/DB07005"
"450","Irbesartan (DB01029)","0.7049","http://www.drugbank.ca/drugs/DB01029"
"451","(2S)-4-(2,5-DIFLUOROPHENYL)-N-METHYL-2-PHENYL-N-PIPERIDIN-4-YL-2,5-DIHYDRO-1H-PYRROLE-1-CARBOXAMIDE (DB08239)","0.7037","http://www.drugbank.ca/drugs/DB08239"
"452","N-({(2S)-1-[(3R)-3-amino-4-(3-chlorophenyl)butanoyl]pyrrolidin-2-yl}methyl)-3-(methylsulfonyl)benzamide (DB08429)","0.7033","http://www.drugbank.ca/drugs/DB08429"
"453","N'-(6-aminopyridin-3-yl)-N-(2-cyclopentylethyl)-4-methyl-benzene-1,3-dicarboxamide (DB07537)","0.7033","http://www.drugbank.ca/drugs/DB07537"
"454","TC-5619 (DB06090)","0.7029","http://www.drugbank.ca/drugs/DB06090"
"455","Sunitinib (DB01268)","0.7024","http://www.drugbank.ca/drugs/DB01268"
"456","1-{[1-(2-AMINO-3-PHENYL-PROPIONYL)-PYRROLIDINE-2-CARBONYL]-AMINO}-2-(3-CYANO-PHENYL)-ETHANEBORONIC ACID (DB08420)","0.7006","http://www.drugbank.ca/drugs/DB08420"
"457","ISOTHIAZOLIDINONE ANALOG (DB08003)","0.6986","http://www.drugbank.ca/drugs/DB08003"
"458","5-[(E)-(5-CHLORO-2-OXO-1,2-DIHYDRO-3H-INDOL-3-YLIDENE)METHYL]-N-[2-(DIETHYLAMINO)ETHYL]-2,4-DIMETHYL-1H-PYRROLE-3-CARBOXAMIDE (DB08009)","0.6985","http://www.drugbank.ca/drugs/DB08009"
"459","(4R,5R)-5-AMINO-1-[2-(1,3-BENZODIOXOL-5-YL)ETHYL]-4-(2,4,5-TRIFLUOROPHENYL)PIPERIDIN-2-ONE (DB07830)","0.6983","http://www.drugbank.ca/drugs/DB07830"
"460","Flucloxacillin (DB00301)","0.6979","http://www.drugbank.ca/drugs/DB00301"
"461","5-(7-(5-HYDRO-4-ETHYL-2-OXAZOLYL)PHENOXY)HEPTYL)-3-METHYL ISOXAZOLE (DB08725)","0.6957","http://www.drugbank.ca/drugs/DB08725"
"462","Aprepitant (DB00673)","0.6946","http://www.drugbank.ca/drugs/DB00673"
"463","beta-phenyl-D-phenylalanyl-N-propyl-L-prolinamide (DB07083)","0.6945","http://www.drugbank.ca/drugs/DB07083"
"464","Paliperidone (DB01267)","0.6936","http://www.drugbank.ca/drugs/DB01267"
"465","Sufentanil (DB00708)","0.6932","http://www.drugbank.ca/drugs/DB00708"
"466","[{2-bromo-4-[(2R)-3-oxo-2,3-diphenylpropyl]phenyl}(difluoro)methyl]phosphonic acid (DB07263)","0.6925","http://www.drugbank.ca/drugs/DB07263"
"467","6-CARBAMIMIDOYL-2-[2-HYDROXY-5-(3-METHOXY-PHENYL)-INDAN-1-YL]-HEXANOIC ACID (DB06866)","0.6909","http://www.drugbank.ca/drugs/DB06866"
"468","2-(4-(AMINOMETHYL)PIPERIDIN-1-YL)-N-(3_CYCLOHEXYL-4-OXO-2,4-DIHYDROINDENO[1,2-C]PYRAZOL-5-YL)ACETAMIDE (DB07618)","0.6852","http://www.drugbank.ca/drugs/DB07618"
"469","{4-[2,2-BIS(5-METHYL-1,2,4-OXADIAZOL-3-YL)-3-PHENYLPROPYL]PHENYL}SULFAMIC ACID (DB07127)","0.6851","http://www.drugbank.ca/drugs/DB07127"
"470","N-[(5R,14R)-5-AMINO-5,14-DIMETHYL-4-OXO-3-OXA-18-AZATRICYCLO[15.3.1.1~7,11~]DOCOSA-1(21),7(22),8,10,17,19-HEXAEN-19-YL]-N-METHYLMETHANESULFONAMIDE (DB07019)","0.6836","http://www.drugbank.ca/drugs/DB07019"
"471","N-[3-(Dimethylamino)Propyl]-2-({[4-({[4-(Formylamino)-1-Methyl-1h-Pyrrol-2-Yl]Carbonyl}Amino)-1-Methyl-1h-Pyrrol-2-Yl]Carbonyl}Amino)-5-Isopropyl-1,3-Thiazole-4-Carboxamide (DB02295)","0.6806","http://www.drugbank.ca/drugs/DB02295"
"472","Trimethaphan (DB01116)","0.6803","http://www.drugbank.ca/drugs/DB01116"
"473","Doxapram (DB00561)","0.6797","http://www.drugbank.ca/drugs/DB00561"
"474","1-(5-OXO-2,3,5,9B-TETRAHYDRO-1H-PYRROLO[2,1-A]ISOINDOL-9-YL)-3-(5-PYRROLIDIN-2-YL-1H-PYRAZOL-3-YL)-UREA (DB06976)","0.6756","http://www.drugbank.ca/drugs/DB06976"
"475","6-CARBAMIMIDOYL-2-[2-HYDROXY-6-(4-HYDROXY-PHENYL)-INDAN-1-YL]-HEXANOIC ACID (DB06865)","0.6748","http://www.drugbank.ca/drugs/DB06865"
"476","Glipizide (DB01067)","0.6739","http://www.drugbank.ca/drugs/DB01067"
"477","N-[4-(1-BENZOYLPIPERIDIN-4-YL)BUTYL]-3-PYRIDIN-3-YLPROPANAMIDE (DB07656)","0.6711","http://www.drugbank.ca/drugs/DB07656"
"478","Alvimopan (DB06274)","0.6710","http://www.drugbank.ca/drugs/DB06274"
"479","N-(TERT-BUTYL)-3,5-DIMETHYL-N'-[(5-METHYL-2,3-DIHYDRO-1,4-BENZODIOXIN-6-YL)CARBONYL]BENZOHYDRAZIDE (DB07929)","0.6665","http://www.drugbank.ca/drugs/DB07929"
"480","2-[Trans-(4-Aminocyclohexyl)Amino]-6-(Benzyl-Amino)-9-Cyclopentylpurine (DB04288)","0.6642","http://www.drugbank.ca/drugs/DB04288"
"481","Ticagrelor (DB08816)","0.6641","http://www.drugbank.ca/drugs/DB08816"
"482","(1S,2S,5S)2-(4-GLUTARIDYLBENZYL)-5-PHENYL-1-CYCLOHEXANOL (DB07909)","0.6466","http://www.drugbank.ca/drugs/DB07909"
"483","Alfentanil (DB00802)","0.6440","http://www.drugbank.ca/drugs/DB00802"
"484","R-3-FLUORO-4-[2-HYDROXY-2-(5,5,8,8-TETRAMETHYL-5,6,7,8,-TETRAHYDRO-NAPHTALEN-2-YL)-ACETYLAMINO]-BENZOIC ACID (DB07031)","0.6438","http://www.drugbank.ca/drugs/DB07031"
"485","3-FLUORO-4-[2-HYDROXY-2-(5,5,8,8-TETRAMETHYL-5,6,7,8,-TETRAHYDRO-NAPHTALEN-2-YL)-ACETYLAMINO]-BENZOIC ACID (DB07294)","0.6438","http://www.drugbank.ca/drugs/DB07294"
"486","4-[(3AS,4R,7R,8AS,8BR)-2-(1,3-BENZODIOXOL-5-YLMETHYL)-7-HYDROXY-1,3-DIOXODECAHYDROPYRROLO[3,4-A]PYRROLIZIN-4-YL]BENZENECARBOXIMIDAMIDE (DB08546)","0.6372","http://www.drugbank.ca/drugs/DB08546"
"487","(3ASR,4RS,8ASR,8BRS)-4-(2-(4-FLUOROBENZYL)-1,3-DIOXODEACAHYDROPYRROLO[3,4-A] PYRROLIZIN-4-YL)BENZAMIDINE (DB07796)","0.6371","http://www.drugbank.ca/drugs/DB07796"
"488","(2s,4r)-1-Acetyl-N-[(1s)-4-[(Aminoiminomethyl)Amino]-1-(2-Benzothiazolylcarbonyl)Butyl]-4-Hydroxy-2-Pyrrolidinecarboxamide (DB02812)","0.6360","http://www.drugbank.ca/drugs/DB02812"
"489","Cilostazol (DB01166)","0.6281","http://www.drugbank.ca/drugs/DB01166"
"490","Adapalene (DB00210)","0.6108","http://www.drugbank.ca/drugs/DB00210"
"491","Regadenoson (DB06213)","0.5834","http://www.drugbank.ca/drugs/DB06213"
"492","[1-(4-Fluorobenzyl)Cyclobutyl]Methyl (1s)-1-[Oxo(1h-Pyrazol-5-Ylamino)Acetyl]Pentylcarbamate (DB01858)","0.5809","http://www.drugbank.ca/drugs/DB01858"
"493","Yohimbine (DB01392)","0.5801","http://www.drugbank.ca/drugs/DB01392"
"494","N(4)-adenosyl-N(4)-methyl-2,4-diaminobutanoic acid (DB03458)","0.5701","http://www.drugbank.ca/drugs/DB03458"
"495","5'-{[4-(aminooxy)butyl](methyl)amino}-5'-deoxy-8-ethenyladenosine (DB08163)","0.5685","http://www.drugbank.ca/drugs/DB08163"
"496","S-Adenosylmethionine (DB00118)","0.5424","http://www.drugbank.ca/drugs/DB00118"
"497","(2S,3S)-3-{3-[2-chloro-4-(methylsulfonyl)phenyl]-1,2,4-oxadiazol-5-yl}-1-cyclopentylidene-4-cyclopropyl-1-fluorobutan-2-amine (DB06994)","0.5244","http://www.drugbank.ca/drugs/DB06994"
"498","Adenosyl-Ornithine (DB01910)","0.5153","http://www.drugbank.ca/drugs/DB01910"
"499","(2S,3S)-3-AMINO-4-[(3S)-3-FLUOROPYRROLIDIN-1-YL]-N,N-DIMETHYL-4-OXO-2-(TRANS-4-[1,2,4]TRIAZOLO[1,5-A]PYRIDIN-5-YLCYCLOHEXYL)BUTANAMIDE (DB07135)","0.4515","http://www.drugbank.ca/drugs/DB07135"
"500","KW-3902 (DB05360)","0.2917","http://www.drugbank.ca/drugs/DB05360"
