"","DrugBank Compound (Name, ID)","Similarity to ","Link"
"1","Chloroquine (DB00608)","1.0000","http://www.drugbank.ca/drugs/DB00608"
"2","Hydroxychloroquine (DB01611)","0.9984","http://www.drugbank.ca/drugs/DB01611"
"3","Sitamaquine (DB04909)","0.9749","http://www.drugbank.ca/drugs/DB04909"
"4","Quinacrine (DB01103)","0.9734","http://www.drugbank.ca/drugs/DB01103"
"5","Diethyltryptamine (DB01460)","0.9655","http://www.drugbank.ca/drugs/DB01460"
"6","Ropinirole (DB00268)","0.9654","http://www.drugbank.ca/drugs/DB00268"
"7","Cinchocaine (DB00527)","0.9634","http://www.drugbank.ca/drugs/DB00527"
"8","5-Methoxy-N,N-diisopropyltryptamine (DB01441)","0.9608","http://www.drugbank.ca/drugs/DB01441"
"9","Fentanyl (DB00813)","0.9597","http://www.drugbank.ca/drugs/DB00813"
"10","Diampromide (DB01502)","0.9589","http://www.drugbank.ca/drugs/DB01502"
"11","Acetyl-alpha-methylfentanyl (DB01532)","0.9589","http://www.drugbank.ca/drugs/DB01532"
"12","5-Chloro-1h-Indole-2-Carboxylic Acid{[Cyclopentyl-(2-Hydroxy-Ethyl)-Carbamoyl]-Methyl}-Amide (DB03288)","0.9573","http://www.drugbank.ca/drugs/DB03288"
"13","Beta-hydroxyfentanyl (DB01453)","0.9564","http://www.drugbank.ca/drugs/DB01453"
"14","Alpha-methylfentanyl (DB01557)","0.9553","http://www.drugbank.ca/drugs/DB01557"
"15","Aprindine (DB01429)","0.9547","http://www.drugbank.ca/drugs/DB01429"
"16","Primaquine (DB01087)","0.9521","http://www.drugbank.ca/drugs/DB01087"
"17","(7as,12ar,12bs)-1,2,3,4,7a,12,12a,12b-Octahydroindolo[2,3-a]Quinolizin-7(6h)-One (DB02191)","0.9514","http://www.drugbank.ca/drugs/DB02191"
"18","Clonitazene (DB01523)","0.9513","http://www.drugbank.ca/drugs/DB01523"
"19","Ciprofloxacin (DB00537)","0.9510","http://www.drugbank.ca/drugs/DB00537"
"20","99mTc-ciprofloxacin (DB05488)","0.9510","http://www.drugbank.ca/drugs/DB05488"
"21","3-Methylfentanyl (DB01571)","0.9504","http://www.drugbank.ca/drugs/DB01571"
"22","Perphenazine (DB00850)","0.9461","http://www.drugbank.ca/drugs/DB00850"
"23","4-bromo-2-{[(2R)-2-(2-chlorobenzyl)pyrrolidin-1-yl]carbonyl}aniline (DB08580)","0.9461","http://www.drugbank.ca/drugs/DB08580"
"24","GLYCYLALANYL-N-2-NAPHTHYL-L-PROLINEAMIDE (DB07813)","0.9461","http://www.drugbank.ca/drugs/DB07813"
"25","(3,3-dimethylpiperidin-1-yl)(6-(3-fluoro-4-methylphenyl)pyridin-2-yl)methanone (DB06992)","0.9452","http://www.drugbank.ca/drugs/DB06992"
"26","Minaprine (DB00805)","0.9451","http://www.drugbank.ca/drugs/DB00805"
"27","Prochlorperazine (DB00433)","0.9438","http://www.drugbank.ca/drugs/DB00433"
"28","[2-(1-Amino-2-Hydroxy-Propyl)-4-(1h-Indol-3-Ylmethylene)-5-Oxo-4,5-Dihydro-Imidazol-1-Yl]-Acetaldehyde (DB03914)","0.9431","http://www.drugbank.ca/drugs/DB03914"
"29","Grepafloxacin (DB00365)","0.9423","http://www.drugbank.ca/drugs/DB00365"
"30","(5z)-5-(1h-Indol-3-Ylmethylene)-4h-Imidazol-4-One (DB01653)","0.9421","http://www.drugbank.ca/drugs/DB01653"
"31","D-phenylalanyl-N-(3-chlorobenzyl)-L-prolinamide (DB06919)","0.9421","http://www.drugbank.ca/drugs/DB06919"
"32","Amodiaquine (DB00613)","0.9417","http://www.drugbank.ca/drugs/DB00613"
"33","4-({4-[(4-methoxypyridin-2-yl)amino]piperidin-1-yl}carbonyl)benzonitrile (DB07002)","0.9415","http://www.drugbank.ca/drugs/DB07002"
"34","Azelastine (DB00972)","0.9411","http://www.drugbank.ca/drugs/DB00972"
"35","Clozapine (DB00363)","0.9410","http://www.drugbank.ca/drugs/DB00363"
"36","Procaterol (DB01366)","0.9409","http://www.drugbank.ca/drugs/DB01366"
"37","Propericiazine (DB01608)","0.9406","http://www.drugbank.ca/drugs/DB01608"
"38","Zolmitriptan (DB00315)","0.9401","http://www.drugbank.ca/drugs/DB00315"
"39","1-[2-(S)-AMINO-3-BIPHENYL-4-YL-PROPIONYL]-PYRROLIDINE-2-(S)-CARBONITRILE (DB08024)","0.9400","http://www.drugbank.ca/drugs/DB08024"
"40","N-benzyl-4-[(2R)-pyrrolidin-2-ylmethoxy]aniline (DB07260)","0.9398","http://www.drugbank.ca/drugs/DB07260"
"41","Encainide (DB01228)","0.9393","http://www.drugbank.ca/drugs/DB01228"
"42","N-ETHYL-N-ISOPROPYL-3-METHYL-5-{[(2S)-2-(PYRIDIN-4-YLAMINO)PROPYL]OXY}BENZAMIDE (DB07279)","0.9387","http://www.drugbank.ca/drugs/DB07279"
"43","Chloropyramine (DB08800)","0.9381","http://www.drugbank.ca/drugs/DB08800"
"44","Thioridazine (DB00679)","0.9380","http://www.drugbank.ca/drugs/DB00679"
"45","D-phenylalanyl-N-benzyl-L-prolinamide (DB07143)","0.9376","http://www.drugbank.ca/drugs/DB07143"
"46","4-(quinolin-3-ylmethyl)piperidine-1-carboxylic acid (DB08385)","0.9373","http://www.drugbank.ca/drugs/DB08385"
"47","Pefloxacin (DB00487)","0.9367","http://www.drugbank.ca/drugs/DB00487"
"48","Alverine (DB01616)","0.9365","http://www.drugbank.ca/drugs/DB01616"
"49","Norfloxacin (DB01059)","0.9364","http://www.drugbank.ca/drugs/DB01059"
"50","Ethopropazine (DB00392)","0.9353","http://www.drugbank.ca/drugs/DB00392"
"51","D-phenylalanyl-N-(3-fluorobenzyl)-L-prolinamide (DB07027)","0.9349","http://www.drugbank.ca/drugs/DB07027"
"52","Lomefloxacin (DB00978)","0.9346","http://www.drugbank.ca/drugs/DB00978"
"53","N-{(3S,4S)-4-[(6-AMINO-4-METHYLPYRIDIN-2-YL)METHYL]PYRROLIDIN-3-YL}-N'-(4-CHLOROBENZYL)ETHANE-1,2-DIAMINE (DB08018)","0.9342","http://www.drugbank.ca/drugs/DB08018"
"54","N-{(3R,4S)-4-[(6-amino-4-methylpyridin-2-yl)methyl]pyrrolidin-3-yl}-N'-(3-chlorobenzyl)ethane-1,2-diamine (DB08019)","0.9342","http://www.drugbank.ca/drugs/DB08019"
"55","Thenalidine (DB04826)","0.9339","http://www.drugbank.ca/drugs/DB04826"
"56","4-{[(2S)-3-(tert-butylamino)-2-hydroxypropyl]oxy}-3H-indole-2-carbonitrile (DB08347)","0.9336","http://www.drugbank.ca/drugs/DB08347"
"57","Tripelennamine (DB00792)","0.9335","http://www.drugbank.ca/drugs/DB00792"
"58","(9S)-9-[(8-AMMONIOOCTYL)AMINO]-1,2,3,4,9,10-HEXAHYDROACRIDINIUM (DB04617)","0.9331","http://www.drugbank.ca/drugs/DB04617"
"59","SU4984 (DB02058)","0.9330","http://www.drugbank.ca/drugs/DB02058"
"60","Flurazepam (DB00690)","0.9326","http://www.drugbank.ca/drugs/DB00690"
"61","Trazodone (DB00656)","0.9324","http://www.drugbank.ca/drugs/DB00656"
"62","Loxapine (DB00408)","0.9318","http://www.drugbank.ca/drugs/DB00408"
"63","Aminacrine (DB02842)","0.9301","http://www.drugbank.ca/drugs/DB02842"
"64","N'-(Pyrrolidino[2,1-B]Isoindolin-4-On-8-Yl)-N-(Pyridin-2-Yl)Urea (DB04186)","0.9300","http://www.drugbank.ca/drugs/DB04186"
"65","Antazoline (DB08799)","0.9296","http://www.drugbank.ca/drugs/DB08799"
"66","Dapiprazole (DB00298)","0.9296","http://www.drugbank.ca/drugs/DB00298"
"67","1-(CYCLOHEXYLAMINO)-3-(6-METHYL-3,4-DIHYDRO-1H-CARBAZOL-9(2H)-YL)PROPAN-2-OL (DB07061)","0.9296","http://www.drugbank.ca/drugs/DB07061"
"68","Pindolol (DB00960)","0.9292","http://www.drugbank.ca/drugs/DB00960"
"69","Methdilazine (DB00902)","0.9290","http://www.drugbank.ca/drugs/DB00902"
"70","Tropicamide (DB00809)","0.9287","http://www.drugbank.ca/drugs/DB00809"
"71","Phenoxybenzamine (DB00925)","0.9286","http://www.drugbank.ca/drugs/DB00925"
"72","3-FLUORO-N-1H-INDOL-5-YL-5-MORPHOLIN-4-YLBENZAMIDE (DB08092)","0.9285","http://www.drugbank.ca/drugs/DB08092"
"73","Levofloxacin (DB01137)","0.9279","http://www.drugbank.ca/drugs/DB01137"
"74","Ofloxacin (DB01165)","0.9279","http://www.drugbank.ca/drugs/DB01165"
"75","Dextrofloxacine (DB03034)","0.9279","http://www.drugbank.ca/drugs/DB03034"
"76","Benzphetamine (DB00865)","0.9277","http://www.drugbank.ca/drugs/DB00865"
"77","5-(5-CHLORO-2,4-DIHYDROXYPHENYL)-N-ETHYL-4-PIPERAZIN-1-YL-1H-PYRAZOLE-3-CARBOXAMIDE (DB06958)","0.9276","http://www.drugbank.ca/drugs/DB06958"
"78","Besifloxacin (DB06771)","0.9271","http://www.drugbank.ca/drugs/DB06771"
"79","3-{3-[(DIMETHYLAMINO)METHYL]-1H-INDOL-7-YL}PROPAN-1-OL (DB08447)","0.9269","http://www.drugbank.ca/drugs/DB08447"
"80","D-phenylalanyl-N-(3-methylbenzyl)-L-prolinamide (DB07133)","0.9266","http://www.drugbank.ca/drugs/DB07133"
"81","4-[3-(4-CHLOROPHENYL)-1H-PYRAZOL-5-YL]PIPERIDINE (DB08061)","0.9258","http://www.drugbank.ca/drugs/DB08061"
"82","3-(HYDROXYMETHYL)-1-METHYL-5-(2-METHYLAZIRIDIN-1-YL)-2-PHENYL-1H-INDOLE-4,7-DIONE (DB07385)","0.9253","http://www.drugbank.ca/drugs/DB07385"
"83","Amoxapine (DB00543)","0.9251","http://www.drugbank.ca/drugs/DB00543"
"84","4-[(7R,7AS)-7-HYDROXY-1,3-DIOXOTETRAHYDRO-1H-PYRROLO[1,2-C]IMIDAZOL-2(3H)-YL]-1-NAPHTHONITRILE (DB08087)","0.9250","http://www.drugbank.ca/drugs/DB08087"
"85","Chlorcyclizine (DB08936)","0.9248","http://www.drugbank.ca/drugs/DB08936"
"86","2-[2-(4-CHLORO-PHENYLSULFANYL)-ACETYLAMINO]-3-(4-GUANIDINO-PHENYL)-PROPIONAMIDE (DB07105)","0.9243","http://www.drugbank.ca/drugs/DB07105"
"87","(S)-2-METHYL-1-[(4-METHYL-5-ISOQUINOLINE)SULFONYL]-HOMOPIPERAZINE (DB07876)","0.9241","http://www.drugbank.ca/drugs/DB07876"
"88","2-(6-{[(3-chloro-2-methylphenyl)sulfonyl]amino}pyridin-2-yl)-N,N-diethylacetamide (DB07056)","0.9239","http://www.drugbank.ca/drugs/DB07056"
"89","Mepyramine (DB06691)","0.9236","http://www.drugbank.ca/drugs/DB06691"
"90","4-(4-chlorobenzyl)-1-(7H-pyrrolo[2,3-d]pyrimidin-4-yl)piperidin-4-aminium (DB08150)","0.9236","http://www.drugbank.ca/drugs/DB08150"
"91","Hydroxyzine (DB00557)","0.9225","http://www.drugbank.ca/drugs/DB00557"
"92","Prazepam (DB01588)","0.9222","http://www.drugbank.ca/drugs/DB01588"
"93","Lisuride (DB00589)","0.9221","http://www.drugbank.ca/drugs/DB00589"
"94","(3aS)-3a-hydroxy-1-phenyl-1,2,3,3a-tetrahydro-4H-pyrrolo[2,3-b]quinolin-4-one (DB07470)","0.9221","http://www.drugbank.ca/drugs/DB07470"
"95","Lysergic Acid Diethylamide (DB04829)","0.9211","http://www.drugbank.ca/drugs/DB04829"
"96","Cetirizine (DB00341)","0.9206","http://www.drugbank.ca/drugs/DB00341"
"97","Cyclizine (DB01176)","0.9202","http://www.drugbank.ca/drugs/DB01176"
"98","[4-(4-PHENYL-PIPERIDIN-1-YL)-BENZENESULFONYLAMINO]-ACETIC ACID (DB07986)","0.9197","http://www.drugbank.ca/drugs/DB07986"
"99","Mianserin (DB06148)","0.9194","http://www.drugbank.ca/drugs/DB06148"
"100","Olanzapine (DB00334)","0.9191","http://www.drugbank.ca/drugs/DB00334"
"101","Rosiglitazone (DB00412)","0.9188","http://www.drugbank.ca/drugs/DB00412"
"102","(S)-2-[(R)-3-amino-4-(2-fluorophenyl)butyryl]-1,2,3,4-tetrahydroisoquinoline-3-carboxamide (DB04578)","0.9183","http://www.drugbank.ca/drugs/DB04578"
"103","(S)-blebbistatin (DB01944)","0.9178","http://www.drugbank.ca/drugs/DB01944"
"104","(3aS)-3a-hydroxy-7-methyl-1-phenyl-1,2,3,3a-tetrahydro-4H-pyrrolo[2,3-b]quinolin-4-one (DB07469)","0.9178","http://www.drugbank.ca/drugs/DB07469"
"105","Ergonovine (DB01253)","0.9172","http://www.drugbank.ca/drugs/DB01253"
"106","SCV-07 (DB05475)","0.9171","http://www.drugbank.ca/drugs/DB05475"
"107","(3aS)-3a-hydroxy-5-methyl-1-phenyl-1,2,3,3a-tetrahydro-4H-pyrrolo[2,3-b]quinolin-4-one (DB07468)","0.9171","http://www.drugbank.ca/drugs/DB07468"
"108","(3R,4S)-1-[(4-amino-5H-pyrrolo[3,2-d]pyrimidin-7-yl)methyl]-4-[(benzylsulfanyl)methyl]pyrrolidin-3-ol (DB07649)","0.9171","http://www.drugbank.ca/drugs/DB07649"
"109","Mequitazine (DB01071)","0.9166","http://www.drugbank.ca/drugs/DB01071"
"110","Chlorphenamine (DB01114)","0.9165","http://www.drugbank.ca/drugs/DB01114"
"111","(4-BROMOPHENYL)[4-({(2E)-4-[CYCLOPROPYL(METHYL)AMINO]BUT-2-ENYL}OXY)PHENYL]METHANONE (DB08458)","0.9158","http://www.drugbank.ca/drugs/DB08458"
"112","4-CHLORO-6-(4-PIPERAZIN-1-YL-1H-PYRAZOL-5-YL)BENZENE-1,3-DIOL (DB07100)","0.9155","http://www.drugbank.ca/drugs/DB07100"
"113","IMAZAQUIN (DB04582)","0.9151","http://www.drugbank.ca/drugs/DB04582"
"114","Tesmilifene (DB04905)","0.9148","http://www.drugbank.ca/drugs/DB04905"
"115","Terbinafine (DB00857)","0.9147","http://www.drugbank.ca/drugs/DB00857"
"116","5-Bromo-N[2-(Dimethylamino)Ethyl]-9-Aminoacridine-4-Carboxamide (DB02390)","0.9146","http://www.drugbank.ca/drugs/DB02390"
"117","Phenserine (DB04892)","0.9146","http://www.drugbank.ca/drugs/DB04892"
"118","N-[4-({[5-(DIMETHYLAMINO)-1-NAPHTHYL]SULFONYL}AMINO)BUTYL]-3-SULFANYLPROPANAMIDE (DB07526)","0.9136","http://www.drugbank.ca/drugs/DB07526"
"119","Cloxazolam (DB01553)","0.9130","http://www.drugbank.ca/drugs/DB01553"
"120","Mirtazapine (DB00370)","0.9129","http://www.drugbank.ca/drugs/DB00370"
"121","4-chloro-6-{5-[(2-morpholin-4-ylethyl)amino]-1,2-benzisoxazol-3-yl}benzene-1,3-diol (DB07601)","0.9123","http://www.drugbank.ca/drugs/DB07601"
"122","Cinolazepam (DB01594)","0.9122","http://www.drugbank.ca/drugs/DB01594"
"123","Frovatriptan (DB00998)","0.9120","http://www.drugbank.ca/drugs/DB00998"
"124","Pheniramine (DB01620)","0.9117","http://www.drugbank.ca/drugs/DB01620"
"125","(2s,3r)-3-Amino-2-Hydroxy-5-(Ethylsulfanyl)Pentanoyl-((S)-(-)-(1-Naphthyl)Ethyl)Amide (DB04108)","0.9116","http://www.drugbank.ca/drugs/DB04108"
"126","Ketazolam (DB01587)","0.9113","http://www.drugbank.ca/drugs/DB01587"
"127","N-(4-METHYLBENZOYL)-4-BENZYLPIPERIDINE (DB07123)","0.9108","http://www.drugbank.ca/drugs/DB07123"
"128","Naratriptan (DB00952)","0.9106","http://www.drugbank.ca/drugs/DB00952"
"129","Tolterodine (DB01036)","0.9105","http://www.drugbank.ca/drugs/DB01036"
"130","N-(TRANS-4'-NITRO-4-STILBENYL)-N-METHYL-5-AMINO-PENTANOIC ACID (DB08635)","0.9103","http://www.drugbank.ca/drugs/DB08635"
"131","Alimemazine (DB01246)","0.9097","http://www.drugbank.ca/drugs/DB01246"
"132","1-(5-ISOQUINOLINESULFONYL)-2-METHYLPIPERAZINE (DB07996)","0.9095","http://www.drugbank.ca/drugs/DB07996"
"133","(3R,4S)-1-(3,4-DIMETHOXYPHENYL)-3-(3-METHYLPHENYL)PIPERIDIN-4-AMINE (DB07851)","0.9094","http://www.drugbank.ca/drugs/DB07851"
"134","(3S,6S)-3,6-bis(4-hydroxybenzyl)piperazine-2,5-dione (DB08761)","0.9093","http://www.drugbank.ca/drugs/DB08761"
"135","Phentolamine (DB00692)","0.9090","http://www.drugbank.ca/drugs/DB00692"
"136","1-(2-Phenylethyl)-4-phenyl-4-acetoxypiperidine (DB01562)","0.9089","http://www.drugbank.ca/drugs/DB01562"
"137","3-METHOXY-6-[4-(3-METHYLPHENYL)-1-PIPERAZINYL]PYRIDAZINE (DB08017)","0.9089","http://www.drugbank.ca/drugs/DB08017"
"138","(6R)-2-amino-6-[2-(3'-methoxybiphenyl-3-yl)ethyl]-3,6-dimethyl-5,6-dihydropyrimidin-4(3H)-one (DB07519)","0.9083","http://www.drugbank.ca/drugs/DB07519"
"139","Methylergometrine (DB00353)","0.9072","http://www.drugbank.ca/drugs/DB00353"
"140","Bepotastine (DB04890)","0.9071","http://www.drugbank.ca/drugs/DB04890"
"141","Mepivacaine (DB00961)","0.9070","http://www.drugbank.ca/drugs/DB00961"
"142","Dexbrompheniramine (DB00405)","0.9064","http://www.drugbank.ca/drugs/DB00405"
"143","Brompheniramine (DB00835)","0.9064","http://www.drugbank.ca/drugs/DB00835"
"144","(4R)-7,8-dichloro-1',9-dimethyl-1-oxo-1,2,4,9-tetrahydrospiro[beta-carboline-3,4'-piperidine]-4-carbonitrile (DB07242)","0.9058","http://www.drugbank.ca/drugs/DB07242"
"145","Diphenylpyraline (DB01146)","0.9056","http://www.drugbank.ca/drugs/DB01146"
"146","Alpha-methylthiofentanyl (DB01470)","0.9056","http://www.drugbank.ca/drugs/DB01470"
"147","4-{[(2R)-2-(2-methylphenyl)pyrrolidin-1-yl]carbonyl}benzene-1,3-diol (DB08442)","0.9052","http://www.drugbank.ca/drugs/DB08442"
"148","4-CHLORO-8-METHYL-7-(3-METHYL-BUT-2-ENYL)-6,7,8,9-TETRAHYDRO-2H-2,7,9A-TRIAZA-BENZO[CD]AZULENE-1-THIONE (DB08598)","0.9050","http://www.drugbank.ca/drugs/DB08598"
"149","(2S)-1-(9H-Carbazol-4-yloxy)-3-(isopropylamino)propan-2-ol (DB07543)","0.9049","http://www.drugbank.ca/drugs/DB07543"
"150","4-amino-N-[4-(benzyloxy)phenyl]butanamide (DB07104)","0.9048","http://www.drugbank.ca/drugs/DB07104"
"151","(2S)-2-amino-5-oxo-5-[(4-phenylmethoxyphenyl)amino]pentanoic acid (DB07102)","0.9044","http://www.drugbank.ca/drugs/DB07102"
"152","5-CHLORO-8-METHYL-7-(3-METHYL-BUT-2-ENYL)-6,7,8,9-TETRAHYDRO-2H-2,7,9A-TRIAZA-BENZO[CD]AZULENE-1-THIONE (DB08600)","0.9044","http://www.drugbank.ca/drugs/DB08600"
"153","Haloperidol (DB00502)","0.9042","http://www.drugbank.ca/drugs/DB00502"
"154","4-{[(2,6-dichlorophenyl)carbonyl]amino}-N-piperidin-4-yl-1H-pyrazole-3-carboxamide (DB08142)","0.9042","http://www.drugbank.ca/drugs/DB08142"
"155","Haloxazolam (DB01476)","0.9037","http://www.drugbank.ca/drugs/DB01476"
"156","Chlorpromazine (DB00477)","0.9028","http://www.drugbank.ca/drugs/DB00477"
"157","5-(4-Morpholin-4-Yl-Phenylsulfanyl)-2,4-Quinazolinediamine (DB02001)","0.9027","http://www.drugbank.ca/drugs/DB02001"
"158","Methotrimeprazine (DB01403)","0.9024","http://www.drugbank.ca/drugs/DB01403"
"159","Clomipramine (DB01242)","0.9024","http://www.drugbank.ca/drugs/DB01242"
"160","Metoclopramide (DB01233)","0.9024","http://www.drugbank.ca/drugs/DB01233"
"161","Clemastine (DB00283)","0.9023","http://www.drugbank.ca/drugs/DB00283"
"162","Lobeline (DB05137)","0.9017","http://www.drugbank.ca/drugs/DB05137"
"163","Benzatropine (DB00245)","0.9017","http://www.drugbank.ca/drugs/DB00245"
"164","[(4R)-4-(3-HYDROXYPHENYL)-1,6-DIMETHYL-2-THIOXO-1,2,3,4-TETRAHYDROPYRIMIDIN-5-YL](PHENYL)METHANONE (DB08198)","0.9013","http://www.drugbank.ca/drugs/DB08198"
"165","N-[[2-METHYL-4-HYDROXYCARBAMOYL]BUT-4-YL-N]-BENZYL-P-[PHENYL]-P-[METHYL]PHOSPHINAMID (DB08507)","0.9010","http://www.drugbank.ca/drugs/DB08507"
"166","Formoterol (DB00983)","0.9010","http://www.drugbank.ca/drugs/DB00983"
"167","Arformoterol (DB01274)","0.9010","http://www.drugbank.ca/drugs/DB01274"
"168","Carbinoxamine (DB00748)","0.9006","http://www.drugbank.ca/drugs/DB00748"
"169","Dansyllysine (DB04676)","0.9002","http://www.drugbank.ca/drugs/DB04676"
"170","3-Methylthiofentanyl (DB01439)","0.9001","http://www.drugbank.ca/drugs/DB01439"
"171","(3R)-3-(aminomethyl)-9-methoxy-1,2,3,4-tetrahydro-5H-[1]benzothieno[3,2-e][1,4]diazepin-5-one (DB07431)","0.9001","http://www.drugbank.ca/drugs/DB07431"
"172","O-[2-(1,3-dioxo-1,3-dihydro-2H-isoindol-2-yl)ethyl] (4-chlorophenyl)thiocarbamate (DB08282)","0.8999","http://www.drugbank.ca/drugs/DB08282"
"173","N-(4-(2-((3-Chlorophenylmethyl)Amino)Ethyl)Phenyl)-2-Thiophecarboxamidine (DB03449)","0.8993","http://www.drugbank.ca/drugs/DB03449"
"174","1-[4-(4-chlorophenyl)-1-(7H-pyrrolo[2,3-d]pyrimidin-4-yl)piperidin-4-yl]methanamine (DB08148)","0.8991","http://www.drugbank.ca/drugs/DB08148"
"175","(3r)-3-{[(Benzyloxy)Carbonyl]Amino}-2-Oxo-4-Phenylbutane-1-Diazonium (DB02766)","0.8989","http://www.drugbank.ca/drugs/DB02766"
"176","Halofuginone (DB04866)","0.8986","http://www.drugbank.ca/drugs/DB04866"
"177","Isopropamide (DB01625)","0.8984","http://www.drugbank.ca/drugs/DB01625"
"178","Diphenidol (DB01231)","0.8983","http://www.drugbank.ca/drugs/DB01231"
"179","N-(3-CYCLOPROPYL-1H-PYRAZOL-5-YL)-2-(2-NAPHTHYL)ACETAMIDE (DB06944)","0.8977","http://www.drugbank.ca/drugs/DB06944"
"180","(4R)-7-chloro-9-methyl-1-oxo-1,2,4,9-tetrahydrospiro[beta-carboline-3,4'-piperidine]-4-carbonitrile (DB08166)","0.8975","http://www.drugbank.ca/drugs/DB08166"
"181","Phenylbutazone (DB00812)","0.8970","http://www.drugbank.ca/drugs/DB00812"
"182","Anileridine (DB00913)","0.8967","http://www.drugbank.ca/drugs/DB00913"
"183","(6S)-2-amino-6-(3'-methoxybiphenyl-3-yl)-3,6-dimethyl-5,6-dihydropyrimidin-4(3H)-one (DB07874)","0.8955","http://www.drugbank.ca/drugs/DB07874"
"184","Nialamide (DB04820)","0.8946","http://www.drugbank.ca/drugs/DB04820"
"185","3-[(5s)-1-Acetyl-3-(2-Chlorophenyl)-4,5-Dihydro-1h-Pyrazol-5-Yl]Phenol (DB03996)","0.8942","http://www.drugbank.ca/drugs/DB03996"
"186","SC45647 (DB04778)","0.8937","http://www.drugbank.ca/drugs/DB04778"
"187","Oxyphenbutazone (DB03585)","0.8934","http://www.drugbank.ca/drugs/DB03585"
"188","Labetalol (DB00598)","0.8932","http://www.drugbank.ca/drugs/DB00598"
"189","(3R)-N-(4-CHLOROPHENYL)-3-(HYDROXYMETHYL)-1,2,3,4-TETRAHYDROISOQUINOLINE-7-SULFONAMIDE (DB07747)","0.8930","http://www.drugbank.ca/drugs/DB07747"
"190","Bufuralol (DB06726)","0.8927","http://www.drugbank.ca/drugs/DB06726"
"191","5-bromo-N-(3-chloro-2-(4-(prop-2-ynyl)piperazin-1-yl)phenyl)furan-2-carboxamide (DB08021)","0.8925","http://www.drugbank.ca/drugs/DB08021"
"192","Dimetindene (DB08801)","0.8923","http://www.drugbank.ca/drugs/DB08801"
"193","Metolazone (DB00524)","0.8922","http://www.drugbank.ca/drugs/DB00524"
"194","(2S)-2-(3-bromophenyl)-3-(5-chloro-2-hydroxyphenyl)-1,3-thiazolidin-4-one (DB08236)","0.8922","http://www.drugbank.ca/drugs/DB08236"
"195","Halazepam (DB00801)","0.8922","http://www.drugbank.ca/drugs/DB00801"
"196","O-[2-(1,3-dioxo-1,3-dihydro-2H-isoindol-2-yl)ethyl] (4-bromophenyl)thiocarbamate (DB08281)","0.8918","http://www.drugbank.ca/drugs/DB08281"
"197","O-[2-(1,3-dioxo-1,3-dihydro-2H-isoindol-2-yl)ethyl] (4-iodophenyl)thiocarbamate (DB08284)","0.8918","http://www.drugbank.ca/drugs/DB08284"
"198","5-CYANO-FURAN-2-CARBOXYLIC ACID [5-HYDROXYMETHYL-2-(4-METHYL-PIPERIDIN-1-YL)-PHENYL]-AMIDE (DB07167)","0.8913","http://www.drugbank.ca/drugs/DB07167"
"199","Diazepam (DB00829)","0.8910","http://www.drugbank.ca/drugs/DB00829"
"200","(2Z)-N-biphenyl-4-yl-2-cyano-3-cyclopropyl-3-hydroxyprop-2-enamide (DB08169)","0.8909","http://www.drugbank.ca/drugs/DB08169"
"201","Disopyramide (DB00280)","0.8909","http://www.drugbank.ca/drugs/DB00280"
"202","Methantheline (DB00940)","0.8909","http://www.drugbank.ca/drugs/DB00940"
"203","Epinastine (DB00751)","0.8907","http://www.drugbank.ca/drugs/DB00751"
"204","(2S)-4-(2,5-DIFLUOROPHENYL)-N,N-DIMETHYL-2-PHENYL-2,5-DIHYDRO-1H-PYRROLE-1-CARBOXAMIDE (DB08246)","0.8904","http://www.drugbank.ca/drugs/DB08246"
"205","FR233623 (DB03220)","0.8903","http://www.drugbank.ca/drugs/DB03220"
"206","4-[(3R)-3-{[2-(4-FLUOROPHENYL)-2-OXOETHYL]AMINO}BUTYL]BENZAMIDE (DB08672)","0.8902","http://www.drugbank.ca/drugs/DB08672"
"207","Mepenzolate (DB04843)","0.8901","http://www.drugbank.ca/drugs/DB04843"
"208","Propafenone (DB01182)","0.8898","http://www.drugbank.ca/drugs/DB01182"
"209","Bupranolol (DB08808)","0.8896","http://www.drugbank.ca/drugs/DB08808"
"210","I-5 (DB01793)","0.8893","http://www.drugbank.ca/drugs/DB01793"
"211","Enoxacin (DB00467)","0.8891","http://www.drugbank.ca/drugs/DB00467"
"212","(S)-Wiskostatin (DB01731)","0.8884","http://www.drugbank.ca/drugs/DB01731"
"213","Ropivacaine (DB00296)","0.8883","http://www.drugbank.ca/drugs/DB00296"
"214","Temazepam (DB00231)","0.8882","http://www.drugbank.ca/drugs/DB00231"
"215","Alizapride (DB01425)","0.8879","http://www.drugbank.ca/drugs/DB01425"
"216","Ritodrine (DB00867)","0.8878","http://www.drugbank.ca/drugs/DB00867"
"217","Tanaproget (DB04787)","0.8878","http://www.drugbank.ca/drugs/DB04787"
"218","CRA_10991 (DB01771)","0.8877","http://www.drugbank.ca/drugs/DB01771"
"219","Flupirtine (DB06623)","0.8871","http://www.drugbank.ca/drugs/DB06623"
"220","Fludiazepam (DB01567)","0.8871","http://www.drugbank.ca/drugs/DB01567"
"221","trans-4-(7-carbamoyl-1H-benzimidazol-2-yl)-1-propylpiperidinium (DB07330)","0.8868","http://www.drugbank.ca/drugs/DB07330"
"222","Quinine (DB00468)","0.8868","http://www.drugbank.ca/drugs/DB00468"
"223","Quinidine (DB00908)","0.8868","http://www.drugbank.ca/drugs/DB00908"
"224","Propranolol (DB00571)","0.8867","http://www.drugbank.ca/drugs/DB00571"
"225","1-(Isopropylamino)-3-(1-Naphthyloxy)-2-Propanol (DB03322)","0.8867","http://www.drugbank.ca/drugs/DB03322"
"226","1-(4-CYANO-PHENYL)-3-[2-(2,6-DICHLORO-PHENYL)-1-IMINO-ETHYL]-THIOUREA (DB07961)","0.8865","http://www.drugbank.ca/drugs/DB07961"
"227","1-[4-(4-chlorobenzyl)-1-(7H-pyrrolo[2,3-d]pyrimidin-4-yl)piperidin-4-yl]methanamine (DB08149)","0.8862","http://www.drugbank.ca/drugs/DB08149"
"228","Nomifensine (DB04821)","0.8860","http://www.drugbank.ca/drugs/DB04821"
"229","Indirubin-3'-Monoxime (DB02052)","0.8856","http://www.drugbank.ca/drugs/DB02052"
"230","2-{[N-(2-ACETYL-5-CHLORO-4-FLUOROPHENYL)GLYCYL]AMINO}BENZOIC ACID (DB07085)","0.8856","http://www.drugbank.ca/drugs/DB07085"
"231","Quazepam (DB01589)","0.8854","http://www.drugbank.ca/drugs/DB01589"
"232","ALPHA-(2,6-DICHLOROPHENYL)-ALPHA-(2-ACETYL-5-METHYLANILINO)ACETAMIDE (DB07332)","0.8853","http://www.drugbank.ca/drugs/DB07332"
"233","Mazindol (DB00579)","0.8853","http://www.drugbank.ca/drugs/DB00579"
"234","N-HYDROXY-2(R)-[[(4-METHOXYPHENYL)SULFONYL](3-PICOLYL)AMINO]-3-METHYLBUTANAMIDE HYDROCHLORIDE (DB07556)","0.8850","http://www.drugbank.ca/drugs/DB07556"
"235","Granisetron (DB00889)","0.8846","http://www.drugbank.ca/drugs/DB00889"
"236","4-{[(2,6-difluorophenyl)carbonyl]amino}-N-[(3S)-piperidin-3-yl]-1H-pyrazole-3-carboxamide (DB08141)","0.8846","http://www.drugbank.ca/drugs/DB08141"
"237","(2R)-2-(7-carbamoyl-1H-benzimidazol-2-yl)-2-methylpyrrolidinium (DB07232)","0.8845","http://www.drugbank.ca/drugs/DB07232"
"238","FR230513 (DB03572)","0.8843","http://www.drugbank.ca/drugs/DB03572"
"239","Zimelidine (DB04832)","0.8830","http://www.drugbank.ca/drugs/DB04832"
"240","1-{(1R,2S)-2-HYDROXY-1-[2-(2-NAPHTHYLOXY)ETHYL]PROPYL}-1H-IMIDAZONE-4-CARBOXAMIDE (DB07785)","0.8828","http://www.drugbank.ca/drugs/DB07785"
"241","Camazepam (DB01489)","0.8825","http://www.drugbank.ca/drugs/DB01489"
"242","(3e)-6'-Bromo-2,3'-Biindole-2',3(1h,1'h)-Dione 3-Oxime (DB03444)","0.8822","http://www.drugbank.ca/drugs/DB03444"
"243","Alogliptin  (DB06203)","0.8822","http://www.drugbank.ca/drugs/DB06203"
"244","Dobutamine (DB00841)","0.8822","http://www.drugbank.ca/drugs/DB00841"
"245","N-(2-AMINOETHYL)-2-{3-CHLORO-4-[(4-ISOPROPYLBENZYL)OXY]PHENYL} ACETAMIDE (DB08610)","0.8822","http://www.drugbank.ca/drugs/DB08610"
"246","2,4-Diamino-6-[N-(2',5'-Dimethoxybenzyl)-N-Methylamino]Quinazoline (DB02427)","0.8820","http://www.drugbank.ca/drugs/DB02427"
"247","2,4-DIAMINO-1,5-DIPHENYL-3-HYDROXYPENTANE (DB07575)","0.8819","http://www.drugbank.ca/drugs/DB07575"
"248","Clofedanol (DB04837)","0.8817","http://www.drugbank.ca/drugs/DB04837"
"249","Doxylamine (DB00366)","0.8809","http://www.drugbank.ca/drugs/DB00366"
"250","Clobazam (DB00349)","0.8807","http://www.drugbank.ca/drugs/DB00349"
"251","Indapamide (DB00808)","0.8807","http://www.drugbank.ca/drugs/DB00808"
"252","4-chloro-N-[(2S)-2-methyl-2,3-dihydro-1H-indol-1-yl]-3-sulfamoylbenzamide (DB07467)","0.8807","http://www.drugbank.ca/drugs/DB07467"
"253","Bezafibrate (DB01393)","0.8806","http://www.drugbank.ca/drugs/DB01393"
"254","N-[2-methyl-5-(methylcarbamoyl)phenyl]-2-{[(1R)-1-methylpropyl]amino}-1,3-thiazole-5-carboxamide (DB06991)","0.8804","http://www.drugbank.ca/drugs/DB06991"
"255","Clorazepate (DB00628)","0.8802","http://www.drugbank.ca/drugs/DB00628"
"256","4-(4-CHLOROPHENYL)-4-[4-(1H-PYRAZOL-4-YL)PHENYL]PIPERIDINE (DB07859)","0.8802","http://www.drugbank.ca/drugs/DB07859"
"257","3-BENZYLOXYCARBONYLAMINO-2-HYDROXY-4-PHENYL-BUTYRIC ACID (DB08041)","0.8801","http://www.drugbank.ca/drugs/DB08041"
"258","N-(3-TERT-BUTYL-1H-PYRAZOL-5-YL)-N'-{4-CHLORO-3-[(PYRIDIN-3-YLOXY)METHYL]PHENYL}UREA (DB08064)","0.8796","http://www.drugbank.ca/drugs/DB08064"
"259","Pergolide (DB01186)","0.8796","http://www.drugbank.ca/drugs/DB01186"
"260","[4-amino-2-(tert-butylamino)-1,3-thiazol-5-yl](phenyl)methanone (DB08778)","0.8795","http://www.drugbank.ca/drugs/DB08778"
"261","2-HEPTYL-4-HYDROXY QUINOLINE N-OXIDE (DB07918)","0.8795","http://www.drugbank.ca/drugs/DB07918"
"262","Ethyl loflazepate (DB01545)","0.8791","http://www.drugbank.ca/drugs/DB01545"
"263","Apomorphine (DB00714)","0.8787","http://www.drugbank.ca/drugs/DB00714"
"264","Atomoxetine (DB00289)","0.8780","http://www.drugbank.ca/drugs/DB00289"
"265","(R)-(+) 5(9BH)-OXO-9B-PHENYL-2,3-DIHYDROTHIAZOLO[2,3-A]ISOINDOL-3-CARBOXYLIC ACID METHYL ESTER (DB07473)","0.8776","http://www.drugbank.ca/drugs/DB07473"
"266","Flunitrazepam (DB01544)","0.8775","http://www.drugbank.ca/drugs/DB01544"
"267","Triflupromazine (DB00508)","0.8765","http://www.drugbank.ca/drugs/DB00508"
"268","Naphazoline (DB06711)","0.8763","http://www.drugbank.ca/drugs/DB06711"
"269","6-(3-AMINOPROPYL)-4,9-DIMETHYLPYRROLO[3,4-C]CARBAZOLE-1,3(2H,6H)-DIONE (DB07444)","0.8761","http://www.drugbank.ca/drugs/DB07444"
"270","N-(6-Aminohexyl)-5-Chloro-1-Naphthalenesulfonamide (DB04513)","0.8753","http://www.drugbank.ca/drugs/DB04513"
"271","Rotigotine (DB05271)","0.8752","http://www.drugbank.ca/drugs/DB05271"
"272","CRA_10972 (DB02989)","0.8749","http://www.drugbank.ca/drugs/DB02989"
"273","1-(3-chloro-4-methylphenyl)-3-{2-[({5-[(dimethylamino)methyl]-2-furyl}methyl)thio]ethyl}urea (DB08027)","0.8749","http://www.drugbank.ca/drugs/DB08027"
"274","Ezogabine  (DB04953)","0.8742","http://www.drugbank.ca/drugs/DB04953"
"275","Bupivacaine (DB00297)","0.8740","http://www.drugbank.ca/drugs/DB00297"
"276","Levobupivacaine (DB01002)","0.8740","http://www.drugbank.ca/drugs/DB01002"
"277","Diphenhydramine (DB01075)","0.8740","http://www.drugbank.ca/drugs/DB01075"
"278","N-[2-(6-AMINO-4-METHYLPYRIDIN-2-YL)ETHYL]-4-CYANOBENZAMIDE (DB07389)","0.8733","http://www.drugbank.ca/drugs/DB07389"
"279","Dextropropoxyphene (DB00647)","0.8730","http://www.drugbank.ca/drugs/DB00647"
"280","Indecainide (DB00192)","0.8725","http://www.drugbank.ca/drugs/DB00192"
"281","7,8-dihydro-6-hydroxymethyl-7-methyl-7-[2-phenylethyl]-pterin (DB04610)","0.8724","http://www.drugbank.ca/drugs/DB04610"
"282","Delorazepam (DB01511)","0.8723","http://www.drugbank.ca/drugs/DB01511"
"283","Oxazepam (DB00842)","0.8722","http://www.drugbank.ca/drugs/DB00842"
"284","2-[4-({[(3,5-DICHLOROPHENYL)AMINO]CARBONYL}AMINO)PHENOXY]-2-METHYLPROPANOIC ACID (DB08077)","0.8721","http://www.drugbank.ca/drugs/DB08077"
"285","Butoconazole (DB00639)","0.8720","http://www.drugbank.ca/drugs/DB00639"
"286","4-(2-AMINOETHOXY)-3,5-DICHLORO-N-[3-(1-METHYLETHOXY)PHENYL]BENZAMIDE (DB08072)","0.8707","http://www.drugbank.ca/drugs/DB08072"
"287","(2S)-N-(4-cyano-3-iodophenyl)-3-(4-cyanophenoxy)-2-hydroxy-2-methylpropanamide (DB07039)","0.8704","http://www.drugbank.ca/drugs/DB07039"
"288","Bromodiphenhydramine (DB01237)","0.8704","http://www.drugbank.ca/drugs/DB01237"
"289","Clonazepam (DB01068)","0.8703","http://www.drugbank.ca/drugs/DB01068"
"290","Fenoterol (DB01288)","0.8702","http://www.drugbank.ca/drugs/DB01288"
"291","(METHYLPYRIDAZINE PIPERIDINE ETHYLOXYPHENYL)ETHYLACETATE (DB08012)","0.8701","http://www.drugbank.ca/drugs/DB08012"
"292","Lorazepam (DB00186)","0.8695","http://www.drugbank.ca/drugs/DB00186"
"293","(2-ACETYL-5-METHYLANILINO)(2,6-DIBROMOPHENYL)ACETAMIDE (DB07327)","0.8691","http://www.drugbank.ca/drugs/DB07327"
"294","Piclamilast (DB01791)","0.8690","http://www.drugbank.ca/drugs/DB01791"
"295","Lisdexamfetamine (DB01255)","0.8686","http://www.drugbank.ca/drugs/DB01255"
"296","Metixene (DB00340)","0.8684","http://www.drugbank.ca/drugs/DB00340"
"297","(2Z)-N-(3-chloro-2'-methoxybiphenyl-4-yl)-2-cyano-3-hydroxybut-2-enamide (DB08172)","0.8681","http://www.drugbank.ca/drugs/DB08172"
"298","Arbutamine (DB01102)","0.8681","http://www.drugbank.ca/drugs/DB01102"
"299","Chlordiazepoxide (DB00475)","0.8672","http://www.drugbank.ca/drugs/DB00475"
"300","2-{[(1R,2S)-2-aminocyclohexyl]amino}-4-[(3-methylphenyl)amino]pyrimidine-5-carboxamide (DB08361)","0.8670","http://www.drugbank.ca/drugs/DB08361"
"301","5-[4-Tert-Butylphenylsulfanyl]-2,4-Quinazolinediamine (DB01958)","0.8658","http://www.drugbank.ca/drugs/DB01958"
"302","Orphenadrine (DB01173)","0.8656","http://www.drugbank.ca/drugs/DB01173"
"303","2-{4-[(3,5-DIMETHYLANILINO)-CARBONYL-METHYL]-PHENOXY}-2-METHYLPROPIONIC ACID (DB08486)","0.8651","http://www.drugbank.ca/drugs/DB08486"
"304","1-(5-BROMO-PYRIDIN-2-YL)-3-[2-(6-FLUORO-2-HYDROXY-3-PROPIONYL-PHENYL)-CYCLOPROPYL]-UREA (DB07451)","0.8650","http://www.drugbank.ca/drugs/DB07451"
"305","N-{2-[(4'-CYANO-1,1'-BIPHENYL-4-YL)OXY]ETHYL}-N'-HYDROXY-N-METHYLUREA (DB06971)","0.8630","http://www.drugbank.ca/drugs/DB06971"
"306","2-HYDROXY-5-{[(1E)-2-PHENYLETHYLIDENE]AMINO}-L-TYROSINE (DB06988)","0.8628","http://www.drugbank.ca/drugs/DB06988"
"307","(2S)-2-(3-{[AMINO(IMINO)METHYL]AMINO}PHENYL)-3-[(S)-HYDROXY(3-PHENYLPROPYL)PHOSPHORYL]PROPANOIC ACID (DB07182)","0.8624","http://www.drugbank.ca/drugs/DB07182"
"308","1-(5-Tert-Butyl-2-Methyl-2h-Pyrazol-3-Yl)-3-(4-Chloro-Phenyl)-Urea (DB02277)","0.8623","http://www.drugbank.ca/drugs/DB02277"
"309","Pioglitazone (DB01132)","0.8617","http://www.drugbank.ca/drugs/DB01132"
"310","Roflumilast (DB01656)","0.8616","http://www.drugbank.ca/drugs/DB01656"
"311","N-[2-(4-AMINO-5,8-DIFLUORO-1,2-DIHYDROQUINAZOLIN-2-YL)ETHYL]-3-FURAMIDE (DB07318)","0.8613","http://www.drugbank.ca/drugs/DB07318"
"312","N-(5-Cyclopropyl-1h-Pyrazol-3-Yl)Benzamide (DB02647)","0.8609","http://www.drugbank.ca/drugs/DB02647"
"313","ethyl 3-[(E)-2-amino-1-cyanoethenyl]-6,7-dichloro-1-methyl-1H-indole-2-carboxylate (DB08691)","0.8603","http://www.drugbank.ca/drugs/DB08691"
"314","(R)-(+)9B-(3-METHYL)PHENYL-2,3-DIHYDROTHIAZOLO[2,3-A]ISOINDOL-5(9BH)-ONE (DB07472)","0.8601","http://www.drugbank.ca/drugs/DB07472"
"315","(S)-(+)-2-[4-(FLUOROBENZYLOXY-BENZYLAMINO)PROPIONAMIDE] (DB08516)","0.8586","http://www.drugbank.ca/drugs/DB08516"
"316","Clotiazepam (DB01559)","0.8586","http://www.drugbank.ca/drugs/DB01559"
"317","UC-781 (DB05871)","0.8581","http://www.drugbank.ca/drugs/DB05871"
"318","2-METHYL-FURAN-3-CARBOTHIOIC ACID [4-CHLORO-3-(3-METHYL-BUT-2-ENYLOXY)-PHENYL]-AMIDE (DB08679)","0.8581","http://www.drugbank.ca/drugs/DB08679"
"319","2-NONYL-4-HYDROXYQUINOLINE N-OXIDE (DB08453)","0.8577","http://www.drugbank.ca/drugs/DB08453"
"320","Methapyrilene (DB04819)","0.8575","http://www.drugbank.ca/drugs/DB04819"
"321","Sertraline (DB01104)","0.8574","http://www.drugbank.ca/drugs/DB01104"
"322","(1S,4S)-4-(3,4-dichlorophenyl)-N-methyl-1,2,3,4-tetrahydronaphthalen-1-amine (DB08567)","0.8574","http://www.drugbank.ca/drugs/DB08567"
"323","6-CHLORO-4-(CYCLOHEXYLSULFANYL)-3-PROPYLQUINOLIN-2(1H)-ONE (DB07868)","0.8571","http://www.drugbank.ca/drugs/DB07868"
"324","3-{[(9-CYANO-9,10-DIHYDRO-10-METHYLACRIDIN-9-YL)CARBONYL]AMINO}PROPANOIC ACID (DB07441)","0.8568","http://www.drugbank.ca/drugs/DB07441"
"325","6-CHLORO-4-(CYCLOHEXYLOXY)-3-PROPYLQUINOLIN-2(1H)-ONE (DB07867)","0.8568","http://www.drugbank.ca/drugs/DB07867"
"326","(2S)-3-[(R)-[(1S)-1-amino-3-phenylpropyl](hydroxy)phosphoryl]-2-benzylpropanoic acid (DB07448)","0.8559","http://www.drugbank.ca/drugs/DB07448"
"327","Talampanel (DB04982)","0.8557","http://www.drugbank.ca/drugs/DB04982"
"328","Elesclomol (DB05719)","0.8554","http://www.drugbank.ca/drugs/DB05719"
"329","[2-(1-Amino-2-Hydroxy-Propyl)-4-(4-Fluoro-1h-Indol-3-Ylmethyl)-5-Hydroxy-Imidazol-1-Yl]-Acetic Acid (DB01674)","0.8554","http://www.drugbank.ca/drugs/DB01674"
"330","N-[[3-FLUORO-4-ETHOXY-PYRID-2-YL]ETHYL]-N'-[5-CHLORO-PYRIDYL]-THIOUREA (DB07797)","0.8552","http://www.drugbank.ca/drugs/DB07797"
"331","4-[(CYCLOPROPYLETHYNYL)OXY]-6-FLUORO-3-ISOPROPYLQUINOLIN-2(1H)-ONE (DB07864)","0.8552","http://www.drugbank.ca/drugs/DB07864"
"332","N-(4-CARBAMIMIDOYL-3-CHORO-PHENYL)-2-HYDROXY-3-IODO-5-METHYL-BENZAMIDE (DB06857)","0.8546","http://www.drugbank.ca/drugs/DB06857"
"333","N-[4-CLORO-3-(T-BUTYLOXOME)PHENYL-2-METHYL-3-FURAN-CARBOTHIAMIDE (DB08680)","0.8531","http://www.drugbank.ca/drugs/DB08680"
"334","1-[2-(3-ACETYL-2-HYDROXY-6-METHOXY-PHENYL)-CYCLOPROPYL]-3-(5-CYANO-PYRIDIN-2-YL)-THIOUREA (DB08212)","0.8531","http://www.drugbank.ca/drugs/DB08212"
"335","N'-(6-aminopyridin-3-yl)-N-(2-cyclopentylethyl)-4-methyl-benzene-1,3-dicarboxamide (DB07537)","0.8524","http://www.drugbank.ca/drugs/DB07537"
"336","6-CHLORO-4-(CYCLOHEXYLSULFINYL)-3-PROPYLQUINOLIN-2(1H)-ONE (DB07869)","0.8522","http://www.drugbank.ca/drugs/DB07869"
"337","6-CHLORO-4-(CYCLOHEXYLOXY)-3-ISOPROPYLQUINOLIN-2(1H)-ONE (DB07871)","0.8518","http://www.drugbank.ca/drugs/DB07871"
"338","4,4'[1,6-Hexanediylbis(Oxy)]Bisbenzenecarboximidamide (DB03808)","0.8517","http://www.drugbank.ca/drugs/DB03808"
"339","FR221647 (DB02096)","0.8516","http://www.drugbank.ca/drugs/DB02096"
"340","Ondansetron (DB00904)","0.8514","http://www.drugbank.ca/drugs/DB00904"
"341","Fluoxetine (DB00472)","0.8500","http://www.drugbank.ca/drugs/DB00472"
"342","(3R)-N-methyl-3-phenyl-3-[4-(trifluoromethyl)phenoxy]propan-1-amine (DB08472)","0.8500","http://www.drugbank.ca/drugs/DB08472"
"343","(3S)-N-methyl-3-phenyl-3-[4-(trifluoromethyl)phenoxy]propan-1-amine (DB08544)","0.8500","http://www.drugbank.ca/drugs/DB08544"
"344","(5S)-3-ANILINO-5-(2,4-DIFLUOROPHENYL)-5-METHYL-1,3-OXAZOLIDINE-2,4-DIONE (DB07763)","0.8497","http://www.drugbank.ca/drugs/DB07763"
"345","N-cyclohexyl-3-[3-(trifluoromethyl)phenyl][1,2,4]triazolo[4,3-b]pyridazin-6-amine (DB08708)","0.8496","http://www.drugbank.ca/drugs/DB08708"
"346","Amineptine (DB04836)","0.8491","http://www.drugbank.ca/drugs/DB04836"
"347","2-[4-(2H-1,4-BENZOTHIAZINE-3-YL)-PIPERAZINE-1-LY]-1,3-THIAZOLE-4-CARBOXYLIC ACID ETHYLESTER (DB08540)","0.8491","http://www.drugbank.ca/drugs/DB08540"
"348","Alphamethadol (DB01498)","0.8486","http://www.drugbank.ca/drugs/DB01498"
"349","Methadone (DB00333)","0.8486","http://www.drugbank.ca/drugs/DB00333"
"350","Pentamidine (DB00738)","0.8480","http://www.drugbank.ca/drugs/DB00738"
"351","N6-METHYL-(R)-ROSCOVITINE, R-2-[6-(BENZYL-METHYL-AMINO)-9-ISOPROPYL-9H-PURIN-2-YLAMINO]-BUTAN-1-OL (DB04776)","0.8477","http://www.drugbank.ca/drugs/DB04776"
"352","Itopride (DB04924)","0.8472","http://www.drugbank.ca/drugs/DB04924"
"353","2-((3'-TERTBUTYL-4'-HYDROXYPHENYL)AZO)BENZOIC ACID (DB08216)","0.8466","http://www.drugbank.ca/drugs/DB08216"
"354","1-[2-(4-ETHOXY-3-FLUOROPYRIDIN-2-YL)ETHYL]-3-(5-METHYLPYRIDIN-2-YL)THIOUREA (DB08372)","0.8465","http://www.drugbank.ca/drugs/DB08372"
"355","5-Methyl-5-(4-Phenoxy-Phenyl)-Pyrimidine-2,4,6-Trione (DB03368)","0.8464","http://www.drugbank.ca/drugs/DB03368"
"356","Purvalanol A (DB04751)","0.8463","http://www.drugbank.ca/drugs/DB04751"
"357","5-ETHYL-3-[(2-METHOXYETHYL)METHYLAMINO]-6-METHYL-4-(3-METHYLBENZYL)PYRIDIN-2(1H)-ONE (DB07018)","0.8462","http://www.drugbank.ca/drugs/DB07018"
"358","4-HYDROXY-N'-(4-ISOPROPYLBENZYL)BENZOHYDRAZIDE (DB06884)","0.8461","http://www.drugbank.ca/drugs/DB06884"
"359","Reboxetine (DB00234)","0.8456","http://www.drugbank.ca/drugs/DB00234"
"360","Dimenoxadol (DB01461)","0.8455","http://www.drugbank.ca/drugs/DB01461"
"361","Econazole (DB01127)","0.8451","http://www.drugbank.ca/drugs/DB01127"
"362","1-[(2S)-2-[(4-CHLOROBENZYL)OXY]-2-(2,4-DICHLOROPHENYL)ETHYL]-1H-IMIDAZOLE (DB07705)","0.8451","http://www.drugbank.ca/drugs/DB07705"
"363","Dolasetron (DB00757)","0.8450","http://www.drugbank.ca/drugs/DB00757"
"364","1-(5-CHLORO-2-METHOXYPHENYL)-3-{6-[2-(DIMETHYLAMINO)-1-METHYLETHOXY]PYRAZIN-2-YL}UREA (DB07228)","0.8445","http://www.drugbank.ca/drugs/DB07228"
"365","(3-ENDO)-8-METHYL-8-AZABICYCLO[3.2.1]OCT-3-YL 1H-PYRROLO[2,3-B]PYRIDINE-3-CARBOXYLATE (DB07243)","0.8431","http://www.drugbank.ca/drugs/DB07243"
"366","(2S)-2-({6-[(3-AMINO-5-CHLOROPHENYL)AMINO]-9-ISOPROPYL-9H-PURIN-2-YL}AMINO)-3-METHYLBUTAN-1-OL (DB07379)","0.8416","http://www.drugbank.ca/drugs/DB07379"
"367","(4R)-4-(3-HYDROXYPHENYL)-N,N,7,8-TETRAMETHYL-3,4-DIHYDROISOQUINOLINE-2(1H)-CARBOXAMIDE (DB07064)","0.8415","http://www.drugbank.ca/drugs/DB07064"
"368","Trimetrexate (DB01157)","0.8414","http://www.drugbank.ca/drugs/DB01157"
"369","Citalopram (DB00215)","0.8413","http://www.drugbank.ca/drugs/DB00215"
"370","Escitalopram (DB01175)","0.8413","http://www.drugbank.ca/drugs/DB01175"
"371","5-PENTYL-2-PHENOXYPHENOL (DB07178)","0.8410","http://www.drugbank.ca/drugs/DB07178"
"372","N-[[3-FLUORO-4-ETHOXY-PYRID-2-YL]ETHYL]-N'-[5-NITRILOMETHYL-PYRIDYL]-THIOUREA (DB07781)","0.8407","http://www.drugbank.ca/drugs/DB07781"
"373","Paroxetine (DB00715)","0.8403","http://www.drugbank.ca/drugs/DB00715"
"374","Protriptyline (DB00344)","0.8401","http://www.drugbank.ca/drugs/DB00344"
"375","N-[(2R)-2-{[(2S)-2-(1,3-benzoxazol-2-yl)pyrrolidin-1-yl]carbonyl}hexyl]-N-hydroxyformamide (DB08310)","0.8399","http://www.drugbank.ca/drugs/DB08310"
"376","FR239087 (DB03370)","0.8390","http://www.drugbank.ca/drugs/DB03370"
"377","CNS-5161 (DB05824)","0.8383","http://www.drugbank.ca/drugs/DB05824"
"378","Malachite Green (DB03895)","0.8383","http://www.drugbank.ca/drugs/DB03895"
"379","GTS-21 (DB05708)","0.8369","http://www.drugbank.ca/drugs/DB05708"
"380","Oxiconazole (DB00239)","0.8367","http://www.drugbank.ca/drugs/DB00239"
"381","Bevantolol (DB01295)","0.8362","http://www.drugbank.ca/drugs/DB01295"
"382","OLOMOUCINE II (DB04662)","0.8336","http://www.drugbank.ca/drugs/DB04662"
"383","Diethylstilbestrol (DB00255)","0.8321","http://www.drugbank.ca/drugs/DB00255"
"384","AZAPROPAZONE (DB07402)","0.8319","http://www.drugbank.ca/drugs/DB07402"
"385","Seproxetine (DB06731)","0.8316","http://www.drugbank.ca/drugs/DB06731"
"386","Miconazole (DB01110)","0.8314","http://www.drugbank.ca/drugs/DB01110"
"387","Gluco-Phenylimidazole (DB02862)","0.8310","http://www.drugbank.ca/drugs/DB02862"
"388","2-CHLORO-N-(3-CYANO-5,6-DIHYDRO-4H-CYCLOPENTA[B]THIOPHEN-2-YL)-5-DIETHYLSULFAMOYL-BENZAMIDE (DB06970)","0.8304","http://www.drugbank.ca/drugs/DB06970"
"389","2-[(4-ETHYNYL-2-FLUOROPHENYL)AMINO]-3,4-DIFLUORO-N-(2-HYDROXYETHOXY)BENZAMIDE (DB08208)","0.8304","http://www.drugbank.ca/drugs/DB08208"
"390","+/-METHYL 4-(AMINOIMINOMETHYL)-BETA-[3- INH (AMINOIMINO)PHENYL]BENZENE PENTANOATE (DB07985)","0.8302","http://www.drugbank.ca/drugs/DB07985"
"391","2-(4-ETHYLPIPERAZIN-1-YL)-4-(PHENYLAMINO)PYRAZOLO[1,5-A][1,3,5]TRIAZINE-8-CARBONITRILE (DB08360)","0.8280","http://www.drugbank.ca/drugs/DB08360"
"392","N-(4-AMINO-5-CYANO-6-ETHOXYPYRIDIN-2-YL)-2-(4-BROMO-2,5-DIMETHOXYPHENYL)ACETAMIDE (DB07272)","0.8279","http://www.drugbank.ca/drugs/DB07272"
"393","Fenoldopam (DB00800)","0.8274","http://www.drugbank.ca/drugs/DB00800"
"394","1-(3-BROMOPHENYL)-7-CHLORO-6-METHOXY-3,4-DIHYDROISOQUINOLINE (DB08555)","0.8262","http://www.drugbank.ca/drugs/DB08555"
"395","Fenofibrate (DB01039)","0.8224","http://www.drugbank.ca/drugs/DB01039"
"396","2-(4-CARCOXY-5-ISOPROPYLTHIAZOLYL)BENZOPIPERIDINE (DB08192)","0.8223","http://www.drugbank.ca/drugs/DB08192"
"397","N-Cyclohexyl-N'-(Propyl)Phenyl Urea (DB04213)","0.8222","http://www.drugbank.ca/drugs/DB04213"
"398","N7-BUTYL-N2-(5-CHLORO-2-METHYLPHENYL)-5-METHYL[1,2,4]TRIAZOLO[1,5-A]PYRIMIDINE-2,7-DIAMINE (DB07128)","0.8222","http://www.drugbank.ca/drugs/DB07128"
"399","(2R)-2-{[4-(benzylamino)-8-(1-methylethyl)pyrazolo[1,5-a][1,3,5]triazin-2-yl]amino}butan-1-ol (DB08285)","0.8202","http://www.drugbank.ca/drugs/DB08285"
"400","3-Chloro-9-Ethyl-6,7,8,9,10,11-Hexahydro-7,11-Methanocycloocta[B]Quinolin-12-Amine (DB04114)","0.8184","http://www.drugbank.ca/drugs/DB04114"
"401","2,4-Diamino-6-[N-(3',4',5'-Trimethoxybenzyl)-N-Methylamino]Pyrido[2,3-D]Pyrimidine (DB02919)","0.8181","http://www.drugbank.ca/drugs/DB02919"
"402","Flumazenil (DB01205)","0.8177","http://www.drugbank.ca/drugs/DB01205"
"403","1-[6-(2-CHLORO-4-METHYXYPHENOXY)-HEXYL]-IMIDAZOLE (DB08509)","0.8176","http://www.drugbank.ca/drugs/DB08509"
"404","O6-(R)-ROSCOVITINE, R-2-(6-BENZYLOXY-9-ISOPROPYL-9H-PURIN-2-YLAMINO)-BUTAN-1-OL (DB04770)","0.8171","http://www.drugbank.ca/drugs/DB04770"
"405","4-[(1R,2S)-1-ethyl-2-(4-hydroxyphenyl)butyl]phenol (DB07931)","0.8161","http://www.drugbank.ca/drugs/DB07931"
"406","Rabeprazole (DB01129)","0.8158","http://www.drugbank.ca/drugs/DB01129"
"407","5-CYANO-N-(2,5-DIMETHOXYBENZYL)-6-ETHOXYPYRIDINE-2-CARBOXAMIDE (DB07276)","0.8157","http://www.drugbank.ca/drugs/DB07276"
"408","4-tert-butyl-N'-[(1E)-(3,5-dibromo-2,4-dihydroxyphenyl)methylidene]benzohydrazide (DB07097)","0.8151","http://www.drugbank.ca/drugs/DB07097"
"409","3,5-Dichloro-4-[(4-Hydroxy-3-Isopropylphenoxy)Phenylacetic Acid (DB03176)","0.8151","http://www.drugbank.ca/drugs/DB03176"
"410","4-(4-Hydroxy-3-Isopropylphenylthio)-2-Isopropylphenol (DB02881)","0.8142","http://www.drugbank.ca/drugs/DB02881"
"411","Rolicyclidine (DB01549)","0.8125","http://www.drugbank.ca/drugs/DB01549"
"412","Etodolac (DB00749)","0.8120","http://www.drugbank.ca/drugs/DB00749"
"413","Varenicline (DB01273)","0.8099","http://www.drugbank.ca/drugs/DB01273"
"414","2-HYDROXY-7-METHOXY-5-METHYL-NAPHTHALENE-1-CARBOXYLIC ACID MESO-2,5-DIHYDROXY-CYCLOPENT-3-ENYL ESTER (DB08261)","0.8079","http://www.drugbank.ca/drugs/DB08261"
"415","5-(5-(6-CHLORO-4-(4,5-DIHYDRO-2-OXAZOLYL)PHENOXY)PENTYL)-3-METHYL ISOXAZOLE (DB08719)","0.8065","http://www.drugbank.ca/drugs/DB08719"
"416","1-TERT-BUTYL-3-(2,5-DIMETHYLBENZYL)-1H-PYRAZOLO[3,4-D]PYRIMIDIN-4-AMINE (DB08035)","0.8051","http://www.drugbank.ca/drugs/DB08035"
"417","Ridogrel (DB01207)","0.8033","http://www.drugbank.ca/drugs/DB01207"
"418","5-(3-(2,6-DICHLORO-4-(4,5-DIHYDRO-2-OXAZOLYL)PHENOXY)PROPYL)-3-METHYL ISOXAZOLE (DB08728)","0.8018","http://www.drugbank.ca/drugs/DB08728"
"419","5-(5-(4-(4,5-DIHYDRO-2-OXAZOLY)PHENOXY)PENTYL)-3-METHYL ISOXAZOLE (DB08720)","0.8016","http://www.drugbank.ca/drugs/DB08720"
"420","Tazarotene (DB00799)","0.8016","http://www.drugbank.ca/drugs/DB00799"
"421","5-(5-(2,6-DICHLORO-4-(4,5-DIHYDRO-2-OXAZOLY)PHENOXY)PENTYL)-3-METHYL ISOXAZOLE (DB08723)","0.8008","http://www.drugbank.ca/drugs/DB08723"
"422","ANILINOMETHYL GLUCO-PHENYLIMIDAZOLE (DB04712)","0.8000","http://www.drugbank.ca/drugs/DB04712"
"423","N-[(1S)-1-{1-[(1R,3E)-1-ACETYLPENT-3-EN-1-YL]-1H-1,2,3-TRIAZOL-4-YL}-1,2-DIMETHYLPROPYL]BENZAMIDE (DB07878)","0.7982","http://www.drugbank.ca/drugs/DB07878"
"424","Y-700 (DB03841)","0.7980","http://www.drugbank.ca/drugs/DB03841"
"425","Pleconaril (DB05105)","0.7977","http://www.drugbank.ca/drugs/DB05105"
"426","Masoprocol (DB00179)","0.7969","http://www.drugbank.ca/drugs/DB00179"
"427","5-(5-(4-(5-HYDRO-4-METHYL-2-OXAZOLYL)PHENOXY)PENTYL)-3-METHYL ISOXAZOLE (DB08724)","0.7965","http://www.drugbank.ca/drugs/DB08724"
"428","9-Butyl-8-(3-Methoxybenzyl)-9h-Purin-6-Amine (DB03809)","0.7917","http://www.drugbank.ca/drugs/DB03809"
"429","9-Butyl-8-(4-Methoxybenzyl)-9h-Purin-6-Amine (DB03899)","0.7917","http://www.drugbank.ca/drugs/DB03899"
"430","6-BENZYL-1-ETHOXYMETHYL-5-ISOPROPYL URACIL (DB08188)","0.7895","http://www.drugbank.ca/drugs/DB08188"
"431","1-(N-Imidazolyl)-2-Hydroxy-2-(2,3-Dichlorophenyl)Octane (DB02617)","0.7894","http://www.drugbank.ca/drugs/DB02617"
"432","1-({2-[2-(4-CHLOROPHENYL)ETHYL]-1,3-DIOXOLAN-2-YL}METHYL)-1H-IMIDAZOLE (DB06914)","0.7888","http://www.drugbank.ca/drugs/DB06914"
"433","2-(CYCLOHEXYLMETHYLAMINO)-4-(PHENYLAMINO)PYRAZOLO[1,5-A][1,3,5]TRIAZINE-8-CARBONITRILE (DB08353)","0.7887","http://www.drugbank.ca/drugs/DB08353"
"434","5-[3-(2,5-dimethoxyphenyl)prop-1-yn-1-yl]-6-ethylpyrimidine-2,4-diamine (DB08234)","0.7877","http://www.drugbank.ca/drugs/DB08234"
"435","3-{(3R,4R)-4-methyl-3-[methyl(7H-pyrrolo[2,3-d]pyrimidin-4-yl)amino]piperidin-1-yl}-3-oxopropanenitrile (DB08183)","0.7843","http://www.drugbank.ca/drugs/DB08183"
"436","5-Methoxy-1,2-Dimethyl-3-(4-Nitrophenoxymethyl)Indole-4,7-Dione (DB02400)","0.7820","http://www.drugbank.ca/drugs/DB02400"
"437","5-(7-(4-(4,5-DIHYDRO-2-OXAZOLYL)PHENOXY)HEPTYL)-3-METHYL ISOXAZOLE (DB08726)","0.7819","http://www.drugbank.ca/drugs/DB08726"
"438","{4-[4-hydroxy-3-(1-methylethyl)benzyl]-3,5-dimethylphenoxy}acetic acid (DB07425)","0.7815","http://www.drugbank.ca/drugs/DB07425"
"439","5-Methoxy-1,2-Dimethyl-3-(Phenoxymethyl)Indole-4,7-Dione (DB03626)","0.7809","http://www.drugbank.ca/drugs/DB03626"
"440","6-CYCLOHEXYLMETHOXY-2-(3'-CHLOROANILINO) PURINE (DB07203)","0.7800","http://www.drugbank.ca/drugs/DB07203"
"441","Phencyclidine (DB03575)","0.7795","http://www.drugbank.ca/drugs/DB03575"
"442","LULICONAZOLE (DB08933)","0.7795","http://www.drugbank.ca/drugs/DB08933"
"443","2-ANILINO-6-CYCLOHEXYLMETHOXYPURINE (DB06948)","0.7747","http://www.drugbank.ca/drugs/DB06948"
"444","4,4'-cyclohexane-1,1-diyldiphenol (DB07485)","0.7735","http://www.drugbank.ca/drugs/DB07485"
"445","(3AS,4R,9BR)-4-(4-HYDROXYPHENYL)-1,2,3,3A,4,9B-HEXAHYDROCYCLOPENTA[C]CHROMEN-8-OL (DB07933)","0.7717","http://www.drugbank.ca/drugs/DB07933"
"446","(3AS,4R,9BR)-4-(4-HYDROXYPHENYL)-1,2,3,3A,4,9B-HEXAHYDROCYCLOPENTA[C]CHROMEN-9-OL (DB08737)","0.7710","http://www.drugbank.ca/drugs/DB08737"
"447","6-(1,1-Dimethylallyl)-2-(1-Hydroxy-1-Methylethyl)-2,3-Dihydro-7h-Furo[3,2-G]Chromen-7-One (DB02205)","0.7706","http://www.drugbank.ca/drugs/DB02205"
"448","9-Butyl-8-(2,5-Dimethoxy-Benzyl)-9h-Purin-6-Ylamine (DB02359)","0.7673","http://www.drugbank.ca/drugs/DB02359"
"449","6-CYCLOHEXYLMETHYLOXY-2-(4'-HYDROXYANILINO)PURINE (DB08233)","0.7669","http://www.drugbank.ca/drugs/DB08233"
"450","(3R,4S)-1-[(4-AMINO-5H-PYRROLO[3,2-D]PYRIMIDIN-7-YL)METHYL]-4-[(METHYLSULFANYL)METHYL]PYRROLIDIN-3-OL (DB08606)","0.7643","http://www.drugbank.ca/drugs/DB08606"
"451","(3AS,4R,9BR)-2,2-DIFLUORO-4-(4-HYDROXYPHENYL)-1,2,3,3A,4,9B-HEXAHYDROCYCLOPENTA[C]CHROMEN-8-OL (DB07638)","0.7633","http://www.drugbank.ca/drugs/DB07638"
"452","9-Butyl-8-(2,5-Dimethoxy-Benzyl)-2-Fluoro-9h-Purin-6-Ylamine (DB04054)","0.7633","http://www.drugbank.ca/drugs/DB04054"
"453","(2S)-1-methyl-2-[(2S,4R)-2-methyl-4-phenylpentyl]piperidine (DB08071)","0.7630","http://www.drugbank.ca/drugs/DB08071"
"454","8-(2,5-Dimethoxy-Benzyl)-2-Fluoro-9-Pent-9h-Purin-6-Ylamine (DB03137)","0.7629","http://www.drugbank.ca/drugs/DB03137"
"455","8-BENZO[1,3]DIOXOL-,5-YLMETHYL-9-BUTYL-9H- (DB08436)","0.7627","http://www.drugbank.ca/drugs/DB08436"
"456","vapitadine dihydrochloride (DB05738)","0.7617","http://www.drugbank.ca/drugs/DB05738"
"457","Equilenin (DB03515)","0.7607","http://www.drugbank.ca/drugs/DB03515"
"458","Milnacipran (DB04896)","0.7603","http://www.drugbank.ca/drugs/DB04896"
"459","Levomilnacipran (DB08918)","0.7603","http://www.drugbank.ca/drugs/DB08918"
"460","8-Benzo[1,3]Dioxol-,5-Ylmethyl-9-Butyl-2-Fluoro-9h-Purin-6-Ylamine (DB04254)","0.7586","http://www.drugbank.ca/drugs/DB04254"
"461","N-cyclohexyl-4-imidazo[1,2-a]pyridin-3-yl-N-methylpyrimidin-2-amine (DB08023)","0.7577","http://www.drugbank.ca/drugs/DB08023"
"462","MN-305 (DB05339)","0.7553","http://www.drugbank.ca/drugs/DB05339"
"463","Diethylthiambutene (DB01533)","0.7536","http://www.drugbank.ca/drugs/DB01533"
"464","(3R,4S)-1-[(4-amino-5H-pyrrolo[3,2-d]pyrimidin-7-yl)methyl]-4-[(butylsulfanyl)methyl]pyrrolidin-3-ol (DB07463)","0.7499","http://www.drugbank.ca/drugs/DB07463"
"465","6,7,8,9-TETRAHYDRO-4-HYDROXY-3-(1-PHENYLPROPYL)CYCLOHEPTA[B]PYRAN-2-ONE (DB08274)","0.7478","http://www.drugbank.ca/drugs/DB08274"
"466","6-(3',5'-DIMETHYLBENZYL)-1-ETHOXYMETHYL-5-ISOPROPYLURACIL (DB07820)","0.7465","http://www.drugbank.ca/drugs/DB07820"
"467","Xylometazoline (DB06694)","0.7460","http://www.drugbank.ca/drugs/DB06694"
"468","Oxymetazoline (DB00935)","0.7401","http://www.drugbank.ca/drugs/DB00935"
"469","Maprotiline (DB00934)","0.7347","http://www.drugbank.ca/drugs/DB00934"
"470","9-Butyl-8-(2-Chloro-3,4,5-Trimethoxy-Benzyl)-9h-Purin-6-Ylamine (DB03504)","0.7347","http://www.drugbank.ca/drugs/DB03504"
"471","9-Butyl-8-(3,4,5-Trimethoxybenzyl)-9h-Purin-6-Amine (DB02754)","0.7298","http://www.drugbank.ca/drugs/DB02754"
"472","6-methyl-5-[3-methyl-3-(3,4,5-trimethoxyphenyl)but-1-yn-1-yl]pyrimidine-2,4-diamine (DB07153)","0.7287","http://www.drugbank.ca/drugs/DB07153"
"473","[2'-CARBOXYLETHYL]-10-METHYL-ANTHRACENE ENDOPEROXIDE (DB08332)","0.7279","http://www.drugbank.ca/drugs/DB08332"
"474","17-METHYL-17-ALPHA-DIHYDROEQUILENIN (DB06871)","0.7264","http://www.drugbank.ca/drugs/DB06871"
"475","Procyclidine (DB00387)","0.7254","http://www.drugbank.ca/drugs/DB00387"
"476","CA4P (DB05284)","0.7219","http://www.drugbank.ca/drugs/DB05284"
"477","5-[[(2R)-2-cyclopropyl-7,8-dimethoxy-2H-chromen-5-yl]methyl]pyrimidine-2,4-diamine (DB08741)","0.7206","http://www.drugbank.ca/drugs/DB08741"
"478","Trimethoprim (DB00440)","0.7195","http://www.drugbank.ca/drugs/DB00440"
"479","2,4-Diamino-5-(3,4,5-Trimethoxy-Benzyl)-Pyrimidin-1-Ium (DB03125)","0.7195","http://www.drugbank.ca/drugs/DB03125"
"480","(5R)-N,N-DIETHYL-5-METHYL-2-[(THIOPHEN-2-YLCARBONYL)AMINO]-4,5,6,7-TETRAHYDRO-1-BENZOTHIOPHENE-3-CARBOXAMIDE (DB08033)","0.7132","http://www.drugbank.ca/drugs/DB08033"
"481","tert-butyl 4-(3-thiophen-2-yl-1,2,4-oxadiazol-5-yl)piperidine-1-carboxylate (DB08469)","0.7082","http://www.drugbank.ca/drugs/DB08469"
"482","Oxyphencyclimine (DB00383)","0.7080","http://www.drugbank.ca/drugs/DB00383"
"483","Lesopitron (DB04970)","0.7031","http://www.drugbank.ca/drugs/DB04970"
"484","5-[[(2R)-2-cyclopropyl-7,8-dimethoxy-chroman-5-yl]methyl]pyrimidine-2,4-diamine (DB07938)","0.6986","http://www.drugbank.ca/drugs/DB07938"
"485","(2-AMINO-3-PHENYL-BICYCLO[2.2.1]HEPT-2-YL)-PHENYL-METHANONE (DB07883)","0.6944","http://www.drugbank.ca/drugs/DB07883"
"486","Sibutramine (DB01105)","0.6933","http://www.drugbank.ca/drugs/DB01105"
"487","2-(Beta-D-Glucopyranosyl)-5-Methyl-1,2,3-Benzimidazole (DB03133)","0.6722","http://www.drugbank.ca/drugs/DB03133"
"488","5-[(4-AMINOCYCLOHEXYL)AMINO]-7-(PROPAN-2-YLAMINO)PYRAZOLO[1,5-A]PYRIMIDINE-3-CARBONITRILE (DB08140)","0.6710","http://www.drugbank.ca/drugs/DB08140"
"489","Anastrozole (DB01217)","0.6487","http://www.drugbank.ca/drugs/DB01217"
"490","Fencamfamine (DB01463)","0.6467","http://www.drugbank.ca/drugs/DB01463"
"491","1-Amino-6-Cyclohex-3-Enylmethyloxypurine (DB02603)","0.6304","http://www.drugbank.ca/drugs/DB02603"
"492","5'-Deoxy-5'-(Methylthio)-Tubercidin (DB02933)","0.6281","http://www.drugbank.ca/drugs/DB02933"
"493","(R)-TRANS-4-(1-AMINOETHYL)-N-(4-PYRIDYL) CYCLOHEXANECARBOXAMIDE (DB08756)","0.6204","http://www.drugbank.ca/drugs/DB08756"
"494","Dezocine (DB01209)","0.5981","http://www.drugbank.ca/drugs/DB01209"
"495","Abacavir (DB01048)","0.5387","http://www.drugbank.ca/drugs/DB01048"
"496","(2S,3R)-3-(6-amino-9H-purin-9-yl)nonan-2-ol (DB07711)","0.5142","http://www.drugbank.ca/drugs/DB07711"
"497","6-(CYCLOHEXYLMETHOXY)-8-ISOPROPYL-9H-PURIN-2-AMINE (DB08247)","0.4717","http://www.drugbank.ca/drugs/DB08247"
"498","6-O-Cyclohexylmethyl Guanine (DB02407)","0.4651","http://www.drugbank.ca/drugs/DB02407"
"499","9-(6-Deoxy-Alpha-L-Talofuranosyl)-6-Methylpurine (DB02934)","0.4166","http://www.drugbank.ca/drugs/DB02934"
"500","9-(6-Deoxy-Beta-D-Allofuranosyl)-6-Methylpurine (DB03952)","0.4166","http://www.drugbank.ca/drugs/DB03952"
