"","DrugBank Compound (Name, ID)","Similarity to ","Link"
"1","(1aR,8S,13S,14S,15aR)-5,13,14-trihydroxy-3-methoxy-8-methyl-8,9,13,14,15,15a-hexahydro-6H-oxireno[k][2]benzoxacyclotetradecine-6,12(1aH)-dione (DB07905)","0.9421","http://www.drugbank.ca/drugs/DB07905"
"2","1,2-Hydro-1-Oxy-3,4-Hydro-3-(1-Methoxy-2-Oxy-3,4-Dihydroxypentyl)-8,9-Dihydroxy-7-(Sec-Butyl)-Anthracene (DB04240)","0.9419","http://www.drugbank.ca/drugs/DB04240"
"3","Calanolide A (DB04886)","0.9343","http://www.drugbank.ca/drugs/DB04886"
"4","Teniposide (DB00444)","0.9255","http://www.drugbank.ca/drugs/DB00444"
"5","Troglitazone (DB00197)","0.9250","http://www.drugbank.ca/drugs/DB00197"
"6","(5R)-5-(4-{[(2R)-6-HYDROXY-2,5,7,8-TETRAMETHYL-3,4-DIHYDRO-2H-CHROMEN-2-YL]METHOXY}BENZYL)-1,3-THIAZOLIDINE-2,4-DIONE (DB08607)","0.9250","http://www.drugbank.ca/drugs/DB08607"
"7","DIETHYL (1R,2S,3R,4S)-5,6-BIS(4-HYDROXYPHENYL)-7-OXABICYCLO[2.2.1]HEPT-5-ENE-2,3-DICARBOXYLATE (DB08320)","0.9226","http://www.drugbank.ca/drugs/DB08320"
"8","(3s)-Tetrahydrofuran-3-Yl (1r,2s)-3-[4-((1r)-2-{[(S)-Amino(Hydroxy)Methyl]Oxy}-2,3-Dihydro-1h-Inden-1-Yl)-2-Benzyl-3-Oxopyrrolidin-2-Yl]-1-Benzyl-2-Hydroxypropylcarbamate (DB01824)","0.9211","http://www.drugbank.ca/drugs/DB01824"
"9","Etoposide (DB00773)","0.9193","http://www.drugbank.ca/drugs/DB00773"
"10","Nebivolol (DB04861)","0.9186","http://www.drugbank.ca/drugs/DB04861"
"11","Salmeterol (DB00938)","0.9159","http://www.drugbank.ca/drugs/DB00938"
"12","(1S,2S,5S)2-(4-GLUTARIDYLBENZYL)-5-PHENYL-1-CYCLOHEXANOL (DB07909)","0.9152","http://www.drugbank.ca/drugs/DB07909"
"13","Dapagliflozin (DB06292)","0.9149","http://www.drugbank.ca/drugs/DB06292"
"14","Inhibitor BEA369 (DB01887)","0.9117","http://www.drugbank.ca/drugs/DB01887"
"15","(S)-TETRAHYDROFURAN-3-YL (2S,3S)-4-((S)-4-((1R,3R)-3-(2-AMINO-2-OXOETHYL)-2,3-DIHYDRO-1H-INDEN-1-YL)-2-BENZYL-3-OXO-2,3-DIHYDRO-1H-PYRROL-2-YL)-3-HYDROXY-1-PHENYLBUTAN-2-YLCARBAMATE (DB04708)","0.9110","http://www.drugbank.ca/drugs/DB04708"
"16","2-ETHOXYETHYL (2S,3S)-4-((S)-2-BENZYL-3-OXO-4-((3AR,8R,8AS)-2-OXO-3,3A,8,8A-TETRAHYDRO-2H-INDENO[1,2-D]OXAZOL-8-YL)-2,3-DIHYDRO-1H-PYRROL-2-YL)-3-HYDROXY-1-PHENYLBUTAN-2-YLCARBAMATE (DB04623)","0.9101","http://www.drugbank.ca/drugs/DB04623"
"17","Benzylmorphine (DB01573)","0.9099","http://www.drugbank.ca/drugs/DB01573"
"18","Deserpidine (DB01089)","0.9090","http://www.drugbank.ca/drugs/DB01089"
"19","Podofilox (DB01179)","0.9085","http://www.drugbank.ca/drugs/DB01179"
"20","Balanol Analog 8 (DB02155)","0.9083","http://www.drugbank.ca/drugs/DB02155"
"21","(4-{2-Acetylamino-2-[1-(3-Carbamoyl-4-Cyclohexylmethoxy-Phenyl)-Ethylcarbamoyl}-Ethyl}-2-Phosphono-Phenoxy)-Acetic Acid (DB04003)","0.9070","http://www.drugbank.ca/drugs/DB04003"
"22","Reserpine (DB00206)","0.9066","http://www.drugbank.ca/drugs/DB00206"
"23","PNU177836 (DB02977)","0.9053","http://www.drugbank.ca/drugs/DB02977"
"24","3-(4-Amino-2-Tert-Butyl-5-Methyl-Phenylsulfanyl)-6-Cyclopentyl-4-Hydroxy-6-[2-(4-Hydroxy-Phenyl)-Ethyl]-5,6-Dihydro-Pyran-2-One (DB04298)","0.9052","http://www.drugbank.ca/drugs/DB04298"
"25","R-3-FLUORO-4-[2-HYDROXY-2-(5,5,8,8-TETRAMETHYL-5,6,7,8,-TETRAHYDRO-NAPHTALEN-2-YL)-ACETYLAMINO]-BENZOIC ACID (DB07031)","0.9038","http://www.drugbank.ca/drugs/DB07031"
"26","3-FLUORO-4-[2-HYDROXY-2-(5,5,8,8-TETRAMETHYL-5,6,7,8,-TETRAHYDRO-NAPHTALEN-2-YL)-ACETYLAMINO]-BENZOIC ACID (DB07294)","0.9038","http://www.drugbank.ca/drugs/DB07294"
"27","4-[3-Oxo-3-(5,5,8,8-Tetramethyl-5,6,7,8-Tetrahydro-Naphthalen-2-Yl)-Propenyl]-Benzoic Acid (DB02466)","0.9034","http://www.drugbank.ca/drugs/DB02466"
"28","Rescinnamine (DB01180)","0.9028","http://www.drugbank.ca/drugs/DB01180"
"29","Inhibitor Bea388 (DB04255)","0.9026","http://www.drugbank.ca/drugs/DB04255"
"30","Fexofenadine (DB00950)","0.9008","http://www.drugbank.ca/drugs/DB00950"
"31","N-[5'-O-Phosphono-Ribofuranosyl]-2-[2-Hydroxy-2-[4-[Glutamic Acid]-N-Carbonylphenyl]-3-[2-Amino-4-Hydroxy-Quinazolin-6-Yl]-Propanylamino]-Acetamide (DB02794)","0.8991","http://www.drugbank.ca/drugs/DB02794"
"32","Novobiocin (DB01051)","0.8990","http://www.drugbank.ca/drugs/DB01051"
"33","FKB-001 (DB02888)","0.8967","http://www.drugbank.ca/drugs/DB02888"
"34","N-[(5R,14R)-5-AMINO-5,14-DIMETHYL-4-OXO-3-OXA-18-AZATRICYCLO[15.3.1.1~7,11~]DOCOSA-1(21),7(22),8,10,17,19-HEXAEN-19-YL]-N-METHYLMETHANESULFONAMIDE (DB07019)","0.8961","http://www.drugbank.ca/drugs/DB07019"
"35","Glycerol Phenylbutyrate (DB08909)","0.8957","http://www.drugbank.ca/drugs/DB08909"
"36","(4ar,6s,8ar)-11-[8-(1,3-Dioxo-1,3-Dihydro-2h-Isoindol-2-Yl)Octyl]-6-Hydroxy-3-Methoxy-5,6,9,10-Tetrahydro-4ah-[1]Benzofuro[3a,3,2-Ef][2]Benzazepin-11-Ium (DB02673)","0.8957","http://www.drugbank.ca/drugs/DB02673"
"37","Valrubicin (DB00385)","0.8927","http://www.drugbank.ca/drugs/DB00385"
"38","Ncs-Chromophore (DB04408)","0.8909","http://www.drugbank.ca/drugs/DB04408"
"39","Clorobiocin (DB03966)","0.8904","http://www.drugbank.ca/drugs/DB03966"
"40","Brecanavir (DB04887)","0.8898","http://www.drugbank.ca/drugs/DB04887"
"41","Donepezil (DB00843)","0.8891","http://www.drugbank.ca/drugs/DB00843"
"42","1-BENZYL-4-[(5,6-DIMETHOXY-1-INDANON-2-YL)METHYL]PIPERIDINE (DB07701)","0.8891","http://www.drugbank.ca/drugs/DB07701"
"43","Benzethidine (DB01518)","0.8889","http://www.drugbank.ca/drugs/DB01518"
"44","Cerivastatin (DB00439)","0.8873","http://www.drugbank.ca/drugs/DB00439"
"45","Methylumbelliferyl Sialic Acid (DB01768)","0.8873","http://www.drugbank.ca/drugs/DB01768"
"46","Phosphoramidon (DB02557)","0.8867","http://www.drugbank.ca/drugs/DB02557"
"47","Mibefradil (DB01388)","0.8866","http://www.drugbank.ca/drugs/DB01388"
"48","{3-[3-(3,4-Dimethoxy-Phenyl)-1-(1-{1-[2-(3,4,5-Trimethoxy-Phenyl)-Butyryl]-Piperidin-2yl}-Vinyloxy)-Propyl]-Phenoxy}-Acetic Acid (DB01723)","0.8865","http://www.drugbank.ca/drugs/DB01723"
"49","2-(Carboxymethoxy)-5-[(2s)-2-({(2s)-2-[(3-Carboxypropanoyl)Amino] -3-Phenylpropanoyl}Amino)-3-Oxo-3-(Pentylamino)Propyl]Benzoic Acid (DB04525)","0.8830","http://www.drugbank.ca/drugs/DB04525"
"50","Heroin (DB01452)","0.8817","http://www.drugbank.ca/drugs/DB01452"
"51","(4-{4-[(TERT-BUTOXYCARBONYL)AMINO]-2,2-BIS(ETHOXYCARBONYL)BUTYL}PHENYL)SULFAMIC ACID (DB07068)","0.8812","http://www.drugbank.ca/drugs/DB07068"
"52","4-Methoxy-E-Rhodomycin T (DB03199)","0.8807","http://www.drugbank.ca/drugs/DB03199"
"53","2-{4-[(2s)-2-[({[(1s)-1-Carboxy-2-Phenylethyl]Amino}Carbonyl)Amino]-3-Oxo-3-(Pentylamino)Propyl]Phenoxy}Malonic Acid (DB02436)","0.8807","http://www.drugbank.ca/drugs/DB02436"
"54","Darunavir (DB01264)","0.8797","http://www.drugbank.ca/drugs/DB01264"
"55","LY249543 (DB04322)","0.8796","http://www.drugbank.ca/drugs/DB04322"
"56","(METHYLPYRIDAZINE PIPERIDINE BUTYLOXYPHENYL)ETHYLACETATE (DB08014)","0.8788","http://www.drugbank.ca/drugs/DB08014"
"57","{4-[2-Acetylamino-2-(3-Carbamoyl-2-Cyclohexylmethoxy-6,7,8,9-Tetrahydro-5h-Benzocyclohepten-5ylcarbamoyl)-Ethyl]-2-Phosphono-Phenyl}-Phosphonic Acid (DB01830)","0.8783","http://www.drugbank.ca/drugs/DB01830"
"58","Inhibitor Bea322 (DB03908)","0.8782","http://www.drugbank.ca/drugs/DB03908"
"59","6-CARBAMIMIDOYL-2-[2-HYDROXY-5-(3-METHOXY-PHENYL)-INDAN-1-YL]-HEXANOIC ACID (DB06866)","0.8772","http://www.drugbank.ca/drugs/DB06866"
"60","Beraprost (DB05229)","0.8765","http://www.drugbank.ca/drugs/DB05229"
"61","Verapamil (DB00661)","0.8762","http://www.drugbank.ca/drugs/DB00661"
"62","Repaglinide (DB00912)","0.8761","http://www.drugbank.ca/drugs/DB00912"
"63","6-Phenyl-4(R)-(7-Phenyl-Heptanoylamino)-Hexanoic Acid (DB03471)","0.8760","http://www.drugbank.ca/drugs/DB03471"
"64","{4-[3-(4-acetyl-3-hydroxy-2-propylphenoxy)propoxy]phenoxy}acetic acid (DB08078)","0.8742","http://www.drugbank.ca/drugs/DB08078"
"65","Tipranavir (DB00932)","0.8732","http://www.drugbank.ca/drugs/DB00932"
"66","Balanol (DB04098)","0.8730","http://www.drugbank.ca/drugs/DB04098"
"67","N~2~-[(BENZYLOXY)CARBONYL]-N-[(1S,2S)-2-HYDROXY-1-(4-HYDROXYBENZYL)PROPYL]-L-LEUCINAMIDE (DB07571)","0.8715","http://www.drugbank.ca/drugs/DB07571"
"68","Clidinium (DB00771)","0.8707","http://www.drugbank.ca/drugs/DB00771"
"69","(3-EXO)-3-(10,11-DIHYDRO-5H-DIBENZO[A,D][7]ANNULEN-5-YLOXY)-8,8-DIMETHYL-8-AZONIABICYCLO[3.2.1]OCTANE (DB07494)","0.8702","http://www.drugbank.ca/drugs/DB07494"
"70","Fesoterodine (DB06702)","0.8699","http://www.drugbank.ca/drugs/DB06702"
"71","Homoharringtonine (DB04865)","0.8692","http://www.drugbank.ca/drugs/DB04865"
"72","5-(5-(2,6-DICHLORO-4-(4,5-DIHYDRO-2-OXAZOLYL)PHENOXY)PENTYL)-3-(HYDROXYETHYL OXYMETHYLENEOXYMETHYL) ISOXAZOLE (DB08721)","0.8685","http://www.drugbank.ca/drugs/DB08721"
"73","Solifenacin (DB01591)","0.8685","http://www.drugbank.ca/drugs/DB01591"
"74","5,10-Dideazatetrahydrofolic Acid (DB03625)","0.8672","http://www.drugbank.ca/drugs/DB03625"
"75","Epirubicin (DB00445)","0.8663","http://www.drugbank.ca/drugs/DB00445"
"76","Doxorubicin (DB00997)","0.8663","http://www.drugbank.ca/drugs/DB00997"
"77","Lercanidipine (DB00528)","0.8647","http://www.drugbank.ca/drugs/DB00528"
"78","CBZ-LEU-LEU-TYR-CH2F (DB04653)","0.8640","http://www.drugbank.ca/drugs/DB04653"
"79","Daunorubicin (DB00694)","0.8631","http://www.drugbank.ca/drugs/DB00694"
"80","3-Benzylaminocarbonylphenyl-Alpha-D-Galactoside (DB03446)","0.8624","http://www.drugbank.ca/drugs/DB03446"
"81","Alvimopan (DB06274)","0.8618","http://www.drugbank.ca/drugs/DB06274"
"82","Asenapine (DB06216)","0.8598","http://www.drugbank.ca/drugs/DB06216"
"83","Gliquidone (DB01251)","0.8591","http://www.drugbank.ca/drugs/DB01251"
"84","Mycophenolate mofetil (DB00688)","0.8582","http://www.drugbank.ca/drugs/DB00688"
"85","METHYL N-[(2S,3R)-3-AMINO-2-HYDROXY-3-(4-ISOPROPYLPHENYL)PROPANOYL]-D-ALANYL-D-LEUCINATE (DB08670)","0.8581","http://www.drugbank.ca/drugs/DB08670"
"86","CARBOBENZYLOXY-(L)-LEUCINYL-(L)LEUCINYL METHOXYMETHYLKETONE (DB08526)","0.8579","http://www.drugbank.ca/drugs/DB08526"
"87","Tirofiban (DB00775)","0.8576","http://www.drugbank.ca/drugs/DB00775"
"88","4-Methylumbelliferyl Chitobiose (DB02759)","0.8573","http://www.drugbank.ca/drugs/DB02759"
"89","Idarubicin (DB01177)","0.8566","http://www.drugbank.ca/drugs/DB01177"
"90","Dronedarone (DB04855)","0.8559","http://www.drugbank.ca/drugs/DB04855"
"91","LFA703 (DB03932)","0.8559","http://www.drugbank.ca/drugs/DB03932"
"92","6-[1-(3,5,5,8,8-Pentamethyl-5,6,7,8-Tetrahydronaphthalen-2-Yl)Cyclopropyl]Pyridine-3-Carboxylic Acid (DB01941)","0.8558","http://www.drugbank.ca/drugs/DB01941"
"93","Zanapezil (DB04859)","0.8537","http://www.drugbank.ca/drugs/DB04859"
"94","2-DEOXY-3,4-BIS-O-[3-(4-HYDROXYPHENYL)PROPANOYL]-L-THREO-PENTARIC ACID (DB08322)","0.8536","http://www.drugbank.ca/drugs/DB08322"
"95","SLV 306 (DB05796)","0.8533","http://www.drugbank.ca/drugs/DB05796"
"96","Moexipril (DB00691)","0.8520","http://www.drugbank.ca/drugs/DB00691"
"97","Cp-Coeleneterazine (DB03960)","0.8510","http://www.drugbank.ca/drugs/DB03960"
"98","10-(4-Dimethylamino-5-Hydroxy-6-Methyl-Tetrahydro-Pyran-2-Yloxy)-8-Ethyl-1,8,11-Trihydroxy-7,8,9,10-Tetrahydro-Naphthacene-5,12-Dione (DB04131)","0.8499","http://www.drugbank.ca/drugs/DB04131"
"99","AGI-1067 (DB05399)","0.8486","http://www.drugbank.ca/drugs/DB05399"
"100","Rolitetracycline (DB01301)","0.8484","http://www.drugbank.ca/drugs/DB01301"
"101","Balanol Analog 2 (DB01940)","0.8483","http://www.drugbank.ca/drugs/DB01940"
"102","Travoprost (DB00287)","0.8470","http://www.drugbank.ca/drugs/DB00287"
"103","(5r)-6-(4-{[2-(3-Iodobenzyl)-3-Oxocyclohex-1-En-1-Yl]Amino}Phenyl)-5-Methyl-4,5-Dihydropyridazin-3(2h)-One (DB01640)","0.8466","http://www.drugbank.ca/drugs/DB01640"
"104","Quinidine barbiturate (DB01346)","0.8466","http://www.drugbank.ca/drugs/DB01346"
"105","dimethyl (1R,4S)-5,6-bis(4-hydroxyphenyl)-7-oxabicyclo[2.2.1]hepta-2,5-diene-2,3-dicarboxylate (DB07932)","0.8460","http://www.drugbank.ca/drugs/DB07932"
"106","Tofisopam (DB08811)","0.8448","http://www.drugbank.ca/drugs/DB08811"
"107","Nimodipine (DB00393)","0.8445","http://www.drugbank.ca/drugs/DB00393"
"108","Amprenavir (DB00701)","0.8444","http://www.drugbank.ca/drugs/DB00701"
"109","N-cyclopropyl-N-(trans-4-pyridin-3-ylcyclohexyl)-4-[(1S)-2,2,2-trifluoro-1-hydroxy-1-methylethyl]benzamide (DB07619)","0.8433","http://www.drugbank.ca/drugs/DB07619"
"110","(2R)-({4-[AMINO(IMINO)METHYL]PHENYL}AMINO){5-ETHOXY-2-FLUORO-3-[(3R)-TETRAHYDROFURAN-3-YLOXY]PHENYL}ACETICACID (DB04590)","0.8433","http://www.drugbank.ca/drugs/DB04590"
"111","(2S)-2-[3-(AMINOMETHYL)PHENYL]-3-{(R)-HYDROXY[(1R)-2-METHYL-1-{[(3-PHENYLPROPYL)SULFONYL]AMINO}PROPYL]PHOSPHORYL}PROPANOIC ACID (DB07136)","0.8415","http://www.drugbank.ca/drugs/DB07136"
"112","Aclidinium (DB08897)","0.8403","http://www.drugbank.ca/drugs/DB08897"
"113","Soraphen A (DB02859)","0.8402","http://www.drugbank.ca/drugs/DB02859"
"114","N-[2-Hydroxy-2-(8-Isopropyl-6,9-Dioxo-2-Oxa-7,10-Diaza-Bicyclo[11.2.2]Heptadeca-1(16),13(17),14-Trien-11-Yl)-Ethyl]-N-(3-Methyl-Butyl)-Benzenesulfonamide,Inhibitor 3 (DB03768)","0.8402","http://www.drugbank.ca/drugs/DB03768"
"115","(R)-N-[2-[1-(Aminoiminomethyl)-3-Piperidinyl]-1-Oxoethyl]-4-(Phenylethynyl)-L-Phenylalanine Methylester (DB03453)","0.8398","http://www.drugbank.ca/drugs/DB03453"
"116","Oxytetracycline (DB00595)","0.8398","http://www.drugbank.ca/drugs/DB00595"
"117","Trospium (DB00209)","0.8394","http://www.drugbank.ca/drugs/DB00209"
"118","Levocabastine (DB01106)","0.8393","http://www.drugbank.ca/drugs/DB01106"
"119","Demeclocycline (DB00618)","0.8372","http://www.drugbank.ca/drugs/DB00618"
"120","N-(1-Carboxy-3-Phenylpropyl)Phenylalanyl-Alpha-Asparagine (DB02307)","0.8367","http://www.drugbank.ca/drugs/DB02307"
"121","Tafluprost (DB08819)","0.8357","http://www.drugbank.ca/drugs/DB08819"
"122","Glyburide (DB01016)","0.8353","http://www.drugbank.ca/drugs/DB01016"
"123","Fosamprenavir (DB01319)","0.8352","http://www.drugbank.ca/drugs/DB01319"
"124","Benazepril (DB00542)","0.8349","http://www.drugbank.ca/drugs/DB00542"
"125","Crc200 (Chiron-Behring) (DB03081)","0.8349","http://www.drugbank.ca/drugs/DB03081"
"126","10-CF3C(OH)2-DDACTHF (DB03546)","0.8348","http://www.drugbank.ca/drugs/DB03546"
"127","(2S)-2-[3-(AMINOMETHYL)PHENYL]-3-[(R)-[(1R)-1-{[(BENZYLOXY)CARBONYL]AMINO}-2-METHYLPROPYL](HYDROXY)PHOSPHORYL]PROPANOIC ACID (DB07269)","0.8339","http://www.drugbank.ca/drugs/DB07269"
"128","Tetracycline (DB00759)","0.8337","http://www.drugbank.ca/drugs/DB00759"
"129","Rosuvastatin (DB01098)","0.8330","http://www.drugbank.ca/drugs/DB01098"
"130","Doxycycline (DB00254)","0.8325","http://www.drugbank.ca/drugs/DB00254"
"131","TLK-199 (DB05460)","0.8322","http://www.drugbank.ca/drugs/DB05460"
"132","2-(11-{2-[Benzenesulfonyl-(3-Methyl-Butyl)-Amino]-1-Hydroxy-Ethyl}-6,9-Dioxo-2-Oxa-7,10-Diaza-Bicyclo[11.2.2]Heptadeca-1(16),13(17),14-Trien-8-Yl)-Acetamide, Inhibitor 2 (DB02411)","0.8318","http://www.drugbank.ca/drugs/DB02411"
"133","[1-(3-Hydroxy-2-Oxo-1-Phenethyl-Propylcarbamoyl)2-Phenyl-Ethyl]-Carbamic Acid Pyridin-4-Ylmethyl Ester (DB02128)","0.8312","http://www.drugbank.ca/drugs/DB02128"
"134","Clomocycline (DB00453)","0.8311","http://www.drugbank.ca/drugs/DB00453"
"135","NALPHA-[(BENZYLOXY)CARBONYL]-N-[(1R)-4-HYDROXY-1-METHYL-2-OXOBUTYL]-L-PHENYLALANINAMIDE (DB08732)","0.8310","http://www.drugbank.ca/drugs/DB08732"
"136","Quinapril (DB00881)","0.8304","http://www.drugbank.ca/drugs/DB00881"
"137","SOFOSBUVIR (DB08934)","0.8302","http://www.drugbank.ca/drugs/DB08934"
"138","Methyl-[4-(4-Piperidine-1-Ylmethyl-Phenyl)-Cyclohexyl]-Carbaminic Acid-(4-Chlorophenyl)-Ester (DB03748)","0.8291","http://www.drugbank.ca/drugs/DB03748"
"139","Doxapram (DB00561)","0.8284","http://www.drugbank.ca/drugs/DB00561"
"140","3-({1-[3-CARBAMIMIDOYL-1-(4-CARBAMIMIDOYL-BENZYLCARBAMOYL)-PROPYLCARBAMOYL]-2-METHYL-BUTYLSULFAMOYL}-METHYL)-BENZOIC ACID (DB04593)","0.8283","http://www.drugbank.ca/drugs/DB04593"
"141","N-{[2-({[1-(4-CARBOXYBUTANOYL)AMINO]-2-PHENYLETHYL}-HYDROXYPHOSPHINYL)OXY]ACETYL}-2-PHENYLETHYLAMINE (DB07881)","0.8278","http://www.drugbank.ca/drugs/DB07881"
"142","1,5-Bis(N-Benzyloxycarbonyl-L-Leucinyl)Carbohydrazide (DB03891)","0.8278","http://www.drugbank.ca/drugs/DB03891"
"143","(2S)-2-[3-(AMINOMETHYL)PHENYL]-3-{(S)-HYDROXY[(1R)-2-METHYL-1-{[(2-PHENYLETHYL)SULFONYL]AMINO}PROPYL]PHOSPHORYL}PROPANOIC ACID (DB06835)","0.8266","http://www.drugbank.ca/drugs/DB06835"
"144","Silodosin (DB06207)","0.8261","http://www.drugbank.ca/drugs/DB06207"
"145","Bimatoprost (DB00905)","0.8260","http://www.drugbank.ca/drugs/DB00905"
"146","Latanoprost (DB00654)","0.8257","http://www.drugbank.ca/drugs/DB00654"
"147","Glimepiride (DB00222)","0.8256","http://www.drugbank.ca/drugs/DB00222"
"148","(3R)-4-{[(3,4-dihydroxyphenyl)acetyl]oxy}-N-(2-formylindolizin-3-yl)-3-sulfino-D-valine (DB08116)","0.8255","http://www.drugbank.ca/drugs/DB08116"
"149","Irinotecan (DB00762)","0.8246","http://www.drugbank.ca/drugs/DB00762"
"150","1-[2-HYDROXY-3-(4-CYCLOHEXYL-PHENOXY)-PROPYL]-4-(2-PYRIDYL)-PIPERAZINE (DB08543)","0.8245","http://www.drugbank.ca/drugs/DB08543"
"151","5-METHYL-3-(9-OXO-1,8-DIAZA-TRICYCLO[10.6.1.013,18]NONADECA-12(19),13,15,17-TETRAEN-10-YLCARBAMOYL)-HEXANOIC ACID (DB08493)","0.8245","http://www.drugbank.ca/drugs/DB08493"
"152","Methicillin Acyl-Serine (DB02443)","0.8228","http://www.drugbank.ca/drugs/DB02443"
"153","Vitamin E (DB00163)","0.8225","http://www.drugbank.ca/drugs/DB00163"
"154","(2S,4S,5R)-1-(4-TERT-BUTYLBENZOYL)-2-ISOBUTYL-5-(1,3-THIAZOL-2-YL)PYRROLIDINE-2,4-DICARBOXYLIC ACID (DB07199)","0.8225","http://www.drugbank.ca/drugs/DB07199"
"155","(2S,4S,5R)-2-ISOBUTYL-5-(2-THIENYL)-1-[4-(TRIFLUOROMETHYL)BENZOYL]PYRROLIDINE-2,4-DICARBOXYLIC ACID (DB07200)","0.8221","http://www.drugbank.ca/drugs/DB07200"
"156","N-[4-(1-BENZOYLPIPERIDIN-4-YL)BUTYL]-3-PYRIDIN-3-YLPROPANAMIDE (DB07656)","0.8221","http://www.drugbank.ca/drugs/DB07656"
"157","SR12813 (DB04466)","0.8213","http://www.drugbank.ca/drugs/DB04466"
"158","Probucol (DB01599)","0.8204","http://www.drugbank.ca/drugs/DB01599"
"159","RU90395 (DB02432)","0.8200","http://www.drugbank.ca/drugs/DB02432"
"160","[1-(4-Fluorobenzyl)Cyclobutyl]Methyl (1s)-1-[Oxo(1h-Pyrazol-5-Ylamino)Acetyl]Pentylcarbamate (DB01858)","0.8194","http://www.drugbank.ca/drugs/DB01858"
"161","3-CYCLOHEXYL-1-(2-MORPHOLIN-4-YL-2-OXOETHYL)-2-PHENYL-1H-INDOLE-6-CARBOXYLIC ACID (DB07570)","0.8191","http://www.drugbank.ca/drugs/DB07570"
"162","Bitolterol (DB00901)","0.8191","http://www.drugbank.ca/drugs/DB00901"
"163","(5R,6S,8S)-8-[3-(AMINOMETHYL)PHENYL]-6-HYDROXY-5-ISOPROPYL-3-OXO-1-PHENYL-2,7-DIOXA-4-AZA-6-PHOSPHANONAN-9-OIC ACID 6-OXIDE (DB07157)","0.8189","http://www.drugbank.ca/drugs/DB07157"
"164","({3-[1-(4-HYDROXY-2-OXO-2H-CHROMEN-3-YL)-PROPYL]-PHENYLCARBAMOYL}-METHYL)-CARBAMIC ACID TERT-BUTYL ESTER (DB08664)","0.8186","http://www.drugbank.ca/drugs/DB08664"
"165","Candoxatril (DB00616)","0.8185","http://www.drugbank.ca/drugs/DB00616"
"166","Tl-3-093 (DB01891)","0.8182","http://www.drugbank.ca/drugs/DB01891"
"167","Nelfinavir (DB00220)","0.8182","http://www.drugbank.ca/drugs/DB00220"
"168","VRX496 (DB05251)","0.8182","http://www.drugbank.ca/drugs/DB05251"
"169","Sofalcone (DB05197)","0.8177","http://www.drugbank.ca/drugs/DB05197"
"170","Lymecycline (DB00256)","0.8161","http://www.drugbank.ca/drugs/DB00256"
"171","Aliskiren (DB01258)","0.8156","http://www.drugbank.ca/drugs/DB01258"
"172","Rutin (DB01698)","0.8156","http://www.drugbank.ca/drugs/DB01698"
"173","N-(Allyloxycarbonyl)-4-[N-(Carboxy-Formyl)-2-(Benzoic Acid)-Amino]-L-Phenylalaninyl-Amino-Butyloxy-(6-Hydroxy-Benzoic Acid Methyl Ester) (DB04088)","0.8155","http://www.drugbank.ca/drugs/DB04088"
"174","Je-2147, Ag1776, Kni-764 (DB02668)","0.8147","http://www.drugbank.ca/drugs/DB02668"
"175","Nicardipine (DB00622)","0.8144","http://www.drugbank.ca/drugs/DB00622"
"176","Gadofosveset trisodium (DB06705)","0.8142","http://www.drugbank.ca/drugs/DB06705"
"177","Nabilone (DB00486)","0.8142","http://www.drugbank.ca/drugs/DB00486"
"178","Minocycline (DB01017)","0.8137","http://www.drugbank.ca/drugs/DB01017"
"179","(2e,3s)-3-Hydroxy-5'-[(4-Hydroxypiperidin-1-Yl)Sulfonyl]-3-Methyl-1,3-Dihydro-2,3'-Biindol-2'(1'h)-One (DB03583)","0.8125","http://www.drugbank.ca/drugs/DB03583"
"180","(9r,10r)-9-(S-Glutathionyl)-10-Hydroxy-9,10-Dihydrophenanthrene (DB01834)","0.8112","http://www.drugbank.ca/drugs/DB01834"
"181","(9s,10s)-9-(S-Glutathionyl)-10-Hydroxy-9,10-Dihydrophenanthrene (DB04187)","0.8112","http://www.drugbank.ca/drugs/DB04187"
"182","1,3-Di(N-Propyloxy-a-Mannopyranosyl)-Carbomyl 5-Methyazido-Benzene (DB03634)","0.8111","http://www.drugbank.ca/drugs/DB03634"
"183","Methacycline (DB00931)","0.8110","http://www.drugbank.ca/drugs/DB00931"
"184","Coenzyme F420 (DB03913)","0.8107","http://www.drugbank.ca/drugs/DB03913"
"185","Cinalukast (DB00587)","0.8104","http://www.drugbank.ca/drugs/DB00587"
"186","AG7088 (DB05102)","0.8101","http://www.drugbank.ca/drugs/DB05102"
"187","N-{(1S,2R)-1-BENZYL-3-[(CYCLOPROPYLMETHYL)(2-FURYLSULFONYL)AMINO]-2-HYDROXYPROPYL}-N'-METHYLSUCCINAMIDE (DB08223)","0.8099","http://www.drugbank.ca/drugs/DB08223"
"188","Batimastat (DB03880)","0.8097","http://www.drugbank.ca/drugs/DB03880"
"189","Treprostinil (DB00374)","0.8095","http://www.drugbank.ca/drugs/DB00374"
"190","Fosinopril (DB00492)","0.8093","http://www.drugbank.ca/drugs/DB00492"
"191","N-METHYLALANYL-3-METHYLVALYL-4-PHENOXY-N-(1,2,3,4-TETRAHYDRONAPHTHALEN-1-YL)PROLINAMIDE (DB04612)","0.8087","http://www.drugbank.ca/drugs/DB04612"
"192","Benzquinamide (DB00767)","0.8082","http://www.drugbank.ca/drugs/DB00767"
"193","O-(((1R)-((N-PHENYLMETHOXYCARBONYL-L-ALANYL)AMINO)ETHYL)HYDROXYPHOSPHONO)-L-BENZYLACETIC ACID (DB08762)","0.8075","http://www.drugbank.ca/drugs/DB08762"
"194","(2-Sulfanyl-3-Phenylpropanoyl)-Phe-Tyr (DB03949)","0.8071","http://www.drugbank.ca/drugs/DB03949"
"195","5-[2,3-Dichloro-4-(5-{1-[2-(2-Guanidino-4-Methyl-Pentanoylamino)-Acetyl]-Piperidin-4-Yl}-1-Methyl-1h-Pyrazol-3-Yl)-Phenoxymethyl]-Furan-2-Carboxylic Acid (DB02581)","0.8071","http://www.drugbank.ca/drugs/DB02581"
"196","4-{2-(4-Fluoro-Benzyl)-6-Methyl-5-[(5-Methyl-Isoxazole-3-Carbonyl)-Amino]-4-Oxo-Heptanoylamino}-5-(2-Oxo-Pyrrolidin-3-Yl)-Pentanoic Acid Ethyl Ester (DB02313)","0.8064","http://www.drugbank.ca/drugs/DB02313"
"197","2-[2-ETHANESULFONYLAMINO-3-(5-PROPOXY-1H-INDOL-3-YL)-PROPIONYLAMINO]-PENTANEDIOIC ACID 5-AMIDE 1-(4-CARBAMIMIDOYL-BENZYLAMIDE) (DB04606)","0.8063","http://www.drugbank.ca/drugs/DB04606"
"198","4-(2-aminoethoxy)-N-(3-chloro-2-ethoxy-5-piperidin-1-ylphenyl)-3,5-dimethylbenzamide (DB07626)","0.8062","http://www.drugbank.ca/drugs/DB07626"
"199","ISOTHIAZOLIDINONE ANALOG (DB08003)","0.8061","http://www.drugbank.ca/drugs/DB08003"
"200","SC-74020 (DB01630)","0.8060","http://www.drugbank.ca/drugs/DB01630"
"201","Naltrexone (DB00704)","0.8058","http://www.drugbank.ca/drugs/DB00704"
"202","N4-HYDROXY-2-ISOBUTYL-N1-(9-OXO-1,8-DIAZA-TRICYCLO[10.6.1.013,18]NONADECA-12(19),13,15,17-TETRAEN-10-YL)-SUCCINAMIDE (DB08489)","0.8057","http://www.drugbank.ca/drugs/DB08489"
"203","N-({(3R,4R)-4-[(benzyloxy)methyl]pyrrolidin-3-yl}methyl)-N-(2-methylpropyl)benzenesulfonamide (DB07505)","0.8052","http://www.drugbank.ca/drugs/DB07505"
"204","O-(((1R)-((N-(PHENYL-METHOXY-CARBONYL)-ALANYL)-AMINO)METHYL)HYDROXYPHOSPHINYL)3-L-PHENYLLACTATE (DB07351)","0.8051","http://www.drugbank.ca/drugs/DB07351"
"205","Compound 4-D (DB03742)","0.8047","http://www.drugbank.ca/drugs/DB03742"
"206","Nalbuphine (DB00844)","0.8043","http://www.drugbank.ca/drugs/DB00844"
"207","[2,4,6-Triisopropyl-Phenylsulfonyl-L-[3-Amidino-Phenylalanine]]-Piperazine-N'-Beta-Alanine (DB04172)","0.8019","http://www.drugbank.ca/drugs/DB04172"
"208","1-[N[(Phenylmethoxy)Carbonyl]-L-Leucyl-4-[[N/N-[(Phenylmethoxy)Carbonyl]-/Nl-Leucyl]Amino]-3-Pyrrolidinone/N (DB03405)","0.8016","http://www.drugbank.ca/drugs/DB03405"
"209","Elsamitrucin (DB05129)","0.8013","http://www.drugbank.ca/drugs/DB05129"
"210","talactoferrin alpha (DB05426)","0.8006","http://www.drugbank.ca/drugs/DB05426"
"211","AUROVERTIN B (DB07394)","0.8006","http://www.drugbank.ca/drugs/DB07394"
"212","(11R)-10-acetyl-11-(2,4-dichlorophenyl)-6-hydroxy-3,3-dimethyl-2,3,4,5,10,11-hexahydro-1H-dibenzo[b,e][1,4]diazepin-1-one (DB08747)","0.7995","http://www.drugbank.ca/drugs/DB08747"
"213","[1-(1-Benzyl-3-Hydroxy-2-Oxo-Propylcarbamoyl)-2-Phenyl-Ethyl]-Carbamic Acid Benzyl Ester (DB01871)","0.7990","http://www.drugbank.ca/drugs/DB01871"
"214","[4-R-(4-ALPHA,6-BETA,7-BETA]-HEXAHYDRO-5,6-DI(HYDROXY)-1,3-DI(ALLYL)-4,7-BISPHENYLMETHYL)-2H-1,3-DIAZEPINONE (DB06910)","0.7975","http://www.drugbank.ca/drugs/DB06910"
"215","N-[(1S)-2-{[(1R)-2-(benzyloxy)-1-cyano-1-methylethyl]amino}-1-(cyclohexylmethyl)-2-oxoethyl]morpholine-4-carboxamide (DB08755)","0.7954","http://www.drugbank.ca/drugs/DB08755"
"216","Lefradafiban (DB04863)","0.7951","http://www.drugbank.ca/drugs/DB04863"
"217","BOC-GAMMA-D-GLU-L-LYS(CBZ)-D-BOROALA (DB04647)","0.7946","http://www.drugbank.ca/drugs/DB04647"
"218","N-BENZYLOXYCARBONYL-ALA-PRO-3-AMINO-4-PHENYL-BUTAN-2-OL (DB06886)","0.7941","http://www.drugbank.ca/drugs/DB06886"
"219","Nonoxynol-9 (DB06804)","0.7937","http://www.drugbank.ca/drugs/DB06804"
"220","(4aS,4bR,10bS,12aS)-12a-methyl-1,3-dioxo-2-(pyridin-3-ylmethyl)-1,2,3,4,4a,4b,5,6,10b,11,12,12a-dodecahydronaphtho[2,1-f]isoquinolin-8-yl sulfamate (DB08418)","0.7932","http://www.drugbank.ca/drugs/DB08418"
"221","(11S)-8-CHLORO-11-[1-(METHYLSULFONYL)PIPERIDIN-4-YL]-6-PIPERAZIN-1-YL-11H-BENZO[5,6]CYCLOHEPTA[1,2-B]PYRIDINE (DB07216)","0.7931","http://www.drugbank.ca/drugs/DB07216"
"222","Methylnaltrexone (DB06800)","0.7919","http://www.drugbank.ca/drugs/DB06800"
"223","PHENYLALANYLAMINODI(ETHYLOXY)ETHYL BENZENESULFONAMIDEAMINOCARBONYLBENZENESULFONAMIDE (DB07710)","0.7917","http://www.drugbank.ca/drugs/DB07710"
"224","N-[4-CHLORO-3-(PYRIDIN-3-YLOXYMETHYL)-PHENYL]-3-FLUORO- (DB08068)","0.7916","http://www.drugbank.ca/drugs/DB08068"
"225","K201 (DB02929)","0.7914","http://www.drugbank.ca/drugs/DB02929"
"226","Cilazapril (DB01340)","0.7913","http://www.drugbank.ca/drugs/DB01340"
"227","RB106 (DB02669)","0.7911","http://www.drugbank.ca/drugs/DB02669"
"228","(4-Hydroxymaltosephenyl)Glycine (DB02675)","0.7906","http://www.drugbank.ca/drugs/DB02675"
"229","Temocapril (DB08836)","0.7898","http://www.drugbank.ca/drugs/DB08836"
"230","CDB-2914 (DB05366)","0.7896","http://www.drugbank.ca/drugs/DB05366"
"231","Moxifloxacin (DB00218)","0.7894","http://www.drugbank.ca/drugs/DB00218"
"232","Morpholine-4-Carboxylic Acid (1-(3-Benzenesulfonyl-1-Phenethylallylcarbamoyl)-3-Methylbutyl)-Amide (DB03837)","0.7889","http://www.drugbank.ca/drugs/DB03837"
"233","Cisapride (DB00604)","0.7877","http://www.drugbank.ca/drugs/DB00604"
"234","BENZYL N-({(2S,3S)-3-[(PROPYLAMINO)CARBONYL]OXIRAN-2-YL}CARBONYL)-L-ISOLEUCYL-L-PROLINATE (DB07219)","0.7871","http://www.drugbank.ca/drugs/DB07219"
"235","(E)-(S)-4-[(S)-2-((S)-2-TERT-BUTOXYCARBONYLAMINO-3-METHYL-BUTYRYLAMINO)-2-PHENYL-ACETYLAMINO]-5-(2-OXO-PYRROLIDIN-3-YL)-PENT-2-ENOIC ACID ETHYL ESTER (DB04692)","0.7867","http://www.drugbank.ca/drugs/DB04692"
"236","Tigecycline (DB00560)","0.7863","http://www.drugbank.ca/drugs/DB00560"
"237","5-(2-ETHOXYETHYL)-5-[4-(4-FLUOROPHENOXY)PHENOXY]PYRIMIDINE-2,4,6(1H,3H,5H)-TRIONE (DB08388)","0.7860","http://www.drugbank.ca/drugs/DB08388"
"238","Heme D (DB03469)","0.7856","http://www.drugbank.ca/drugs/DB03469"
"239","Iloprost (DB01088)","0.7855","http://www.drugbank.ca/drugs/DB01088"
"240","4-NITROPHENYL-(6-S-ALPHA-D-XYLOPYRANOSYL)-BETA-D-GLUCOPYRANOSIDE (DB04807)","0.7849","http://www.drugbank.ca/drugs/DB04807"
"241","Ramipril (DB00178)","0.7848","http://www.drugbank.ca/drugs/DB00178"
"242","1-Hydroxy-2-S-Glutathionyl-3-Para-Nitrophenoxy-Propane (DB03706)","0.7844","http://www.drugbank.ca/drugs/DB03706"
"243","N-{(1S,2R)-2-hydroxy-1-[(hydroxyamino)carbonyl]propyl}-4-{[4-(morpholin-4-ylmethyl)phenyl]ethynyl}benzamide (DB07536)","0.7841","http://www.drugbank.ca/drugs/DB07536"
"244","Enalkiren (DB03395)","0.7840","http://www.drugbank.ca/drugs/DB03395"
"245","Propantheline (DB00782)","0.7837","http://www.drugbank.ca/drugs/DB00782"
"246","Trandolapril (DB00519)","0.7837","http://www.drugbank.ca/drugs/DB00519"
"247","1-{[1-(2-AMINO-3-PHENYL-PROPIONYL)-PYRROLIDINE-2-CARBONYL]-AMINO}-2-(3-CYANO-PHENYL)-ETHANEBORONIC ACID (DB08420)","0.7834","http://www.drugbank.ca/drugs/DB08420"
"248","Pralnacasan (DB04875)","0.7831","http://www.drugbank.ca/drugs/DB04875"
"249","N-[1-(AMINOMETHYL)CYCLOPROPYL]-3-(BENZYLSULFONYL)-N~2~-[(1S)-2,2,2-TRIFLUORO-1-(4-HYDROXYPHENYL)ETHYL]-L-ALANINAMIDE (DB07589)","0.7816","http://www.drugbank.ca/drugs/DB07589"
"250","[Cyclohexylethyl]-[[[[4-[2-Methyl-1-Imidazolyl-Butyl]Phenyl]Acetyl]-Seryl]-Lysinyl]-Amine (DB02477)","0.7811","http://www.drugbank.ca/drugs/DB02477"
"251","N-{3-[4-(3-Amino-Propyl)-Piperazin-1-Yl]-Propyl}-3-(2-Thiophen-2-Yl-Acetylamino)-5-(3,4,5-Trihydroxy-6-Hydroxymethyl-Tetrahydro-Pyran-2-Yloxy)-Benzamide (DB03524)","0.7804","http://www.drugbank.ca/drugs/DB03524"
"252","Lisinopril (DB00722)","0.7797","http://www.drugbank.ca/drugs/DB00722"
"253","Chymostatin (DB01683)","0.7786","http://www.drugbank.ca/drugs/DB01683"
"254","(2R,4S)-2-[(R)-BENZYLCARBAMOYL-PHENYLACETYL-METHYL]-5,5-DIMETHYL-THIAZOLIDINE-4-CARBOXYLIC ACID (DB07806)","0.7780","http://www.drugbank.ca/drugs/DB07806"
"255","Dihydroergotamine (DB00320)","0.7778","http://www.drugbank.ca/drugs/DB00320"
"256","N-({(2S,3S)-3-[(BENZYLAMINO)CARBONYL]OXIRAN-2-YL}CARBONYL)-L-ISOLEUCYL-L-PROLINE (DB07231)","0.7774","http://www.drugbank.ca/drugs/DB07231"
"257","Mifepristone (DB00834)","0.7770","http://www.drugbank.ca/drugs/DB00834"
"258","(3r)-4-(P-Toluenesulfonyl)-1,4-Thiazane-3-Carboxylicacid-L-Phenylalanine Ethyl Ester (DB01712)","0.7715","http://www.drugbank.ca/drugs/DB01712"
"259","N-(R-Carboxy-Ethyl)-Alpha-(S)-(2-Phenylethyl)Glycyl-L-Arginine-N-Phenylamide (DB02747)","0.7707","http://www.drugbank.ca/drugs/DB02747"
"260","4-{4-[2-(1A,7A-DIMETHYL-4-OXY-OCTAHYDRO-1-OXA-4-AZA-CYCLOPROPA[A]NAPHTHALEN-4-YL) -ACETYLAMINO]-PHENYLCARBAMOYL}-BUTYRIC ACID (DB07882)","0.7703","http://www.drugbank.ca/drugs/DB07882"
"261","Benzylpenicilloyl Polylysine (DB00895)","0.7699","http://www.drugbank.ca/drugs/DB00895"
"262","4-[(3AS,4R,7R,8AS,8BR)-2-(1,3-BENZODIOXOL-5-YLMETHYL)-7-HYDROXY-1,3-DIOXODECAHYDROPYRROLO[3,4-A]PYRROLIZIN-4-YL]BENZENECARBOXIMIDAMIDE (DB08546)","0.7696","http://www.drugbank.ca/drugs/DB08546"
"263","Phylloquinone (DB01022)","0.7678","http://www.drugbank.ca/drugs/DB01022"
"264","4-[3-Carboxymethyl-3-(4-Phosphonooxy-Benzyl)-Ureido]-4-[(3-Cyclohexyl-Propyl)-Methyl-Carbamoyl]Butyric Acid (DB01773)","0.7669","http://www.drugbank.ca/drugs/DB01773"
"265","N-Alpha-(2-Naphthylsulfonyl)-N(3-Amidino-L-Phenylalaninyl)Isopipecolinic Acid Methyl Ester (DB01745)","0.7668","http://www.drugbank.ca/drugs/DB01745"
"266","Remikiren (DB00212)","0.7666","http://www.drugbank.ca/drugs/DB00212"
"267","Acetorphine (DB01469)","0.7666","http://www.drugbank.ca/drugs/DB01469"
"268","2',4'-Dinitrophenyl-2deoxy-2-Fluro-B-D-Cellobioside (DB04086)","0.7661","http://www.drugbank.ca/drugs/DB04086"
"269","4-{[(14beta,17alpha)-3-hydroxyestra-1,3,5(10)-trien-17-yl]oxy}-4-oxobutanoic acid (DB07891)","0.7660","http://www.drugbank.ca/drugs/DB07891"
"270","Benzofuran-2-Carboxylic Acid {(S)-3-Methyl-1-[3-Oxo-1-(Pyridin-2-Ylsulfonyl)Azepan-4-Ylcarbamoyl]Butyl}Amide (DB03642)","0.7659","http://www.drugbank.ca/drugs/DB03642"
"271","N-({(2S)-1-[(3R)-3-amino-4-(3-chlorophenyl)butanoyl]pyrrolidin-2-yl}methyl)-3-(methylsulfonyl)benzamide (DB08429)","0.7655","http://www.drugbank.ca/drugs/DB08429"
"272","Nicotinamide Adenine Dinucleotide Cyclohexanone (DB03168)","0.7642","http://www.drugbank.ca/drugs/DB03168"
"273","Ertapenem (DB00303)","0.7640","http://www.drugbank.ca/drugs/DB00303"
"274","Pivampicillin (DB01604)","0.7633","http://www.drugbank.ca/drugs/DB01604"
"275","SP2456 (DB03957)","0.7624","http://www.drugbank.ca/drugs/DB03957"
"276","N-(4-MORPHOLINE)CARBONYL-B-(1-NAPHTHYL)-L-ALANINE-L-LEUCINE BORONIC ACID (DB04732)","0.7623","http://www.drugbank.ca/drugs/DB04732"
"277","BV1 (DB04210)","0.7620","http://www.drugbank.ca/drugs/DB04210"
"278","Zuclopenthixol decanoate (DB08920)","0.7617","http://www.drugbank.ca/drugs/DB08920"
"279","Ximelagatran (DB04898)","0.7612","http://www.drugbank.ca/drugs/DB04898"
"280","(3ASR,4RS,8ASR,8BRS)-4-(2-(4-FLUOROBENZYL)-1,3-DIOXODEACAHYDROPYRROLO[3,4-A] PYRROLIZIN-4-YL)BENZAMIDINE (DB07796)","0.7607","http://www.drugbank.ca/drugs/DB07796"
"281","Carfentanil (DB01535)","0.7593","http://www.drugbank.ca/drugs/DB01535"
"282","1-[2-AMINO-2-CYCLOHEXYL-ACETYL]-PYRROLIDINE-3-CARBOXYLIC ACID 5-CHLORO-2-(2-ETHYLCARBAMOYL-ETHOXY)-BENZYLAMIDE (DB06869)","0.7583","http://www.drugbank.ca/drugs/DB06869"
"283","Argatroban (DB00278)","0.7582","http://www.drugbank.ca/drugs/DB00278"
"284","Colchicine (DB01394)","0.7582","http://www.drugbank.ca/drugs/DB01394"
"285","Skf 107457 (DB04191)","0.7579","http://www.drugbank.ca/drugs/DB04191"
"286","2-MERCAPTO-N-[1,2,3,10-TETRAMETHOXY-9-OXO-5,6,7,9-TETRAHYDRO-BENZO[A]HEPTALEN-7-YL]ACETAMIDE (DB07574)","0.7575","http://www.drugbank.ca/drugs/DB07574"
"287","OPC-28326 (DB05461)","0.7574","http://www.drugbank.ca/drugs/DB05461"
"288","Latamoxef (DB04570)","0.7574","http://www.drugbank.ca/drugs/DB04570"
"289","7-((Carboxy(4-Hydroxyphenyl)Acetyl)Amino)-7-Methoxy-(3-((1-Methyl-1h-Tetrazol-5-Yl)Thio)Methyl)-8-Oxo-5-Oxa-1-Azabicyclo[4.2.0]Oct-2-Ene-2-Carboxylic Acid (DB04342)","0.7574","http://www.drugbank.ca/drugs/DB04342"
"290","RU85493 (DB01908)","0.7564","http://www.drugbank.ca/drugs/DB01908"
"291","Spirapril (DB01348)","0.7554","http://www.drugbank.ca/drugs/DB01348"
"292","Metrizamide (DB01578)","0.7553","http://www.drugbank.ca/drugs/DB01578"
"293","(E)-(4S,6S)-8-METHYL-6-((S)-3-METHYL-2-{(S)-2-[(5-METHYL-ISOXAZOLE-3-CARBONYL)-AMINO]-PROPIONYLAMINO}-BUTYRYLAMINO)-5-OXO-4-((R)-2-OXO-PYRROLIDIN-3-YLMETHYL)-NON-2-ENOIC ACID BENZYL ESTER (DB04595)","0.7549","http://www.drugbank.ca/drugs/DB04595"
"294","Etorphine (DB01497)","0.7546","http://www.drugbank.ca/drugs/DB01497"
"295","N-{3-[4-(3-Amino-Propyl)-Piperazin-1-Yl]-Propyl}-3-Nitro-5-(Galactopyranosyl)-Alpha-Benzamide (DB03235)","0.7542","http://www.drugbank.ca/drugs/DB03235"
"296","N-{3-[4-(3-Amino-Propyl)-Piperazin-1-Yl]-Propyl}-3-Nitro-5-(Galactopyranosyl)-Beta-Benzamide (DB04073)","0.7542","http://www.drugbank.ca/drugs/DB04073"
"297","RU84687 (DB01678)","0.7538","http://www.drugbank.ca/drugs/DB01678"
"298","4-chloro-N-(3-methoxypropyl)-N-[(3S)-1-(2-phenylethyl)piperidin-3-yl]benzamide (DB08344)","0.7529","http://www.drugbank.ca/drugs/DB08344"
"299","Adamantane-1-Carboxylic Acid-5-Dimethylamino-Naphthalene-1-Sulfonylamino-Butyl-Amide (DB04032)","0.7518","http://www.drugbank.ca/drugs/DB04032"
"300","Ergotamine (DB00696)","0.7516","http://www.drugbank.ca/drugs/DB00696"
"301","Compound 12, N-Acetyl-4-[(Carboxycarbonyl)(2-Carboxyphenyl)Amino]-N-Pentyl-1-Napthylalaniamide (DB01820)","0.7501","http://www.drugbank.ca/drugs/DB01820"
"302","Nitrocefin Acyl-Serine (DB04041)","0.7499","http://www.drugbank.ca/drugs/DB04041"
"303","Nafcillin (DB00607)","0.7498","http://www.drugbank.ca/drugs/DB00607"
"304","Estramustine (DB01196)","0.7495","http://www.drugbank.ca/drugs/DB01196"
"305","Adamantane-1-Carboxylic Acid-5-Dimethylamino-Naphthalene-1-Sulfonylamino-Octyl-Amide (DB03031)","0.7492","http://www.drugbank.ca/drugs/DB03031"
"306","Morpholine-4-Carboxylic Acid [1-(2-Benzylsulfanyl-1-Formyl-Ethylcarbamoyl)-2-Phenyl-Ethyl]-Amide (DB03984)","0.7487","http://www.drugbank.ca/drugs/DB03984"
"307","Bacampicillin (DB01602)","0.7484","http://www.drugbank.ca/drugs/DB01602"
"308","Aeruginosin 98-B (DB04391)","0.7479","http://www.drugbank.ca/drugs/DB04391"
"309","N-(2-Morpholin-4-Yl-1-Morpholin-4-Ylmethyl-Ethyl)-3-Nitro-5-(3,4,5-Trihydroxy-6-Hydroxymethyl-Tetrahydro-Pyran-2-Yloxy)-Benzamide (DB04040)","0.7475","http://www.drugbank.ca/drugs/DB04040"
"310","Nicotinamide Adenine Dinucleotide 3-Pentanone Adduct (DB04421)","0.7464","http://www.drugbank.ca/drugs/DB04421"
"311","4-(1R,3AS,4R,8AS,8BR)-[1-DIFLUOROMETHYL-2-(4-FLUOROBENZYL)-3-OXODECAHYDROPYRROLO[3,4-A]PYRROLIZIN-4-YL]BENZAMIDINE (DB07741)","0.7456","http://www.drugbank.ca/drugs/DB07741"
"312","(1S,6BR,9AS,11R,11BR)-9A,11B-DIMETHYL-1-[(METHYLOXY)METHYL]-3,6,9-TRIOXO-1,6,6B,7,8,9,9A,10,11,11B-DECAHYDRO-3H-FURO[4,3,2-DE]INDENO[4,5-H][2]BENZOPYRAN-11-YL ACETATE (DB08059)","0.7444","http://www.drugbank.ca/drugs/DB08059"
"313","Cyprenorphine (DB01480)","0.7444","http://www.drugbank.ca/drugs/DB01480"
"314","Diltiazem (DB00343)","0.7419","http://www.drugbank.ca/drugs/DB00343"
"315","N-{1-[(1-carbamoylcyclopropyl)methyl]piperidin-4-yl}-N-cyclopropyl-4-[(1S)-2,2,2-trifluoro-1-hydroxy-1-methylethyl]benzamide (DB07316)","0.7405","http://www.drugbank.ca/drugs/DB07316"
"316","Ketoconazole (DB01026)","0.7368","http://www.drugbank.ca/drugs/DB01026"
"317","Trisalicylate-choline (DB01401)","0.7364","http://www.drugbank.ca/drugs/DB01401"
"318","Ergoloid mesylate (DB01049)","0.7359","http://www.drugbank.ca/drugs/DB01049"
"319","2-(2-{2-[(BIPHENYL-4-YLMETHYL)-AMINO]-3-MERCAPTO-PENTANOYLAMINO}-ACETYLAMINO)-3-METHYL-BUTYRIC ACID METHYL ESTER (DB08643)","0.7342","http://www.drugbank.ca/drugs/DB08643"
"320","Dolutegravir (DB08930)","0.7340","http://www.drugbank.ca/drugs/DB08930"
"321","N-(4-bromo-2-{[(3R,5S)-3,5-dimethylpiperidin-1-yl]carbonyl}phenyl)-4-morpholin-4-yl-4-oxobutanamide (DB08582)","0.7325","http://www.drugbank.ca/drugs/DB08582"
"322","RU81843 (DB04495)","0.7324","http://www.drugbank.ca/drugs/DB04495"
"323","Iohexol (DB01362)","0.7309","http://www.drugbank.ca/drugs/DB01362"
"324","4-Morpholin-4-Yl-Piperidine-1-Carboxylic Acid [1-(3-Benzenesulfonyl-1-Propyl-Allylcarbamoyl)-2-Phenylethyl]-Amide (DB02243)","0.7306","http://www.drugbank.ca/drugs/DB02243"
"325","(1S,3R,4S,5S,7S)-4-{[2-(4-METHOXYPHENOXY)-2-METHYLPROPANOYL]AMINO}ADAMANTANE-1-CARBOXAMIDE (DB08280)","0.7296","http://www.drugbank.ca/drugs/DB08280"
"326","Dihydroetorphine (DB01450)","0.7295","http://www.drugbank.ca/drugs/DB01450"
"327","Bromocriptine (DB01200)","0.7293","http://www.drugbank.ca/drugs/DB01200"
"328","3-CARBOXAMIDO-1,3,5(10)-ESTRATRIEN-17(R)-SPIRO-2'(5',5'-DIMETHYL-6'OXO)TETRAHYDROPYRAN (DB07700)","0.7265","http://www.drugbank.ca/drugs/DB07700"
"329","1-[3,3-Dimethyl-2-(2-Methylamino-Propionylamino)-Butyryl]-Pyrrolidine-2-Carboxylic Acid(1,2,3,4-Tetrahydro-Naphthalen-1-Yl)-Amide (DB02628)","0.7247","http://www.drugbank.ca/drugs/DB02628"
"330","Cabergoline (DB00248)","0.7242","http://www.drugbank.ca/drugs/DB00248"
"331","PLATENSIMYCIN (DB08407)","0.7231","http://www.drugbank.ca/drugs/DB08407"
"332","Diprenorphine (DB01548)","0.7218","http://www.drugbank.ca/drugs/DB01548"
"333","Quinestrol (DB04575)","0.7206","http://www.drugbank.ca/drugs/DB04575"
"334","Mupirocin (DB00410)","0.7205","http://www.drugbank.ca/drugs/DB00410"
"335","AC-(D)PHE-PRO-BOROHOMOLYS-OH (DB07659)","0.7176","http://www.drugbank.ca/drugs/DB07659"
"336","Aripiprazole (DB01238)","0.7172","http://www.drugbank.ca/drugs/DB01238"
"337","Maraviroc (DB04835)","0.7169","http://www.drugbank.ca/drugs/DB04835"
"338","(1S)-2-{[{[(2S)-2,3-DIHYDROXYPROPYL]OXY}(HYDROXY)PHOSPHORYL]OXY}-1-[(PENTANOYLOXY)METHYL]ETHYL OCTANOATE (DB07349)","0.7163","http://www.drugbank.ca/drugs/DB07349"
"339","Nicotinamide Adenine Dinucleotide Acetone Adduct (DB02732)","0.7146","http://www.drugbank.ca/drugs/DB02732"
"340","RU83876 (DB02336)","0.7145","http://www.drugbank.ca/drugs/DB02336"
"341","2-[4-[[(S)-1-[[(S)-2-[[(Rs)-3,3,3-Trifluoro-1-Isopropyl-2-Oxopropyl]Aminocarbonyl]Pyrrolidin-1-Yl-]Carbonyl]-2-Methylpropyl]Aminocarbonyl]Benzoylamino]Acetic Acid (DB03702)","0.7142","http://www.drugbank.ca/drugs/DB03702"
"342","Tu-514 (DB01991)","0.7138","http://www.drugbank.ca/drugs/DB01991"
"343","Trimethobenzamide (DB00662)","0.7115","http://www.drugbank.ca/drugs/DB00662"
"344","(2E,4R,5S)-2,3,4,5-TETRAHYDROXY-6-(PALMITOYLOXY)HEX-2-ENOIC ACID (DB08438)","0.7110","http://www.drugbank.ca/drugs/DB08438"
"345","Lysophosphotidylserine (DB04136)","0.7110","http://www.drugbank.ca/drugs/DB04136"
"346","(2S)-4-(2,5-difluorophenyl)-N-[(3R,4S)-3-fluoro-1-methylpiperidin-4-yl]-2-(hydroxymethyl)-N-methyl-2-phenyl-2,5-dihydro-1H-pyrrole-1-carboxamide (DB08037)","0.7097","http://www.drugbank.ca/drugs/DB08037"
"347","[4-(4-ACETYLAMINO-PHENYL)-3,5-DIOXO-4-AZA-TRICYCLO[5.2.2.0 2,6]UNDEC-1-YLCARBAMOYLOXY]-ACETIC ACID (DB07784)","0.7087","http://www.drugbank.ca/drugs/DB07784"
"348","Ranolazine (DB00243)","0.7072","http://www.drugbank.ca/drugs/DB00243"
"349","Buprenorphine (DB00921)","0.7068","http://www.drugbank.ca/drugs/DB00921"
"350","Benzonatate (DB00868)","0.7043","http://www.drugbank.ca/drugs/DB00868"
"351","Epothilone B (DB03010)","0.7043","http://www.drugbank.ca/drugs/DB03010"
"352","Lysophosphatidylglycerol (DB03438)","0.7040","http://www.drugbank.ca/drugs/DB03438"
"353","Cis-[4,5-Bis-(4-Bromophenyl)-2-(2-Ethoxy-4-Methoxyphenyl)-4,5-Dihydroimidazol-1-Yl]-[4-(2-Hydroxyethyl)Piperazin-1-Yl]Methanone (DB02872)","0.7039","http://www.drugbank.ca/drugs/DB02872"
"354","PPI-2458 (DB05864)","0.7030","http://www.drugbank.ca/drugs/DB05864"
"355","MLN-518 (DB05465)","0.7030","http://www.drugbank.ca/drugs/DB05465"
"356","Carba-Nicotinamide-Adenine-Dinucleotide (DB02498)","0.7026","http://www.drugbank.ca/drugs/DB02498"
"357","3-({3-[(1S,4aS,6S,7S,9S,9aR)-1,6-dimethyl-2-oxodecahydro-6,9-epoxy-4a,7-methanobenzo[7]annulen-1-yl]propanoyl}amino)-2,4-dihydroxybenzoic acid (DB08366)","0.7020","http://www.drugbank.ca/drugs/DB08366"
"358","Dinoprost Tromethamine (DB01160)","0.6983","http://www.drugbank.ca/drugs/DB01160"
"359","Triglu-5-Formyl-Tetrahydrofolate (DB02067)","0.6975","http://www.drugbank.ca/drugs/DB02067"
"360","BMS068645 (DB05009)","0.6959","http://www.drugbank.ca/drugs/DB05009"
"361","Carboprost Tromethamine (DB00429)","0.6956","http://www.drugbank.ca/drugs/DB00429"
"362","5-Beta-D-Ribofuranosylnicotinamide Adenine Dinucleotide (DB03020)","0.6952","http://www.drugbank.ca/drugs/DB03020"
"363","(3s)-3,4-Di-N-Hexanoyloxybutyl-1-Phosphocholine (DB03827)","0.6945","http://www.drugbank.ca/drugs/DB03827"
"364","Cefpiramide (DB00430)","0.6932","http://www.drugbank.ca/drugs/DB00430"
"365","Fumagillin (DB02640)","0.6931","http://www.drugbank.ca/drugs/DB02640"
"366","Ixabepilone (DB04845)","0.6926","http://www.drugbank.ca/drugs/DB04845"
"367","Epothilone D (DB01873)","0.6917","http://www.drugbank.ca/drugs/DB01873"
"368","Platelet Activating Factor (DB02261)","0.6899","http://www.drugbank.ca/drugs/DB02261"
"369","ATL-2502 (DB05340)","0.6875","http://www.drugbank.ca/drugs/DB05340"
"370","Nandrolone phenpropionate (DB00984)","0.6873","http://www.drugbank.ca/drugs/DB00984"
"371","Orlistat (DB01083)","0.6844","http://www.drugbank.ca/drugs/DB01083"
"372","(21S)-1AZA-4,4-DIMETHYL-6,19-DIOXA-2,3,7,20-TETRAOXOBICYCLO[19.4.0] PENTACOSANE (DB08520)","0.6841","http://www.drugbank.ca/drugs/DB08520"
"373","Pravastatin (DB00175)","0.6814","http://www.drugbank.ca/drugs/DB00175"
"374","pravastatin and fenofibrate (DB05373)","0.6814","http://www.drugbank.ca/drugs/DB05373"
"375","Cpad (DB04071)","0.6809","http://www.drugbank.ca/drugs/DB04071"
"376","3-Acetylpyridine Adenine Dinucleotide (DB03363)","0.6776","http://www.drugbank.ca/drugs/DB03363"
"377","3-Acetyl Pyridine Adenine Dinucleotide (DB03969)","0.6776","http://www.drugbank.ca/drugs/DB03969"
"378","1-Octadecyl-2-Acetamido-2-Deoxy-Sn-Glycerol-3-Phosphoethylmethyl Sulfide (DB04112)","0.6775","http://www.drugbank.ca/drugs/DB04112"
"379","L-Alfa-Lysophosphatidylcholine, Lauroyl (DB01707)","0.6773","http://www.drugbank.ca/drugs/DB01707"
"380","N-Hydroxy-1-(4-Methoxyphenyl)Sulfonyl-4-Benzyloxycarbonyl-Piperazine-2-Carboxamide (DB04232)","0.6771","http://www.drugbank.ca/drugs/DB04232"
"381","(4Z)-2,8:7,12:11,15:14,18:17,22-PENTAANHYDRO-4,5,6,9,10,13,19,20,21-NONADEOXY-D-ARABINO-D-ALLO-D-ALLO-DOCOSA-4,9,20-TRIENITOL (DB07716)","0.6750","http://www.drugbank.ca/drugs/DB07716"
"382","Mevastatin (DB06693)","0.6741","http://www.drugbank.ca/drugs/DB06693"
"383","Lpc-Ether (DB03633)","0.6741","http://www.drugbank.ca/drugs/DB03633"
"384","1-O-Octyl-2-Heptylphosphonyl-Sn-Glycero-3-Phosphoethanolamine (DB03565)","0.6732","http://www.drugbank.ca/drugs/DB03565"
"385","Lovastatin (DB00227)","0.6729","http://www.drugbank.ca/drugs/DB00227"
"386","(3r,5r)-7-((1r,2r,6s,8r,8as)-2,6-Dimethyl-8-{[(2r)-2-Methylbutanoyl]Oxy}-1,2,6,7,8,8a-Hexahydronaphthalen-1-Yl)-3,5-Dihydroxyheptanoic Acid (DB03785)","0.6704","http://www.drugbank.ca/drugs/DB03785"
"387","Lurasidone (DB08815)","0.6704","http://www.drugbank.ca/drugs/DB08815"
"388","Simvastatin (DB00641)","0.6697","http://www.drugbank.ca/drugs/DB00641"
"389","2-Tridecanoyloxy-Pentadecanoic Acid (DB01814)","0.6681","http://www.drugbank.ca/drugs/DB01814"
"390","Apstatin (DB04092)","0.6676","http://www.drugbank.ca/drugs/DB04092"
"391","Di(N-Acetyl-D-Glucosamine) (DB03013)","0.6672","http://www.drugbank.ca/drugs/DB03013"
"392","Virginiamycin M1 (DB01669)","0.6601","http://www.drugbank.ca/drugs/DB01669"
"393","Cmp-2-Keto-3-Deoxy-Octulosonic Acid (DB04482)","0.6601","http://www.drugbank.ca/drugs/DB04482"
"394","Ouabain (DB01092)","0.6593","http://www.drugbank.ca/drugs/DB01092"
"395","Demecarium (DB00944)","0.6569","http://www.drugbank.ca/drugs/DB00944"
"396","Deamido-Nad+ (DB04099)","0.6551","http://www.drugbank.ca/drugs/DB04099"
"397","(8alpha,10alpha,13alpha,17beta)-17-[(4-hydroxyphenyl)carbonyl]androsta-3,5-diene-3-carboxylic acid (DB08220)","0.6496","http://www.drugbank.ca/drugs/DB08220"
"398","2'-Deoxy-Thymidine-Beta-L-Rhamnose (DB03723)","0.6482","http://www.drugbank.ca/drugs/DB03723"
"399","Pantoyl Adenylate (DB02694)","0.6461","http://www.drugbank.ca/drugs/DB02694"
"400","BIOTINOL-5-AMP (DB04651)","0.6447","http://www.drugbank.ca/drugs/DB04651"
"401","3-Aminomethyl-Pyridinium-Adenine-Dinucleotide (DB03797)","0.6439","http://www.drugbank.ca/drugs/DB03797"
"402","Forskolin (DB02587)","0.6433","http://www.drugbank.ca/drugs/DB02587"
"403","Dutasteride (DB01126)","0.6429","http://www.drugbank.ca/drugs/DB01126"
"404","Thionicotinamide-Adenine-Dinucleotide (DB03893)","0.6427","http://www.drugbank.ca/drugs/DB03893"
"405","OXI4503 (DB05143)","0.6415","http://www.drugbank.ca/drugs/DB05143"
"406","2'deoxy-Thymidine-5'-Diphospho-Alpha-D-Glucose (DB03751)","0.6402","http://www.drugbank.ca/drugs/DB03751"
"407","Ceftazidime (DB00438)","0.6393","http://www.drugbank.ca/drugs/DB00438"
"408","(5S,8R,9S,10S,13R,14S,17S)-13-{2-[(3,5-DIFLUOROBENZYL)OXY]ETHYL}-17-HYDROXY-10-METHYLHEXADECAHYDRO-3H-CYCLOPENTA[A]PHENANTHREN-3-ONE (DB07717)","0.6378","http://www.drugbank.ca/drugs/DB07717"
"409","Dephospho Coenzyme A (DB03170)","0.6368","http://www.drugbank.ca/drugs/DB03170"
"410","Carphenazine (DB01038)","0.6340","http://www.drugbank.ca/drugs/DB01038"
"411","1alpha,25-Dihydroxyl-20-Epi-22-Oxa-24,26,27-Trihomovitamin D3 (DB03451)","0.6291","http://www.drugbank.ca/drugs/DB03451"
"412","Gadoxetate  (DB08884)","0.6271","http://www.drugbank.ca/drugs/DB08884"
"413","ginkgolide-C (DB06745)","0.6238","http://www.drugbank.ca/drugs/DB06745"
"414","ginkgolide-J (DB06746)","0.6225","http://www.drugbank.ca/drugs/DB06746"
"415","ginkgolide-M (DB06747)","0.6222","http://www.drugbank.ca/drugs/DB06747"
"416","ginkgolide-B (DB06744)","0.6221","http://www.drugbank.ca/drugs/DB06744"
"417","Prednicarbate (DB01130)","0.6213","http://www.drugbank.ca/drugs/DB01130"
"418","Fluticasone furoate  (DB08906)","0.6209","http://www.drugbank.ca/drugs/DB08906"
"419","ginkgolide-A (DB06743)","0.6199","http://www.drugbank.ca/drugs/DB06743"
"420","Desonide (DB01260)","0.6195","http://www.drugbank.ca/drugs/DB01260"
"421","Flunisolide (DB00180)","0.6191","http://www.drugbank.ca/drugs/DB00180"
"422","Budesonide (DB01222)","0.6183","http://www.drugbank.ca/drugs/DB01222"
"423","1,3-CYCLOHEXANEDIOL, 4-METHYLENE-5-[(2E)-[(1S,3AS,7AS)-OCTAHYDRO-1-(5-HYDROXY-5-METHYL-1,3-HEXADIYNYL)-7A-METHYL-4H-INDEN-4-YLIDENE]ETHYLIDENE]-, (1R,3S,5Z) (DB08742)","0.6172","http://www.drugbank.ca/drugs/DB08742"
"424","Adefovir Dipivoxil (DB00718)","0.6152","http://www.drugbank.ca/drugs/DB00718"
"425","Beclomethasone (DB00394)","0.6147","http://www.drugbank.ca/drugs/DB00394"
"426","13-Acetylphorbol (DB04376)","0.6138","http://www.drugbank.ca/drugs/DB04376"
"427","Difluprednate (DB06781)","0.6128","http://www.drugbank.ca/drugs/DB06781"
"428","Flurandrenolide (DB00846)","0.6100","http://www.drugbank.ca/drugs/DB00846"
"429","BNP-166 (DB05442)","0.6086","http://www.drugbank.ca/drugs/DB05442"
"430","Abiraterone (DB05812)","0.6084","http://www.drugbank.ca/drugs/DB05812"
"431","NADH (DB00157)","0.6078","http://www.drugbank.ca/drugs/DB00157"
"432","Inecalcitol (DB04796)","0.6071","http://www.drugbank.ca/drugs/DB04796"
"433","Selenazole-4-Carboxyamide-Adenine Dinucleotide (DB03070)","0.6060","http://www.drugbank.ca/drugs/DB03070"
"434","Paricalcitol (DB00910)","0.6056","http://www.drugbank.ca/drugs/DB00910"
"435","Flumethasone Pivalate (DB00663)","0.6031","http://www.drugbank.ca/drugs/DB00663"
"436","Ingenol Mebutate  (DB05013)","0.6028","http://www.drugbank.ca/drugs/DB05013"
"437","Eplerenone (DB00700)","0.6007","http://www.drugbank.ca/drugs/DB00700"
"438","Calcitriol (DB00136)","0.6007","http://www.drugbank.ca/drugs/DB00136"
"439","DN-101 (DB05314)","0.6007","http://www.drugbank.ca/drugs/DB05314"
"440","4-(3,12,14-Trihydroxy-10,13-Dimethyl-Hexadecahydro-Cyclopenta[a]Phenanthren-17-Yl)-5h-Furan-2-One (DB03671)","0.5988","http://www.drugbank.ca/drugs/DB03671"
"441","Hydrocortamate (DB00769)","0.5972","http://www.drugbank.ca/drugs/DB00769"
"442","Ethynodiol (DB00823)","0.5961","http://www.drugbank.ca/drugs/DB00823"
"443","Nandrolone decanoate (DB08804)","0.5939","http://www.drugbank.ca/drugs/DB08804"
"444","Calcipotriol (DB02300)","0.5930","http://www.drugbank.ca/drugs/DB02300"
"445","Clobetasol propionate (DB01013)","0.5917","http://www.drugbank.ca/drugs/DB01013"
"446","anecortave acetate (DB05288)","0.5909","http://www.drugbank.ca/drugs/DB05288"
"447","Calcidiol (DB00146)","0.5907","http://www.drugbank.ca/drugs/DB00146"
"448","Alfacalcidol (DB01436)","0.5903","http://www.drugbank.ca/drugs/DB01436"
"449","4-(3,14-Dihydroxy-10,13-Dimethyl-Hexadecahydro-Cyclopenta[a]Phenanthren-17-Yl)-5h-Furan-2-One (DB04177)","0.5887","http://www.drugbank.ca/drugs/DB04177"
"450","TESTOSTERONE HEMISUCCINATE (DB08619)","0.5881","http://www.drugbank.ca/drugs/DB08619"
"451","Triamcinolone (DB00620)","0.5879","http://www.drugbank.ca/drugs/DB00620"
"452","Guanosine-5'-Diphosphate-Rhamnose (DB02547)","0.5874","http://www.drugbank.ca/drugs/DB02547"
"453","AMPCPR (DB01975)","0.5855","http://www.drugbank.ca/drugs/DB01975"
"454","2'-O-Acetyl Adenosine-5-Diphosphoribose (DB03478)","0.5841","http://www.drugbank.ca/drugs/DB03478"
"455","Adenosine-5'-Monophosphate Glucopyranosyl-Monophosphate Ester (DB01774)","0.5820","http://www.drugbank.ca/drugs/DB01774"
"456","PROGESTERONE-11-ALPHA-OL-HEMISUCCINATE (DB08547)","0.5815","http://www.drugbank.ca/drugs/DB08547"
"457","deoxycytidylyl-3',5'-guanosine (DB03326)","0.5814","http://www.drugbank.ca/drugs/DB03326"
"458","Dihydrotachysterol (DB01070)","0.5808","http://www.drugbank.ca/drugs/DB01070"
"459","Ergocalciferol (DB00153)","0.5803","http://www.drugbank.ca/drugs/DB00153"
"460","Cholecalciferol (DB00169)","0.5796","http://www.drugbank.ca/drugs/DB00169"
"461","Cortisone acetate (DB01380)","0.5792","http://www.drugbank.ca/drugs/DB01380"
"462","Uridylyl-2'-5'-Phospho-Adenosine (DB03447)","0.5785","http://www.drugbank.ca/drugs/DB03447"
"463","Methylprednisolone (DB00959)","0.5782","http://www.drugbank.ca/drugs/DB00959"
"464","Desoxycorticosterone Pivalate (DB01134)","0.5779","http://www.drugbank.ca/drugs/DB01134"
"465","Paramethasone (DB01384)","0.5770","http://www.drugbank.ca/drugs/DB01384"
"466","Alclometasone (DB00240)","0.5768","http://www.drugbank.ca/drugs/DB00240"
"467","Mezlocillin (DB00948)","0.5761","http://www.drugbank.ca/drugs/DB00948"
"468","Betamethasone (DB00443)","0.5758","http://www.drugbank.ca/drugs/DB00443"
"469","Dexamethasone (DB01234)","0.5758","http://www.drugbank.ca/drugs/DB01234"
"470","Phosphoric Acid-2'-[2'-Deoxy-Uridine]Ester-5'-Guanosine Ester (DB04514)","0.5755","http://www.drugbank.ca/drugs/DB04514"
"471","Cytidyl-2'-5'-Phospho-Guanosine (DB03638)","0.5745","http://www.drugbank.ca/drugs/DB03638"
"472","Diflorasone (DB00223)","0.5742","http://www.drugbank.ca/drugs/DB00223"
"473","Spironolactone (DB00421)","0.5729","http://www.drugbank.ca/drugs/DB00421"
"474","Hydrocortisone (DB00741)","0.5719","http://www.drugbank.ca/drugs/DB00741"
"475","Medroxyprogesterone Acetate (DB00603)","0.5711","http://www.drugbank.ca/drugs/DB00603"
"476","Fludrocortisone (DB00687)","0.5704","http://www.drugbank.ca/drugs/DB00687"
"477","Norgestimate (DB00957)","0.5686","http://www.drugbank.ca/drugs/DB00957"
"478","Adenosine-5-Diphosphoribose (DB02059)","0.5673","http://www.drugbank.ca/drugs/DB02059"
"479","N-Cholylglycine (DB02691)","0.5672","http://www.drugbank.ca/drugs/DB02691"
"480","5-ALPHA-PREGNANE-3-BETA-OL-HEMISUCCINATE (DB08510)","0.5641","http://www.drugbank.ca/drugs/DB08510"
"481","Taurocholic Acid (DB04348)","0.5631","http://www.drugbank.ca/drugs/DB04348"
"482","Ergosterol (DB04038)","0.5601","http://www.drugbank.ca/drugs/DB04038"
"483","Finasteride (DB01216)","0.5576","http://www.drugbank.ca/drugs/DB01216"
"484","Glycochenodeoxycholic Acid (DB02123)","0.5573","http://www.drugbank.ca/drugs/DB02123"
"485","Adenylyl-3'-5'-Phospho-Uridine-3'-Monophosphate (DB01792)","0.5561","http://www.drugbank.ca/drugs/DB01792"
"486","Tauroursodeoxycholic acid (DB08834)","0.5532","http://www.drugbank.ca/drugs/DB08834"
"487","Cholesterol-Sulfate (DB01990)","0.5519","http://www.drugbank.ca/drugs/DB01990"
"488","BIS-1,2-{[(Z)-2CARBOXY-2-METHYL-1,3-DIOXANE]-5-YLOXYCARBONYL}-PIPERAZINE (DB07580)","0.5509","http://www.drugbank.ca/drugs/DB07580"
"489","Ursodeoxycholic acid (DB01586)","0.5503","http://www.drugbank.ca/drugs/DB01586"
"490","Chenodeoxycholic acid (DB06777)","0.5503","http://www.drugbank.ca/drugs/DB06777"
"491","Rimexolone (DB00896)","0.5473","http://www.drugbank.ca/drugs/DB00896"
"492","Piperacillin (DB00319)","0.5398","http://www.drugbank.ca/drugs/DB00319"
"493","Drospirenone (DB01395)","0.5356","http://www.drugbank.ca/drugs/DB01395"
"494","Etheno-Nad (DB02483)","0.5308","http://www.drugbank.ca/drugs/DB02483"
"495","Ambenonium (DB01122)","0.5244","http://www.drugbank.ca/drugs/DB01122"
"496","Cefoperazone (DB01329)","0.5073","http://www.drugbank.ca/drugs/DB01329"
"497","Etheno-Nadp (DB03732)","0.5047","http://www.drugbank.ca/drugs/DB03732"
"498","Dipyridamole (DB00975)","0.4705","http://www.drugbank.ca/drugs/DB00975"
"499","Gallamine Triethiodide (DB00483)","0.4383","http://www.drugbank.ca/drugs/DB00483"
"500","Gadobutrol (DB06703)","0.3686","http://www.drugbank.ca/drugs/DB06703"
