,22RV1,647-V,A549,BFTC-905,BT-20,BT-474,BT-549,C32,CAL-120,CAL-148,CAL-51,CAMA-1,COLO-205,Calu-3,Calu-6,DMS-114,DU-4475,EVSA-T,HCC1143,HCC1187,HCC1395,HCC1419,HCC1428,HCC1500,HCC1569,HCC1806,HCC1937,HCC1954,HCC38,HCC70,HCT-116,HT-1197,HT-1376,HT-29,Hs-578-T,J82,KATOIII,KMS-11,KU-19-19,LS-513,M14,MCF7,MDA-MB-157,MDA-MB-175-VII,MDA-MB-231,MDA-MB-361,MDA-MB-415,MDA-MB-436,MDA-MB-453,MDA-MB-468,MFM-223,NCI-H1299,NCI-H1437,NCI-H1563,NCI-H1703,NCI-H1793,NCI-H1975,NCI-H2085,NCI-H2170,NCI-H2228,NCI-H226,NCI-H2291,NCI-H23,NCI-H3122,NCI-H358,NCI-H520,NCI-H522,NCI-H747,NCI-H838,NCI-SNU-16,RKO,RT4,SW48,SW620,SW780,SW837,SW900,SW948,T-24,T47D,TCCSUP,UACC-812,UM-UC-3,VCaP,VM-CUB-1
ADAM17.AKT,0,0,1,0,1,1,0,1,0,1,0,1,1,0,0,1,0,0,1,1,0,0,0,0,1,1,0,0,1,1,1,0,1,0,1,1,0,0,1,1,1,0,0,0,0,1,1,1,1,0,0,1,0,0,0,0,1,0,0,1,0,0,0,0,0,1,1,1,1,0,0,0,0,1,0,0,1,0,0,0,0,1,0,1,0
ADAM17.BCL2_BCL2L1,1,0,1,0,0,1,1,0,0,1,1,0,0,0,1,0,0,1,0,0,1,0,1,0,1,1,0,1,0,0,1,1,1,0,1,0,0,1,1,0,1,0,1,1,1,1,0,1,1,0,0,0,1,0,1,1,1,1,0,1,1,1,0,1,0,0,1,1,1,1,0,1,0,1,1,0,1,0,1,0,0,0,0,0,1
ADAM17.FGFR,0,0,0,1,0,1,1,1,0,0,1,1,1,0,0,1,0,1,1,1,0,0,0,0,1,1,0,1,0,1,0,0,1,1,0,0,0,1,0,1,0,0,0,0,0,1,1,0,1,1,1,1,1,0,1,0,0,0,1,0,1,1,0,0,1,0,0,1,1,1,1,0,1,0,0,0,0,1,1,1,1,0,0,0,1
ADAM17.MAP2K_1,1,1,0,1,0,1,1,0,1,1,1,1,0,1,1,1,0,1,1,1,0,0,0,1,1,1,1,0,0,0,0,0,1,0,0,1,0,1,1,0,1,1,1,0,1,1,1,1,0,0,0,0,1,1,1,1,1,1,0,0,0,1,1,0,1,0,0,0,0,0,0,1,0,0,1,1,1,1,0,1,0,0,0,0,1
ADAM17.MTOR_1,1,0,1,0,0,0,1,1,0,1,0,0,0,0,1,1,0,0,1,0,1,0,1,1,1,1,1,0,1,1,1,0,1,0,0,1,0,0,1,1,0,1,1,1,1,1,1,0,1,0,0,0,1,0,0,1,0,1,0,1,0,1,0,0,0,1,0,0,1,0,0,0,1,0,0,0,0,0,1,1,0,0,0,1,0
ADAM17.PIK3C,1,0,0,0,0,1,1,0,0,0,1,1,0,1,0,1,1,0,1,0,0,0,1,1,1,0,0,1,0,0,0,1,1,0,1,0,1,1,1,1,0,1,1,0,1,0,0,1,1,0,0,1,0,0,0,0,1,0,0,0,1,1,1,0,1,1,0,1,1,0,0,0,0,1,0,1,0,1,1,1,1,0,1,0,0
ADAM17.PIK3CB_PIK3CD,1,0,0,1,0,1,0,0,0,0,1,0,1,1,1,0,0,1,0,1,0,0,0,0,1,1,0,0,0,1,0,0,1,1,0,1,1,1,0,0,1,1,0,1,1,0,1,0,1,1,1,1,0,1,1,0,1,0,1,1,0,1,1,1,1,0,0,1,1,1,0,1,1,1,1,1,0,1,1,1,0,1,1,1,0
AKT.AKT_1,1,1,1,0,0,0,0,0,1,0,1,1,1,1,0,0,0,0,1,0,1,0,0,0,1,0,0,0,1,1,0,1,0,1,1,0,1,1,1,0,1,1,1,1,0,0,0,1,1,1,0,1,0,1,0,1,1,0,1,0,1,0,1,1,0,1,1,1,0,0,0,0,1,1,1,0,0,0,0,1,0,1,0,1,0
AKT.ALK_IGFR,1,0,0,0,0,1,1,1,1,0,0,1,0,0,1,0,0,0,1,1,0,0,1,0,1,1,0,0,0,1,0,1,0,0,1,0,1,1,0,0,1,1,0,0,1,0,0,0,0,0,0,1,1,1,1,1,0,0,1,0,1,1,1,1,0,1,1,1,1,0,1,0,1,0,0,0,1,1,1,1,0,1,0,1,0
AKT.ATR_4,1,1,0,0,0,0,1,0,0,0,1,1,0,1,1,0,1,1,1,1,0,1,1,0,1,1,1,1,1,1,1,0,1,1,0,0,1,0,1,1,1,1,1,0,1,1,0,1,0,0,1,1,1,0,0,1,1,1,0,1,1,1,0,0,0,0,1,0,1,1,0,1,0,0,0,0,1,1,1,1,1,1,1,1,0
AKT.BCL2L1,0,0,0,1,1,0,0,1,1,0,0,0,1,1,0,0,0,1,1,0,0,1,0,1,1,1,0,1,1,1,1,0,0,0,1,0,1,1,0,0,0,1,1,0,0,1,1,0,0,1,1,1,0,1,0,0,1,1,1,1,0,0,0,0,1,0,0,0,0,1,0,1,1,0,1,0,0,0,0,0,1,1,0,1,1
AKT.Chloroquine,1,0,0,1,1,0,1,1,1,1,0,1,1,1,0,1,1,0,1,0,0,0,1,0,1,1,0,0,1,0,1,0,1,0,0,0,1,0,1,0,1,0,1,0,1,0,0,0,0,1,0,1,1,1,0,0,1,1,1,0,1,1,0,1,1,1,0,1,1,0,0,1,0,1,0,1,0,0,0,1,1,1,0,1,0
AKT.Cisplatin,0,1,0,1,1,1,0,0,1,1,1,1,1,0,1,1,1,1,1,0,1,1,0,1,1,0,1,0,0,0,1,0,1,1,0,0,1,0,1,0,0,1,1,0,1,1,1,1,0,0,1,0,1,0,1,1,1,0,0,1,1,0,1,1,1,1,0,0,0,1,0,1,0,1,0,0,0,0,0,1,0,0,1,0,1
AKT.CSNK2A1_2,1,1,1,1,0,1,1,0,1,1,0,1,0,1,0,1,0,1,1,0,0,1,0,0,1,1,0,0,1,1,1,1,1,1,1,1,1,0,1,1,1,0,0,0,1,1,1,0,1,1,1,0,1,1,0,0,1,1,0,0,1,0,1,1,1,1,1,0,0,1,1,1,1,0,0,1,1,1,1,1,1,1,0,1,0
AKT.EGFR,1,1,0,1,1,1,0,0,0,1,1,0,0,1,1,1,0,0,1,1,1,1,0,1,1,1,1,1,0,0,0,1,1,1,0,1,1,1,1,0,1,0,0,1,0,0,0,0,0,1,0,1,1,0,0,0,1,0,1,0,0,1,0,1,0,1,0,0,0,1,0,1,0,0,1,1,1,0,1,0,0,0,1,1,1
AKT.ERBB,0,0,1,0,0,1,1,1,1,0,0,0,0,1,1,1,0,1,1,0,1,1,0,0,1,0,0,0,0,1,0,0,1,1,1,1,1,0,1,1,0,1,1,0,1,0,1,0,1,1,1,1,1,0,0,1,1,0,0,0,1,0,1,1,1,0,1,0,0,1,0,0,1,1,1,0,1,0,1,1,1,1,0,1,1
AKT.FGFR,1,1,1,0,0,0,0,0,0,0,0,1,0,0,1,1,1,1,0,0,1,0,0,0,0,1,1,1,1,0,1,1,0,1,0,1,0,1,1,0,1,1,0,1,0,1,1,1,0,1,0,1,1,0,1,0,0,0,1,0,1,0,0,1,0,0,1,0,0,0,0,0,1,0,0,1,0,1,0,0,0,0,1,0,1
AKT.HDAC_4,1,1,1,0,0,0,1,0,1,1,0,0,0,1,0,1,0,0,0,0,1,1,1,1,1,0,0,0,0,1,1,1,0,1,1,1,1,1,1,1,1,1,1,0,0,0,1,1,0,1,1,1,0,0,0,1,0,0,0,1,1,1,0,0,1,0,1,0,1,1,0,1,0,0,0,0,0,0,0,0,1,0,0,0,1
AKT.PIK3C_2,1,0,0,1,0,1,1,1,1,1,1,1,1,1,1,1,0,1,0,1,0,1,1,1,1,1,0,1,1,1,0,0,0,0,1,1,1,0,1,0,0,0,1,0,0,1,0,1,1,0,0,0,1,1,0,0,1,0,1,0,0,1,0,1,1,1,1,1,1,0,0,1,0,1,0,0,0,0,0,1,1,0,1,1,0
AKT.PIK3CA_4,0,1,0,0,0,1,1,1,0,1,1,1,1,0,0,0,0,0,1,0,0,0,0,1,0,0,1,0,1,1,0,0,0,0,1,0,0,1,1,1,1,1,0,1,1,0,0,1,1,0,1,1,0,1,0,0,1,1,0,0,0,1,1,1,0,0,0,0,0,1,0,0,0,0,0,1,1,0,0,1,0,0,1,1,1
AKT.PIP5K1,1,1,0,0,0,1,1,1,1,0,0,1,1,0,1,0,1,1,1,1,1,0,1,0,0,1,0,1,0,1,0,1,1,0,1,0,0,1,1,1,0,0,1,0,1,0,1,0,0,1,0,0,1,1,0,0,0,0,1,0,1,1,1,1,1,0,0,0,1,1,1,0,0,0,1,1,1,1,0,0,1,0,0,0,1
AKT.TNF,1,0,1,1,1,1,1,0,1,1,0,1,0,0,1,1,1,0,1,0,1,0,1,0,1,0,1,0,1,0,0,1,1,1,1,1,1,1,0,0,0,1,0,1,0,1,1,0,1,0,1,1,0,1,1,1,0,0,1,1,1,1,1,0,0,1,1,1,0,0,0,1,1,1,1,1,0,0,0,1,1,1,0,1,0
AKT.TNKS_PARP6,0,0,0,0,0,0,0,1,0,1,0,0,0,1,0,0,0,1,0,1,0,1,0,0,0,1,0,1,1,0,1,0,0,0,1,0,0,1,0,0,1,0,0,0,0,0,0,1,1,0,1,0,0,1,0,0,0,0,1,0,0,1,1,0,0,1,0,1,0,1,1,0,0,1,1,0,0,1,1,0,1,0,0,0,1
AKT_1.ALK_IGFR,0,1,1,1,0,1,0,0,1,0,0,1,0,0,1,0,0,1,0,1,0,0,0,1,0,1,1,0,0,0,1,1,0,0,0,0,1,1,1,0,0,0,1,0,0,0,0,1,0,1,0,1,1,0,0,0,1,0,1,0,0,0,1,0,0,0,0,0,1,0,1,0,1,1,1,1,0,0,0,1,0,0,0,0,0
AKT_1.BCL2_2,0,1,0,0,0,1,1,1,1,0,0,0,0,1,1,1,1,1,0,0,0,0,0,0,0,1,1,0,0,0,0,1,1,0,1,0,0,0,1,1,0,1,0,1,1,0,0,0,0,0,0,1,1,0,1,1,1,0,0,0,0,0,0,1,0,0,0,1,1,1,0,0,0,0,1,0,0,1,0,1,0,1,0,0,0
AKT_1.BCL2_BCL2L1,1,1,1,1,0,0,1,1,0,1,1,1,1,0,0,0,1,0,0,0,1,0,1,1,0,1,0,1,0,0,1,1,1,1,0,1,0,0,0,0,0,0,0,1,1,0,0,1,1,0,0,0,1,0,1,1,0,0,0,0,1,1,0,1,1,1,0,0,0,1,0,0,0,1,1,0,1,0,1,1,0,0,1,1,1
AKT_1.BCL2L1,0,1,1,1,0,0,0,1,1,1,0,0,1,1,0,1,1,1,1,1,0,1,0,1,0,1,1,1,0,0,0,1,1,0,1,0,0,1,0,0,0,1,0,1,1,1,1,1,0,0,1,1,0,1,0,0,0,0,0,1,1,0,0,0,0,0,1,1,0,0,1,1,0,0,0,1,1,0,0,1,1,0,0,0,1
AKT_1.Chloroquine,1,1,0,1,0,1,0,1,0,1,1,1,1,1,0,1,0,1,1,0,1,1,0,1,0,1,0,0,1,1,1,1,1,0,0,1,0,0,0,1,0,1,1,0,1,0,1,0,0,1,0,0,1,0,1,1,1,1,1,1,0,1,0,1,0,0,0,1,0,0,1,0,0,0,1,1,0,1,1,0,0,1,0,1,1
AKT_1.EGFR,0,0,1,0,0,1,0,1,1,0,1,0,1,1,1,0,1,0,1,0,0,0,1,0,1,1,1,0,1,1,0,1,1,1,0,0,0,1,1,1,0,1,1,0,1,0,0,0,0,1,0,0,1,1,1,0,1,0,0,0,1,0,1,1,0,1,1,1,1,1,1,1,0,0,0,0,1,0,0,1,0,0,1,1,0
AKT_1.EGFR_2,0,0,0,0,0,1,0,0,1,1,1,0,0,1,1,0,1,1,0,0,1,1,0,1,1,1,1,1,0,0,0,0,1,0,1,1,0,0,1,1,0,0,0,1,1,1,1,0,1,1,0,1,1,0,1,0,0,1,1,0,1,0,1,0,1,0,0,1,1,1,1,1,0,1,0,1,0,0,1,0,1,0,1,1,0
AKT_1.ESR1,0,1,1,1,0,1,1,0,0,0,1,1,1,1,1,1,0,0,0,0,1,1,0,0,0,1,0,0,0,0,1,0,1,1,1,1,0,0,1,0,1,1,1,0,0,0,0,1,0,1,1,1,0,0,1,0,1,1,0,1,0,0,1,1,0,0,0,0,1,1,1,0,1,0,1,1,0,0,1,1,1,0,1,1,1
AKT_1.ESR1_1,1,0,1,0,1,0,1,0,0,1,0,0,0,1,1,0,1,0,0,1,1,1,0,0,0,0,1,1,0,0,0,0,1,1,0,1,0,0,1,1,0,1,1,0,1,0,1,1,1,1,0,0,0,1,0,0,1,0,1,1,0,1,0,0,0,1,1,0,0,1,0,1,1,1,1,0,1,1,1,1,0,1,0,0,1
AKT_1.PIK3C,1,0,0,0,0,1,1,0,0,0,0,1,1,0,0,0,1,0,0,1,0,1,1,0,1,0,1,0,1,0,1,1,0,1,1,0,0,1,0,0,0,1,1,0,0,0,1,1,0,1,1,1,0,0,0,1,1,0,1,0,1,1,0,1,1,0,1,0,1,0,0,0,1,0,0,1,0,1,0,0,1,1,0,1,0
AKT_1.PIK3C_2,0,1,0,1,1,1,0,1,1,1,0,1,1,1,1,0,0,0,1,0,0,0,0,0,1,1,0,1,0,1,0,1,0,1,1,0,1,1,1,1,1,1,1,1,0,1,1,0,0,1,1,0,0,1,0,1,0,0,0,1,0,0,1,0,0,0,0,1,0,0,1,0,1,1,1,0,1,1,1,1,1,1,0,1,0
AKT_1.PIK3CB_PIK3CD,1,0,0,0,0,0,0,0,1,0,1,1,0,1,0,1,0,1,0,0,1,1,0,0,0,0,0,0,1,1,1,0,0,0,0,0,1,0,1,1,0,0,1,1,1,0,0,0,0,1,1,1,0,0,1,1,1,0,1,1,0,1,1,1,1,0,1,0,0,1,1,1,0,0,1,0,0,1,1,1,0,0,1,1,0
AKT_SGK.BCL2_BCL2L1,0,0,0,1,0,1,0,1,0,1,0,0,0,0,0,1,1,0,1,0,0,1,1,1,1,0,0,1,1,0,0,0,1,0,0,1,0,1,0,1,0,1,1,0,0,0,1,0,1,0,1,1,1,0,0,1,0,1,1,1,1,1,0,0,1,1,0,1,0,1,0,0,1,1,1,0,0,1,0,0,0,0,1,0,0
AKT_SGK.FGFR,1,0,1,1,1,0,1,1,1,0,1,0,1,0,0,0,0,0,1,0,0,1,1,1,0,0,1,1,1,0,1,0,0,0,0,1,1,1,1,0,0,0,0,1,0,0,0,1,0,1,0,1,1,0,1,0,1,1,1,0,1,0,0,1,0,0,1,1,1,1,1,0,0,1,1,0,1,0,0,1,1,0,1,0,1
AKT_SGK.MAP2K_1,0,1,1,1,1,0,1,1,1,0,0,1,0,0,0,1,0,0,1,0,0,0,1,1,0,0,0,0,0,1,0,0,0,0,1,1,0,0,0,1,0,0,0,0,1,0,0,1,0,1,0,1,0,1,0,1,0,0,0,0,0,0,0,1,1,1,1,1,0,0,1,0,0,1,0,0,1,0,1,1,1,0,1,0,1
AKT_SGK.PIK3C,0,1,0,0,1,0,0,1,1,0,1,1,1,1,0,0,1,0,1,1,1,1,1,0,0,0,0,0,1,1,1,0,0,1,1,1,1,1,1,1,0,0,0,0,0,0,0,0,0,1,0,0,0,0,0,0,0,1,0,1,0,0,1,1,0,1,1,1,0,0,0,1,0,1,1,0,0,1,1,1,0,0,0,0,0
ALK.CSNK2A1_2,0,1,1,0,1,0,1,1,0,1,1,1,1,0,0,0,1,1,1,1,0,0,1,0,0,1,1,1,0,0,0,0,0,1,0,1,0,0,0,1,1,0,0,1,0,1,1,0,0,0,1,0,1,0,1,0,0,1,0,1,1,1,0,0,0,1,0,0,1,0,1,0,0,1,1,0,0,1,0,0,0,1,0,1,1
ALK.EGFR_2,0,1,0,0,0,1,1,1,0,0,0,0,0,1,1,0,0,0,0,0,1,0,1,1,0,1,0,1,0,0,0,1,1,0,1,1,0,0,0,0,1,0,1,0,1,0,0,0,0,0,1,1,1,1,0,0,0,0,0,0,1,1,0,0,1,0,1,0,0,0,0,1,1,0,0,0,0,0,1,0,1,1,1,0,1
ALK.MTOR_1,1,0,1,1,0,0,1,1,0,0,0,1,0,0,1,1,1,1,0,0,0,1,0,0,1,0,0,1,1,1,0,1,1,0,1,0,0,0,0,1,0,1,0,1,1,0,0,0,0,1,1,0,1,0,0,1,0,0,0,0,1,0,1,1,0,0,1,0,1,1,0,1,0,1,1,1,0,1,0,0,1,0,1,1,0
ALK.PIK3C,0,0,1,1,1,0,1,1,0,0,1,0,0,1,0,1,1,1,0,1,1,1,1,0,0,0,0,1,1,0,1,0,0,0,1,0,0,0,0,0,0,1,1,0,0,1,0,0,0,1,1,1,1,1,0,0,1,1,1,0,1,1,1,1,0,0,1,1,0,0,0,0,1,0,1,0,1,1,1,0,0,0,1,0,0
ALK_2.MTOR_1,1,0,1,1,0,0,1,1,1,0,1,1,0,0,1,0,0,1,0,0,0,0,0,0,1,0,0,1,1,1,0,1,0,0,1,1,1,0,0,1,0,0,1,0,1,1,0,0,0,1,1,0,0,1,0,0,0,1,0,1,1,1,0,1,0,1,1,0,0,1,1,1,0,1,1,1,0,1,1,0,0,0,1,0,1
ALK_2.PIK3CB,1,1,1,1,1,0,0,1,0,0,1,1,0,1,0,1,0,1,0,1,0,1,0,0,1,0,0,0,0,0,1,1,0,0,1,0,0,0,1,1,1,0,0,1,0,0,0,0,1,0,0,0,1,0,0,1,0,1,1,0,1,0,0,0,1,0,0,0,0,0,0,0,0,1,1,1,1,0,0,0,0,0,0,1,0
ALK_2.TOP2,0,1,0,0,0,0,0,1,1,1,0,0,1,1,1,0,1,0,1,1,0,1,1,0,1,0,0,1,0,0,0,1,0,1,0,1,1,1,0,0,1,0,1,1,0,1,1,1,0,1,1,1,0,1,1,0,0,0,0,0,0,1,0,1,0,1,0,1,0,0,1,1,1,0,1,1,0,1,0,0,1,1,0,0,1
ALK_IGFR.MTOR_1,1,1,1,0,1,0,1,1,1,0,0,1,1,0,0,1,0,0,1,1,0,0,0,1,0,1,0,0,0,1,1,1,0,1,1,1,0,1,1,0,0,1,1,1,0,1,1,0,0,0,0,1,1,0,0,1,1,1,0,1,1,1,0,0,1,1,0,1,0,0,0,1,0,0,1,1,0,1,1,0,0,0,1,0,1
ALK_IGFR.PIK3CB_PIK3CD,1,0,1,1,1,1,1,0,1,1,0,0,1,1,0,1,0,1,0,1,1,1,1,0,0,0,1,1,0,0,1,0,0,0,0,0,0,0,0,0,0,0,0,0,1,1,0,1,1,0,0,1,0,0,1,0,0,1,0,1,1,0,0,1,1,0,1,0,1,1,0,1,0,1,0,1,0,0,1,0,1,1,1,1,1
ATM.Gemcitabine,1,0,1,1,0,0,0,0,1,1,1,1,1,0,0,1,0,1,1,0,1,1,0,1,0,0,0,1,1,0,0,1,1,0,1,1,0,1,1,0,1,1,1,1,0,1,1,1,1,1,0,0,0,0,0,1,0,0,0,0,1,0,1,0,0,1,1,1,0,0,1,0,0,0,0,1,1,1,0,1,1,0,0,0,0
ATR_4.BCL2_BCL2L1,1,1,1,1,1,1,1,0,1,1,0,0,0,1,0,1,0,0,0,1,1,1,1,1,1,1,1,0,1,0,1,1,0,1,0,1,0,1,0,1,0,1,1,1,0,0,0,0,1,1,1,0,0,0,0,1,1,0,1,0,1,1,1,1,1,0,0,1,0,0,1,1,0,1,0,1,1,1,0,1,0,1,0,0,0
ATR_4.CarboTaxol,0,1,1,1,0,1,1,0,1,0,0,0,1,0,1,0,1,0,0,1,0,1,1,0,1,1,0,1,1,0,1,0,1,1,0,0,1,0,1,0,1,0,0,1,0,1,0,1,1,0,1,1,0,1,0,1,0,1,0,0,1,1,1,1,0,0,1,0,0,0,1,0,1,1,0,0,1,1,1,0,1,0,0,1,1
ATR_4.HDAC_4,1,0,1,0,0,0,0,1,1,0,0,1,0,0,1,1,0,0,0,0,1,1,0,1,0,1,0,1,1,0,1,1,1,0,1,0,0,0,0,1,1,0,1,1,1,0,1,0,1,1,0,1,0,0,1,1,1,0,1,1,0,1,1,1,1,1,0,1,0,0,0,0,1,0,0,0,1,1,0,1,0,0,0,1,1
ATR_4.IAP,1,1,0,0,1,1,0,1,1,1,0,0,1,1,0,0,0,0,0,0,1,0,0,1,0,1,1,0,1,1,1,1,0,0,0,0,1,0,0,0,1,1,0,1,1,0,1,0,0,0,1,0,0,0,1,1,1,0,1,0,1,1,0,1,1,0,0,1,0,1,1,1,0,1,0,1,1,1,1,1,1,1,0,1,0
ATR_4.MAP2K_1,0,0,1,0,0,1,0,1,1,1,1,0,1,0,1,1,1,0,0,1,1,1,1,1,0,1,0,1,0,1,1,1,0,1,1,1,0,0,1,1,1,1,0,0,1,0,0,1,0,1,0,0,0,0,1,0,1,0,1,1,1,0,1,0,0,1,0,0,1,1,0,0,1,0,1,0,0,0,0,0,0,0,1,0,1
ATR_4.MTOR_1,1,0,0,1,1,1,0,1,1,0,0,1,0,0,1,0,0,0,1,1,0,0,1,1,0,0,1,0,0,0,1,0,1,1,1,1,1,1,0,0,1,0,0,0,0,0,0,1,0,1,1,0,0,1,1,1,1,0,0,0,0,1,0,1,1,0,0,1,0,1,1,0,0,1,0,1,0,1,1,0,1,1,0,0,0
BCL2.CarboTaxol,1,0,1,0,0,1,0,1,1,1,1,1,1,1,1,1,1,0,1,1,1,1,1,1,1,1,1,1,1,0,0,1,0,1,0,0,1,0,0,0,0,1,0,0,1,0,1,1,1,1,0,0,0,0,1,0,0,0,1,1,0,0,1,1,0,0,0,0,1,1,0,0,0,1,0,1,1,0,0,0,0,0,0,0,1
BCL2.CSNK2A1_2,1,1,0,1,1,1,1,1,0,0,1,0,0,1,0,0,0,1,1,0,1,0,0,0,0,1,0,0,0,1,1,0,0,1,0,1,0,1,1,1,0,1,1,1,1,1,0,1,1,1,0,1,1,0,1,0,1,0,0,0,0,1,0,0,1,1,0,0,0,0,1,1,1,1,1,1,0,0,0,0,1,0,1,0,0
BCL2.IGFR_4,0,0,0,0,1,0,0,0,0,1,0,1,1,0,0,0,0,0,1,0,1,1,0,1,1,1,1,0,0,0,1,1,0,0,1,0,1,1,1,1,1,0,1,1,0,1,0,0,0,0,1,1,1,1,1,0,1,1,1,1,0,0,0,1,1,1,0,0,1,0,1,0,0,0,0,0,0,0,0,0,0,0,1,0,0
BCL2.MAP2K_1,0,0,1,0,1,0,1,1,1,0,1,0,1,0,0,1,0,1,0,0,1,0,1,1,1,0,1,1,0,0,0,1,0,1,1,0,0,1,1,0,1,0,1,1,1,1,0,0,0,1,1,1,1,1,0,1,0,0,1,0,0,0,0,1,0,1,0,0,0,0,0,0,1,1,0,0,1,1,1,1,0,0,1,0,0
BCL2.Oxaliplatin,0,0,0,0,0,0,0,1,0,1,0,1,1,0,0,0,0,0,1,0,0,1,0,1,0,0,1,0,1,0,1,1,0,1,1,1,0,1,1,1,0,1,1,0,0,1,1,1,0,1,1,0,1,1,1,0,1,0,0,0,0,0,1,0,1,1,1,0,0,0,1,0,0,1,1,0,0,1,1,0,1,0,1,1,1
BCL2.Topotecan,0,0,0,0,1,1,0,1,0,1,1,0,1,0,0,1,1,1,1,1,0,0,1,1,0,1,0,1,0,1,1,1,0,1,1,0,0,0,1,0,0,1,0,1,0,0,1,0,1,0,0,1,1,0,0,1,0,0,1,1,1,0,1,0,1,0,1,0,0,0,0,1,0,0,1,1,1,1,0,1,0,0,0,0,1
BCL2_2.EGFR_2,0,1,0,1,1,1,1,1,0,1,0,0,1,0,1,0,0,0,1,0,1,1,1,0,0,1,0,0,1,0,0,0,1,1,0,1,0,0,1,1,1,0,1,1,0,1,1,0,1,0,1,1,1,1,1,0,0,0,1,1,1,0,0,0,0,1,0,1,0,1,0,1,1,0,0,1,0,0,0,1,0,0,1,1,0
BCL2_2.Vinorelbine,1,0,0,1,0,1,0,0,1,0,1,1,0,1,1,1,1,0,0,1,1,0,1,0,0,0,0,1,0,1,1,0,0,0,1,1,1,0,0,0,0,1,1,0,0,1,0,0,1,0,1,0,0,1,0,0,1,1,1,1,1,0,1,0,0,1,1,0,1,1,0,0,0,1,0,1,1,0,1,0,0,0,1,0,0
BCL2_BCL2L1.EGFR,1,0,0,0,1,0,1,1,0,0,0,0,0,0,0,1,1,1,0,0,1,1,0,0,1,1,0,0,0,1,1,1,1,1,1,1,0,0,0,1,0,1,1,0,0,0,1,1,1,0,0,0,1,0,1,1,1,1,1,0,1,1,0,0,0,1,0,0,1,1,1,0,0,1,1,0,0,1,1,0,0,1,1,0,0
BCL2_BCL2L1.FASN,1,0,0,0,0,0,1,1,1,0,1,1,1,1,1,1,1,0,1,1,0,1,1,0,1,1,0,0,0,0,0,1,1,0,1,1,1,1,0,0,1,0,1,1,0,1,0,0,1,0,0,1,1,0,0,0,0,0,0,1,0,1,1,1,1,1,1,1,0,1,1,1,0,1,0,1,0,1,1,1,0,0,0,0,0
BCL2_BCL2L1.FGFR,0,0,1,0,1,1,0,0,1,0,0,1,0,0,0,1,0,1,1,1,0,1,0,0,0,0,1,1,0,1,0,0,1,0,0,1,0,0,0,0,0,0,0,1,0,0,0,1,1,1,0,0,0,0,1,1,0,1,1,1,0,1,0,1,0,0,0,0,0,0,0,0,0,0,1,0,1,0,0,1,0,0,1,0,1
BCL2_BCL2L1.Gemcitabine,1,0,1,1,1,0,0,1,1,1,0,0,1,1,0,0,1,1,1,1,0,1,0,0,1,1,0,1,0,0,1,0,0,0,0,1,0,1,0,1,1,0,0,0,1,0,1,1,1,0,1,1,1,1,1,1,1,0,0,0,0,1,1,1,1,1,0,0,0,0,1,1,0,0,0,1,0,1,1,1,1,1,1,0,0
BCL2_BCL2L1.IAP,0,1,1,0,0,0,0,0,1,0,0,1,0,1,1,0,1,1,0,1,0,0,0,1,1,0,0,1,1,0,1,1,1,0,0,1,0,1,0,1,1,0,1,0,1,1,1,1,1,1,0,1,1,1,0,1,1,1,1,0,1,1,0,1,1,0,1,0,1,0,0,0,0,1,0,0,1,1,1,0,1,0,1,0,1
BCL2_BCL2L1.MAP2K_1,1,0,1,0,1,1,1,0,0,0,0,1,1,0,0,1,0,1,1,0,0,1,1,0,1,1,0,0,1,1,0,1,1,1,0,0,0,1,1,0,1,1,1,1,0,0,1,1,1,1,0,1,0,0,0,1,1,1,0,0,0,0,1,0,1,1,1,0,1,1,0,1,1,0,0,0,1,0,0,0,1,0,0,0,0
BCL2_BCL2L1.PIK3CA_4,1,0,0,0,0,1,0,1,1,0,1,0,0,1,1,0,1,0,0,1,1,0,1,0,1,0,1,0,0,1,0,1,0,0,0,0,0,0,0,1,0,0,0,1,1,0,0,1,0,1,1,0,0,1,1,0,1,1,0,1,1,1,1,0,0,1,0,0,1,1,0,0,0,1,1,0,0,1,0,1,1,0,0,0,0
BCL2_BCL2L1.PIM1,1,0,0,0,0,0,1,1,1,0,0,1,0,0,0,0,1,0,0,1,1,0,1,0,1,1,1,1,1,0,0,1,1,1,0,1,1,1,0,0,1,0,0,0,1,1,0,1,0,1,1,1,0,1,0,0,0,0,1,0,1,0,0,0,0,1,0,1,1,1,0,1,1,1,1,1,1,0,0,1,1,1,1,0,0
BCL2_BCL2L1.SLC16A4,0,0,1,0,1,0,1,1,1,1,1,0,1,1,0,0,1,0,0,1,0,1,1,1,1,1,0,1,1,0,0,0,0,0,1,0,0,0,0,0,1,1,1,0,1,0,1,0,0,0,0,1,0,0,1,1,1,1,0,0,0,1,0,1,0,1,0,1,1,0,1,0,0,0,1,1,0,0,1,1,0,1,0,1,1
BCL2_BCL2L1_BCL2L2.FGFR,0,0,0,1,1,0,0,0,0,0,0,1,1,0,0,1,0,1,0,1,1,1,1,0,0,0,1,0,0,1,0,1,1,1,1,0,0,0,1,1,0,1,1,0,1,1,0,1,0,0,0,0,1,0,1,1,0,1,1,0,0,1,0,0,0,1,1,0,0,1,1,0,1,0,0,0,1,0,1,0,0,0,1,0,0
BCL2L1.CarboTaxol,0,1,0,0,1,0,1,0,1,0,0,1,1,1,1,0,0,1,1,0,1,1,1,0,1,0,0,0,1,1,1,0,1,1,1,1,1,1,1,0,1,1,1,1,1,1,0,0,1,0,0,0,0,1,0,1,0,0,0,0,0,0,0,1,0,0,0,0,0,0,1,0,0,0,1,1,0,1,1,0,0,1,1,1,0
BCL2L1.IAP,1,0,0,1,1,0,1,0,0,1,1,1,1,0,1,1,0,0,0,1,0,0,1,0,0,0,0,1,0,0,0,0,0,0,1,1,1,1,1,1,1,0,1,1,0,1,0,1,0,0,1,1,1,1,0,1,1,1,1,0,0,1,0,0,0,1,0,0,0,0,0,0,0,1,1,0,0,0,1,0,1,0,1,0,1
BCL2L1.MTOR_1,1,1,1,1,1,0,0,1,1,0,0,0,0,1,0,1,1,0,1,1,0,0,0,0,1,1,1,0,0,0,0,0,0,1,1,1,0,0,0,0,0,1,1,1,1,1,0,0,1,1,0,1,1,1,1,0,1,1,0,1,1,0,0,0,1,1,0,1,0,1,0,0,0,0,0,0,1,1,1,1,0,0,1,1,1
BCL2L1.PIK3C,1,0,1,0,1,0,1,0,1,1,0,0,1,0,1,1,0,0,0,0,1,0,0,0,1,1,0,0,0,1,1,1,0,0,0,0,0,1,1,0,0,0,0,0,1,1,1,0,1,0,0,0,0,0,1,0,0,1,0,0,1,0,1,0,1,0,1,1,1,1,0,0,1,1,1,1,1,1,1,0,1,1,1,1,0
BCL2L1.Vinorelbine,0,0,0,1,1,1,1,1,1,0,1,1,1,0,1,1,0,1,0,0,0,1,0,0,1,1,1,1,0,1,0,1,1,0,1,0,0,0,0,0,0,0,1,1,1,0,1,1,0,0,1,0,0,1,1,1,0,1,1,0,1,0,1,1,0,1,1,0,0,0,0,0,1,1,0,0,1,0,0,0,0,0,0,1,0
BRAF_M.MAP2K_1,0,0,1,0,1,0,0,1,1,1,0,0,1,1,0,1,1,0,1,0,1,1,0,1,1,1,1,1,0,0,0,0,1,1,1,1,1,0,0,1,0,1,1,0,0,0,1,1,0,1,0,1,1,0,0,1,1,1,1,1,0,1,0,0,1,1,1,1,0,0,0,0,1,0,1,1,0,1,1,0,1,1,0,1,1
BRAF_M2.MAP2K_1,1,0,1,1,1,0,1,0,1,1,1,1,0,1,0,0,0,0,1,0,0,0,1,0,1,1,1,0,1,0,0,1,0,0,1,1,0,0,1,1,0,1,1,0,1,1,0,0,1,1,1,1,1,0,0,0,0,1,0,0,1,0,1,1,0,0,0,1,1,1,1,1,1,0,0,1,1,0,1,1,1,0,0,1,1
BRAF_M2.MAP2K_3,1,0,0,0,0,1,0,0,1,0,1,0,1,0,1,1,0,0,0,0,1,0,0,0,1,1,0,1,0,1,1,1,1,0,0,1,0,1,0,1,0,0,1,0,0,1,1,0,1,0,1,0,0,1,1,1,1,1,0,1,0,0,0,1,1,1,0,1,1,1,1,1,0,1,1,1,0,0,0,0,1,1,1,1,0
Carboplatin.CSNK2A1_2,1,1,1,1,1,0,1,0,0,1,0,1,1,1,0,1,1,0,1,0,1,1,1,0,0,1,0,1,0,1,1,1,1,1,1,1,0,1,0,0,1,1,0,0,0,0,1,1,0,1,0,0,1,0,0,1,0,0,1,0,0,1,0,0,1,1,1,1,0,1,0,0,1,0,0,1,1,0,1,0,0,1,0,1,0
CarboTaxol.CSNK2A1_2,0,0,0,1,1,0,0,0,0,1,1,0,0,0,0,1,0,0,1,1,1,0,1,1,0,1,1,0,0,1,0,0,1,1,1,1,0,0,0,1,1,0,1,0,0,0,1,1,0,1,1,1,0,0,0,1,1,0,0,0,1,1,1,0,1,0,0,0,1,0,0,1,0,1,0,0,0,1,0,0,1,1,0,1,0
CHEK1.IAP,1,0,1,0,1,0,0,1,1,1,1,1,0,0,1,0,0,1,0,1,0,1,0,1,1,1,0,1,0,0,0,0,0,1,0,0,1,1,0,1,0,1,1,0,1,0,1,0,0,0,0,0,0,0,1,0,1,1,0,1,0,0,0,1,0,0,0,1,0,0,1,1,1,0,1,0,0,0,0,0,0,0,1,0,1
Chloroquine.FGFR,1,1,0,0,1,1,1,1,0,1,1,1,0,0,0,0,0,0,1,0,1,0,1,0,1,1,1,1,1,0,1,1,0,0,1,1,0,0,0,0,0,0,0,1,1,1,0,0,0,0,0,1,1,1,0,0,0,1,1,0,0,1,1,1,0,1,1,0,0,0,1,1,0,1,1,0,1,1,1,0,1,1,1,0,0
Chloroquine.PIK3C,1,0,1,1,0,1,0,0,0,0,1,0,0,1,0,0,0,0,1,0,0,1,1,1,1,1,0,0,0,0,0,1,1,1,0,1,0,0,1,0,0,0,0,1,0,0,1,0,1,0,1,1,0,1,0,1,0,1,1,1,0,1,0,0,0,0,0,1,1,1,0,1,0,0,0,1,1,1,1,1,0,0,0,1,1
Cisplatin.FGFR,1,0,1,0,1,1,0,1,0,1,0,1,1,0,0,1,0,1,0,0,0,0,0,1,0,1,1,0,1,0,1,0,1,0,0,1,1,1,0,0,1,0,0,1,0,1,1,1,0,1,1,0,1,1,0,1,0,0,1,1,1,1,0,0,0,1,1,1,0,0,1,0,1,0,1,1,0,0,0,0,1,0,1,1,1
Cisplatin.HDAC_4,0,0,0,1,0,0,0,1,0,0,0,1,1,0,1,0,0,1,0,1,1,0,1,0,0,0,0,1,1,0,0,0,0,1,1,1,0,1,1,0,1,0,1,0,0,1,1,1,1,1,0,1,1,0,1,1,1,0,1,1,0,1,0,0,0,1,1,1,1,1,1,1,0,0,0,0,1,1,0,0,0,0,0,0,0
Cisplatin.PARP1,0,1,1,1,0,0,1,0,1,1,0,1,0,0,1,0,1,1,0,1,1,1,0,0,0,0,1,1,1,0,1,1,1,0,1,0,0,0,1,1,0,1,1,0,0,0,1,0,0,1,0,1,1,1,0,1,1,0,1,0,0,0,0,1,1,0,0,0,0,1,1,1,1,1,1,0,0,0,0,0,1,1,1,0,1
Cisplatin.PIK3C,0,0,1,1,0,0,0,1,1,0,0,0,1,0,0,0,1,1,1,0,0,0,1,0,0,0,0,0,1,0,1,1,1,1,0,0,1,1,1,0,1,1,1,1,0,0,1,0,1,1,1,1,0,0,0,1,1,1,0,0,1,0,1,1,0,1,0,0,1,0,0,0,1,0,1,0,1,0,1,0,1,0,0,1,0
CSNK2A1_2.Gemcitabine,1,1,0,1,1,1,1,1,1,0,1,0,1,0,1,1,0,0,1,1,0,0,1,0,0,1,1,1,0,0,0,1,0,1,1,1,1,1,0,0,0,1,1,0,0,1,0,1,0,1,0,0,1,0,1,0,1,0,1,0,0,1,1,0,0,1,0,0,1,0,1,0,1,0,1,0,1,1,1,0,1,0,0,0,1
CSNK2A1_2.PIK3CA_3,1,1,1,0,0,1,1,1,0,1,0,0,0,1,0,1,1,0,0,1,1,0,0,1,0,1,0,0,0,0,0,0,1,1,0,0,0,1,0,0,0,0,1,1,1,1,1,0,0,1,1,1,0,0,0,1,0,1,1,0,0,0,0,0,1,0,0,1,1,0,0,0,0,1,0,0,0,1,0,1,1,1,0,0,1
CSNK2A1_2.SYK,0,1,0,1,0,1,0,0,0,0,1,0,1,1,0,0,1,1,1,1,1,0,1,0,1,1,1,1,1,0,0,1,0,0,1,1,1,0,1,1,1,0,0,1,1,0,1,0,1,1,1,0,1,0,1,0,1,0,1,1,1,1,1,1,1,1,0,0,1,1,1,0,0,1,0,1,1,1,0,0,0,1,0,0,1
CSNK2A1_2.TNFSF10,1,0,0,1,1,1,1,1,1,0,0,1,0,0,0,1,0,1,1,1,1,1,0,0,0,0,0,0,0,1,1,0,0,0,0,0,0,0,1,0,1,1,1,1,0,0,0,0,1,1,1,0,0,1,0,0,0,1,1,1,0,1,1,0,0,0,1,0,1,0,1,1,1,0,1,0,1,1,1,0,1,0,1,1,1
Doxorubicin.IAP,0,0,0,0,1,0,0,0,1,0,0,1,1,1,0,0,0,0,1,0,1,1,1,0,1,0,1,1,1,0,0,1,1,0,0,1,0,1,1,1,1,0,1,1,1,0,1,0,0,1,0,1,0,1,1,0,1,0,1,0,1,1,1,0,0,1,1,0,0,1,1,1,1,0,0,0,0,1,0,1,0,1,0,1,0
Doxorubicin.TOP2,1,0,1,0,1,1,0,1,1,0,0,1,0,0,1,1,0,0,0,1,1,1,0,1,0,1,1,0,1,0,1,1,0,0,0,1,1,1,1,1,0,1,0,1,0,0,1,0,0,1,0,0,0,1,0,1,1,0,0,0,0,0,0,0,1,0,1,1,0,0,0,1,0,0,1,1,1,0,1,1,0,0,1,0,1
EG5.PARP1,0,1,0,1,0,1,0,0,0,1,1,1,0,0,1,0,0,1,0,1,1,0,1,0,0,0,1,1,0,0,0,1,1,1,0,1,1,1,1,0,1,1,0,1,0,0,1,0,0,1,0,0,0,1,1,0,0,0,0,1,1,1,1,1,1,0,0,0,0,0,1,1,0,0,0,1,1,0,0,0,1,0,0,0,1
EG5.PIK3CB_PIK3CD,0,0,1,0,1,1,1,0,0,1,0,1,1,0,0,0,0,0,1,1,1,0,0,0,1,1,0,0,1,0,0,0,0,1,1,1,1,0,1,0,1,1,0,1,1,0,0,1,0,1,1,1,1,0,0,1,0,1,0,0,1,1,1,0,1,0,1,0,0,0,0,0,1,1,0,1,0,1,1,1,1,0,1,1,0
EG5.PIM1,0,0,0,1,1,0,1,1,1,0,1,1,1,0,0,0,1,0,0,0,1,1,0,0,0,0,1,1,0,1,1,0,0,1,0,0,1,0,0,0,0,0,0,0,0,0,1,0,1,0,1,0,1,0,0,0,1,1,1,1,0,0,1,0,0,1,0,0,0,0,1,1,0,0,1,1,0,1,1,1,1,1,0,1,1
EGFR.FGFR,0,1,1,0,1,1,1,0,1,0,1,0,0,1,0,0,1,0,1,1,0,1,0,0,1,0,1,0,0,0,1,0,0,0,1,1,0,0,1,0,1,1,0,1,0,0,0,1,1,1,1,0,1,0,1,1,1,1,1,0,1,0,0,1,1,0,0,0,1,0,0,0,1,1,1,1,0,1,0,1,0,0,0,0,1
EGFR.MAP2K_1,1,0,0,1,0,1,0,0,1,1,1,1,1,1,0,1,1,0,1,0,1,0,1,1,0,1,0,1,0,0,1,1,0,0,1,0,1,0,1,1,1,0,0,0,0,0,0,0,1,1,0,0,1,1,1,1,1,1,0,0,1,0,0,0,1,0,0,1,1,1,1,1,1,1,0,1,1,1,0,1,0,0,1,1,1
ERBB.FGFR,1,1,1,0,1,0,1,0,1,1,0,0,0,0,1,0,1,0,0,1,0,1,0,1,1,1,1,1,1,1,1,0,1,1,0,0,1,1,1,0,0,0,1,0,1,1,1,1,1,0,0,0,1,1,0,1,0,0,0,1,1,0,0,0,1,1,0,1,0,1,1,0,0,0,0,1,0,0,0,0,1,0,0,0,1
ERBB.Gemcitabine,1,0,0,1,0,0,0,1,0,1,0,1,1,1,0,0,0,1,0,1,0,1,1,1,1,0,1,0,1,0,0,1,1,1,1,1,1,0,1,1,1,0,0,0,1,1,1,0,0,1,1,0,1,0,1,0,1,0,0,0,1,0,0,1,0,0,1,1,0,1,0,1,0,1,0,1,1,1,1,1,1,1,1,0,0
ERBB.IAP,1,0,0,1,1,1,0,1,1,1,0,0,1,0,0,0,0,0,0,1,1,0,0,0,0,0,0,1,0,0,0,0,1,0,0,0,1,0,1,1,1,1,0,0,0,0,0,0,0,1,1,1,1,0,0,0,1,1,1,1,1,1,1,1,0,0,1,0,0,1,0,1,0,1,1,1,1,0,0,1,0,1,1,0,0
ERBB.MAP2K_1,1,1,1,1,1,0,1,1,0,1,0,0,1,0,0,0,0,1,0,0,0,0,0,0,1,0,1,0,0,1,0,1,1,0,0,1,1,0,1,0,0,0,0,1,0,0,0,1,1,0,1,1,1,0,0,0,1,0,0,0,1,0,0,0,1,0,1,0,0,0,1,1,0,0,1,1,1,1,1,1,0,1,0,0,0
ERBB.MTOR_1,1,0,0,1,1,1,0,0,0,0,0,0,1,0,1,0,0,0,0,1,0,1,1,1,0,0,1,0,1,1,1,1,0,0,0,0,1,1,0,1,1,1,1,0,0,1,0,1,1,0,1,0,1,1,0,0,1,0,0,1,0,1,1,1,0,1,1,0,1,0,1,1,1,0,1,1,1,0,1,1,0,0,0,1,1
ERBB.PIK3CA_4,0,0,0,0,0,1,0,0,0,1,1,1,0,0,0,1,1,0,0,0,0,0,0,1,1,0,0,1,0,0,1,0,1,0,1,1,1,1,1,0,1,1,0,0,1,0,0,0,1,1,0,0,0,0,1,1,1,1,1,1,1,0,1,0,1,1,1,0,0,0,1,1,1,0,1,1,0,1,0,1,1,0,0,0,1
ESR1.FGFR,0,1,1,1,0,1,1,1,0,0,0,1,1,0,1,0,0,0,0,0,1,1,1,1,0,1,0,1,0,0,1,1,0,1,1,1,0,1,1,0,0,0,0,1,1,1,0,1,0,1,1,1,1,1,1,1,1,1,1,0,1,0,0,1,0,0,1,1,0,0,0,0,0,0,1,0,0,0,1,0,1,1,0,1,0
ESR1.MAP2K_1,1,1,0,0,0,0,1,0,0,0,1,0,1,0,1,0,0,1,1,1,1,1,1,1,0,1,0,1,1,1,0,0,0,1,0,0,1,0,1,1,0,0,0,0,1,0,1,0,1,0,1,1,0,1,0,0,1,0,0,0,1,1,0,1,1,1,0,1,1,1,0,0,1,0,0,0,0,0,1,0,1,1,1,1,1
ESR1.MTOR_1,0,0,0,0,1,1,0,1,1,0,0,1,1,0,0,0,0,0,0,0,1,1,1,0,0,0,1,0,0,0,1,1,0,1,0,1,0,0,1,0,1,1,0,0,1,0,0,0,0,0,1,0,1,0,0,0,0,0,1,1,0,1,0,1,1,1,1,0,1,0,0,1,1,1,0,1,0,0,1,1,1,0,1,0,1
ESR1_1.MTOR_1,0,0,1,1,1,1,0,0,1,0,1,0,0,1,0,0,1,0,1,0,0,1,1,1,1,0,1,1,0,0,0,1,0,1,0,1,1,1,1,1,0,0,0,0,0,0,0,0,0,0,1,0,1,0,0,0,1,1,0,0,1,1,1,1,0,0,0,1,0,1,0,1,1,1,1,0,1,0,0,1,1,0,0,0,0
ESR1_1.PIK3C,1,0,0,1,1,0,0,0,1,0,1,0,1,1,1,1,1,1,1,1,0,0,0,1,1,1,0,0,0,1,1,1,0,0,0,1,1,1,0,0,1,0,0,0,1,0,1,0,1,0,0,1,0,0,0,0,0,0,0,1,0,1,1,0,0,1,0,1,1,1,0,0,1,1,0,1,1,0,1,0,1,0,1,0,1
ESR1_3.MTOR_1,0,1,0,0,1,1,1,0,0,0,1,1,0,1,0,0,1,1,1,1,1,1,0,1,0,1,0,1,0,0,0,1,0,0,1,1,0,1,0,0,1,0,1,1,0,1,0,1,0,0,0,1,1,0,0,1,1,0,0,1,0,0,1,1,0,0,1,0,1,1,1,0,1,0,1,0,1,0,1,1,0,1,1,0,1
FASN.MAP2K_1,1,1,1,0,0,0,0,1,0,0,1,1,0,1,0,0,1,0,1,0,1,1,0,1,1,1,0,0,1,0,0,1,1,0,0,0,0,0,0,1,1,0,1,1,0,0,1,1,1,0,0,1,1,1,0,1,0,1,0,0,1,0,1,1,0,0,1,1,1,0,1,1,0,1,0,1,0,1,0,1,0,0,0,1,1
FASN.MTOR_1,0,0,0,0,0,0,1,1,1,0,1,1,1,1,0,0,0,1,1,0,0,1,1,1,1,1,0,1,0,0,0,0,1,0,0,1,0,1,0,1,1,0,1,1,0,1,0,0,1,1,0,1,1,0,0,0,0,1,0,1,0,0,1,0,0,1,0,0,0,0,0,0,1,0,1,0,0,1,1,0,1,1,1,0,0
FGFR.MTOR_1,1,1,1,1,0,0,0,1,1,0,0,1,0,0,0,1,0,1,1,1,0,0,0,1,1,1,1,1,1,1,0,0,1,0,1,1,0,1,1,1,0,0,1,1,1,1,0,1,1,0,1,0,1,1,0,0,0,1,1,1,0,0,0,0,0,0,0,0,0,1,0,1,0,0,0,1,0,1,0,1,1,1,1,1,0
FGFR.MTOR_3,1,1,1,1,0,1,0,0,0,1,1,1,0,0,0,0,0,1,0,1,1,0,0,0,0,1,1,0,0,0,1,1,0,1,0,0,1,1,1,0,0,0,1,0,0,0,1,0,1,0,1,0,1,1,1,1,0,1,0,1,0,1,1,0,0,0,0,0,0,1,1,0,0,0,1,0,1,0,1,1,1,0,1,0,0
FGFR.PIK3C_MTOR,1,0,1,0,0,0,1,0,0,1,0,0,1,1,0,0,0,1,1,0,1,0,1,1,1,1,0,0,0,0,1,1,0,0,0,1,0,0,1,0,0,0,0,1,1,0,1,1,0,1,0,1,0,0,1,0,0,0,1,0,0,1,1,1,0,1,0,0,1,1,0,1,1,0,0,1,1,0,1,0,1,1,0,1,1
FGFR.Proteasome_2,0,1,1,1,1,1,1,1,1,0,1,0,1,0,0,0,0,0,0,0,1,1,0,1,1,1,0,1,1,1,0,0,0,0,0,0,1,1,0,0,1,1,0,1,1,0,1,0,0,0,0,0,0,0,1,1,0,0,0,0,0,0,1,1,0,1,0,0,1,1,1,1,1,0,0,0,1,0,0,1,1,0,0,1,0
FGFR.SLC16A4,1,0,1,1,1,0,1,0,0,1,0,0,1,1,0,0,0,0,0,1,1,0,0,1,1,1,1,0,0,0,0,0,1,1,0,0,1,0,0,0,0,0,1,1,0,1,0,0,1,0,0,1,0,1,1,0,1,0,0,0,0,0,1,1,0,1,1,1,1,0,0,0,0,0,1,1,1,1,0,1,0,0,0,0,0
FGFR.TNKS_PARP6,0,0,0,0,0,1,1,1,0,0,1,1,1,1,0,0,0,0,1,0,0,1,1,1,1,1,1,0,1,0,0,0,1,1,1,0,1,1,0,0,0,1,1,1,1,1,1,0,1,0,1,1,1,1,0,0,0,1,1,0,0,1,1,1,1,1,0,0,1,0,1,0,1,1,0,1,1,0,0,0,0,0,1,0,0
FGFR.WNT,1,0,0,0,0,1,1,0,1,1,0,1,1,1,1,1,0,1,0,0,1,0,1,1,1,1,1,1,1,1,1,1,1,1,1,1,0,0,0,1,1,0,1,0,0,1,1,1,0,0,1,0,1,1,0,0,0,0,1,0,0,1,0,0,0,1,0,1,0,1,1,1,1,1,0,1,1,1,0,0,1,0,0,0,0
Gemcitabine.PARP1,1,0,1,1,1,1,0,0,0,1,1,1,0,1,1,1,1,0,1,1,0,1,0,1,1,0,1,0,0,0,1,0,0,1,1,0,0,0,1,1,1,1,0,1,1,1,0,0,0,0,0,1,1,0,1,0,1,1,1,1,1,0,0,0,1,0,0,1,1,1,0,1,0,0,1,1,0,0,0,0,1,1,0,1,0
HDAC_4.PARP1,0,0,0,1,1,0,1,1,0,1,0,0,0,0,1,0,0,0,0,1,1,1,1,1,0,0,0,1,1,1,1,1,0,0,1,1,0,0,1,0,0,0,1,1,0,1,1,1,0,1,0,1,1,1,1,1,0,1,1,1,0,1,1,0,0,1,0,1,0,0,0,0,1,1,1,0,0,1,1,1,1,1,1,1,1
HSP90.MAP2K_1,1,0,0,0,1,1,0,0,1,1,0,1,1,1,0,1,0,1,1,1,1,1,1,0,0,0,0,0,1,1,1,0,0,1,1,0,0,1,0,1,0,0,1,1,1,0,0,0,0,1,0,1,1,0,0,0,0,0,0,1,0,1,0,1,1,0,1,1,0,1,1,1,0,0,1,0,1,1,1,0,1,1,0,0,1
HSP90.PARP1,1,1,0,0,1,1,1,1,0,1,0,1,0,1,1,1,0,1,0,1,1,0,0,1,0,0,0,1,1,1,1,1,0,0,1,0,0,1,0,1,1,0,0,1,1,1,0,1,0,1,1,0,0,1,0,1,1,0,1,1,1,0,1,0,1,1,1,1,1,0,1,1,1,1,1,1,0,1,1,0,0,1,0,1,0
HSP90.PIK3C,0,1,0,0,1,1,1,0,1,0,1,1,0,0,1,0,0,0,0,0,0,1,1,1,1,0,1,1,0,1,0,0,0,0,1,1,1,1,0,0,0,0,0,1,1,1,0,0,1,0,0,0,1,0,0,1,0,0,1,0,1,1,0,1,0,0,1,1,1,1,0,1,1,1,0,1,1,0,0,0,1,0,1,0,0
IAP.IGFR_3,0,0,1,1,0,0,1,0,1,0,1,1,0,1,0,0,1,0,1,0,0,1,0,0,1,0,1,0,0,1,0,0,0,1,0,0,1,0,1,0,1,0,1,1,1,1,1,1,1,0,1,0,1,1,0,1,0,0,0,1,1,1,0,0,1,1,1,0,0,0,1,0,0,1,1,0,0,1,0,1,0,1,1,1,1
IAP.IGFR_4,1,1,1,0,1,0,0,1,0,1,1,1,0,1,0,1,0,0,0,0,1,1,1,1,0,1,1,0,1,0,0,1,0,0,1,0,0,0,0,0,1,0,1,1,1,1,0,1,0,1,1,0,1,0,1,1,0,1,1,1,1,0,1,0,1,1,0,0,0,0,1,0,1,0,0,0,1,0,0,1,0,0,0,0,1
IAP.JAK,1,1,0,0,1,1,0,0,0,1,0,1,0,1,0,1,1,1,0,0,0,1,0,0,1,1,0,0,0,1,0,1,0,1,1,1,1,1,0,0,0,0,1,1,0,0,1,1,0,0,1,1,1,1,0,1,1,0,1,1,0,0,0,1,1,0,0,1,1,0,1,1,0,0,0,1,0,1,1,1,0,1,1,0,0
IAP.Oxaliplatin,0,0,1,1,1,1,0,0,1,1,0,0,0,1,0,0,0,1,1,0,0,1,0,0,0,1,0,1,0,0,0,1,0,0,1,1,0,1,1,1,0,0,1,0,1,1,0,1,0,0,1,1,0,1,1,1,1,1,0,0,0,1,0,1,0,1,0,1,0,0,1,0,0,1,1,0,0,1,1,1,0,1,1,1,1
IAP.PARP1,1,1,1,1,1,0,0,1,1,0,0,0,0,0,1,0,1,1,1,0,0,1,0,0,0,1,1,0,0,1,0,1,0,0,1,1,1,1,0,0,1,1,0,1,0,1,1,0,0,1,0,1,1,0,0,0,1,1,1,0,0,0,0,0,1,0,1,0,1,1,0,0,1,0,0,0,1,0,1,0,0,0,1,0,0
IAP.PIK3C,1,0,0,1,0,1,0,0,1,1,0,0,0,1,0,1,1,1,1,1,1,1,1,0,0,1,0,0,1,1,1,0,1,0,0,1,0,0,1,1,1,1,0,0,0,1,1,0,1,0,1,1,1,1,1,0,1,0,0,0,1,1,1,1,0,1,0,0,0,0,0,0,0,1,1,0,0,1,1,0,1,0,1,1,1
IAP.PIK3CA_3,1,1,0,0,0,1,0,0,1,0,0,1,1,0,1,1,1,0,1,0,1,0,0,0,0,0,0,1,1,1,0,1,1,1,1,0,1,0,1,0,1,0,0,1,0,0,0,0,1,1,1,1,1,0,1,0,1,0,1,1,0,0,0,1,1,0,1,1,1,1,0,1,0,1,0,1,1,1,1,0,0,0,1,1,0
IAP.PIK3CB,0,0,0,1,1,0,1,0,0,0,0,0,0,1,1,0,1,1,0,0,1,0,0,0,0,1,1,0,0,0,1,0,1,1,1,1,0,0,1,1,0,1,1,0,0,1,0,0,1,0,0,1,0,1,0,1,1,0,1,0,1,0,0,1,0,1,1,0,0,0,0,0,0,1,0,0,1,1,0,1,1,1,1,0,0
IAP.PTK2,0,0,0,1,0,0,0,1,1,1,1,0,0,0,1,1,0,1,1,0,1,1,1,1,0,0,0,0,1,0,0,0,0,0,0,0,0,1,1,0,1,1,0,0,0,0,1,0,1,0,0,0,0,1,1,1,1,1,0,0,1,1,1,1,0,1,1,1,1,0,0,1,1,1,0,1,0,1,0,0,1,1,0,1,1
IAP.SN38,1,0,1,0,0,1,0,1,0,0,0,0,0,0,1,0,1,0,0,0,0,0,1,1,1,1,0,0,0,1,1,0,1,1,1,0,1,1,0,1,1,0,0,1,0,0,1,0,0,1,1,1,0,1,1,0,1,0,0,0,0,1,0,1,0,1,0,0,0,0,0,0,1,1,0,1,0,0,0,0,1,1,0,1,1
IAP.TNF,1,0,1,0,1,0,1,0,0,1,1,1,0,0,1,1,1,0,0,1,0,1,1,0,0,0,1,0,1,0,1,1,1,1,0,1,1,0,0,1,0,1,0,0,0,0,0,0,1,1,1,1,1,0,1,1,1,0,0,1,1,0,1,1,1,0,1,1,1,1,0,0,1,1,1,1,1,1,1,0,1,0,0,0,1
IAP.TOP2_2,1,0,1,0,0,1,0,0,1,1,0,0,0,0,0,1,0,1,0,0,1,0,1,0,0,1,1,0,1,1,0,0,0,0,1,1,0,1,1,1,0,0,0,0,0,1,1,0,1,1,0,1,1,0,0,0,1,1,1,1,0,1,1,1,0,0,0,0,0,0,0,0,1,1,0,0,1,1,0,0,0,1,0,1,1
IAP.Topotecan,1,0,0,0,1,1,0,1,0,1,1,1,0,0,0,1,0,1,0,0,0,1,0,1,1,1,1,1,1,0,0,1,0,0,0,1,0,0,1,0,1,1,0,1,1,1,1,1,1,1,1,1,0,0,0,0,0,1,1,0,1,0,0,1,0,0,0,1,0,0,1,0,0,0,1,0,1,0,0,0,1,0,0,1,0
IAP.Vinorelbine,0,1,1,1,1,0,0,0,0,1,1,1,1,0,1,1,1,0,1,0,0,1,0,0,0,1,1,1,0,1,0,1,1,1,0,0,0,0,0,1,1,0,0,1,1,1,0,0,1,1,1,0,1,0,0,0,1,0,1,0,1,1,0,0,1,0,0,1,0,0,1,1,1,1,0,0,0,0,0,0,1,1,0,0,0
IGFR_3.MAP2K_1,0,0,1,0,1,0,1,1,1,1,0,0,1,1,0,0,0,0,0,1,0,1,1,0,0,0,1,1,0,1,1,0,0,1,0,0,0,0,1,1,1,1,0,0,1,1,1,0,0,0,0,0,0,1,0,1,1,0,0,1,0,1,0,1,0,1,0,1,0,1,1,1,0,1,0,0,0,1,1,1,0,0,0,1,1
IGFR_3.TKI,0,1,1,0,1,1,1,1,0,0,1,1,1,0,0,0,0,1,1,0,0,1,1,1,1,0,0,0,1,0,0,0,0,0,1,1,0,1,0,0,0,0,1,0,0,1,0,0,1,1,1,1,0,1,1,1,0,0,0,0,1,0,0,0,0,1,1,0,1,0,0,1,1,0,1,0,0,1,0,0,1,1,1,0,1
IGFR_4.MAP2K_1,1,0,0,0,0,0,0,0,0,0,0,0,1,1,1,1,1,1,0,0,1,0,0,0,1,1,1,0,0,1,1,0,1,1,0,1,0,0,1,0,1,0,1,0,0,1,0,0,1,0,0,1,0,1,1,1,1,1,1,0,0,1,0,0,1,1,0,1,0,0,0,1,1,1,0,0,1,0,0,0,0,0,0,1,0
JAK.MTOR,0,1,0,0,0,1,0,1,1,1,0,0,1,1,0,1,0,1,1,1,1,1,1,1,1,0,0,1,0,1,0,1,1,1,1,1,0,1,1,0,1,1,0,1,1,1,1,0,0,1,0,1,1,1,1,1,0,1,1,1,1,0,1,1,0,1,1,0,1,0,0,1,1,1,0,0,1,1,0,1,0,0,0,1,0
MAP2K_1.MTOR_1,1,1,1,0,1,0,1,0,0,0,1,0,1,1,1,1,1,0,0,1,0,0,1,1,1,1,1,1,0,1,1,0,1,0,0,0,1,1,0,1,1,1,0,1,0,1,1,1,1,0,1,1,0,0,1,0,0,0,1,0,0,0,1,1,1,1,1,0,1,1,1,1,1,1,0,0,1,1,1,1,1,1,0,1,0
MAP2K_1.PIK3C,0,1,1,0,1,1,0,1,1,1,1,1,0,1,0,0,0,0,0,1,1,1,1,0,1,1,0,0,0,1,0,1,0,1,0,0,1,0,1,1,1,1,1,0,0,1,0,0,0,1,1,0,1,0,0,1,1,1,0,1,0,0,1,1,1,1,0,0,0,1,1,0,1,0,0,0,1,0,1,1,1,1,1,1,1
MAP2K_1.PIM1,1,1,1,0,1,0,0,1,1,1,1,1,1,0,1,1,0,0,1,1,0,1,0,0,1,1,1,1,0,0,0,1,1,1,1,1,0,1,0,0,1,1,0,1,1,0,1,1,0,0,0,1,0,1,0,1,0,1,1,0,1,0,1,0,1,1,1,0,1,0,1,0,1,1,0,0,1,0,0,1,0,1,1,1,1
MAP2K_1.PIP5K1,1,0,0,0,1,1,0,0,1,1,0,1,0,1,0,0,1,0,1,1,1,0,0,1,1,1,1,0,0,0,0,0,1,0,0,0,0,0,1,0,1,0,1,0,0,1,0,0,1,1,0,1,0,0,0,0,1,1,0,1,1,0,1,0,0,0,1,0,1,0,0,1,0,1,1,0,0,1,0,0,1,1,1,1,1
MAP2K_1.PTK2,1,1,0,1,1,1,1,1,0,0,0,1,1,0,1,0,0,0,0,0,0,0,1,0,1,1,0,0,1,1,1,1,1,1,1,0,0,1,0,1,1,0,0,1,1,0,1,0,0,0,0,0,0,0,0,0,0,0,0,1,0,1,1,0,0,1,1,0,1,1,1,1,0,1,0,1,0,0,1,1,1,0,0,1,0
MAP2K_1.SLC16A4,1,0,0,0,1,1,0,0,1,0,0,1,1,1,1,1,1,0,1,0,0,1,1,0,0,0,1,1,0,0,1,0,1,1,1,0,1,0,1,1,0,1,1,1,0,0,0,0,0,1,0,1,1,0,0,1,0,1,1,0,0,1,0,1,0,1,0,0,0,0,0,0,1,1,0,0,0,0,1,1,1,0,1,0,1
MAP2K_1.TKI,1,1,0,1,1,0,0,1,0,1,0,1,1,0,0,1,1,1,1,1,1,1,0,1,0,1,1,1,0,1,0,0,1,1,1,0,1,0,1,1,0,1,0,1,0,0,1,1,0,1,0,0,0,1,0,1,0,0,0,0,0,1,0,1,0,1,0,1,1,0,0,0,1,1,0,0,1,1,0,0,1,1,0,0,0
MAP2K_3.PIK3C,0,0,0,0,0,0,1,0,0,0,1,0,0,0,1,1,0,0,1,0,1,1,1,1,1,1,1,1,0,0,0,0,1,0,0,1,0,1,1,1,1,1,0,0,0,0,1,1,1,1,0,0,0,0,1,0,0,0,0,1,1,0,1,0,0,1,0,1,0,0,1,0,1,1,1,1,0,1,1,1,0,1,0,1,1
MTOR_1.PIK3C,0,0,1,0,0,1,0,1,1,1,0,0,0,1,1,1,0,0,0,1,1,1,0,0,1,0,0,0,1,1,1,0,1,1,0,0,1,1,0,1,0,0,0,0,0,0,0,1,1,1,0,0,1,0,0,0,1,1,1,1,1,0,1,0,1,1,0,1,0,0,0,0,0,1,1,0,1,0,0,0,0,0,1,0,1
MTOR_1.PIK3CA_4,0,1,1,0,0,0,0,0,0,0,1,1,1,1,1,1,0,0,0,0,1,0,0,0,1,1,1,0,0,1,0,1,1,1,1,1,1,1,0,1,1,1,1,1,0,1,0,0,1,0,0,0,1,1,1,1,1,0,1,0,1,1,1,0,1,0,0,0,0,1,1,1,0,1,0,0,0,0,0,1,1,0,0,0,0
MTOR_1.SLC16A4,1,0,1,0,1,0,1,1,0,0,1,0,0,0,0,1,0,1,0,0,1,1,0,1,1,0,1,0,1,1,1,1,0,0,1,0,1,0,0,0,1,1,1,1,0,0,0,0,0,0,1,0,0,1,0,1,1,1,1,0,0,1,0,0,0,0,0,1,1,0,0,1,1,1,1,0,1,0,1,1,1,0,0,1,0
MTOR_1.TNKS_PARP6,0,1,1,1,0,0,0,0,0,0,0,0,1,1,0,0,0,0,1,0,0,1,0,0,1,0,1,1,0,0,1,0,1,1,0,0,1,1,1,0,0,1,1,1,1,1,0,0,1,0,1,0,0,1,0,0,1,0,1,0,1,0,1,0,1,0,1,0,1,0,1,0,0,0,1,0,0,1,1,1,1,0,1,0,0
PARP1.PIK3C,0,0,1,1,0,1,1,1,0,1,1,1,1,1,0,1,1,0,0,1,1,1,1,0,1,0,1,1,1,1,0,0,0,1,1,1,0,0,1,0,1,1,1,0,1,0,0,0,0,0,1,1,1,0,1,1,1,0,1,1,1,0,1,1,1,0,1,0,1,1,0,1,1,0,1,0,1,0,0,0,1,0,0,0,1
PARP1.PIK3CB_PIK3CD,0,1,0,0,0,0,0,0,1,0,1,1,0,1,0,0,0,0,1,0,0,0,1,0,1,1,0,1,0,1,1,0,0,1,0,0,0,0,1,0,0,0,0,1,0,0,0,0,1,0,1,0,1,1,1,1,0,1,1,1,1,0,0,0,0,0,0,0,1,0,1,0,1,0,0,0,1,0,0,0,0,1,1,1,0
PIK3C.PIM1,1,0,1,0,1,0,1,0,1,1,1,0,1,0,0,0,1,0,0,1,1,1,1,1,1,0,0,0,1,0,0,1,0,1,0,0,0,1,0,0,0,0,0,1,1,0,1,1,0,0,0,0,0,0,0,1,1,0,1,1,0,0,1,0,1,1,0,1,1,0,1,1,0,1,0,0,0,0,0,0,0,0,0,1,0
PIK3C.PIP5K1,0,1,1,0,0,1,0,0,1,0,0,0,0,1,0,0,0,1,0,1,0,0,1,1,0,0,0,0,1,0,0,1,1,1,1,0,1,0,0,0,0,1,1,1,0,0,0,1,0,1,0,0,0,1,0,0,1,1,1,1,1,1,1,0,0,1,1,1,0,0,1,0,1,0,0,0,1,0,1,0,1,1,1,1,1
PIK3C.TNFSF10,0,1,0,0,0,1,1,0,1,1,1,0,0,0,0,1,1,0,0,0,1,0,0,0,0,0,1,1,1,1,1,0,0,0,1,0,0,1,1,1,1,1,0,0,0,0,0,0,1,0,0,0,1,1,1,1,1,1,0,1,1,1,0,0,0,0,0,1,0,0,0,1,0,1,0,1,1,0,1,1,1,0,1,1,0
PIK3C_2.PIK3CA_4,0,0,1,1,0,0,1,0,1,1,1,0,0,1,1,1,1,1,1,0,1,1,0,0,0,0,1,1,1,0,1,1,1,0,1,1,0,0,1,0,0,0,0,1,0,1,1,1,0,1,1,1,1,1,1,0,1,1,0,0,1,1,0,0,1,0,0,0,0,1,1,0,1,0,1,1,1,1,0,1,1,0,0,1,0
PIK3CB.Topotecan,0,1,1,0,1,1,0,0,0,1,0,1,1,1,0,0,0,1,0,1,0,0,1,0,1,1,0,0,0,0,0,1,1,0,1,0,1,0,0,1,0,0,0,0,0,0,0,1,1,0,1,0,0,1,0,1,1,1,1,0,1,0,0,1,0,0,0,0,0,0,0,0,1,1,0,0,1,1,0,0,0,1,0,1,1
PIK3CB_PIK3CD.PIK3CB_PIK3CD,0,1,0,1,0,0,0,1,1,0,1,1,0,0,1,1,0,1,1,0,1,1,1,1,1,1,0,0,0,0,1,1,1,0,1,1,1,1,1,1,1,0,0,0,0,1,1,1,0,0,0,1,0,1,0,0,1,0,0,0,1,0,0,0,0,0,1,0,0,0,0,0,0,0,1,1,0,0,0,0,1,1,0,0,1
PIK3CB_PIK3CD.PIP5K1,1,0,1,0,1,1,0,0,1,0,0,0,0,0,0,0,0,1,1,0,1,1,1,1,1,1,1,0,0,0,0,1,0,0,1,0,1,0,1,0,0,1,1,0,0,1,1,0,0,1,1,1,0,0,0,1,1,1,1,0,0,1,0,0,0,1,1,1,0,1,1,0,0,1,1,1,0,1,1,0,1,0,0,1,1
PIK3CB_PIK3CD.SLC16A4,1,1,0,0,0,1,1,0,0,0,0,1,0,1,1,1,0,0,0,1,1,1,0,0,0,1,1,0,1,0,0,1,1,1,1,1,0,0,1,0,1,0,1,1,1,0,0,0,1,1,0,1,0,0,0,0,1,1,1,1,1,0,0,0,1,1,1,1,0,0,0,0,0,0,1,1,0,0,0,0,1,1,1,1,1
PIK3CB_PIK3CD.TNKS_PARP6,0,1,0,1,0,0,0,1,1,0,1,0,0,1,1,1,0,1,1,1,1,1,0,1,0,0,1,1,1,1,1,1,0,0,0,1,1,1,0,0,1,1,1,1,1,0,0,1,1,0,0,0,0,0,1,0,0,1,1,0,0,0,1,1,0,1,1,1,1,1,0,0,1,0,1,1,1,1,1,1,0,0,1,0,0
PIM1.TOP2_2,0,0,0,0,1,0,0,1,0,0,0,1,1,1,1,1,1,1,1,0,0,0,0,1,0,0,1,0,0,0,1,0,1,0,1,0,1,0,0,1,1,0,0,0,0,1,1,1,0,1,0,1,1,1,1,0,1,0,1,1,1,1,1,1,1,0,1,0,0,0,1,0,1,0,1,1,1,0,1,1,1,1,0,1,0